node,event,sequence,frame_id,status,timing_valid,timing_source,received_count,processed_count,failed_count,dropped_count,hydra_published_count,frame_fifo_size,frame_fifo_max_size,queue_wait_ms,total_delay_ms,reason,coordinator_delay_ms,classifier_delay_ms,sent_to_classifier_delay_ms,callback_enqueue_delay_ms,frame_queue_wait_ms,classifier_debug_record_delay_ms,image_conversion_delay_ms,sam_prepare_ms,sam_inference_ms,sam_restore_ms,sam_other_ms,sam_delay_ms,geometry_metadata_ms,geometry_mask_extract_ms,geometry_depth_gather_ms,geometry_projection_ms,geometry_stats_ms,frame_assignment_ms,track_association_ms,crop_update_ms,run_rap_other_ms,active_segments_publish_ms,semantic_dispatch_ms,quality_deferred_release_ms,rap_delay_ms,label_map_delay_ms,metadata_delay_ms,result_message_build_delay_ms,classifier_other_ms,hydra_build_delay_ms,hydra_depth_filter_ms,hydra_metadata_build_ms,hydra_build_other_ms,hydra_publish_delay_ms,unknown_publish_delay_ms,coordinator_other_ms,pipeline_wait_ms,num_masks,num_known,num_unknown,num_unknown_tracks,num_vlm_queued,unknown_track_id,candidate_id,queue_size,queue_max_size,track_seen_count,best_frame_score,predicted_label,label_confidence,mobility_class,mobility_confidence,vlm_delay_ms,total_age_ms,backend,model
rsg_object_detection,dropped_oldest,2,rsg_20260806_11_854879999_000002,dropped,True,fifo_cached_frame,3,0,0,1,0,0,1,0.0,11.478226995677687,frame_fifo_full,,,,,,,,,,,,,,,,,,,,,,,,,,,,,,,,,,,,,,,,,,,,,,,,,,,,,,,,
rsg_object_detection,dropped_oldest,3,rsg_20260806_11_904880000_000003,dropped,True,fifo_cached_frame,4,0,0,2,0,0,1,0.0,16.448428003059234,frame_fifo_full,,,,,,,,,,,,,,,,,,,,,,,,,,,,,,,,,,,,,,,,,,,,,,,,,,,,,,,,
rsg_object_detection,dropped_oldest,4,rsg_20260806_11_954879999_000004,dropped,True,fifo_cached_frame,5,0,0,3,0,0,1,0.0,51.073571004963014,frame_fifo_full,,,,,,,,,,,,,,,,,,,,,,,,,,,,,,,,,,,,,,,,,,,,,,,,,,,,,,,,
rsg_object_detection,dropped_oldest,5,rsg_20260806_12_004879999_000005,dropped,True,fifo_cached_frame,6,0,0,4,0,0,1,0.0,49.14477300189901,frame_fifo_full,,,,,,,,,,,,,,,,,,,,,,,,,,,,,,,,,,,,,,,,,,,,,,,,,,,,,,,,
rsg_object_detection,dropped_oldest,6,rsg_20260806_12_054880000_000006,dropped,True,fifo_cached_frame,7,0,0,5,0,0,1,0.0,50.49309099558741,frame_fifo_full,,,,,,,,,,,,,,,,,,,,,,,,,,,,,,,,,,,,,,,,,,,,,,,,,,,,,,,,
rsg_object_detection,dropped_oldest,7,rsg_20260806_12_104879999_000007,dropped,True,fifo_cached_frame,8,0,0,6,0,0,1,0.0,51.99510500096949,frame_fifo_full,,,,,,,,,,,,,,,,,,,,,,,,,,,,,,,,,,,,,,,,,,,,,,,,,,,,,,,,
rsg_object_detection,dropped_oldest,8,rsg_20260806_12_154880000_000008,dropped,True,fifo_cached_frame,9,0,0,7,0,0,1,0.0,51.38349099433981,frame_fifo_full,,,,,,,,,,,,,,,,,,,,,,,,,,,,,,,,,,,,,,,,,,,,,,,,,,,,,,,,
rsg_object_detection,dropped_oldest,9,rsg_20260806_12_204879999_000009,dropped,True,fifo_cached_frame,10,0,0,8,0,0,1,0.0,49.057541000365745,frame_fifo_full,,,,,,,,,,,,,,,,,,,,,,,,,,,,,,,,,,,,,,,,,,,,,,,,,,,,,,,,
rsg_object_detection,dropped_oldest,10,rsg_20260806_12_254880000_000010,dropped,True,fifo_cached_frame,11,0,0,9,0,0,1,0.0,49.844676002976485,frame_fifo_full,,,,,,,,,,,,,,,,,,,,,,,,,,,,,,,,,,,,,,,,,,,,,,,,,,,,,,,,
rsg_object_detection,dropped_oldest,11,rsg_20260806_12_304880000_000011,dropped,True,fifo_cached_frame,12,0,0,10,0,0,1,0.0,80.2878079994116,frame_fifo_full,,,,,,,,,,,,,,,,,,,,,,,,,,,,,,,,,,,,,,,,,,,,,,,,,,,,,,,,
rsg_object_detection,dropped_oldest,12,rsg_20260806_12_354879999_000012,dropped,True,fifo_cached_frame,13,0,0,11,0,0,1,0.0,25.924096997187007,frame_fifo_full,,,,,,,,,,,,,,,,,,,,,,,,,,,,,,,,,,,,,,,,,,,,,,,,,,,,,,,,
rsg_object_detection,frame_trace,1,rsg_20260806_11_804880000_000001,sent_to_hydra,,,,,,,,,,,610.6204519965104,ok,9.029076994920615,600.6552160033607,0.7831990005797707,0.11571199866011739,0.6674870019196533,0.0013760000001639128,4.06351599667687,0.20895900524919853,461.7290139940451,19.303721004689578,0.005727997631765902,481.24742200161563,86.56296800472774,18.204555999545846,10.687121997762006,31.03039700363297,26.044414000352845,8.994996998808347,2.849757998774294,1.879580995591823,0.3174720040988177,7.792886994138826,0.05510399932973087,0.00518399610882625,108.4789099986665,2.9539170063799247,0.1807669978006743,3.694972001540009,0.035712000681087375,5.971097001747694,5.234073993051425,0.08659200102556497,0.6504310076707043,2.4625890000606887,0.5914869980188087,0.003903995093423873,0.15158399764914066,8,0,8,0,0,,,,,,,,,,,,,,
rsg_object_detection,dropped_oldest,14,rsg_20260806_12_454879999_000014,dropped,True,fifo_cached_frame,15,1,0,12,1,0,1,0.0,26.207584000076167,frame_fifo_full,,,,,,,,,,,,,,,,,,,,,,,,,,,,,,,,,,,,,,,,,,,,,,,,,,,,,,,,
rsg_object_detection,dropped_oldest,15,rsg_20260806_12_504880000_000015,dropped,True,fifo_cached_frame,16,1,0,13,1,0,1,0.0,49.612677001277916,frame_fifo_full,,,,,,,,,,,,,,,,,,,,,,,,,,,,,,,,,,,,,,,,,,,,,,,,,,,,,,,,
rsg_object_detection,dropped_oldest,16,rsg_20260806_12_554880000_000016,dropped,True,fifo_cached_frame,17,1,0,14,1,0,1,0.0,51.76825799571816,frame_fifo_full,,,,,,,,,,,,,,,,,,,,,,,,,,,,,,,,,,,,,,,,,,,,,,,,,,,,,,,,
rsg_object_detection,dropped_oldest,17,rsg_20260806_12_604879999_000017,dropped,True,fifo_cached_frame,18,1,0,15,1,0,1,0.0,49.924008002562914,frame_fifo_full,,,,,,,,,,,,,,,,,,,,,,,,,,,,,,,,,,,,,,,,,,,,,,,,,,,,,,,,
rsg_object_detection,dropped_oldest,18,rsg_20260806_12_654880000_000018,dropped,True,fifo_cached_frame,19,1,0,16,1,0,1,0.0,50.48188600630965,frame_fifo_full,,,,,,,,,,,,,,,,,,,,,,,,,,,,,,,,,,,,,,,,,,,,,,,,,,,,,,,,
rsg_object_detection,dropped_oldest,19,rsg_20260806_12_704879999_000019,dropped,True,fifo_cached_frame,20,1,0,17,1,0,1,0.0,50.690844997006934,frame_fifo_full,,,,,,,,,,,,,,,,,,,,,,,,,,,,,,,,,,,,,,,,,,,,,,,,,,,,,,,,
rsg_object_detection,dropped_oldest,20,rsg_20260806_12_754880000_000020,dropped,True,fifo_cached_frame,21,1,0,18,1,0,1,0.0,60.17513000551844,frame_fifo_full,,,,,,,,,,,,,,,,,,,,,,,,,,,,,,,,,,,,,,,,,,,,,,,,,,,,,,,,
rsg_object_detection,dropped_oldest,21,rsg_20260806_12_804880000_000021,dropped,True,fifo_cached_frame,22,1,0,19,1,0,1,0.0,44.470855995314196,frame_fifo_full,,,,,,,,,,,,,,,,,,,,,,,,,,,,,,,,,,,,,,,,,,,,,,,,,,,,,,,,
rsg_object_detection,frame_trace,13,rsg_20260806_12_404880000_000013,sent_to_hydra,,,,,,,,,,,458.24698000069475,ok,6.8067359970882535,407.69351400376763,43.32481200253824,0.13215999933890998,43.19265200319933,0.0012160016922280192,0.944895000429824,0.15283199900295585,291.5790580009343,27.395712000725325,0.0064639971242286265,319.1340659977868,49.00615199585445,17.320776009000838,5.002491998311598,12.485384999308735,13.635071998578496,14.803671998379286,2.660942016518675,0.7196429942268878,0.306076995912008,1.2388719987939112,0.031070994737092406,0.006176000169944018,68.78911699459422,7.3680770001374185,0.14707099762745202,11.273521005932707,0.03676700725918636,4.150690998358186,3.726629998709541,0.08643200271762908,0.33762899693101645,2.0293610068620183,0.622779996774625,0.003903995093423873,0.42070199560839683,8,0,8,0,0,,,,,,,,,,,,,,
rsg_object_detection,dropped_oldest,23,rsg_20260806_12_904880000_000023,dropped,True,fifo_cached_frame,24,2,0,20,2,0,1,0.0,48.52910000045085,frame_fifo_full,,,,,,,,,,,,,,,,,,,,,,,,,,,,,,,,,,,,,,,,,,,,,,,,,,,,,,,,
rsg_object_detection,dropped_oldest,24,rsg_20260806_12_954879999_000024,dropped,True,fifo_cached_frame,25,2,0,21,2,0,1,0.0,49.543844994332176,frame_fifo_full,,,,,,,,,,,,,,,,,,,,,,,,,,,,,,,,,,,,,,,,,,,,,,,,,,,,,,,,
rsg_object_detection,dropped_oldest,25,rsg_20260806_13_004879999_000025,dropped,True,fifo_cached_frame,26,2,0,22,2,0,1,0.0,49.6622760038008,frame_fifo_full,,,,,,,,,,,,,,,,,,,,,,,,,,,,,,,,,,,,,,,,,,,,,,,,,,,,,,,,
rsg_object_detection,dropped_oldest,26,rsg_20260806_13_054880000_000026,dropped,True,fifo_cached_frame,27,2,0,23,2,0,1,0.0,48.34223500074586,frame_fifo_full,,,,,,,,,,,,,,,,,,,,,,,,,,,,,,,,,,,,,,,,,,,,,,,,,,,,,,,,
rsg_object_detection,dropped_oldest,27,rsg_20260806_13_104879999_000027,dropped,True,fifo_cached_frame,28,2,0,24,2,0,1,0.0,113.84766300034244,frame_fifo_full,,,,,,,,,,,,,,,,,,,,,,,,,,,,,,,,,,,,,,,,,,,,,,,,,,,,,,,,
rsg_object_detection,dropped_oldest,28,rsg_20260806_13_154880000_000028,dropped,True,fifo_cached_frame,29,2,0,25,2,0,1,0.0,59.41641900426475,frame_fifo_full,,,,,,,,,,,,,,,,,,,,,,,,,,,,,,,,,,,,,,,,,,,,,,,,,,,,,,,,
rsg_object_detection,dropped_oldest,29,rsg_20260806_13_204879999_000029,dropped,True,fifo_cached_frame,30,2,0,26,2,0,1,0.0,32.38480299478397,frame_fifo_full,,,,,,,,,,,,,,,,,,,,,,,,,,,,,,,,,,,,,,,,,,,,,,,,,,,,,,,,
rsg_object_detection,dropped_oldest,30,rsg_20260806_13_254880000_000030,dropped,True,fifo_cached_frame,31,2,0,27,2,0,1,0.0,42.936624995491,frame_fifo_full,,,,,,,,,,,,,,,,,,,,,,,,,,,,,,,,,,,,,,,,,,,,,,,,,,,,,,,,
rsg_object_detection,dropped_oldest,31,rsg_20260806_13_304880000_000031,dropped,True,fifo_cached_frame,32,2,0,28,2,0,1,0.0,2.7664130029734224,frame_fifo_full,,,,,,,,,,,,,,,,,,,,,,,,,,,,,,,,,,,,,,,,,,,,,,,,,,,,,,,,
rsg_object_detection,frame_trace,22,rsg_20260806_12_854879999_000022,sent_to_hydra,,,,,,,,,,,502.9352959973039,ok,8.929668998462148,481.8302420026157,11.77118099440122,0.12809499457944185,11.643085999821778,0.0023999964469112456,0.9010809953906573,0.16969499847618863,251.1034130002372,14.7051370004192,0.006431000656448305,265.98467599978903,148.43375499913236,22.88687900727382,30.89726699545281,71.1165299944696,22.908187995199114,44.637686005444266,2.7755960181821138,0.6480929951067083,0.30081698059802875,1.383766000799369,0.03638199996203184,0.004766996426042169,198.23702199937543,2.909829003328923,0.12936900020577013,13.630121997266542,0.03814300725935027,4.767297999933362,4.294042999390513,0.08857099601300433,0.38468400452984497,3.5197170000174083,0.6386540044331923,0.003999994078185409,0.40180400537792593,8,0,8,0,0,,,,,,,,,,,,,,
rsg_object_detection,dropped_oldest,33,rsg_20260806_13_404880000_000033,dropped,True,fifo_cached_frame,34,3,0,29,3,0,1,0.0,42.63033699680818,frame_fifo_full,,,,,,,,,,,,,,,,,,,,,,,,,,,,,,,,,,,,,,,,,,,,,,,,,,,,,,,,
rsg_object_detection,dropped_oldest,34,rsg_20260806_13_454879999_000034,dropped,True,fifo_cached_frame,35,3,0,30,3,0,1,0.0,55.244928000320215,frame_fifo_full,,,,,,,,,,,,,,,,,,,,,,,,,,,,,,,,,,,,,,,,,,,,,,,,,,,,,,,,
rsg_object_detection,dropped_oldest,35,rsg_20260806_13_504880000_000035,dropped,True,fifo_cached_frame,36,3,0,31,3,0,1,0.0,49.757508997572586,frame_fifo_full,,,,,,,,,,,,,,,,,,,,,,,,,,,,,,,,,,,,,,,,,,,,,,,,,,,,,,,,
rsg_object_detection,dropped_oldest,36,rsg_20260806_13_554880000_000036,dropped,True,fifo_cached_frame,37,3,0,32,3,0,1,0.0,47.43529699771898,frame_fifo_full,,,,,,,,,,,,,,,,,,,,,,,,,,,,,,,,,,,,,,,,,,,,,,,,,,,,,,,,
rsg_object_detection,dropped_oldest,37,rsg_20260806_13_604879999_000037,dropped,True,fifo_cached_frame,38,3,0,33,3,0,1,0.0,71.014840999851,frame_fifo_full,,,,,,,,,,,,,,,,,,,,,,,,,,,,,,,,,,,,,,,,,,,,,,,,,,,,,,,,
rsg_object_detection,dropped_oldest,38,rsg_20260806_13_654880000_000038,dropped,True,fifo_cached_frame,39,3,0,34,3,0,1,0.0,27.534341003047302,frame_fifo_full,,,,,,,,,,,,,,,,,,,,,,,,,,,,,,,,,,,,,,,,,,,,,,,,,,,,,,,,
rsg_object_detection,dropped_oldest,39,rsg_20260806_13_704879999_000039,dropped,True,fifo_cached_frame,40,3,0,35,3,0,1,0.0,49.25814399757655,frame_fifo_full,,,,,,,,,,,,,,,,,,,,,,,,,,,,,,,,,,,,,,,,,,,,,,,,,,,,,,,,
rsg_object_detection,dropped_oldest,40,rsg_20260806_13_754880000_000040,dropped,True,fifo_cached_frame,41,3,0,36,3,0,1,0.0,50.94659799942747,frame_fifo_full,,,,,,,,,,,,,,,,,,,,,,,,,,,,,,,,,,,,,,,,,,,,,,,,,,,,,,,,
rsg_object_detection,frame_trace,32,rsg_20260806_13_354879999_000032,sent_to_hydra,,,,,,,,,,,457.68265499646077,ok,13.935130002209917,429.7909899978549,13.552045995311346,0.14178399578668177,13.410261999524664,0.0021759988158009946,0.9083680051844567,0.1542959944345057,217.82916200027103,22.511631999805104,0.005856003554072231,240.5009459980647,131.7438930127537,24.235411983681843,17.801867004891392,71.39328500488773,17.519610999443103,42.067902999406215,2.739375013334211,0.6040309890522622,0.28759998531313613,1.1717770030372776,0.028414004191290587,0.004191999323666096,178.66212900116807,2.718318995903246,0.11439399531809613,6.847027005278505,0.03980699693784118,9.85627499903785,9.27579400013201,0.08655500278109685,0.4939259961247444,3.4474649946787395,0.6266870041145012,0.004703004378825426,0.40231300226878375,8,0,8,0,0,,,,,,,,,,,,,,
rsg_object_detection,dropped_oldest,42,rsg_20260806_13_854879999_000042,dropped,True,fifo_cached_frame,43,4,0,37,4,0,1,0.0,52.47601999872131,frame_fifo_full,,,,,,,,,,,,,,,,,,,,,,,,,,,,,,,,,,,,,,,,,,,,,,,,,,,,,,,,
rsg_object_detection,dropped_oldest,43,rsg_20260806_13_904880000_000043,dropped,True,fifo_cached_frame,44,4,0,38,4,0,1,0.0,50.54156400001375,frame_fifo_full,,,,,,,,,,,,,,,,,,,,,,,,,,,,,,,,,,,,,,,,,,,,,,,,,,,,,,,,
rsg_object_detection,dropped_oldest,44,rsg_20260806_13_954879999_000044,dropped,True,fifo_cached_frame,45,4,0,39,4,0,1,0.0,61.85936000110814,frame_fifo_full,,,,,,,,,,,,,,,,,,,,,,,,,,,,,,,,,,,,,,,,,,,,,,,,,,,,,,,,
rsg_object_detection,dropped_oldest,45,rsg_20260806_14_004879999_000045,dropped,True,fifo_cached_frame,46,4,0,40,4,0,1,0.0,61.98927499644924,frame_fifo_full,,,,,,,,,,,,,,,,,,,,,,,,,,,,,,,,,,,,,,,,,,,,,,,,,,,,,,,,
rsg_object_detection,dropped_oldest,46,rsg_20260806_14_054880000_000046,dropped,True,fifo_cached_frame,47,4,0,41,4,0,1,0.0,25.012493002577685,frame_fifo_full,,,,,,,,,,,,,,,,,,,,,,,,,,,,,,,,,,,,,,,,,,,,,,,,,,,,,,,,
rsg_object_detection,dropped_oldest,47,rsg_20260806_14_104879999_000047,dropped,True,fifo_cached_frame,48,4,0,42,4,0,1,0.0,69.63376800558763,frame_fifo_full,,,,,,,,,,,,,,,,,,,,,,,,,,,,,,,,,,,,,,,,,,,,,,,,,,,,,,,,
rsg_object_detection,frame_trace,41,rsg_20260806_13_804880000_000041,sent_to_hydra,,,,,,,,,,,385.91461799660465,ok,10.306363001291174,362.70622199663194,12.403274995449465,0.15931999951135367,12.243954995938111,0.0019519939087331295,0.8735209994483739,0.1552559988340363,195.4844010033412,26.33120500104269,0.007455993909388781,221.9783179971273,83.60086300672265,19.89993400638923,11.276807999820448,31.99525699892547,19.83510499849217,15.969645995937753,2.8113389998907223,1.5755310014355928,0.3085930002271198,13.419895003607962,0.04991800233256072,0.004702997102867812,117.76448599994183,3.2714100016164593,0.1336249988526106,18.64630400086753,0.038557998777832836,6.376459998136852,5.910724998102523,0.0880270017660223,0.37770799826830626,3.3060330024454743,0.6191990032675676,0.004670997441280633,0.4968060093233362,8,0,8,0,0,,,,,,,,,,,,,,
rsg_object_detection,dropped_oldest,49,rsg_20260806_14_204879999_000049,dropped,True,fifo_cached_frame,50,5,0,43,5,0,1,0.0,51.25762600073358,frame_fifo_full,,,,,,,,,,,,,,,,,,,,,,,,,,,,,,,,,,,,,,,,,,,,,,,,,,,,,,,,
rsg_object_detection,dropped_oldest,50,rsg_20260806_14_254880000_000050,dropped,True,fifo_cached_frame,51,5,0,44,5,0,1,0.0,51.664227998116985,frame_fifo_full,,,,,,,,,,,,,,,,,,,,,,,,,,,,,,,,,,,,,,,,,,,,,,,,,,,,,,,,
rsg_object_detection,dropped_oldest,51,rsg_20260806_14_304880000_000051,dropped,True,fifo_cached_frame,52,5,0,45,5,0,1,0.0,54.3751879959018,frame_fifo_full,,,,,,,,,,,,,,,,,,,,,,,,,,,,,,,,,,,,,,,,,,,,,,,,,,,,,,,,
rsg_object_detection,dropped_oldest,52,rsg_20260806_14_354879999_000052,dropped,True,fifo_cached_frame,53,5,0,46,5,0,1,0.0,47.49468999943929,frame_fifo_full,,,,,,,,,,,,,,,,,,,,,,,,,,,,,,,,,,,,,,,,,,,,,,,,,,,,,,,,
rsg_object_detection,dropped_oldest,53,rsg_20260806_14_404880000_000053,dropped,True,fifo_cached_frame,54,5,0,47,5,0,1,0.0,63.29103399912128,frame_fifo_full,,,,,,,,,,,,,,,,,,,,,,,,,,,,,,,,,,,,,,,,,,,,,,,,,,,,,,,,
rsg_object_detection,dropped_oldest,54,rsg_20260806_14_454879999_000054,dropped,True,fifo_cached_frame,55,5,0,48,5,0,1,0.0,32.154353997611906,frame_fifo_full,,,,,,,,,,,,,,,,,,,,,,,,,,,,,,,,,,,,,,,,,,,,,,,,,,,,,,,,
rsg_object_detection,frame_trace,48,rsg_20260806_14_154880000_000048,sent_to_hydra,,,,,,,,,,,359.44049800309585,ok,8.570008001697715,334.01941799820634,16.476852004416287,0.12287400022614747,16.35397800419014,0.002016000507865101,0.981963996309787,0.1786459979484789,219.5093489935971,14.562776996172033,0.005280009645503014,234.2560519973631,56.995049002580345,16.935068983002566,5.0308999852859415,18.495976000849623,15.045441010443028,24.149339995346963,2.8995579996262677,0.4832699996768497,0.292495999019593,1.2547810038086027,1.6606159988441505,0.005216003046371043,87.75683600106277,2.8706320008495823,0.11637699935818091,8.003734998055734,0.0338220052071847,4.440596007043496,3.9085919997887686,0.08761200297158211,0.44439200428314507,3.4488399978727102,0.676155999826733,0.004415996954776347,0.3722039982676506,8,0,8,0,0,,,,,,,,,,,,,,
rsg_object_detection,dropped_oldest,56,rsg_20260806_14_554880000_000056,dropped,True,fifo_cached_frame,57,6,0,49,6,0,1,0.0,51.3161190028768,frame_fifo_full,,,,,,,,,,,,,,,,,,,,,,,,,,,,,,,,,,,,,,,,,,,,,,,,,,,,,,,,
rsg_object_detection,dropped_oldest,57,rsg_20260806_14_604879999_000057,dropped,True,fifo_cached_frame,58,6,0,50,6,0,1,0.0,51.659108998137526,frame_fifo_full,,,,,,,,,,,,,,,,,,,,,,,,,,,,,,,,,,,,,,,,,,,,,,,,,,,,,,,,
rsg_object_detection,dropped_oldest,58,rsg_20260806_14_654880000_000058,dropped,True,fifo_cached_frame,59,6,0,51,6,0,1,0.0,51.41556900343858,frame_fifo_full,,,,,,,,,,,,,,,,,,,,,,,,,,,,,,,,,,,,,,,,,,,,,,,,,,,,,,,,
rsg_object_detection,dropped_oldest,59,rsg_20260806_14_704879999_000059,dropped,True,fifo_cached_frame,60,6,0,52,6,0,1,0.0,57.049349998123944,frame_fifo_full,,,,,,,,,,,,,,,,,,,,,,,,,,,,,,,,,,,,,,,,,,,,,,,,,,,,,,,,
rsg_object_detection,dropped_oldest,60,rsg_20260806_14_754880000_000060,dropped,True,fifo_cached_frame,61,6,0,53,6,0,1,0.0,39.346227000351064,frame_fifo_full,,,,,,,,,,,,,,,,,,,,,,,,,,,,,,,,,,,,,,,,,,,,,,,,,,,,,,,,
rsg_object_detection,dropped_oldest,61,rsg_20260806_14_804880000_000061,dropped,True,fifo_cached_frame,62,6,0,54,6,0,1,0.0,53.24180799652822,frame_fifo_full,,,,,,,,,,,,,,,,,,,,,,,,,,,,,,,,,,,,,,,,,,,,,,,,,,,,,,,,
rsg_object_detection,dropped_oldest,62,rsg_20260806_14_854879999_000062,dropped,True,fifo_cached_frame,63,6,0,55,6,0,1,0.0,59.06255399895599,frame_fifo_full,,,,,,,,,,,,,,,,,,,,,,,,,,,,,,,,,,,,,,,,,,,,,,,,,,,,,,,,
rsg_object_detection,dropped_oldest,63,rsg_20260806_14_904880000_000063,dropped,True,fifo_cached_frame,64,6,0,56,7,0,1,0.0,55.82202300138306,frame_fifo_full,,,,,,,,,,,,,,,,,,,,,,,,,,,,,,,,,,,,,,,,,,,,,,,,,,,,,,,,
rsg_object_detection,frame_trace,55,rsg_20260806_14_504880000_000055,sent_to_hydra,,,,,,,,,,,463.464437998482,ok,13.12147800490493,412.4228000000585,37.4956059968099,0.13016899902140722,37.36543699778849,0.0013760000001639128,0.8999840065371245,0.16687100287526846,295.2606149992789,24.196088997996412,0.006112000846769661,319.62968700099736,41.098807007074356,16.487028005940374,4.548108998278622,6.77855200774502,12.801655007933732,23.916935999295674,2.8675930079771206,0.5553310038521886,0.2825099800247699,1.2286389974178746,0.029565999284386635,0.005279995093587786,70.00056499964558,11.904327002412174,0.1478320045862347,9.805237998079974,0.03516698780003935,4.5689729959121905,4.034378005599137,0.09183499787468463,0.4427599924383685,7.675527005631011,0.8706419976078905,0.006336005753837526,0.42317799670854583,8,0,8,0,0,,,,,,,,,,,,,,
rsg_object_detection,dropped_oldest,65,rsg_20260806_15_004879999_000065,dropped,True,fifo_cached_frame,66,7,0,57,7,0,1,0.0,50.69400700449478,frame_fifo_full,,,,,,,,,,,,,,,,,,,,,,,,,,,,,,,,,,,,,,,,,,,,,,,,,,,,,,,,
rsg_object_detection,dropped_oldest,66,rsg_20260806_15_054880000_000066,dropped,True,fifo_cached_frame,67,7,0,58,7,0,1,0.0,45.65287100558635,frame_fifo_full,,,,,,,,,,,,,,,,,,,,,,,,,,,,,,,,,,,,,,,,,,,,,,,,,,,,,,,,
rsg_object_detection,dropped_oldest,67,rsg_20260806_15_104879999_000067,dropped,True,fifo_cached_frame,68,7,0,59,7,0,1,0.0,52.09934600134147,frame_fifo_full,,,,,,,,,,,,,,,,,,,,,,,,,,,,,,,,,,,,,,,,,,,,,,,,,,,,,,,,
rsg_object_detection,dropped_oldest,68,rsg_20260806_15_154880000_000068,dropped,True,fifo_cached_frame,69,7,0,60,7,0,1,0.0,49.66286700073397,frame_fifo_full,,,,,,,,,,,,,,,,,,,,,,,,,,,,,,,,,,,,,,,,,,,,,,,,,,,,,,,,
rsg_object_detection,dropped_oldest,69,rsg_20260806_15_204879999_000069,dropped,True,fifo_cached_frame,70,7,0,61,7,0,1,0.0,49.936356001126114,frame_fifo_full,,,,,,,,,,,,,,,,,,,,,,,,,,,,,,,,,,,,,,,,,,,,,,,,,,,,,,,,
rsg_object_detection,dropped_oldest,70,rsg_20260806_15_254880000_000070,dropped,True,fifo_cached_frame,71,7,0,62,7,0,1,0.0,49.51673100003973,frame_fifo_full,,,,,,,,,,,,,,,,,,,,,,,,,,,,,,,,,,,,,,,,,,,,,,,,,,,,,,,,
rsg_object_detection,dropped_oldest,71,rsg_20260806_15_304880000_000071,dropped,True,fifo_cached_frame,72,7,0,63,7,0,1,0.0,65.5547279966413,frame_fifo_full,,,,,,,,,,,,,,,,,,,,,,,,,,,,,,,,,,,,,,,,,,,,,,,,,,,,,,,,
rsg_object_detection,dropped_oldest,72,rsg_20260806_15_354879999_000072,dropped,True,fifo_cached_frame,73,7,0,64,7,0,1,0.0,39.302265002334025,frame_fifo_full,,,,,,,,,,,,,,,,,,,,,,,,,,,,,,,,,,,,,,,,,,,,,,,,,,,,,,,,
rsg_object_detection,frame_trace,64,rsg_20260806_14_954879999_000064,sent_to_hydra,,,,,,,,,,,447.82296499761287,ok,11.553818003449123,434.23699899722124,1.4880489979987033,0.13672899513039738,1.351320002868306,0.002335997123736888,1.2941069944645278,0.1527599961264059,298.99029200169025,26.73003699601395,0.00665500556351617,325.8797439993941,60.55243399896426,28.338783995423,5.419937013357412,12.440714992408175,13.70497000607429,21.55245599715272,3.2829929987201467,0.702712990459986,0.3184480156050995,1.2793240020982921,0.03430200013099238,0.004287001502234489,87.74206099769799,3.2228369964286685,0.15272800374077633,15.898356003162917,0.04716600233223289,7.707653996476438,7.12560499960091,0.08431499736616388,0.49773399950936437,3.2137180023710243,0.628606001555454,0.00384000304620713,0.5417630018200725,8,0,8,0,0,,,,,,,,,,,,,,
rsg_object_detection,dropped_oldest,74,rsg_20260806_15_454879999_000074,dropped,True,fifo_cached_frame,75,8,0,65,8,0,1,0.0,50.00966499937931,frame_fifo_full,,,,,,,,,,,,,,,,,,,,,,,,,,,,,,,,,,,,,,,,,,,,,,,,,,,,,,,,
rsg_object_detection,dropped_oldest,75,rsg_20260806_15_504880000_000075,dropped,True,fifo_cached_frame,76,8,0,66,8,0,1,0.0,42.810430997633375,frame_fifo_full,,,,,,,,,,,,,,,,,,,,,,,,,,,,,,,,,,,,,,,,,,,,,,,,,,,,,,,,
rsg_object_detection,dropped_oldest,76,rsg_20260806_15_554880000_000076,dropped,True,fifo_cached_frame,77,8,0,67,8,0,1,0.0,50.68726000172319,frame_fifo_full,,,,,,,,,,,,,,,,,,,,,,,,,,,,,,,,,,,,,,,,,,,,,,,,,,,,,,,,
rsg_object_detection,dropped_oldest,77,rsg_20260806_15_604879999_000077,dropped,True,fifo_cached_frame,78,8,0,68,8,0,1,0.0,49.55922399676638,frame_fifo_full,,,,,,,,,,,,,,,,,,,,,,,,,,,,,,,,,,,,,,,,,,,,,,,,,,,,,,,,
rsg_object_detection,dropped_oldest,78,rsg_20260806_15_654880000_000078,dropped,True,fifo_cached_frame,79,8,0,69,8,0,1,0.0,49.76654199708719,frame_fifo_full,,,,,,,,,,,,,,,,,,,,,,,,,,,,,,,,,,,,,,,,,,,,,,,,,,,,,,,,
rsg_object_detection,dropped_oldest,79,rsg_20260806_15_704879999_000079,dropped,True,fifo_cached_frame,80,8,0,70,8,0,1,0.0,51.03745000087656,frame_fifo_full,,,,,,,,,,,,,,,,,,,,,,,,,,,,,,,,,,,,,,,,,,,,,,,,,,,,,,,,
rsg_object_detection,dropped_oldest,80,rsg_20260806_15_754880000_000080,dropped,True,fifo_cached_frame,81,8,0,71,8,0,1,0.0,51.15177999687148,frame_fifo_full,,,,,,,,,,,,,,,,,,,,,,,,,,,,,,,,,,,,,,,,,,,,,,,,,,,,,,,,
rsg_object_detection,dropped_oldest,81,rsg_20260806_15_804880000_000081,dropped,True,fifo_cached_frame,82,8,0,72,8,0,1,0.0,56.26030799612636,frame_fifo_full,,,,,,,,,,,,,,,,,,,,,,,,,,,,,,,,,,,,,,,,,,,,,,,,,,,,,,,,
rsg_object_detection,frame_trace,73,rsg_20260806_15_404880000_000073,sent_to_hydra,,,,,,,,,,,461.84328500385163,ok,11.780750006437302,436.8250619954779,12.73503599804826,0.13432899868348613,12.600706999364775,0.0012800010154023767,0.8755379967624322,0.15544699999736622,296.82011200202396,26.739635999547318,0.0077119984780438244,323.7229070000467,65.91656499222154,22.685900010401383,5.110001999128144,17.869355986476876,19.735560010303743,18.37617700221017,3.421805005928036,0.6017929918016307,0.2958190088975243,1.424340000085067,0.032574003853369504,1.6265699960058555,91.71164200233761,3.0714849999640137,0.22059599723434076,17.184814998472575,0.0380790006602183,7.828991998394486,7.24614300270332,0.08850699668982998,0.49434199900133535,3.3128479990409687,0.6345579968183301,0.004352012183517218,0.5011570028727874,8,0,8,0,0,,,,,,,,,,,,,,
rsg_object_detection,dropped_oldest,83,rsg_20260806_15_904880000_000083,dropped,True,fifo_cached_frame,84,9,0,73,9,0,1,0.0,42.12566699425224,frame_fifo_full,,,,,,,,,,,,,,,,,,,,,,,,,,,,,,,,,,,,,,,,,,,,,,,,,,,,,,,,
rsg_object_detection,dropped_oldest,84,rsg_20260806_15_954879999_000084,dropped,True,fifo_cached_frame,85,9,0,74,9,0,1,0.0,50.10860299807973,frame_fifo_full,,,,,,,,,,,,,,,,,,,,,,,,,,,,,,,,,,,,,,,,,,,,,,,,,,,,,,,,
rsg_object_detection,dropped_oldest,85,rsg_20260806_16_004879999_000085,dropped,True,fifo_cached_frame,86,9,0,75,9,0,1,0.0,52.54015399987111,frame_fifo_full,,,,,,,,,,,,,,,,,,,,,,,,,,,,,,,,,,,,,,,,,,,,,,,,,,,,,,,,
rsg_object_detection,dropped_oldest,86,rsg_20260806_16_054880000_000086,dropped,True,fifo_cached_frame,87,9,0,76,9,0,1,0.0,61.78350800473709,frame_fifo_full,,,,,,,,,,,,,,,,,,,,,,,,,,,,,,,,,,,,,,,,,,,,,,,,,,,,,,,,
rsg_object_detection,dropped_oldest,87,rsg_20260806_16_104880000_000087,dropped,True,fifo_cached_frame,88,9,0,77,9,0,1,0.0,36.54273499705596,frame_fifo_full,,,,,,,,,,,,,,,,,,,,,,,,,,,,,,,,,,,,,,,,,,,,,,,,,,,,,,,,
rsg_object_detection,dropped_oldest,88,rsg_20260806_16_154879999_000088,dropped,True,fifo_cached_frame,89,9,0,78,9,0,1,0.0,48.44920799951069,frame_fifo_full,,,,,,,,,,,,,,,,,,,,,,,,,,,,,,,,,,,,,,,,,,,,,,,,,,,,,,,,
rsg_object_detection,dropped_oldest,89,rsg_20260806_16_204879999_000089,dropped,True,fifo_cached_frame,90,9,0,79,9,0,1,0.0,51.627054999698885,frame_fifo_full,,,,,,,,,,,,,,,,,,,,,,,,,,,,,,,,,,,,,,,,,,,,,,,,,,,,,,,,
rsg_object_detection,dropped_oldest,90,rsg_20260806_16_254880000_000090,dropped,True,fifo_cached_frame,91,9,0,80,9,0,1,0.0,59.76863999967463,frame_fifo_full,,,,,,,,,,,,,,,,,,,,,,,,,,,,,,,,,,,,,,,,,,,,,,,,,,,,,,,,
rsg_object_detection,frame_trace,82,rsg_20260806_15_854879999_000082,sent_to_hydra,,,,,,,,,,,460.0295810014359,ok,11.627703002886847,434.86330100131454,12.95585600018967,0.13813699479214847,12.817719005397521,0.002367996785324067,0.9554700009175576,0.15659900236641988,300.7340900003328,19.61048099474283,0.005120004061609507,320.50629000150366,62.94619900290854,26.489764997677412,4.3426160045783035,18.825369988917373,12.672224998823367,30.22985399729805,5.23095501557691,0.6771479893359356,0.39322800148511305,1.3359610020415857,0.03458999708527699,0.005056004738435149,100.86812599911354,3.060446004383266,0.12325799616519362,9.306514999479987,0.04319599975133315,7.593389003886841,6.910448995768093,0.09026699990499765,0.592673008213751,3.3668619944364764,0.6626530011999421,0.004799003363586962,0.5803530002594925,8,0,8,0,0,,,,,,,,,,,,,,
rsg_object_detection,dropped_oldest,92,rsg_20260806_16_354880000_000092,dropped,True,fifo_cached_frame,93,10,0,81,10,0,1,0.0,47.2701659964514,frame_fifo_full,,,,,,,,,,,,,,,,,,,,,,,,,,,,,,,,,,,,,,,,,,,,,,,,,,,,,,,,
rsg_object_detection,dropped_oldest,93,rsg_20260806_16_404879999_000093,dropped,True,fifo_cached_frame,94,10,0,82,10,0,1,0.0,53.80601200158708,frame_fifo_full,,,,,,,,,,,,,,,,,,,,,,,,,,,,,,,,,,,,,,,,,,,,,,,,,,,,,,,,
rsg_object_detection,dropped_oldest,94,rsg_20260806_16_454879999_000094,dropped,True,fifo_cached_frame,95,10,0,83,10,0,1,0.0,49.66315999627113,frame_fifo_full,,,,,,,,,,,,,,,,,,,,,,,,,,,,,,,,,,,,,,,,,,,,,,,,,,,,,,,,
rsg_object_detection,dropped_oldest,95,rsg_20260806_16_504880000_000095,dropped,True,fifo_cached_frame,96,10,0,84,10,0,1,0.0,52.77656300313538,frame_fifo_full,,,,,,,,,,,,,,,,,,,,,,,,,,,,,,,,,,,,,,,,,,,,,,,,,,,,,,,,
rsg_object_detection,dropped_oldest,96,rsg_20260806_16_554880000_000096,dropped,True,fifo_cached_frame,97,10,0,85,10,0,1,0.0,48.174501993344165,frame_fifo_full,,,,,,,,,,,,,,,,,,,,,,,,,,,,,,,,,,,,,,,,,,,,,,,,,,,,,,,,
rsg_object_detection,dropped_oldest,97,rsg_20260806_16_604880000_000097,dropped,True,fifo_cached_frame,98,10,0,86,10,0,1,0.0,59.96715699438937,frame_fifo_full,,,,,,,,,,,,,,,,,,,,,,,,,,,,,,,,,,,,,,,,,,,,,,,,,,,,,,,,
rsg_object_detection,frame_trace,91,rsg_20260806_16_304880000_000091,sent_to_hydra,,,,,,,,,,,393.9621259996784,ok,13.19904500269331,367.20575200160965,13.05201200011652,0.13445699732983485,12.917555002786685,0.002368004061281681,0.9029920038301498,0.1955740008270368,232.48060499463463,18.012837994319852,0.0058860096032731235,250.6949029993848,60.45500300388085,17.428868006390985,16.86179401440313,14.028534998942632,11.49027099745581,34.28285499830963,2.9139889957150444,0.3842670048470609,0.2977779950015247,1.3151309976819903,0.03903800097759813,0.004800000169780105,99.70997899654321,7.225504996313248,0.13704899902222678,8.493821995216422,0.04150201129959896,9.187864998239093,8.60635900608031,0.09109899838222191,0.49040699377655983,3.3636939988355152,0.6428780034184456,0.004608002200257033,0.502948991197627,8,0,8,0,0,,,,,,,,,,,,,,
rsg_object_detection,dropped_oldest,99,rsg_20260806_16_704879999_000099,dropped,True,fifo_cached_frame,100,11,0,87,11,0,1,0.0,37.74327900464414,frame_fifo_full,,,,,,,,,,,,,,,,,,,,,,,,,,,,,,,,,,,,,,,,,,,,,,,,,,,,,,,,
rsg_object_detection,dropped_oldest,100,rsg_20260806_16_754880000_000100,dropped,True,fifo_cached_frame,101,11,0,88,11,0,1,0.0,52.411814001970924,frame_fifo_full,,,,,,,,,,,,,,,,,,,,,,,,,,,,,,,,,,,,,,,,,,,,,,,,,,,,,,,,
rsg_object_detection,dropped_oldest,101,rsg_20260806_16_804880000_000101,dropped,True,fifo_cached_frame,102,11,0,89,11,0,1,0.0,49.06117600330617,frame_fifo_full,,,,,,,,,,,,,,,,,,,,,,,,,,,,,,,,,,,,,,,,,,,,,,,,,,,,,,,,
rsg_object_detection,dropped_oldest,102,rsg_20260806_16_854880000_000102,dropped,True,fifo_cached_frame,103,11,0,90,11,0,1,0.0,49.07589500362519,frame_fifo_full,,,,,,,,,,,,,,,,,,,,,,,,,,,,,,,,,,,,,,,,,,,,,,,,,,,,,,,,
rsg_object_detection,dropped_oldest,103,rsg_20260806_16_904879999_000103,dropped,True,fifo_cached_frame,104,11,0,91,11,0,1,0.0,61.06281100073829,frame_fifo_full,,,,,,,,,,,,,,,,,,,,,,,,,,,,,,,,,,,,,,,,,,,,,,,,,,,,,,,,
rsg_object_detection,dropped_oldest,104,rsg_20260806_16_954879999_000104,dropped,True,fifo_cached_frame,105,11,0,92,11,0,1,0.0,41.86088500136975,frame_fifo_full,,,,,,,,,,,,,,,,,,,,,,,,,,,,,,,,,,,,,,,,,,,,,,,,,,,,,,,,
rsg_object_detection,dropped_oldest,105,rsg_20260806_17_004879999_000105,dropped,True,fifo_cached_frame,106,11,0,93,11,0,1,0.0,50.365041999612004,frame_fifo_full,,,,,,,,,,,,,,,,,,,,,,,,,,,,,,,,,,,,,,,,,,,,,,,,,,,,,,,,
rsg_object_detection,dropped_oldest,106,rsg_20260806_17_054880000_000106,dropped,True,fifo_cached_frame,107,11,0,94,11,0,1,0.0,53.01300200517289,frame_fifo_full,,,,,,,,,,,,,,,,,,,,,,,,,,,,,,,,,,,,,,,,,,,,,,,,,,,,,,,,
rsg_object_detection,dropped_oldest,107,rsg_20260806_17_104880000_000107,dropped,True,fifo_cached_frame,108,11,0,95,11,0,1,0.0,42.887458999757655,frame_fifo_full,,,,,,,,,,,,,,,,,,,,,,,,,,,,,,,,,,,,,,,,,,,,,,,,,,,,,,,,
rsg_object_detection,frame_trace,98,rsg_20260806_16_654879999_000098,sent_to_hydra,,,,,,,,,,,492.62288799945964,ok,12.761947997205425,433.05337199853966,46.21895799937192,0.12447399785742164,46.0944840015145,0.002688000677153468,4.265693998604547,0.17365499661536887,264.6139420030522,28.212488003191538,0.005695997970178723,293.0057810008293,70.99361399014015,18.87285400152905,4.521649010712281,22.517687997606117,24.577128991950303,35.543398997106124,2.8422490067896433,0.39050698978826404,0.2713470166781917,5.844042003445793,0.03964600182371214,0.0052159957704134285,115.94582800171338,2.5252740015275776,0.1468720001867041,17.116310002165847,0.04761299351230264,8.822413001325913,8.239083996159025,0.0877069978741929,0.49562200729269534,3.297712995845359,0.6372790012392215,0.004542998794931918,0.5859220036654733,8,0,8,0,0,,,,,,,,,,,,,,
rsg_object_detection,dropped_oldest,109,rsg_20260806_17_204879999_000109,dropped,True,fifo_cached_frame,110,12,0,96,12,0,1,0.0,52.012479995028116,frame_fifo_full,,,,,,,,,,,,,,,,,,,,,,,,,,,,,,,,,,,,,,,,,,,,,,,,,,,,,,,,
rsg_object_detection,dropped_oldest,110,rsg_20260806_17_254880000_000110,dropped,True,fifo_cached_frame,111,12,0,97,12,0,1,0.0,62.25244999950519,frame_fifo_full,,,,,,,,,,,,,,,,,,,,,,,,,,,,,,,,,,,,,,,,,,,,,,,,,,,,,,,,
rsg_object_detection,dropped_oldest,111,rsg_20260806_17_304880000_000111,dropped,True,fifo_cached_frame,112,12,0,98,12,0,1,0.0,38.91576400201302,frame_fifo_full,,,,,,,,,,,,,,,,,,,,,,,,,,,,,,,,,,,,,,,,,,,,,,,,,,,,,,,,
rsg_object_detection,dropped_oldest,112,rsg_20260806_17_354880000_000112,dropped,True,fifo_cached_frame,113,12,0,99,12,0,1,0.0,50.22787000052631,frame_fifo_full,,,,,,,,,,,,,,,,,,,,,,,,,,,,,,,,,,,,,,,,,,,,,,,,,,,,,,,,
rsg_object_detection,dropped_oldest,113,rsg_20260806_17_404879999_000113,dropped,True,fifo_cached_frame,114,12,0,100,12,0,1,0.0,68.46693700208561,frame_fifo_full,,,,,,,,,,,,,,,,,,,,,,,,,,,,,,,,,,,,,,,,,,,,,,,,,,,,,,,,
rsg_object_detection,dropped_oldest,114,rsg_20260806_17_454879999_000114,dropped,True,fifo_cached_frame,115,12,0,101,12,0,1,0.0,36.576753002009355,frame_fifo_full,,,,,,,,,,,,,,,,,,,,,,,,,,,,,,,,,,,,,,,,,,,,,,,,,,,,,,,,
rsg_object_detection,frame_trace,108,rsg_20260806_17_154879999_000108,sent_to_hydra,,,,,,,,,,,388.0572579946602,ok,10.392985997896176,365.30777299776673,11.366790997271892,0.1323449978372082,11.234445999434683,0.0032960015232674778,0.8980970014818013,0.16165499982889742,233.40028899838217,17.428261999157257,0.005600006261374801,250.9958060036297,46.18897900218144,15.812315003131516,3.9987649870454334,14.22622300015064,11.579197998798918,30.521200998919085,5.025719998229761,0.43434599501779303,0.3255800038459711,1.8651810023584403,0.7536240009358153,0.005343994416762143,85.13635899726069,16.105738999613095,0.15560800238745287,11.975397996138781,0.04076599725522101,4.83568000345258,4.118597993510775,0.0859159990795888,0.6311660108622164,4.903196000668686,0.6498540024040267,0.004255991370882839,0.9864120002021082,8,0,8,0,0,,,,,,,,,,,,,,
rsg_object_detection,dropped_oldest,116,rsg_20260806_17_554880000_000116,dropped,True,fifo_cached_frame,117,13,0,102,13,0,1,0.0,51.38822500157403,frame_fifo_full,,,,,,,,,,,,,,,,,,,,,,,,,,,,,,,,,,,,,,,,,,,,,,,,,,,,,,,,
rsg_object_detection,dropped_oldest,117,rsg_20260806_17_604880000_000117,dropped,True,fifo_cached_frame,118,13,0,103,13,0,1,0.0,50.11645200283965,frame_fifo_full,,,,,,,,,,,,,,,,,,,,,,,,,,,,,,,,,,,,,,,,,,,,,,,,,,,,,,,,
rsg_object_detection,dropped_oldest,118,rsg_20260806_17_654879999_000118,dropped,True,fifo_cached_frame,119,13,0,104,13,0,1,0.0,50.48628800432198,frame_fifo_full,,,,,,,,,,,,,,,,,,,,,,,,,,,,,,,,,,,,,,,,,,,,,,,,,,,,,,,,
rsg_object_detection,dropped_oldest,119,rsg_20260806_17_704879999_000119,dropped,True,fifo_cached_frame,120,13,0,105,13,0,1,0.0,61.0275549988728,frame_fifo_full,,,,,,,,,,,,,,,,,,,,,,,,,,,,,,,,,,,,,,,,,,,,,,,,,,,,,,,,
rsg_object_detection,dropped_oldest,120,rsg_20260806_17_754880000_000120,dropped,True,fifo_cached_frame,121,13,0,106,13,0,1,0.0,42.749801999889314,frame_fifo_full,,,,,,,,,,,,,,,,,,,,,,,,,,,,,,,,,,,,,,,,,,,,,,,,,,,,,,,,
rsg_object_detection,dropped_oldest,121,rsg_20260806_17_804880000_000121,dropped,True,fifo_cached_frame,122,13,0,107,13,0,1,0.0,47.738946006575134,frame_fifo_full,,,,,,,,,,,,,,,,,,,,,,,,,,,,,,,,,,,,,,,,,,,,,,,,,,,,,,,,
rsg_object_detection,dropped_oldest,122,rsg_20260806_17_854880000_000122,dropped,True,fifo_cached_frame,123,13,0,108,13,0,1,0.0,72.21227400441421,frame_fifo_full,,,,,,,,,,,,,,,,,,,,,,,,,,,,,,,,,,,,,,,,,,,,,,,,,,,,,,,,
rsg_object_detection,dropped_oldest,123,rsg_20260806_17_904879999_000123,dropped,True,fifo_cached_frame,124,13,0,109,13,0,1,0.0,93.78258899960201,frame_fifo_full,,,,,,,,,,,,,,,,,,,,,,,,,,,,,,,,,,,,,,,,,,,,,,,,,,,,,,,,
rsg_object_detection,dropped_oldest,124,rsg_20260806_17_954879999_000124,dropped,True,fifo_cached_frame,125,13,0,110,13,0,1,0.0,9.243863001756836,frame_fifo_full,,,,,,,,,,,,,,,,,,,,,,,,,,,,,,,,,,,,,,,,,,,,,,,,,,,,,,,,
rsg_object_detection,frame_trace,115,rsg_20260806_17_504880000_000115,sent_to_hydra,,,,,,,,,,,522.0152249967214,ok,17.663385995547287,465.9011059993645,37.968614997225814,0.12892099766759202,37.83969399955822,0.003263994585722685,4.413654001837131,0.5160050059203058,264.8413770002662,14.10229400062235,0.006655995093751699,279.46633200190263,86.22250800544862,27.015722989744972,7.487124006729573,38.32651601260295,12.782712998159695,73.2241259975126,7.276383024873212,0.48979900020640343,0.3622199728852138,1.3014680007472634,0.029567003366537392,0.005376001354306936,168.92718900635373,3.781143001106102,0.12949699885211885,9.14454099984141,0.038749989471398294,8.837293004035018,8.237900001404341,0.10642699635354802,0.49296600627712905,8.160207995388191,0.6617890030611306,0.004095993062946945,0.47885400999803096,8,0,8,0,0,,,,,,,,,,,,,,
rsg_object_detection,dropped_oldest,126,rsg_20260806_18_054880000_000126,dropped,True,fifo_cached_frame,127,14,0,111,14,0,1,0.0,53.59076799504692,frame_fifo_full,,,,,,,,,,,,,,,,,,,,,,,,,,,,,,,,,,,,,,,,,,,,,,,,,,,,,,,,
rsg_object_detection,dropped_oldest,127,rsg_20260806_18_104880000_000127,dropped,True,fifo_cached_frame,128,14,0,112,14,0,1,0.0,46.67890999553492,frame_fifo_full,,,,,,,,,,,,,,,,,,,,,,,,,,,,,,,,,,,,,,,,,,,,,,,,,,,,,,,,
rsg_object_detection,dropped_oldest,128,rsg_20260806_18_154879999_000128,dropped,True,fifo_cached_frame,129,14,0,113,14,0,1,0.0,50.876449000497814,frame_fifo_full,,,,,,,,,,,,,,,,,,,,,,,,,,,,,,,,,,,,,,,,,,,,,,,,,,,,,,,,
rsg_object_detection,dropped_oldest,129,rsg_20260806_18_204879999_000129,dropped,True,fifo_cached_frame,130,14,0,114,14,0,1,0.0,50.508595995779615,frame_fifo_full,,,,,,,,,,,,,,,,,,,,,,,,,,,,,,,,,,,,,,,,,,,,,,,,,,,,,,,,
rsg_object_detection,dequeued,1,rsg_20260806_11_804880000_000001,,,,,,,,,,,170.28204400412505,,fifo_order,,,,,,,,,,,,,,,,,,,,,,,,,,,,,,,,,,,,,,,,,,,rsg_obj_000001,rsg_unknown_rsg_20260806_11_804880000_000001_000_nanosam_005,0,300,1,0.6497355362739048,,,,,,,,
rsg_object_detection,dropped_oldest,130,rsg_20260806_18_254880000_000130,dropped,True,fifo_cached_frame,131,14,0,115,14,0,1,0.0,59.14906700490974,frame_fifo_full,,,,,,,,,,,,,,,,,,,,,,,,,,,,,,,,,,,,,,,,,,,,,,,,,,,,,,,,
rsg_object_detection,dropped_oldest,131,rsg_20260806_18_304880000_000131,dropped,True,fifo_cached_frame,132,14,0,116,14,0,1,0.0,50.93455699534388,frame_fifo_full,,,,,,,,,,,,,,,,,,,,,,,,,,,,,,,,,,,,,,,,,,,,,,,,,,,,,,,,
rsg_object_detection,dropped_oldest,132,rsg_20260806_18_354880000_000132,dropped,True,fifo_cached_frame,133,14,0,117,14,0,1,0.0,51.69467700034147,frame_fifo_full,,,,,,,,,,,,,,,,,,,,,,,,,,,,,,,,,,,,,,,,,,,,,,,,,,,,,,,,
rsg_object_detection,dropped_oldest,133,rsg_20260806_18_404879999_000133,dropped,True,fifo_cached_frame,134,14,0,118,14,0,1,0.0,57.5599039948429,frame_fifo_full,,,,,,,,,,,,,,,,,,,,,,,,,,,,,,,,,,,,,,,,,,,,,,,,,,,,,,,,
rsg_object_detection,dropped_oldest,134,rsg_20260806_18_454879999_000134,dropped,True,fifo_cached_frame,135,14,0,119,14,0,1,0.0,36.28880299947923,frame_fifo_full,,,,,,,,,,,,,,,,,,,,,,,,,,,,,,,,,,,,,,,,,,,,,,,,,,,,,,,,
rsg_object_detection,frame_trace,125,rsg_20260806_18_004879999_000125,sent_to_hydra,,,,,,,,,,,493.22750899591483,ok,12.35070699476637,473.62809799960814,6.684189997031353,0.14104799629421905,6.543142000737134,0.00348799949279055,1.0129069996764883,0.326477995258756,284.97822400095174,15.852155003813095,0.004446999810170382,301.16130399983376,119.00776097900234,56.4622659876477,7.701929003815167,24.035116002778523,30.05841200501891,26.652223998098634,3.8359239988494664,1.266942017537076,0.3592140055843629,1.2405739980749786,0.02556700201239437,0.004831999831367284,152.40804499626392,5.8550179965095595,0.1557040013722144,12.993969001399819,0.041151004552375525,7.707687997026369,7.1267919993260875,0.10498700430616736,0.4759089933941141,3.7225880005280487,0.9147669989033602,0.005663998308591545,0.5610260050161742,8,0,8,0,0,,,,,,,,,,,,,,
rsg_object_detection,dropped_oldest,136,rsg_20260806_18_554880000_000136,dropped,True,fifo_cached_frame,137,15,0,120,15,0,1,0.0,56.89145900396397,frame_fifo_full,,,,,,,,,,,,,,,,,,,,,,,,,,,,,,,,,,,,,,,,,,,,,,,,,,,,,,,,
rsg_object_detection,dropped_oldest,137,rsg_20260806_18_604880000_000137,dropped,True,fifo_cached_frame,138,15,0,121,15,0,1,0.0,41.66339899529703,frame_fifo_full,,,,,,,,,,,,,,,,,,,,,,,,,,,,,,,,,,,,,,,,,,,,,,,,,,,,,,,,
rsg_object_detection,dropped_oldest,138,rsg_20260806_18_654879999_000138,dropped,True,fifo_cached_frame,139,15,0,122,15,0,1,0.0,49.626050000370014,frame_fifo_full,,,,,,,,,,,,,,,,,,,,,,,,,,,,,,,,,,,,,,,,,,,,,,,,,,,,,,,,
rsg_object_detection,dropped_oldest,139,rsg_20260806_18_704879999_000139,dropped,True,fifo_cached_frame,140,15,0,123,15,0,1,0.0,48.832811997272074,frame_fifo_full,,,,,,,,,,,,,,,,,,,,,,,,,,,,,,,,,,,,,,,,,,,,,,,,,,,,,,,,
rsg_object_detection,dropped_oldest,140,rsg_20260806_18_754880000_000140,dropped,True,fifo_cached_frame,141,15,0,124,15,0,1,0.0,50.209571003506426,frame_fifo_full,,,,,,,,,,,,,,,,,,,,,,,,,,,,,,,,,,,,,,,,,,,,,,,,,,,,,,,,
rsg_object_detection,dropped_oldest,141,rsg_20260806_18_804880000_000141,dropped,True,fifo_cached_frame,142,15,0,125,15,0,1,0.0,52.442574000451714,frame_fifo_full,,,,,,,,,,,,,,,,,,,,,,,,,,,,,,,,,,,,,,,,,,,,,,,,,,,,,,,,
rsg_object_detection,dropped_oldest,142,rsg_20260806_18_854880000_000142,dropped,True,fifo_cached_frame,143,15,0,126,15,0,1,0.0,56.26077199849533,frame_fifo_full,,,,,,,,,,,,,,,,,,,,,,,,,,,,,,,,,,,,,,,,,,,,,,,,,,,,,,,,
rsg_object_detection,dropped_oldest,143,rsg_20260806_18_904879999_000143,dropped,True,fifo_cached_frame,144,15,0,127,15,0,1,0.0,44.73926899663638,frame_fifo_full,,,,,,,,,,,,,,,,,,,,,,,,,,,,,,,,,,,,,,,,,,,,,,,,,,,,,,,,
rsg_object_detection,dropped_oldest,144,rsg_20260806_18_954879999_000144,dropped,True,fifo_cached_frame,145,15,0,128,15,0,1,0.0,82.54133599984925,frame_fifo_full,,,,,,,,,,,,,,,,,,,,,,,,,,,,,,,,,,,,,,,,,,,,,,,,,,,,,,,,
rsg_object_detection,dropped_oldest,145,rsg_20260806_19_004879999_000145,dropped,True,fifo_cached_frame,146,15,0,129,15,0,1,0.0,15.420081006595865,frame_fifo_full,,,,,,,,,,,,,,,,,,,,,,,,,,,,,,,,,,,,,,,,,,,,,,,,,,,,,,,,
rsg_object_detection,frame_trace,135,rsg_20260806_18_504880000_000135,sent_to_hydra,,,,,,,,,,,580.6593439992866,ok,10.79168699652655,550.6123220038717,18.785375003062654,0.17064699932234362,18.61472800374031,0.0025280023692175746,1.072519000445027,0.273393998213578,393.7947809972684,24.46411499840906,0.0072640032158233225,418.53955399710685,67.056137995678,35.95535000204109,5.031508007959928,11.244910994719248,14.117112012172583,45.523324006353505,3.245748004701454,0.5599699870799668,0.3240790101699531,1.2662049994105473,0.17800700152292848,0.0045439956011250615,118.17257400252856,4.429493994393852,0.12620099732885137,8.23511800263077,0.03686200943775475,5.258058998151682,4.728455001895782,0.09273100295104086,0.43687299330485985,4.585134003718849,0.9430860009160824,0.005407993739936501,0.4674319934565574,8,0,8,0,0,,,,,,,,,,,,,,
rsg_object_detection,dropped_oldest,147,rsg_20260806_19_104880000_000147,dropped,True,fifo_cached_frame,148,16,0,130,16,0,1,0.0,41.33900400483981,frame_fifo_full,,,,,,,,,,,,,,,,,,,,,,,,,,,,,,,,,,,,,,,,,,,,,,,,,,,,,,,,
rsg_object_detection,dropped_oldest,148,rsg_20260806_19_154879999_000148,dropped,True,fifo_cached_frame,149,16,0,131,16,0,1,0.0,53.24666300293757,frame_fifo_full,,,,,,,,,,,,,,,,,,,,,,,,,,,,,,,,,,,,,,,,,,,,,,,,,,,,,,,,
rsg_object_detection,dropped_oldest,149,rsg_20260806_19_204879999_000149,dropped,True,fifo_cached_frame,150,16,0,132,16,0,1,0.0,51.15230999945197,frame_fifo_full,,,,,,,,,,,,,,,,,,,,,,,,,,,,,,,,,,,,,,,,,,,,,,,,,,,,,,,,
rsg_object_detection,dropped_oldest,150,rsg_20260806_19_254880000_000150,dropped,True,fifo_cached_frame,151,16,0,133,16,0,1,0.0,49.45598400081508,frame_fifo_full,,,,,,,,,,,,,,,,,,,,,,,,,,,,,,,,,,,,,,,,,,,,,,,,,,,,,,,,
rsg_object_detection,dropped_oldest,151,rsg_20260806_19_304880000_000151,dropped,True,fifo_cached_frame,152,16,0,134,16,0,1,0.0,49.367956999049056,frame_fifo_full,,,,,,,,,,,,,,,,,,,,,,,,,,,,,,,,,,,,,,,,,,,,,,,,,,,,,,,,
rsg_object_detection,dropped_oldest,152,rsg_20260806_19_354880000_000152,dropped,True,fifo_cached_frame,153,16,0,135,16,0,1,0.0,50.933762002387084,frame_fifo_full,,,,,,,,,,,,,,,,,,,,,,,,,,,,,,,,,,,,,,,,,,,,,,,,,,,,,,,,
rsg_object_detection,dropped_oldest,153,rsg_20260806_19_404879999_000153,dropped,True,fifo_cached_frame,154,16,0,136,16,0,1,0.0,51.556001002609264,frame_fifo_full,,,,,,,,,,,,,,,,,,,,,,,,,,,,,,,,,,,,,,,,,,,,,,,,,,,,,,,,
rsg_object_detection,dropped_oldest,154,rsg_20260806_19_454879999_000154,dropped,True,fifo_cached_frame,155,16,0,137,16,0,1,0.0,48.355818005802575,frame_fifo_full,,,,,,,,,,,,,,,,,,,,,,,,,,,,,,,,,,,,,,,,,,,,,,,,,,,,,,,,
rsg_object_detection,dropped_oldest,155,rsg_20260806_19_504880000_000155,dropped,True,fifo_cached_frame,156,16,0,138,16,0,1,0.0,63.629765005316585,frame_fifo_full,,,,,,,,,,,,,,,,,,,,,,,,,,,,,,,,,,,,,,,,,,,,,,,,,,,,,,,,
rsg_object_detection,dropped_oldest,156,rsg_20260806_19_554880000_000156,dropped,True,fifo_cached_frame,157,16,0,139,16,0,1,0.0,50.449851994926576,frame_fifo_full,,,,,,,,,,,,,,,,,,,,,,,,,,,,,,,,,,,,,,,,,,,,,,,,,,,,,,,,
rsg_object_detection,dropped_oldest,157,rsg_20260806_19_604880000_000157,dropped,True,fifo_cached_frame,158,16,0,140,16,0,1,0.0,30.714669002918527,frame_fifo_full,,,,,,,,,,,,,,,,,,,,,,,,,,,,,,,,,,,,,,,,,,,,,,,,,,,,,,,,
rsg_object_detection,frame_trace,146,rsg_20260806_19_054880000_000146,sent_to_hydra,,,,,,,,,,,623.1980140000815,ok,9.8494319972815,568.7869000030332,43.972944004053716,0.13292099902173504,43.84002300503198,0.0030719966161996126,2.3272049947991036,0.31089600088307634,367.18559600558365,22.178767001605593,0.007614995411131531,389.68287400348345,110.47772700112546,33.23015000205487,6.673311996564735,44.914240010257345,24.884735998057295,41.1202309987857,3.387182005099021,0.5296679955790751,0.35572399792727083,1.2589089965331368,0.03075099812122062,0.005087000317871571,157.18079899670556,7.745224000245798,0.1425520022166893,11.664920995826833,0.043325009755790234,5.066741003247444,4.4442770013120025,0.10098700295202434,0.5214769989834167,3.8705159968230873,0.9062559984158725,0.005918998795095831,0.5856659990968183,8,0,8,0,0,,,,,,,,,,,,,,
rsg_object_detection,dropped_oldest,159,rsg_20260806_19_704879999_000159,dropped,True,fifo_cached_frame,160,17,0,141,17,0,1,0.0,48.21854500187328,frame_fifo_full,,,,,,,,,,,,,,,,,,,,,,,,,,,,,,,,,,,,,,,,,,,,,,,,,,,,,,,,
rsg_object_detection,dropped_oldest,160,rsg_20260806_19_754880000_000160,dropped,True,fifo_cached_frame,161,17,0,142,17,0,1,0.0,60.2247599963448,frame_fifo_full,,,,,,,,,,,,,,,,,,,,,,,,,,,,,,,,,,,,,,,,,,,,,,,,,,,,,,,,
rsg_object_detection,dropped_oldest,161,rsg_20260806_19_804880000_000161,dropped,True,fifo_cached_frame,162,17,0,143,17,0,1,0.0,42.205229998216964,frame_fifo_full,,,,,,,,,,,,,,,,,,,,,,,,,,,,,,,,,,,,,,,,,,,,,,,,,,,,,,,,
rsg_object_detection,dropped_oldest,162,rsg_20260806_19_854880000_000162,dropped,True,fifo_cached_frame,163,17,0,144,17,0,1,0.0,50.56082200462697,frame_fifo_full,,,,,,,,,,,,,,,,,,,,,,,,,,,,,,,,,,,,,,,,,,,,,,,,,,,,,,,,
rsg_object_detection,dropped_oldest,163,rsg_20260806_19_904879999_000163,dropped,True,fifo_cached_frame,164,17,0,145,17,0,1,0.0,59.345221998228226,frame_fifo_full,,,,,,,,,,,,,,,,,,,,,,,,,,,,,,,,,,,,,,,,,,,,,,,,,,,,,,,,
rsg_object_detection,dropped_oldest,164,rsg_20260806_19_954879999_000164,dropped,True,fifo_cached_frame,165,17,0,146,17,0,1,0.0,42.01192899927264,frame_fifo_full,,,,,,,,,,,,,,,,,,,,,,,,,,,,,,,,,,,,,,,,,,,,,,,,,,,,,,,,
rsg_object_detection,dropped_oldest,165,rsg_20260806_20_004879999_000165,dropped,True,fifo_cached_frame,166,17,0,147,17,0,1,0.0,48.097528000653256,frame_fifo_full,,,,,,,,,,,,,,,,,,,,,,,,,,,,,,,,,,,,,,,,,,,,,,,,,,,,,,,,
rsg_object_detection,dropped_oldest,166,rsg_20260806_20_054880000_000166,dropped,True,fifo_cached_frame,167,17,0,148,17,0,1,0.0,49.89958000078332,frame_fifo_full,,,,,,,,,,,,,,,,,,,,,,,,,,,,,,,,,,,,,,,,,,,,,,,,,,,,,,,,
rsg_object_detection,dropped_oldest,167,rsg_20260806_20_104880000_000167,dropped,True,fifo_cached_frame,168,17,0,149,17,0,1,0.0,50.204396997287404,frame_fifo_full,,,,,,,,,,,,,,,,,,,,,,,,,,,,,,,,,,,,,,,,,,,,,,,,,,,,,,,,
rsg_object_detection,frame_trace,158,rsg_20260806_19_654879999_000158,sent_to_hydra,,,,,,,,,,,531.7219540011138,ok,8.905226997740101,491.1083500046516,31.156885001109913,0.13356100680539384,31.02332399430452,0.0028800059226341546,0.9774529971764423,0.18274200556334108,334.76887400320265,21.245215000817552,0.00687999272486195,356.2037110023084,68.47092100360896,17.48071298789,4.918332997476682,32.98908000579104,12.47319801041158,29.6863090043189,8.187086990801618,0.6972439950914122,0.3541590049280785,1.6585369958193041,0.21467600163305178,0.005056004738435149,109.28921999584418,14.894031999574509,0.14325600204756483,9.56173699523788,0.038941012462601066,4.633869000826962,4.082664992893115,0.08601199806435034,0.46519200986949727,3.4390510045341216,0.8280850015580654,0.00422199082095176,0.5486119916895404,8,0,8,0,0,,,,,,,,,,,,,,
rsg_object_detection,dropped_oldest,169,rsg_20260806_20_204879999_000169,dropped,True,fifo_cached_frame,170,18,0,150,18,0,1,0.0,51.371023000683635,frame_fifo_full,,,,,,,,,,,,,,,,,,,,,,,,,,,,,,,,,,,,,,,,,,,,,,,,,,,,,,,,
rsg_object_detection,dropped_oldest,170,rsg_20260806_20_254880000_000170,dropped,True,fifo_cached_frame,171,18,0,151,18,0,1,0.0,54.54720900161192,frame_fifo_full,,,,,,,,,,,,,,,,,,,,,,,,,,,,,,,,,,,,,,,,,,,,,,,,,,,,,,,,
rsg_object_detection,dropped_oldest,171,rsg_20260806_20_304880000_000171,dropped,True,fifo_cached_frame,172,18,0,152,18,0,1,0.0,45.11967299913522,frame_fifo_full,,,,,,,,,,,,,,,,,,,,,,,,,,,,,,,,,,,,,,,,,,,,,,,,,,,,,,,,
rsg_object_detection,dropped_oldest,172,rsg_20260806_20_354880000_000172,dropped,True,fifo_cached_frame,173,18,0,153,18,0,1,0.0,51.073278998956084,frame_fifo_full,,,,,,,,,,,,,,,,,,,,,,,,,,,,,,,,,,,,,,,,,,,,,,,,,,,,,,,,
rsg_object_detection,dropped_oldest,173,rsg_20260806_20_404879999_000173,dropped,True,fifo_cached_frame,174,18,0,154,18,0,1,0.0,51.40103799931239,frame_fifo_full,,,,,,,,,,,,,,,,,,,,,,,,,,,,,,,,,,,,,,,,,,,,,,,,,,,,,,,,
rsg_object_detection,dropped_oldest,174,rsg_20260806_20_454879999_000174,dropped,True,fifo_cached_frame,175,18,0,155,18,0,1,0.0,48.90705699654063,frame_fifo_full,,,,,,,,,,,,,,,,,,,,,,,,,,,,,,,,,,,,,,,,,,,,,,,,,,,,,,,,
rsg_object_detection,dropped_oldest,175,rsg_20260806_20_504880000_000175,dropped,True,fifo_cached_frame,176,18,0,156,18,0,1,0.0,83.52974599984009,frame_fifo_full,,,,,,,,,,,,,,,,,,,,,,,,,,,,,,,,,,,,,,,,,,,,,,,,,,,,,,,,
rsg_object_detection,dropped_oldest,176,rsg_20260806_20_554880000_000176,dropped,True,fifo_cached_frame,177,18,0,157,18,0,1,0.0,23.366802000964526,frame_fifo_full,,,,,,,,,,,,,,,,,,,,,,,,,,,,,,,,,,,,,,,,,,,,,,,,,,,,,,,,
rsg_object_detection,dropped_oldest,177,rsg_20260806_20_604880000_000177,dropped,True,fifo_cached_frame,178,18,0,158,18,0,1,0.0,60.26773899793625,frame_fifo_full,,,,,,,,,,,,,,,,,,,,,,,,,,,,,,,,,,,,,,,,,,,,,,,,,,,,,,,,
rsg_object_detection,frame_trace,168,rsg_20260806_20_154879999_000168,sent_to_hydra,,,,,,,,,,,517.9679310022038,ok,12.423282001691405,471.2896199998795,33.60216700093588,0.13410500105237588,33.4680619998835,0.0027839996619150043,1.2235200047143735,0.17570299678482115,320.3325440044864,26.988178993633483,0.006464004400186241,347.5028899993049,53.62936899473425,20.857430004980415,5.6300069991266355,11.632507004833315,14.917775995854754,32.41134900599718,4.153093999775592,0.4707589978352189,0.3234710020478815,1.7106619998230599,1.936762004334014,0.005118999979458749,94.65527200518409,18.630795006174594,0.13464900257531554,9.09324899839703,0.049244983529206365,4.850081000768114,4.235808999510482,0.09170699922833592,0.522565002029296,3.473353004665114,4.095047996088397,0.004800000169780105,0.6500780000351369,8,0,8,0,0,,,,,,,,,,,,,,
rsg_object_detection,dropped_oldest,179,rsg_20260806_20_704879999_000179,dropped,True,fifo_cached_frame,180,19,0,159,19,0,1,0.0,40.85458500048844,frame_fifo_full,,,,,,,,,,,,,,,,,,,,,,,,,,,,,,,,,,,,,,,,,,,,,,,,,,,,,,,,
rsg_object_detection,dropped_oldest,180,rsg_20260806_20_754880000_000180,dropped,True,fifo_cached_frame,181,19,0,160,19,0,1,0.0,52.14503000024706,frame_fifo_full,,,,,,,,,,,,,,,,,,,,,,,,,,,,,,,,,,,,,,,,,,,,,,,,,,,,,,,,
rsg_object_detection,dropped_oldest,181,rsg_20260806_20_804880000_000181,dropped,True,fifo_cached_frame,182,19,0,161,19,0,1,0.0,50.7080829993356,frame_fifo_full,,,,,,,,,,,,,,,,,,,,,,,,,,,,,,,,,,,,,,,,,,,,,,,,,,,,,,,,
rsg_object_detection,dropped_oldest,182,rsg_20260806_20_854880000_000182,dropped,True,fifo_cached_frame,183,19,0,162,19,0,1,0.0,51.92289799742866,frame_fifo_full,,,,,,,,,,,,,,,,,,,,,,,,,,,,,,,,,,,,,,,,,,,,,,,,,,,,,,,,
rsg_object_detection,dropped_oldest,183,rsg_20260806_20_904879999_000183,dropped,True,fifo_cached_frame,184,19,0,163,19,0,1,0.0,46.475696995912585,frame_fifo_full,,,,,,,,,,,,,,,,,,,,,,,,,,,,,,,,,,,,,,,,,,,,,,,,,,,,,,,,
rsg_object_detection,dropped_oldest,184,rsg_20260806_20_954879999_000184,dropped,True,fifo_cached_frame,185,19,0,164,19,0,1,0.0,50.16206299478654,frame_fifo_full,,,,,,,,,,,,,,,,,,,,,,,,,,,,,,,,,,,,,,,,,,,,,,,,,,,,,,,,
rsg_object_detection,dropped_oldest,185,rsg_20260806_21_004879999_000185,dropped,True,fifo_cached_frame,186,19,0,165,19,0,1,0.0,64.50457200116944,frame_fifo_full,,,,,,,,,,,,,,,,,,,,,,,,,,,,,,,,,,,,,,,,,,,,,,,,,,,,,,,,
rsg_object_detection,dropped_oldest,186,rsg_20260806_21_054880000_000186,dropped,True,fifo_cached_frame,187,19,0,166,19,0,1,0.0,40.575275001174305,frame_fifo_full,,,,,,,,,,,,,,,,,,,,,,,,,,,,,,,,,,,,,,,,,,,,,,,,,,,,,,,,
rsg_object_detection,dropped_oldest,187,rsg_20260806_21_104880000_000187,dropped,True,fifo_cached_frame,188,19,0,167,19,0,1,0.0,45.2564369988977,frame_fifo_full,,,,,,,,,,,,,,,,,,,,,,,,,,,,,,,,,,,,,,,,,,,,,,,,,,,,,,,,
rsg_object_detection,dropped_oldest,188,rsg_20260806_21_154879999_000188,dropped,True,fifo_cached_frame,189,19,0,168,19,0,1,0.0,57.33394699927885,frame_fifo_full,,,,,,,,,,,,,,,,,,,,,,,,,,,,,,,,,,,,,,,,,,,,,,,,,,,,,,,,
rsg_object_detection,dropped_oldest,189,rsg_20260806_21_204879999_000189,dropped,True,fifo_cached_frame,190,19,0,169,19,0,1,0.0,43.276349002553616,frame_fifo_full,,,,,,,,,,,,,,,,,,,,,,,,,,,,,,,,,,,,,,,,,,,,,,,,,,,,,,,,
rsg_object_detection,frame_trace,178,rsg_20260806_20_654879999_000178,sent_to_hydra,,,,,,,,,,,610.636607001652,ok,9.298422999563627,595.3132530048606,5.507038003997877,0.13372100511332974,5.3733169988845475,0.002688000677153468,1.5726860001450405,0.18782999541144818,328.30991499940865,14.961740002036095,0.006112000846769661,343.46559699770296,173.78721499699168,32.22009899036493,10.707950008509215,112.88852599682286,17.279795007198118,25.962636005715467,7.384283991996199,2.1148960004211403,4.298718005884439,1.5549590025329962,0.19330100622028112,0.005631998647004366,215.31629599485314,24.114668995025568,0.17122300050687045,10.6319539991091,0.04082801751792431,5.171279997739475,4.58388799597742,0.08751499990466982,0.49987700185738504,3.371855003933888,0.7507759946747683,0.004512003215495497,0.5152049925527535,8,0,8,0,0,,,,,,,,,,,,,,
rsg_object_detection,dropped_oldest,191,rsg_20260806_21_304880000_000191,dropped,True,fifo_cached_frame,192,20,0,170,20,0,1,0.0,51.54177099757362,frame_fifo_full,,,,,,,,,,,,,,,,,,,,,,,,,,,,,,,,,,,,,,,,,,,,,,,,,,,,,,,,
rsg_object_detection,dropped_oldest,192,rsg_20260806_21_354880000_000192,dropped,True,fifo_cached_frame,193,20,0,171,20,0,1,0.0,51.74230400007218,frame_fifo_full,,,,,,,,,,,,,,,,,,,,,,,,,,,,,,,,,,,,,,,,,,,,,,,,,,,,,,,,
rsg_object_detection,dropped_oldest,193,rsg_20260806_21_404879999_000193,dropped,True,fifo_cached_frame,194,20,0,172,20,0,1,0.0,52.253125999413896,frame_fifo_full,,,,,,,,,,,,,,,,,,,,,,,,,,,,,,,,,,,,,,,,,,,,,,,,,,,,,,,,
rsg_object_detection,dropped_oldest,194,rsg_20260806_21_454879999_000194,dropped,True,fifo_cached_frame,195,20,0,173,20,0,1,0.0,47.700789000373334,frame_fifo_full,,,,,,,,,,,,,,,,,,,,,,,,,,,,,,,,,,,,,,,,,,,,,,,,,,,,,,,,
rsg_object_detection,dropped_oldest,195,rsg_20260806_21_504880000_000195,dropped,True,fifo_cached_frame,196,20,0,174,20,0,1,0.0,50.7935549976537,frame_fifo_full,,,,,,,,,,,,,,,,,,,,,,,,,,,,,,,,,,,,,,,,,,,,,,,,,,,,,,,,
rsg_object_detection,dropped_oldest,196,rsg_20260806_21_554880000_000196,dropped,True,fifo_cached_frame,197,20,0,175,20,0,1,0.0,50.40621499938425,frame_fifo_full,,,,,,,,,,,,,,,,,,,,,,,,,,,,,,,,,,,,,,,,,,,,,,,,,,,,,,,,
rsg_object_detection,dropped_oldest,197,rsg_20260806_21_604880000_000197,dropped,True,fifo_cached_frame,198,20,0,176,20,0,1,0.0,50.50281800504308,frame_fifo_full,,,,,,,,,,,,,,,,,,,,,,,,,,,,,,,,,,,,,,,,,,,,,,,,,,,,,,,,
rsg_object_detection,dropped_oldest,198,rsg_20260806_21_654879999_000198,dropped,True,fifo_cached_frame,199,20,0,177,20,0,1,0.0,46.1124240027857,frame_fifo_full,,,,,,,,,,,,,,,,,,,,,,,,,,,,,,,,,,,,,,,,,,,,,,,,,,,,,,,,
rsg_object_detection,dropped_oldest,199,rsg_20260806_21_704879999_000199,dropped,True,fifo_cached_frame,200,20,0,178,20,0,1,0.0,55.267335003009066,frame_fifo_full,,,,,,,,,,,,,,,,,,,,,,,,,,,,,,,,,,,,,,,,,,,,,,,,,,,,,,,,
rsg_object_detection,frame_trace,190,rsg_20260806_21_254880000_000190,sent_to_hydra,,,,,,,,,,,533.9962229991215,ok,8.996392003609799,493.2955460026278,31.117467995500192,0.13999200018588454,30.977475995314308,0.005631998647004366,1.004331003059633,0.21621299674734473,336.0126119951019,23.309335003432352,0.007456001185346395,359.54561599646695,75.72267701470992,20.506665990978945,5.102517985505983,29.954393998195883,19.442882017756347,17.98900600260822,5.147985997609794,4.103145001863595,0.45466298615792766,4.497394998907112,0.050076996558345854,0.006271999154705554,107.98994099604897,8.611994999228045,0.1357689980068244,15.967257000738755,0.040637009078636765,4.703496997535694,4.088137000508141,0.0864589965203777,0.5289010005071759,3.6419530006241985,0.6454060057876632,0.00553599966224283,0.5811849987367168,8,0,8,0,0,,,,,,,,,,,,,,
rsg_object_detection,dropped_oldest,201,rsg_20260806_21_804880000_000201,dropped,True,fifo_cached_frame,202,21,0,179,21,0,1,0.0,52.60296400228981,frame_fifo_full,,,,,,,,,,,,,,,,,,,,,,,,,,,,,,,,,,,,,,,,,,,,,,,,,,,,,,,,
rsg_object_detection,dropped_oldest,202,rsg_20260806_21_854880000_000202,dropped,True,fifo_cached_frame,203,21,0,180,21,0,1,0.0,52.01729799591703,frame_fifo_full,,,,,,,,,,,,,,,,,,,,,,,,,,,,,,,,,,,,,,,,,,,,,,,,,,,,,,,,
rsg_object_detection,dropped_oldest,203,rsg_20260806_21_904879999_000203,dropped,True,fifo_cached_frame,204,21,0,181,21,0,1,0.0,50.94708200340392,frame_fifo_full,,,,,,,,,,,,,,,,,,,,,,,,,,,,,,,,,,,,,,,,,,,,,,,,,,,,,,,,
rsg_object_detection,dropped_oldest,204,rsg_20260806_21_954879999_000204,dropped,True,fifo_cached_frame,205,21,0,182,21,0,1,0.0,51.13542500475887,frame_fifo_full,,,,,,,,,,,,,,,,,,,,,,,,,,,,,,,,,,,,,,,,,,,,,,,,,,,,,,,,
rsg_object_detection,dropped_oldest,205,rsg_20260806_22_004879999_000205,dropped,True,fifo_cached_frame,206,21,0,183,21,0,1,0.0,47.67605400411412,frame_fifo_full,,,,,,,,,,,,,,,,,,,,,,,,,,,,,,,,,,,,,,,,,,,,,,,,,,,,,,,,
rsg_object_detection,dropped_oldest,206,rsg_20260806_22_054880000_000206,dropped,True,fifo_cached_frame,207,21,0,184,21,0,1,0.0,52.3640039973543,frame_fifo_full,,,,,,,,,,,,,,,,,,,,,,,,,,,,,,,,,,,,,,,,,,,,,,,,,,,,,,,,
rsg_object_detection,dropped_oldest,207,rsg_20260806_22_104880000_000207,dropped,True,fifo_cached_frame,208,21,0,185,21,0,1,0.0,47.77662900596624,frame_fifo_full,,,,,,,,,,,,,,,,,,,,,,,,,,,,,,,,,,,,,,,,,,,,,,,,,,,,,,,,
rsg_object_detection,dropped_oldest,208,rsg_20260806_22_154879999_000208,dropped,True,fifo_cached_frame,209,21,0,186,21,0,1,0.0,46.39596600463847,frame_fifo_full,,,,,,,,,,,,,,,,,,,,,,,,,,,,,,,,,,,,,,,,,,,,,,,,,,,,,,,,
rsg_object_detection,dropped_oldest,209,rsg_20260806_22_204879999_000209,dropped,True,fifo_cached_frame,210,21,0,187,21,0,1,0.0,54.605327000899706,frame_fifo_full,,,,,,,,,,,,,,,,,,,,,,,,,,,,,,,,,,,,,,,,,,,,,,,,,,,,,,,,
rsg_object_detection,frame_trace,200,rsg_20260806_21_754880000_000200,sent_to_hydra,,,,,,,,,,,514.469203997578,ok,12.914169994473923,464.48901400435716,36.42570199735928,0.13100200158078223,36.2946999957785,0.0012800010154023767,2.7258409973001108,0.1823899947339669,331.08766099758213,24.166315997717902,0.007520007784478366,355.4438869978185,62.60807400394697,27.647128008538857,5.061303003458306,15.191201986453962,14.095162005105522,19.385671002964955,3.1353870072052814,0.43239500519121066,0.32820598426042125,1.3853030031896196,0.029054004698991776,0.004768000508192927,87.32376999978442,3.0648949978058226,0.17771899729268625,15.715623005235102,0.03727900912053883,4.681289996369742,4.226338001899421,0.0998659961624071,0.35508599830791354,7.536661003541667,0.6914839977980591,0.004734996764454991,0.6390380003722385,8,0,8,0,0,,,,,,,,,,,,,,
rsg_object_detection,dropped_oldest,211,rsg_20260806_22_304880000_000211,dropped,True,fifo_cached_frame,212,22,0,188,22,0,1,0.0,42.2887569948216,frame_fifo_full,,,,,,,,,,,,,,,,,,,,,,,,,,,,,,,,,,,,,,,,,,,,,,,,,,,,,,,,
rsg_object_detection,dropped_oldest,212,rsg_20260806_22_354880000_000212,dropped,True,fifo_cached_frame,213,22,0,189,22,0,1,0.0,49.04059499676805,frame_fifo_full,,,,,,,,,,,,,,,,,,,,,,,,,,,,,,,,,,,,,,,,,,,,,,,,,,,,,,,,
rsg_object_detection,dropped_oldest,213,rsg_20260806_22_404879999_000213,dropped,True,fifo_cached_frame,214,22,0,190,22,0,1,0.0,61.63724599900888,frame_fifo_full,,,,,,,,,,,,,,,,,,,,,,,,,,,,,,,,,,,,,,,,,,,,,,,,,,,,,,,,
rsg_object_detection,dropped_oldest,214,rsg_20260806_22_454879999_000214,dropped,True,fifo_cached_frame,215,22,0,191,22,0,1,0.0,39.088252997316886,frame_fifo_full,,,,,,,,,,,,,,,,,,,,,,,,,,,,,,,,,,,,,,,,,,,,,,,,,,,,,,,,
rsg_object_detection,dropped_oldest,215,rsg_20260806_22_504880000_000215,dropped,True,fifo_cached_frame,216,22,0,192,22,0,1,0.0,51.81545700179413,frame_fifo_full,,,,,,,,,,,,,,,,,,,,,,,,,,,,,,,,,,,,,,,,,,,,,,,,,,,,,,,,
rsg_object_detection,dropped_oldest,216,rsg_20260806_22_554880000_000216,dropped,True,fifo_cached_frame,217,22,0,193,22,0,1,0.0,50.05654099659296,frame_fifo_full,,,,,,,,,,,,,,,,,,,,,,,,,,,,,,,,,,,,,,,,,,,,,,,,,,,,,,,,
rsg_object_detection,dropped_oldest,217,rsg_20260806_22_604880000_000217,dropped,True,fifo_cached_frame,218,22,0,194,22,0,1,0.0,48.04176800098503,frame_fifo_full,,,,,,,,,,,,,,,,,,,,,,,,,,,,,,,,,,,,,,,,,,,,,,,,,,,,,,,,
rsg_object_detection,dropped_oldest,218,rsg_20260806_22_654879999_000218,dropped,True,fifo_cached_frame,219,22,0,195,22,0,1,0.0,70.13462399481796,frame_fifo_full,,,,,,,,,,,,,,,,,,,,,,,,,,,,,,,,,,,,,,,,,,,,,,,,,,,,,,,,
rsg_object_detection,dropped_oldest,219,rsg_20260806_22_704879999_000219,dropped,True,fifo_cached_frame,220,22,0,196,22,0,1,0.0,34.262330998899415,frame_fifo_full,,,,,,,,,,,,,,,,,,,,,,,,,,,,,,,,,,,,,,,,,,,,,,,,,,,,,,,,
rsg_object_detection,dropped_oldest,220,rsg_20260806_22_754880000_000220,dropped,True,fifo_cached_frame,221,22,0,197,23,0,1,0.0,51.67312899720855,frame_fifo_full,,,,,,,,,,,,,,,,,,,,,,,,,,,,,,,,,,,,,,,,,,,,,,,,,,,,,,,,
rsg_object_detection,frame_trace,210,rsg_20260806_22_254880000_000210,sent_to_hydra,,,,,,,,,,,546.3382469970384,ok,11.453062994405627,514.2927920023794,19.813264996628277,0.13272900105221197,19.680535995576065,0.005088004400022328,0.960876997851301,0.17602300067665055,353.18217299936805,31.54666499904124,0.0074880008469335735,384.9123489999329,74.19953100179555,21.301761007634923,9.011240006657317,25.8530110004358,17.306964015006088,31.963666995579842,4.327129987359513,1.0797849972732365,0.36785402335226536,2.067508001346141,0.03388600453035906,0.0046389977796934545,114.06044699833728,4.23990599665558,0.1532399983261712,9.918071002175566,0.04790200910065323,7.033679001324344,6.329235999146476,0.10729000496212393,0.5971529972157441,3.735996004252229,0.6788760001654737,0.004511988663580269,0.774038999225013,8,0,8,0,0,,,,,,,,,,,,,,
rsg_object_detection,dropped_oldest,222,rsg_20260806_22_854880000_000222,dropped,True,fifo_cached_frame,223,23,0,198,23,0,1,0.0,52.3622129985597,frame_fifo_full,,,,,,,,,,,,,,,,,,,,,,,,,,,,,,,,,,,,,,,,,,,,,,,,,,,,,,,,
rsg_object_detection,dropped_oldest,223,rsg_20260806_22_904879999_000223,dropped,True,fifo_cached_frame,224,23,0,199,23,0,1,0.0,52.15489599504508,frame_fifo_full,,,,,,,,,,,,,,,,,,,,,,,,,,,,,,,,,,,,,,,,,,,,,,,,,,,,,,,,
rsg_object_detection,dropped_oldest,224,rsg_20260806_22_954879999_000224,dropped,True,fifo_cached_frame,225,23,0,200,23,0,1,0.0,50.676860999374185,frame_fifo_full,,,,,,,,,,,,,,,,,,,,,,,,,,,,,,,,,,,,,,,,,,,,,,,,,,,,,,,,
rsg_object_detection,dropped_oldest,225,rsg_20260806_23_004879999_000225,dropped,True,fifo_cached_frame,226,23,0,201,23,0,1,0.0,50.82712500006892,frame_fifo_full,,,,,,,,,,,,,,,,,,,,,,,,,,,,,,,,,,,,,,,,,,,,,,,,,,,,,,,,
rsg_object_detection,dropped_oldest,226,rsg_20260806_23_054880000_000226,dropped,True,fifo_cached_frame,227,23,0,202,23,0,1,0.0,49.18913499568589,frame_fifo_full,,,,,,,,,,,,,,,,,,,,,,,,,,,,,,,,,,,,,,,,,,,,,,,,,,,,,,,,
rsg_object_detection,dropped_oldest,227,rsg_20260806_23_104880000_000227,dropped,True,fifo_cached_frame,228,23,0,203,23,0,1,0.0,51.903361003496684,frame_fifo_full,,,,,,,,,,,,,,,,,,,,,,,,,,,,,,,,,,,,,,,,,,,,,,,,,,,,,,,,
rsg_object_detection,dropped_oldest,228,rsg_20260806_23_154879999_000228,dropped,True,fifo_cached_frame,229,23,0,204,23,0,1,0.0,59.73578300472582,frame_fifo_full,,,,,,,,,,,,,,,,,,,,,,,,,,,,,,,,,,,,,,,,,,,,,,,,,,,,,,,,
rsg_object_detection,dropped_oldest,229,rsg_20260806_23_204879999_000229,dropped,True,fifo_cached_frame,230,23,0,205,23,0,1,0.0,44.84155600221129,frame_fifo_full,,,,,,,,,,,,,,,,,,,,,,,,,,,,,,,,,,,,,,,,,,,,,,,,,,,,,,,,
rsg_object_detection,dropped_oldest,230,rsg_20260806_23_254880000_000230,dropped,True,fifo_cached_frame,231,23,0,206,23,0,1,0.0,51.24921999959042,frame_fifo_full,,,,,,,,,,,,,,,,,,,,,,,,,,,,,,,,,,,,,,,,,,,,,,,,,,,,,,,,
rsg_object_detection,dropped_oldest,231,rsg_20260806_23_304880000_000231,dropped,True,fifo_cached_frame,232,23,0,207,23,0,1,0.0,49.1364670015173,frame_fifo_full,,,,,,,,,,,,,,,,,,,,,,,,,,,,,,,,,,,,,,,,,,,,,,,,,,,,,,,,
rsg_object_detection,frame_trace,221,rsg_20260806_22_804880000_000221,sent_to_hydra,,,,,,,,,,,565.291425002215,ok,16.778480996435974,545.8669060026295,1.8997730003320612,0.15631200221832842,1.7434609981137328,0.003807996108662337,1.4961140041123144,0.1678629996604286,348.87607199925696,25.40017300634645,0.005951995262876153,374.4500600005267,97.97713899752125,47.30488200584659,10.586005002551246,20.71517099830089,18.61771399853751,32.72951699909754,17.543144000228494,2.2942459836485796,0.40942402119981125,2.596184000140056,0.05455700011225417,0.009536001016385853,153.66395200544503,5.928041005972773,0.19848599913530052,10.08622300287243,0.04402998456498608,11.530020005011465,10.64037100150017,0.16367199714295566,0.7259770063683391,4.301949993532617,0.9406229946762323,0.00588800321565941,0.7424570067087188,8,0,8,0,0,,,,,,,,,,,,,,
rsg_object_detection,dropped_oldest,233,rsg_20260806_23_404879999_000233,dropped,True,fifo_cached_frame,234,24,0,208,24,0,1,0.0,38.3794619992841,frame_fifo_full,,,,,,,,,,,,,,,,,,,,,,,,,,,,,,,,,,,,,,,,,,,,,,,,,,,,,,,,
rsg_object_detection,dropped_oldest,234,rsg_20260806_23_454879999_000234,dropped,True,fifo_cached_frame,235,24,0,209,24,0,1,0.0,51.226308998593595,frame_fifo_full,,,,,,,,,,,,,,,,,,,,,,,,,,,,,,,,,,,,,,,,,,,,,,,,,,,,,,,,
rsg_object_detection,dropped_oldest,235,rsg_20260806_23_504880000_000235,dropped,True,fifo_cached_frame,236,24,0,210,24,0,1,0.0,52.45597299654037,frame_fifo_full,,,,,,,,,,,,,,,,,,,,,,,,,,,,,,,,,,,,,,,,,,,,,,,,,,,,,,,,
rsg_object_detection,dropped_oldest,236,rsg_20260806_23_554880000_000236,dropped,True,fifo_cached_frame,237,24,0,211,24,0,1,0.0,51.1262820000411,frame_fifo_full,,,,,,,,,,,,,,,,,,,,,,,,,,,,,,,,,,,,,,,,,,,,,,,,,,,,,,,,
rsg_object_detection,dropped_oldest,237,rsg_20260806_23_604880000_000237,dropped,True,fifo_cached_frame,238,24,0,212,24,0,1,0.0,57.857225998304784,frame_fifo_full,,,,,,,,,,,,,,,,,,,,,,,,,,,,,,,,,,,,,,,,,,,,,,,,,,,,,,,,
rsg_object_detection,dropped_oldest,238,rsg_20260806_23_654879999_000238,dropped,True,fifo_cached_frame,239,24,0,213,24,0,1,0.0,41.425733994401526,frame_fifo_full,,,,,,,,,,,,,,,,,,,,,,,,,,,,,,,,,,,,,,,,,,,,,,,,,,,,,,,,
rsg_object_detection,dropped_oldest,239,rsg_20260806_23_704879999_000239,dropped,True,fifo_cached_frame,240,24,0,214,24,0,1,0.0,48.0342520022532,frame_fifo_full,,,,,,,,,,,,,,,,,,,,,,,,,,,,,,,,,,,,,,,,,,,,,,,,,,,,,,,,
rsg_object_detection,dropped_oldest,240,rsg_20260806_23_754880000_000240,dropped,True,fifo_cached_frame,241,24,0,215,24,0,1,0.0,69.94852799834916,frame_fifo_full,,,,,,,,,,,,,,,,,,,,,,,,,,,,,,,,,,,,,,,,,,,,,,,,,,,,,,,,
rsg_object_detection,dropped_oldest,241,rsg_20260806_23_804880000_000241,dropped,True,fifo_cached_frame,242,24,0,216,24,0,1,0.0,35.23204199882457,frame_fifo_full,,,,,,,,,,,,,,,,,,,,,,,,,,,,,,,,,,,,,,,,,,,,,,,,,,,,,,,,
rsg_object_detection,dropped_oldest,242,rsg_20260806_23_854880000_000242,dropped,True,fifo_cached_frame,243,24,0,217,24,0,1,0.0,51.30547299631871,frame_fifo_full,,,,,,,,,,,,,,,,,,,,,,,,,,,,,,,,,,,,,,,,,,,,,,,,,,,,,,,,
rsg_object_detection,frame_trace,232,rsg_20260806_23_354880000_000232,sent_to_hydra,,,,,,,,,,,573.3713760055252,ok,9.282650004024617,545.8392500004265,17.692289002297912,0.1794460040400736,17.512842998257838,0.0023040047381073236,0.9855159951257519,0.17426299746148288,355.82008300116286,30.869934998918325,0.0072640032158233225,386.8715450007585,84.19664701068541,40.61336197628407,5.403940012911335,18.708843002968933,18.814087998180185,28.668897997704335,4.456148999452125,0.9957890069927089,0.35060498339589685,2.1348320005927235,0.03334299981361255,0.005023000994697213,120.85792500147363,26.909599000646267,0.15064800390973687,10.026611002103891,0.037405996408779174,4.963643994415179,4.4015290040988475,0.09353100176667795,0.46858398854965344,3.6053790026926436,0.7089549981174059,0.004672008799389005,0.5548829940380529,8,0,8,0,0,,,,,,,,,,,,,,
rsg_object_detection,dropped_oldest,244,rsg_20260806_23_954879999_000244,dropped,True,fifo_cached_frame,245,25,0,218,25,0,1,0.0,53.93051999999443,frame_fifo_full,,,,,,,,,,,,,,,,,,,,,,,,,,,,,,,,,,,,,,,,,,,,,,,,,,,,,,,,
rsg_object_detection,dropped_oldest,245,rsg_20260806_24_004879999_000245,dropped,True,fifo_cached_frame,246,25,0,219,25,0,1,0.0,49.20948600192787,frame_fifo_full,,,,,,,,,,,,,,,,,,,,,,,,,,,,,,,,,,,,,,,,,,,,,,,,,,,,,,,,
rsg_object_detection,dropped_oldest,246,rsg_20260806_24_054880000_000246,dropped,True,fifo_cached_frame,247,25,0,220,25,0,1,0.0,51.0126279987162,frame_fifo_full,,,,,,,,,,,,,,,,,,,,,,,,,,,,,,,,,,,,,,,,,,,,,,,,,,,,,,,,
rsg_object_detection,dropped_oldest,247,rsg_20260806_24_104880000_000247,dropped,True,fifo_cached_frame,248,25,0,221,25,0,1,0.0,49.74901400419185,frame_fifo_full,,,,,,,,,,,,,,,,,,,,,,,,,,,,,,,,,,,,,,,,,,,,,,,,,,,,,,,,
rsg_object_detection,dropped_oldest,248,rsg_20260806_24_154879999_000248,dropped,True,fifo_cached_frame,249,25,0,222,25,0,1,0.0,48.59576300077606,frame_fifo_full,,,,,,,,,,,,,,,,,,,,,,,,,,,,,,,,,,,,,,,,,,,,,,,,,,,,,,,,
rsg_object_detection,dropped_oldest,249,rsg_20260806_24_204879999_000249,dropped,True,fifo_cached_frame,250,25,0,223,25,0,1,0.0,52.85803599690553,frame_fifo_full,,,,,,,,,,,,,,,,,,,,,,,,,,,,,,,,,,,,,,,,,,,,,,,,,,,,,,,,
rsg_object_detection,dropped_oldest,250,rsg_20260806_24_254880000_000250,dropped,True,fifo_cached_frame,251,25,0,224,25,0,1,0.0,96.60528400127077,frame_fifo_full,,,,,,,,,,,,,,,,,,,,,,,,,,,,,,,,,,,,,,,,,,,,,,,,,,,,,,,,
rsg_object_detection,dropped_oldest,251,rsg_20260806_24_354880000_000251,dropped,True,fifo_cached_frame,252,25,0,225,25,0,1,0.0,58.5419950002688,frame_fifo_full,,,,,,,,,,,,,,,,,,,,,,,,,,,,,,,,,,,,,,,,,,,,,,,,,,,,,,,,
rsg_object_detection,dropped_oldest,252,rsg_20260806_24_404879999_000252,dropped,True,fifo_cached_frame,253,25,0,226,25,0,1,0.0,39.618984003027435,frame_fifo_full,,,,,,,,,,,,,,,,,,,,,,,,,,,,,,,,,,,,,,,,,,,,,,,,,,,,,,,,
rsg_object_detection,dropped_oldest,253,rsg_20260806_24_454879999_000253,dropped,True,fifo_cached_frame,254,25,0,227,25,0,1,0.0,51.517626001441386,frame_fifo_full,,,,,,,,,,,,,,,,,,,,,,,,,,,,,,,,,,,,,,,,,,,,,,,,,,,,,,,,
rsg_object_detection,frame_trace,243,rsg_20260806_23_904879999_000243,sent_to_hydra,,,,,,,,,,,593.2245189978858,ok,14.571141997294035,546.4925340056652,31.5238849943853,0.14536799426423386,31.378517000121064,0.00246299896389246,2.495901004294865,0.18149399693356827,334.3954650044907,24.06232600333169,0.00790299236541614,358.64718799712136,117.76837100478588,29.014899999310728,6.18095801473828,52.94673599564703,28.85077799874125,41.02825500012841,5.180817992368247,1.0263150034006685,0.3563619975466281,3.0287370027508587,0.29774499853374436,0.0056630015023984015,168.7104420052492,6.629542003793176,0.14591299986932427,9.822653999435715,0.040893995901569724,6.769949999579694,6.164894002722576,0.09026699990499765,0.5147889969521202,3.8251759979175404,3.971152000303846,0.004863999492954463,0.6344950015773065,8,0,8,0,0,,,,,,,,,,,,,,
rsg_object_detection,dropped_oldest,255,rsg_20260806_24_554880000_000255,dropped,True,fifo_cached_frame,256,26,0,228,26,0,1,0.0,50.924697003210895,frame_fifo_full,,,,,,,,,,,,,,,,,,,,,,,,,,,,,,,,,,,,,,,,,,,,,,,,,,,,,,,,
rsg_object_detection,dropped_oldest,256,rsg_20260806_24_604880000_000256,dropped,True,fifo_cached_frame,257,26,0,229,26,0,1,0.0,51.04001899599098,frame_fifo_full,,,,,,,,,,,,,,,,,,,,,,,,,,,,,,,,,,,,,,,,,,,,,,,,,,,,,,,,
rsg_object_detection,dropped_oldest,257,rsg_20260806_24_654879999_000257,dropped,True,fifo_cached_frame,258,26,0,230,26,0,1,0.0,49.75189399556257,frame_fifo_full,,,,,,,,,,,,,,,,,,,,,,,,,,,,,,,,,,,,,,,,,,,,,,,,,,,,,,,,
rsg_object_detection,dropped_oldest,258,rsg_20260806_24_704879999_000258,dropped,True,fifo_cached_frame,259,26,0,231,26,0,1,0.0,60.5280669988133,frame_fifo_full,,,,,,,,,,,,,,,,,,,,,,,,,,,,,,,,,,,,,,,,,,,,,,,,,,,,,,,,
rsg_object_detection,dropped_oldest,259,rsg_20260806_24_754880000_000259,dropped,True,fifo_cached_frame,260,26,0,232,26,0,1,0.0,39.41624300205149,frame_fifo_full,,,,,,,,,,,,,,,,,,,,,,,,,,,,,,,,,,,,,,,,,,,,,,,,,,,,,,,,
rsg_object_detection,dropped_oldest,260,rsg_20260806_24_804880000_000260,dropped,True,fifo_cached_frame,261,26,0,233,26,0,1,0.0,49.541888998646755,frame_fifo_full,,,,,,,,,,,,,,,,,,,,,,,,,,,,,,,,,,,,,,,,,,,,,,,,,,,,,,,,
rsg_object_detection,dropped_oldest,261,rsg_20260806_24_854880000_000261,dropped,True,fifo_cached_frame,262,26,0,234,26,0,1,0.0,74.18744900496677,frame_fifo_full,,,,,,,,,,,,,,,,,,,,,,,,,,,,,,,,,,,,,,,,,,,,,,,,,,,,,,,,
rsg_object_detection,dropped_oldest,262,rsg_20260806_24_904879999_000262,dropped,True,fifo_cached_frame,263,26,0,235,26,0,1,0.0,47.24149699904956,frame_fifo_full,,,,,,,,,,,,,,,,,,,,,,,,,,,,,,,,,,,,,,,,,,,,,,,,,,,,,,,,
rsg_object_detection,dropped_oldest,263,rsg_20260806_24_954879999_000263,dropped,True,fifo_cached_frame,264,26,0,236,26,0,1,0.0,36.98980999615742,frame_fifo_full,,,,,,,,,,,,,,,,,,,,,,,,,,,,,,,,,,,,,,,,,,,,,,,,,,,,,,,,
rsg_object_detection,frame_trace,254,rsg_20260806_24_504880000_000254,sent_to_hydra,,,,,,,,,,,531.6219619999174,ok,9.25650799763389,514.3301939970115,7.351263004238717,0.13788099749945104,7.213382006739266,0.0024000037228688598,1.0616729996399954,0.24600399774499238,353.57744799694046,18.809512999723665,0.006974005373194814,372.6399389997823,69.87839500652626,20.340313014457934,5.892813009268139,16.941610010690056,25.89717500086408,30.21915599674685,8.010492980247363,1.1826589761767536,0.41236103425035253,2.077427998301573,1.989272001083009,0.0057919969549402595,113.79437000141479,16.431268995802384,0.1413040008628741,10.220201998890843,0.04143700061831623,4.842627000471111,4.1983089977293275,0.1030670027830638,0.5412509999587201,3.6869750038022175,0.7206340014818124,0.00627199187874794,0.6815969973104075,8,0,8,0,0,,,,,,,,,,,,,,
rsg_object_detection,dropped_oldest,265,rsg_20260806_25_054880000_000265,dropped,True,fifo_cached_frame,266,27,0,237,27,0,1,0.0,47.89199499646202,frame_fifo_full,,,,,,,,,,,,,,,,,,,,,,,,,,,,,,,,,,,,,,,,,,,,,,,,,,,,,,,,
rsg_object_detection,dropped_oldest,266,rsg_20260806_25_104880000_000266,dropped,True,fifo_cached_frame,267,27,0,238,27,0,1,0.0,53.98588599928189,frame_fifo_full,,,,,,,,,,,,,,,,,,,,,,,,,,,,,,,,,,,,,,,,,,,,,,,,,,,,,,,,
rsg_object_detection,dropped_oldest,267,rsg_20260806_25_154879999_000267,dropped,True,fifo_cached_frame,268,27,0,239,27,0,1,0.0,48.738063997006975,frame_fifo_full,,,,,,,,,,,,,,,,,,,,,,,,,,,,,,,,,,,,,,,,,,,,,,,,,,,,,,,,
rsg_object_detection,dropped_oldest,268,rsg_20260806_25_204879999_000268,dropped,True,fifo_cached_frame,269,27,0,240,27,0,1,0.0,51.08187700534472,frame_fifo_full,,,,,,,,,,,,,,,,,,,,,,,,,,,,,,,,,,,,,,,,,,,,,,,,,,,,,,,,
rsg_object_detection,dropped_oldest,269,rsg_20260806_25_254880000_000269,dropped,True,fifo_cached_frame,270,27,0,241,27,0,1,0.0,50.39103400486056,frame_fifo_full,,,,,,,,,,,,,,,,,,,,,,,,,,,,,,,,,,,,,,,,,,,,,,,,,,,,,,,,
rsg_object_detection,dropped_oldest,270,rsg_20260806_25_304880000_000270,dropped,True,fifo_cached_frame,271,27,0,242,27,0,1,0.0,52.123774999927264,frame_fifo_full,,,,,,,,,,,,,,,,,,,,,,,,,,,,,,,,,,,,,,,,,,,,,,,,,,,,,,,,
rsg_object_detection,dropped_oldest,271,rsg_20260806_25_354880000_000271,dropped,True,fifo_cached_frame,272,27,0,243,27,0,1,0.0,45.97296000429196,frame_fifo_full,,,,,,,,,,,,,,,,,,,,,,,,,,,,,,,,,,,,,,,,,,,,,,,,,,,,,,,,
rsg_object_detection,dropped_oldest,272,rsg_20260806_25_404879999_000272,dropped,True,fifo_cached_frame,273,27,0,244,27,0,1,0.0,76.14831300452352,frame_fifo_full,,,,,,,,,,,,,,,,,,,,,,,,,,,,,,,,,,,,,,,,,,,,,,,,,,,,,,,,
rsg_object_detection,dropped_oldest,273,rsg_20260806_25_454879999_000273,dropped,True,fifo_cached_frame,274,27,0,245,27,0,1,0.0,44.54506700130878,frame_fifo_full,,,,,,,,,,,,,,,,,,,,,,,,,,,,,,,,,,,,,,,,,,,,,,,,,,,,,,,,
rsg_object_detection,dropped_oldest,274,rsg_20260806_25_504880000_000274,dropped,True,fifo_cached_frame,275,27,0,246,27,0,1,0.0,28.269147995160893,frame_fifo_full,,,,,,,,,,,,,,,,,,,,,,,,,,,,,,,,,,,,,,,,,,,,,,,,,,,,,,,,
rsg_object_detection,frame_trace,264,rsg_20260806_25_004879999_000264,sent_to_hydra,,,,,,,,,,,562.3042110019014,ok,8.905135000532027,522.8765759966336,29.98262400069507,0.13442500494420528,29.848198995750863,0.002367996785324067,1.3444739961414598,0.2219079979113303,363.00885699893115,19.767159996263217,0.005792004230897874,383.0037169973366,65.42461599747185,21.949030000541825,5.697332999261562,15.002576001279522,21.955176001938526,51.13349099701736,3.2273520046146587,0.3851630026474595,0.32315200223820284,1.2362880006548949,0.031134004530031234,0.00492799881612882,121.78193099680357,7.744106995232869,0.13925699749961495,8.825267002976034,0.03782301064347848,4.70397800381761,4.1263450038968585,0.0843150046421215,0.4933179952786304,3.5985319991596043,0.5982410002616234,0.004383997293189168,0.5375080072553828,8,0,7,0,0,,,,,,,,,,,,,,
rsg_object_detection,dropped_oldest,276,rsg_20260806_25_604880000_000276,dropped,True,fifo_cached_frame,277,28,0,247,28,0,1,0.0,36.58884300239151,frame_fifo_full,,,,,,,,,,,,,,,,,,,,,,,,,,,,,,,,,,,,,,,,,,,,,,,,,,,,,,,,
rsg_object_detection,dropped_oldest,277,rsg_20260806_25_654879999_000277,dropped,True,fifo_cached_frame,278,28,0,248,28,0,1,0.0,54.875344001629855,frame_fifo_full,,,,,,,,,,,,,,,,,,,,,,,,,,,,,,,,,,,,,,,,,,,,,,,,,,,,,,,,
rsg_object_detection,dropped_oldest,278,rsg_20260806_25_704879999_000278,dropped,True,fifo_cached_frame,279,28,0,249,28,0,1,0.0,48.679090999939945,frame_fifo_full,,,,,,,,,,,,,,,,,,,,,,,,,,,,,,,,,,,,,,,,,,,,,,,,,,,,,,,,
rsg_object_detection,dropped_oldest,279,rsg_20260806_25_754880000_000279,dropped,True,fifo_cached_frame,280,28,0,250,28,0,1,0.0,49.843478002003394,frame_fifo_full,,,,,,,,,,,,,,,,,,,,,,,,,,,,,,,,,,,,,,,,,,,,,,,,,,,,,,,,
rsg_object_detection,dropped_oldest,280,rsg_20260806_25_804880000_000280,dropped,True,fifo_cached_frame,281,28,0,251,28,0,1,0.0,58.78829100402072,frame_fifo_full,,,,,,,,,,,,,,,,,,,,,,,,,,,,,,,,,,,,,,,,,,,,,,,,,,,,,,,,
rsg_object_detection,dropped_oldest,281,rsg_20260806_25_854880000_000281,dropped,True,fifo_cached_frame,282,28,0,252,28,0,1,0.0,40.40496300149243,frame_fifo_full,,,,,,,,,,,,,,,,,,,,,,,,,,,,,,,,,,,,,,,,,,,,,,,,,,,,,,,,
rsg_object_detection,dropped_oldest,282,rsg_20260806_25_904879999_000282,dropped,True,fifo_cached_frame,283,28,0,253,28,0,1,0.0,53.04993499885313,frame_fifo_full,,,,,,,,,,,,,,,,,,,,,,,,,,,,,,,,,,,,,,,,,,,,,,,,,,,,,,,,
rsg_object_detection,dropped_oldest,283,rsg_20260806_25_954879999_000283,dropped,True,fifo_cached_frame,284,28,0,254,28,0,1,0.0,48.5332109965384,frame_fifo_full,,,,,,,,,,,,,,,,,,,,,,,,,,,,,,,,,,,,,,,,,,,,,,,,,,,,,,,,
rsg_object_detection,dropped_oldest,284,rsg_20260806_26_004879999_000284,dropped,True,fifo_cached_frame,285,28,0,255,28,0,1,0.0,79.49930799804861,frame_fifo_full,,,,,,,,,,,,,,,,,,,,,,,,,,,,,,,,,,,,,,,,,,,,,,,,,,,,,,,,
rsg_object_detection,dropped_oldest,285,rsg_20260806_26_054880000_000285,dropped,True,fifo_cached_frame,286,28,0,256,29,0,1,0.0,35.7466170025873,frame_fifo_full,,,,,,,,,,,,,,,,,,,,,,,,,,,,,,,,,,,,,,,,,,,,,,,,,,,,,,,,
rsg_object_detection,frame_trace,275,rsg_20260806_25_554880000_000275,sent_to_hydra,,,,,,,,,,,560.59694999567,ok,10.894248996919487,523.4043929958716,25.655716999608558,0.13583299732999876,25.51988400227856,0.002272005076520145,0.9643649973440915,0.18031099898507819,381.1021540022921,24.423013004707173,0.0073599949246272445,405.71283800090896,54.249200991762336,25.209500003256835,4.930144998070318,8.595870996941812,14.89544499781914,36.56993199547287,3.6766389894182794,0.6890860022394918,0.34142101503675804,1.3600569945992902,0.03478200233075768,0.0053440016927197576,96.94377300183987,7.801417006703559,0.13125799887347966,11.8155449963524,0.03519699384924024,5.600445001618937,4.9956750008277595,0.10329100041417405,0.5014790003770031,4.474198998650536,0.8141020007315092,0.005502995918504894,0.640318998193834,8,0,8,0,0,,,,,,,,,,,,,,
rsg_object_detection,dropped_oldest,287,rsg_20260806_26_154879999_000287,dropped,True,fifo_cached_frame,288,29,0,257,29,0,1,0.0,48.62946600042051,frame_fifo_full,,,,,,,,,,,,,,,,,,,,,,,,,,,,,,,,,,,,,,,,,,,,,,,,,,,,,,,,
rsg_object_detection,dropped_oldest,288,rsg_20260806_26_204879999_000288,dropped,True,fifo_cached_frame,289,29,0,258,29,0,1,0.0,50.81805500230985,frame_fifo_full,,,,,,,,,,,,,,,,,,,,,,,,,,,,,,,,,,,,,,,,,,,,,,,,,,,,,,,,
rsg_object_detection,dropped_oldest,289,rsg_20260806_26_254880000_000289,dropped,True,fifo_cached_frame,290,29,0,259,29,0,1,0.0,50.81667999911588,frame_fifo_full,,,,,,,,,,,,,,,,,,,,,,,,,,,,,,,,,,,,,,,,,,,,,,,,,,,,,,,,
rsg_object_detection,dropped_oldest,290,rsg_20260806_26_304880000_000290,dropped,True,fifo_cached_frame,291,29,0,260,29,0,1,0.0,49.95989199960604,frame_fifo_full,,,,,,,,,,,,,,,,,,,,,,,,,,,,,,,,,,,,,,,,,,,,,,,,,,,,,,,,
rsg_object_detection,dropped_oldest,291,rsg_20260806_26_354880000_000291,dropped,True,fifo_cached_frame,292,29,0,261,29,0,1,0.0,49.36578000342706,frame_fifo_full,,,,,,,,,,,,,,,,,,,,,,,,,,,,,,,,,,,,,,,,,,,,,,,,,,,,,,,,
rsg_object_detection,dropped_oldest,292,rsg_20260806_26_404879999_000292,dropped,True,fifo_cached_frame,293,29,0,262,29,0,1,0.0,54.10630100232083,frame_fifo_full,,,,,,,,,,,,,,,,,,,,,,,,,,,,,,,,,,,,,,,,,,,,,,,,,,,,,,,,
rsg_object_detection,dropped_oldest,293,rsg_20260806_26_454879999_000293,dropped,True,fifo_cached_frame,294,29,0,263,29,0,1,0.0,46.15829799877247,frame_fifo_full,,,,,,,,,,,,,,,,,,,,,,,,,,,,,,,,,,,,,,,,,,,,,,,,,,,,,,,,
rsg_object_detection,dropped_oldest,294,rsg_20260806_26_504880000_000294,dropped,True,fifo_cached_frame,295,29,0,264,29,0,1,0.0,110.14238800271414,frame_fifo_full,,,,,,,,,,,,,,,,,,,,,,,,,,,,,,,,,,,,,,,,,,,,,,,,,,,,,,,,
rsg_object_detection,dropped_oldest,295,rsg_20260806_26_554880000_000295,dropped,True,fifo_cached_frame,296,29,0,265,29,0,1,0.0,15.558933999272995,frame_fifo_full,,,,,,,,,,,,,,,,,,,,,,,,,,,,,,,,,,,,,,,,,,,,,,,,,,,,,,,,
rsg_object_detection,frame_trace,286,rsg_20260806_26_104880000_000286,sent_to_hydra,,,,,,,,,,,536.0756490044878,ok,10.263946001941804,523.3811100042658,1.8027220066869631,0.15970400272635743,1.6430180039606057,0.002688000677153468,1.49681800394319,0.1731750016915612,375.17910500173457,29.583707000711,0.006526999641209841,404.94251400377834,58.480758998484816,19.262612993770745,5.159571999683976,21.64565500424942,11.75897099165013,23.98940600687638,5.354474007617682,5.5210559949046,0.36302198714111,2.926087996456772,0.03791799827013165,0.005887995939701796,96.69534600106999,8.843540002999362,0.13464900257531554,11.227094000787474,0.041148989112116396,6.069636001484469,5.4703070054529235,0.09116300498135388,0.5081659910501912,3.52109700179426,0.668029002554249,0.00518399610882625,0.6251829909160733,8,0,8,0,0,,,,,,,,,,,,,,
rsg_object_detection,dropped_oldest,297,rsg_20260806_26_654879999_000297,dropped,True,fifo_cached_frame,298,30,0,266,30,0,1,0.0,45.91296699800296,frame_fifo_full,,,,,,,,,,,,,,,,,,,,,,,,,,,,,,,,,,,,,,,,,,,,,,,,,,,,,,,,
rsg_object_detection,dropped_oldest,298,rsg_20260806_26_704879999_000298,dropped,True,fifo_cached_frame,299,30,0,267,30,0,1,0.0,41.625767000368796,frame_fifo_full,,,,,,,,,,,,,,,,,,,,,,,,,,,,,,,,,,,,,,,,,,,,,,,,,,,,,,,,
rsg_object_detection,dropped_oldest,299,rsg_20260806_26_754880000_000299,dropped,True,fifo_cached_frame,300,30,0,268,30,0,1,0.0,50.41558099765098,frame_fifo_full,,,,,,,,,,,,,,,,,,,,,,,,,,,,,,,,,,,,,,,,,,,,,,,,,,,,,,,,
rsg_object_detection,dropped_oldest,300,rsg_20260806_26_804880000_000300,dropped,True,fifo_cached_frame,301,30,0,269,30,0,1,0.0,51.86769700230798,frame_fifo_full,,,,,,,,,,,,,,,,,,,,,,,,,,,,,,,,,,,,,,,,,,,,,,,,,,,,,,,,
rsg_object_detection,dropped_oldest,301,rsg_20260806_26_854880000_000301,dropped,True,fifo_cached_frame,302,30,0,270,30,0,1,0.0,48.50390500359936,frame_fifo_full,,,,,,,,,,,,,,,,,,,,,,,,,,,,,,,,,,,,,,,,,,,,,,,,,,,,,,,,
rsg_object_detection,dropped_oldest,302,rsg_20260806_26_904879999_000302,dropped,True,fifo_cached_frame,303,30,0,271,30,0,1,0.0,51.89892699854681,frame_fifo_full,,,,,,,,,,,,,,,,,,,,,,,,,,,,,,,,,,,,,,,,,,,,,,,,,,,,,,,,
rsg_object_detection,dropped_oldest,303,rsg_20260806_26_954879999_000303,dropped,True,fifo_cached_frame,304,30,0,272,30,0,1,0.0,49.418255999626126,frame_fifo_full,,,,,,,,,,,,,,,,,,,,,,,,,,,,,,,,,,,,,,,,,,,,,,,,,,,,,,,,
rsg_object_detection,dropped_oldest,304,rsg_20260806_27_004879999_000304,dropped,True,fifo_cached_frame,305,30,0,273,30,0,1,0.0,64.6634790027747,frame_fifo_full,,,,,,,,,,,,,,,,,,,,,,,,,,,,,,,,,,,,,,,,,,,,,,,,,,,,,,,,
rsg_object_detection,dropped_oldest,305,rsg_20260806_27_054880000_000305,dropped,True,fifo_cached_frame,306,30,0,274,30,0,1,0.0,48.23006700462429,frame_fifo_full,,,,,,,,,,,,,,,,,,,,,,,,,,,,,,,,,,,,,,,,,,,,,,,,,,,,,,,,
rsg_object_detection,dropped_oldest,306,rsg_20260806_27_104880000_000306,dropped,True,fifo_cached_frame,307,30,0,275,30,0,1,0.0,41.63815399806481,frame_fifo_full,,,,,,,,,,,,,,,,,,,,,,,,,,,,,,,,,,,,,,,,,,,,,,,,,,,,,,,,
rsg_object_detection,frame_trace,296,rsg_20260806_26_604880000_000296,sent_to_hydra,,,,,,,,,,,538.748670995119,ok,13.303499996254686,492.5338620014372,32.29233299498446,0.14408899733098224,32.14824399765348,0.0022079984773881733,5.2836610047961585,0.24315499467775226,341.3974099967163,17.075143005058635,0.0075499992817640305,358.72325799573446,71.76922200596891,17.98018601402873,9.248511007172056,25.84809599647997,17.871900992759038,28.413274005288258,2.9904039984103292,0.44064900430385023,0.2920179831562564,1.225375999638345,0.21918900165474042,0.004542998794931918,105.37125100381672,13.198449996707495,0.14965700393076986,9.745861003466416,0.06172399298520759,9.066856000572443,8.402890998695511,0.10025100345956162,0.56371399841737,3.579397998692002,0.6524139971588738,0.004831999831367284,0.6167680039652623,8,0,7,0,0,,,,,,,,,,,,,,
rsg_object_detection,dropped_oldest,308,rsg_20260806_27_204879999_000308,dropped,True,fifo_cached_frame,309,31,0,276,31,0,1,0.0,58.38211499940371,frame_fifo_full,,,,,,,,,,,,,,,,,,,,,,,,,,,,,,,,,,,,,,,,,,,,,,,,,,,,,,,,
rsg_object_detection,dropped_oldest,309,rsg_20260806_27_254880000_000309,dropped,True,fifo_cached_frame,310,31,0,277,31,0,1,0.0,42.19265300343977,frame_fifo_full,,,,,,,,,,,,,,,,,,,,,,,,,,,,,,,,,,,,,,,,,,,,,,,,,,,,,,,,
rsg_object_detection,dropped_oldest,310,rsg_20260806_27_304880000_000310,dropped,True,fifo_cached_frame,311,31,0,278,31,0,1,0.0,50.637622000067495,frame_fifo_full,,,,,,,,,,,,,,,,,,,,,,,,,,,,,,,,,,,,,,,,,,,,,,,,,,,,,,,,
rsg_object_detection,dropped_oldest,311,rsg_20260806_27_354880000_000311,dropped,True,fifo_cached_frame,312,31,0,279,31,0,1,0.0,51.964753001811914,frame_fifo_full,,,,,,,,,,,,,,,,,,,,,,,,,,,,,,,,,,,,,,,,,,,,,,,,,,,,,,,,
rsg_object_detection,dropped_oldest,312,rsg_20260806_27_404879999_000312,dropped,True,fifo_cached_frame,313,31,0,280,31,0,1,0.0,49.19443200196838,frame_fifo_full,,,,,,,,,,,,,,,,,,,,,,,,,,,,,,,,,,,,,,,,,,,,,,,,,,,,,,,,
rsg_object_detection,dropped_oldest,313,rsg_20260806_27_454879999_000313,dropped,True,fifo_cached_frame,314,31,0,281,31,0,1,0.0,50.90483999811113,frame_fifo_full,,,,,,,,,,,,,,,,,,,,,,,,,,,,,,,,,,,,,,,,,,,,,,,,,,,,,,,,
rsg_object_detection,dropped_oldest,314,rsg_20260806_27_504880000_000314,dropped,True,fifo_cached_frame,315,31,0,282,31,0,1,0.0,49.10758999903919,frame_fifo_full,,,,,,,,,,,,,,,,,,,,,,,,,,,,,,,,,,,,,,,,,,,,,,,,,,,,,,,,
rsg_object_detection,dropped_oldest,315,rsg_20260806_27_554880000_000315,dropped,True,fifo_cached_frame,316,31,0,283,31,0,1,0.0,65.82316699496005,frame_fifo_full,,,,,,,,,,,,,,,,,,,,,,,,,,,,,,,,,,,,,,,,,,,,,,,,,,,,,,,,
rsg_object_detection,,1,rsg_20260806_11_804880000_000001,vlm_done,,,,,,,,,,,,ok,,,,,,,,,,,,,,,,,,,,,,,,,,,,,,,,,,,,,,,,,,,rsg_obj_000001,rsg_unknown_rsg_20260806_11_804880000_000001_000_nanosam_005,,,1,0.6497355362739048,wall,0.98,static,0.99,9383.481803000905,9553.765383003338,qwen_http,Qwen3-VL-8B-Instruct-GGUF
rsg_object_detection,completed,1,rsg_20260806_11_804880000_000001,,,,,,,,,,,170.28204400412505,,vlm_done,,,,,,,,,,,,,,,,,,,,,,,,,,,,,,,,,,,,,,,,,,,rsg_obj_000001,rsg_unknown_rsg_20260806_11_804880000_000001_000_nanosam_005,7,300,1,0.6497355362739048,,,,,,,,
rsg_object_detection,dropped_oldest,316,rsg_20260806_27_604880000_000316,dropped,True,fifo_cached_frame,317,31,0,284,31,0,1,0.0,44.88870500063058,frame_fifo_full,,,,,,,,,,,,,,,,,,,,,,,,,,,,,,,,,,,,,,,,,,,,,,,,,,,,,,,,
rsg_object_detection,dropped_oldest,317,rsg_20260806_27_654879999_000317,dropped,True,fifo_cached_frame,318,31,0,285,31,0,1,0.0,49.202592999790795,frame_fifo_full,,,,,,,,,,,,,,,,,,,,,,,,,,,,,,,,,,,,,,,,,,,,,,,,,,,,,,,,
rsg_object_detection,frame_trace,307,rsg_20260806_27_154879999_000307,sent_to_hydra,,,,,,,,,,,589.3193580050138,ok,10.240843002975453,564.0057310010889,14.525771999615245,0.13976900663692504,14.38600299297832,0.002143999154213816,1.0676239980966784,0.21918900165474042,391.83001600031275,15.36368099914398,0.006654998287558556,407.41954099939903,100.50917199987452,18.171472001995426,17.733668006258085,25.753732996236067,38.15414099517511,38.32802200486185,2.898346006986685,0.49923900223802775,0.31463698542211205,1.1672360051306896,0.03843000013148412,0.005440000677481294,143.77882400003728,2.5870969984680414,0.1342329996987246,8.978637000836898,0.03977500455221161,4.52146099996753,3.9641139956074767,0.08962699939729646,0.46772000496275723,3.516329001286067,2.1982220059726387,0.004830995749216527,0.5448680021800101,8,0,7,0,0,,,,,,,,,,,,,,
rsg_object_detection,dropped_oldest,319,rsg_20260806_27_754880000_000319,dropped,True,fifo_cached_frame,320,32,0,286,32,0,1,0.0,42.77441399608506,frame_fifo_full,,,,,,,,,,,,,,,,,,,,,,,,,,,,,,,,,,,,,,,,,,,,,,,,,,,,,,,,
rsg_object_detection,dequeued,1,rsg_20260806_11_804880000_000001,,,,,,,,,,,9217.026105994591,,fifo_order,,,,,,,,,,,,,,,,,,,,,,,,,,,,,,,,,,,,,,,,,,,rsg_obj_000006,rsg_unknown_rsg_20260806_11_804880000_000001_005_nanosam_007,6,300,1,0.6397107193503869,,,,,,,,
rsg_object_detection,dropped_oldest,320,rsg_20260806_27_804880000_000320,dropped,True,fifo_cached_frame,321,32,0,287,32,0,1,0.0,48.63625400321325,frame_fifo_full,,,,,,,,,,,,,,,,,,,,,,,,,,,,,,,,,,,,,,,,,,,,,,,,,,,,,,,,
rsg_object_detection,dropped_oldest,321,rsg_20260806_27_854880000_000321,dropped,True,fifo_cached_frame,322,32,0,288,32,0,1,0.0,48.23169900191715,frame_fifo_full,,,,,,,,,,,,,,,,,,,,,,,,,,,,,,,,,,,,,,,,,,,,,,,,,,,,,,,,
rsg_object_detection,dropped_oldest,322,rsg_20260806_27_904879999_000322,dropped,True,fifo_cached_frame,323,32,0,289,32,0,1,0.0,51.16300199733814,frame_fifo_full,,,,,,,,,,,,,,,,,,,,,,,,,,,,,,,,,,,,,,,,,,,,,,,,,,,,,,,,
rsg_object_detection,dropped_oldest,323,rsg_20260806_27_954879999_000323,dropped,True,fifo_cached_frame,324,32,0,290,32,0,1,0.0,49.26921300648246,frame_fifo_full,,,,,,,,,,,,,,,,,,,,,,,,,,,,,,,,,,,,,,,,,,,,,,,,,,,,,,,,
rsg_object_detection,dropped_oldest,324,rsg_20260806_28_004879999_000324,dropped,True,fifo_cached_frame,325,32,0,291,32,0,1,0.0,54.28021599800559,frame_fifo_full,,,,,,,,,,,,,,,,,,,,,,,,,,,,,,,,,,,,,,,,,,,,,,,,,,,,,,,,
rsg_object_detection,dropped_oldest,325,rsg_20260806_28_054880000_000325,dropped,True,fifo_cached_frame,326,32,0,292,32,0,1,0.0,45.682106996537186,frame_fifo_full,,,,,,,,,,,,,,,,,,,,,,,,,,,,,,,,,,,,,,,,,,,,,,,,,,,,,,,,
rsg_object_detection,dropped_oldest,326,rsg_20260806_28_104880000_000326,dropped,True,fifo_cached_frame,327,32,0,293,32,0,1,0.0,67.74707399745239,frame_fifo_full,,,,,,,,,,,,,,,,,,,,,,,,,,,,,,,,,,,,,,,,,,,,,,,,,,,,,,,,
rsg_object_detection,frame_trace,318,rsg_20260806_27_704879999_000318,sent_to_hydra,,,,,,,,,,,468.4186180020333,ok,10.629304000758566,416.12968900153646,41.00849100359483,0.1346810022369027,40.873810001357924,0.0022079984773881733,0.9629889973439276,0.1676399988355115,269.9681630037958,32.844851004483644,0.004415996954776347,302.9850700040697,69.17256800079485,20.89382800477324,4.099497993593104,30.221981003705878,13.29431699559791,20.322272001067176,3.0343709950102493,0.6275829873629846,0.39876301889307797,1.272125999093987,0.034525997762102634,0.004447996616363525,94.882208002673,3.035585999896284,0.14738499885424972,14.080963999731466,0.035486998967826366,4.530164995230734,4.067021000082605,0.08985099702840671,0.37329299811972305,5.453573001432233,0.6411499998648651,0.004416004230733961,0.6489259976660833,8,0,8,0,0,,,,,,,,,,,,,,
rsg_object_detection,dropped_oldest,328,rsg_20260806_28_204879999_000328,dropped,True,fifo_cached_frame,329,33,0,294,33,0,1,0.0,50.1921780014527,frame_fifo_full,,,,,,,,,,,,,,,,,,,,,,,,,,,,,,,,,,,,,,,,,,,,,,,,,,,,,,,,
rsg_object_detection,dropped_oldest,329,rsg_20260806_28_254880000_000329,dropped,True,fifo_cached_frame,330,33,0,295,33,0,1,0.0,49.72026599716628,frame_fifo_full,,,,,,,,,,,,,,,,,,,,,,,,,,,,,,,,,,,,,,,,,,,,,,,,,,,,,,,,
rsg_object_detection,dropped_oldest,330,rsg_20260806_28_304880000_000330,dropped,True,fifo_cached_frame,331,33,0,296,33,0,1,0.0,50.53606300498359,frame_fifo_full,,,,,,,,,,,,,,,,,,,,,,,,,,,,,,,,,,,,,,,,,,,,,,,,,,,,,,,,
rsg_object_detection,dropped_oldest,331,rsg_20260806_28_354880000_000331,dropped,True,fifo_cached_frame,332,33,0,297,33,0,1,0.0,50.4881300003035,frame_fifo_full,,,,,,,,,,,,,,,,,,,,,,,,,,,,,,,,,,,,,,,,,,,,,,,,,,,,,,,,
rsg_object_detection,dropped_oldest,332,rsg_20260806_28_404879999_000332,dropped,True,fifo_cached_frame,333,33,0,298,33,0,1,0.0,52.13626899785595,frame_fifo_full,,,,,,,,,,,,,,,,,,,,,,,,,,,,,,,,,,,,,,,,,,,,,,,,,,,,,,,,
rsg_object_detection,dropped_oldest,333,rsg_20260806_28_454879999_000333,dropped,True,fifo_cached_frame,334,33,0,299,33,0,1,0.0,49.653037000098266,frame_fifo_full,,,,,,,,,,,,,,,,,,,,,,,,,,,,,,,,,,,,,,,,,,,,,,,,,,,,,,,,
rsg_object_detection,dropped_oldest,334,rsg_20260806_28_504880000_000334,dropped,True,fifo_cached_frame,335,33,0,300,33,0,1,0.0,46.44242000358645,frame_fifo_full,,,,,,,,,,,,,,,,,,,,,,,,,,,,,,,,,,,,,,,,,,,,,,,,,,,,,,,,
rsg_object_detection,dropped_oldest,335,rsg_20260806_28_554880000_000335,dropped,True,fifo_cached_frame,336,33,0,301,33,0,1,0.0,50.44637300306931,frame_fifo_full,,,,,,,,,,,,,,,,,,,,,,,,,,,,,,,,,,,,,,,,,,,,,,,,,,,,,,,,
rsg_object_detection,dropped_oldest,336,rsg_20260806_28_604880000_000336,dropped,True,fifo_cached_frame,337,33,0,302,33,0,1,0.0,61.21448500198312,frame_fifo_full,,,,,,,,,,,,,,,,,,,,,,,,,,,,,,,,,,,,,,,,,,,,,,,,,,,,,,,,
rsg_object_detection,frame_trace,327,rsg_20260806_28_154879999_000327,sent_to_hydra,,,,,,,,,,,503.21540200093295,ok,12.090188000001945,471.9548169960035,18.54476500011515,0.15128799714148045,18.39347700297367,0.005183006578590721,1.0524249955778942,0.1737830025376752,306.78253099904396,29.38000999711221,0.008000002708286047,336.34432400140213,78.63281101890607,22.247802990023047,9.527410002192482,33.34271800122224,12.888610006484669,34.46912200161023,6.441231991630048,0.9305429921369068,0.3357299938215874,1.1956819944316521,0.035965997085440904,0.0042239989852532744,122.05974099924788,2.507229997718241,0.14050500612938777,9.808386996155605,0.042204999772366136,7.9510430005029775,7.383392003248446,0.09311499889008701,0.4745359983644448,3.488875001494307,0.6454059985117055,0.004863999492954463,0.6204489982337691,8,0,8,0,0,,,,,,,,,,,,,,
rsg_object_detection,dropped_oldest,338,rsg_20260806_28_704879999_000338,dropped,True,fifo_cached_frame,339,34,0,303,34,0,1,0.0,49.843171997054014,frame_fifo_full,,,,,,,,,,,,,,,,,,,,,,,,,,,,,,,,,,,,,,,,,,,,,,,,,,,,,,,,
rsg_object_detection,dropped_oldest,339,rsg_20260806_28_754880000_000339,dropped,True,fifo_cached_frame,340,34,0,304,34,0,1,0.0,51.12880100205075,frame_fifo_full,,,,,,,,,,,,,,,,,,,,,,,,,,,,,,,,,,,,,,,,,,,,,,,,,,,,,,,,
rsg_object_detection,dropped_oldest,340,rsg_20260806_28_804880000_000340,dropped,True,fifo_cached_frame,341,34,0,305,34,0,1,0.0,50.74827600037679,frame_fifo_full,,,,,,,,,,,,,,,,,,,,,,,,,,,,,,,,,,,,,,,,,,,,,,,,,,,,,,,,
rsg_object_detection,dropped_oldest,341,rsg_20260806_28_854880000_000341,dropped,True,fifo_cached_frame,342,34,0,306,34,0,1,0.0,51.703042998269666,frame_fifo_full,,,,,,,,,,,,,,,,,,,,,,,,,,,,,,,,,,,,,,,,,,,,,,,,,,,,,,,,
rsg_object_detection,dropped_oldest,342,rsg_20260806_28_904879999_000342,dropped,True,fifo_cached_frame,343,34,0,307,34,0,1,0.0,47.09893000108423,frame_fifo_full,,,,,,,,,,,,,,,,,,,,,,,,,,,,,,,,,,,,,,,,,,,,,,,,,,,,,,,,
rsg_object_detection,dropped_oldest,343,rsg_20260806_28_954879999_000343,dropped,True,fifo_cached_frame,344,34,0,308,34,0,1,0.0,51.442864001728594,frame_fifo_full,,,,,,,,,,,,,,,,,,,,,,,,,,,,,,,,,,,,,,,,,,,,,,,,,,,,,,,,
rsg_object_detection,dropped_oldest,344,rsg_20260806_29_004879999_000344,dropped,True,fifo_cached_frame,345,34,0,309,34,0,1,0.0,50.08997499680845,frame_fifo_full,,,,,,,,,,,,,,,,,,,,,,,,,,,,,,,,,,,,,,,,,,,,,,,,,,,,,,,,
rsg_object_detection,dropped_oldest,345,rsg_20260806_29_054880000_000345,dropped,True,fifo_cached_frame,346,34,0,310,34,0,1,0.0,64.79305600078078,frame_fifo_full,,,,,,,,,,,,,,,,,,,,,,,,,,,,,,,,,,,,,,,,,,,,,,,,,,,,,,,,
rsg_object_detection,dropped_oldest,346,rsg_20260806_29_104880000_000346,dropped,True,fifo_cached_frame,347,34,0,311,34,0,1,0.0,49.14478100545239,frame_fifo_full,,,,,,,,,,,,,,,,,,,,,,,,,,,,,,,,,,,,,,,,,,,,,,,,,,,,,,,,
rsg_object_detection,frame_trace,337,rsg_20260806_28_654879999_000337,sent_to_hydra,,,,,,,,,,,505.45801499538356,ok,13.564768996729981,476.17601399542764,14.840796997305006,0.1342329996987246,14.706563997606281,0.004128000000491738,0.905617001990322,0.17247100186068565,338.75837499363115,17.580079002073035,0.006688002031296492,356.51761299959617,63.355111989949364,20.90941100323107,4.540211994026322,27.690402006555814,9.499539992248174,31.280713999876752,6.782525000744499,0.5833309915033169,0.3439850188442506,1.4142939980956726,0.04847800300922245,0.0047670037019997835,103.82987800403498,4.546901000139769,0.12895399413537234,10.178064003412146,0.06898699211888015,4.909953997412231,4.287777999707032,0.08969200280262157,0.5324839949025773,7.997633001650684,0.6532779952976853,0.0039040023693814874,0.8723070059204474,8,0,8,0,0,,,,,,,,,,,,,,
rsg_object_detection,dropped_oldest,348,rsg_20260806_29_204879999_000348,dropped,True,fifo_cached_frame,349,35,0,312,35,0,1,0.0,41.36572699644603,frame_fifo_full,,,,,,,,,,,,,,,,,,,,,,,,,,,,,,,,,,,,,,,,,,,,,,,,,,,,,,,,
rsg_object_detection,dropped_oldest,349,rsg_20260806_29_254880000_000349,dropped,True,fifo_cached_frame,350,35,0,313,35,0,1,0.0,50.90129699965473,frame_fifo_full,,,,,,,,,,,,,,,,,,,,,,,,,,,,,,,,,,,,,,,,,,,,,,,,,,,,,,,,
rsg_object_detection,dropped_oldest,350,rsg_20260806_29_304880000_000350,dropped,True,fifo_cached_frame,351,35,0,314,35,0,1,0.0,50.52909200458089,frame_fifo_full,,,,,,,,,,,,,,,,,,,,,,,,,,,,,,,,,,,,,,,,,,,,,,,,,,,,,,,,
rsg_object_detection,dropped_oldest,351,rsg_20260806_29_354880000_000351,dropped,True,fifo_cached_frame,352,35,0,315,35,0,1,0.0,49.841191997984424,frame_fifo_full,,,,,,,,,,,,,,,,,,,,,,,,,,,,,,,,,,,,,,,,,,,,,,,,,,,,,,,,
rsg_object_detection,dropped_oldest,352,rsg_20260806_29_404879999_000352,dropped,True,fifo_cached_frame,353,35,0,316,35,0,1,0.0,49.25760699552484,frame_fifo_full,,,,,,,,,,,,,,,,,,,,,,,,,,,,,,,,,,,,,,,,,,,,,,,,,,,,,,,,
rsg_object_detection,dropped_oldest,353,rsg_20260806_29_454879999_000353,dropped,True,fifo_cached_frame,354,35,0,317,35,0,1,0.0,53.3049799996661,frame_fifo_full,,,,,,,,,,,,,,,,,,,,,,,,,,,,,,,,,,,,,,,,,,,,,,,,,,,,,,,,
rsg_object_detection,dropped_oldest,354,rsg_20260806_29_504880000_000354,dropped,True,fifo_cached_frame,355,35,0,318,35,0,1,0.0,46.68865099665709,frame_fifo_full,,,,,,,,,,,,,,,,,,,,,,,,,,,,,,,,,,,,,,,,,,,,,,,,,,,,,,,,
rsg_object_detection,dropped_oldest,355,rsg_20260806_29_554880000_000355,dropped,True,fifo_cached_frame,356,35,0,319,35,0,1,0.0,51.50213000160875,frame_fifo_full,,,,,,,,,,,,,,,,,,,,,,,,,,,,,,,,,,,,,,,,,,,,,,,,,,,,,,,,
rsg_object_detection,dropped_oldest,356,rsg_20260806_29_604880000_000356,dropped,True,fifo_cached_frame,357,35,0,320,35,0,1,0.0,45.47191399615258,frame_fifo_full,,,,,,,,,,,,,,,,,,,,,,,,,,,,,,,,,,,,,,,,,,,,,,,,,,,,,,,,
rsg_object_detection,dropped_oldest,357,rsg_20260806_29_654879999_000357,dropped,True,fifo_cached_frame,358,35,0,321,35,0,1,0.0,54.02939099440118,frame_fifo_full,,,,,,,,,,,,,,,,,,,,,,,,,,,,,,,,,,,,,,,,,,,,,,,,,,,,,,,,
rsg_object_detection,frame_trace,347,rsg_20260806_29_154879999_000347,sent_to_hydra,,,,,,,,,,,575.1906899968162,ok,9.332604000519495,556.3916969986167,8.737914999073837,0.2023249980993569,8.53559000097448,0.002943997969850898,0.9406550016137771,0.1753510005073622,345.3326559974812,19.33320599346189,0.008031012839637697,364.8492440042901,119.03920600161655,63.662746993941255,8.547110002837144,18.418564977764618,24.46103400143329,51.63245899893809,3.1638360014767386,0.9054559923242778,0.3328460079501383,1.3319630015757866,0.04681399877881631,0.00595099845668301,176.47408199991332,2.9585350057459436,0.14120800187811255,10.982471001625527,0.04550198354991153,4.951103997882456,4.150599997956306,0.10217100498266518,0.6983329949434847,3.7151990036363713,0.6607329996768385,0.0055679993238300085,0.7255300006363541,8,0,8,0,0,,,,,,,,,,,,,,
rsg_object_detection,dropped_oldest,359,rsg_20260806_29_754880000_000359,dropped,True,fifo_cached_frame,360,36,0,322,36,0,1,0.0,48.69600300298771,frame_fifo_full,,,,,,,,,,,,,,,,,,,,,,,,,,,,,,,,,,,,,,,,,,,,,,,,,,,,,,,,
rsg_object_detection,dropped_oldest,360,rsg_20260806_29_804880000_000360,dropped,True,fifo_cached_frame,361,36,0,323,36,0,1,0.0,51.05552900204202,frame_fifo_full,,,,,,,,,,,,,,,,,,,,,,,,,,,,,,,,,,,,,,,,,,,,,,,,,,,,,,,,
rsg_object_detection,dropped_oldest,361,rsg_20260806_29_854880000_000361,dropped,True,fifo_cached_frame,362,36,0,324,36,0,1,0.0,59.49294699530583,frame_fifo_full,,,,,,,,,,,,,,,,,,,,,,,,,,,,,,,,,,,,,,,,,,,,,,,,,,,,,,,,
rsg_object_detection,dropped_oldest,362,rsg_20260806_29_904879999_000362,dropped,True,fifo_cached_frame,363,36,0,325,36,0,1,0.0,42.07125900575193,frame_fifo_full,,,,,,,,,,,,,,,,,,,,,,,,,,,,,,,,,,,,,,,,,,,,,,,,,,,,,,,,
rsg_object_detection,dropped_oldest,363,rsg_20260806_29_954879999_000363,dropped,True,fifo_cached_frame,364,36,0,326,36,0,1,0.0,51.18598599801771,frame_fifo_full,,,,,,,,,,,,,,,,,,,,,,,,,,,,,,,,,,,,,,,,,,,,,,,,,,,,,,,,
rsg_object_detection,dropped_oldest,364,rsg_20260806_30_004879999_000364,dropped,True,fifo_cached_frame,365,36,0,327,36,0,1,0.0,48.44161700020777,frame_fifo_full,,,,,,,,,,,,,,,,,,,,,,,,,,,,,,,,,,,,,,,,,,,,,,,,,,,,,,,,
rsg_object_detection,dropped_oldest,365,rsg_20260806_30_054880000_000365,dropped,True,fifo_cached_frame,366,36,0,328,36,0,1,0.0,112.09307800163515,frame_fifo_full,,,,,,,,,,,,,,,,,,,,,,,,,,,,,,,,,,,,,,,,,,,,,,,,,,,,,,,,
rsg_object_detection,dropped_oldest,366,rsg_20260806_30_154879999_000366,dropped,True,fifo_cached_frame,367,36,0,329,36,0,1,0.0,112.0521200064104,frame_fifo_full,,,,,,,,,,,,,,,,,,,,,,,,,,,,,,,,,,,,,,,,,,,,,,,,,,,,,,,,
rsg_object_detection,frame_trace,358,rsg_20260806_29_704879999_000358,sent_to_hydra,,,,,,,,,,,582.9193340032361,ok,9.180261004075874,523.9122159982799,45.6229789997451,0.1314490000368096,45.49152999970829,0.003392000508029014,4.791304003447294,0.17333600408164784,350.93595400394406,21.739802999945823,0.00745399302104488,372.8565470009926,98.24985801242292,21.647934991051443,9.920477998093702,32.32539799500955,33.46540399797959,24.821755003358703,4.297793988371268,0.9378710019518621,0.4449699990800582,1.4484369967249222,0.05039800453232601,0.006207003025338054,130.275593000988,3.5776389995589852,0.19685400184243917,12.17028200335335,0.04399698809720576,4.958047000400256,4.444698002771474,0.09785099973669276,0.4154979978920892,3.5311780011397786,0.6860770008643158,0.004959001671522856,4.200486000627279,8,0,8,0,0,,,,,,,,,,,,,,
rsg_object_detection,dropped_oldest,368,rsg_20260806_30_304880000_000368,dropped,True,fifo_cached_frame,369,37,0,330,37,0,1,0.0,49.140849005198106,frame_fifo_full,,,,,,,,,,,,,,,,,,,,,,,,,,,,,,,,,,,,,,,,,,,,,,,,,,,,,,,,
rsg_object_detection,dropped_oldest,369,rsg_20260806_30_354880000_000369,dropped,True,fifo_cached_frame,370,37,0,331,37,0,1,0.0,56.55128099897411,frame_fifo_full,,,,,,,,,,,,,,,,,,,,,,,,,,,,,,,,,,,,,,,,,,,,,,,,,,,,,,,,
rsg_object_detection,dropped_oldest,370,rsg_20260806_30_404879999_000370,dropped,True,fifo_cached_frame,371,37,0,332,37,0,1,0.0,43.32239799987292,frame_fifo_full,,,,,,,,,,,,,,,,,,,,,,,,,,,,,,,,,,,,,,,,,,,,,,,,,,,,,,,,
rsg_object_detection,dropped_oldest,371,rsg_20260806_30_454879999_000371,dropped,True,fifo_cached_frame,372,37,0,333,37,0,1,0.0,51.67585299932398,frame_fifo_full,,,,,,,,,,,,,,,,,,,,,,,,,,,,,,,,,,,,,,,,,,,,,,,,,,,,,,,,
rsg_object_detection,dropped_oldest,372,rsg_20260806_30_504880000_000372,dropped,True,fifo_cached_frame,373,37,0,334,37,0,1,0.0,51.90723299892852,frame_fifo_full,,,,,,,,,,,,,,,,,,,,,,,,,,,,,,,,,,,,,,,,,,,,,,,,,,,,,,,,
rsg_object_detection,dropped_oldest,373,rsg_20260806_30_554880000_000373,dropped,True,fifo_cached_frame,374,37,0,335,37,0,1,0.0,50.491658999817446,frame_fifo_full,,,,,,,,,,,,,,,,,,,,,,,,,,,,,,,,,,,,,,,,,,,,,,,,,,,,,,,,
rsg_object_detection,dropped_oldest,374,rsg_20260806_30_604880000_000374,dropped,True,fifo_cached_frame,375,37,0,336,37,0,1,0.0,49.99338099878514,frame_fifo_full,,,,,,,,,,,,,,,,,,,,,,,,,,,,,,,,,,,,,,,,,,,,,,,,,,,,,,,,
rsg_object_detection,dropped_oldest,375,rsg_20260806_30_654879999_000375,dropped,True,fifo_cached_frame,376,37,0,337,37,0,1,0.0,54.114447004394606,frame_fifo_full,,,,,,,,,,,,,,,,,,,,,,,,,,,,,,,,,,,,,,,,,,,,,,,,,,,,,,,,
rsg_object_detection,dropped_oldest,376,rsg_20260806_30_704879999_000376,dropped,True,fifo_cached_frame,377,37,0,338,37,0,1,0.0,55.344175998470746,frame_fifo_full,,,,,,,,,,,,,,,,,,,,,,,,,,,,,,,,,,,,,,,,,,,,,,,,,,,,,,,,
rsg_object_detection,frame_trace,367,rsg_20260806_30_254880000_000367,sent_to_hydra,,,,,,,,,,,556.4175049948972,ok,9.278368001105264,529.2448320033145,17.188165998959448,0.14853599714115262,17.039630001818296,0.0026239940780214965,2.8822189997299574,0.21214900334598497,341.8379869981436,26.15861400408903,0.007103997631929815,368.21585400321055,102.36881399760023,40.55009299918311,7.104720993083902,24.164509006368462,29.886773001635447,36.20462200342445,3.2170469930861145,0.5893779816688038,0.3236330230720341,1.267934996576514,0.046077002480160445,0.005599998985417187,144.0378889965359,3.2122500051627867,0.14565700257662684,10.712053001043387,0.0389099950552918,4.689934001362417,4.0636620033183135,0.10777099669212475,0.5185010013519786,3.89038999855984,0.6925400011823513,0.005504000000655651,0.7035149974399246,8,0,8,0,0,,,,,,,,,,,,,,
rsg_object_detection,dropped_oldest,378,rsg_20260806_30_804880000_000378,dropped,True,fifo_cached_frame,379,38,0,339,38,0,1,0.0,6.4317950018448755,frame_fifo_full,,,,,,,,,,,,,,,,,,,,,,,,,,,,,,,,,,,,,,,,,,,,,,,,,,,,,,,,
rsg_object_detection,dropped_oldest,379,rsg_20260806_30_854880000_000379,dropped,True,fifo_cached_frame,380,38,0,340,38,0,1,0.0,43.380538998462725,frame_fifo_full,,,,,,,,,,,,,,,,,,,,,,,,,,,,,,,,,,,,,,,,,,,,,,,,,,,,,,,,
rsg_object_detection,dropped_oldest,380,rsg_20260806_30_904879999_000380,dropped,True,fifo_cached_frame,381,38,0,341,38,0,1,0.0,42.73132500384236,frame_fifo_full,,,,,,,,,,,,,,,,,,,,,,,,,,,,,,,,,,,,,,,,,,,,,,,,,,,,,,,,
rsg_object_detection,dropped_oldest,381,rsg_20260806_30_954879999_000381,dropped,True,fifo_cached_frame,382,38,0,342,38,0,1,0.0,50.62077200273052,frame_fifo_full,,,,,,,,,,,,,,,,,,,,,,,,,,,,,,,,,,,,,,,,,,,,,,,,,,,,,,,,
rsg_object_detection,dropped_oldest,382,rsg_20260806_31_004879999_000382,dropped,True,fifo_cached_frame,383,38,0,343,38,0,1,0.0,55.11813900375273,frame_fifo_full,,,,,,,,,,,,,,,,,,,,,,,,,,,,,,,,,,,,,,,,,,,,,,,,,,,,,,,,
rsg_object_detection,dropped_oldest,383,rsg_20260806_31_054880000_000383,dropped,True,fifo_cached_frame,384,38,0,344,38,0,1,0.0,48.57329700462287,frame_fifo_full,,,,,,,,,,,,,,,,,,,,,,,,,,,,,,,,,,,,,,,,,,,,,,,,,,,,,,,,
rsg_object_detection,dropped_oldest,384,rsg_20260806_31_104880000_000384,dropped,True,fifo_cached_frame,385,38,0,345,38,0,1,0.0,50.421459003700875,frame_fifo_full,,,,,,,,,,,,,,,,,,,,,,,,,,,,,,,,,,,,,,,,,,,,,,,,,,,,,,,,
rsg_object_detection,dropped_oldest,385,rsg_20260806_31_154879999_000385,dropped,True,fifo_cached_frame,386,38,0,346,38,0,1,0.0,50.408914998115506,frame_fifo_full,,,,,,,,,,,,,,,,,,,,,,,,,,,,,,,,,,,,,,,,,,,,,,,,,,,,,,,,
rsg_object_detection,dropped_oldest,386,rsg_20260806_31_204879999_000386,dropped,True,fifo_cached_frame,387,38,0,347,38,0,1,0.0,52.61964899546001,frame_fifo_full,,,,,,,,,,,,,,,,,,,,,,,,,,,,,,,,,,,,,,,,,,,,,,,,,,,,,,,,
rsg_object_detection,frame_trace,377,rsg_20260806_30_754880000_000377,sent_to_hydra,,,,,,,,,,,607.4816410036874,ok,8.844151001540013,522.0406549997278,75.9200700049405,0.13976800255477428,75.78030200238572,0.0020799998310394585,2.8033749986207113,0.23128399334382266,353.5281459990074,23.953930001880508,0.00707200524630025,377.720431999478,77.08280000224477,18.635006992553826,10.54893001128221,29.066080001939554,17.94176100520417,40.230752994830254,5.71282298915321,3.2947419822448865,0.6086430294089951,1.296637004998047,0.045341999793890864,0.005504000000655651,128.29481100197881,3.0474259983748198,0.1373369959765114,9.995674998208415,0.04159900709055364,4.729003005195409,4.135914001381025,0.09813799988478422,0.4949510039296001,3.4431819949531928,0.6673900061286986,0.00457599526271224,0.6746849976480007,8,0,8,0,0,,,,,,,,,,,,,,
rsg_object_detection,dropped_oldest,388,rsg_20260806_31_304880000_000388,dropped,True,fifo_cached_frame,389,39,0,348,39,0,1,0.0,5.677787004970014,frame_fifo_full,,,,,,,,,,,,,,,,,,,,,,,,,,,,,,,,,,,,,,,,,,,,,,,,,,,,,,,,
rsg_object_detection,dropped_oldest,389,rsg_20260806_31_354880000_000389,dropped,True,fifo_cached_frame,390,39,0,349,39,0,1,0.0,6.297307001659647,frame_fifo_full,,,,,,,,,,,,,,,,,,,,,,,,,,,,,,,,,,,,,,,,,,,,,,,,,,,,,,,,
rsg_object_detection,dropped_oldest,390,rsg_20260806_31_404879999_000390,dropped,True,fifo_cached_frame,391,39,0,350,39,0,1,0.0,67.56054100696929,frame_fifo_full,,,,,,,,,,,,,,,,,,,,,,,,,,,,,,,,,,,,,,,,,,,,,,,,,,,,,,,,
rsg_object_detection,dropped_oldest,391,rsg_20260806_31_504880000_000391,dropped,True,fifo_cached_frame,392,39,0,351,39,0,1,0.0,49.72069500217913,frame_fifo_full,,,,,,,,,,,,,,,,,,,,,,,,,,,,,,,,,,,,,,,,,,,,,,,,,,,,,,,,
rsg_object_detection,dropped_oldest,392,rsg_20260806_31_554880000_000392,dropped,True,fifo_cached_frame,393,39,0,352,39,0,1,0.0,53.49915599799715,frame_fifo_full,,,,,,,,,,,,,,,,,,,,,,,,,,,,,,,,,,,,,,,,,,,,,,,,,,,,,,,,
rsg_object_detection,dropped_oldest,393,rsg_20260806_31_604880000_000393,dropped,True,fifo_cached_frame,394,39,0,353,39,0,1,0.0,47.483115005888976,frame_fifo_full,,,,,,,,,,,,,,,,,,,,,,,,,,,,,,,,,,,,,,,,,,,,,,,,,,,,,,,,
rsg_object_detection,dropped_oldest,394,rsg_20260806_31_654879999_000394,dropped,True,fifo_cached_frame,395,39,0,354,39,0,1,0.0,52.65059199882671,frame_fifo_full,,,,,,,,,,,,,,,,,,,,,,,,,,,,,,,,,,,,,,,,,,,,,,,,,,,,,,,,
rsg_object_detection,dropped_oldest,395,rsg_20260806_31_704879999_000395,dropped,True,fifo_cached_frame,396,39,0,355,39,0,1,0.0,48.740329999418464,frame_fifo_full,,,,,,,,,,,,,,,,,,,,,,,,,,,,,,,,,,,,,,,,,,,,,,,,,,,,,,,,
rsg_object_detection,dropped_oldest,396,rsg_20260806_31_754880000_000396,dropped,True,fifo_cached_frame,397,39,0,356,39,0,1,0.0,69.42540499585448,frame_fifo_full,,,,,,,,,,,,,,,,,,,,,,,,,,,,,,,,,,,,,,,,,,,,,,,,,,,,,,,,
rsg_object_detection,frame_trace,387,rsg_20260806_31_254880000_000387,sent_to_hydra,,,,,,,,,,,650.0608120040852,ok,13.480392000928987,515.5461300018942,120.16774299991084,0.1332100000581704,120.03453299985267,0.0034240001696161926,0.9960130046238191,0.1646309974603355,385.03568900341634,22.469527000794187,0.006559996108990163,407.67640699777985,53.85641699831467,17.290945994318463,4.8329330020351335,18.29057399299927,12.821994991099928,28.332136003882624,3.83714800409507,0.3592769935494289,0.34686000435613096,1.770820003002882,0.04313400131650269,0.005055000656284392,88.56876700156135,6.0223130058147945,0.16120800137287006,12.076911996700801,0.04450999404070899,8.02409800235182,7.000246005191002,0.11577000259421766,0.9080819945666008,4.691788999480195,0.7587129948660731,0.005792004230897874,0.8631230011815205,8,0,8,0,0,,,,,,,,,,,,,,
rsg_object_detection,dropped_oldest,398,rsg_20260806_31_854880000_000398,dropped,True,fifo_cached_frame,399,40,0,357,40,0,1,0.0,6.026825001754332,frame_fifo_full,,,,,,,,,,,,,,,,,,,,,,,,,,,,,,,,,,,,,,,,,,,,,,,,,,,,,,,,
rsg_object_detection,dropped_oldest,399,rsg_20260806_31_904879999_000399,dropped,True,fifo_cached_frame,400,40,0,358,40,0,1,0.0,6.493775996204931,frame_fifo_full,,,,,,,,,,,,,,,,,,,,,,,,,,,,,,,,,,,,,,,,,,,,,,,,,,,,,,,,
rsg_object_detection,dropped_oldest,400,rsg_20260806_31_954879999_000400,dropped,True,fifo_cached_frame,401,40,0,359,40,0,1,0.0,26.6419199979282,frame_fifo_full,,,,,,,,,,,,,,,,,,,,,,,,,,,,,,,,,,,,,,,,,,,,,,,,,,,,,,,,
rsg_object_detection,dropped_oldest,401,rsg_20260806_32_004879999_000401,dropped,True,fifo_cached_frame,402,40,0,360,40,0,1,0.0,53.40664899995318,frame_fifo_full,,,,,,,,,,,,,,,,,,,,,,,,,,,,,,,,,,,,,,,,,,,,,,,,,,,,,,,,
rsg_object_detection,dropped_oldest,402,rsg_20260806_32_054879999_000402,dropped,True,fifo_cached_frame,403,40,0,361,40,0,1,0.0,47.790782002266496,frame_fifo_full,,,,,,,,,,,,,,,,,,,,,,,,,,,,,,,,,,,,,,,,,,,,,,,,,,,,,,,,
rsg_object_detection,dropped_oldest,403,rsg_20260806_32_104880000_000403,dropped,True,fifo_cached_frame,404,40,0,362,40,0,1,0.0,53.80608900304651,frame_fifo_full,,,,,,,,,,,,,,,,,,,,,,,,,,,,,,,,,,,,,,,,,,,,,,,,,,,,,,,,
rsg_object_detection,dropped_oldest,404,rsg_20260806_32_154879999_000404,dropped,True,fifo_cached_frame,405,40,0,363,40,0,1,0.0,49.56317200412741,frame_fifo_full,,,,,,,,,,,,,,,,,,,,,,,,,,,,,,,,,,,,,,,,,,,,,,,,,,,,,,,,
rsg_object_detection,dropped_oldest,405,rsg_20260806_32_204880000_000405,dropped,True,fifo_cached_frame,406,40,0,364,40,0,1,0.0,48.584213996946346,frame_fifo_full,,,,,,,,,,,,,,,,,,,,,,,,,,,,,,,,,,,,,,,,,,,,,,,,,,,,,,,,
rsg_object_detection,dropped_oldest,406,rsg_20260806_32_254880000_000406,dropped,True,fifo_cached_frame,407,40,0,365,40,0,1,0.0,68.30329199874541,frame_fifo_full,,,,,,,,,,,,,,,,,,,,,,,,,,,,,,,,,,,,,,,,,,,,,,,,,,,,,,,,
rsg_object_detection,dropped_oldest,407,rsg_20260806_32_304879999_000407,dropped,True,fifo_cached_frame,408,40,0,366,40,0,1,0.0,30.72231900296174,frame_fifo_full,,,,,,,,,,,,,,,,,,,,,,,,,,,,,,,,,,,,,,,,,,,,,,,,,,,,,,,,
rsg_object_detection,frame_trace,397,rsg_20260806_31_804880000_000397,sent_to_hydra,,,,,,,,,,,550.9251929979655,ok,9.414682994247414,452.37575600185664,88.4972830026527,0.134553003590554,88.36272999906214,0.002496002707630396,1.028330996632576,0.17467900033807382,327.30399999854853,22.72103599534603,0.005854999471921474,350.20556999370456,40.63243301061448,17.30886699806433,4.0106420128722675,7.2750169929349795,11.482863999844994,24.873820999346208,4.331039010139648,0.9863829836831428,0.33150199305964634,1.3682180069736205,0.2191239982494153,0.006271999154705554,72.76517499849433,18.15743099723477,0.1265860046260059,10.049593001895119,0.04307000926928595,5.033405002905056,4.396669006382581,0.08866799907991663,0.5480679974425584,3.708511998411268,0.668349995976314,0.004415996954776347,0.6349749965011142,8,0,8,0,0,,,,,,,,,,,,,,
rsg_object_detection,dropped_oldest,409,rsg_20260806_32_404879999_000409,dropped,True,fifo_cached_frame,410,41,0,367,41,0,1,0.0,44.07782199996291,frame_fifo_full,,,,,,,,,,,,,,,,,,,,,,,,,,,,,,,,,,,,,,,,,,,,,,,,,,,,,,,,
rsg_object_detection,dropped_oldest,410,rsg_20260806_32_454880000_000410,dropped,True,fifo_cached_frame,411,41,0,368,41,0,1,0.0,49.14767300215317,frame_fifo_full,,,,,,,,,,,,,,,,,,,,,,,,,,,,,,,,,,,,,,,,,,,,,,,,,,,,,,,,
rsg_object_detection,dropped_oldest,411,rsg_20260806_32_504880000_000411,dropped,True,fifo_cached_frame,412,41,0,369,41,0,1,0.0,54.03474900231231,frame_fifo_full,,,,,,,,,,,,,,,,,,,,,,,,,,,,,,,,,,,,,,,,,,,,,,,,,,,,,,,,
rsg_object_detection,dropped_oldest,412,rsg_20260806_32_554879999_000412,dropped,True,fifo_cached_frame,413,41,0,370,41,0,1,0.0,51.46998499549227,frame_fifo_full,,,,,,,,,,,,,,,,,,,,,,,,,,,,,,,,,,,,,,,,,,,,,,,,,,,,,,,,
rsg_object_detection,dropped_oldest,413,rsg_20260806_32_604880000_000413,dropped,True,fifo_cached_frame,414,41,0,371,41,0,1,0.0,50.36668200045824,frame_fifo_full,,,,,,,,,,,,,,,,,,,,,,,,,,,,,,,,,,,,,,,,,,,,,,,,,,,,,,,,
rsg_object_detection,dropped_oldest,414,rsg_20260806_32_654879999_000414,dropped,True,fifo_cached_frame,415,41,0,372,41,0,1,0.0,109.59575500601204,frame_fifo_full,,,,,,,,,,,,,,,,,,,,,,,,,,,,,,,,,,,,,,,,,,,,,,,,,,,,,,,,
rsg_object_detection,dropped_oldest,415,rsg_20260806_32_754880000_000415,dropped,True,fifo_cached_frame,416,41,0,373,41,0,1,0.0,54.99879499984672,frame_fifo_full,,,,,,,,,,,,,,,,,,,,,,,,,,,,,,,,,,,,,,,,,,,,,,,,,,,,,,,,
rsg_object_detection,dropped_oldest,416,rsg_20260806_32_804879999_000416,dropped,True,fifo_cached_frame,417,41,0,374,42,0,1,0.0,89.7626020014286,frame_fifo_full,,,,,,,,,,,,,,,,,,,,,,,,,,,,,,,,,,,,,,,,,,,,,,,,,,,,,,,,
rsg_object_detection,frame_trace,408,rsg_20260806_32_354880000_000408,sent_to_hydra,,,,,,,,,,,550.8421779959463,ok,15.71557299757842,505.02265399700264,29.40622699679807,0.13992799358675256,29.266299003211316,0.002911998308263719,0.9314400012954138,0.22530100250151008,370.42156499956036,28.20747299847426,0.007519003702327609,398.86185800423846,60.546250992047135,17.479356021794956,4.843556998821441,25.50287899794057,11.940566007979214,22.51784699910786,4.104556996026076,1.7006810085149482,0.3439820065977983,1.362233997497242,0.049182002840097994,0.006080001185182482,90.64565999869956,3.349714999785647,0.12668200361076742,11.066405000747181,0.04089398862561211,9.12058500398416,8.473291003610939,0.09730700548971072,0.5499869948835112,5.814547999761999,0.7756399936624803,0.004800000169780105,0.6948120062588714,8,0,8,0,0,,,,,,,,,,,,,,
rsg_object_detection,dropped_oldest,418,rsg_20260806_32_954880000_000418,dropped,True,fifo_cached_frame,419,42,0,375,42,0,1,0.0,39.270327004487626,frame_fifo_full,,,,,,,,,,,,,,,,,,,,,,,,,,,,,,,,,,,,,,,,,,,,,,,,,,,,,,,,
rsg_object_detection,dropped_oldest,419,rsg_20260806_33_004879999_000419,dropped,True,fifo_cached_frame,420,42,0,376,42,0,1,0.0,51.71480499848258,frame_fifo_full,,,,,,,,,,,,,,,,,,,,,,,,,,,,,,,,,,,,,,,,,,,,,,,,,,,,,,,,
rsg_object_detection,dropped_oldest,420,rsg_20260806_33_054879999_000420,dropped,True,fifo_cached_frame,421,42,0,377,42,0,1,0.0,50.336767999397125,frame_fifo_full,,,,,,,,,,,,,,,,,,,,,,,,,,,,,,,,,,,,,,,,,,,,,,,,,,,,,,,,
rsg_object_detection,dropped_oldest,421,rsg_20260806_33_104880000_000421,dropped,True,fifo_cached_frame,422,42,0,378,42,0,1,0.0,60.83664299512748,frame_fifo_full,,,,,,,,,,,,,,,,,,,,,,,,,,,,,,,,,,,,,,,,,,,,,,,,,,,,,,,,
rsg_object_detection,dropped_oldest,422,rsg_20260806_33_154879999_000422,dropped,True,fifo_cached_frame,423,42,0,379,42,0,1,0.0,39.59469700203044,frame_fifo_full,,,,,,,,,,,,,,,,,,,,,,,,,,,,,,,,,,,,,,,,,,,,,,,,,,,,,,,,
rsg_object_detection,dropped_oldest,423,rsg_20260806_33_204880000_000423,dropped,True,fifo_cached_frame,424,42,0,380,42,0,1,0.0,50.15575300058117,frame_fifo_full,,,,,,,,,,,,,,,,,,,,,,,,,,,,,,,,,,,,,,,,,,,,,,,,,,,,,,,,
rsg_object_detection,dropped_oldest,424,rsg_20260806_33_254880000_000424,dropped,True,fifo_cached_frame,425,42,0,381,42,0,1,0.0,74.84824200219009,frame_fifo_full,,,,,,,,,,,,,,,,,,,,,,,,,,,,,,,,,,,,,,,,,,,,,,,,,,,,,,,,
rsg_object_detection,dropped_oldest,425,rsg_20260806_33_304879999_000425,dropped,True,fifo_cached_frame,426,42,0,382,42,0,1,0.0,23.117113996704575,frame_fifo_full,,,,,,,,,,,,,,,,,,,,,,,,,,,,,,,,,,,,,,,,,,,,,,,,,,,,,,,,
rsg_object_detection,dropped_oldest,426,rsg_20260806_33_354880000_000426,dropped,True,fifo_cached_frame,427,42,0,383,42,0,1,0.0,49.162556999363005,frame_fifo_full,,,,,,,,,,,,,,,,,,,,,,,,,,,,,,,,,,,,,,,,,,,,,,,,,,,,,,,,
rsg_object_detection,frame_trace,417,rsg_20260806_32_904879999_000417,sent_to_hydra,,,,,,,,,,,530.3783389972523,ok,9.459064000111539,518.2527229990228,1.9121900040772744,0.15583200001856312,1.7563580040587112,0.002143999154213816,1.583725999807939,0.20117299573030323,354.2004039991298,20.470753996050917,0.008287010132335126,374.88061800104333,78.44194499193691,29.200673001469113,5.0835470101446845,32.25692899286514,11.239453000598587,37.58785600075498,3.4883639964391477,1.3114540197420865,0.33594998967600986,1.3355150003917515,0.2694260037969798,0.005823996616527438,122.79476499679731,7.61835999583127,0.1486649998696521,11.184224000317045,0.042365005356259644,4.949633999785874,4.385246000310872,0.08357900514965877,0.4808089943253435,3.656067005067598,0.8466129947919399,0.006750000466126949,0.7522179948864505,8,0,8,0,0,,,,,,,,,,,,,,
rsg_object_detection,dropped_oldest,428,rsg_20260806_33_454880000_000428,dropped,True,fifo_cached_frame,429,43,0,384,43,0,1,0.0,54.55645499750972,frame_fifo_full,,,,,,,,,,,,,,,,,,,,,,,,,,,,,,,,,,,,,,,,,,,,,,,,,,,,,,,,
rsg_object_detection,dropped_oldest,429,rsg_20260806_33_504880000_000429,dropped,True,fifo_cached_frame,430,43,0,385,43,0,1,0.0,42.67117799463449,frame_fifo_full,,,,,,,,,,,,,,,,,,,,,,,,,,,,,,,,,,,,,,,,,,,,,,,,,,,,,,,,
rsg_object_detection,dropped_oldest,430,rsg_20260806_33_554879999_000430,dropped,True,fifo_cached_frame,431,43,0,386,43,0,1,0.0,106.331932998728,frame_fifo_full,,,,,,,,,,,,,,,,,,,,,,,,,,,,,,,,,,,,,,,,,,,,,,,,,,,,,,,,
rsg_object_detection,dropped_oldest,431,rsg_20260806_33_654879999_000431,dropped,True,fifo_cached_frame,432,43,0,387,43,0,1,0.0,56.76315700111445,frame_fifo_full,,,,,,,,,,,,,,,,,,,,,,,,,,,,,,,,,,,,,,,,,,,,,,,,,,,,,,,,
rsg_object_detection,dropped_oldest,432,rsg_20260806_33_704880000_000432,dropped,True,fifo_cached_frame,433,43,0,388,43,0,1,0.0,41.51120700407773,frame_fifo_full,,,,,,,,,,,,,,,,,,,,,,,,,,,,,,,,,,,,,,,,,,,,,,,,,,,,,,,,
rsg_object_detection,dropped_oldest,433,rsg_20260806_33_754880000_000433,dropped,True,fifo_cached_frame,434,43,0,389,43,0,1,0.0,110.13055300281849,frame_fifo_full,,,,,,,,,,,,,,,,,,,,,,,,,,,,,,,,,,,,,,,,,,,,,,,,,,,,,,,,
rsg_object_detection,dropped_oldest,434,rsg_20260806_33_854880000_000434,dropped,True,fifo_cached_frame,435,43,0,390,43,0,1,0.0,49.17122799815843,frame_fifo_full,,,,,,,,,,,,,,,,,,,,,,,,,,,,,,,,,,,,,,,,,,,,,,,,,,,,,,,,
rsg_object_detection,dropped_oldest,435,rsg_20260806_33_904879999_000435,dropped,True,fifo_cached_frame,436,43,0,391,43,0,1,0.0,36.16984999825945,frame_fifo_full,,,,,,,,,,,,,,,,,,,,,,,,,,,,,,,,,,,,,,,,,,,,,,,,,,,,,,,,
rsg_object_detection,frame_trace,427,rsg_20260806_33_404879999_000427,sent_to_hydra,,,,,,,,,,,587.6544429993373,ok,9.410395003214944,527.232754000579,49.97761899721809,0.13775299885310233,49.839865998364985,0.004416004230733961,4.500215996813495,0.2740339987212792,355.29917600069894,17.909444999531843,0.00819200067780912,373.49084699962987,92.53625800920418,44.56727199431043,12.799529999028891,21.80732499982696,12.629718003154267,36.22165499837138,3.235576004954055,1.0936719991150312,0.34075198345817626,1.334811000560876,0.05686099757440388,0.005055000656284392,134.84070399863413,2.674390998436138,0.13340100122150034,11.537837999640033,0.05535700620384887,4.9598719997447915,4.269860000931658,0.10969000140903518,0.5803219974040985,3.803036001045257,0.6425270039471798,0.004959998477715999,1.0292589940945618,8,0,8,0,0,,,,,,,,,,,,,,
rsg_object_detection,dropped_oldest,437,rsg_20260806_34_004879999_000437,dropped,True,fifo_cached_frame,438,44,0,392,44,0,1,0.0,51.750774997344706,frame_fifo_full,,,,,,,,,,,,,,,,,,,,,,,,,,,,,,,,,,,,,,,,,,,,,,,,,,,,,,,,
rsg_object_detection,dropped_oldest,438,rsg_20260806_34_054879999_000438,dropped,True,fifo_cached_frame,439,44,0,393,44,0,1,0.0,100.6005239978549,frame_fifo_full,,,,,,,,,,,,,,,,,,,,,,,,,,,,,,,,,,,,,,,,,,,,,,,,,,,,,,,,
rsg_object_detection,dropped_oldest,439,rsg_20260806_34_154879999_000439,dropped,True,fifo_cached_frame,440,44,0,394,44,0,1,0.0,50.923173999763094,frame_fifo_full,,,,,,,,,,,,,,,,,,,,,,,,,,,,,,,,,,,,,,,,,,,,,,,,,,,,,,,,
rsg_object_detection,dropped_oldest,440,rsg_20260806_34_204880000_000440,dropped,True,fifo_cached_frame,441,44,0,395,44,0,1,0.0,50.000278002698906,frame_fifo_full,,,,,,,,,,,,,,,,,,,,,,,,,,,,,,,,,,,,,,,,,,,,,,,,,,,,,,,,
rsg_object_detection,dropped_oldest,441,rsg_20260806_34_254880000_000441,dropped,True,fifo_cached_frame,442,44,0,396,44,0,1,0.0,50.89012000098592,frame_fifo_full,,,,,,,,,,,,,,,,,,,,,,,,,,,,,,,,,,,,,,,,,,,,,,,,,,,,,,,,
rsg_object_detection,dropped_oldest,442,rsg_20260806_34_304879999_000442,dropped,True,fifo_cached_frame,443,44,0,397,44,0,1,0.0,52.9786850020173,frame_fifo_full,,,,,,,,,,,,,,,,,,,,,,,,,,,,,,,,,,,,,,,,,,,,,,,,,,,,,,,,
rsg_object_detection,dropped_oldest,443,rsg_20260806_34_354880000_000443,dropped,True,fifo_cached_frame,444,44,0,398,44,0,1,0.0,64.74908700329252,frame_fifo_full,,,,,,,,,,,,,,,,,,,,,,,,,,,,,,,,,,,,,,,,,,,,,,,,,,,,,,,,
rsg_object_detection,dropped_oldest,444,rsg_20260806_34_404879999_000444,dropped,True,fifo_cached_frame,445,44,0,399,44,0,1,0.0,62.35397799900966,frame_fifo_full,,,,,,,,,,,,,,,,,,,,,,,,,,,,,,,,,,,,,,,,,,,,,,,,,,,,,,,,
rsg_object_detection,frame_trace,436,rsg_20260806_33_954880000_000436,sent_to_hydra,,,,,,,,,,,581.5995960001601,ok,9.22301399987191,525.6768109975383,45.937058006529696,0.13116100308252499,45.80589700344717,0.003168002876918763,2.3178329938673414,0.21061300503788516,350.9391379993758,24.504020999302156,0.008126000466290861,375.66189800418215,81.02044300903799,20.459651997953188,10.455332994752098,29.789508997055236,19.467703998088837,42.72196400415851,3.227352979592979,1.973116013687104,0.34065399086102843,1.352089995634742,0.056285003665834665,0.005055997462477535,130.7134090020554,3.630500999861397,0.19778199930442497,13.114366003719624,0.04102199454791844,4.9107230006484315,4.351329000201076,0.08633099787402898,0.47306300257332623,3.655587999674026,0.6525429998873733,0.004159999662078917,0.7595449933432974,8,0,8,0,0,,,,,,,,,,,,,,
rsg_object_detection,,1,rsg_20260806_11_804880000_000001,vlm_done,,,,,,,,,,,,ok,,,,,,,,,,,,,,,,,,,,,,,,,,,,,,,,,,,,,,,,,,,rsg_obj_000006,rsg_unknown_rsg_20260806_11_804880000_000001_005_nanosam_007,,,1,0.6397107193503869,floor,0.98,static,0.99,6784.861432999605,16001.889554994705,qwen_http,Qwen3-VL-8B-Instruct-GGUF
rsg_object_detection,completed,1,rsg_20260806_11_804880000_000001,,,,,,,,,,,9217.026105994591,,vlm_done,,,,,,,,,,,,,,,,,,,,,,,,,,,,,,,,,,,,,,,,,,,rsg_obj_000006,rsg_unknown_rsg_20260806_11_804880000_000001_005_nanosam_007,8,300,1,0.6397107193503869,,,,,,,,
rsg_object_detection,dequeued,55,rsg_20260806_14_504880000_000055,,,,,,,,,,,15474.869105004473,,fifo_order,,,,,,,,,,,,,,,,,,,,,,,,,,,,,,,,,,,,,,,,,,,rsg_obj_000009,rsg_unknown_rsg_20260806_14_504880000_000055_001_nanosam_002,7,300,4,0.5227692316384182,,,,,,,,
rsg_object_detection,dropped_oldest,446,rsg_20260806_34_554879999_000446,dropped,True,fifo_cached_frame,447,45,0,400,45,0,1,0.0,96.80667099746643,frame_fifo_full,,,,,,,,,,,,,,,,,,,,,,,,,,,,,,,,,,,,,,,,,,,,,,,,,,,,,,,,
rsg_object_detection,dropped_oldest,447,rsg_20260806_34_654879999_000447,dropped,True,fifo_cached_frame,448,45,0,401,45,0,1,0.0,64.37019500299357,frame_fifo_full,,,,,,,,,,,,,,,,,,,,,,,,,,,,,,,,,,,,,,,,,,,,,,,,,,,,,,,,
rsg_object_detection,dropped_oldest,448,rsg_20260806_34_704880000_000448,dropped,True,fifo_cached_frame,449,45,0,402,45,0,1,0.0,36.09475299890619,frame_fifo_full,,,,,,,,,,,,,,,,,,,,,,,,,,,,,,,,,,,,,,,,,,,,,,,,,,,,,,,,
rsg_object_detection,dropped_oldest,449,rsg_20260806_34_754880000_000449,dropped,True,fifo_cached_frame,450,45,0,403,45,0,1,0.0,104.07016999670304,frame_fifo_full,,,,,,,,,,,,,,,,,,,,,,,,,,,,,,,,,,,,,,,,,,,,,,,,,,,,,,,,
rsg_object_detection,dropped_oldest,450,rsg_20260806_34_854880000_000450,dropped,True,fifo_cached_frame,451,45,0,404,45,0,1,0.0,60.55019899940817,frame_fifo_full,,,,,,,,,,,,,,,,,,,,,,,,,,,,,,,,,,,,,,,,,,,,,,,,,,,,,,,,
rsg_object_detection,frame_trace,445,rsg_20260806_34_454880000_000445,sent_to_hydra,,,,,,,,,,,441.9328330041026,ok,9.778601001016796,377.0519770041574,54.3084400051157,0.14156000543152913,54.16687999968417,0.003040004230570048,1.7827570045483299,0.24526799825252965,236.8307690048823,18.985583999892697,0.006910995580255985,256.0685319986078,64.10140799562214,25.972232993808575,5.221843995968811,15.451013001438696,16.79996698658215,26.74348900472978,3.735519014298916,2.442338998662308,0.37383798917289823,1.3167319993954152,0.35303799813846126,0.0052159957704134285,99.08789799374063,4.752140004711691,0.14821599324932322,15.149397993809544,0.06303601549006999,5.40276199899381,4.828167999221478,0.09893900278257206,0.47565499698976055,3.6096699986956082,0.760761002311483,0.005408001015894115,0.7907749895821325,8,0,7,0,0,,,,,,,,,,,,,,
rsg_object_detection,dropped_oldest,452,rsg_20260806_34_954880000_000452,dropped,True,fifo_cached_frame,453,46,0,405,46,0,1,0.0,4.219558999466244,frame_fifo_full,,,,,,,,,,,,,,,,,,,,,,,,,,,,,,,,,,,,,,,,,,,,,,,,,,,,,,,,
rsg_object_detection,dropped_oldest,453,rsg_20260806_35_004879999_000453,dropped,True,fifo_cached_frame,454,46,0,406,46,0,1,0.0,40.412002002994996,frame_fifo_full,,,,,,,,,,,,,,,,,,,,,,,,,,,,,,,,,,,,,,,,,,,,,,,,,,,,,,,,
rsg_object_detection,dropped_oldest,454,rsg_20260806_35_054879999_000454,dropped,True,fifo_cached_frame,455,46,0,407,46,0,1,0.0,100.83655200287467,frame_fifo_full,,,,,,,,,,,,,,,,,,,,,,,,,,,,,,,,,,,,,,,,,,,,,,,,,,,,,,,,
rsg_object_detection,dropped_oldest,455,rsg_20260806_35_154879999_000455,dropped,True,fifo_cached_frame,456,46,0,408,46,0,1,0.0,51.53037999843946,frame_fifo_full,,,,,,,,,,,,,,,,,,,,,,,,,,,,,,,,,,,,,,,,,,,,,,,,,,,,,,,,
rsg_object_detection,dropped_oldest,456,rsg_20260806_35_204880000_000456,dropped,True,fifo_cached_frame,457,46,0,409,46,0,1,0.0,50.44243500015,frame_fifo_full,,,,,,,,,,,,,,,,,,,,,,,,,,,,,,,,,,,,,,,,,,,,,,,,,,,,,,,,
rsg_object_detection,dropped_oldest,457,rsg_20260806_35_254880000_000457,dropped,True,fifo_cached_frame,458,46,0,410,46,0,1,0.0,100.43097400193801,frame_fifo_full,,,,,,,,,,,,,,,,,,,,,,,,,,,,,,,,,,,,,,,,,,,,,,,,,,,,,,,,
rsg_object_detection,dropped_oldest,458,rsg_20260806_35_354880000_000458,dropped,True,fifo_cached_frame,459,46,0,411,46,0,1,0.0,54.859487994690426,frame_fifo_full,,,,,,,,,,,,,,,,,,,,,,,,,,,,,,,,,,,,,,,,,,,,,,,,,,,,,,,,
rsg_object_detection,dropped_oldest,459,rsg_20260806_35_404879999_000459,dropped,True,fifo_cached_frame,460,46,0,412,46,0,1,0.0,51.74310399888782,frame_fifo_full,,,,,,,,,,,,,,,,,,,,,,,,,,,,,,,,,,,,,,,,,,,,,,,,,,,,,,,,
rsg_object_detection,frame_trace,451,rsg_20260806_34_904879999_000451,sent_to_hydra,,,,,,,,,,,574.8085679952055,ok,10.281072994985152,543.7290129993926,19.69665099750273,0.13804099580738693,19.558610001695342,0.0024959954316727817,1.2304010015213862,0.197430003026966,379.1000220007845,18.8781030010432,0.006590998964384198,398.18214600381907,77.40220399864484,18.954932995256968,4.297537998354528,29.49077499943087,23.98734500457067,38.018849001673516,3.7396469924715348,0.8518300019204617,0.338317004207056,1.3591620008810423,0.20846900588367134,0.004831999831367284,121.93745399417821,9.211431002768222,0.15032800001790747,12.960615000338294,0.056637996749486774,4.984831997717265,4.359967999334913,0.09266699635190889,0.5321970020304434,4.021202003059443,1.2674550016527064,0.007583992555737495,1.0993350078933872,8,0,8,0,0,,,,,,,,,,,,,,
rsg_object_detection,dropped_oldest,461,rsg_20260806_35_504880000_000461,dropped,True,fifo_cached_frame,462,47,0,413,47,0,1,0.0,49.20707500423305,frame_fifo_full,,,,,,,,,,,,,,,,,,,,,,,,,,,,,,,,,,,,,,,,,,,,,,,,,,,,,,,,
rsg_object_detection,dropped_oldest,462,rsg_20260806_35_554879999_000462,dropped,True,fifo_cached_frame,463,47,0,414,47,0,1,0.0,48.40625200449722,frame_fifo_full,,,,,,,,,,,,,,,,,,,,,,,,,,,,,,,,,,,,,,,,,,,,,,,,,,,,,,,,
rsg_object_detection,dropped_oldest,463,rsg_20260806_35_604880000_000463,dropped,True,fifo_cached_frame,464,47,0,415,47,0,1,0.0,49.69985000207089,frame_fifo_full,,,,,,,,,,,,,,,,,,,,,,,,,,,,,,,,,,,,,,,,,,,,,,,,,,,,,,,,
rsg_object_detection,dropped_oldest,464,rsg_20260806_35_654879999_000464,dropped,True,fifo_cached_frame,465,47,0,416,47,0,1,0.0,63.74565700389212,frame_fifo_full,,,,,,,,,,,,,,,,,,,,,,,,,,,,,,,,,,,,,,,,,,,,,,,,,,,,,,,,
rsg_object_detection,dropped_oldest,465,rsg_20260806_35_704880000_000465,dropped,True,fifo_cached_frame,466,47,0,417,47,0,1,0.0,39.768711001670454,frame_fifo_full,,,,,,,,,,,,,,,,,,,,,,,,,,,,,,,,,,,,,,,,,,,,,,,,,,,,,,,,
rsg_object_detection,dropped_oldest,466,rsg_20260806_35_754880000_000466,dropped,True,fifo_cached_frame,467,47,0,418,47,0,1,0.0,49.871775998326484,frame_fifo_full,,,,,,,,,,,,,,,,,,,,,,,,,,,,,,,,,,,,,,,,,,,,,,,,,,,,,,,,
rsg_object_detection,dropped_oldest,467,rsg_20260806_35_804879999_000467,dropped,True,fifo_cached_frame,468,47,0,419,47,0,1,0.0,57.88138099887874,frame_fifo_full,,,,,,,,,,,,,,,,,,,,,,,,,,,,,,,,,,,,,,,,,,,,,,,,,,,,,,,,
rsg_object_detection,dropped_oldest,468,rsg_20260806_35_854880000_000468,dropped,True,fifo_cached_frame,469,47,0,420,47,0,1,0.0,60.65221600147197,frame_fifo_full,,,,,,,,,,,,,,,,,,,,,,,,,,,,,,,,,,,,,,,,,,,,,,,,,,,,,,,,
rsg_object_detection,dropped_oldest,469,rsg_20260806_35_904879999_000469,dropped,True,fifo_cached_frame,470,47,0,421,47,0,1,0.0,37.42412699648412,frame_fifo_full,,,,,,,,,,,,,,,,,,,,,,,,,,,,,,,,,,,,,,,,,,,,,,,,,,,,,,,,
rsg_object_detection,frame_trace,460,rsg_20260806_35_454880000_000460,sent_to_hydra,,,,,,,,,,,587.9897280028672,ok,10.349645002861507,537.8365259966813,38.676543001201935,0.13580099766841158,38.54074200353352,0.003136003215331584,6.2079380004433915,0.18965500203194097,345.76414299954195,22.918824004591443,0.006686997949145734,368.8793090041145,79.62650498666335,32.99545800109627,5.84590600192314,25.86030401289463,14.059502995223738,50.073398000677116,13.13049499731278,1.4928179880371317,0.36625502980314195,1.298717994359322,0.06335599755402654,0.005919995601288974,146.07298400369473,2.567099996667821,0.1300410003750585,13.937556999735534,0.04159699165029451,5.921456002397463,5.308878993673716,0.10338599531678483,0.5091910134069622,3.7641910021193326,0.659037999866996,0.004959998477715999,1.123877998907119,8,0,8,0,0,,,,,,,,,,,,,,
rsg_object_detection,dropped_oldest,471,rsg_20260806_36_104880000_000471,dropped,True,fifo_cached_frame,472,48,0,422,48,0,1,0.0,50.65135699987877,frame_fifo_full,,,,,,,,,,,,,,,,,,,,,,,,,,,,,,,,,,,,,,,,,,,,,,,,,,,,,,,,
rsg_object_detection,dropped_oldest,472,rsg_20260806_36_154879999_000472,dropped,True,fifo_cached_frame,473,48,0,423,48,0,1,0.0,51.03968900220934,frame_fifo_full,,,,,,,,,,,,,,,,,,,,,,,,,,,,,,,,,,,,,,,,,,,,,,,,,,,,,,,,
rsg_object_detection,dropped_oldest,473,rsg_20260806_36_204880000_000473,dropped,True,fifo_cached_frame,474,48,0,424,48,0,1,0.0,49.29958599677775,frame_fifo_full,,,,,,,,,,,,,,,,,,,,,,,,,,,,,,,,,,,,,,,,,,,,,,,,,,,,,,,,
rsg_object_detection,dropped_oldest,474,rsg_20260806_36_254880000_000474,dropped,True,fifo_cached_frame,475,48,0,425,48,0,1,0.0,49.21149500296451,frame_fifo_full,,,,,,,,,,,,,,,,,,,,,,,,,,,,,,,,,,,,,,,,,,,,,,,,,,,,,,,,
rsg_object_detection,dropped_oldest,475,rsg_20260806_36_304879999_000475,dropped,True,fifo_cached_frame,476,48,0,426,48,0,1,0.0,50.160535000031814,frame_fifo_full,,,,,,,,,,,,,,,,,,,,,,,,,,,,,,,,,,,,,,,,,,,,,,,,,,,,,,,,
rsg_object_detection,dropped_oldest,476,rsg_20260806_36_354880000_000476,dropped,True,fifo_cached_frame,477,48,0,427,48,0,1,0.0,50.995019999390934,frame_fifo_full,,,,,,,,,,,,,,,,,,,,,,,,,,,,,,,,,,,,,,,,,,,,,,,,,,,,,,,,
rsg_object_detection,dropped_oldest,477,rsg_20260806_36_404879999_000477,dropped,True,fifo_cached_frame,478,48,0,428,48,0,1,0.0,68.5275610012468,frame_fifo_full,,,,,,,,,,,,,,,,,,,,,,,,,,,,,,,,,,,,,,,,,,,,,,,,,,,,,,,,
rsg_object_detection,dropped_oldest,478,rsg_20260806_36_454880000_000478,dropped,True,fifo_cached_frame,479,48,0,429,48,0,1,0.0,27.797583999927156,frame_fifo_full,,,,,,,,,,,,,,,,,,,,,,,,,,,,,,,,,,,,,,,,,,,,,,,,,,,,,,,,
rsg_object_detection,frame_trace,470,rsg_20260806_35_954880000_000470,sent_to_hydra,,,,,,,,,,,570.8598640048876,ok,9.174345999781508,461.0375960037345,99.72403400024632,0.13711300562135875,99.58692099462496,0.003134999133180827,0.9845579988905229,0.1780379971023649,327.0654200023273,26.933692002785392,0.005471993063110858,354.18262199527817,40.7286639965605,16.65175500238547,2.979461998620536,13.753440005530138,6.769508006982505,38.51754700008314,3.9131749945227057,4.873190009675454,0.3595039961510338,1.3654020003741607,0.05990100180497393,0.004351997631601989,89.83830999932252,2.36035899433773,0.14536800154019147,13.489644996298011,0.03673401806736365,4.729581996798515,4.0797269975882955,0.09727500582812354,0.5525799933820963,3.7630710066878237,0.676381001539994,0.005311994755174965,0.9207530019921251,8,0,8,0,0,,,,,,,,,,,,,,
rsg_object_detection,dropped_oldest,480,rsg_20260806_36_554879999_000480,dropped,True,fifo_cached_frame,481,49,0,430,49,0,1,0.0,50.06373899959726,frame_fifo_full,,,,,,,,,,,,,,,,,,,,,,,,,,,,,,,,,,,,,,,,,,,,,,,,,,,,,,,,
rsg_object_detection,dropped_oldest,481,rsg_20260806_36_604880000_000481,dropped,True,fifo_cached_frame,482,49,0,431,49,0,1,0.0,49.11565899965353,frame_fifo_full,,,,,,,,,,,,,,,,,,,,,,,,,,,,,,,,,,,,,,,,,,,,,,,,,,,,,,,,
rsg_object_detection,dropped_oldest,482,rsg_20260806_36_654879999_000482,dropped,True,fifo_cached_frame,483,49,0,432,49,0,1,0.0,50.440072001947556,frame_fifo_full,,,,,,,,,,,,,,,,,,,,,,,,,,,,,,,,,,,,,,,,,,,,,,,,,,,,,,,,
rsg_object_detection,dropped_oldest,483,rsg_20260806_36_704880000_000483,dropped,True,fifo_cached_frame,484,49,0,433,49,0,1,0.0,51.24108699965291,frame_fifo_full,,,,,,,,,,,,,,,,,,,,,,,,,,,,,,,,,,,,,,,,,,,,,,,,,,,,,,,,
rsg_object_detection,dropped_oldest,484,rsg_20260806_36_754880000_000484,dropped,True,fifo_cached_frame,485,49,0,434,49,0,1,0.0,48.92949399800273,frame_fifo_full,,,,,,,,,,,,,,,,,,,,,,,,,,,,,,,,,,,,,,,,,,,,,,,,,,,,,,,,
rsg_object_detection,dropped_oldest,485,rsg_20260806_36_804879999_000485,dropped,True,fifo_cached_frame,486,49,0,435,49,0,1,0.0,53.93330100196181,frame_fifo_full,,,,,,,,,,,,,,,,,,,,,,,,,,,,,,,,,,,,,,,,,,,,,,,,,,,,,,,,
rsg_object_detection,dropped_oldest,486,rsg_20260806_36_854880000_000486,dropped,True,fifo_cached_frame,487,49,0,436,49,0,1,0.0,45.34353199414909,frame_fifo_full,,,,,,,,,,,,,,,,,,,,,,,,,,,,,,,,,,,,,,,,,,,,,,,,,,,,,,,,
rsg_object_detection,dropped_oldest,487,rsg_20260806_36_904879999_000487,dropped,True,fifo_cached_frame,488,49,0,437,49,0,1,0.0,50.27812800108222,frame_fifo_full,,,,,,,,,,,,,,,,,,,,,,,,,,,,,,,,,,,,,,,,,,,,,,,,,,,,,,,,
rsg_object_detection,frame_trace,479,rsg_20260806_36_504880000_000479,sent_to_hydra,,,,,,,,,,,484.5151769986842,ok,8.784189994912595,435.36092800059123,39.34480000316398,0.1515440017101355,39.19325600145385,0.002654996933415532,0.9477600033278577,0.18808599998010322,311.6701120015932,23.227641999255866,0.008351998985745013,335.09419199981494,38.84360900701722,16.662603004078846,5.08482800796628,8.355220001249108,8.12809599301545,28.477836996898986,5.294417991535738,6.174051995913032,0.4184420104138553,1.3104290046612732,0.06844400195404887,0.005087997124064714,80.60975799890002,2.7824809949379414,0.1231620044563897,15.766295997309498,0.03727900184458122,4.653714000596665,4.023857996799052,0.09247499838238582,0.5373810054152273,3.538027005561162,0.5872980036656372,0.0051509850891307,1.0226040030829608,8,0,8,0,0,,,,,,,,,,,,,,
rsg_object_detection,dropped_oldest,489,rsg_20260806_37_004879999_000489,dropped,True,fifo_cached_frame,490,50,0,438,50,0,1,0.0,46.77642000024207,frame_fifo_full,,,,,,,,,,,,,,,,,,,,,,,,,,,,,,,,,,,,,,,,,,,,,,,,,,,,,,,,
rsg_object_detection,dropped_oldest,490,rsg_20260806_37_054879999_000490,dropped,True,fifo_cached_frame,491,50,0,439,50,0,1,0.0,49.61816500144778,frame_fifo_full,,,,,,,,,,,,,,,,,,,,,,,,,,,,,,,,,,,,,,,,,,,,,,,,,,,,,,,,
rsg_object_detection,dropped_oldest,491,rsg_20260806_37_104880000_000491,dropped,True,fifo_cached_frame,492,50,0,440,50,0,1,0.0,53.350295005657244,frame_fifo_full,,,,,,,,,,,,,,,,,,,,,,,,,,,,,,,,,,,,,,,,,,,,,,,,,,,,,,,,
rsg_object_detection,dropped_oldest,492,rsg_20260806_37_154879999_000492,dropped,True,fifo_cached_frame,493,50,0,441,50,0,1,0.0,58.46606599516235,frame_fifo_full,,,,,,,,,,,,,,,,,,,,,,,,,,,,,,,,,,,,,,,,,,,,,,,,,,,,,,,,
rsg_object_detection,dropped_oldest,493,rsg_20260806_37_204880000_000493,dropped,True,fifo_cached_frame,494,50,0,442,50,0,1,0.0,41.69687499961583,frame_fifo_full,,,,,,,,,,,,,,,,,,,,,,,,,,,,,,,,,,,,,,,,,,,,,,,,,,,,,,,,
rsg_object_detection,dropped_oldest,494,rsg_20260806_37_254880000_000494,dropped,True,fifo_cached_frame,495,50,0,443,50,0,1,0.0,102.13436000049114,frame_fifo_full,,,,,,,,,,,,,,,,,,,,,,,,,,,,,,,,,,,,,,,,,,,,,,,,,,,,,,,,
rsg_object_detection,dropped_oldest,495,rsg_20260806_37_354880000_000495,dropped,True,fifo_cached_frame,496,50,0,444,50,0,1,0.0,49.549658004252706,frame_fifo_full,,,,,,,,,,,,,,,,,,,,,,,,,,,,,,,,,,,,,,,,,,,,,,,,,,,,,,,,
rsg_object_detection,dropped_oldest,496,rsg_20260806_37_404879999_000496,dropped,True,fifo_cached_frame,497,50,0,445,50,0,1,0.0,99.24948299885727,frame_fifo_full,,,,,,,,,,,,,,,,,,,,,,,,,,,,,,,,,,,,,,,,,,,,,,,,,,,,,,,,
rsg_object_detection,frame_trace,488,rsg_20260806_36_954880000_000488,sent_to_hydra,,,,,,,,,,,583.8414250029018,ok,9.52943200536538,528.5054120031418,44.60651500266977,0.14312900020740926,44.46338600246236,0.0028799986466765404,1.9281899949419312,0.23176400281954557,372.01485600235173,16.592430998571217,0.007103997631929815,388.8461550013744,67.32468699192395,22.59084400429856,7.1203080005943775,19.732462002139073,17.15364999108715,27.78725099778967,3.1154899988905527,1.4481809921562672,0.3431790173635818,1.4141040010144934,0.26481800159672275,0.005216003046371043,101.71921300207032,17.260300999623723,0.1810469984775409,18.520012999942992,0.050493006710894406,4.8436880024382845,4.1473719975329,0.11263399937888607,0.583682005526498,4.002002999186516,0.6788140017306432,0.004927002009935677,1.1971859930781648,8,0,8,0,0,,,,,,,,,,,,,,
rsg_object_detection,dropped_oldest,498,rsg_20260806_37_554879999_000498,dropped,True,fifo_cached_frame,499,51,0,446,51,0,1,0.0,95.4511179952533,frame_fifo_full,,,,,,,,,,,,,,,,,,,,,,,,,,,,,,,,,,,,,,,,,,,,,,,,,,,,,,,,
rsg_object_detection,dropped_oldest,499,rsg_20260806_37_654879999_000499,dropped,True,fifo_cached_frame,500,51,0,447,51,0,1,0.0,47.15294799825642,frame_fifo_full,,,,,,,,,,,,,,,,,,,,,,,,,,,,,,,,,,,,,,,,,,,,,,,,,,,,,,,,
rsg_object_detection,dropped_oldest,500,rsg_20260806_37_704880000_000500,dropped,True,fifo_cached_frame,501,51,0,448,51,0,1,0.0,52.43776599672856,frame_fifo_full,,,,,,,,,,,,,,,,,,,,,,,,,,,,,,,,,,,,,,,,,,,,,,,,,,,,,,,,
rsg_object_detection,dropped_oldest,501,rsg_20260806_37_754880000_000501,dropped,True,fifo_cached_frame,502,51,0,449,51,0,1,0.0,98.87718300160486,frame_fifo_full,,,,,,,,,,,,,,,,,,,,,,,,,,,,,,,,,,,,,,,,,,,,,,,,,,,,,,,,
rsg_object_detection,dropped_oldest,502,rsg_20260806_37_854880000_000502,dropped,True,fifo_cached_frame,503,51,0,450,51,0,1,0.0,49.849417999212164,frame_fifo_full,,,,,,,,,,,,,,,,,,,,,,,,,,,,,,,,,,,,,,,,,,,,,,,,,,,,,,,,
rsg_object_detection,dropped_oldest,503,rsg_20260806_37_904879999_000503,dropped,True,fifo_cached_frame,504,51,0,451,51,0,1,0.0,48.16787299932912,frame_fifo_full,,,,,,,,,,,,,,,,,,,,,,,,,,,,,,,,,,,,,,,,,,,,,,,,,,,,,,,,
rsg_object_detection,dropped_oldest,504,rsg_20260806_37_954880000_000504,dropped,True,fifo_cached_frame,505,51,0,452,51,0,1,0.0,54.45670300105121,frame_fifo_full,,,,,,,,,,,,,,,,,,,,,,,,,,,,,,,,,,,,,,,,,,,,,,,,,,,,,,,,
rsg_object_detection,dropped_oldest,505,rsg_20260806_38_004879999_000505,dropped,True,fifo_cached_frame,506,51,0,453,51,0,1,0.0,100.91752999869641,frame_fifo_full,,,,,,,,,,,,,,,,,,,,,,,,,,,,,,,,,,,,,,,,,,,,,,,,,,,,,,,,
rsg_object_detection,frame_trace,497,rsg_20260806_37_504880000_000497,sent_to_hydra,,,,,,,,,,,611.7219329971704,ok,11.866786000609864,556.2116830042214,42.51036999630742,0.13788099749945104,42.37248899880797,0.0017920028767548501,3.640134003944695,0.2125649989466183,369.1207369993208,18.98443700338248,0.008735994924791157,388.3264749965747,89.52882899029646,20.745177993376274,4.773736996867228,50.50096799095627,12.881229995400645,48.93007400096394,2.6819429913302884,1.4504550126730464,0.30718400375917554,1.2741429964080453,0.24721900263102725,0.005440000677481294,144.44134999939706,3.1306560049415566,0.12799300020560622,16.50264599447837,0.042429004679434,7.7335249952739105,7.1741939973435365,0.0873870012583211,0.4719439966720529,3.55389899777947,0.5744980007875711,0.004864006768912077,1.1313019931549206,7,0,7,0,0,,,,,,,,,,,,,,
rsg_object_detection,dropped_oldest,507,rsg_20260806_38_154879999_000507,dropped,True,fifo_cached_frame,508,52,0,454,52,0,1,0.0,48.45627799659269,frame_fifo_full,,,,,,,,,,,,,,,,,,,,,,,,,,,,,,,,,,,,,,,,,,,,,,,,,,,,,,,,
rsg_object_detection,dropped_oldest,508,rsg_20260806_38_204880000_000508,dropped,True,fifo_cached_frame,509,52,0,455,52,0,1,0.0,51.5096259987331,frame_fifo_full,,,,,,,,,,,,,,,,,,,,,,,,,,,,,,,,,,,,,,,,,,,,,,,,,,,,,,,,
rsg_object_detection,dropped_oldest,509,rsg_20260806_38_254880000_000509,dropped,True,fifo_cached_frame,510,52,0,456,52,0,1,0.0,101.97473000152968,frame_fifo_full,,,,,,,,,,,,,,,,,,,,,,,,,,,,,,,,,,,,,,,,,,,,,,,,,,,,,,,,
rsg_object_detection,dropped_oldest,510,rsg_20260806_38_354880000_000510,dropped,True,fifo_cached_frame,511,52,0,457,52,0,1,0.0,50.92901599709876,frame_fifo_full,,,,,,,,,,,,,,,,,,,,,,,,,,,,,,,,,,,,,,,,,,,,,,,,,,,,,,,,
rsg_object_detection,dropped_oldest,511,rsg_20260806_38_404879999_000511,dropped,True,fifo_cached_frame,512,52,0,458,52,0,1,0.0,59.57555000350112,frame_fifo_full,,,,,,,,,,,,,,,,,,,,,,,,,,,,,,,,,,,,,,,,,,,,,,,,,,,,,,,,
rsg_object_detection,dropped_oldest,512,rsg_20260806_38_454880000_000512,dropped,True,fifo_cached_frame,513,52,0,459,52,0,1,0.0,41.362720003235154,frame_fifo_full,,,,,,,,,,,,,,,,,,,,,,,,,,,,,,,,,,,,,,,,,,,,,,,,,,,,,,,,
rsg_object_detection,dropped_oldest,513,rsg_20260806_38_504880000_000513,dropped,True,fifo_cached_frame,514,52,0,460,52,0,1,0.0,64.96983500255737,frame_fifo_full,,,,,,,,,,,,,,,,,,,,,,,,,,,,,,,,,,,,,,,,,,,,,,,,,,,,,,,,
rsg_object_detection,dropped_oldest,514,rsg_20260806_38_554879999_000514,dropped,True,fifo_cached_frame,515,52,0,461,52,0,1,0.0,44.87975699885283,frame_fifo_full,,,,,,,,,,,,,,,,,,,,,,,,,,,,,,,,,,,,,,,,,,,,,,,,,,,,,,,,
rsg_object_detection,frame_trace,506,rsg_20260806_38_104880000_000506,sent_to_hydra,,,,,,,,,,,589.4353440016857,ok,11.870146001456305,557.9477999999654,18.638631998328492,0.14149700291454792,18.497134995413944,0.0028479989850893617,1.296381997235585,1.0574819971225224,387.30972800112795,19.12561500648735,0.006975991709623486,407.49980099644745,89.26952198817162,22.20603500609286,4.1242700026487,49.90416999498848,12.419430000591092,33.326169999781996,2.6126659868168645,0.9538710000924766,0.3054260232602246,1.2600639965967275,0.2558589985710569,0.006175003363750875,128.0056239993428,6.389818001480307,0.12223399971844628,14.588056001230143,0.04588500451063737,5.442697998660151,4.779308001161553,0.09666699770605192,0.566722999792546,5.804214997624513,0.6189129999256693,0.004320005245972425,0.9759180029504932,7,0,7,0,0,,,,,,,,,,,,,,
rsg_object_detection,dropped_oldest,515,rsg_20260806_38_604880000_000515,dropped,True,fifo_cached_frame,516,52,0,462,53,0,1,0.0,93.93181199993705,frame_fifo_full,,,,,,,,,,,,,,,,,,,,,,,,,,,,,,,,,,,,,,,,,,,,,,,,,,,,,,,,
rsg_object_detection,dropped_oldest,516,rsg_20260806_38_654879999_000516,dropped,True,fifo_cached_frame,517,52,0,463,53,0,1,0.0,3.2340109974029474,frame_fifo_full,,,,,,,,,,,,,,,,,,,,,,,,,,,,,,,,,,,,,,,,,,,,,,,,,,,,,,,,
rsg_object_detection,dropped_oldest,518,rsg_20260806_38_754880000_000518,dropped,True,fifo_cached_frame,519,53,0,464,53,0,1,0.0,44.648921000771224,frame_fifo_full,,,,,,,,,,,,,,,,,,,,,,,,,,,,,,,,,,,,,,,,,,,,,,,,,,,,,,,,
rsg_object_detection,dropped_oldest,519,rsg_20260806_38_804879999_000519,dropped,True,fifo_cached_frame,520,53,0,465,53,0,1,0.0,51.677745999768376,frame_fifo_full,,,,,,,,,,,,,,,,,,,,,,,,,,,,,,,,,,,,,,,,,,,,,,,,,,,,,,,,
rsg_object_detection,dropped_oldest,520,rsg_20260806_38_854880000_000520,dropped,True,fifo_cached_frame,521,53,0,466,53,0,1,0.0,53.127175000554416,frame_fifo_full,,,,,,,,,,,,,,,,,,,,,,,,,,,,,,,,,,,,,,,,,,,,,,,,,,,,,,,,
rsg_object_detection,dropped_oldest,521,rsg_20260806_38_904879999_000521,dropped,True,fifo_cached_frame,522,53,0,467,53,0,1,0.0,96.17140999762341,frame_fifo_full,,,,,,,,,,,,,,,,,,,,,,,,,,,,,,,,,,,,,,,,,,,,,,,,,,,,,,,,
rsg_object_detection,dropped_oldest,522,rsg_20260806_39_004879999_000522,dropped,True,fifo_cached_frame,523,53,0,468,53,0,1,0.0,51.80849000316812,frame_fifo_full,,,,,,,,,,,,,,,,,,,,,,,,,,,,,,,,,,,,,,,,,,,,,,,,,,,,,,,,
rsg_object_detection,dropped_oldest,523,rsg_20260806_39_054879999_000523,dropped,True,fifo_cached_frame,524,53,0,469,53,0,1,0.0,51.38602000079118,frame_fifo_full,,,,,,,,,,,,,,,,,,,,,,,,,,,,,,,,,,,,,,,,,,,,,,,,,,,,,,,,
rsg_object_detection,dropped_oldest,524,rsg_20260806_39_104880000_000524,dropped,True,fifo_cached_frame,525,53,0,470,53,0,1,0.0,63.424255000427365,frame_fifo_full,,,,,,,,,,,,,,,,,,,,,,,,,,,,,,,,,,,,,,,,,,,,,,,,,,,,,,,,
rsg_object_detection,dropped_oldest,525,rsg_20260806_39_154879999_000525,dropped,True,fifo_cached_frame,526,53,0,471,53,0,1,0.0,35.830364999128506,frame_fifo_full,,,,,,,,,,,,,,,,,,,,,,,,,,,,,,,,,,,,,,,,,,,,,,,,,,,,,,,,
rsg_object_detection,frame_trace,517,rsg_20260806_38_704880000_000517,sent_to_hydra,,,,,,,,,,,528.3937720014364,ok,9.377953996590804,516.8793510019896,1.1019920057151467,0.11874600022565573,0.9832460054894909,0.0019520011846907437,1.5119550007511862,0.28718499379465356,349.1553889980423,12.49225900392048,0.00588800321565941,361.9407209989731,59.84341298608342,15.385839018563274,4.1774830024223775,21.179241011850536,18.44315700145671,70.29164899722673,2.6869340072153136,0.5598439965979196,0.2860340173356235,1.1970589985139668,0.3990519981016405,0.005376001354306936,135.28494400088675,3.7299219984561205,0.11817000631708652,14.251337997848168,0.04230099875712767,4.805771000974346,4.23098500323249,0.08885900024324656,0.4859269974986091,3.788031004660297,0.77669600432273,0.007455986633431166,1.032522995956242,7,0,7,0,0,,,,,,,,,,,,,,
rsg_object_detection,dropped_oldest,527,rsg_20260806_39_254880000_000527,dropped,True,fifo_cached_frame,528,54,0,472,54,0,1,0.0,150.60393900057534,frame_fifo_full,,,,,,,,,,,,,,,,,,,,,,,,,,,,,,,,,,,,,,,,,,,,,,,,,,,,,,,,
rsg_object_detection,dropped_oldest,528,rsg_20260806_39_404879999_000528,dropped,True,fifo_cached_frame,529,54,0,473,54,0,1,0.0,42.48823400121182,frame_fifo_full,,,,,,,,,,,,,,,,,,,,,,,,,,,,,,,,,,,,,,,,,,,,,,,,,,,,,,,,
rsg_object_detection,dropped_oldest,529,rsg_20260806_39_454880000_000529,dropped,True,fifo_cached_frame,530,54,0,474,54,0,1,0.0,48.20810299861478,frame_fifo_full,,,,,,,,,,,,,,,,,,,,,,,,,,,,,,,,,,,,,,,,,,,,,,,,,,,,,,,,
rsg_object_detection,dropped_oldest,530,rsg_20260806_39_504880000_000530,dropped,True,fifo_cached_frame,531,54,0,475,54,0,1,0.0,50.813185996958055,frame_fifo_full,,,,,,,,,,,,,,,,,,,,,,,,,,,,,,,,,,,,,,,,,,,,,,,,,,,,,,,,
rsg_object_detection,dropped_oldest,531,rsg_20260806_39_554879999_000531,dropped,True,fifo_cached_frame,532,54,0,476,54,0,1,0.0,51.75163399690064,frame_fifo_full,,,,,,,,,,,,,,,,,,,,,,,,,,,,,,,,,,,,,,,,,,,,,,,,,,,,,,,,
rsg_object_detection,dropped_oldest,532,rsg_20260806_39_604880000_000532,dropped,True,fifo_cached_frame,533,54,0,477,54,0,1,0.0,49.338541000906844,frame_fifo_full,,,,,,,,,,,,,,,,,,,,,,,,,,,,,,,,,,,,,,,,,,,,,,,,,,,,,,,,
rsg_object_detection,dropped_oldest,533,rsg_20260806_39_654879999_000533,dropped,True,fifo_cached_frame,534,54,0,478,54,0,1,0.0,50.10650199983502,frame_fifo_full,,,,,,,,,,,,,,,,,,,,,,,,,,,,,,,,,,,,,,,,,,,,,,,,,,,,,,,,
rsg_object_detection,dropped_oldest,534,rsg_20260806_39_704880000_000534,dropped,True,fifo_cached_frame,535,54,0,479,55,0,1,0.0,162.43140100414166,frame_fifo_full,,,,,,,,,,,,,,,,,,,,,,,,,,,,,,,,,,,,,,,,,,,,,,,,,,,,,,,,
rsg_object_detection,dropped_oldest,535,rsg_20260806_39_754880000_000535,dropped,True,fifo_cached_frame,536,54,0,480,55,0,1,0.0,3.4811660007108003,frame_fifo_full,,,,,,,,,,,,,,,,,,,,,,,,,,,,,,,,,,,,,,,,,,,,,,,,,,,,,,,,
rsg_object_detection,frame_trace,526,rsg_20260806_39_204880000_000526,sent_to_hydra,,,,,,,,,,,650.2193679989432,ok,13.179839996155351,587.4231139969197,48.55739699996775,0.1377849985146895,48.41961200145306,0.0026560010155662894,1.2767669977620244,1.0816730064107105,410.92507000576006,18.63815400429303,0.0067509899963624775,430.65164800646016,76.25720099167665,19.50169401243329,10.227860999293625,32.12383399659302,13.755682979535777,38.51637300249422,2.7272209990769625,1.1244230045122094,0.3092320039286278,1.248448999831453,15.205657000478823,0.008736002200748771,135.41591399553,4.517241002758965,0.21922099404037,15.291061004973017,0.05126199539517984,6.465813996328507,5.812247996800579,0.09385099838254973,0.5597150011453778,5.939442002272699,0.7671929997741245,0.00739099778002128,1.0563610048848204,7,0,7,0,0,,,,,,,,,,,,,,
rsg_object_detection,dropped_oldest,537,rsg_20260806_39_904879999_000537,dropped,True,fifo_cached_frame,538,55,0,481,55,0,1,0.0,52.59559099795297,frame_fifo_full,,,,,,,,,,,,,,,,,,,,,,,,,,,,,,,,,,,,,,,,,,,,,,,,,,,,,,,,
rsg_object_detection,dropped_oldest,538,rsg_20260806_39_954880000_000538,dropped,True,fifo_cached_frame,539,55,0,482,55,0,1,0.0,48.15162600425538,frame_fifo_full,,,,,,,,,,,,,,,,,,,,,,,,,,,,,,,,,,,,,,,,,,,,,,,,,,,,,,,,
rsg_object_detection,dropped_oldest,539,rsg_20260806_40_004879999_000539,dropped,True,fifo_cached_frame,540,55,0,483,55,0,1,0.0,54.15362399799051,frame_fifo_full,,,,,,,,,,,,,,,,,,,,,,,,,,,,,,,,,,,,,,,,,,,,,,,,,,,,,,,,
rsg_object_detection,dropped_oldest,540,rsg_20260806_40_054879999_000540,dropped,True,fifo_cached_frame,541,55,0,484,55,0,1,0.0,51.05599399394123,frame_fifo_full,,,,,,,,,,,,,,,,,,,,,,,,,,,,,,,,,,,,,,,,,,,,,,,,,,,,,,,,
rsg_object_detection,dropped_oldest,541,rsg_20260806_40_104880000_000541,dropped,True,fifo_cached_frame,542,55,0,485,55,0,1,0.0,99.40191700297873,frame_fifo_full,,,,,,,,,,,,,,,,,,,,,,,,,,,,,,,,,,,,,,,,,,,,,,,,,,,,,,,,
rsg_object_detection,dropped_oldest,542,rsg_20260806_40_204880000_000542,dropped,True,fifo_cached_frame,543,55,0,486,55,0,1,0.0,50.87069099681685,frame_fifo_full,,,,,,,,,,,,,,,,,,,,,,,,,,,,,,,,,,,,,,,,,,,,,,,,,,,,,,,,
rsg_object_detection,dropped_oldest,543,rsg_20260806_40_254880000_000543,dropped,True,fifo_cached_frame,544,55,0,487,55,0,1,0.0,69.37490100244759,frame_fifo_full,,,,,,,,,,,,,,,,,,,,,,,,,,,,,,,,,,,,,,,,,,,,,,,,,,,,,,,,
rsg_object_detection,dropped_oldest,544,rsg_20260806_40_304879999_000544,dropped,True,fifo_cached_frame,545,55,0,488,55,0,1,0.0,63.894188999256585,frame_fifo_full,,,,,,,,,,,,,,,,,,,,,,,,,,,,,,,,,,,,,,,,,,,,,,,,,,,,,,,,
rsg_object_detection,dropped_oldest,545,rsg_20260806_40_354880000_000545,dropped,True,fifo_cached_frame,546,55,0,489,55,0,1,0.0,12.328844997682609,frame_fifo_full,,,,,,,,,,,,,,,,,,,,,,,,,,,,,,,,,,,,,,,,,,,,,,,,,,,,,,,,
rsg_object_detection,frame_trace,536,rsg_20260806_39_854880000_000536,sent_to_hydra,,,,,,,,,,,571.3362860042253,ok,11.090284002420958,556.7780829951516,2.4566420033806935,0.10636200022418052,2.350280003156513,0.0036150013329461217,1.9406049977988005,0.4302500019548461,372.0572749953135,27.84459900431102,0.008800001523923129,400.3409240031033,68.66805798927089,20.48647800256731,7.859377998101991,24.250928006949835,15.524586007813923,51.543232999392785,2.791504994092975,4.655250006180722,0.36116801493335515,0.9631829962017946,0.2397960051894188,0.004318993887864053,129.2423510021763,6.04375699913362,0.14216799900168553,19.013017001270782,0.055260992667172104,5.883541001821868,5.252980001387186,0.0985870065051131,0.5319739939295687,4.560567998851184,0.6399679987225682,0.006207003025338054,1.0076620019390248,6,0,6,0,0,,,,,,,,,,,,,,
rsg_object_detection,dropped_oldest,547,rsg_20260806_40_454880000_000547,dropped,True,fifo_cached_frame,548,56,0,490,56,0,1,0.0,95.9939949971158,frame_fifo_full,,,,,,,,,,,,,,,,,,,,,,,,,,,,,,,,,,,,,,,,,,,,,,,,,,,,,,,,
rsg_object_detection,dropped_oldest,548,rsg_20260806_40_554879999_000548,dropped,True,fifo_cached_frame,549,56,0,491,56,0,1,0.0,46.80181000003358,frame_fifo_full,,,,,,,,,,,,,,,,,,,,,,,,,,,,,,,,,,,,,,,,,,,,,,,,,,,,,,,,
rsg_object_detection,dropped_oldest,549,rsg_20260806_40_604880000_000549,dropped,True,fifo_cached_frame,550,56,0,492,56,0,1,0.0,53.80737400264479,frame_fifo_full,,,,,,,,,,,,,,,,,,,,,,,,,,,,,,,,,,,,,,,,,,,,,,,,,,,,,,,,
rsg_object_detection,dropped_oldest,550,rsg_20260806_40_654879999_000550,dropped,True,fifo_cached_frame,551,56,0,493,56,0,1,0.0,68.29639700299595,frame_fifo_full,,,,,,,,,,,,,,,,,,,,,,,,,,,,,,,,,,,,,,,,,,,,,,,,,,,,,,,,
rsg_object_detection,dropped_oldest,551,rsg_20260806_40_704880000_000551,dropped,True,fifo_cached_frame,552,56,0,494,56,0,1,0.0,32.32593900611391,frame_fifo_full,,,,,,,,,,,,,,,,,,,,,,,,,,,,,,,,,,,,,,,,,,,,,,,,,,,,,,,,
rsg_object_detection,dropped_oldest,552,rsg_20260806_40_754880000_000552,dropped,True,fifo_cached_frame,553,56,0,495,56,0,1,0.0,50.00487899815198,frame_fifo_full,,,,,,,,,,,,,,,,,,,,,,,,,,,,,,,,,,,,,,,,,,,,,,,,,,,,,,,,
rsg_object_detection,dropped_oldest,553,rsg_20260806_40_804879999_000553,dropped,True,fifo_cached_frame,554,56,0,496,56,0,1,0.0,106.3788100000238,frame_fifo_full,,,,,,,,,,,,,,,,,,,,,,,,,,,,,,,,,,,,,,,,,,,,,,,,,,,,,,,,
rsg_object_detection,frame_trace,546,rsg_20260806_40_404879999_000546,sent_to_hydra,,,,,,,,,,,552.1942690029391,ok,10.292371996911243,486.14345399982994,54.70758400042541,0.11746599921025336,54.59011800121516,0.001887994585558772,5.24533299903851,0.2890410032705404,355.66804600239266,14.891915001499001,0.006974994903430343,370.85597700206563,43.5376879904652,14.04587699653348,3.7790720016346313,14.922346010280307,10.283894000167493,29.69954400032293,13.24191799358232,1.3754809915553778,0.3373620274942368,1.5468969941139221,0.40695499774301425,0.006880000000819564,90.16865999728907,4.0758250033832155,0.13605799904325977,15.623428000253625,0.038172998756635934,5.990735000523273,5.374061998736579,0.10783500329125673,0.5088379984954372,3.7130589989828877,0.5839380028191954,0.004639994585886598,1.04897101118695,7,0,7,0,0,,,,,,,,,,,,,,
rsg_object_detection,dropped_oldest,555,rsg_20260806_41_004879999_000555,dropped,True,fifo_cached_frame,556,57,0,497,57,0,1,0.0,58.74222699640086,frame_fifo_full,,,,,,,,,,,,,,,,,,,,,,,,,,,,,,,,,,,,,,,,,,,,,,,,,,,,,,,,
rsg_object_detection,dropped_oldest,556,rsg_20260806_41_054879999_000556,dropped,True,fifo_cached_frame,557,57,0,498,57,0,1,0.0,98.59540699835634,frame_fifo_full,,,,,,,,,,,,,,,,,,,,,,,,,,,,,,,,,,,,,,,,,,,,,,,,,,,,,,,,
rsg_object_detection,dropped_oldest,557,rsg_20260806_41_154879999_000557,dropped,True,fifo_cached_frame,558,57,0,499,57,0,1,0.0,42.73357299825875,frame_fifo_full,,,,,,,,,,,,,,,,,,,,,,,,,,,,,,,,,,,,,,,,,,,,,,,,,,,,,,,,
rsg_object_detection,dropped_oldest,558,rsg_20260806_41_204880000_000558,dropped,True,fifo_cached_frame,559,57,0,500,57,0,1,0.0,102.64102599467151,frame_fifo_full,,,,,,,,,,,,,,,,,,,,,,,,,,,,,,,,,,,,,,,,,,,,,,,,,,,,,,,,
rsg_object_detection,dropped_oldest,559,rsg_20260806_41_304879999_000559,dropped,True,fifo_cached_frame,560,57,0,501,57,0,1,0.0,48.31677800393663,frame_fifo_full,,,,,,,,,,,,,,,,,,,,,,,,,,,,,,,,,,,,,,,,,,,,,,,,,,,,,,,,
rsg_object_detection,dropped_oldest,560,rsg_20260806_41_354880000_000560,dropped,True,fifo_cached_frame,561,57,0,502,57,0,1,0.0,52.27449700032594,frame_fifo_full,,,,,,,,,,,,,,,,,,,,,,,,,,,,,,,,,,,,,,,,,,,,,,,,,,,,,,,,
rsg_object_detection,dropped_oldest,561,rsg_20260806_41_404879999_000561,dropped,True,fifo_cached_frame,562,57,0,503,57,0,1,0.0,58.609310995962005,frame_fifo_full,,,,,,,,,,,,,,,,,,,,,,,,,,,,,,,,,,,,,,,,,,,,,,,,,,,,,,,,
rsg_object_detection,,55,rsg_20260806_14_504880000_000055,vlm_done,,,,,,,,,,,,ok,,,,,,,,,,,,,,,,,,,,,,,,,,,,,,,,,,,,,,,,,,,rsg_obj_000009,rsg_unknown_rsg_20260806_14_504880000_000055_001_nanosam_002,,,4,0.5227692316384182,ceiling_light,0.95,static,0.99,6828.298854998138,22303.16971999855,qwen_http,Qwen3-VL-8B-Instruct-GGUF
rsg_object_detection,completed,55,rsg_20260806_14_504880000_000055,,,,,,,,,,,15474.869105004473,,vlm_done,,,,,,,,,,,,,,,,,,,,,,,,,,,,,,,,,,,,,,,,,,,rsg_obj_000009,rsg_unknown_rsg_20260806_14_504880000_000055_001_nanosam_002,12,300,4,0.5227692316384182,,,,,,,,
rsg_object_detection,dropped_oldest,562,rsg_20260806_41_454880000_000562,dropped,True,fifo_cached_frame,563,57,0,504,57,0,1,0.0,40.26128300029086,frame_fifo_full,,,,,,,,,,,,,,,,,,,,,,,,,,,,,,,,,,,,,,,,,,,,,,,,,,,,,,,,
rsg_object_detection,dropped_oldest,563,rsg_20260806_41_504880000_000563,dropped,True,fifo_cached_frame,564,57,0,505,57,0,1,0.0,68.46285900246585,frame_fifo_full,,,,,,,,,,,,,,,,,,,,,,,,,,,,,,,,,,,,,,,,,,,,,,,,,,,,,,,,
rsg_object_detection,frame_trace,554,rsg_20260806_40_904879999_000554,sent_to_hydra,,,,,,,,,,,714.0605120002874,ok,9.28003999433713,653.2368550033425,50.42405800486449,0.13170500460546464,50.29235300025903,0.002464003046043217,1.1766759998863563,0.31489600223721936,418.94562100060284,35.42479199677473,0.009215997124556452,454.69452499673935,115.73386499367189,53.00569200335303,7.144788993173279,34.72367399081122,20.083619994693436,50.920420995680615,4.503226991801057,3.123106995190028,0.3784430227824487,1.286687001993414,0.2607549977255985,0.005055000656284392,176.22864699660568,5.2541969998856075,0.1144580019172281,15.728129001217894,0.04022300709038973,5.0823010024032556,4.533529005129822,0.08559500565752387,0.4631769916159101,3.3639890025369823,0.8288539975183085,0.004895991878584027,1.1170949946972542,8,0,8,0,0,,,,,,,,,,,,,,
rsg_object_detection,dequeued,41,rsg_20260806_13_804880000_000041,,,,,,,,,,,20318.91260100383,,fifo_order,,,,,,,,,,,,,,,,,,,,,,,,,,,,,,,,,,,,,,,,,,,rsg_obj_000011,rsg_unknown_rsg_20260806_13_804880000_000041_007_nanosam_003,11,300,1,0.7124453686584344,,,,,,,,
rsg_object_detection,dropped_oldest,565,rsg_20260806_41_654879999_000565,dropped,True,fifo_cached_frame,566,58,0,506,58,0,1,0.0,52.28771099791629,frame_fifo_full,,,,,,,,,,,,,,,,,,,,,,,,,,,,,,,,,,,,,,,,,,,,,,,,,,,,,,,,
rsg_object_detection,dropped_oldest,566,rsg_20260806_41_704880000_000566,dropped,True,fifo_cached_frame,567,58,0,507,58,0,1,0.0,49.86293900583405,frame_fifo_full,,,,,,,,,,,,,,,,,,,,,,,,,,,,,,,,,,,,,,,,,,,,,,,,,,,,,,,,
rsg_object_detection,dropped_oldest,567,rsg_20260806_41_754880000_000567,dropped,True,fifo_cached_frame,568,58,0,508,58,0,1,0.0,51.161945004423615,frame_fifo_full,,,,,,,,,,,,,,,,,,,,,,,,,,,,,,,,,,,,,,,,,,,,,,,,,,,,,,,,
rsg_object_detection,dropped_oldest,568,rsg_20260806_41_804879999_000568,dropped,True,fifo_cached_frame,569,58,0,509,58,0,1,0.0,100.14713700365974,frame_fifo_full,,,,,,,,,,,,,,,,,,,,,,,,,,,,,,,,,,,,,,,,,,,,,,,,,,,,,,,,
rsg_object_detection,dropped_oldest,569,rsg_20260806_41_904879999_000569,dropped,True,fifo_cached_frame,570,58,0,510,58,0,1,0.0,51.243155998236034,frame_fifo_full,,,,,,,,,,,,,,,,,,,,,,,,,,,,,,,,,,,,,,,,,,,,,,,,,,,,,,,,
rsg_object_detection,dropped_oldest,570,rsg_20260806_41_954880000_000570,dropped,True,fifo_cached_frame,571,58,0,511,58,0,1,0.0,73.4528449975187,frame_fifo_full,,,,,,,,,,,,,,,,,,,,,,,,,,,,,,,,,,,,,,,,,,,,,,,,,,,,,,,,
rsg_object_detection,dropped_oldest,571,rsg_20260806_42_004879999_000571,dropped,True,fifo_cached_frame,572,58,0,512,58,0,1,0.0,73.89138600410661,frame_fifo_full,,,,,,,,,,,,,,,,,,,,,,,,,,,,,,,,,,,,,,,,,,,,,,,,,,,,,,,,
rsg_object_detection,frame_trace,564,rsg_20260806_41_554879999_000564,sent_to_hydra,,,,,,,,,,,584.0029800019693,ok,11.349504005920608,510.10654200217687,61.53847400128143,0.13487300020642579,61.403601001075,0.005118999979458749,1.0368109942646697,0.25896299484884366,331.37295799679123,20.306040001742076,0.007424001523759216,351.9453849949059,85.72787099546986,28.666863014223054,6.118824006989598,32.96514199610101,17.14319299935596,36.966476996894926,4.915047014947049,2.3742480043438263,0.34254098864039406,1.257600000826642,0.35585399746196344,0.004927002009935677,131.9610130012734,9.553180003422312,0.14242500037653372,15.42049699492054,0.04723101301351562,6.999805002124049,6.3368949995492585,0.09938700532075018,0.5635229972540401,3.671942002256401,0.6723819969920442,0.005375004548113793,1.0033409926109016,7,0,7,0,0,,,,,,,,,,,,,,
rsg_object_detection,dropped_oldest,573,rsg_20260806_42_204880000_000573,dropped,True,fifo_cached_frame,574,59,0,513,59,0,1,0.0,87.37931300129276,frame_fifo_full,,,,,,,,,,,,,,,,,,,,,,,,,,,,,,,,,,,,,,,,,,,,,,,,,,,,,,,,
rsg_object_detection,dropped_oldest,574,rsg_20260806_42_304879999_000574,dropped,True,fifo_cached_frame,575,59,0,514,59,0,1,0.0,52.61678699753247,frame_fifo_full,,,,,,,,,,,,,,,,,,,,,,,,,,,,,,,,,,,,,,,,,,,,,,,,,,,,,,,,
rsg_object_detection,dropped_oldest,575,rsg_20260806_42_354880000_000575,dropped,True,fifo_cached_frame,576,59,0,515,59,0,1,0.0,50.82148600195069,frame_fifo_full,,,,,,,,,,,,,,,,,,,,,,,,,,,,,,,,,,,,,,,,,,,,,,,,,,,,,,,,
rsg_object_detection,dropped_oldest,576,rsg_20260806_42_404879999_000576,dropped,True,fifo_cached_frame,577,59,0,516,59,0,1,0.0,49.96146600024076,frame_fifo_full,,,,,,,,,,,,,,,,,,,,,,,,,,,,,,,,,,,,,,,,,,,,,,,,,,,,,,,,
rsg_object_detection,dropped_oldest,577,rsg_20260806_42_454880000_000577,dropped,True,fifo_cached_frame,578,59,0,517,59,0,1,0.0,99.41489400080172,frame_fifo_full,,,,,,,,,,,,,,,,,,,,,,,,,,,,,,,,,,,,,,,,,,,,,,,,,,,,,,,,
rsg_object_detection,dropped_oldest,578,rsg_20260806_42_554879999_000578,dropped,True,fifo_cached_frame,579,59,0,518,59,0,1,0.0,50.65275899687549,frame_fifo_full,,,,,,,,,,,,,,,,,,,,,,,,,,,,,,,,,,,,,,,,,,,,,,,,,,,,,,,,
rsg_object_detection,dropped_oldest,579,rsg_20260806_42_604880000_000579,dropped,True,fifo_cached_frame,580,59,0,519,59,0,1,0.0,78.48405100230593,frame_fifo_full,,,,,,,,,,,,,,,,,,,,,,,,,,,,,,,,,,,,,,,,,,,,,,,,,,,,,,,,
rsg_object_detection,dropped_oldest,580,rsg_20260806_42_654879999_000580,dropped,True,fifo_cached_frame,581,59,0,520,59,0,1,0.0,79.35994300351012,frame_fifo_full,,,,,,,,,,,,,,,,,,,,,,,,,,,,,,,,,,,,,,,,,,,,,,,,,,,,,,,,
rsg_object_detection,frame_trace,572,rsg_20260806_42_104880000_000572,sent_to_hydra,,,,,,,,,,,670.0324519988499,ok,14.319530004286207,587.6609170009033,66.30559799668845,0.15922400052659214,66.14637399616186,0.003360000846441835,1.312316999246832,0.2810420046444051,422.8875769986189,25.24403199640801,0.006848000339232385,448.41949900001055,59.42892199527705,18.003149998548906,5.119709014252294,21.173071989323944,14.533086003211793,39.94392599997809,4.916615005640779,1.5975849964888766,0.3297729999758303,1.299773997743614,0.36356599594000727,0.0065589993027970195,107.905759003188,6.951071998628322,0.21355699573177844,22.768701004679315,0.09001199941849336,9.78987199778203,8.895772996766027,0.08905200229492038,0.8050469987210818,3.9001219993224367,0.625248001597356,0.004288005584385246,1.7430469961254857,8,0,8,0,0,,,,,,,,,,,,,,
rsg_object_detection,dropped_oldest,582,rsg_20260806_42_804879999_000582,dropped,True,fifo_cached_frame,583,60,0,521,60,0,1,0.0,52.54280799999833,frame_fifo_full,,,,,,,,,,,,,,,,,,,,,,,,,,,,,,,,,,,,,,,,,,,,,,,,,,,,,,,,
rsg_object_detection,dropped_oldest,583,rsg_20260806_42_854880000_000583,dropped,True,fifo_cached_frame,584,60,0,522,60,0,1,0.0,58.53642299916828,frame_fifo_full,,,,,,,,,,,,,,,,,,,,,,,,,,,,,,,,,,,,,,,,,,,,,,,,,,,,,,,,
rsg_object_detection,dropped_oldest,584,rsg_20260806_42_904879999_000584,dropped,True,fifo_cached_frame,585,60,0,523,60,0,1,0.0,91.84983799787005,frame_fifo_full,,,,,,,,,,,,,,,,,,,,,,,,,,,,,,,,,,,,,,,,,,,,,,,,,,,,,,,,
rsg_object_detection,dropped_oldest,585,rsg_20260806_43_004879999_000585,dropped,True,fifo_cached_frame,586,60,0,524,60,0,1,0.0,48.51661100110505,frame_fifo_full,,,,,,,,,,,,,,,,,,,,,,,,,,,,,,,,,,,,,,,,,,,,,,,,,,,,,,,,
rsg_object_detection,dropped_oldest,586,rsg_20260806_43_054879999_000586,dropped,True,fifo_cached_frame,587,60,0,525,60,0,1,0.0,55.048861002433114,frame_fifo_full,,,,,,,,,,,,,,,,,,,,,,,,,,,,,,,,,,,,,,,,,,,,,,,,,,,,,,,,
rsg_object_detection,dropped_oldest,587,rsg_20260806_43_104880000_000587,dropped,True,fifo_cached_frame,588,60,0,526,60,0,1,0.0,154.40818299975945,frame_fifo_full,,,,,,,,,,,,,,,,,,,,,,,,,,,,,,,,,,,,,,,,,,,,,,,,,,,,,,,,
rsg_object_detection,dropped_oldest,588,rsg_20260806_43_254880000_000588,dropped,True,fifo_cached_frame,589,60,0,527,60,0,1,0.0,55.34014200384263,frame_fifo_full,,,,,,,,,,,,,,,,,,,,,,,,,,,,,,,,,,,,,,,,,,,,,,,,,,,,,,,,
rsg_object_detection,dropped_oldest,589,rsg_20260806_43_304879999_000589,dropped,True,fifo_cached_frame,590,60,0,528,60,0,1,0.0,37.74215399607783,frame_fifo_full,,,,,,,,,,,,,,,,,,,,,,,,,,,,,,,,,,,,,,,,,,,,,,,,,,,,,,,,
rsg_object_detection,frame_trace,581,rsg_20260806_42_754880000_000581,sent_to_hydra,,,,,,,,,,,632.5621249998221,ok,11.26659799774643,597.8175819982425,22.593765999772586,0.14751299750059843,22.446253002271987,0.0021119994926266372,1.0763940008473583,0.17909499729285017,432.8642369946465,18.09178799885558,0.007135007763281465,451.1422549985582,65.2483120065881,18.114667007466778,5.496617006429005,21.80283100460656,19.226067001000047,36.56349300581496,17.17845901293913,4.563989998132456,0.3600479758461006,1.3468120014294982,0.27899300039280206,0.006688002031296492,125.56333899556194,5.655042004946154,0.1288900020881556,14.210831999662332,0.04082999657839537,4.702897997049149,4.086097003892064,0.09788299939827994,0.5189179937588051,3.9270969937206246,2.6294030030840077,0.007200003892648965,0.8820670045679435,7,0,7,0,0,,,,,,,,,,,,,,
rsg_object_detection,dropped_oldest,591,rsg_20260806_43_404879999_000591,dropped,True,fifo_cached_frame,592,61,0,529,61,0,1,0.0,45.748851996904705,frame_fifo_full,,,,,,,,,,,,,,,,,,,,,,,,,,,,,,,,,,,,,,,,,,,,,,,,,,,,,,,,
rsg_object_detection,dropped_oldest,592,rsg_20260806_43_454880000_000592,dropped,True,fifo_cached_frame,593,61,0,530,61,0,1,0.0,60.32424200384412,frame_fifo_full,,,,,,,,,,,,,,,,,,,,,,,,,,,,,,,,,,,,,,,,,,,,,,,,,,,,,,,,
rsg_object_detection,dropped_oldest,593,rsg_20260806_43_504880000_000593,dropped,True,fifo_cached_frame,594,61,0,531,61,0,1,0.0,48.56976500013843,frame_fifo_full,,,,,,,,,,,,,,,,,,,,,,,,,,,,,,,,,,,,,,,,,,,,,,,,,,,,,,,,
rsg_object_detection,dropped_oldest,594,rsg_20260806_43_554879999_000594,dropped,True,fifo_cached_frame,595,61,0,532,61,0,1,0.0,96.13010899920482,frame_fifo_full,,,,,,,,,,,,,,,,,,,,,,,,,,,,,,,,,,,,,,,,,,,,,,,,,,,,,,,,
rsg_object_detection,dropped_oldest,595,rsg_20260806_43_654879999_000595,dropped,True,fifo_cached_frame,596,61,0,533,61,0,1,0.0,50.9661230025813,frame_fifo_full,,,,,,,,,,,,,,,,,,,,,,,,,,,,,,,,,,,,,,,,,,,,,,,,,,,,,,,,
rsg_object_detection,dropped_oldest,596,rsg_20260806_43_704880000_000596,dropped,True,fifo_cached_frame,597,61,0,534,61,0,1,0.0,47.508057999948505,frame_fifo_full,,,,,,,,,,,,,,,,,,,,,,,,,,,,,,,,,,,,,,,,,,,,,,,,,,,,,,,,
rsg_object_detection,dropped_oldest,597,rsg_20260806_43_754880000_000597,dropped,True,fifo_cached_frame,598,61,0,535,61,0,1,0.0,50.6731139976182,frame_fifo_full,,,,,,,,,,,,,,,,,,,,,,,,,,,,,,,,,,,,,,,,,,,,,,,,,,,,,,,,
rsg_object_detection,dropped_oldest,598,rsg_20260806_43_804879999_000598,dropped,True,fifo_cached_frame,599,61,0,536,61,0,1,0.0,86.25560099608265,frame_fifo_full,,,,,,,,,,,,,,,,,,,,,,,,,,,,,,,,,,,,,,,,,,,,,,,,,,,,,,,,
rsg_object_detection,dropped_oldest,599,rsg_20260806_43_854880000_000599,dropped,True,fifo_cached_frame,600,61,0,537,61,0,1,0.0,25.673516996903345,frame_fifo_full,,,,,,,,,,,,,,,,,,,,,,,,,,,,,,,,,,,,,,,,,,,,,,,,,,,,,,,,
rsg_object_detection,frame_trace,590,rsg_20260806_43_354880000_000590,sent_to_hydra,,,,,,,,,,,598.5081300023012,ok,10.155388998100534,539.4554079975933,47.73198300244985,0.13394500274444,47.59803799970541,0.002815999323502183,7.423944000038318,0.34087899985024706,378.34641299559735,28.496348997578025,0.007968003046698868,407.1916089960723,43.25716899620602,18.683567992411554,5.0620789916138165,6.464472993684467,12.437930003216024,50.69644100149162,8.631308002804872,1.3566650013672188,0.38449599378509447,1.3886019951314665,0.09644300007494166,0.005279005563352257,105.83227300230647,2.807154000038281,0.13448900426737964,16.022805000829976,0.043133994040545076,5.888981002499349,5.26030999753857,0.09372299973620102,0.5349480052245781,3.554315997462254,0.7075160028762184,0.00457599526271224,1.162534004834015,8,0,8,0,0,,,,,,,,,,,,,,
rsg_object_detection,dropped_oldest,601,rsg_20260806_44_004879999_000601,dropped,True,fifo_cached_frame,602,62,0,538,62,0,1,0.0,90.99344399874099,frame_fifo_full,,,,,,,,,,,,,,,,,,,,,,,,,,,,,,,,,,,,,,,,,,,,,,,,,,,,,,,,
rsg_object_detection,dropped_oldest,602,rsg_20260806_44_104880000_000602,dropped,True,fifo_cached_frame,603,62,0,539,62,0,1,0.0,52.75186200015014,frame_fifo_full,,,,,,,,,,,,,,,,,,,,,,,,,,,,,,,,,,,,,,,,,,,,,,,,,,,,,,,,
rsg_object_detection,dropped_oldest,603,rsg_20260806_44_154879999_000603,dropped,True,fifo_cached_frame,604,62,0,540,62,0,1,0.0,51.44466399360681,frame_fifo_full,,,,,,,,,,,,,,,,,,,,,,,,,,,,,,,,,,,,,,,,,,,,,,,,,,,,,,,,
rsg_object_detection,dropped_oldest,604,rsg_20260806_44_204880000_000604,dropped,True,fifo_cached_frame,605,62,0,541,62,0,1,0.0,99.38211299595423,frame_fifo_full,,,,,,,,,,,,,,,,,,,,,,,,,,,,,,,,,,,,,,,,,,,,,,,,,,,,,,,,
rsg_object_detection,dropped_oldest,605,rsg_20260806_44_304879999_000605,dropped,True,fifo_cached_frame,606,62,0,542,62,0,1,0.0,49.752588995033875,frame_fifo_full,,,,,,,,,,,,,,,,,,,,,,,,,,,,,,,,,,,,,,,,,,,,,,,,,,,,,,,,
rsg_object_detection,dropped_oldest,606,rsg_20260806_44_354880000_000606,dropped,True,fifo_cached_frame,607,62,0,543,62,0,1,0.0,146.15693300584098,frame_fifo_full,,,,,,,,,,,,,,,,,,,,,,,,,,,,,,,,,,,,,,,,,,,,,,,,,,,,,,,,
rsg_object_detection,frame_trace,600,rsg_20260806_43_904879999_000600,sent_to_hydra,,,,,,,,,,,618.1643589952728,ok,9.045111000887118,561.6719550016569,46.39688300085254,0.13224899885244668,46.26463400200009,0.0016639969544485211,1.0127810019184835,0.15695300680818036,362.5564829999348,22.67994199792156,0.007582995749544352,385.4009610004141,92.11860800132854,23.67598701675888,6.116490003478248,36.29432299931068,20.819236007810105,47.1313139933045,4.464797988475766,2.9920399902039208,0.4392430273583159,1.8154610006604344,0.18751100287772715,0.00553599966224283,149.17844400042668,7.253714000398759,0.14914400526322424,18.63854600378545,0.03836498945020139,4.4739820004906505,3.9331770021817647,0.08729199907975271,0.45351299922913313,3.802271996391937,0.7636730006197467,0.005184003384783864,1.0487459949217737,8,0,8,0,0,,,,,,,,,,,,,,
rsg_object_detection,dropped_oldest,608,rsg_20260806_44_554879999_000608,dropped,True,fifo_cached_frame,609,63,0,544,63,0,1,0.0,50.349359000392724,frame_fifo_full,,,,,,,,,,,,,,,,,,,,,,,,,,,,,,,,,,,,,,,,,,,,,,,,,,,,,,,,
rsg_object_detection,dropped_oldest,609,rsg_20260806_44_604880000_000609,dropped,True,fifo_cached_frame,610,63,0,545,63,0,1,0.0,102.25063999678241,frame_fifo_full,,,,,,,,,,,,,,,,,,,,,,,,,,,,,,,,,,,,,,,,,,,,,,,,,,,,,,,,
rsg_object_detection,dropped_oldest,610,rsg_20260806_44_704880000_000610,dropped,True,fifo_cached_frame,611,63,0,546,63,0,1,0.0,50.13148199941497,frame_fifo_full,,,,,,,,,,,,,,,,,,,,,,,,,,,,,,,,,,,,,,,,,,,,,,,,,,,,,,,,
rsg_object_detection,dropped_oldest,611,rsg_20260806_44_754880000_000611,dropped,True,fifo_cached_frame,612,63,0,547,63,0,1,0.0,47.70901199663058,frame_fifo_full,,,,,,,,,,,,,,,,,,,,,,,,,,,,,,,,,,,,,,,,,,,,,,,,,,,,,,,,
rsg_object_detection,dropped_oldest,612,rsg_20260806_44_804879999_000612,dropped,True,fifo_cached_frame,613,63,0,548,63,0,1,0.0,102.40506399713922,frame_fifo_full,,,,,,,,,,,,,,,,,,,,,,,,,,,,,,,,,,,,,,,,,,,,,,,,,,,,,,,,
rsg_object_detection,dropped_oldest,613,rsg_20260806_44_904879999_000613,dropped,True,fifo_cached_frame,614,63,0,549,63,0,1,0.0,129.0442620011163,frame_fifo_full,,,,,,,,,,,,,,,,,,,,,,,,,,,,,,,,,,,,,,,,,,,,,,,,,,,,,,,,
rsg_object_detection,dropped_oldest,614,rsg_20260806_45_004879999_000614,dropped,True,fifo_cached_frame,615,63,0,550,63,0,1,0.0,33.19800199824385,frame_fifo_full,,,,,,,,,,,,,,,,,,,,,,,,,,,,,,,,,,,,,,,,,,,,,,,,,,,,,,,,
rsg_object_detection,dropped_oldest,615,rsg_20260806_45_054879999_000615,dropped,True,fifo_cached_frame,616,63,0,551,63,0,1,0.0,58.60014799691271,frame_fifo_full,,,,,,,,,,,,,,,,,,,,,,,,,,,,,,,,,,,,,,,,,,,,,,,,,,,,,,,,
rsg_object_detection,dropped_oldest,616,rsg_20260806_45_104880000_000616,dropped,True,fifo_cached_frame,617,63,0,552,63,0,1,0.0,28.976714005693793,frame_fifo_full,,,,,,,,,,,,,,,,,,,,,,,,,,,,,,,,,,,,,,,,,,,,,,,,,,,,,,,,
rsg_object_detection,frame_trace,607,rsg_20260806_44_504880000_000607,sent_to_hydra,,,,,,,,,,,697.2542110015638,ok,12.038016997394152,639.7111969999969,44.44850599975325,0.13909699919167906,44.30940900056157,0.004542998794931918,6.623025001317728,0.6114569987403229,391.3907459937036,18.73959700606065,0.008734998118598014,410.7505349966232,122.5621590128867,26.85451399156591,7.23173199367011,62.474218000716064,24.09810999961337,69.46727899776306,3.306650003651157,1.4001849995111115,0.3154399892082438,1.332220999756828,0.3201440049451776,0.005502995918504894,198.7247799988836,6.114315998274833,0.1371770049445331,17.318197998974938,0.04316600097808987,5.670145998010412,5.006594998121727,0.10242700227536261,0.561123997613322,5.655458000546787,0.7066530015436001,0.005759997293353081,1.0519480056245811,8,0,7,0,0,,,,,,,,,,,,,,
rsg_object_detection,dropped_oldest,618,rsg_20260806_45_204880000_000618,dropped,True,fifo_cached_frame,619,64,0,553,64,0,1,0.0,87.84347199980402,frame_fifo_full,,,,,,,,,,,,,,,,,,,,,,,,,,,,,,,,,,,,,,,,,,,,,,,,,,,,,,,,
rsg_object_detection,dropped_oldest,619,rsg_20260806_45_304879999_000619,dropped,True,fifo_cached_frame,620,64,0,554,64,0,1,0.0,53.751430998090655,frame_fifo_full,,,,,,,,,,,,,,,,,,,,,,,,,,,,,,,,,,,,,,,,,,,,,,,,,,,,,,,,
rsg_object_detection,dropped_oldest,620,rsg_20260806_45_354880000_000620,dropped,True,fifo_cached_frame,621,64,0,555,64,0,1,0.0,148.2495110030868,frame_fifo_full,,,,,,,,,,,,,,,,,,,,,,,,,,,,,,,,,,,,,,,,,,,,,,,,,,,,,,,,
rsg_object_detection,dropped_oldest,621,rsg_20260806_45_504880000_000621,dropped,True,fifo_cached_frame,622,64,0,556,64,0,1,0.0,50.89253599726362,frame_fifo_full,,,,,,,,,,,,,,,,,,,,,,,,,,,,,,,,,,,,,,,,,,,,,,,,,,,,,,,,
rsg_object_detection,dropped_oldest,622,rsg_20260806_45_554879999_000622,dropped,True,fifo_cached_frame,623,64,0,557,64,0,1,0.0,59.19698099751258,frame_fifo_full,,,,,,,,,,,,,,,,,,,,,,,,,,,,,,,,,,,,,,,,,,,,,,,,,,,,,,,,
rsg_object_detection,dropped_oldest,623,rsg_20260806_45_604880000_000623,dropped,True,fifo_cached_frame,624,64,0,558,64,0,1,0.0,55.776418004825246,frame_fifo_full,,,,,,,,,,,,,,,,,,,,,,,,,,,,,,,,,,,,,,,,,,,,,,,,,,,,,,,,
rsg_object_detection,dropped_oldest,624,rsg_20260806_45_654879999_000624,dropped,True,fifo_cached_frame,625,64,0,559,64,0,1,0.0,38.99256099975901,frame_fifo_full,,,,,,,,,,,,,,,,,,,,,,,,,,,,,,,,,,,,,,,,,,,,,,,,,,,,,,,,
rsg_object_detection,dropped_oldest,625,rsg_20260806_45_704880000_000625,dropped,True,fifo_cached_frame,626,64,0,560,64,0,1,0.0,44.130189999123104,frame_fifo_full,,,,,,,,,,,,,,,,,,,,,,,,,,,,,,,,,,,,,,,,,,,,,,,,,,,,,,,,
rsg_object_detection,dropped_oldest,626,rsg_20260806_45_754880000_000626,dropped,True,fifo_cached_frame,627,64,0,561,65,0,1,0.0,63.43315100093605,frame_fifo_full,,,,,,,,,,,,,,,,,,,,,,,,,,,,,,,,,,,,,,,,,,,,,,,,,,,,,,,,
rsg_object_detection,frame_trace,617,rsg_20260806_45_154879999_000617,sent_to_hydra,,,,,,,,,,,646.7992359976051,ok,10.972917996696196,578.6708019950311,55.797697001253255,0.12908200005767867,55.668615001195576,0.0035199991543777287,7.047195998893585,0.19890200201189145,386.14854800107423,18.886951002059504,0.006751994078513235,405.24115299922414,94.5030409930041,20.927775993186515,4.232907005643938,44.290693003858905,24.399954003456514,39.46904899930814,3.4544180089142174,0.9698399808257818,0.334732023475226,1.498931997048203,0.286705995677039,0.004894995072390884,140.53770899772644,4.851851997955237,0.1503610037616454,20.79898199735908,0.04354900011094287,6.24250100372592,5.577991003519855,0.09842700092121959,0.5660829992848448,3.974007995566353,0.7514190001529641,0.004989997250959277,1.3542990054702386,8,0,8,0,0,,,,,,,,,,,,,,
rsg_object_detection,dropped_oldest,628,rsg_20260806_45_854880000_000628,dropped,True,fifo_cached_frame,629,65,0,562,65,0,1,0.0,47.46464500203729,frame_fifo_full,,,,,,,,,,,,,,,,,,,,,,,,,,,,,,,,,,,,,,,,,,,,,,,,,,,,,,,,
rsg_object_detection,dropped_oldest,629,rsg_20260806_45_904879999_000629,dropped,True,fifo_cached_frame,630,65,0,563,65,0,1,0.0,41.85427199990954,frame_fifo_full,,,,,,,,,,,,,,,,,,,,,,,,,,,,,,,,,,,,,,,,,,,,,,,,,,,,,,,,
rsg_object_detection,dropped_oldest,630,rsg_20260806_45_954880000_000630,dropped,True,fifo_cached_frame,631,65,0,564,65,0,1,0.0,51.672080997377634,frame_fifo_full,,,,,,,,,,,,,,,,,,,,,,,,,,,,,,,,,,,,,,,,,,,,,,,,,,,,,,,,
rsg_object_detection,dropped_oldest,631,rsg_20260806_46_004879999_000631,dropped,True,fifo_cached_frame,632,65,0,565,65,0,1,0.0,48.4731059987098,frame_fifo_full,,,,,,,,,,,,,,,,,,,,,,,,,,,,,,,,,,,,,,,,,,,,,,,,,,,,,,,,
rsg_object_detection,dropped_oldest,632,rsg_20260806_46_054879999_000632,dropped,True,fifo_cached_frame,633,65,0,566,65,0,1,0.0,56.20619199908106,frame_fifo_full,,,,,,,,,,,,,,,,,,,,,,,,,,,,,,,,,,,,,,,,,,,,,,,,,,,,,,,,
rsg_object_detection,dropped_oldest,633,rsg_20260806_46_104880000_000633,dropped,True,fifo_cached_frame,634,65,0,567,65,0,1,0.0,93.00737900048262,frame_fifo_full,,,,,,,,,,,,,,,,,,,,,,,,,,,,,,,,,,,,,,,,,,,,,,,,,,,,,,,,
rsg_object_detection,dropped_oldest,634,rsg_20260806_46_204880000_000634,dropped,True,fifo_cached_frame,635,65,0,568,65,0,1,0.0,80.31131399911828,frame_fifo_full,,,,,,,,,,,,,,,,,,,,,,,,,,,,,,,,,,,,,,,,,,,,,,,,,,,,,,,,
rsg_object_detection,dropped_oldest,635,rsg_20260806_46_254880000_000635,dropped,True,fifo_cached_frame,636,65,0,569,65,0,1,0.0,43.30009099794552,frame_fifo_full,,,,,,,,,,,,,,,,,,,,,,,,,,,,,,,,,,,,,,,,,,,,,,,,,,,,,,,,
rsg_object_detection,dropped_oldest,636,rsg_20260806_46_304879999_000636,dropped,True,fifo_cached_frame,637,65,0,570,65,0,1,0.0,103.97191400261363,frame_fifo_full,,,,,,,,,,,,,,,,,,,,,,,,,,,,,,,,,,,,,,,,,,,,,,,,,,,,,,,,
rsg_object_detection,dropped_oldest,637,rsg_20260806_46_354880000_000637,dropped,True,fifo_cached_frame,638,65,0,571,65,0,1,0.0,3.2092460023704916,frame_fifo_full,,,,,,,,,,,,,,,,,,,,,,,,,,,,,,,,,,,,,,,,,,,,,,,,,,,,,,,,
rsg_object_detection,dropped_oldest,638,rsg_20260806_46_404879999_000638,dropped,True,fifo_cached_frame,639,65,0,572,66,0,1,0.0,70.48249799845507,frame_fifo_full,,,,,,,,,,,,,,,,,,,,,,,,,,,,,,,,,,,,,,,,,,,,,,,,,,,,,,,,
rsg_object_detection,frame_trace,627,rsg_20260806_45_804879999_000627,sent_to_hydra,,,,,,,,,,,671.8807910001487,ok,10.127170004125219,657.7564789986354,2.6430669968249276,0.15298399375751615,2.4900830030674115,0.0034559998312033713,6.406045002222527,0.21406899759313092,393.3280709970859,17.95023199520074,0.008351009455509484,411.50072299933527,160.95326899085194,41.54418000689475,10.421264996693935,89.59158301149728,18.563479017757345,46.27568499563495,3.6167460057185963,0.9073790060938336,0.35018899507122114,1.3157099965610541,0.3531340043991804,0.0045439956011250615,213.791055000911,7.4217379951733164,0.1521199956187047,18.42217599914875,0.06262200622586533,5.755870006396435,5.106495002110023,0.09298800432588905,0.5563869999605231,3.540461002558004,0.8263589988928288,0.004479996277950704,1.3506190007319674,8,0,8,0,0,,,,,,,,,,,,,,
rsg_object_detection,dropped_oldest,640,rsg_20260806_46_554879999_000640,dropped,True,fifo_cached_frame,641,66,0,573,66,0,1,0.0,47.09868400095729,frame_fifo_full,,,,,,,,,,,,,,,,,,,,,,,,,,,,,,,,,,,,,,,,,,,,,,,,,,,,,,,,
rsg_object_detection,dropped_oldest,641,rsg_20260806_46_604880000_000641,dropped,True,fifo_cached_frame,642,66,0,574,66,0,1,0.0,53.37987100210739,frame_fifo_full,,,,,,,,,,,,,,,,,,,,,,,,,,,,,,,,,,,,,,,,,,,,,,,,,,,,,,,,
rsg_object_detection,dropped_oldest,642,rsg_20260806_46_654879999_000642,dropped,True,fifo_cached_frame,643,66,0,575,66,0,1,0.0,51.099346004775725,frame_fifo_full,,,,,,,,,,,,,,,,,,,,,,,,,,,,,,,,,,,,,,,,,,,,,,,,,,,,,,,,
rsg_object_detection,dropped_oldest,643,rsg_20260806_46_704880000_000643,dropped,True,fifo_cached_frame,644,66,0,576,66,0,1,0.0,102.41800899530062,frame_fifo_full,,,,,,,,,,,,,,,,,,,,,,,,,,,,,,,,,,,,,,,,,,,,,,,,,,,,,,,,
rsg_object_detection,dropped_oldest,644,rsg_20260806_46_804879999_000644,dropped,True,fifo_cached_frame,645,66,0,577,66,0,1,0.0,50.31256999791367,frame_fifo_full,,,,,,,,,,,,,,,,,,,,,,,,,,,,,,,,,,,,,,,,,,,,,,,,,,,,,,,,
rsg_object_detection,dropped_oldest,645,rsg_20260806_46_854880000_000645,dropped,True,fifo_cached_frame,646,66,0,578,66,0,1,0.0,121.27785899792798,frame_fifo_full,,,,,,,,,,,,,,,,,,,,,,,,,,,,,,,,,,,,,,,,,,,,,,,,,,,,,,,,
rsg_object_detection,dropped_oldest,646,rsg_20260806_46_954880000_000646,dropped,True,fifo_cached_frame,647,66,0,579,66,0,1,0.0,131.42493600025773,frame_fifo_full,,,,,,,,,,,,,,,,,,,,,,,,,,,,,,,,,,,,,,,,,,,,,,,,,,,,,,,,
rsg_object_detection,dropped_oldest,647,rsg_20260806_47_054879999_000647,dropped,True,fifo_cached_frame,648,66,0,580,66,0,1,0.0,3.8525100026163273,frame_fifo_full,,,,,,,,,,,,,,,,,,,,,,,,,,,,,,,,,,,,,,,,,,,,,,,,,,,,,,,,
rsg_object_detection,frame_trace,639,rsg_20260806_46_504880000_000639,sent_to_hydra,,,,,,,,,,,611.4531400016858,ok,16.8980630041915,590.3773360041669,3.014023997820914,0.20344500080682337,2.8105789970140904,0.001567997969686985,4.185229001450352,0.21803699928568676,394.93008999852464,23.936843004776165,0.00739099778002128,419.0923610003665,86.05399999214569,19.836281018797308,17.014087999996264,30.734068997844588,17.82985299360007,51.783216003968846,3.2012140000006184,0.883539003552869,0.3145790033158846,1.2432340008672327,0.3545420040609315,0.00559899490326643,143.85704199958127,5.144285998539999,0.14379999629454687,17.9115479986649,0.04307000926928595,4.691123998782132,4.095827003766317,0.09772300109034404,0.49757399392547086,3.906332000042312,8.294175000628456,0.006432004738599062,1.1621489975368604,7,0,7,0,0,,,,,,,,,,,,,,
rsg_object_detection,dropped_oldest,649,rsg_20260806_47_154879999_000649,dropped,True,fifo_cached_frame,650,67,0,581,67,0,1,0.0,36.43848699721275,frame_fifo_full,,,,,,,,,,,,,,,,,,,,,,,,,,,,,,,,,,,,,,,,,,,,,,,,,,,,,,,,
rsg_object_detection,dropped_oldest,650,rsg_20260806_47_204880000_000650,dropped,True,fifo_cached_frame,651,67,0,582,67,0,1,0.0,104.48620199895231,frame_fifo_full,,,,,,,,,,,,,,,,,,,,,,,,,,,,,,,,,,,,,,,,,,,,,,,,,,,,,,,,
rsg_object_detection,dropped_oldest,651,rsg_20260806_47_304879999_000651,dropped,True,fifo_cached_frame,652,67,0,583,67,0,1,0.0,51.29486000078032,frame_fifo_full,,,,,,,,,,,,,,,,,,,,,,,,,,,,,,,,,,,,,,,,,,,,,,,,,,,,,,,,
rsg_object_detection,dropped_oldest,652,rsg_20260806_47_354880000_000652,dropped,True,fifo_cached_frame,653,67,0,584,67,0,1,0.0,100.642778998008,frame_fifo_full,,,,,,,,,,,,,,,,,,,,,,,,,,,,,,,,,,,,,,,,,,,,,,,,,,,,,,,,
rsg_object_detection,dropped_oldest,653,rsg_20260806_47_454880000_000653,dropped,True,fifo_cached_frame,654,67,0,585,67,0,1,0.0,49.66495800181292,frame_fifo_full,,,,,,,,,,,,,,,,,,,,,,,,,,,,,,,,,,,,,,,,,,,,,,,,,,,,,,,,
rsg_object_detection,dropped_oldest,654,rsg_20260806_47_504880000_000654,dropped,True,fifo_cached_frame,655,67,0,586,67,0,1,0.0,55.592980002984405,frame_fifo_full,,,,,,,,,,,,,,,,,,,,,,,,,,,,,,,,,,,,,,,,,,,,,,,,,,,,,,,,
rsg_object_detection,dropped_oldest,655,rsg_20260806_47_554879999_000655,dropped,True,fifo_cached_frame,656,67,0,587,67,0,1,0.0,39.573146001202986,frame_fifo_full,,,,,,,,,,,,,,,,,,,,,,,,,,,,,,,,,,,,,,,,,,,,,,,,,,,,,,,,
rsg_object_detection,dropped_oldest,656,rsg_20260806_47_604880000_000656,dropped,True,fifo_cached_frame,657,67,0,588,67,0,1,0.0,103.25874300178839,frame_fifo_full,,,,,,,,,,,,,,,,,,,,,,,,,,,,,,,,,,,,,,,,,,,,,,,,,,,,,,,,
rsg_object_detection,frame_trace,648,rsg_20260806_47_104880000_000648,sent_to_hydra,,,,,,,,,,,600.8952869960922,ok,12.884823998319916,571.8614190045628,14.915665997250471,0.12802599667338654,14.787640000577085,0.004736000846605748,2.120853001542855,0.18303099932381883,393.06554599897936,13.20228000258794,0.005631998647004366,406.4564889995381,96.53815298952395,35.67593399930047,4.694930990808643,44.052727993403096,11.595545001910068,38.784320997365285,3.1803820093045942,0.8783239973126911,0.29074000485707074,1.3120939984219149,0.4697370022768155,0.005630994564853609,141.47874099580804,4.526365002675448,0.13880899496143684,17.09667700197315,0.04348500806372613,8.754664006119128,8.177828000043519,0.09794699872145429,0.4788890073541552,3.410451994568575,0.715004003723152,0.004703993909060955,1.2286419951124117,7,0,7,0,0,,,,,,,,,,,,,,
rsg_object_detection,dropped_oldest,658,rsg_20260806_47_754880000_000658,dropped,True,fifo_cached_frame,659,68,0,589,68,0,1,0.0,59.452178997162264,frame_fifo_full,,,,,,,,,,,,,,,,,,,,,,,,,,,,,,,,,,,,,,,,,,,,,,,,,,,,,,,,
rsg_object_detection,dropped_oldest,659,rsg_20260806_47_804879999_000659,dropped,True,fifo_cached_frame,660,68,0,590,68,0,1,0.0,36.779909998585936,frame_fifo_full,,,,,,,,,,,,,,,,,,,,,,,,,,,,,,,,,,,,,,,,,,,,,,,,,,,,,,,,
rsg_object_detection,dropped_oldest,660,rsg_20260806_47_854880000_000660,dropped,True,fifo_cached_frame,661,68,0,591,68,0,1,0.0,59.46212999697309,frame_fifo_full,,,,,,,,,,,,,,,,,,,,,,,,,,,,,,,,,,,,,,,,,,,,,,,,,,,,,,,,
rsg_object_detection,dropped_oldest,661,rsg_20260806_47_904879999_000661,dropped,True,fifo_cached_frame,662,68,0,592,68,0,1,0.0,44.83419399912236,frame_fifo_full,,,,,,,,,,,,,,,,,,,,,,,,,,,,,,,,,,,,,,,,,,,,,,,,,,,,,,,,
rsg_object_detection,dropped_oldest,662,rsg_20260806_47_954880000_000662,dropped,True,fifo_cached_frame,663,68,0,593,68,0,1,0.0,47.44986899459036,frame_fifo_full,,,,,,,,,,,,,,,,,,,,,,,,,,,,,,,,,,,,,,,,,,,,,,,,,,,,,,,,
rsg_object_detection,dropped_oldest,663,rsg_20260806_48_004879999_000663,dropped,True,fifo_cached_frame,664,68,0,594,68,0,1,0.0,67.87095600157045,frame_fifo_full,,,,,,,,,,,,,,,,,,,,,,,,,,,,,,,,,,,,,,,,,,,,,,,,,,,,,,,,
rsg_object_detection,dropped_oldest,664,rsg_20260806_48_054879999_000664,dropped,True,fifo_cached_frame,665,68,0,595,68,0,1,0.0,28.35761700407602,frame_fifo_full,,,,,,,,,,,,,,,,,,,,,,,,,,,,,,,,,,,,,,,,,,,,,,,,,,,,,,,,
rsg_object_detection,dropped_oldest,665,rsg_20260806_48_104880000_000665,dropped,True,fifo_cached_frame,666,68,0,596,68,0,1,0.0,52.36258699733298,frame_fifo_full,,,,,,,,,,,,,,,,,,,,,,,,,,,,,,,,,,,,,,,,,,,,,,,,,,,,,,,,
rsg_object_detection,dropped_oldest,666,rsg_20260806_48_154879999_000666,dropped,True,fifo_cached_frame,667,68,0,597,68,0,1,0.0,47.567853005602956,frame_fifo_full,,,,,,,,,,,,,,,,,,,,,,,,,,,,,,,,,,,,,,,,,,,,,,,,,,,,,,,,
rsg_object_detection,dropped_oldest,667,rsg_20260806_48_204880000_000667,dropped,True,fifo_cached_frame,668,68,0,598,68,0,1,0.0,62.52194900298491,frame_fifo_full,,,,,,,,,,,,,,,,,,,,,,,,,,,,,,,,,,,,,,,,,,,,,,,,,,,,,,,,
rsg_object_detection,dropped_oldest,668,rsg_20260806_48_254880000_000668,dropped,True,fifo_cached_frame,669,68,0,599,69,0,1,0.0,58.9628960005939,frame_fifo_full,,,,,,,,,,,,,,,,,,,,,,,,,,,,,,,,,,,,,,,,,,,,,,,,,,,,,,,,
rsg_object_detection,frame_trace,657,rsg_20260806_47_704880000_000657,sent_to_hydra,,,,,,,,,,,608.7351060050423,ok,9.597247000783682,576.5716019959655,21.35527800419368,0.1360890018986538,21.219189002295025,0.002592001692391932,1.025997000397183,0.18722300592344254,406.6177980057546,22.709739998390432,0.005887995939701796,429.52064900600817,75.2378859979217,21.96244799415581,5.413488011981826,32.632793016091455,14.531046996125951,46.88209399319021,3.412116988329217,0.7025890008662827,0.29944202105980366,1.5152519990806468,0.12386500020511448,0.0065920030465349555,128.20069999725092,2.4935070032370277,0.14319200272439048,15.147847996558994,0.039708989788778126,5.349940001906361,4.715442999440711,0.08921200060285628,0.5452850018627942,3.6033709984621964,0.6392959985532798,0.004640001861844212,1.2083870024071075,8,0,7,0,0,,,,,,,,,,,,,,
rsg_object_detection,dropped_oldest,670,rsg_20260806_48_354880000_000670,dropped,True,fifo_cached_frame,671,69,0,600,69,0,1,0.0,39.672472994425334,frame_fifo_full,,,,,,,,,,,,,,,,,,,,,,,,,,,,,,,,,,,,,,,,,,,,,,,,,,,,,,,,
rsg_object_detection,dropped_oldest,671,rsg_20260806_48_404879999_000671,dropped,True,fifo_cached_frame,672,69,0,601,69,0,1,0.0,51.44637699413579,frame_fifo_full,,,,,,,,,,,,,,,,,,,,,,,,,,,,,,,,,,,,,,,,,,,,,,,,,,,,,,,,
rsg_object_detection,dropped_oldest,672,rsg_20260806_48_454880000_000672,dropped,True,fifo_cached_frame,673,69,0,602,69,0,1,0.0,100.98347500024829,frame_fifo_full,,,,,,,,,,,,,,,,,,,,,,,,,,,,,,,,,,,,,,,,,,,,,,,,,,,,,,,,
rsg_object_detection,dropped_oldest,673,rsg_20260806_48_554879999_000673,dropped,True,fifo_cached_frame,674,69,0,603,69,0,1,0.0,50.03620900242822,frame_fifo_full,,,,,,,,,,,,,,,,,,,,,,,,,,,,,,,,,,,,,,,,,,,,,,,,,,,,,,,,
rsg_object_detection,dropped_oldest,674,rsg_20260806_48_604880000_000674,dropped,True,fifo_cached_frame,675,69,0,604,69,0,1,0.0,49.453004998213146,frame_fifo_full,,,,,,,,,,,,,,,,,,,,,,,,,,,,,,,,,,,,,,,,,,,,,,,,,,,,,,,,
rsg_object_detection,dropped_oldest,675,rsg_20260806_48_654879999_000675,dropped,True,fifo_cached_frame,676,69,0,605,69,0,1,0.0,50.29673900571652,frame_fifo_full,,,,,,,,,,,,,,,,,,,,,,,,,,,,,,,,,,,,,,,,,,,,,,,,,,,,,,,,
rsg_object_detection,dropped_oldest,676,rsg_20260806_48_704880000_000676,dropped,True,fifo_cached_frame,677,69,0,606,69,0,1,0.0,98.62484099721769,frame_fifo_full,,,,,,,,,,,,,,,,,,,,,,,,,,,,,,,,,,,,,,,,,,,,,,,,,,,,,,,,
rsg_object_detection,,41,rsg_20260806_13_804880000_000041,vlm_done,,,,,,,,,,,,ok,,,,,,,,,,,,,,,,,,,,,,,,,,,,,,,,,,,,,,,,,,,rsg_obj_000011,rsg_unknown_rsg_20260806_13_804880000_000041_007_nanosam_003,,,1,0.7124453686584344,wall,0.98,static,0.99,7138.901382000768,27457.815743000538,qwen_http,Qwen3-VL-8B-Instruct-GGUF
rsg_object_detection,completed,41,rsg_20260806_13_804880000_000041,,,,,,,,,,,20318.91260100383,,vlm_done,,,,,,,,,,,,,,,,,,,,,,,,,,,,,,,,,,,,,,,,,,,rsg_obj_000011,rsg_unknown_rsg_20260806_13_804880000_000041_007_nanosam_003,19,300,1,0.7124453686584344,,,,,,,,
rsg_object_detection,frame_trace,669,rsg_20260806_48_304879999_000669,sent_to_hydra,,,,,,,,,,,524.2193160011084,ok,11.763506001443602,509.3711320005241,1.8856020033126697,0.1340099988738075,1.7515920044388622,0.004959998477715999,1.2630399942281656,0.17711100372252986,340.91766900382936,20.74775900109671,0.007039991032797843,361.8495789996814,60.91758200636832,22.064652992412448,8.68052599253133,17.670152010396123,11.780432985688094,46.66466599883279,7.504071014409419,1.51342801109422,0.37226897256914526,1.3693069995497353,0.3241119993617758,0.004415996954776347,118.68607399810571,8.854307998262811,0.11202599853277206,18.561276003310923,0.04482900840230286,7.356719004746992,6.747406005160883,0.08901999535737559,0.5202930042287335,3.435220001847483,0.9654879977460951,0.006078997103031725,1.194115997350309,8,0,8,0,0,,,,,,,,,,,,,,
rsg_object_detection,dropped_oldest,678,rsg_20260806_48_904879999_000678,dropped,True,fifo_cached_frame,679,70,0,607,70,0,1,0.0,51.03727799723856,frame_fifo_full,,,,,,,,,,,,,,,,,,,,,,,,,,,,,,,,,,,,,,,,,,,,,,,,,,,,,,,,
rsg_object_detection,dequeued,243,rsg_20260806_23_904879999_000243,,,,,,,,,,,24498.07219899958,,fifo_order,,,,,,,,,,,,,,,,,,,,,,,,,,,,,,,,,,,,,,,,,,,rsg_obj_000003,rsg_unknown_rsg_20260806_23_904879999_000243_000_nanosam_001,18,300,22,0.6477618127047867,,,,,,,,
rsg_object_detection,dropped_oldest,679,rsg_20260806_48_954880000_000679,dropped,True,fifo_cached_frame,680,70,0,608,70,0,1,0.0,50.143849999585655,frame_fifo_full,,,,,,,,,,,,,,,,,,,,,,,,,,,,,,,,,,,,,,,,,,,,,,,,,,,,,,,,
rsg_object_detection,dropped_oldest,680,rsg_20260806_49_004879999_000680,dropped,True,fifo_cached_frame,681,70,0,609,70,0,1,0.0,51.29265699360985,frame_fifo_full,,,,,,,,,,,,,,,,,,,,,,,,,,,,,,,,,,,,,,,,,,,,,,,,,,,,,,,,
rsg_object_detection,dropped_oldest,681,rsg_20260806_49_054879999_000681,dropped,True,fifo_cached_frame,682,70,0,610,70,0,1,0.0,60.23787600133801,frame_fifo_full,,,,,,,,,,,,,,,,,,,,,,,,,,,,,,,,,,,,,,,,,,,,,,,,,,,,,,,,
rsg_object_detection,dropped_oldest,682,rsg_20260806_49_104880000_000682,dropped,True,fifo_cached_frame,683,70,0,611,71,0,1,0.0,212.27873799944064,frame_fifo_full,,,,,,,,,,,,,,,,,,,,,,,,,,,,,,,,,,,,,,,,,,,,,,,,,,,,,,,,
rsg_object_detection,frame_trace,677,rsg_20260806_48_804879999_000677,sent_to_hydra,,,,,,,,,,,510.2487089970964,ok,10.924763999355491,441.195184001117,57.02750499767717,0.13839299936080351,56.889111998316366,0.004032001015730202,1.0929370037047192,0.19723799778148532,223.68470799847273,21.31570000346983,0.005984002200420946,245.20363000192447,119.97900999995181,46.848115998727735,5.666661010764074,45.7448440065491,15.587761998176575,45.31750499882037,2.8096839887439273,0.8986090033431537,0.3180980129400268,1.2642249930649996,0.4294180034776218,0.0048959991545416415,171.0372199959238,4.873260004387703,0.1487280023866333,18.794770003296435,0.04463898949325085,6.237191002583131,5.643524993502069,0.09977100125979632,0.4938950078212656,4.096338998351712,0.587009999435395,0.0042239989852532744,1.0972239979309961,8,0,7,0,0,,,,,,,,,,,,,,
rsg_object_detection,dropped_oldest,684,rsg_20260806_49_254880000_000684,dropped,True,fifo_cached_frame,685,71,0,612,71,0,1,0.0,3.6682319987448864,frame_fifo_full,,,,,,,,,,,,,,,,,,,,,,,,,,,,,,,,,,,,,,,,,,,,,,,,,,,,,,,,
rsg_object_detection,dropped_oldest,685,rsg_20260806_49_304879999_000685,dropped,True,fifo_cached_frame,686,71,0,613,71,0,1,0.0,19.10429100098554,frame_fifo_full,,,,,,,,,,,,,,,,,,,,,,,,,,,,,,,,,,,,,,,,,,,,,,,,,,,,,,,,
rsg_object_detection,dropped_oldest,686,rsg_20260806_49_354880000_000686,dropped,True,fifo_cached_frame,687,71,0,614,71,0,1,0.0,47.243360997526906,frame_fifo_full,,,,,,,,,,,,,,,,,,,,,,,,,,,,,,,,,,,,,,,,,,,,,,,,,,,,,,,,
rsg_object_detection,dropped_oldest,687,rsg_20260806_49_404879999_000687,dropped,True,fifo_cached_frame,688,71,0,615,71,0,1,0.0,51.05571400054032,frame_fifo_full,,,,,,,,,,,,,,,,,,,,,,,,,,,,,,,,,,,,,,,,,,,,,,,,,,,,,,,,
rsg_object_detection,dropped_oldest,688,rsg_20260806_49_454880000_000688,dropped,True,fifo_cached_frame,689,71,0,616,71,0,1,0.0,110.29562399926363,frame_fifo_full,,,,,,,,,,,,,,,,,,,,,,,,,,,,,,,,,,,,,,,,,,,,,,,,,,,,,,,,
rsg_object_detection,dropped_oldest,689,rsg_20260806_49_554879999_000689,dropped,True,fifo_cached_frame,690,71,0,617,71,0,1,0.0,40.80659500323236,frame_fifo_full,,,,,,,,,,,,,,,,,,,,,,,,,,,,,,,,,,,,,,,,,,,,,,,,,,,,,,,,
rsg_object_detection,dropped_oldest,690,rsg_20260806_49_604880000_000690,dropped,True,fifo_cached_frame,691,71,0,618,71,0,1,0.0,62.29953400179511,frame_fifo_full,,,,,,,,,,,,,,,,,,,,,,,,,,,,,,,,,,,,,,,,,,,,,,,,,,,,,,,,
rsg_object_detection,dropped_oldest,691,rsg_20260806_49_654879999_000691,dropped,True,fifo_cached_frame,692,71,0,619,71,0,1,0.0,37.488360998395365,frame_fifo_full,,,,,,,,,,,,,,,,,,,,,,,,,,,,,,,,,,,,,,,,,,,,,,,,,,,,,,,,
rsg_object_detection,dropped_oldest,692,rsg_20260806_49_704880000_000692,dropped,True,fifo_cached_frame,693,71,0,620,71,0,1,0.0,54.43570300121792,frame_fifo_full,,,,,,,,,,,,,,,,,,,,,,,,,,,,,,,,,,,,,,,,,,,,,,,,,,,,,,,,
rsg_object_detection,dropped_oldest,693,rsg_20260806_49_754880000_000693,dropped,True,fifo_cached_frame,694,71,0,621,71,0,1,0.0,50.3419250017032,frame_fifo_full,,,,,,,,,,,,,,,,,,,,,,,,,,,,,,,,,,,,,,,,,,,,,,,,,,,,,,,,
rsg_object_detection,dropped_oldest,694,rsg_20260806_49_804879999_000694,dropped,True,fifo_cached_frame,695,71,0,622,71,0,1,0.0,49.32987999927718,frame_fifo_full,,,,,,,,,,,,,,,,,,,,,,,,,,,,,,,,,,,,,,,,,,,,,,,,,,,,,,,,
rsg_object_detection,dropped_oldest,695,rsg_20260806_49_854880000_000695,dropped,True,fifo_cached_frame,696,71,0,623,71,0,1,0.0,52.896645000146236,frame_fifo_full,,,,,,,,,,,,,,,,,,,,,,,,,,,,,,,,,,,,,,,,,,,,,,,,,,,,,,,,
rsg_object_detection,dropped_oldest,696,rsg_20260806_49_904879999_000696,dropped,True,fifo_cached_frame,697,71,0,624,71,0,1,0.0,47.3329879969242,frame_fifo_full,,,,,,,,,,,,,,,,,,,,,,,,,,,,,,,,,,,,,,,,,,,,,,,,,,,,,,,,
rsg_object_detection,frame_trace,683,rsg_20260806_49_204880000_000683,sent_to_hydra,,,,,,,,,,,637.9742350036395,ok,11.754867002309766,622.3145399999339,2.2904770012246445,0.1489529968239367,2.141524004400708,0.0025600020308047533,7.525255001382902,0.9162100031971931,381.70339800126385,18.269068001245614,0.007647991878911853,400.89632399758557,124.47360000078334,27.74875199975213,23.33706899662502,37.6550410001073,34.91066700371448,56.84851099795196,2.6374339795438573,1.1474959828774445,0.33944103779504076,1.7630160000408068,0.1388730015605688,0.0052800023695454,187.3706099941046,3.38379800086841,0.13122500240569934,22.966753000218887,0.040575003367848694,7.789657996909227,7.202199005405419,0.09394800144946203,0.4935109900543466,3.3209850007551722,0.6390080015989952,0.005216003046371043,1.61179099814035,8,0,7,0,0,,,,,,,,,,,,,,
rsg_object_detection,dropped_oldest,698,rsg_20260806_50_004879999_000698,dropped,True,fifo_cached_frame,699,72,0,625,72,0,1,0.0,41.98186400026316,frame_fifo_full,,,,,,,,,,,,,,,,,,,,,,,,,,,,,,,,,,,,,,,,,,,,,,,,,,,,,,,,
rsg_object_detection,dropped_oldest,699,rsg_20260806_50_054879999_000699,dropped,True,fifo_cached_frame,700,72,0,626,72,0,1,0.0,47.531157004414126,frame_fifo_full,,,,,,,,,,,,,,,,,,,,,,,,,,,,,,,,,,,,,,,,,,,,,,,,,,,,,,,,
rsg_object_detection,dropped_oldest,700,rsg_20260806_50_104880000_000700,dropped,True,fifo_cached_frame,701,72,0,627,72,0,1,0.0,51.013672004046384,frame_fifo_full,,,,,,,,,,,,,,,,,,,,,,,,,,,,,,,,,,,,,,,,,,,,,,,,,,,,,,,,
rsg_object_detection,dropped_oldest,701,rsg_20260806_50_154879999_000701,dropped,True,fifo_cached_frame,702,72,0,628,72,0,1,0.0,51.507663003576454,frame_fifo_full,,,,,,,,,,,,,,,,,,,,,,,,,,,,,,,,,,,,,,,,,,,,,,,,,,,,,,,,
rsg_object_detection,dropped_oldest,702,rsg_20260806_50_204880000_000702,dropped,True,fifo_cached_frame,703,72,0,629,72,0,1,0.0,104.31698900356423,frame_fifo_full,,,,,,,,,,,,,,,,,,,,,,,,,,,,,,,,,,,,,,,,,,,,,,,,,,,,,,,,
rsg_object_detection,dropped_oldest,703,rsg_20260806_50_304879999_000703,dropped,True,fifo_cached_frame,704,72,0,630,72,0,1,0.0,43.80612800014205,frame_fifo_full,,,,,,,,,,,,,,,,,,,,,,,,,,,,,,,,,,,,,,,,,,,,,,,,,,,,,,,,
rsg_object_detection,dropped_oldest,704,rsg_20260806_50_354880000_000704,dropped,True,fifo_cached_frame,705,72,0,631,72,0,1,0.0,60.85436399735045,frame_fifo_full,,,,,,,,,,,,,,,,,,,,,,,,,,,,,,,,,,,,,,,,,,,,,,,,,,,,,,,,
rsg_object_detection,dropped_oldest,705,rsg_20260806_50_404879999_000705,dropped,True,fifo_cached_frame,706,72,0,632,72,0,1,0.0,60.927799000637606,frame_fifo_full,,,,,,,,,,,,,,,,,,,,,,,,,,,,,,,,,,,,,,,,,,,,,,,,,,,,,,,,
rsg_object_detection,frame_trace,697,rsg_20260806_49_954880000_000697,sent_to_hydra,,,,,,,,,,,533.0481049968512,ok,10.125349996087607,496.782369002176,23.87848299986217,0.12239399802638218,23.75608900183579,0.0024320033844560385,1.1345029997755773,0.18357399676460773,334.3980139979976,18.281869997736067,0.007903006917331368,352.87136099941563,40.720426994084846,17.599118007638026,7.722428992565256,5.323125995346345,9.32250899495557,55.63951999647543,3.1577300105709583,0.8516370071447454,0.46429699432337657,3.322169999592006,0.3175530000589788,0.005855996278114617,104.4960200015339,8.75645800260827,0.13676100206794217,29.345219998504035,0.042045998270623386,6.099919002735987,5.490925002959557,0.09580299956724048,0.51319100020919,3.366072000062559,0.654495001072064,0.004863992216996849,2.259470995340962,7,0,7,0,0,,,,,,,,,,,,,,
rsg_object_detection,dropped_oldest,707,rsg_20260806_50_504880000_000707,dropped,True,fifo_cached_frame,708,73,0,633,73,0,1,0.0,44.908121999469586,frame_fifo_full,,,,,,,,,,,,,,,,,,,,,,,,,,,,,,,,,,,,,,,,,,,,,,,,,,,,,,,,
rsg_object_detection,dropped_oldest,708,rsg_20260806_50_554879999_000708,dropped,True,fifo_cached_frame,709,73,0,634,73,0,1,0.0,48.696763995394576,frame_fifo_full,,,,,,,,,,,,,,,,,,,,,,,,,,,,,,,,,,,,,,,,,,,,,,,,,,,,,,,,
rsg_object_detection,dropped_oldest,709,rsg_20260806_50_604880000_000709,dropped,True,fifo_cached_frame,710,73,0,635,73,0,1,0.0,53.292854005121626,frame_fifo_full,,,,,,,,,,,,,,,,,,,,,,,,,,,,,,,,,,,,,,,,,,,,,,,,,,,,,,,,
rsg_object_detection,dropped_oldest,710,rsg_20260806_50_654879999_000710,dropped,True,fifo_cached_frame,711,73,0,636,73,0,1,0.0,47.652975998062175,frame_fifo_full,,,,,,,,,,,,,,,,,,,,,,,,,,,,,,,,,,,,,,,,,,,,,,,,,,,,,,,,
rsg_object_detection,dropped_oldest,711,rsg_20260806_50_704880000_000711,dropped,True,fifo_cached_frame,712,73,0,637,73,0,1,0.0,60.116512002423406,frame_fifo_full,,,,,,,,,,,,,,,,,,,,,,,,,,,,,,,,,,,,,,,,,,,,,,,,,,,,,,,,
rsg_object_detection,dropped_oldest,712,rsg_20260806_50_754880000_000712,dropped,True,fifo_cached_frame,713,73,0,638,73,0,1,0.0,42.25238199433079,frame_fifo_full,,,,,,,,,,,,,,,,,,,,,,,,,,,,,,,,,,,,,,,,,,,,,,,,,,,,,,,,
rsg_object_detection,dropped_oldest,713,rsg_20260806_50_804879999_000713,dropped,True,fifo_cached_frame,714,73,0,639,73,0,1,0.0,58.457202998397406,frame_fifo_full,,,,,,,,,,,,,,,,,,,,,,,,,,,,,,,,,,,,,,,,,,,,,,,,,,,,,,,,
rsg_object_detection,dropped_oldest,714,rsg_20260806_50_854880000_000714,dropped,True,fifo_cached_frame,715,73,0,640,73,0,1,0.0,49.30786899785744,frame_fifo_full,,,,,,,,,,,,,,,,,,,,,,,,,,,,,,,,,,,,,,,,,,,,,,,,,,,,,,,,
rsg_object_detection,dropped_oldest,715,rsg_20260806_50_904879999_000715,dropped,True,fifo_cached_frame,716,73,0,641,73,0,1,0.0,49.78797300282167,frame_fifo_full,,,,,,,,,,,,,,,,,,,,,,,,,,,,,,,,,,,,,,,,,,,,,,,,,,,,,,,,
rsg_object_detection,dropped_oldest,716,rsg_20260806_50_954880000_000716,dropped,True,fifo_cached_frame,717,73,0,642,73,0,1,0.0,48.06652300612768,frame_fifo_full,,,,,,,,,,,,,,,,,,,,,,,,,,,,,,,,,,,,,,,,,,,,,,,,,,,,,,,,
rsg_object_detection,dropped_oldest,717,rsg_20260806_51_004879999_000717,dropped,True,fifo_cached_frame,718,73,0,643,73,0,1,0.0,40.76244099996984,frame_fifo_full,,,,,,,,,,,,,,,,,,,,,,,,,,,,,,,,,,,,,,,,,,,,,,,,,,,,,,,,
rsg_object_detection,dropped_oldest,718,rsg_20260806_51_054879999_000718,dropped,True,fifo_cached_frame,719,73,0,644,73,0,1,0.0,53.177310997853056,frame_fifo_full,,,,,,,,,,,,,,,,,,,,,,,,,,,,,,,,,,,,,,,,,,,,,,,,,,,,,,,,
rsg_object_detection,frame_trace,706,rsg_20260806_50_454880000_000706,sent_to_hydra,,,,,,,,,,,639.9583220045315,ok,15.572438001981936,591.5824359981343,31.0159200016642,0.18616700253915042,30.82975299912505,0.001920001523103565,8.628784002212342,0.1919900023494847,364.5743359957123,22.795659002440516,0.0069759989855811,387.5689609994879,77.76180499786278,23.95505599997705,11.123154996312223,26.028232998214662,15.890403992671054,80.83355599956121,3.4366610052529722,0.882866996107623,0.38276499981293455,1.3869389949832112,0.44036200415575877,0.006016001862008125,165.15020100632682,5.1033929994446225,0.1337529974989593,24.953314001322724,0.044029991840943694,11.18008100456791,10.4667419946054,0.0977870004135184,0.6155520095489919,3.6883920038235374,0.6997730015427805,0.0041919920477084816,1.7856080012279563,7,0,7,0,0,,,,,,,,,,,,,,
rsg_object_detection,dropped_oldest,720,rsg_20260806_51_154879999_000720,dropped,True,fifo_cached_frame,721,74,0,645,74,0,1,0.0,43.95809300331166,frame_fifo_full,,,,,,,,,,,,,,,,,,,,,,,,,,,,,,,,,,,,,,,,,,,,,,,,,,,,,,,,
rsg_object_detection,dropped_oldest,721,rsg_20260806_51_204880000_000721,dropped,True,fifo_cached_frame,722,74,0,646,74,0,1,0.0,44.70071100513451,frame_fifo_full,,,,,,,,,,,,,,,,,,,,,,,,,,,,,,,,,,,,,,,,,,,,,,,,,,,,,,,,
rsg_object_detection,dropped_oldest,722,rsg_20260806_51_254880000_000722,dropped,True,fifo_cached_frame,723,74,0,647,74,0,1,0.0,106.84215199580649,frame_fifo_full,,,,,,,,,,,,,,,,,,,,,,,,,,,,,,,,,,,,,,,,,,,,,,,,,,,,,,,,
rsg_object_detection,dropped_oldest,723,rsg_20260806_51_354880000_000723,dropped,True,fifo_cached_frame,724,74,0,648,74,0,1,0.0,52.769684996746946,frame_fifo_full,,,,,,,,,,,,,,,,,,,,,,,,,,,,,,,,,,,,,,,,,,,,,,,,,,,,,,,,
rsg_object_detection,dropped_oldest,724,rsg_20260806_51_404879999_000724,dropped,True,fifo_cached_frame,725,74,0,649,74,0,1,0.0,93.34637800202472,frame_fifo_full,,,,,,,,,,,,,,,,,,,,,,,,,,,,,,,,,,,,,,,,,,,,,,,,,,,,,,,,
rsg_object_detection,dropped_oldest,725,rsg_20260806_51_504880000_000725,dropped,True,fifo_cached_frame,726,74,0,650,74,0,1,0.0,58.796871002414264,frame_fifo_full,,,,,,,,,,,,,,,,,,,,,,,,,,,,,,,,,,,,,,,,,,,,,,,,,,,,,,,,
rsg_object_detection,dropped_oldest,726,rsg_20260806_51_554879999_000726,dropped,True,fifo_cached_frame,727,74,0,651,74,0,1,0.0,41.79484100313857,frame_fifo_full,,,,,,,,,,,,,,,,,,,,,,,,,,,,,,,,,,,,,,,,,,,,,,,,,,,,,,,,
rsg_object_detection,dropped_oldest,727,rsg_20260806_51_604880000_000727,dropped,True,fifo_cached_frame,728,74,0,652,74,0,1,0.0,45.65442399325548,frame_fifo_full,,,,,,,,,,,,,,,,,,,,,,,,,,,,,,,,,,,,,,,,,,,,,,,,,,,,,,,,
rsg_object_detection,frame_trace,719,rsg_20260806_51_104880000_000719,sent_to_hydra,,,,,,,,,,,602.6478519997909,ok,9.348428997327574,565.8789360022638,25.775385001907125,0.1533050017314963,25.62208000017563,0.0019840008462779224,0.9778069943422452,0.2650110036483966,378.0702040021424,13.175214000511914,0.00787099270382896,391.51829999900656,77.92897000035737,15.640851001080591,4.20999700872926,42.57572899950901,14.832859014859423,59.12379900109954,3.806177992373705,0.56880201009335,0.2983879967359826,1.3149419974070042,0.47114499466260895,0.0053440016927197576,143.53468699846417,5.530572001589462,0.12620099732885137,24.14970599784283,0.04166301368968561,5.018340998503845,4.385348998766858,0.10306699550710618,0.5299250042298809,3.71136700414354,0.6143050050013699,0.0044159896788187325,1.6431179974460974,7,0,7,0,0,,,,,,,,,,,,,,
rsg_object_detection,dropped_oldest,729,rsg_20260806_51_754880000_000729,dropped,True,fifo_cached_frame,730,75,0,653,75,0,1,0.0,37.89189999952214,frame_fifo_full,,,,,,,,,,,,,,,,,,,,,,,,,,,,,,,,,,,,,,,,,,,,,,,,,,,,,,,,
rsg_object_detection,dropped_oldest,730,rsg_20260806_51_804879999_000730,dropped,True,fifo_cached_frame,731,75,0,654,75,0,1,0.0,50.598367997736204,frame_fifo_full,,,,,,,,,,,,,,,,,,,,,,,,,,,,,,,,,,,,,,,,,,,,,,,,,,,,,,,,
rsg_object_detection,dropped_oldest,731,rsg_20260806_51_854880000_000731,dropped,True,fifo_cached_frame,732,75,0,655,75,0,1,0.0,54.43011299939826,frame_fifo_full,,,,,,,,,,,,,,,,,,,,,,,,,,,,,,,,,,,,,,,,,,,,,,,,,,,,,,,,
rsg_object_detection,dropped_oldest,732,rsg_20260806_51_904879999_000732,dropped,True,fifo_cached_frame,733,75,0,656,75,0,1,0.0,47.56383199855918,frame_fifo_full,,,,,,,,,,,,,,,,,,,,,,,,,,,,,,,,,,,,,,,,,,,,,,,,,,,,,,,,
rsg_object_detection,dropped_oldest,733,rsg_20260806_51_954880000_000733,dropped,True,fifo_cached_frame,734,75,0,657,75,0,1,0.0,48.67398500209674,frame_fifo_full,,,,,,,,,,,,,,,,,,,,,,,,,,,,,,,,,,,,,,,,,,,,,,,,,,,,,,,,
rsg_object_detection,dropped_oldest,734,rsg_20260806_52_004879999_000734,dropped,True,fifo_cached_frame,735,75,0,658,75,0,1,0.0,51.26345600001514,frame_fifo_full,,,,,,,,,,,,,,,,,,,,,,,,,,,,,,,,,,,,,,,,,,,,,,,,,,,,,,,,
rsg_object_detection,dropped_oldest,735,rsg_20260806_52_054879999_000735,dropped,True,fifo_cached_frame,736,75,0,659,75,0,1,0.0,49.19674599659629,frame_fifo_full,,,,,,,,,,,,,,,,,,,,,,,,,,,,,,,,,,,,,,,,,,,,,,,,,,,,,,,,
rsg_object_detection,dropped_oldest,736,rsg_20260806_52_104880000_000736,dropped,True,fifo_cached_frame,737,75,0,660,75,0,1,0.0,54.070263999165036,frame_fifo_full,,,,,,,,,,,,,,,,,,,,,,,,,,,,,,,,,,,,,,,,,,,,,,,,,,,,,,,,
rsg_object_detection,dropped_oldest,737,rsg_20260806_52_154879999_000737,dropped,True,fifo_cached_frame,738,75,0,661,75,0,1,0.0,48.53930699755438,frame_fifo_full,,,,,,,,,,,,,,,,,,,,,,,,,,,,,,,,,,,,,,,,,,,,,,,,,,,,,,,,
rsg_object_detection,dropped_oldest,738,rsg_20260806_52_204880000_000738,dropped,True,fifo_cached_frame,739,75,0,662,75,0,1,0.0,61.21041900041746,frame_fifo_full,,,,,,,,,,,,,,,,,,,,,,,,,,,,,,,,,,,,,,,,,,,,,,,,,,,,,,,,
rsg_object_detection,dropped_oldest,739,rsg_20260806_52_254880000_000739,dropped,True,fifo_cached_frame,740,75,0,663,75,0,1,0.0,48.18143799639074,frame_fifo_full,,,,,,,,,,,,,,,,,,,,,,,,,,,,,,,,,,,,,,,,,,,,,,,,,,,,,,,,
rsg_object_detection,dropped_oldest,740,rsg_20260806_52_304879999_000740,dropped,True,fifo_cached_frame,741,75,0,664,75,0,1,0.0,38.58127599960426,frame_fifo_full,,,,,,,,,,,,,,,,,,,,,,,,,,,,,,,,,,,,,,,,,,,,,,,,,,,,,,,,
rsg_object_detection,dropped_oldest,741,rsg_20260806_52_354880000_000741,dropped,True,fifo_cached_frame,742,75,0,665,76,0,1,0.0,66.17833199561574,frame_fifo_full,,,,,,,,,,,,,,,,,,,,,,,,,,,,,,,,,,,,,,,,,,,,,,,,,,,,,,,,
rsg_object_detection,frame_trace,728,rsg_20260806_51_654879999_000728,sent_to_hydra,,,,,,,,,,,748.921374004567,ok,10.60667099955026,663.7948079951457,72.78657300048508,0.1388730015605688,72.64769999892451,0.0032960015232674778,1.9525739990058355,0.4840399997192435,462.1887009998318,22.130992001621053,0.009087998478207737,484.8128209996503,72.08866098517319,14.717471989570186,23.752670997055247,20.168370014289394,12.871836996055208,71.57995099987602,3.29199500993127,1.1454479899839498,0.2966250176541507,1.1652859975583851,0.10834699787665159,0.005727000825572759,149.69723900139797,2.737720002187416,0.12642599904211238,24.426110998319928,0.041916995542123914,6.150989000161644,5.5134849972091615,0.08959599654190242,0.5479080064105801,3.8535359999514185,0.5973459992674179,0.004800000169780105,1.7300260078627616,7,0,7,0,0,,,,,,,,,,,,,,
rsg_object_detection,dropped_oldest,743,rsg_20260806_52_454880000_000743,dropped,True,fifo_cached_frame,744,76,0,666,76,0,1,0.0,98.21689399541356,frame_fifo_full,,,,,,,,,,,,,,,,,,,,,,,,,,,,,,,,,,,,,,,,,,,,,,,,,,,,,,,,
rsg_object_detection,dropped_oldest,744,rsg_20260806_52_554879999_000744,dropped,True,fifo_cached_frame,745,76,0,667,76,0,1,0.0,70.62159899942344,frame_fifo_full,,,,,,,,,,,,,,,,,,,,,,,,,,,,,,,,,,,,,,,,,,,,,,,,,,,,,,,,
rsg_object_detection,dropped_oldest,745,rsg_20260806_52_604880000_000745,dropped,True,fifo_cached_frame,746,76,0,668,76,0,1,0.0,34.37195000151405,frame_fifo_full,,,,,,,,,,,,,,,,,,,,,,,,,,,,,,,,,,,,,,,,,,,,,,,,,,,,,,,,
rsg_object_detection,dropped_oldest,746,rsg_20260806_52_654879999_000746,dropped,True,fifo_cached_frame,747,76,0,669,76,0,1,0.0,45.644379999430384,frame_fifo_full,,,,,,,,,,,,,,,,,,,,,,,,,,,,,,,,,,,,,,,,,,,,,,,,,,,,,,,,
rsg_object_detection,dropped_oldest,747,rsg_20260806_52_704880000_000747,dropped,True,fifo_cached_frame,748,76,0,670,76,0,1,0.0,60.71134100056952,frame_fifo_full,,,,,,,,,,,,,,,,,,,,,,,,,,,,,,,,,,,,,,,,,,,,,,,,,,,,,,,,
rsg_object_detection,dropped_oldest,748,rsg_20260806_52_754880000_000748,dropped,True,fifo_cached_frame,749,76,0,671,76,0,1,0.0,38.41398900112836,frame_fifo_full,,,,,,,,,,,,,,,,,,,,,,,,,,,,,,,,,,,,,,,,,,,,,,,,,,,,,,,,
rsg_object_detection,dropped_oldest,749,rsg_20260806_52_804879999_000749,dropped,True,fifo_cached_frame,750,76,0,672,76,0,1,0.0,140.16693099983968,frame_fifo_full,,,,,,,,,,,,,,,,,,,,,,,,,,,,,,,,,,,,,,,,,,,,,,,,,,,,,,,,
rsg_object_detection,dropped_oldest,750,rsg_20260806_52_854880000_000750,dropped,True,fifo_cached_frame,751,76,0,673,76,0,1,0.0,7.160410998039879,frame_fifo_full,,,,,,,,,,,,,,,,,,,,,,,,,,,,,,,,,,,,,,,,,,,,,,,,,,,,,,,,
rsg_object_detection,dropped_oldest,751,rsg_20260806_52_904879999_000751,dropped,True,fifo_cached_frame,752,76,0,674,76,0,1,0.0,12.40498200058937,frame_fifo_full,,,,,,,,,,,,,,,,,,,,,,,,,,,,,,,,,,,,,,,,,,,,,,,,,,,,,,,,
rsg_object_detection,frame_trace,742,rsg_20260806_52_404879999_000742,sent_to_hydra,,,,,,,,,,,544.8583670004155,ok,18.75583299988648,519.8655979984323,4.159823998634238,0.21438900148496032,3.9454349971492775,0.0032320022000931203,1.5756659995531663,0.20031000167364255,353.31959800532786,19.791748993156943,0.08156400144798681,373.39322100160643,49.60930399829522,20.902828007820062,4.354726006567944,11.394438988645561,12.312284001382068,52.4486810027156,4.33178501407383,0.7222680069389753,0.38868197589181364,1.4115140002104454,0.4199149989290163,0.004798996087629348,109.35265900479862,4.35875899711391,0.16616799985058606,30.9761839962448,0.04294099926482886,9.93774500238942,9.21768399712164,0.12677799531957135,0.5932830099482089,8.12986699747853,0.6844780000392348,0.0037429999792948365,2.073880001262296,7,0,7,0,0,,,,,,,,,,,,,,
rsg_object_detection,dropped_oldest,753,rsg_20260806_53_004879999_000753,dropped,True,fifo_cached_frame,754,77,0,675,77,0,1,0.0,38.706901999830734,frame_fifo_full,,,,,,,,,,,,,,,,,,,,,,,,,,,,,,,,,,,,,,,,,,,,,,,,,,,,,,,,
rsg_object_detection,dropped_oldest,754,rsg_20260806_53_054879999_000754,dropped,True,fifo_cached_frame,755,77,0,676,77,0,1,0.0,51.944933002232574,frame_fifo_full,,,,,,,,,,,,,,,,,,,,,,,,,,,,,,,,,,,,,,,,,,,,,,,,,,,,,,,,
rsg_object_detection,dropped_oldest,755,rsg_20260806_53_104880000_000755,dropped,True,fifo_cached_frame,756,77,0,677,77,0,1,0.0,48.98879399843281,frame_fifo_full,,,,,,,,,,,,,,,,,,,,,,,,,,,,,,,,,,,,,,,,,,,,,,,,,,,,,,,,
rsg_object_detection,dropped_oldest,756,rsg_20260806_53_154879999_000756,dropped,True,fifo_cached_frame,757,77,0,678,77,0,1,0.0,50.20905299898004,frame_fifo_full,,,,,,,,,,,,,,,,,,,,,,,,,,,,,,,,,,,,,,,,,,,,,,,,,,,,,,,,
rsg_object_detection,dropped_oldest,757,rsg_20260806_53_204880000_000757,dropped,True,fifo_cached_frame,758,77,0,679,77,0,1,0.0,50.82310299621895,frame_fifo_full,,,,,,,,,,,,,,,,,,,,,,,,,,,,,,,,,,,,,,,,,,,,,,,,,,,,,,,,
rsg_object_detection,dropped_oldest,758,rsg_20260806_53_254880000_000758,dropped,True,fifo_cached_frame,759,77,0,680,77,0,1,0.0,50.32898199715419,frame_fifo_full,,,,,,,,,,,,,,,,,,,,,,,,,,,,,,,,,,,,,,,,,,,,,,,,,,,,,,,,
rsg_object_detection,dropped_oldest,759,rsg_20260806_53_304879999_000759,dropped,True,fifo_cached_frame,760,77,0,681,77,0,1,0.0,52.39227199490415,frame_fifo_full,,,,,,,,,,,,,,,,,,,,,,,,,,,,,,,,,,,,,,,,,,,,,,,,,,,,,,,,
rsg_object_detection,dropped_oldest,760,rsg_20260806_53_354880000_000760,dropped,True,fifo_cached_frame,761,77,0,682,77,0,1,0.0,60.33241999830352,frame_fifo_full,,,,,,,,,,,,,,,,,,,,,,,,,,,,,,,,,,,,,,,,,,,,,,,,,,,,,,,,
rsg_object_detection,dropped_oldest,761,rsg_20260806_53_404879999_000761,dropped,True,fifo_cached_frame,762,77,0,683,77,0,1,0.0,45.46116100391373,frame_fifo_full,,,,,,,,,,,,,,,,,,,,,,,,,,,,,,,,,,,,,,,,,,,,,,,,,,,,,,,,
rsg_object_detection,dropped_oldest,762,rsg_20260806_53_454880000_000762,dropped,True,fifo_cached_frame,763,77,0,684,77,0,1,0.0,44.31008200481301,frame_fifo_full,,,,,,,,,,,,,,,,,,,,,,,,,,,,,,,,,,,,,,,,,,,,,,,,,,,,,,,,
rsg_object_detection,dropped_oldest,763,rsg_20260806_53_504880000_000763,dropped,True,fifo_cached_frame,764,77,0,685,77,0,1,0.0,55.961887002922595,frame_fifo_full,,,,,,,,,,,,,,,,,,,,,,,,,,,,,,,,,,,,,,,,,,,,,,,,,,,,,,,,
rsg_object_detection,dropped_oldest,764,rsg_20260806_53_554879999_000764,dropped,True,fifo_cached_frame,765,77,0,686,77,0,1,0.0,69.90660099836532,frame_fifo_full,,,,,,,,,,,,,,,,,,,,,,,,,,,,,,,,,,,,,,,,,,,,,,,,,,,,,,,,
rsg_object_detection,frame_trace,752,rsg_20260806_52_954880000_000752,sent_to_hydra,,,,,,,,,,,684.504028999072,ok,21.430932996736374,637.7451429943903,23.41211200109683,0.1328250000369735,23.279287001059856,0.0032960015232674778,1.5071250018081628,1.0673069991753437,376.03266700170934,15.342757003963925,0.008797993359621614,392.45152899820823,141.83633299398934,45.065758014970925,4.370725997432601,79.16671499697259,12.691721007286105,50.5889380001463,5.147392010258045,1.0543480020714924,0.387114989280235,1.8010939966188744,0.318575999699533,0.005599998985417187,201.15907499712193,6.16206099948613,0.16690399934304878,36.24974700505845,0.048701993364375085,14.779839999391697,14.071811994654126,0.11752999853342772,0.5904980062041432,5.786528003227431,0.8592529993620701,0.005311994755174965,1.912545005325228,8,0,8,0,0,,,,,,,,,,,,,,
rsg_object_detection,dropped_oldest,766,rsg_20260806_53_654879999_000766,dropped,True,fifo_cached_frame,767,78,0,687,78,0,1,0.0,34.1785870041349,frame_fifo_full,,,,,,,,,,,,,,,,,,,,,,,,,,,,,,,,,,,,,,,,,,,,,,,,,,,,,,,,
rsg_object_detection,dropped_oldest,767,rsg_20260806_53_704880000_000767,dropped,True,fifo_cached_frame,768,78,0,688,78,0,1,0.0,48.53819200070575,frame_fifo_full,,,,,,,,,,,,,,,,,,,,,,,,,,,,,,,,,,,,,,,,,,,,,,,,,,,,,,,,
rsg_object_detection,dropped_oldest,768,rsg_20260806_53_754880000_000768,dropped,True,fifo_cached_frame,769,78,0,689,78,0,1,0.0,51.319525999133475,frame_fifo_full,,,,,,,,,,,,,,,,,,,,,,,,,,,,,,,,,,,,,,,,,,,,,,,,,,,,,,,,
rsg_object_detection,dropped_oldest,769,rsg_20260806_53_804879999_000769,dropped,True,fifo_cached_frame,770,78,0,690,78,0,1,0.0,48.475346993654966,frame_fifo_full,,,,,,,,,,,,,,,,,,,,,,,,,,,,,,,,,,,,,,,,,,,,,,,,,,,,,,,,
rsg_object_detection,dropped_oldest,770,rsg_20260806_53_854880000_000770,dropped,True,fifo_cached_frame,771,78,0,691,78,0,1,0.0,53.947521999361925,frame_fifo_full,,,,,,,,,,,,,,,,,,,,,,,,,,,,,,,,,,,,,,,,,,,,,,,,,,,,,,,,
rsg_object_detection,dropped_oldest,771,rsg_20260806_53_904879999_000771,dropped,True,fifo_cached_frame,772,78,0,692,78,0,1,0.0,46.91580900544068,frame_fifo_full,,,,,,,,,,,,,,,,,,,,,,,,,,,,,,,,,,,,,,,,,,,,,,,,,,,,,,,,
rsg_object_detection,dropped_oldest,772,rsg_20260806_53_954880000_000772,dropped,True,fifo_cached_frame,773,78,0,693,78,0,1,0.0,50.55850699864095,frame_fifo_full,,,,,,,,,,,,,,,,,,,,,,,,,,,,,,,,,,,,,,,,,,,,,,,,,,,,,,,,
rsg_object_detection,dropped_oldest,773,rsg_20260806_54_004879999_000773,dropped,True,fifo_cached_frame,774,78,0,694,78,0,1,0.0,48.35762500442797,frame_fifo_full,,,,,,,,,,,,,,,,,,,,,,,,,,,,,,,,,,,,,,,,,,,,,,,,,,,,,,,,
rsg_object_detection,dropped_oldest,774,rsg_20260806_54_054879999_000774,dropped,True,fifo_cached_frame,775,78,0,695,78,0,1,0.0,230.44649900111835,frame_fifo_full,,,,,,,,,,,,,,,,,,,,,,,,,,,,,,,,,,,,,,,,,,,,,,,,,,,,,,,,
rsg_object_detection,dropped_oldest,775,rsg_20260806_54_154879999_000775,dropped,True,fifo_cached_frame,776,78,0,696,78,0,1,0.0,5.763137996837031,frame_fifo_full,,,,,,,,,,,,,,,,,,,,,,,,,,,,,,,,,,,,,,,,,,,,,,,,,,,,,,,,
rsg_object_detection,dropped_oldest,776,rsg_20260806_54_254880000_000776,dropped,True,fifo_cached_frame,777,78,0,697,79,0,1,0.0,31.091958997421898,frame_fifo_full,,,,,,,,,,,,,,,,,,,,,,,,,,,,,,,,,,,,,,,,,,,,,,,,,,,,,,,,
rsg_object_detection,frame_trace,765,rsg_20260806_53_604880000_000765,sent_to_hydra,,,,,,,,,,,669.5331869996153,ok,14.515374998154584,615.8429299975978,37.45205500308657,0.35710200609173626,37.094952996994834,0.002368004061281681,5.666949997248594,0.27041800058213994,423.7907470014761,24.64821499597747,0.007456001185346395,448.7168359992211,56.619076000060886,18.709021001996007,5.123361996083986,13.948426996648777,18.117565996362828,59.786181001982186,5.273240982205607,0.4507939956965856,0.44141701800981537,1.5337160002673045,0.4937349949614145,0.004800000169780105,124.62007899739547,7.76713399682194,0.1515120020485483,28.876868993393146,0.04355001146905124,10.236931004328653,9.67887900333153,0.09993099956773221,0.45812100142939016,3.598700997827109,0.675358998705633,0.004383997293189168,1.7204589967150241,8,0,8,0,0,,,,,,,,,,,,,,
rsg_object_detection,dropped_oldest,778,rsg_20260806_54_404879999_000778,dropped,True,fifo_cached_frame,779,79,0,698,79,0,1,0.0,72.24844199663494,frame_fifo_full,,,,,,,,,,,,,,,,,,,,,,,,,,,,,,,,,,,,,,,,,,,,,,,,,,,,,,,,
rsg_object_detection,dropped_oldest,779,rsg_20260806_54_454880000_000779,dropped,True,fifo_cached_frame,780,79,0,699,79,0,1,0.0,29.50528600194957,frame_fifo_full,,,,,,,,,,,,,,,,,,,,,,,,,,,,,,,,,,,,,,,,,,,,,,,,,,,,,,,,
rsg_object_detection,dropped_oldest,780,rsg_20260806_54_504880000_000780,dropped,True,fifo_cached_frame,781,79,0,700,79,0,1,0.0,53.6295269994298,frame_fifo_full,,,,,,,,,,,,,,,,,,,,,,,,,,,,,,,,,,,,,,,,,,,,,,,,,,,,,,,,
rsg_object_detection,dropped_oldest,781,rsg_20260806_54_554879999_000781,dropped,True,fifo_cached_frame,782,79,0,701,79,0,1,0.0,47.32670399971539,frame_fifo_full,,,,,,,,,,,,,,,,,,,,,,,,,,,,,,,,,,,,,,,,,,,,,,,,,,,,,,,,
rsg_object_detection,dropped_oldest,782,rsg_20260806_54_604880000_000782,dropped,True,fifo_cached_frame,783,79,0,702,79,0,1,0.0,99.55754799739225,frame_fifo_full,,,,,,,,,,,,,,,,,,,,,,,,,,,,,,,,,,,,,,,,,,,,,,,,,,,,,,,,
rsg_object_detection,dropped_oldest,783,rsg_20260806_54_704880000_000783,dropped,True,fifo_cached_frame,784,79,0,703,79,0,1,0.0,51.67154400260188,frame_fifo_full,,,,,,,,,,,,,,,,,,,,,,,,,,,,,,,,,,,,,,,,,,,,,,,,,,,,,,,,
rsg_object_detection,dropped_oldest,784,rsg_20260806_54_754880000_000784,dropped,True,fifo_cached_frame,785,79,0,704,79,0,1,0.0,76.40253900171956,frame_fifo_full,,,,,,,,,,,,,,,,,,,,,,,,,,,,,,,,,,,,,,,,,,,,,,,,,,,,,,,,
rsg_object_detection,dropped_oldest,785,rsg_20260806_54_804879999_000785,dropped,True,fifo_cached_frame,786,79,0,705,79,0,1,0.0,71.06645300518721,frame_fifo_full,,,,,,,,,,,,,,,,,,,,,,,,,,,,,,,,,,,,,,,,,,,,,,,,,,,,,,,,
rsg_object_detection,dropped_oldest,786,rsg_20260806_54_854880000_000786,dropped,True,fifo_cached_frame,787,79,0,706,79,0,1,0.0,3.501490005874075,frame_fifo_full,,,,,,,,,,,,,,,,,,,,,,,,,,,,,,,,,,,,,,,,,,,,,,,,,,,,,,,,
rsg_object_detection,dropped_oldest,787,rsg_20260806_54_904879999_000787,dropped,True,fifo_cached_frame,788,79,0,707,79,0,1,0.0,47.56662800355116,frame_fifo_full,,,,,,,,,,,,,,,,,,,,,,,,,,,,,,,,,,,,,,,,,,,,,,,,,,,,,,,,
rsg_object_detection,frame_trace,777,rsg_20260806_54_304879999_000777,sent_to_hydra,,,,,,,,,,,647.0381170001929,ok,11.674395005684346,629.780862996995,3.8503369942191057,0.14216899580787867,3.708167998411227,0.003711997123900801,1.6787319982540794,0.209525998798199,402.5335640035337,27.346801005478483,0.007103990355972201,430.09699499816634,82.86823399976129,23.571372003061697,5.292120993544813,34.46712101867888,18.806840991601348,76.4254180030548,4.052470008900855,0.6150400004116818,0.3190269853803329,1.3139190050424077,0.3327509984956123,0.004896006430499256,165.9480739981518,3.272572997957468,0.14754500443814322,28.594546995009296,0.04239700501784682,6.296422994637396,5.662663003022317,0.09945100464392453,0.5343089869711548,4.68869500036817,0.6846379983471707,0.004639012331608683,1.7288100061705336,8,0,7,0,0,,,,,,,,,,,,,,
rsg_object_detection,dropped_oldest,789,rsg_20260806_55_104880000_000789,dropped,True,fifo_cached_frame,790,80,0,708,80,0,1,0.0,37.897992006037384,frame_fifo_full,,,,,,,,,,,,,,,,,,,,,,,,,,,,,,,,,,,,,,,,,,,,,,,,,,,,,,,,
rsg_object_detection,dropped_oldest,790,rsg_20260806_55_154879999_000790,dropped,True,fifo_cached_frame,791,80,0,709,80,0,1,0.0,49.4825369969476,frame_fifo_full,,,,,,,,,,,,,,,,,,,,,,,,,,,,,,,,,,,,,,,,,,,,,,,,,,,,,,,,
rsg_object_detection,dropped_oldest,791,rsg_20260806_55_204880000_000791,dropped,True,fifo_cached_frame,792,80,0,710,80,0,1,0.0,53.95412399957422,frame_fifo_full,,,,,,,,,,,,,,,,,,,,,,,,,,,,,,,,,,,,,,,,,,,,,,,,,,,,,,,,
rsg_object_detection,dropped_oldest,792,rsg_20260806_55_254880000_000792,dropped,True,fifo_cached_frame,793,80,0,711,80,0,1,0.0,47.55290500179399,frame_fifo_full,,,,,,,,,,,,,,,,,,,,,,,,,,,,,,,,,,,,,,,,,,,,,,,,,,,,,,,,
rsg_object_detection,dropped_oldest,793,rsg_20260806_55_304879999_000793,dropped,True,fifo_cached_frame,794,80,0,712,80,0,1,0.0,51.222258000052534,frame_fifo_full,,,,,,,,,,,,,,,,,,,,,,,,,,,,,,,,,,,,,,,,,,,,,,,,,,,,,,,,
rsg_object_detection,dropped_oldest,794,rsg_20260806_55_354880000_000794,dropped,True,fifo_cached_frame,795,80,0,713,80,0,1,0.0,58.26350999996066,frame_fifo_full,,,,,,,,,,,,,,,,,,,,,,,,,,,,,,,,,,,,,,,,,,,,,,,,,,,,,,,,
rsg_object_detection,dropped_oldest,795,rsg_20260806_55_404879999_000795,dropped,True,fifo_cached_frame,796,80,0,714,80,0,1,0.0,65.48948700219626,frame_fifo_full,,,,,,,,,,,,,,,,,,,,,,,,,,,,,,,,,,,,,,,,,,,,,,,,,,,,,,,,
rsg_object_detection,dropped_oldest,796,rsg_20260806_55_454880000_000796,dropped,True,fifo_cached_frame,797,80,0,715,80,0,1,0.0,61.45461500273086,frame_fifo_full,,,,,,,,,,,,,,,,,,,,,,,,,,,,,,,,,,,,,,,,,,,,,,,,,,,,,,,,
rsg_object_detection,dropped_oldest,797,rsg_20260806_55_504880000_000797,dropped,True,fifo_cached_frame,798,80,0,716,80,0,1,0.0,30.32953599904431,frame_fifo_full,,,,,,,,,,,,,,,,,,,,,,,,,,,,,,,,,,,,,,,,,,,,,,,,,,,,,,,,
rsg_object_detection,dropped_oldest,798,rsg_20260806_55_554879999_000798,dropped,True,fifo_cached_frame,799,80,0,717,80,0,1,0.0,58.63577899435768,frame_fifo_full,,,,,,,,,,,,,,,,,,,,,,,,,,,,,,,,,,,,,,,,,,,,,,,,,,,,,,,,
rsg_object_detection,dropped_oldest,799,rsg_20260806_55_604880000_000799,dropped,True,fifo_cached_frame,800,80,0,718,81,0,1,0.0,31.427977002749685,frame_fifo_full,,,,,,,,,,,,,,,,,,,,,,,,,,,,,,,,,,,,,,,,,,,,,,,,,,,,,,,,
rsg_object_detection,frame_trace,788,rsg_20260806_54_954880000_000788,sent_to_hydra,,,,,,,,,,,685.9939249989111,ok,13.476930995238945,640.4919300039182,30.364730999281164,0.13612100156024098,30.228609997720923,0.0021759988158009946,1.1024089981219731,0.18063099560094997,412.7441560049192,26.418786001158878,0.00627199187874794,439.3498449935578,76.47316599468468,21.33126101398375,5.240508005954325,31.581375013047364,17.255402010050602,78.2760850052,3.895455003657844,1.1839100043289363,0.3416779945837334,1.3199979948694818,0.29713700496358797,0.0068160006776452065,161.81107699958375,9.691646999272052,0.13426499936031178,28.357857001537923,0.04483001248445362,8.946020003349986,8.318946995132137,0.10780300362966955,0.5192700045881793,3.8307859940687194,0.6953249976504594,0.004800000169780105,1.6581570016569458,8,0,8,0,0,,,,,,,,,,,,,,
rsg_object_detection,dropped_oldest,801,rsg_20260806_55_704880000_000801,dropped,True,fifo_cached_frame,802,81,0,719,81,0,1,0.0,39.72935599449556,frame_fifo_full,,,,,,,,,,,,,,,,,,,,,,,,,,,,,,,,,,,,,,,,,,,,,,,,,,,,,,,,
rsg_object_detection,dropped_oldest,802,rsg_20260806_55_754880000_000802,dropped,True,fifo_cached_frame,803,81,0,720,81,0,1,0.0,53.35767300130101,frame_fifo_full,,,,,,,,,,,,,,,,,,,,,,,,,,,,,,,,,,,,,,,,,,,,,,,,,,,,,,,,
rsg_object_detection,dropped_oldest,803,rsg_20260806_55_804879999_000803,dropped,True,fifo_cached_frame,804,81,0,721,81,0,1,0.0,58.13250799837988,frame_fifo_full,,,,,,,,,,,,,,,,,,,,,,,,,,,,,,,,,,,,,,,,,,,,,,,,,,,,,,,,
rsg_object_detection,dropped_oldest,804,rsg_20260806_55_854880000_000804,dropped,True,fifo_cached_frame,805,81,0,722,81,0,1,0.0,41.51457999978447,frame_fifo_full,,,,,,,,,,,,,,,,,,,,,,,,,,,,,,,,,,,,,,,,,,,,,,,,,,,,,,,,
rsg_object_detection,dropped_oldest,805,rsg_20260806_55_904879999_000805,dropped,True,fifo_cached_frame,806,81,0,723,81,0,1,0.0,55.054549004125874,frame_fifo_full,,,,,,,,,,,,,,,,,,,,,,,,,,,,,,,,,,,,,,,,,,,,,,,,,,,,,,,,
rsg_object_detection,dropped_oldest,806,rsg_20260806_55_954880000_000806,dropped,True,fifo_cached_frame,807,81,0,724,81,0,1,0.0,55.18986999959452,frame_fifo_full,,,,,,,,,,,,,,,,,,,,,,,,,,,,,,,,,,,,,,,,,,,,,,,,,,,,,,,,
rsg_object_detection,,243,rsg_20260806_23_904879999_000243,vlm_done,,,,,,,,,,,,ok,,,,,,,,,,,,,,,,,,,,,,,,,,,,,,,,,,,,,,,,,,,rsg_obj_000003,rsg_unknown_rsg_20260806_23_904879999_000243_000_nanosam_001,,,22,0.6477618127047867,sign,0.97,static,0.99,7066.21820100554,31564.29193600343,qwen_http,Qwen3-VL-8B-Instruct-GGUF
rsg_object_detection,completed,243,rsg_20260806_23_904879999_000243,,,,,,,,,,,24498.07219899958,,vlm_done,,,,,,,,,,,,,,,,,,,,,,,,,,,,,,,,,,,,,,,,,,,rsg_obj_000003,rsg_unknown_rsg_20260806_23_904879999_000243_000_nanosam_001,23,300,22,0.6477618127047867,,,,,,,,
rsg_object_detection,dropped_oldest,807,rsg_20260806_56_004879999_000807,dropped,True,fifo_cached_frame,808,81,0,725,81,0,1,0.0,111.06764699798077,frame_fifo_full,,,,,,,,,,,,,,,,,,,,,,,,,,,,,,,,,,,,,,,,,,,,,,,,,,,,,,,,
rsg_object_detection,dequeued,243,rsg_20260806_23_904879999_000243,,,,,,,,,,,31671.077250000963,,fifo_order,,,,,,,,,,,,,,,,,,,,,,,,,,,,,,,,,,,,,,,,,,,rsg_obj_000008,rsg_unknown_rsg_20260806_23_904879999_000243_007_nanosam_008,22,300,21,0.6466382768236865,,,,,,,,
rsg_object_detection,dropped_oldest,808,rsg_20260806_56_104880000_000808,dropped,True,fifo_cached_frame,809,81,0,726,81,0,1,0.0,52.48015300458064,frame_fifo_full,,,,,,,,,,,,,,,,,,,,,,,,,,,,,,,,,,,,,,,,,,,,,,,,,,,,,,,,
rsg_object_detection,dropped_oldest,809,rsg_20260806_56_154879999_000809,dropped,True,fifo_cached_frame,810,81,0,727,81,0,1,0.0,33.070810000936035,frame_fifo_full,,,,,,,,,,,,,,,,,,,,,,,,,,,,,,,,,,,,,,,,,,,,,,,,,,,,,,,,
rsg_object_detection,dropped_oldest,810,rsg_20260806_56_204880000_000810,dropped,True,fifo_cached_frame,811,81,0,728,81,0,1,0.0,52.6696160013671,frame_fifo_full,,,,,,,,,,,,,,,,,,,,,,,,,,,,,,,,,,,,,,,,,,,,,,,,,,,,,,,,
rsg_object_detection,frame_trace,800,rsg_20260806_55_654879999_000800,sent_to_hydra,,,,,,,,,,,616.1838800035184,ok,9.571622002113145,601.9781200011494,3.1758420009282418,0.14616800035582855,3.029674000572413,0.0032000025385059416,5.166048002138268,0.19202199473511428,365.8086680006818,22.663099996862,0.007231006748043001,388.67102099902695,94.28003299399279,17.804782000894193,3.860994002025109,61.296546991798095,10.680911007511895,68.75259499793174,4.529314996034373,0.9189290067297406,0.3313430061098188,1.5688819985371083,0.4588250012602657,0.005376001354306936,170.86171300616115,6.044469002517872,0.1468399932491593,31.049821998749394,0.03820699930656701,5.134881001140457,4.62146700010635,0.09541899635223672,0.41799500468187034,3.613933004089631,0.8175280017894693,0.005279995093587786,1.4550959967891686,8,0,8,0,0,,,,,,,,,,,,,,
rsg_object_detection,dropped_oldest,812,rsg_20260806_56_404879999_000812,dropped,True,fifo_cached_frame,813,82,0,729,82,0,1,0.0,53.05986800522078,frame_fifo_full,,,,,,,,,,,,,,,,,,,,,,,,,,,,,,,,,,,,,,,,,,,,,,,,,,,,,,,,
rsg_object_detection,dropped_oldest,813,rsg_20260806_56_454880000_000813,dropped,True,fifo_cached_frame,814,82,0,730,82,0,1,0.0,49.30542999500176,frame_fifo_full,,,,,,,,,,,,,,,,,,,,,,,,,,,,,,,,,,,,,,,,,,,,,,,,,,,,,,,,
rsg_object_detection,dropped_oldest,814,rsg_20260806_56_504880000_000814,dropped,True,fifo_cached_frame,815,82,0,731,82,0,1,0.0,50.23683900071774,frame_fifo_full,,,,,,,,,,,,,,,,,,,,,,,,,,,,,,,,,,,,,,,,,,,,,,,,,,,,,,,,
rsg_object_detection,dropped_oldest,815,rsg_20260806_56_554879999_000815,dropped,True,fifo_cached_frame,816,82,0,732,82,0,1,0.0,48.721971004852094,frame_fifo_full,,,,,,,,,,,,,,,,,,,,,,,,,,,,,,,,,,,,,,,,,,,,,,,,,,,,,,,,
rsg_object_detection,dropped_oldest,816,rsg_20260806_56_604880000_000816,dropped,True,fifo_cached_frame,817,82,0,733,82,0,1,0.0,49.44471899943892,frame_fifo_full,,,,,,,,,,,,,,,,,,,,,,,,,,,,,,,,,,,,,,,,,,,,,,,,,,,,,,,,
rsg_object_detection,dropped_oldest,817,rsg_20260806_56_654879999_000817,dropped,True,fifo_cached_frame,818,82,0,734,82,0,1,0.0,52.69732599845156,frame_fifo_full,,,,,,,,,,,,,,,,,,,,,,,,,,,,,,,,,,,,,,,,,,,,,,,,,,,,,,,,
rsg_object_detection,dropped_oldest,818,rsg_20260806_56_704880000_000818,dropped,True,fifo_cached_frame,819,82,0,735,82,0,1,0.0,65.13015000382438,frame_fifo_full,,,,,,,,,,,,,,,,,,,,,,,,,,,,,,,,,,,,,,,,,,,,,,,,,,,,,,,,
rsg_object_detection,dropped_oldest,819,rsg_20260806_56_754880000_000819,dropped,True,fifo_cached_frame,820,82,0,736,82,0,1,0.0,34.987579005246516,frame_fifo_full,,,,,,,,,,,,,,,,,,,,,,,,,,,,,,,,,,,,,,,,,,,,,,,,,,,,,,,,
rsg_object_detection,dropped_oldest,820,rsg_20260806_56_804879999_000820,dropped,True,fifo_cached_frame,821,82,0,737,82,0,1,0.0,89.35058199858759,frame_fifo_full,,,,,,,,,,,,,,,,,,,,,,,,,,,,,,,,,,,,,,,,,,,,,,,,,,,,,,,,
rsg_object_detection,dropped_oldest,821,rsg_20260806_56_854880000_000821,dropped,True,fifo_cached_frame,822,82,0,738,82,0,1,0.0,8.19914599560434,frame_fifo_full,,,,,,,,,,,,,,,,,,,,,,,,,,,,,,,,,,,,,,,,,,,,,,,,,,,,,,,,
rsg_object_detection,dropped_oldest,822,rsg_20260806_56_904879999_000822,dropped,True,fifo_cached_frame,823,82,0,739,82,0,1,0.0,57.68459899991285,frame_fifo_full,,,,,,,,,,,,,,,,,,,,,,,,,,,,,,,,,,,,,,,,,,,,,,,,,,,,,,,,
rsg_object_detection,frame_trace,811,rsg_20260806_56_254880000_000811,sent_to_hydra,,,,,,,,,,,708.8749399990775,ok,16.027270998165477,658.5370489992783,32.29360099794576,0.19829400116577744,32.09530699677998,0.003231994924135506,4.795379005372524,3.7295429938239977,403.6485199976596,24.516898003639653,0.00902399915503338,431.9039849942783,94.47490402089898,19.019155006390065,5.663400996127166,40.27851800492499,28.866313987236936,81.8389539999771,4.75480398745276,1.5938409851514734,0.40171100408770144,1.4690470052300952,0.35716700222110376,0.005278998287394643,184.91240900038974,7.748321004328318,0.1304260003962554,29.00486699945759,0.04166199505561963,10.324160997697618,9.609892003936693,0.08758000330999494,0.6266889904509299,4.5717100001638755,1.126056995417457,0.005343004886526614,2.0137870087637566,8,0,8,0,0,,,,,,,,,,,,,,
rsg_object_detection,dropped_oldest,824,rsg_20260806_57_004879999_000824,dropped,True,fifo_cached_frame,825,83,0,740,83,0,1,0.0,60.28667799546383,frame_fifo_full,,,,,,,,,,,,,,,,,,,,,,,,,,,,,,,,,,,,,,,,,,,,,,,,,,,,,,,,
rsg_object_detection,dropped_oldest,825,rsg_20260806_57_054879999_000825,dropped,True,fifo_cached_frame,826,83,0,741,83,0,1,0.0,39.23095599748194,frame_fifo_full,,,,,,,,,,,,,,,,,,,,,,,,,,,,,,,,,,,,,,,,,,,,,,,,,,,,,,,,
rsg_object_detection,dropped_oldest,826,rsg_20260806_57_104880000_000826,dropped,True,fifo_cached_frame,827,83,0,742,83,0,1,0.0,111.71412400290137,frame_fifo_full,,,,,,,,,,,,,,,,,,,,,,,,,,,,,,,,,,,,,,,,,,,,,,,,,,,,,,,,
rsg_object_detection,dropped_oldest,827,rsg_20260806_57_204880000_000827,dropped,True,fifo_cached_frame,828,83,0,743,83,0,1,0.0,40.92028100421885,frame_fifo_full,,,,,,,,,,,,,,,,,,,,,,,,,,,,,,,,,,,,,,,,,,,,,,,,,,,,,,,,
rsg_object_detection,dropped_oldest,828,rsg_20260806_57_254880000_000828,dropped,True,fifo_cached_frame,829,83,0,744,83,0,1,0.0,48.15041899564676,frame_fifo_full,,,,,,,,,,,,,,,,,,,,,,,,,,,,,,,,,,,,,,,,,,,,,,,,,,,,,,,,
rsg_object_detection,dropped_oldest,829,rsg_20260806_57_304879999_000829,dropped,True,fifo_cached_frame,830,83,0,745,83,0,1,0.0,54.52184900059365,frame_fifo_full,,,,,,,,,,,,,,,,,,,,,,,,,,,,,,,,,,,,,,,,,,,,,,,,,,,,,,,,
rsg_object_detection,dropped_oldest,830,rsg_20260806_57_354880000_000830,dropped,True,fifo_cached_frame,831,83,0,746,83,0,1,0.0,160.91774000233272,frame_fifo_full,,,,,,,,,,,,,,,,,,,,,,,,,,,,,,,,,,,,,,,,,,,,,,,,,,,,,,,,
rsg_object_detection,dropped_oldest,831,rsg_20260806_57_504880000_000831,dropped,True,fifo_cached_frame,832,83,0,747,83,0,1,0.0,58.885217003989965,frame_fifo_full,,,,,,,,,,,,,,,,,,,,,,,,,,,,,,,,,,,,,,,,,,,,,,,,,,,,,,,,
rsg_object_detection,frame_trace,823,rsg_20260806_56_954880000_000823,sent_to_hydra,,,,,,,,,,,629.7099119983613,ok,10.497080998902675,588.9417540020077,28.40646499680588,0.1742309977998957,28.232233999005985,0.0034240001696161926,1.0667949973139912,0.18322300456929952,409.51219399721595,20.76092599600088,0.008127004548441619,430.46447000233456,54.0510560022085,16.90796299953945,4.371145005279686,19.935397991503123,12.17274199007079,60.563436993106734,4.437187002622522,1.021645002765581,0.36439999530557543,2.532706996134948,0.15055200492497534,0.006112000846769661,123.15016700449632,4.981865000445396,0.16677600069670007,29.057026993541513,0.054654003179166466,5.962873001408298,5.335959998774342,0.10175499483011663,0.5251580078038387,3.697257001476828,0.8303590002469718,0.006591995770577341,1.8611880004755221,8,0,8,0,0,,,,,,,,,,,,,,
rsg_object_detection,dropped_oldest,833,rsg_20260806_57_604880000_000833,dropped,True,fifo_cached_frame,834,84,0,748,84,0,1,0.0,41.77121400425676,frame_fifo_full,,,,,,,,,,,,,,,,,,,,,,,,,,,,,,,,,,,,,,,,,,,,,,,,,,,,,,,,
rsg_object_detection,dropped_oldest,834,rsg_20260806_57_654879999_000834,dropped,True,fifo_cached_frame,835,84,0,749,84,0,1,0.0,103.0650480024633,frame_fifo_full,,,,,,,,,,,,,,,,,,,,,,,,,,,,,,,,,,,,,,,,,,,,,,,,,,,,,,,,
rsg_object_detection,dropped_oldest,835,rsg_20260806_57_754880000_000835,dropped,True,fifo_cached_frame,836,84,0,750,84,0,1,0.0,45.77885600156151,frame_fifo_full,,,,,,,,,,,,,,,,,,,,,,,,,,,,,,,,,,,,,,,,,,,,,,,,,,,,,,,,
rsg_object_detection,dropped_oldest,836,rsg_20260806_57_804879999_000836,dropped,True,fifo_cached_frame,837,84,0,751,84,0,1,0.0,61.103858999558724,frame_fifo_full,,,,,,,,,,,,,,,,,,,,,,,,,,,,,,,,,,,,,,,,,,,,,,,,,,,,,,,,
rsg_object_detection,dropped_oldest,837,rsg_20260806_57_854880000_000837,dropped,True,fifo_cached_frame,838,84,0,752,84,0,1,0.0,39.446785995096434,frame_fifo_full,,,,,,,,,,,,,,,,,,,,,,,,,,,,,,,,,,,,,,,,,,,,,,,,,,,,,,,,
rsg_object_detection,dropped_oldest,838,rsg_20260806_57_904879999_000838,dropped,True,fifo_cached_frame,839,84,0,753,84,0,1,0.0,50.92874600086361,frame_fifo_full,,,,,,,,,,,,,,,,,,,,,,,,,,,,,,,,,,,,,,,,,,,,,,,,,,,,,,,,
rsg_object_detection,dropped_oldest,839,rsg_20260806_57_954880000_000839,dropped,True,fifo_cached_frame,840,84,0,754,84,0,1,0.0,51.3366609957302,frame_fifo_full,,,,,,,,,,,,,,,,,,,,,,,,,,,,,,,,,,,,,,,,,,,,,,,,,,,,,,,,
rsg_object_detection,dropped_oldest,840,rsg_20260806_58_004879999_000840,dropped,True,fifo_cached_frame,841,84,0,755,84,0,1,0.0,138.00223900034325,frame_fifo_full,,,,,,,,,,,,,,,,,,,,,,,,,,,,,,,,,,,,,,,,,,,,,,,,,,,,,,,,
rsg_object_detection,dropped_oldest,841,rsg_20260806_58_104880000_000841,dropped,True,fifo_cached_frame,842,84,0,756,84,0,1,0.0,23.408444001688622,frame_fifo_full,,,,,,,,,,,,,,,,,,,,,,,,,,,,,,,,,,,,,,,,,,,,,,,,,,,,,,,,
rsg_object_detection,dropped_oldest,842,rsg_20260806_58_154879999_000842,dropped,True,fifo_cached_frame,843,84,0,757,84,0,1,0.0,35.23608500108821,frame_fifo_full,,,,,,,,,,,,,,,,,,,,,,,,,,,,,,,,,,,,,,,,,,,,,,,,,,,,,,,,
rsg_object_detection,frame_trace,832,rsg_20260806_57_554879999_000832,sent_to_hydra,,,,,,,,,,,635.5156619974878,ok,15.02709899796173,586.6940100022475,32.120939999003895,0.17589499475434422,31.94504500424955,0.004063993401359767,6.282952999754343,0.2243410053779371,362.6646280026762,29.95867900608573,0.007423986971843988,392.8550720011117,76.4041910006199,19.525465999322478,5.704261988284998,35.119608997774776,15.463588999409694,72.3847150002257,3.7099919936736114,1.2169319961685687,0.3062270043301396,1.2844490047427826,0.1236099997186102,0.005375004548113793,155.4522260048543,7.40584300365299,0.15551200340269133,24.4892560003791,0.05314798909239471,10.401694999018218,9.491946999332868,0.23134899674914777,0.678399002936203,3.8614730001427233,0.7580749952467158,0.005856003554072231,1.6695490048732609,8,0,6,0,0,,,,,,,,,,,,,,
rsg_object_detection,dropped_oldest,844,rsg_20260806_58_254880000_000844,dropped,True,fifo_cached_frame,845,85,0,758,85,0,1,0.0,49.649004999082536,frame_fifo_full,,,,,,,,,,,,,,,,,,,,,,,,,,,,,,,,,,,,,,,,,,,,,,,,,,,,,,,,
rsg_object_detection,dropped_oldest,845,rsg_20260806_58_304879999_000845,dropped,True,fifo_cached_frame,846,85,0,759,85,0,1,0.0,59.140856996236835,frame_fifo_full,,,,,,,,,,,,,,,,,,,,,,,,,,,,,,,,,,,,,,,,,,,,,,,,,,,,,,,,
rsg_object_detection,dropped_oldest,846,rsg_20260806_58_354880000_000846,dropped,True,fifo_cached_frame,847,85,0,760,85,0,1,0.0,40.587757001048885,frame_fifo_full,,,,,,,,,,,,,,,,,,,,,,,,,,,,,,,,,,,,,,,,,,,,,,,,,,,,,,,,
rsg_object_detection,dropped_oldest,847,rsg_20260806_58_404879999_000847,dropped,True,fifo_cached_frame,848,85,0,761,85,0,1,0.0,54.62651900597848,frame_fifo_full,,,,,,,,,,,,,,,,,,,,,,,,,,,,,,,,,,,,,,,,,,,,,,,,,,,,,,,,
rsg_object_detection,dropped_oldest,848,rsg_20260806_58_454880000_000848,dropped,True,fifo_cached_frame,849,85,0,762,85,0,1,0.0,49.16813300224021,frame_fifo_full,,,,,,,,,,,,,,,,,,,,,,,,,,,,,,,,,,,,,,,,,,,,,,,,,,,,,,,,
rsg_object_detection,dropped_oldest,849,rsg_20260806_58_504880000_000849,dropped,True,fifo_cached_frame,850,85,0,763,85,0,1,0.0,51.70259999431437,frame_fifo_full,,,,,,,,,,,,,,,,,,,,,,,,,,,,,,,,,,,,,,,,,,,,,,,,,,,,,,,,
rsg_object_detection,dropped_oldest,850,rsg_20260806_58_554879999_000850,dropped,True,fifo_cached_frame,851,85,0,764,85,0,1,0.0,108.05956200056244,frame_fifo_full,,,,,,,,,,,,,,,,,,,,,,,,,,,,,,,,,,,,,,,,,,,,,,,,,,,,,,,,
rsg_object_detection,dropped_oldest,851,rsg_20260806_58_654879999_000851,dropped,True,fifo_cached_frame,852,85,0,765,85,0,1,0.0,49.84057999536162,frame_fifo_full,,,,,,,,,,,,,,,,,,,,,,,,,,,,,,,,,,,,,,,,,,,,,,,,,,,,,,,,
rsg_object_detection,dropped_oldest,852,rsg_20260806_58_704880000_000852,dropped,True,fifo_cached_frame,853,85,0,766,85,0,1,0.0,46.25569999916479,frame_fifo_full,,,,,,,,,,,,,,,,,,,,,,,,,,,,,,,,,,,,,,,,,,,,,,,,,,,,,,,,
rsg_object_detection,frame_trace,843,rsg_20260806_58_204880000_000843,sent_to_hydra,,,,,,,,,,,617.7896020017215,ok,9.571271999448072,581.3524879995384,25.31702299893368,0.1583600023877807,25.1586629965459,0.002143999154213816,1.416761995642446,0.2060049955616705,349.04088400071487,21.968802997434977,0.006432004738599062,371.2221239984501,108.09540098853176,33.80226698209299,6.688790992484428,43.613943009404466,18.801568992785178,63.06856700393837,5.197310994844884,1.5508340002270415,0.46493801346514374,1.3834199999109842,0.15845599409658462,0.006880000000819564,179.94398200244177,2.8542590007418767,0.12495400005718693,25.751463996130042,0.03894300607498735,5.159585998626426,4.496737994486466,0.12306599819567055,0.5397820059442893,3.7328390026232228,0.6730550012434833,0.0057919969549402595,1.5466750046471134,8,0,7,0,0,,,,,,,,,,,,,,
rsg_object_detection,dropped_oldest,854,rsg_20260806_58_904879999_000854,dropped,True,fifo_cached_frame,855,86,0,767,86,0,1,0.0,50.438181999197695,frame_fifo_full,,,,,,,,,,,,,,,,,,,,,,,,,,,,,,,,,,,,,,,,,,,,,,,,,,,,,,,,
rsg_object_detection,dropped_oldest,855,rsg_20260806_58_954880000_000855,dropped,True,fifo_cached_frame,856,86,0,768,86,0,1,0.0,57.79033099679509,frame_fifo_full,,,,,,,,,,,,,,,,,,,,,,,,,,,,,,,,,,,,,,,,,,,,,,,,,,,,,,,,
rsg_object_detection,dropped_oldest,856,rsg_20260806_59_004879999_000856,dropped,True,fifo_cached_frame,857,86,0,769,86,0,1,0.0,42.27957700641127,frame_fifo_full,,,,,,,,,,,,,,,,,,,,,,,,,,,,,,,,,,,,,,,,,,,,,,,,,,,,,,,,
rsg_object_detection,dropped_oldest,857,rsg_20260806_59_054879999_000857,dropped,True,fifo_cached_frame,858,86,0,770,86,0,1,0.0,100.63305599760497,frame_fifo_full,,,,,,,,,,,,,,,,,,,,,,,,,,,,,,,,,,,,,,,,,,,,,,,,,,,,,,,,
rsg_object_detection,dropped_oldest,858,rsg_20260806_59_154879999_000858,dropped,True,fifo_cached_frame,859,86,0,771,86,0,1,0.0,49.36460799945053,frame_fifo_full,,,,,,,,,,,,,,,,,,,,,,,,,,,,,,,,,,,,,,,,,,,,,,,,,,,,,,,,
rsg_object_detection,dropped_oldest,859,rsg_20260806_59_204880000_000859,dropped,True,fifo_cached_frame,860,86,0,772,86,0,1,0.0,50.76025000016671,frame_fifo_full,,,,,,,,,,,,,,,,,,,,,,,,,,,,,,,,,,,,,,,,,,,,,,,,,,,,,,,,
rsg_object_detection,frame_trace,853,rsg_20260806_58_754880000_000853,sent_to_hydra,,,,,,,,,,,609.256768002524,ok,9.495244004938286,523.430251996615,74.58556599885924,0.14303300122264773,74.44253299763659,0.002367996785324067,0.9783200002857484,0.17336800374323502,339.7774129989557,29.453205002937466,0.0071359972935169935,369.4111220029299,63.462345002335496,19.574649995774962,5.819263999001123,19.584026995289605,17.746900994097814,55.67703300039284,4.70050500734942,1.2013469895464368,0.33400000393157825,1.4274819986894727,0.1198980025947094,0.005727000825572759,126.94427200040082,3.089703997829929,0.14130500494502485,22.819322999566793,0.04620599065674469,5.077509995317087,4.474852001294494,0.10444300278322771,0.4982149912393652,3.68852200335823,0.7244439984788187,0.004768007784150541,1.7433380053262226,8,0,8,0,0,,,,,,,,,,,,,,
rsg_object_detection,dropped_oldest,861,rsg_20260806_59_404879999_000861,dropped,True,fifo_cached_frame,862,87,0,773,87,0,1,0.0,47.56392799754394,frame_fifo_full,,,,,,,,,,,,,,,,,,,,,,,,,,,,,,,,,,,,,,,,,,,,,,,,,,,,,,,,
rsg_object_detection,dropped_oldest,862,rsg_20260806_59_454880000_000862,dropped,True,fifo_cached_frame,863,87,0,774,87,0,1,0.0,101.27958500379464,frame_fifo_full,,,,,,,,,,,,,,,,,,,,,,,,,,,,,,,,,,,,,,,,,,,,,,,,,,,,,,,,
rsg_object_detection,dropped_oldest,863,rsg_20260806_59_554879999_000863,dropped,True,fifo_cached_frame,864,87,0,775,87,0,1,0.0,51.61745700024767,frame_fifo_full,,,,,,,,,,,,,,,,,,,,,,,,,,,,,,,,,,,,,,,,,,,,,,,,,,,,,,,,
rsg_object_detection,dropped_oldest,864,rsg_20260806_59_604880000_000864,dropped,True,fifo_cached_frame,865,87,0,776,87,0,1,0.0,52.101337001658976,frame_fifo_full,,,,,,,,,,,,,,,,,,,,,,,,,,,,,,,,,,,,,,,,,,,,,,,,,,,,,,,,
rsg_object_detection,dropped_oldest,865,rsg_20260806_59_654879999_000865,dropped,True,fifo_cached_frame,866,87,0,777,87,0,1,0.0,118.58330800168915,frame_fifo_full,,,,,,,,,,,,,,,,,,,,,,,,,,,,,,,,,,,,,,,,,,,,,,,,,,,,,,,,
rsg_object_detection,dropped_oldest,866,rsg_20260806_59_754880000_000866,dropped,True,fifo_cached_frame,867,87,0,778,87,0,1,0.0,47.805131995119154,frame_fifo_full,,,,,,,,,,,,,,,,,,,,,,,,,,,,,,,,,,,,,,,,,,,,,,,,,,,,,,,,
rsg_object_detection,dropped_oldest,867,rsg_20260806_59_804879999_000867,dropped,True,fifo_cached_frame,868,87,0,779,87,0,1,0.0,96.9349040024099,frame_fifo_full,,,,,,,,,,,,,,,,,,,,,,,,,,,,,,,,,,,,,,,,,,,,,,,,,,,,,,,,
rsg_object_detection,dropped_oldest,868,rsg_20260806_59_904879999_000868,dropped,True,fifo_cached_frame,869,87,0,780,87,0,1,0.0,33.61831100482959,frame_fifo_full,,,,,,,,,,,,,,,,,,,,,,,,,,,,,,,,,,,,,,,,,,,,,,,,,,,,,,,,
rsg_object_detection,frame_trace,860,rsg_20260806_59_254880000_000860,sent_to_hydra,,,,,,,,,,,707.4479869988863,ok,11.862775994814001,563.4448429991608,129.40447100118035,0.14642500173067674,129.25804599944968,0.0027199930627830327,0.9910230000969023,0.18821499543264508,349.32576199935284,18.181983999966178,0.007200003892648965,367.7031609986443,115.27742300677346,15.79781599866692,3.8881599975866266,55.904252018081024,39.038653987518046,46.505131998856086,7.668328005820513,1.4091770062805153,0.3415839819354005,1.433369005098939,0.12633000005735084,0.006048001523595303,172.7841259998968,2.8206290007801726,0.15634499868610874,18.939385998237412,0.050173002819065005,7.602569996379316,7.0175740038394,0.09077999857254326,0.4942159939673729,3.5794390059891157,0.6759349998901598,0.00483199255540967,2.7331770106684417,8,0,8,0,0,,,,,,,,,,,,,,
rsg_object_detection,dropped_oldest,870,rsg_20260806_60_004879999_000870,dropped,True,fifo_cached_frame,871,88,0,781,88,0,1,0.0,88.26714099996025,frame_fifo_full,,,,,,,,,,,,,,,,,,,,,,,,,,,,,,,,,,,,,,,,,,,,,,,,,,,,,,,,
rsg_object_detection,dropped_oldest,871,rsg_20260806_60_104880000_000871,dropped,True,fifo_cached_frame,872,88,0,782,88,0,1,0.0,59.92383600096218,frame_fifo_full,,,,,,,,,,,,,,,,,,,,,,,,,,,,,,,,,,,,,,,,,,,,,,,,,,,,,,,,
rsg_object_detection,dropped_oldest,872,rsg_20260806_60_154879999_000872,dropped,True,fifo_cached_frame,873,88,0,783,88,0,1,0.0,95.18494900112273,frame_fifo_full,,,,,,,,,,,,,,,,,,,,,,,,,,,,,,,,,,,,,,,,,,,,,,,,,,,,,,,,
rsg_object_detection,dropped_oldest,873,rsg_20260806_60_254880000_000873,dropped,True,fifo_cached_frame,874,88,0,784,88,0,1,0.0,47.65170400060015,frame_fifo_full,,,,,,,,,,,,,,,,,,,,,,,,,,,,,,,,,,,,,,,,,,,,,,,,,,,,,,,,
rsg_object_detection,dropped_oldest,874,rsg_20260806_60_304879999_000874,dropped,True,fifo_cached_frame,875,88,0,785,88,0,1,0.0,52.7634530008072,frame_fifo_full,,,,,,,,,,,,,,,,,,,,,,,,,,,,,,,,,,,,,,,,,,,,,,,,,,,,,,,,
rsg_object_detection,dropped_oldest,875,rsg_20260806_60_354880000_000875,dropped,True,fifo_cached_frame,876,88,0,786,88,0,1,0.0,59.13990700355498,frame_fifo_full,,,,,,,,,,,,,,,,,,,,,,,,,,,,,,,,,,,,,,,,,,,,,,,,,,,,,,,,
rsg_object_detection,frame_trace,869,rsg_20260806_59_954880000_000869,sent_to_hydra,,,,,,,,,,,589.0236549967085,ok,9.442832000786439,555.6872479937738,22.519979000207968,0.14053799532121047,22.379441004886758,0.0025600020308047533,0.9820319974096492,0.16076000611064956,356.5833789980388,24.334066998562776,0.005150999641045928,381.0833570023533,99.2861240010825,16.20912300859345,4.72488600644283,63.14767698495416,14.607696000894066,32.77944400178967,5.139233995578252,0.47037700278451666,0.30216199957067147,1.3948429987067357,0.3107690063188784,0.004703993909060955,139.70311199955177,14.827781997155398,0.13336900155991316,18.91711800271878,0.04047799302497879,4.958379999152385,4.373032999865245,0.08786800026427954,0.4974789990228601,3.6557880011969246,0.8229360028053634,0.005727997631765902,1.371035999909509,8,0,8,0,0,,,,,,,,,,,,,,
rsg_object_detection,dropped_oldest,877,rsg_20260806_60_504880000_000877,dropped,True,fifo_cached_frame,878,89,0,787,89,0,1,0.0,4.850482000620104,frame_fifo_full,,,,,,,,,,,,,,,,,,,,,,,,,,,,,,,,,,,,,,,,,,,,,,,,,,,,,,,,
rsg_object_detection,dropped_oldest,878,rsg_20260806_60_554879999_000878,dropped,True,fifo_cached_frame,879,89,0,788,89,0,1,0.0,37.09977499966044,frame_fifo_full,,,,,,,,,,,,,,,,,,,,,,,,,,,,,,,,,,,,,,,,,,,,,,,,,,,,,,,,
rsg_object_detection,dropped_oldest,879,rsg_20260806_60_604880000_000879,dropped,True,fifo_cached_frame,880,89,0,789,89,0,1,0.0,98.63050800049677,frame_fifo_full,,,,,,,,,,,,,,,,,,,,,,,,,,,,,,,,,,,,,,,,,,,,,,,,,,,,,,,,
rsg_object_detection,dropped_oldest,880,rsg_20260806_60_704880000_000880,dropped,True,fifo_cached_frame,881,89,0,790,89,0,1,0.0,53.96265799936373,frame_fifo_full,,,,,,,,,,,,,,,,,,,,,,,,,,,,,,,,,,,,,,,,,,,,,,,,,,,,,,,,
rsg_object_detection,dropped_oldest,881,rsg_20260806_60_754880000_000881,dropped,True,fifo_cached_frame,882,89,0,791,89,0,1,0.0,48.94232899823692,frame_fifo_full,,,,,,,,,,,,,,,,,,,,,,,,,,,,,,,,,,,,,,,,,,,,,,,,,,,,,,,,
rsg_object_detection,dropped_oldest,882,rsg_20260806_60_804879999_000882,dropped,True,fifo_cached_frame,883,89,0,792,89,0,1,0.0,51.837225997587666,frame_fifo_full,,,,,,,,,,,,,,,,,,,,,,,,,,,,,,,,,,,,,,,,,,,,,,,,,,,,,,,,
rsg_object_detection,dropped_oldest,883,rsg_20260806_60_854880000_000883,dropped,True,fifo_cached_frame,884,89,0,793,89,0,1,0.0,47.69071000191616,frame_fifo_full,,,,,,,,,,,,,,,,,,,,,,,,,,,,,,,,,,,,,,,,,,,,,,,,,,,,,,,,
rsg_object_detection,dropped_oldest,884,rsg_20260806_60_904879999_000884,dropped,True,fifo_cached_frame,885,89,0,794,89,0,1,0.0,114.68981400685152,frame_fifo_full,,,,,,,,,,,,,,,,,,,,,,,,,,,,,,,,,,,,,,,,,,,,,,,,,,,,,,,,
rsg_object_detection,dropped_oldest,885,rsg_20260806_61_004879999_000885,dropped,True,fifo_cached_frame,886,89,0,795,89,0,1,0.0,110.2095919995918,frame_fifo_full,,,,,,,,,,,,,,,,,,,,,,,,,,,,,,,,,,,,,,,,,,,,,,,,,,,,,,,,
rsg_object_detection,dropped_oldest,886,rsg_20260806_61_104880000_000886,dropped,True,fifo_cached_frame,887,89,0,796,89,0,1,0.0,42.91677199944388,frame_fifo_full,,,,,,,,,,,,,,,,,,,,,,,,,,,,,,,,,,,,,,,,,,,,,,,,,,,,,,,,
rsg_object_detection,frame_trace,876,rsg_20260806_60_404879999_000876,sent_to_hydra,,,,,,,,,,,765.162848001637,ok,13.090428998111747,607.9563079983927,142.9272410023259,0.13477700122166425,142.79246400110424,0.003360000846441835,5.358167996746488,0.6731190005666576,387.90741300181253,17.89038400602294,0.007199996616691351,406.4781160050188,113.05843799345894,31.340539004304446,24.69196899619419,43.1925320008304,13.168887999199796,55.92752600205131,3.398201006348245,0.4917510013910942,0.3097789958701469,1.332063002337236,0.12517799768829718,0.004958994395565242,174.6645340026589,4.005948001577053,0.14924100105417892,17.259280000871513,0.04102099046576768,8.835533997626044,8.162063000781927,0.09285999840358272,0.5806109984405339,3.546993000782095,0.7029100015643053,0.004991998139303178,1.1855100019602105,8,0,7,0,0,,,,,,,,,,,,,,
rsg_object_detection,dropped_oldest,888,rsg_20260806_61_204880000_000888,dropped,True,fifo_cached_frame,889,90,0,797,90,0,1,0.0,47.848786001850385,frame_fifo_full,,,,,,,,,,,,,,,,,,,,,,,,,,,,,,,,,,,,,,,,,,,,,,,,,,,,,,,,
rsg_object_detection,dropped_oldest,889,rsg_20260806_61_254880000_000889,dropped,True,fifo_cached_frame,890,90,0,798,90,0,1,0.0,154.83130799839273,frame_fifo_full,,,,,,,,,,,,,,,,,,,,,,,,,,,,,,,,,,,,,,,,,,,,,,,,,,,,,,,,
rsg_object_detection,dropped_oldest,890,rsg_20260806_61_404879999_000890,dropped,True,fifo_cached_frame,891,90,0,799,90,0,1,0.0,49.48694499762496,frame_fifo_full,,,,,,,,,,,,,,,,,,,,,,,,,,,,,,,,,,,,,,,,,,,,,,,,,,,,,,,,
rsg_object_detection,dropped_oldest,891,rsg_20260806_61_454880000_000891,dropped,True,fifo_cached_frame,892,90,0,800,90,0,1,0.0,59.359837003285065,frame_fifo_full,,,,,,,,,,,,,,,,,,,,,,,,,,,,,,,,,,,,,,,,,,,,,,,,,,,,,,,,
rsg_object_detection,dropped_oldest,892,rsg_20260806_61_504880000_000892,dropped,True,fifo_cached_frame,893,90,0,801,90,0,1,0.0,38.99174899561331,frame_fifo_full,,,,,,,,,,,,,,,,,,,,,,,,,,,,,,,,,,,,,,,,,,,,,,,,,,,,,,,,
rsg_object_detection,dropped_oldest,893,rsg_20260806_61_554879999_000893,dropped,True,fifo_cached_frame,894,90,0,802,90,0,1,0.0,96.75211199646583,frame_fifo_full,,,,,,,,,,,,,,,,,,,,,,,,,,,,,,,,,,,,,,,,,,,,,,,,,,,,,,,,
rsg_object_detection,dropped_oldest,894,rsg_20260806_61_604880000_000894,dropped,True,fifo_cached_frame,895,90,0,803,90,0,1,0.0,70.60257999546593,frame_fifo_full,,,,,,,,,,,,,,,,,,,,,,,,,,,,,,,,,,,,,,,,,,,,,,,,,,,,,,,,
rsg_object_detection,dropped_oldest,895,rsg_20260806_61_654879999_000895,dropped,True,fifo_cached_frame,896,90,0,804,90,0,1,0.0,5.436116996861529,frame_fifo_full,,,,,,,,,,,,,,,,,,,,,,,,,,,,,,,,,,,,,,,,,,,,,,,,,,,,,,,,
rsg_object_detection,dropped_oldest,896,rsg_20260806_61_704880000_000896,dropped,True,fifo_cached_frame,897,90,0,805,90,0,1,0.0,35.91846000199439,frame_fifo_full,,,,,,,,,,,,,,,,,,,,,,,,,,,,,,,,,,,,,,,,,,,,,,,,,,,,,,,,
rsg_object_detection,frame_trace,887,rsg_20260806_61_154879999_000887,sent_to_hydra,,,,,,,,,,,599.4380810006987,ok,12.408191003487445,565.7390000051237,19.9532599945087,0.1643759969738312,19.788883997534867,0.0019840008462779224,2.3402049992000684,0.6987169981584884,365.0610160038923,22.43828999780817,0.07682800060138106,388.27485100046033,85.9215100063011,28.403309006534982,4.51072100258898,35.95743499317905,16.243298006884288,46.39692100317916,5.4124059970490634,8.78078300593188,0.4377069853944704,1.5037350021884777,0.42804300028365105,0.00758399983169511,148.9074069977505,4.5625920029124245,0.13772099919151515,21.474913002748508,0.04131100286031142,7.860030003939755,7.249051996041089,0.09471499652136117,0.5162630113773048,3.839651995804161,0.7040609998512082,0.00444800389232114,1.3356459967326373,8,0,8,0,0,,,,,,,,,,,,,,
rsg_object_detection,dropped_oldest,898,rsg_20260806_61_804879999_000898,dropped,True,fifo_cached_frame,899,91,0,806,91,0,1,0.0,49.34240900183795,frame_fifo_full,,,,,,,,,,,,,,,,,,,,,,,,,,,,,,,,,,,,,,,,,,,,,,,,,,,,,,,,
rsg_object_detection,dropped_oldest,899,rsg_20260806_61_854880000_000899,dropped,True,fifo_cached_frame,900,91,0,807,91,0,1,0.0,51.18673400284024,frame_fifo_full,,,,,,,,,,,,,,,,,,,,,,,,,,,,,,,,,,,,,,,,,,,,,,,,,,,,,,,,
rsg_object_detection,dropped_oldest,900,rsg_20260806_61_904879999_000900,dropped,True,fifo_cached_frame,901,91,0,808,91,0,1,0.0,50.78332999983104,frame_fifo_full,,,,,,,,,,,,,,,,,,,,,,,,,,,,,,,,,,,,,,,,,,,,,,,,,,,,,,,,
rsg_object_detection,dropped_oldest,901,rsg_20260806_61_954880000_000901,dropped,True,fifo_cached_frame,902,91,0,809,91,0,1,0.0,50.774626004567835,frame_fifo_full,,,,,,,,,,,,,,,,,,,,,,,,,,,,,,,,,,,,,,,,,,,,,,,,,,,,,,,,
rsg_object_detection,dropped_oldest,902,rsg_20260806_62_004879999_000902,dropped,True,fifo_cached_frame,903,91,0,810,91,0,1,0.0,51.602009996713605,frame_fifo_full,,,,,,,,,,,,,,,,,,,,,,,,,,,,,,,,,,,,,,,,,,,,,,,,,,,,,,,,
rsg_object_detection,dropped_oldest,903,rsg_20260806_62_054879999_000903,dropped,True,fifo_cached_frame,904,91,0,811,91,0,1,0.0,47.38839600031497,frame_fifo_full,,,,,,,,,,,,,,,,,,,,,,,,,,,,,,,,,,,,,,,,,,,,,,,,,,,,,,,,
rsg_object_detection,dropped_oldest,904,rsg_20260806_62_104880000_000904,dropped,True,fifo_cached_frame,905,91,0,812,91,0,1,0.0,53.54623900348088,frame_fifo_full,,,,,,,,,,,,,,,,,,,,,,,,,,,,,,,,,,,,,,,,,,,,,,,,,,,,,,,,
rsg_object_detection,dropped_oldest,905,rsg_20260806_62_154879999_000905,dropped,True,fifo_cached_frame,906,91,0,813,91,0,1,0.0,48.54491600417532,frame_fifo_full,,,,,,,,,,,,,,,,,,,,,,,,,,,,,,,,,,,,,,,,,,,,,,,,,,,,,,,,
rsg_object_detection,dropped_oldest,906,rsg_20260806_62_204880000_000906,dropped,True,fifo_cached_frame,907,91,0,814,91,0,1,0.0,73.36155499797314,frame_fifo_full,,,,,,,,,,,,,,,,,,,,,,,,,,,,,,,,,,,,,,,,,,,,,,,,,,,,,,,,
rsg_object_detection,dropped_oldest,907,rsg_20260806_62_254880000_000907,dropped,True,fifo_cached_frame,908,91,0,815,91,0,1,0.0,46.78119500022149,frame_fifo_full,,,,,,,,,,,,,,,,,,,,,,,,,,,,,,,,,,,,,,,,,,,,,,,,,,,,,,,,
rsg_object_detection,frame_trace,897,rsg_20260806_61_754880000_000897,sent_to_hydra,,,,,,,,,,,611.1604750039987,ok,9.03766900592018,577.3165999999037,23.60146499995608,0.1279619973502122,23.473503002605867,0.002496002707630396,1.1076890004915185,0.19275899830972776,384.99524500366533,23.313480996876024,0.006559996108990163,408.5080449949601,73.59853500383906,30.018560006283224,4.348235015640967,19.780245995207224,18.709384014073294,64.39901799603831,3.7210669834166765,0.9322739933850244,0.343503023032099,1.4350650017149746,0.12399399565765634,0.00492799881612882,144.57339200453134,4.422183003043756,0.16872699779924005,18.495862001145724,0.04070199793204665,4.646172994398512,4.059032995428424,0.0929870002437383,0.4941529987263493,3.6888750037178397,0.6981409969739616,0.0044800108298659325,1.202244995511137,8,0,8,0,0,,,,,,,,,,,,,,
rsg_object_detection,dropped_oldest,909,rsg_20260806_62_404879999_000909,dropped,True,fifo_cached_frame,910,92,0,816,92,0,1,0.0,60.18127299466869,frame_fifo_full,,,,,,,,,,,,,,,,,,,,,,,,,,,,,,,,,,,,,,,,,,,,,,,,,,,,,,,,
rsg_object_detection,dropped_oldest,910,rsg_20260806_62_454880000_000910,dropped,True,fifo_cached_frame,911,92,0,817,92,0,1,0.0,89.84010700078215,frame_fifo_full,,,,,,,,,,,,,,,,,,,,,,,,,,,,,,,,,,,,,,,,,,,,,,,,,,,,,,,,
rsg_object_detection,dropped_oldest,911,rsg_20260806_62_554879999_000911,dropped,True,fifo_cached_frame,912,92,0,818,92,0,1,0.0,60.42071800038684,frame_fifo_full,,,,,,,,,,,,,,,,,,,,,,,,,,,,,,,,,,,,,,,,,,,,,,,,,,,,,,,,
rsg_object_detection,dropped_oldest,912,rsg_20260806_62_604880000_000912,dropped,True,fifo_cached_frame,913,92,0,819,92,0,1,0.0,40.71739600476576,frame_fifo_full,,,,,,,,,,,,,,,,,,,,,,,,,,,,,,,,,,,,,,,,,,,,,,,,,,,,,,,,
rsg_object_detection,dropped_oldest,913,rsg_20260806_62_654879999_000913,dropped,True,fifo_cached_frame,914,92,0,820,92,0,1,0.0,52.21539200283587,frame_fifo_full,,,,,,,,,,,,,,,,,,,,,,,,,,,,,,,,,,,,,,,,,,,,,,,,,,,,,,,,
rsg_object_detection,dropped_oldest,914,rsg_20260806_62_704880000_000914,dropped,True,fifo_cached_frame,915,92,0,821,92,0,1,0.0,119.42854399967473,frame_fifo_full,,,,,,,,,,,,,,,,,,,,,,,,,,,,,,,,,,,,,,,,,,,,,,,,,,,,,,,,
rsg_object_detection,dropped_oldest,915,rsg_20260806_62_804879999_000915,dropped,True,fifo_cached_frame,916,92,0,822,92,0,1,0.0,94.63225600484293,frame_fifo_full,,,,,,,,,,,,,,,,,,,,,,,,,,,,,,,,,,,,,,,,,,,,,,,,,,,,,,,,
rsg_object_detection,dropped_oldest,916,rsg_20260806_62_904879999_000916,dropped,True,fifo_cached_frame,917,92,0,823,92,0,1,0.0,81.5582089999225,frame_fifo_full,,,,,,,,,,,,,,,,,,,,,,,,,,,,,,,,,,,,,,,,,,,,,,,,,,,,,,,,
rsg_object_detection,dropped_oldest,917,rsg_20260806_62_954880000_000917,dropped,True,fifo_cached_frame,918,92,0,824,92,0,1,0.0,3.666061005787924,frame_fifo_full,,,,,,,,,,,,,,,,,,,,,,,,,,,,,,,,,,,,,,,,,,,,,,,,,,,,,,,,
rsg_object_detection,,243,rsg_20260806_23_904879999_000243,vlm_failed,,,,,,,,,,,,"{""label"":""unknown_object"",""label_confidence"":0.0,""mobility_class"":""unknown"",""mobility_confidence"":0.0}",,,,,,,,,,,,,,,,,,,,,,,,,,,,,,,,,,,,,,,,,,,rsg_obj_000008,rsg_unknown_rsg_20260806_23_904879999_000243_007_nanosam_008,,,21,0.6466382768236865,unknown_object,0.0,unknown,0.0,6865.9114289985155,38536.990214997786,qwen_http,Qwen3-VL-8B-Instruct-GGUF
rsg_object_detection,completed,243,rsg_20260806_23_904879999_000243,,,,,,,,,,,31671.077250000963,,vlm_failed,,,,,,,,,,,,,,,,,,,,,,,,,,,,,,,,,,,,,,,,,,,rsg_obj_000008,rsg_unknown_rsg_20260806_23_904879999_000243_007_nanosam_008,25,300,21,0.6466382768236865,,,,,,,,
rsg_object_detection,frame_trace,908,rsg_20260806_62_304879999_000908,sent_to_hydra,,,,,,,,,,,734.3948099951376,ok,10.656341000867542,661.783010000363,60.64144300034968,0.15295299817807972,60.4884900021716,0.002943997969850898,0.95771299675107,0.15263199748005718,345.4065860059927,22.620843003096525,0.0073269911808893085,368.1873879977502,186.73337301879656,30.67779300181428,17.82658298907336,110.67332400125451,26.850494017708115,72.40864200139185,5.524180000065826,1.3310720169101842,0.34653896000236273,1.3453099963953719,0.29118599923094735,0.004606998118106276,268.00161199935246,4.7229690026142634,0.14079299580771476,19.73240799998166,0.04012700810562819,6.395397998858243,5.834785995830316,0.08345199603354558,0.47716000699438155,3.446486996836029,0.8099440019577742,0.004512003215495497,1.3110719955875538,8,0,8,0,0,,,,,,,,,,,,,,
rsg_object_detection,dequeued,221,rsg_20260806_22_804880000_000221,,,,,,,,,,,38544.7985100036,,fifo_order,,,,,,,,,,,,,,,,,,,,,,,,,,,,,,,,,,,,,,,,,,,rsg_obj_000013,rsg_unknown_rsg_20260806_22_804880000_000221_003_nanosam_000,24,300,9,0.3506313347375984,,,,,,,,
rsg_object_detection,dropped_oldest,919,rsg_20260806_63_104880000_000919,dropped,True,fifo_cached_frame,920,93,0,825,93,0,1,0.0,41.539405996445566,frame_fifo_full,,,,,,,,,,,,,,,,,,,,,,,,,,,,,,,,,,,,,,,,,,,,,,,,,,,,,,,,
rsg_object_detection,dropped_oldest,920,rsg_20260806_63_154879999_000920,dropped,True,fifo_cached_frame,921,93,0,826,93,0,1,0.0,45.313110000279266,frame_fifo_full,,,,,,,,,,,,,,,,,,,,,,,,,,,,,,,,,,,,,,,,,,,,,,,,,,,,,,,,
rsg_object_detection,dropped_oldest,921,rsg_20260806_63_204880000_000921,dropped,True,fifo_cached_frame,922,93,0,827,93,0,1,0.0,53.69471599988174,frame_fifo_full,,,,,,,,,,,,,,,,,,,,,,,,,,,,,,,,,,,,,,,,,,,,,,,,,,,,,,,,
rsg_object_detection,dropped_oldest,922,rsg_20260806_63_254880000_000922,dropped,True,fifo_cached_frame,923,93,0,828,93,0,1,0.0,100.09586899832357,frame_fifo_full,,,,,,,,,,,,,,,,,,,,,,,,,,,,,,,,,,,,,,,,,,,,,,,,,,,,,,,,
rsg_object_detection,dropped_oldest,923,rsg_20260806_63_354880000_000923,dropped,True,fifo_cached_frame,924,93,0,829,93,0,1,0.0,51.12696900323499,frame_fifo_full,,,,,,,,,,,,,,,,,,,,,,,,,,,,,,,,,,,,,,,,,,,,,,,,,,,,,,,,
rsg_object_detection,dropped_oldest,924,rsg_20260806_63_404879999_000924,dropped,True,fifo_cached_frame,925,93,0,830,93,0,1,0.0,51.04198200569954,frame_fifo_full,,,,,,,,,,,,,,,,,,,,,,,,,,,,,,,,,,,,,,,,,,,,,,,,,,,,,,,,
rsg_object_detection,dropped_oldest,925,rsg_20260806_63_454880000_000925,dropped,True,fifo_cached_frame,926,93,0,831,93,0,1,0.0,57.398534001549706,frame_fifo_full,,,,,,,,,,,,,,,,,,,,,,,,,,,,,,,,,,,,,,,,,,,,,,,,,,,,,,,,
rsg_object_detection,frame_trace,918,rsg_20260806_63_004879999_000918,sent_to_hydra,,,,,,,,,,,620.9477779993904,ok,13.661218996276148,536.8918969979859,68.8117309982772,0.1072590021067299,68.70447199617047,0.003903995093423873,3.506613000354264,0.3326229998492636,333.3728349971352,22.41208700434072,0.007071997970342636,356.12461699929554,93.45968000707217,22.479058003227692,6.6656250128289685,39.03396098758094,24.46238399716094,47.3216520040296,3.908769998815842,1.0293570085195825,0.34110398701159284,1.5937460048007779,0.33857500238809735,0.005279995093587786,148.01582699874416,3.5783529965556227,0.12789700122084469,25.4999679964385,0.03862200537696481,8.539902002667077,7.874301998526789,0.11007500143023208,0.5555250027100556,4.322348002460785,0.7934009991004132,0.005567992047872394,1.5790270117577165,8,0,8,0,0,,,,,,,,,,,,,,
rsg_object_detection,dropped_oldest,927,rsg_20260806_63_654879999_000927,dropped,True,fifo_cached_frame,928,94,0,832,94,0,1,0.0,40.38522400514921,frame_fifo_full,,,,,,,,,,,,,,,,,,,,,,,,,,,,,,,,,,,,,,,,,,,,,,,,,,,,,,,,
rsg_object_detection,dropped_oldest,928,rsg_20260806_63_704880000_000928,dropped,True,fifo_cached_frame,929,94,0,833,94,0,1,0.0,47.56708000059007,frame_fifo_full,,,,,,,,,,,,,,,,,,,,,,,,,,,,,,,,,,,,,,,,,,,,,,,,,,,,,,,,
rsg_object_detection,dropped_oldest,929,rsg_20260806_63_754880000_000929,dropped,True,fifo_cached_frame,930,94,0,834,94,0,1,0.0,50.23498100490542,frame_fifo_full,,,,,,,,,,,,,,,,,,,,,,,,,,,,,,,,,,,,,,,,,,,,,,,,,,,,,,,,
rsg_object_detection,dropped_oldest,930,rsg_20260806_63_804879999_000930,dropped,True,fifo_cached_frame,931,94,0,835,94,0,1,0.0,51.10473099921364,frame_fifo_full,,,,,,,,,,,,,,,,,,,,,,,,,,,,,,,,,,,,,,,,,,,,,,,,,,,,,,,,
rsg_object_detection,dropped_oldest,931,rsg_20260806_63_854880000_000931,dropped,True,fifo_cached_frame,932,94,0,836,94,0,1,0.0,49.60544400091749,frame_fifo_full,,,,,,,,,,,,,,,,,,,,,,,,,,,,,,,,,,,,,,,,,,,,,,,,,,,,,,,,
rsg_object_detection,dropped_oldest,932,rsg_20260806_63_904879999_000932,dropped,True,fifo_cached_frame,933,94,0,837,94,0,1,0.0,52.497877994028386,frame_fifo_full,,,,,,,,,,,,,,,,,,,,,,,,,,,,,,,,,,,,,,,,,,,,,,,,,,,,,,,,
rsg_object_detection,dropped_oldest,933,rsg_20260806_63_954880000_000933,dropped,True,fifo_cached_frame,934,94,0,838,94,0,1,0.0,59.65096799627645,frame_fifo_full,,,,,,,,,,,,,,,,,,,,,,,,,,,,,,,,,,,,,,,,,,,,,,,,,,,,,,,,
rsg_object_detection,dropped_oldest,934,rsg_20260806_64_004879999_000934,dropped,True,fifo_cached_frame,935,94,0,839,94,0,1,0.0,38.07906400470529,frame_fifo_full,,,,,,,,,,,,,,,,,,,,,,,,,,,,,,,,,,,,,,,,,,,,,,,,,,,,,,,,
rsg_object_detection,dropped_oldest,935,rsg_20260806_64_054879999_000935,dropped,True,fifo_cached_frame,936,94,0,840,94,0,1,0.0,49.95554199558683,frame_fifo_full,,,,,,,,,,,,,,,,,,,,,,,,,,,,,,,,,,,,,,,,,,,,,,,,,,,,,,,,
rsg_object_detection,dropped_oldest,936,rsg_20260806_64_104879999_000936,dropped,True,fifo_cached_frame,937,94,0,841,94,0,1,0.0,85.1152010000078,frame_fifo_full,,,,,,,,,,,,,,,,,,,,,,,,,,,,,,,,,,,,,,,,,,,,,,,,,,,,,,,,
rsg_object_detection,dropped_oldest,937,rsg_20260806_64_154880000_000937,dropped,True,fifo_cached_frame,938,94,0,842,94,0,1,0.0,20.73479499813402,frame_fifo_full,,,,,,,,,,,,,,,,,,,,,,,,,,,,,,,,,,,,,,,,,,,,,,,,,,,,,,,,
rsg_object_detection,dropped_oldest,938,rsg_20260806_64_204880000_000938,dropped,True,fifo_cached_frame,939,94,0,843,95,0,1,0.0,60.614510999585036,frame_fifo_full,,,,,,,,,,,,,,,,,,,,,,,,,,,,,,,,,,,,,,,,,,,,,,,,,,,,,,,,
rsg_object_detection,frame_trace,926,rsg_20260806_63_504880000_000926,sent_to_hydra,,,,,,,,,,,735.9850489956443,ok,11.434545995143708,592.0855619988288,130.59808799880557,0.17640799342188984,130.42168000538368,0.004191999323666096,3.1272390042431653,0.23736399452900514,369.2032089966233,16.689998999936506,0.006144007784314454,386.1367159988731,104.7711020000861,30.336116011312697,8.579900990298484,53.46202701184666,11.786752002080902,58.61841599835316,3.7256099967635237,0.4093890092917718,0.34110199339920655,1.4507460000459105,0.43860299774678424,0.005984002200420946,169.78139700222528,8.822928997687995,0.12898600107291713,24.048136998317204,0.040157996409107,6.045561000064481,5.411959995399229,0.09750000026542693,0.5361010043998249,4.7340719975181855,0.6505290002678521,0.004383997293189168,1.8626610035425983,7,0,7,0,0,,,,,,,,,,,,,,
rsg_object_detection,dropped_oldest,940,rsg_20260806_64_304879999_000940,dropped,True,fifo_cached_frame,941,95,0,844,95,0,1,0.0,42.71954399882816,frame_fifo_full,,,,,,,,,,,,,,,,,,,,,,,,,,,,,,,,,,,,,,,,,,,,,,,,,,,,,,,,
rsg_object_detection,dropped_oldest,941,rsg_20260806_64_354879999_000941,dropped,True,fifo_cached_frame,942,95,0,845,95,0,1,0.0,49.01142900052946,frame_fifo_full,,,,,,,,,,,,,,,,,,,,,,,,,,,,,,,,,,,,,,,,,,,,,,,,,,,,,,,,
rsg_object_detection,dropped_oldest,942,rsg_20260806_64_404880000_000942,dropped,True,fifo_cached_frame,943,95,0,846,95,0,1,0.0,49.399889998312574,frame_fifo_full,,,,,,,,,,,,,,,,,,,,,,,,,,,,,,,,,,,,,,,,,,,,,,,,,,,,,,,,
rsg_object_detection,dropped_oldest,943,rsg_20260806_64_454880000_000943,dropped,True,fifo_cached_frame,944,95,0,847,95,0,1,0.0,53.94722000346519,frame_fifo_full,,,,,,,,,,,,,,,,,,,,,,,,,,,,,,,,,,,,,,,,,,,,,,,,,,,,,,,,
rsg_object_detection,dropped_oldest,944,rsg_20260806_64_504880000_000944,dropped,True,fifo_cached_frame,945,95,0,848,95,0,1,0.0,46.154096999089234,frame_fifo_full,,,,,,,,,,,,,,,,,,,,,,,,,,,,,,,,,,,,,,,,,,,,,,,,,,,,,,,,
rsg_object_detection,dropped_oldest,945,rsg_20260806_64_554879999_000945,dropped,True,fifo_cached_frame,946,95,0,849,95,0,1,0.0,53.83954499848187,frame_fifo_full,,,,,,,,,,,,,,,,,,,,,,,,,,,,,,,,,,,,,,,,,,,,,,,,,,,,,,,,
rsg_object_detection,dropped_oldest,946,rsg_20260806_64_604879999_000946,dropped,True,fifo_cached_frame,947,95,0,850,95,0,1,0.0,48.00520600110758,frame_fifo_full,,,,,,,,,,,,,,,,,,,,,,,,,,,,,,,,,,,,,,,,,,,,,,,,,,,,,,,,
rsg_object_detection,dropped_oldest,947,rsg_20260806_64_654880000_000947,dropped,True,fifo_cached_frame,948,95,0,851,95,0,1,0.0,74.01232000120217,frame_fifo_full,,,,,,,,,,,,,,,,,,,,,,,,,,,,,,,,,,,,,,,,,,,,,,,,,,,,,,,,
rsg_object_detection,dropped_oldest,948,rsg_20260806_64_704880000_000948,dropped,True,fifo_cached_frame,949,95,0,852,95,0,1,0.0,35.83453700412065,frame_fifo_full,,,,,,,,,,,,,,,,,,,,,,,,,,,,,,,,,,,,,,,,,,,,,,,,,,,,,,,,
rsg_object_detection,dropped_oldest,949,rsg_20260806_64_754880000_000949,dropped,True,fifo_cached_frame,950,95,0,853,95,0,1,0.0,52.00149099982809,frame_fifo_full,,,,,,,,,,,,,,,,,,,,,,,,,,,,,,,,,,,,,,,,,,,,,,,,,,,,,,,,
rsg_object_detection,dropped_oldest,950,rsg_20260806_64_804879999_000950,dropped,True,fifo_cached_frame,951,95,0,854,95,0,1,0.0,39.70989899971755,frame_fifo_full,,,,,,,,,,,,,,,,,,,,,,,,,,,,,,,,,,,,,,,,,,,,,,,,,,,,,,,,
rsg_object_detection,dropped_oldest,951,rsg_20260806_64_854879999_000951,dropped,True,fifo_cached_frame,952,95,0,855,95,0,1,0.0,50.40505700162612,frame_fifo_full,,,,,,,,,,,,,,,,,,,,,,,,,,,,,,,,,,,,,,,,,,,,,,,,,,,,,,,,
rsg_object_detection,frame_trace,939,rsg_20260806_64_254880000_000939,sent_to_hydra,,,,,,,,,,,646.3038439978845,ok,13.076832998194732,627.9458279968821,3.6455820008995943,0.15404100122395903,3.4915409996756352,0.0025279950932599604,1.1778619955293834,0.19109500135527924,393.7602149962913,16.603413001575973,0.006976006261538714,410.5616990054841,137.2381580004003,28.105056000640616,10.471232002601027,81.1535390021163,16.74964700214332,42.464837002626155,3.8698569987900555,1.1650320011540316,0.356110991560854,1.3027199966018088,0.2992810041178018,0.004800000169780105,186.71609200100647,4.772790998686105,0.12677700578933582,24.54676899651531,0.04383799387142062,8.655513003759552,8.086868998361751,0.09013999806484208,0.4785040073329583,3.6053599978913553,0.8104250009637326,0.0055349955800920725,1.6330730068148114,8,0,8,0,0,,,,,,,,,,,,,,
rsg_object_detection,dropped_oldest,953,rsg_20260806_64_954880000_000953,dropped,True,fifo_cached_frame,954,96,0,856,96,0,1,0.0,51.428111000859644,frame_fifo_full,,,,,,,,,,,,,,,,,,,,,,,,,,,,,,,,,,,,,,,,,,,,,,,,,,,,,,,,
rsg_object_detection,dropped_oldest,954,rsg_20260806_65_004879999_000954,dropped,True,fifo_cached_frame,955,96,0,857,96,0,1,0.0,49.37717199936742,frame_fifo_full,,,,,,,,,,,,,,,,,,,,,,,,,,,,,,,,,,,,,,,,,,,,,,,,,,,,,,,,
rsg_object_detection,dropped_oldest,955,rsg_20260806_65_054879999_000955,dropped,True,fifo_cached_frame,956,96,0,858,96,0,1,0.0,49.882302002515644,frame_fifo_full,,,,,,,,,,,,,,,,,,,,,,,,,,,,,,,,,,,,,,,,,,,,,,,,,,,,,,,,
rsg_object_detection,dropped_oldest,956,rsg_20260806_65_104879999_000956,dropped,True,fifo_cached_frame,957,96,0,859,96,0,1,0.0,52.67000700405333,frame_fifo_full,,,,,,,,,,,,,,,,,,,,,,,,,,,,,,,,,,,,,,,,,,,,,,,,,,,,,,,,
rsg_object_detection,dropped_oldest,957,rsg_20260806_65_154880000_000957,dropped,True,fifo_cached_frame,958,96,0,860,96,0,1,0.0,48.43722099758452,frame_fifo_full,,,,,,,,,,,,,,,,,,,,,,,,,,,,,,,,,,,,,,,,,,,,,,,,,,,,,,,,
rsg_object_detection,dropped_oldest,958,rsg_20260806_65_204880000_000958,dropped,True,fifo_cached_frame,959,96,0,861,96,0,1,0.0,52.74952299805591,frame_fifo_full,,,,,,,,,,,,,,,,,,,,,,,,,,,,,,,,,,,,,,,,,,,,,,,,,,,,,,,,
rsg_object_detection,dropped_oldest,959,rsg_20260806_65_254880000_000959,dropped,True,fifo_cached_frame,960,96,0,862,96,0,1,0.0,49.80349099787418,frame_fifo_full,,,,,,,,,,,,,,,,,,,,,,,,,,,,,,,,,,,,,,,,,,,,,,,,,,,,,,,,
rsg_object_detection,dropped_oldest,960,rsg_20260806_65_304879999_000960,dropped,True,fifo_cached_frame,961,96,0,863,96,0,1,0.0,91.28322700416902,frame_fifo_full,,,,,,,,,,,,,,,,,,,,,,,,,,,,,,,,,,,,,,,,,,,,,,,,,,,,,,,,
rsg_object_detection,dropped_oldest,961,rsg_20260806_65_354879999_000961,dropped,True,fifo_cached_frame,962,96,0,864,96,0,1,0.0,8.023448994208593,frame_fifo_full,,,,,,,,,,,,,,,,,,,,,,,,,,,,,,,,,,,,,,,,,,,,,,,,,,,,,,,,
rsg_object_detection,dropped_oldest,962,rsg_20260806_65_404880000_000962,dropped,True,fifo_cached_frame,963,96,0,865,96,0,1,0.0,79.9243250003201,frame_fifo_full,,,,,,,,,,,,,,,,,,,,,,,,,,,,,,,,,,,,,,,,,,,,,,,,,,,,,,,,
rsg_object_detection,dropped_oldest,963,rsg_20260806_65_454880000_000963,dropped,True,fifo_cached_frame,964,96,0,866,96,0,1,0.0,19.051615003263578,frame_fifo_full,,,,,,,,,,,,,,,,,,,,,,,,,,,,,,,,,,,,,,,,,,,,,,,,,,,,,,,,
rsg_object_detection,dropped_oldest,964,rsg_20260806_65_504880000_000964,dropped,True,fifo_cached_frame,965,96,0,867,96,0,1,0.0,54.207148001296446,frame_fifo_full,,,,,,,,,,,,,,,,,,,,,,,,,,,,,,,,,,,,,,,,,,,,,,,,,,,,,,,,
rsg_object_detection,frame_trace,952,rsg_20260806_64_904880000_000952,sent_to_hydra,,,,,,,,,,,653.0908810018445,ok,16.689457996108104,609.0490630012937,25.707160006277263,0.13097000191919506,25.576190004358068,0.0019520011846907437,1.2520989985205233,0.19336699915584177,382.7722610003548,20.679310997365974,0.006272006430663168,403.65121100330725,94.71061400836334,21.268883006996475,6.2469280092045665,38.75532597885467,27.485987018735614,67.61718200141331,9.400180984812323,1.9184030170436017,0.6207989863469265,1.3768930002697743,0.14373700105352327,0.006431997462641448,175.81107200385304,3.3884419972309843,0.1319939983659424,24.77264699700754,0.041598003008402884,7.533967997005675,6.843057999503799,0.11516299855429679,0.5757469989475794,4.2131390000577085,4.93678299972089,0.0055679993238300085,1.64324799698079,8,0,8,0,0,,,,,,,,,,,,,,
rsg_object_detection,dropped_oldest,966,rsg_20260806_65_604879999_000966,dropped,True,fifo_cached_frame,967,97,0,868,97,0,1,0.0,42.47808799846098,frame_fifo_full,,,,,,,,,,,,,,,,,,,,,,,,,,,,,,,,,,,,,,,,,,,,,,,,,,,,,,,,
rsg_object_detection,dropped_oldest,967,rsg_20260806_65_654880000_000967,dropped,True,fifo_cached_frame,968,97,0,869,97,0,1,0.0,50.1203070016345,frame_fifo_full,,,,,,,,,,,,,,,,,,,,,,,,,,,,,,,,,,,,,,,,,,,,,,,,,,,,,,,,
rsg_object_detection,dropped_oldest,968,rsg_20260806_65_704880000_000968,dropped,True,fifo_cached_frame,969,97,0,870,97,0,1,0.0,54.10999999730848,frame_fifo_full,,,,,,,,,,,,,,,,,,,,,,,,,,,,,,,,,,,,,,,,,,,,,,,,,,,,,,,,
rsg_object_detection,dropped_oldest,969,rsg_20260806_65_754880000_000969,dropped,True,fifo_cached_frame,970,97,0,871,97,0,1,0.0,51.10963400511537,frame_fifo_full,,,,,,,,,,,,,,,,,,,,,,,,,,,,,,,,,,,,,,,,,,,,,,,,,,,,,,,,
rsg_object_detection,dropped_oldest,970,rsg_20260806_65_804879999_000970,dropped,True,fifo_cached_frame,971,97,0,872,97,0,1,0.0,48.019898000347894,frame_fifo_full,,,,,,,,,,,,,,,,,,,,,,,,,,,,,,,,,,,,,,,,,,,,,,,,,,,,,,,,
rsg_object_detection,dropped_oldest,971,rsg_20260806_65_854879999_000971,dropped,True,fifo_cached_frame,972,97,0,873,97,0,1,0.0,48.684250003134366,frame_fifo_full,,,,,,,,,,,,,,,,,,,,,,,,,,,,,,,,,,,,,,,,,,,,,,,,,,,,,,,,
rsg_object_detection,dropped_oldest,972,rsg_20260806_65_904880000_000972,dropped,True,fifo_cached_frame,973,97,0,874,97,0,1,0.0,49.455124004452955,frame_fifo_full,,,,,,,,,,,,,,,,,,,,,,,,,,,,,,,,,,,,,,,,,,,,,,,,,,,,,,,,
rsg_object_detection,dropped_oldest,973,rsg_20260806_65_954880000_000973,dropped,True,fifo_cached_frame,974,97,0,875,97,0,1,0.0,115.61016899941023,frame_fifo_full,,,,,,,,,,,,,,,,,,,,,,,,,,,,,,,,,,,,,,,,,,,,,,,,,,,,,,,,
rsg_object_detection,dropped_oldest,974,rsg_20260806_66_004879999_000974,dropped,True,fifo_cached_frame,975,97,0,876,97,0,1,0.0,4.619262996129692,frame_fifo_full,,,,,,,,,,,,,,,,,,,,,,,,,,,,,,,,,,,,,,,,,,,,,,,,,,,,,,,,
rsg_object_detection,frame_trace,965,rsg_20260806_65_554879999_000965,sent_to_hydra,,,,,,,,,,,526.3701970034163,ok,18.395616003545,486.3021010023658,20.187463000183925,0.194038002518937,19.993424997664988,0.0037759964470751584,0.9454259998165071,0.16165700071724132,330.132119001064,16.487900000356603,0.007167996955104172,346.78884399909293,53.47012900165282,20.32924900413491,4.6342370042111725,14.025139986188151,13.690534011402633,47.71210400213022,4.178451999905519,0.9984149946831167,0.3420310022193007,1.841189994593151,0.30305700056487694,0.004447996616363525,108.86560099606868,5.729256998165511,0.13471399870468304,23.79554299841402,0.04271601210348308,13.745857999310829,13.102658005664125,0.15996000001905486,0.4832399936276488,3.8372530034394003,0.8067449962254614,0.005760004569310695,1.4812410008744337,8,0,8,0,0,,,,,,,,,,,,,,
rsg_object_detection,dropped_oldest,976,rsg_20260806_66_104879999_000976,dropped,True,fifo_cached_frame,977,98,0,877,98,0,1,0.0,57.70909299462801,frame_fifo_full,,,,,,,,,,,,,,,,,,,,,,,,,,,,,,,,,,,,,,,,,,,,,,,,,,,,,,,,
rsg_object_detection,dropped_oldest,977,rsg_20260806_66_154880000_000977,dropped,True,fifo_cached_frame,978,98,0,878,98,0,1,0.0,40.83698699832894,frame_fifo_full,,,,,,,,,,,,,,,,,,,,,,,,,,,,,,,,,,,,,,,,,,,,,,,,,,,,,,,,
rsg_object_detection,dropped_oldest,978,rsg_20260806_66_204880000_000978,dropped,True,fifo_cached_frame,979,98,0,879,98,0,1,0.0,50.71906599914655,frame_fifo_full,,,,,,,,,,,,,,,,,,,,,,,,,,,,,,,,,,,,,,,,,,,,,,,,,,,,,,,,
rsg_object_detection,dropped_oldest,979,rsg_20260806_66_254880000_000979,dropped,True,fifo_cached_frame,980,98,0,880,98,0,1,0.0,51.13254999741912,frame_fifo_full,,,,,,,,,,,,,,,,,,,,,,,,,,,,,,,,,,,,,,,,,,,,,,,,,,,,,,,,
rsg_object_detection,dropped_oldest,980,rsg_20260806_66_304879999_000980,dropped,True,fifo_cached_frame,981,98,0,881,98,0,1,0.0,49.271873001998756,frame_fifo_full,,,,,,,,,,,,,,,,,,,,,,,,,,,,,,,,,,,,,,,,,,,,,,,,,,,,,,,,
rsg_object_detection,dropped_oldest,981,rsg_20260806_66_354879999_000981,dropped,True,fifo_cached_frame,982,98,0,882,98,0,1,0.0,60.601560995564796,frame_fifo_full,,,,,,,,,,,,,,,,,,,,,,,,,,,,,,,,,,,,,,,,,,,,,,,,,,,,,,,,
rsg_object_detection,dropped_oldest,982,rsg_20260806_66_404880000_000982,dropped,True,fifo_cached_frame,983,98,0,883,98,0,1,0.0,48.47261499526212,frame_fifo_full,,,,,,,,,,,,,,,,,,,,,,,,,,,,,,,,,,,,,,,,,,,,,,,,,,,,,,,,
rsg_object_detection,dropped_oldest,983,rsg_20260806_66_454880000_000983,dropped,True,fifo_cached_frame,984,98,0,884,98,0,1,0.0,47.394619999977294,frame_fifo_full,,,,,,,,,,,,,,,,,,,,,,,,,,,,,,,,,,,,,,,,,,,,,,,,,,,,,,,,
rsg_object_detection,dropped_oldest,984,rsg_20260806_66_504880000_000984,dropped,True,fifo_cached_frame,985,98,0,885,98,0,1,0.0,53.562415996566415,frame_fifo_full,,,,,,,,,,,,,,,,,,,,,,,,,,,,,,,,,,,,,,,,,,,,,,,,,,,,,,,,
rsg_object_detection,dropped_oldest,985,rsg_20260806_66_554879999_000985,dropped,True,fifo_cached_frame,986,98,0,886,98,0,1,0.0,61.1029130013776,frame_fifo_full,,,,,,,,,,,,,,,,,,,,,,,,,,,,,,,,,,,,,,,,,,,,,,,,,,,,,,,,
rsg_object_detection,frame_trace,975,rsg_20260806_66_054879999_000975,sent_to_hydra,,,,,,,,,,,561.4449139975477,ok,13.517901999875903,518.7301620026119,27.389290000428446,0.16124000103445724,27.22804999939399,0.0029760049073956907,5.558736993407365,0.19250300101703033,359.438207000494,15.56394599901978,0.005376001354306936,375.2000320018851,40.25563899631379,20.679089000623208,4.215248001855798,5.516019999049604,9.235484998498578,56.88215799455065,6.660060986177996,1.401465997332707,0.4131330279051326,1.4903599949320778,0.15448899648617953,0.005599998985417187,107.28075999941211,3.044971002964303,0.19026300287805498,27.412616997025907,0.042782005039043725,9.226431000570301,8.631707998574711,0.08473199704894796,0.5099910049466416,3.6018089958815835,0.6840950009063818,0.005567002517636865,1.8045839897240512,8,0,8,0,0,,,,,,,,,,,,,,
rsg_object_detection,dropped_oldest,987,rsg_20260806_66_654880000_000987,dropped,True,fifo_cached_frame,988,99,0,887,99,0,1,0.0,43.83754599984968,frame_fifo_full,,,,,,,,,,,,,,,,,,,,,,,,,,,,,,,,,,,,,,,,,,,,,,,,,,,,,,,,
rsg_object_detection,dropped_oldest,988,rsg_20260806_66_704880000_000988,dropped,True,fifo_cached_frame,989,99,0,888,99,0,1,0.0,54.240686004050076,frame_fifo_full,,,,,,,,,,,,,,,,,,,,,,,,,,,,,,,,,,,,,,,,,,,,,,,,,,,,,,,,
rsg_object_detection,dropped_oldest,989,rsg_20260806_66_754880000_000989,dropped,True,fifo_cached_frame,990,99,0,889,99,0,1,0.0,51.20169800648,frame_fifo_full,,,,,,,,,,,,,,,,,,,,,,,,,,,,,,,,,,,,,,,,,,,,,,,,,,,,,,,,
rsg_object_detection,dropped_oldest,990,rsg_20260806_66_804879999_000990,dropped,True,fifo_cached_frame,991,99,0,890,99,0,1,0.0,48.412682001071516,frame_fifo_full,,,,,,,,,,,,,,,,,,,,,,,,,,,,,,,,,,,,,,,,,,,,,,,,,,,,,,,,
rsg_object_detection,dropped_oldest,991,rsg_20260806_66_854879999_000991,dropped,True,fifo_cached_frame,992,99,0,891,99,0,1,0.0,52.37671399663668,frame_fifo_full,,,,,,,,,,,,,,,,,,,,,,,,,,,,,,,,,,,,,,,,,,,,,,,,,,,,,,,,
rsg_object_detection,dropped_oldest,992,rsg_20260806_66_904880000_000992,dropped,True,fifo_cached_frame,993,99,0,892,99,0,1,0.0,51.75367199990433,frame_fifo_full,,,,,,,,,,,,,,,,,,,,,,,,,,,,,,,,,,,,,,,,,,,,,,,,,,,,,,,,
rsg_object_detection,dropped_oldest,993,rsg_20260806_66_954880000_000993,dropped,True,fifo_cached_frame,994,99,0,893,99,0,1,0.0,47.986302997742314,frame_fifo_full,,,,,,,,,,,,,,,,,,,,,,,,,,,,,,,,,,,,,,,,,,,,,,,,,,,,,,,,
rsg_object_detection,dropped_oldest,994,rsg_20260806_67_004879999_000994,dropped,True,fifo_cached_frame,995,99,0,894,99,0,1,0.0,54.546559003938455,frame_fifo_full,,,,,,,,,,,,,,,,,,,,,,,,,,,,,,,,,,,,,,,,,,,,,,,,,,,,,,,,
rsg_object_detection,dropped_oldest,995,rsg_20260806_67_054879999_000995,dropped,True,fifo_cached_frame,996,99,0,895,99,0,1,0.0,54.8496530027478,frame_fifo_full,,,,,,,,,,,,,,,,,,,,,,,,,,,,,,,,,,,,,,,,,,,,,,,,,,,,,,,,
rsg_object_detection,dropped_oldest,996,rsg_20260806_67_104879999_000996,dropped,True,fifo_cached_frame,997,99,0,896,99,0,1,0.0,39.51535899977898,frame_fifo_full,,,,,,,,,,,,,,,,,,,,,,,,,,,,,,,,,,,,,,,,,,,,,,,,,,,,,,,,
rsg_object_detection,dropped_oldest,997,rsg_20260806_67_154880000_000997,dropped,True,fifo_cached_frame,998,99,0,897,99,0,1,0.0,54.25323500094237,frame_fifo_full,,,,,,,,,,,,,,,,,,,,,,,,,,,,,,,,,,,,,,,,,,,,,,,,,,,,,,,,
rsg_object_detection,frame_trace,986,rsg_20260806_66_604879999_000986,sent_to_hydra,,,,,,,,,,,583.9442149954266,ok,15.980502997990698,538.9021820010385,27.07512999768369,0.16274399968096986,26.91238599800272,0.003360000846441835,4.358956000942271,0.45053900248603895,317.88237600267166,19.533352999133058,0.005565998435486108,337.87183400272625,77.52579302177764,18.185547000030056,5.411448000813834,34.62602499348577,18.625206997967325,71.15887699910672,6.994572999246884,6.458596995798871,0.4612259872374125,1.4782319994992577,0.5234310010564514,0.006622998625971377,164.62283900182229,5.293470996548422,0.1474169985158369,26.570515998173505,0.0371490023098886,7.688202000281308,7.018441996478941,0.09986700024455786,0.5698930035578087,3.502421997836791,4.783702999702655,0.006176000169944018,1.9830399978673086,8,0,8,0,0,,,,,,,,,,,,,,
rsg_object_detection,dropped_oldest,999,rsg_20260806_67_254880000_000999,dropped,True,fifo_cached_frame,1000,100,0,898,100,0,1,0.0,47.596693999366835,frame_fifo_full,,,,,,,,,,,,,,,,,,,,,,,,,,,,,,,,,,,,,,,,,,,,,,,,,,,,,,,,
rsg_object_detection,dropped_oldest,1000,rsg_20260806_67_304879999_001000,dropped,True,fifo_cached_frame,1001,100,0,899,100,0,1,0.0,48.416206998808775,frame_fifo_full,,,,,,,,,,,,,,,,,,,,,,,,,,,,,,,,,,,,,,,,,,,,,,,,,,,,,,,,
rsg_object_detection,dropped_oldest,1001,rsg_20260806_67_354879999_001001,dropped,True,fifo_cached_frame,1002,100,0,900,100,0,1,0.0,51.632977003464475,frame_fifo_full,,,,,,,,,,,,,,,,,,,,,,,,,,,,,,,,,,,,,,,,,,,,,,,,,,,,,,,,
rsg_object_detection,dropped_oldest,1002,rsg_20260806_67_404880000_001002,dropped,True,fifo_cached_frame,1003,100,0,901,100,0,1,0.0,51.76052399474429,frame_fifo_full,,,,,,,,,,,,,,,,,,,,,,,,,,,,,,,,,,,,,,,,,,,,,,,,,,,,,,,,
rsg_object_detection,dropped_oldest,1003,rsg_20260806_67_454880000_001003,dropped,True,fifo_cached_frame,1004,100,0,902,100,0,1,0.0,52.01174399553565,frame_fifo_full,,,,,,,,,,,,,,,,,,,,,,,,,,,,,,,,,,,,,,,,,,,,,,,,,,,,,,,,
rsg_object_detection,dropped_oldest,1004,rsg_20260806_67_504880000_001004,dropped,True,fifo_cached_frame,1005,100,0,903,100,0,1,0.0,46.4378390024649,frame_fifo_full,,,,,,,,,,,,,,,,,,,,,,,,,,,,,,,,,,,,,,,,,,,,,,,,,,,,,,,,
rsg_object_detection,dropped_oldest,1005,rsg_20260806_67_554879999_001005,dropped,True,fifo_cached_frame,1006,100,0,904,100,0,1,0.0,49.519831998622976,frame_fifo_full,,,,,,,,,,,,,,,,,,,,,,,,,,,,,,,,,,,,,,,,,,,,,,,,,,,,,,,,
rsg_object_detection,dropped_oldest,1006,rsg_20260806_67_604879999_001006,dropped,True,fifo_cached_frame,1007,100,0,905,100,0,1,0.0,49.81271400174592,frame_fifo_full,,,,,,,,,,,,,,,,,,,,,,,,,,,,,,,,,,,,,,,,,,,,,,,,,,,,,,,,
rsg_object_detection,dropped_oldest,1007,rsg_20260806_67_654880000_001007,dropped,True,fifo_cached_frame,1008,100,0,906,100,0,1,0.0,64.28125900129089,frame_fifo_full,,,,,,,,,,,,,,,,,,,,,,,,,,,,,,,,,,,,,,,,,,,,,,,,,,,,,,,,
rsg_object_detection,dropped_oldest,1008,rsg_20260806_67_704880000_001008,dropped,True,fifo_cached_frame,1009,100,0,907,100,0,1,0.0,38.261915993643925,frame_fifo_full,,,,,,,,,,,,,,,,,,,,,,,,,,,,,,,,,,,,,,,,,,,,,,,,,,,,,,,,
rsg_object_detection,dropped_oldest,1009,rsg_20260806_67_754880000_001009,dropped,True,fifo_cached_frame,1010,100,0,908,100,0,1,0.0,57.686892003403045,frame_fifo_full,,,,,,,,,,,,,,,,,,,,,,,,,,,,,,,,,,,,,,,,,,,,,,,,,,,,,,,,
rsg_object_detection,dropped_oldest,1010,rsg_20260806_67_804879999_001010,dropped,True,fifo_cached_frame,1011,100,0,909,100,0,1,0.0,42.61424799915403,frame_fifo_full,,,,,,,,,,,,,,,,,,,,,,,,,,,,,,,,,,,,,,,,,,,,,,,,,,,,,,,,
rsg_object_detection,frame_trace,998,rsg_20260806_67_204880000_000998,sent_to_hydra,,,,,,,,,,,655.9946039997158,ok,13.692870998056605,619.8197229969082,20.627860998502,0.14940099936211482,20.478459999139886,0.0021759988158009946,5.235425996943377,0.20117399981245399,432.73508900165325,16.65423100348562,0.006911992386449128,449.5974059973378,79.84530201065354,16.20874799846206,4.73148101445986,46.994868011097424,11.377269991498906,41.64690399920801,10.108948998095002,1.0572920073173009,0.3433749880059622,1.200484999571927,0.32318400189979,0.005472000339068472,134.54574700153898,4.879826999967918,0.17976699746213853,25.333295998279937,0.0482540053781122,9.232926997356117,8.611420998931862,0.10348299838369712,0.5180230000405572,3.4623600004124455,0.9924319965648465,0.005152003723196685,1.8519730074331164,7,0,7,0,0,,,,,,,,,,,,,,
rsg_object_detection,dropped_oldest,1012,rsg_20260806_67_904880000_001012,dropped,True,fifo_cached_frame,1013,101,0,910,101,0,1,0.0,49.27891599800205,frame_fifo_full,,,,,,,,,,,,,,,,,,,,,,,,,,,,,,,,,,,,,,,,,,,,,,,,,,,,,,,,
rsg_object_detection,dropped_oldest,1013,rsg_20260806_67_954880000_001013,dropped,True,fifo_cached_frame,1014,101,0,911,101,0,1,0.0,59.36159400152974,frame_fifo_full,,,,,,,,,,,,,,,,,,,,,,,,,,,,,,,,,,,,,,,,,,,,,,,,,,,,,,,,
rsg_object_detection,dropped_oldest,1014,rsg_20260806_68_004879999_001014,dropped,True,fifo_cached_frame,1015,101,0,912,101,0,1,0.0,41.87892399932025,frame_fifo_full,,,,,,,,,,,,,,,,,,,,,,,,,,,,,,,,,,,,,,,,,,,,,,,,,,,,,,,,
rsg_object_detection,dropped_oldest,1015,rsg_20260806_68_054879999_001015,dropped,True,fifo_cached_frame,1016,101,0,913,101,0,1,0.0,101.02149600425037,frame_fifo_full,,,,,,,,,,,,,,,,,,,,,,,,,,,,,,,,,,,,,,,,,,,,,,,,,,,,,,,,
rsg_object_detection,dropped_oldest,1016,rsg_20260806_68_154880000_001016,dropped,True,fifo_cached_frame,1017,101,0,914,101,0,1,0.0,46.96543299360201,frame_fifo_full,,,,,,,,,,,,,,,,,,,,,,,,,,,,,,,,,,,,,,,,,,,,,,,,,,,,,,,,
rsg_object_detection,dropped_oldest,1017,rsg_20260806_68_204880000_001017,dropped,True,fifo_cached_frame,1018,101,0,915,101,0,1,0.0,120.4234999968321,frame_fifo_full,,,,,,,,,,,,,,,,,,,,,,,,,,,,,,,,,,,,,,,,,,,,,,,,,,,,,,,,
rsg_object_detection,dropped_oldest,1018,rsg_20260806_68_304879999_001018,dropped,True,fifo_cached_frame,1019,101,0,916,101,0,1,0.0,100.75914199842373,frame_fifo_full,,,,,,,,,,,,,,,,,,,,,,,,,,,,,,,,,,,,,,,,,,,,,,,,,,,,,,,,
rsg_object_detection,frame_trace,1011,rsg_20260806_67_854879999_001011,sent_to_hydra,,,,,,,,,,,580.8248489993275,ok,10.215601003437769,543.875763003598,25.33992000098806,0.17483999545220286,25.165080005535856,0.0015359983080998063,2.284944996063132,0.18863100558519363,374.9496590025956,16.434978002507705,0.007935988833196461,391.5812039995217,69.56526299472898,22.633781998592895,3.679982000903692,32.81197598698782,9.859457990387455,41.58697299862979,3.1003920012153685,0.5537979959626682,0.2861960092559457,1.2702099993475713,0.4718810014310293,0.005056004738435149,116.85746399598429,7.108550998964347,0.1590959946042858,25.8398660007515,0.0446370177087374,5.717419000575319,5.200866995437536,0.09641100041335449,0.42014100472442806,3.5622590003185906,0.9301309983129613,0.005792004230897874,1.3920289929956198,7,0,7,0,0,,,,,,,,,,,,,,
rsg_object_detection,dropped_oldest,1020,rsg_20260806_68_454880000_001020,dropped,True,fifo_cached_frame,1021,102,0,917,102,0,1,0.0,96.56836900103372,frame_fifo_full,,,,,,,,,,,,,,,,,,,,,,,,,,,,,,,,,,,,,,,,,,,,,,,,,,,,,,,,
rsg_object_detection,dropped_oldest,1021,rsg_20260806_68_554879999_001021,dropped,True,fifo_cached_frame,1022,102,0,918,102,0,1,0.0,50.2471930012689,frame_fifo_full,,,,,,,,,,,,,,,,,,,,,,,,,,,,,,,,,,,,,,,,,,,,,,,,,,,,,,,,
rsg_object_detection,dropped_oldest,1022,rsg_20260806_68_604879999_001022,dropped,True,fifo_cached_frame,1023,102,0,919,102,0,1,0.0,52.65082100231666,frame_fifo_full,,,,,,,,,,,,,,,,,,,,,,,,,,,,,,,,,,,,,,,,,,,,,,,,,,,,,,,,
rsg_object_detection,dropped_oldest,1023,rsg_20260806_68_654880000_001023,dropped,True,fifo_cached_frame,1024,102,0,920,102,0,1,0.0,51.19482699956279,frame_fifo_full,,,,,,,,,,,,,,,,,,,,,,,,,,,,,,,,,,,,,,,,,,,,,,,,,,,,,,,,
rsg_object_detection,dropped_oldest,1024,rsg_20260806_68_704880000_001024,dropped,True,fifo_cached_frame,1025,102,0,921,102,0,1,0.0,47.032437003508676,frame_fifo_full,,,,,,,,,,,,,,,,,,,,,,,,,,,,,,,,,,,,,,,,,,,,,,,,,,,,,,,,
rsg_object_detection,dropped_oldest,1025,rsg_20260806_68_754880000_001025,dropped,True,fifo_cached_frame,1026,102,0,922,102,0,1,0.0,173.04856100236066,frame_fifo_full,,,,,,,,,,,,,,,,,,,,,,,,,,,,,,,,,,,,,,,,,,,,,,,,,,,,,,,,
rsg_object_detection,dropped_oldest,1026,rsg_20260806_68_904880000_001026,dropped,True,fifo_cached_frame,1027,102,0,923,102,0,1,0.0,39.40516000147909,frame_fifo_full,,,,,,,,,,,,,,,,,,,,,,,,,,,,,,,,,,,,,,,,,,,,,,,,,,,,,,,,
rsg_object_detection,frame_trace,1019,rsg_20260806_68_404880000_001019,sent_to_hydra,,,,,,,,,,,551.2869710000814,ok,12.287083998671733,507.862071004638,29.741947997536045,0.14111299969954416,29.6008349978365,0.0022079984773881733,5.428889002359938,0.2928809990407899,343.4202280041063,16.25978700030828,0.007199996616691351,359.9800960000721,67.85161899460945,23.79097599623492,4.604800000379328,27.16546499141259,11.738503002561629,44.90361200441839,3.7953060018480755,1.0214229914708994,0.35194800148019567,1.3083200028631836,0.1537850039312616,0.0066870052251033485,119.40773999958765,2.644416003022343,0.16319200221914798,20.194475997413974,0.043261999962851405,8.24030399962794,7.660268995095976,0.08837899804348126,0.4916560064884834,3.4293380012968555,0.6132819980848581,0.004159999662078917,1.3936600007582456,7,0,7,0,0,,,,,,,,,,,,,,
rsg_object_detection,dropped_oldest,1028,rsg_20260806_69_004879999_001028,dropped,True,fifo_cached_frame,1029,103,0,924,103,0,1,0.0,96.44357900106115,frame_fifo_full,,,,,,,,,,,,,,,,,,,,,,,,,,,,,,,,,,,,,,,,,,,,,,,,,,,,,,,,
rsg_object_detection,dropped_oldest,1029,rsg_20260806_69_104879999_001029,dropped,True,fifo_cached_frame,1030,103,0,925,103,0,1,0.0,50.641290996281896,frame_fifo_full,,,,,,,,,,,,,,,,,,,,,,,,,,,,,,,,,,,,,,,,,,,,,,,,,,,,,,,,
rsg_object_detection,dropped_oldest,1030,rsg_20260806_69_154880000_001030,dropped,True,fifo_cached_frame,1031,103,0,926,103,0,1,0.0,51.825041002302896,frame_fifo_full,,,,,,,,,,,,,,,,,,,,,,,,,,,,,,,,,,,,,,,,,,,,,,,,,,,,,,,,
rsg_object_detection,dropped_oldest,1031,rsg_20260806_69_204880000_001031,dropped,True,fifo_cached_frame,1032,103,0,927,103,0,1,0.0,50.4506430006586,frame_fifo_full,,,,,,,,,,,,,,,,,,,,,,,,,,,,,,,,,,,,,,,,,,,,,,,,,,,,,,,,
rsg_object_detection,dropped_oldest,1032,rsg_20260806_69_254880000_001032,dropped,True,fifo_cached_frame,1033,103,0,928,103,0,1,0.0,48.41589400166413,frame_fifo_full,,,,,,,,,,,,,,,,,,,,,,,,,,,,,,,,,,,,,,,,,,,,,,,,,,,,,,,,
rsg_object_detection,dropped_oldest,1033,rsg_20260806_69_304879999_001033,dropped,True,fifo_cached_frame,1034,103,0,929,103,0,1,0.0,51.21524599962868,frame_fifo_full,,,,,,,,,,,,,,,,,,,,,,,,,,,,,,,,,,,,,,,,,,,,,,,,,,,,,,,,
rsg_object_detection,dropped_oldest,1034,rsg_20260806_69_354879999_001034,dropped,True,fifo_cached_frame,1035,103,0,930,103,0,1,0.0,95.47562999796355,frame_fifo_full,,,,,,,,,,,,,,,,,,,,,,,,,,,,,,,,,,,,,,,,,,,,,,,,,,,,,,,,
rsg_object_detection,dropped_oldest,1035,rsg_20260806_69_454880000_001035,dropped,True,fifo_cached_frame,1036,103,0,931,103,0,1,0.0,55.96227999922121,frame_fifo_full,,,,,,,,,,,,,,,,,,,,,,,,,,,,,,,,,,,,,,,,,,,,,,,,,,,,,,,,
rsg_object_detection,dropped_oldest,1036,rsg_20260806_69_504880000_001036,dropped,True,fifo_cached_frame,1037,103,0,932,104,0,1,0.0,63.95578099909471,frame_fifo_full,,,,,,,,,,,,,,,,,,,,,,,,,,,,,,,,,,,,,,,,,,,,,,,,,,,,,,,,
rsg_object_detection,frame_trace,1027,rsg_20260806_68_954880000_001027,sent_to_hydra,,,,,,,,,,,587.3772910053958,ok,12.067927003954537,551.5453970001545,21.454191002703737,0.1371770049445331,21.317013997759204,0.006336005753837526,1.0454210059833713,0.1835430011851713,338.23560499877203,21.772449006675743,0.007455993909388781,360.19905300054234,80.91179197799647,25.554858999385033,6.288623000727966,32.2129030173528,15.996472990082111,64.3070920050377,7.164164991991129,1.859591000538785,0.4706950203399174,1.3557740021497011,0.15356099902419373,0.006080001185182482,156.24426899739774,7.32828499894822,0.1401530025759712,26.546137996774632,0.042077997932210565,6.533251995278988,5.7055799989029765,0.11055499635403976,0.7171170000219718,4.821173999516759,0.7085739998728968,0.004927009285893291,2.303439992829226,8,0,8,0,0,,,,,,,,,,,,,,
rsg_object_detection,,221,rsg_20260806_22_804880000_000221,vlm_done,,,,,,,,,,,,ok,,,,,,,,,,,,,,,,,,,,,,,,,,,,,,,,,,,,,,,,,,,rsg_obj_000013,rsg_unknown_rsg_20260806_22_804880000_000221_003_nanosam_000,,,9,0.3506313347375984,ceiling_light,0.98,static,0.99,6480.445321998559,45025.245944001654,qwen_http,Qwen3-VL-8B-Instruct-GGUF
rsg_object_detection,completed,221,rsg_20260806_22_804880000_000221,,,,,,,,,,,38544.7985100036,,vlm_done,,,,,,,,,,,,,,,,,,,,,,,,,,,,,,,,,,,,,,,,,,,rsg_obj_000013,rsg_unknown_rsg_20260806_22_804880000_000221_003_nanosam_000,33,300,9,0.3506313347375984,,,,,,,,
rsg_object_detection,dequeued,232,rsg_20260806_23_354880000_000232,,,,,,,,,,,42406.47547799745,,fifo_order,,,,,,,,,,,,,,,,,,,,,,,,,,,,,,,,,,,,,,,,,,,rsg_obj_000015,rsg_unknown_rsg_20260806_23_354880000_000232_006_nanosam_002,32,300,5,0.4944532164968459,,,,,,,,
rsg_object_detection,dropped_oldest,1038,rsg_20260806_69_604879999_001038,dropped,True,fifo_cached_frame,1039,104,0,933,104,0,1,0.0,38.135271999635734,frame_fifo_full,,,,,,,,,,,,,,,,,,,,,,,,,,,,,,,,,,,,,,,,,,,,,,,,,,,,,,,,
rsg_object_detection,dropped_oldest,1039,rsg_20260806_69_654880000_001039,dropped,True,fifo_cached_frame,1040,104,0,934,104,0,1,0.0,50.72198999550892,frame_fifo_full,,,,,,,,,,,,,,,,,,,,,,,,,,,,,,,,,,,,,,,,,,,,,,,,,,,,,,,,
rsg_object_detection,dropped_oldest,1040,rsg_20260806_69_704880000_001040,dropped,True,fifo_cached_frame,1041,104,0,935,104,0,1,0.0,49.39242300315527,frame_fifo_full,,,,,,,,,,,,,,,,,,,,,,,,,,,,,,,,,,,,,,,,,,,,,,,,,,,,,,,,
rsg_object_detection,dropped_oldest,1041,rsg_20260806_69_754880000_001041,dropped,True,fifo_cached_frame,1042,104,0,936,104,0,1,0.0,61.909192001621705,frame_fifo_full,,,,,,,,,,,,,,,,,,,,,,,,,,,,,,,,,,,,,,,,,,,,,,,,,,,,,,,,
rsg_object_detection,dropped_oldest,1042,rsg_20260806_69_804879999_001042,dropped,True,fifo_cached_frame,1043,104,0,937,104,0,1,0.0,36.9706249985029,frame_fifo_full,,,,,,,,,,,,,,,,,,,,,,,,,,,,,,,,,,,,,,,,,,,,,,,,,,,,,,,,
rsg_object_detection,dropped_oldest,1043,rsg_20260806_69_854879999_001043,dropped,True,fifo_cached_frame,1044,104,0,938,104,0,1,0.0,86.94925899908412,frame_fifo_full,,,,,,,,,,,,,,,,,,,,,,,,,,,,,,,,,,,,,,,,,,,,,,,,,,,,,,,,
rsg_object_detection,dropped_oldest,1044,rsg_20260806_69_904880000_001044,dropped,True,fifo_cached_frame,1045,104,0,939,104,0,1,0.0,13.525616996048484,frame_fifo_full,,,,,,,,,,,,,,,,,,,,,,,,,,,,,,,,,,,,,,,,,,,,,,,,,,,,,,,,
rsg_object_detection,dropped_oldest,1045,rsg_20260806_69_954880000_001045,dropped,True,fifo_cached_frame,1046,104,0,940,104,0,1,0.0,73.49880599940661,frame_fifo_full,,,,,,,,,,,,,,,,,,,,,,,,,,,,,,,,,,,,,,,,,,,,,,,,,,,,,,,,
rsg_object_detection,dropped_oldest,1046,rsg_20260806_70_004879999_001046,dropped,True,fifo_cached_frame,1047,104,0,941,104,0,1,0.0,50.000777999230195,frame_fifo_full,,,,,,,,,,,,,,,,,,,,,,,,,,,,,,,,,,,,,,,,,,,,,,,,,,,,,,,,
rsg_object_detection,frame_trace,1037,rsg_20260806_69_554879999_001037,sent_to_hydra,,,,,,,,,,,517.0337019953877,ok,10.471077999682166,501.5716979978606,3.2884489992284216,0.16200800018850714,3.1264409990399145,0.004736000846605748,1.7340599952149205,0.17723899509292096,258.9427499988233,24.782351996691432,0.006271009624470025,283.9086120002321,95.36232500249753,19.17558300192468,5.525076005142182,51.651289002620615,18.35658201162005,78.92455999535741,2.9516339927795343,0.7712279912084341,0.2979980199597776,1.3299199999892153,0.32548899616813287,0.005087000317871571,179.98590299976058,6.9979969994165,0.14888899750076234,28.752815996995196,0.04342100874055177,5.777352998848073,5.1931569978478365,0.08930799958761781,0.4948880014126189,3.999966000264976,0.6884789981995709,0.0052800023695454,1.6977409977698699,8,0,7,0,0,,,,,,,,,,,,,,
rsg_object_detection,dropped_oldest,1048,rsg_20260806_70_104879999_001048,dropped,True,fifo_cached_frame,1049,105,0,942,105,0,1,0.0,57.63734000356635,frame_fifo_full,,,,,,,,,,,,,,,,,,,,,,,,,,,,,,,,,,,,,,,,,,,,,,,,,,,,,,,,
rsg_object_detection,dropped_oldest,1049,rsg_20260806_70_154880000_001049,dropped,True,fifo_cached_frame,1050,105,0,943,105,0,1,0.0,29.428239999106154,frame_fifo_full,,,,,,,,,,,,,,,,,,,,,,,,,,,,,,,,,,,,,,,,,,,,,,,,,,,,,,,,
rsg_object_detection,dropped_oldest,1050,rsg_20260806_70_204880000_001050,dropped,True,fifo_cached_frame,1051,105,0,944,105,0,1,0.0,49.60697600472486,frame_fifo_full,,,,,,,,,,,,,,,,,,,,,,,,,,,,,,,,,,,,,,,,,,,,,,,,,,,,,,,,
rsg_object_detection,dropped_oldest,1051,rsg_20260806_70_254880000_001051,dropped,True,fifo_cached_frame,1052,105,0,945,105,0,1,0.0,52.75802399410168,frame_fifo_full,,,,,,,,,,,,,,,,,,,,,,,,,,,,,,,,,,,,,,,,,,,,,,,,,,,,,,,,
rsg_object_detection,dropped_oldest,1052,rsg_20260806_70_304879999_001052,dropped,True,fifo_cached_frame,1053,105,0,946,105,0,1,0.0,52.63031800132012,frame_fifo_full,,,,,,,,,,,,,,,,,,,,,,,,,,,,,,,,,,,,,,,,,,,,,,,,,,,,,,,,
rsg_object_detection,dropped_oldest,1053,rsg_20260806_70_354879999_001053,dropped,True,fifo_cached_frame,1054,105,0,947,105,0,1,0.0,47.965199999453034,frame_fifo_full,,,,,,,,,,,,,,,,,,,,,,,,,,,,,,,,,,,,,,,,,,,,,,,,,,,,,,,,
rsg_object_detection,dropped_oldest,1054,rsg_20260806_70_404880000_001054,dropped,True,fifo_cached_frame,1055,105,0,948,105,0,1,0.0,52.158821003104094,frame_fifo_full,,,,,,,,,,,,,,,,,,,,,,,,,,,,,,,,,,,,,,,,,,,,,,,,,,,,,,,,
rsg_object_detection,dropped_oldest,1055,rsg_20260806_70_454880000_001055,dropped,True,fifo_cached_frame,1056,105,0,949,105,0,1,0.0,45.8312550035771,frame_fifo_full,,,,,,,,,,,,,,,,,,,,,,,,,,,,,,,,,,,,,,,,,,,,,,,,,,,,,,,,
rsg_object_detection,dropped_oldest,1056,rsg_20260806_70_504880000_001056,dropped,True,fifo_cached_frame,1057,105,0,950,105,0,1,0.0,79.1955609965953,frame_fifo_full,,,,,,,,,,,,,,,,,,,,,,,,,,,,,,,,,,,,,,,,,,,,,,,,,,,,,,,,
rsg_object_detection,dropped_oldest,1057,rsg_20260806_70_554879999_001057,dropped,True,fifo_cached_frame,1058,105,0,951,105,0,1,0.0,49.18504499801202,frame_fifo_full,,,,,,,,,,,,,,,,,,,,,,,,,,,,,,,,,,,,,,,,,,,,,,,,,,,,,,,,
rsg_object_detection,dropped_oldest,1058,rsg_20260806_70_604879999_001058,dropped,True,fifo_cached_frame,1059,105,0,952,105,0,1,0.0,47.99495899351314,frame_fifo_full,,,,,,,,,,,,,,,,,,,,,,,,,,,,,,,,,,,,,,,,,,,,,,,,,,,,,,,,
rsg_object_detection,dropped_oldest,1059,rsg_20260806_70_654880000_001059,dropped,True,fifo_cached_frame,1060,105,0,953,105,0,1,0.0,23.15721600461984,frame_fifo_full,,,,,,,,,,,,,,,,,,,,,,,,,,,,,,,,,,,,,,,,,,,,,,,,,,,,,,,,
rsg_object_detection,frame_trace,1047,rsg_20260806_70_054879999_001047,sent_to_hydra,,,,,,,,,,,664.7848979991977,ok,9.527955000521615,622.5845400040271,31.0311700013699,0.1402810012223199,30.89088900014758,0.003007997293025255,11.804996996943373,0.29134600481484085,362.57778899744153,17.168672995467205,0.007200003892648965,380.0450080016162,120.8317539858399,24.91386699693976,6.283790004090406,48.151045994018205,40.8009390157531,71.00046900450252,3.6268649928388186,2.819031993567478,0.37457502185134217,1.2140210019424558,0.4881369968643412,0.005214998964220285,200.37555499584414,9.27817600313574,0.11586699838517234,20.92023599834647,0.044701009755954146,5.028012994443998,4.411465997691266,0.09631500142859295,0.5202319953241386,3.878307994455099,0.6144029975985177,0.007231014024000615,1.6382249959860928,7,0,6,0,0,,,,,,,,,,,,,,
rsg_object_detection,dropped_oldest,1061,rsg_20260806_70_754880000_001061,dropped,True,fifo_cached_frame,1062,106,0,954,106,0,1,0.0,40.17216899956111,frame_fifo_full,,,,,,,,,,,,,,,,,,,,,,,,,,,,,,,,,,,,,,,,,,,,,,,,,,,,,,,,
rsg_object_detection,dropped_oldest,1062,rsg_20260806_70_804879999_001062,dropped,True,fifo_cached_frame,1063,106,0,955,106,0,1,0.0,109.65360699628945,frame_fifo_full,,,,,,,,,,,,,,,,,,,,,,,,,,,,,,,,,,,,,,,,,,,,,,,,,,,,,,,,
rsg_object_detection,dropped_oldest,1063,rsg_20260806_70_904880000_001063,dropped,True,fifo_cached_frame,1064,106,0,956,106,0,1,0.0,39.97125000023516,frame_fifo_full,,,,,,,,,,,,,,,,,,,,,,,,,,,,,,,,,,,,,,,,,,,,,,,,,,,,,,,,
rsg_object_detection,dropped_oldest,1064,rsg_20260806_70_954880000_001064,dropped,True,fifo_cached_frame,1065,106,0,957,106,0,1,0.0,152.93993299565045,frame_fifo_full,,,,,,,,,,,,,,,,,,,,,,,,,,,,,,,,,,,,,,,,,,,,,,,,,,,,,,,,
rsg_object_detection,dropped_oldest,1065,rsg_20260806_71_104879999_001065,dropped,True,fifo_cached_frame,1066,106,0,958,106,0,1,0.0,48.504858001251705,frame_fifo_full,,,,,,,,,,,,,,,,,,,,,,,,,,,,,,,,,,,,,,,,,,,,,,,,,,,,,,,,
rsg_object_detection,dropped_oldest,1066,rsg_20260806_71_154880000_001066,dropped,True,fifo_cached_frame,1067,106,0,959,106,0,1,0.0,55.42061999585712,frame_fifo_full,,,,,,,,,,,,,,,,,,,,,,,,,,,,,,,,,,,,,,,,,,,,,,,,,,,,,,,,
rsg_object_detection,dropped_oldest,1067,rsg_20260806_71_204880000_001067,dropped,True,fifo_cached_frame,1068,106,0,960,106,0,1,0.0,44.7921730010421,frame_fifo_full,,,,,,,,,,,,,,,,,,,,,,,,,,,,,,,,,,,,,,,,,,,,,,,,,,,,,,,,
rsg_object_detection,dropped_oldest,1068,rsg_20260806_71_254880000_001068,dropped,True,fifo_cached_frame,1069,106,0,961,106,0,1,0.0,48.84052099805558,frame_fifo_full,,,,,,,,,,,,,,,,,,,,,,,,,,,,,,,,,,,,,,,,,,,,,,,,,,,,,,,,
rsg_object_detection,dropped_oldest,1069,rsg_20260806_71_304879999_001069,dropped,True,fifo_cached_frame,1070,106,0,962,106,0,1,0.0,76.08064600208309,frame_fifo_full,,,,,,,,,,,,,,,,,,,,,,,,,,,,,,,,,,,,,,,,,,,,,,,,,,,,,,,,
rsg_object_detection,dropped_oldest,1070,rsg_20260806_71_354879999_001070,dropped,True,fifo_cached_frame,1071,106,0,963,106,0,1,0.0,22.695063998980913,frame_fifo_full,,,,,,,,,,,,,,,,,,,,,,,,,,,,,,,,,,,,,,,,,,,,,,,,,,,,,,,,
rsg_object_detection,frame_trace,1060,rsg_20260806_70_704880000_001060,sent_to_hydra,,,,,,,,,,,734.5509950027918,ok,9.74333799968008,667.378722995636,55.889073002617806,0.13109800056554377,55.75797500205226,0.0023669999791309237,6.364683998981491,1.2500829980126582,354.4997529970715,21.878591003769543,0.010272000508848578,377.63869899936253,172.46261500258697,35.834844995406456,21.932413983449806,82.8836779910489,30.99578399269376,72.08787900162861,3.681965987198055,1.2157800010754727,0.3785430089919828,1.3935000024503097,0.4337069985922426,0.007392001862172037,251.68266199762002,11.712874002114404,0.1435450030840002,19.789316000242252,0.04694299423135817,5.375676999392454,4.777048998221289,0.09551500261295587,0.5031129985582083,3.5875390021828935,0.7750030054012313,0.005118992703501135,1.5374940048786812,7,0,7,0,0,,,,,,,,,,,,,,
rsg_object_detection,dropped_oldest,1072,rsg_20260806_71_454880000_001072,dropped,True,fifo_cached_frame,1073,107,0,964,107,0,1,0.0,48.44431600213284,frame_fifo_full,,,,,,,,,,,,,,,,,,,,,,,,,,,,,,,,,,,,,,,,,,,,,,,,,,,,,,,,
rsg_object_detection,dropped_oldest,1073,rsg_20260806_71_504880000_001073,dropped,True,fifo_cached_frame,1074,107,0,965,107,0,1,0.0,59.011421995819546,frame_fifo_full,,,,,,,,,,,,,,,,,,,,,,,,,,,,,,,,,,,,,,,,,,,,,,,,,,,,,,,,
rsg_object_detection,dropped_oldest,1074,rsg_20260806_71_554879999_001074,dropped,True,fifo_cached_frame,1075,107,0,966,107,0,1,0.0,39.16469999967376,frame_fifo_full,,,,,,,,,,,,,,,,,,,,,,,,,,,,,,,,,,,,,,,,,,,,,,,,,,,,,,,,
rsg_object_detection,dropped_oldest,1075,rsg_20260806_71_604879999_001075,dropped,True,fifo_cached_frame,1076,107,0,967,107,0,1,0.0,51.394253998296335,frame_fifo_full,,,,,,,,,,,,,,,,,,,,,,,,,,,,,,,,,,,,,,,,,,,,,,,,,,,,,,,,
rsg_object_detection,dropped_oldest,1076,rsg_20260806_71_654880000_001076,dropped,True,fifo_cached_frame,1077,107,0,968,107,0,1,0.0,52.307297999504954,frame_fifo_full,,,,,,,,,,,,,,,,,,,,,,,,,,,,,,,,,,,,,,,,,,,,,,,,,,,,,,,,
rsg_object_detection,dropped_oldest,1077,rsg_20260806_71_704880000_001077,dropped,True,fifo_cached_frame,1078,107,0,969,107,0,1,0.0,49.719711001671385,frame_fifo_full,,,,,,,,,,,,,,,,,,,,,,,,,,,,,,,,,,,,,,,,,,,,,,,,,,,,,,,,
rsg_object_detection,dropped_oldest,1078,rsg_20260806_71_754880000_001078,dropped,True,fifo_cached_frame,1079,107,0,970,107,0,1,0.0,51.09935600194149,frame_fifo_full,,,,,,,,,,,,,,,,,,,,,,,,,,,,,,,,,,,,,,,,,,,,,,,,,,,,,,,,
rsg_object_detection,dropped_oldest,1079,rsg_20260806_71_804879999_001079,dropped,True,fifo_cached_frame,1080,107,0,971,107,0,1,0.0,48.16112999833422,frame_fifo_full,,,,,,,,,,,,,,,,,,,,,,,,,,,,,,,,,,,,,,,,,,,,,,,,,,,,,,,,
rsg_object_detection,dropped_oldest,1080,rsg_20260806_71_854879999_001080,dropped,True,fifo_cached_frame,1081,107,0,972,107,0,1,0.0,59.580450993962586,frame_fifo_full,,,,,,,,,,,,,,,,,,,,,,,,,,,,,,,,,,,,,,,,,,,,,,,,,,,,,,,,
rsg_object_detection,dropped_oldest,1081,rsg_20260806_71_904880000_001081,dropped,True,fifo_cached_frame,1082,107,0,973,107,0,1,0.0,51.366223000513855,frame_fifo_full,,,,,,,,,,,,,,,,,,,,,,,,,,,,,,,,,,,,,,,,,,,,,,,,,,,,,,,,
rsg_object_detection,dropped_oldest,1082,rsg_20260806_71_954880000_001082,dropped,True,fifo_cached_frame,1083,107,0,974,107,0,1,0.0,48.99152199504897,frame_fifo_full,,,,,,,,,,,,,,,,,,,,,,,,,,,,,,,,,,,,,,,,,,,,,,,,,,,,,,,,
rsg_object_detection,dropped_oldest,1083,rsg_20260806_72_004879999_001083,dropped,True,fifo_cached_frame,1084,107,0,975,107,0,1,0.0,40.14132500014966,frame_fifo_full,,,,,,,,,,,,,,,,,,,,,,,,,,,,,,,,,,,,,,,,,,,,,,,,,,,,,,,,
rsg_object_detection,dropped_oldest,1084,rsg_20260806_72_054879999_001084,dropped,True,fifo_cached_frame,1085,107,0,976,107,0,1,0.0,54.924806994677056,frame_fifo_full,,,,,,,,,,,,,,,,,,,,,,,,,,,,,,,,,,,,,,,,,,,,,,,,,,,,,,,,
rsg_object_detection,dropped_oldest,1085,rsg_20260806_72_104879999_001085,dropped,True,fifo_cached_frame,1086,107,0,977,108,0,1,0.0,73.44871500390582,frame_fifo_full,,,,,,,,,,,,,,,,,,,,,,,,,,,,,,,,,,,,,,,,,,,,,,,,,,,,,,,,
rsg_object_detection,frame_trace,1071,rsg_20260806_71_404880000_001071,sent_to_hydra,,,,,,,,,,,763.2934200009913,ok,9.819399005209561,700.8976810029708,50.975234000361525,0.1393209968227893,50.835913003538735,0.001920001523103565,5.239266996795777,0.21598999592242762,373.2803739985684,30.04194200184429,0.00748700404074043,403.54579300037585,195.52428399038035,63.198773001204245,27.432211994891986,78.83919999585487,23.473937981179915,60.58901499636704,3.8211270148167387,0.973296984739136,0.32849900890141726,1.4019809968885966,0.29192199872341007,0.004671994247473776,262.9495150031289,4.158455994911492,0.15810399781912565,24.806003995763604,0.04054201417602599,4.906163994746748,4.328303002694156,0.08831600280245766,0.4895449892501347,3.6601430037990212,1.2476199990487657,0.005472007615026087,1.599185990926344,8,0,8,0,0,,,,,,,,,,,,,,
rsg_object_detection,dropped_oldest,1087,rsg_20260806_72_204880000_001087,dropped,True,fifo_cached_frame,1088,108,0,978,108,0,1,0.0,24.910031002946198,frame_fifo_full,,,,,,,,,,,,,,,,,,,,,,,,,,,,,,,,,,,,,,,,,,,,,,,,,,,,,,,,
rsg_object_detection,dropped_oldest,1088,rsg_20260806_72_254880000_001088,dropped,True,fifo_cached_frame,1089,108,0,979,108,0,1,0.0,49.63427899929229,frame_fifo_full,,,,,,,,,,,,,,,,,,,,,,,,,,,,,,,,,,,,,,,,,,,,,,,,,,,,,,,,
rsg_object_detection,dropped_oldest,1089,rsg_20260806_72_304879999_001089,dropped,True,fifo_cached_frame,1090,108,0,980,108,0,1,0.0,50.87015499884728,frame_fifo_full,,,,,,,,,,,,,,,,,,,,,,,,,,,,,,,,,,,,,,,,,,,,,,,,,,,,,,,,
rsg_object_detection,dropped_oldest,1090,rsg_20260806_72_354879999_001090,dropped,True,fifo_cached_frame,1091,108,0,981,108,0,1,0.0,52.56600899883779,frame_fifo_full,,,,,,,,,,,,,,,,,,,,,,,,,,,,,,,,,,,,,,,,,,,,,,,,,,,,,,,,
rsg_object_detection,dropped_oldest,1091,rsg_20260806_72_404880000_001091,dropped,True,fifo_cached_frame,1092,108,0,982,108,0,1,0.0,50.837965005484875,frame_fifo_full,,,,,,,,,,,,,,,,,,,,,,,,,,,,,,,,,,,,,,,,,,,,,,,,,,,,,,,,
rsg_object_detection,dropped_oldest,1092,rsg_20260806_72_454880000_001092,dropped,True,fifo_cached_frame,1093,108,0,983,108,0,1,0.0,48.10811300558271,frame_fifo_full,,,,,,,,,,,,,,,,,,,,,,,,,,,,,,,,,,,,,,,,,,,,,,,,,,,,,,,,
rsg_object_detection,dropped_oldest,1093,rsg_20260806_72_504880000_001093,dropped,True,fifo_cached_frame,1094,108,0,984,108,0,1,0.0,49.82652599574067,frame_fifo_full,,,,,,,,,,,,,,,,,,,,,,,,,,,,,,,,,,,,,,,,,,,,,,,,,,,,,,,,
rsg_object_detection,dropped_oldest,1094,rsg_20260806_72_554879999_001094,dropped,True,fifo_cached_frame,1095,108,0,985,108,0,1,0.0,51.42382500343956,frame_fifo_full,,,,,,,,,,,,,,,,,,,,,,,,,,,,,,,,,,,,,,,,,,,,,,,,,,,,,,,,
rsg_object_detection,dropped_oldest,1095,rsg_20260806_72_604879999_001095,dropped,True,fifo_cached_frame,1096,108,0,986,108,0,1,0.0,53.88377000053879,frame_fifo_full,,,,,,,,,,,,,,,,,,,,,,,,,,,,,,,,,,,,,,,,,,,,,,,,,,,,,,,,
rsg_object_detection,dropped_oldest,1096,rsg_20260806_72_654880000_001096,dropped,True,fifo_cached_frame,1097,108,0,987,108,0,1,0.0,54.06993700307794,frame_fifo_full,,,,,,,,,,,,,,,,,,,,,,,,,,,,,,,,,,,,,,,,,,,,,,,,,,,,,,,,
rsg_object_detection,dropped_oldest,1097,rsg_20260806_72_704880000_001097,dropped,True,fifo_cached_frame,1098,108,0,988,108,0,1,0.0,50.92727300507249,frame_fifo_full,,,,,,,,,,,,,,,,,,,,,,,,,,,,,,,,,,,,,,,,,,,,,,,,,,,,,,,,
rsg_object_detection,dropped_oldest,1098,rsg_20260806_72_754880000_001098,dropped,True,fifo_cached_frame,1099,108,0,989,108,0,1,0.0,40.116017997206654,frame_fifo_full,,,,,,,,,,,,,,,,,,,,,,,,,,,,,,,,,,,,,,,,,,,,,,,,,,,,,,,,
rsg_object_detection,frame_trace,1086,rsg_20260806_72_154880000_001086,sent_to_hydra,,,,,,,,,,,662.3150140003418,ok,9.076681999431457,648.3167129990761,3.585010999813676,0.23122099810279906,3.353790001710877,0.0031039962777867913,4.01663900265703,0.24030799977481365,377.510632002668,19.615277997218072,0.008032002369873226,397.37425000203075,150.58198900078423,38.55903900694102,6.0529559923452325,75.80351200886071,29.438803998345975,68.96400300320238,3.1830149891902693,0.7226860034279525,0.2915370059781708,1.158663995738607,0.14882499817758799,0.006271002348512411,225.07279699493665,2.2692350030411035,0.13906499953009188,19.40021700283978,0.04450999404070899,4.6712309995200485,4.013853998912964,0.09961199975805357,0.5577650008490309,3.7974480001139455,0.6030110016581602,0.004991998139303178,1.333504005742725,7,0,6,0,0,,,,,,,,,,,,,,
rsg_object_detection,dropped_oldest,1100,rsg_20260806_72_854879999_001100,dropped,True,fifo_cached_frame,1101,109,0,990,109,0,1,0.0,60.91562299843645,frame_fifo_full,,,,,,,,,,,,,,,,,,,,,,,,,,,,,,,,,,,,,,,,,,,,,,,,,,,,,,,,
rsg_object_detection,dropped_oldest,1101,rsg_20260806_72_904880000_001101,dropped,True,fifo_cached_frame,1102,109,0,991,109,0,1,0.0,79.48999099608045,frame_fifo_full,,,,,,,,,,,,,,,,,,,,,,,,,,,,,,,,,,,,,,,,,,,,,,,,,,,,,,,,
rsg_object_detection,dropped_oldest,1102,rsg_20260806_73_004879999_001102,dropped,True,fifo_cached_frame,1103,109,0,992,109,0,1,0.0,54.02795600093668,frame_fifo_full,,,,,,,,,,,,,,,,,,,,,,,,,,,,,,,,,,,,,,,,,,,,,,,,,,,,,,,,
rsg_object_detection,dropped_oldest,1103,rsg_20260806_73_054879999_001103,dropped,True,fifo_cached_frame,1104,109,0,993,109,0,1,0.0,49.58910100685898,frame_fifo_full,,,,,,,,,,,,,,,,,,,,,,,,,,,,,,,,,,,,,,,,,,,,,,,,,,,,,,,,
rsg_object_detection,dropped_oldest,1104,rsg_20260806_73_104879999_001104,dropped,True,fifo_cached_frame,1105,109,0,994,109,0,1,0.0,49.98399399482878,frame_fifo_full,,,,,,,,,,,,,,,,,,,,,,,,,,,,,,,,,,,,,,,,,,,,,,,,,,,,,,,,
rsg_object_detection,dropped_oldest,1105,rsg_20260806_73_154880000_001105,dropped,True,fifo_cached_frame,1106,109,0,995,109,0,1,0.0,49.83635300595779,frame_fifo_full,,,,,,,,,,,,,,,,,,,,,,,,,,,,,,,,,,,,,,,,,,,,,,,,,,,,,,,,
rsg_object_detection,dropped_oldest,1106,rsg_20260806_73_204880000_001106,dropped,True,fifo_cached_frame,1107,109,0,996,109,0,1,0.0,60.2875300028245,frame_fifo_full,,,,,,,,,,,,,,,,,,,,,,,,,,,,,,,,,,,,,,,,,,,,,,,,,,,,,,,,
rsg_object_detection,dropped_oldest,1107,rsg_20260806_73_254880000_001107,dropped,True,fifo_cached_frame,1108,109,0,997,109,0,1,0.0,48.668026000086684,frame_fifo_full,,,,,,,,,,,,,,,,,,,,,,,,,,,,,,,,,,,,,,,,,,,,,,,,,,,,,,,,
rsg_object_detection,dropped_oldest,1108,rsg_20260806_73_304879999_001108,dropped,True,fifo_cached_frame,1109,109,0,998,109,0,1,0.0,66.99357499746839,frame_fifo_full,,,,,,,,,,,,,,,,,,,,,,,,,,,,,,,,,,,,,,,,,,,,,,,,,,,,,,,,
rsg_object_detection,dropped_oldest,1109,rsg_20260806_73_354879999_001109,dropped,True,fifo_cached_frame,1110,109,0,999,109,0,1,0.0,25.06269799778238,frame_fifo_full,,,,,,,,,,,,,,,,,,,,,,,,,,,,,,,,,,,,,,,,,,,,,,,,,,,,,,,,
rsg_object_detection,dropped_oldest,1110,rsg_20260806_73_404880000_001110,dropped,True,fifo_cached_frame,1111,109,0,1000,110,0,1,0.0,55.78234000131488,frame_fifo_full,,,,,,,,,,,,,,,,,,,,,,,,,,,,,,,,,,,,,,,,,,,,,,,,,,,,,,,,
rsg_object_detection,frame_trace,1099,rsg_20260806_72_804879999_001099,sent_to_hydra,,,,,,,,,,,643.1047080041026,ok,12.740635000227485,573.4221460006665,55.38600200088695,0.12601000344147906,55.25999199744547,0.003168002876918763,5.3378550001070835,0.218933004362043,333.5453389954637,24.72824999858858,0.006464004400186241,358.4989860028145,103.17100199608831,16.694780002580956,10.146356995392125,31.07744901353726,44.66082598810317,62.31514499813784,5.401275004260242,1.9169320003129542,0.3734240017365664,1.281730001210235,0.4079489954165183,0.0044150001485832036,174.88655899796868,12.03718099714024,0.17067999579012394,22.441222994530108,0.0496620123158209,5.28796899743611,4.599842002789956,0.09740299719851464,0.5907239974476397,6.818775997089688,0.6293459955486469,0.00454401015304029,1.5527569994446822,7,0,7,0,0,,,,,,,,,,,,,,
rsg_object_detection,dropped_oldest,1112,rsg_20260806_73_504880000_001112,dropped,True,fifo_cached_frame,1113,110,0,1001,110,0,1,0.0,129.2722100042738,frame_fifo_full,,,,,,,,,,,,,,,,,,,,,,,,,,,,,,,,,,,,,,,,,,,,,,,,,,,,,,,,
rsg_object_detection,dropped_oldest,1113,rsg_20260806_73_654880000_001113,dropped,True,fifo_cached_frame,1114,110,0,1002,110,0,1,0.0,47.246110007108655,frame_fifo_full,,,,,,,,,,,,,,,,,,,,,,,,,,,,,,,,,,,,,,,,,,,,,,,,,,,,,,,,
rsg_object_detection,dropped_oldest,1114,rsg_20260806_73_704880000_001114,dropped,True,fifo_cached_frame,1115,110,0,1003,110,0,1,0.0,51.79085200506961,frame_fifo_full,,,,,,,,,,,,,,,,,,,,,,,,,,,,,,,,,,,,,,,,,,,,,,,,,,,,,,,,
rsg_object_detection,dropped_oldest,1115,rsg_20260806_73_754880000_001115,dropped,True,fifo_cached_frame,1116,110,0,1004,110,0,1,0.0,50.92065400094725,frame_fifo_full,,,,,,,,,,,,,,,,,,,,,,,,,,,,,,,,,,,,,,,,,,,,,,,,,,,,,,,,
rsg_object_detection,dropped_oldest,1116,rsg_20260806_73_804879999_001116,dropped,True,fifo_cached_frame,1117,110,0,1005,110,0,1,0.0,50.39386299904436,frame_fifo_full,,,,,,,,,,,,,,,,,,,,,,,,,,,,,,,,,,,,,,,,,,,,,,,,,,,,,,,,
rsg_object_detection,dropped_oldest,1117,rsg_20260806_73_854879999_001117,dropped,True,fifo_cached_frame,1118,110,0,1006,110,0,1,0.0,58.596251998096704,frame_fifo_full,,,,,,,,,,,,,,,,,,,,,,,,,,,,,,,,,,,,,,,,,,,,,,,,,,,,,,,,
rsg_object_detection,dropped_oldest,1118,rsg_20260806_73_904880000_001118,dropped,True,fifo_cached_frame,1119,110,0,1007,110,0,1,0.0,73.91448999987915,frame_fifo_full,,,,,,,,,,,,,,,,,,,,,,,,,,,,,,,,,,,,,,,,,,,,,,,,,,,,,,,,
rsg_object_detection,dropped_oldest,1119,rsg_20260806_73_954880000_001119,dropped,True,fifo_cached_frame,1120,110,0,1008,110,0,1,0.0,28.883441002108157,frame_fifo_full,,,,,,,,,,,,,,,,,,,,,,,,,,,,,,,,,,,,,,,,,,,,,,,,,,,,,,,,
rsg_object_detection,dropped_oldest,1120,rsg_20260806_74_004879999_001120,dropped,True,fifo_cached_frame,1121,110,0,1009,110,0,1,0.0,52.238478005165234,frame_fifo_full,,,,,,,,,,,,,,,,,,,,,,,,,,,,,,,,,,,,,,,,,,,,,,,,,,,,,,,,
rsg_object_detection,frame_trace,1111,rsg_20260806_73_454880000_001111,sent_to_hydra,,,,,,,,,,,616.8481690037879,ok,13.457817003654782,597.2628699964844,3.981280002335552,0.14751299750059843,3.8337670048349537,0.0027520000003278255,6.242707000637893,0.21317400387488306,374.7382200017455,22.464934998424724,0.00783999712439254,397.4241690011695,84.2950489895884,21.482645002834033,5.507221991138067,33.53979399980744,21.958590994472615,70.35357400309294,3.1731909984955564,0.450474995886907,0.3078860099776648,1.4783929946133867,0.44365799840306863,0.005119996785651892,160.52318600122817,5.144903996551875,0.14831300359219313,27.730057001463138,0.049533991841599345,9.27213000250049,8.569635996536817,0.09564300125930458,0.6068510047043674,3.4384269965812564,0.7415640066028573,0.005695997970178723,2.1434500013128854,7,0,7,0,0,,,,,,,,,,,,,,
rsg_object_detection,dropped_oldest,1122,rsg_20260806_74_104879999_001122,dropped,True,fifo_cached_frame,1123,111,0,1010,111,0,1,0.0,46.45600799995009,frame_fifo_full,,,,,,,,,,,,,,,,,,,,,,,,,,,,,,,,,,,,,,,,,,,,,,,,,,,,,,,,
rsg_object_detection,dropped_oldest,1123,rsg_20260806_74_154880000_001123,dropped,True,fifo_cached_frame,1124,111,0,1011,111,0,1,0.0,53.94751999847358,frame_fifo_full,,,,,,,,,,,,,,,,,,,,,,,,,,,,,,,,,,,,,,,,,,,,,,,,,,,,,,,,
rsg_object_detection,dropped_oldest,1124,rsg_20260806_74_204880000_001124,dropped,True,fifo_cached_frame,1125,111,0,1012,111,0,1,0.0,46.4625349995913,frame_fifo_full,,,,,,,,,,,,,,,,,,,,,,,,,,,,,,,,,,,,,,,,,,,,,,,,,,,,,,,,
rsg_object_detection,dropped_oldest,1125,rsg_20260806_74_254880000_001125,dropped,True,fifo_cached_frame,1126,111,0,1013,111,0,1,0.0,49.153542997373734,frame_fifo_full,,,,,,,,,,,,,,,,,,,,,,,,,,,,,,,,,,,,,,,,,,,,,,,,,,,,,,,,
rsg_object_detection,dropped_oldest,1126,rsg_20260806_74_304879999_001126,dropped,True,fifo_cached_frame,1127,111,0,1014,111,0,1,0.0,61.600431996339466,frame_fifo_full,,,,,,,,,,,,,,,,,,,,,,,,,,,,,,,,,,,,,,,,,,,,,,,,,,,,,,,,
rsg_object_detection,dropped_oldest,1127,rsg_20260806_74_354879999_001127,dropped,True,fifo_cached_frame,1128,111,0,1015,111,0,1,0.0,41.85584500373807,frame_fifo_full,,,,,,,,,,,,,,,,,,,,,,,,,,,,,,,,,,,,,,,,,,,,,,,,,,,,,,,,
rsg_object_detection,dropped_oldest,1128,rsg_20260806_74_404880000_001128,dropped,True,fifo_cached_frame,1129,111,0,1016,111,0,1,0.0,63.32422100240365,frame_fifo_full,,,,,,,,,,,,,,,,,,,,,,,,,,,,,,,,,,,,,,,,,,,,,,,,,,,,,,,,
rsg_object_detection,dropped_oldest,1129,rsg_20260806_74_454880000_001129,dropped,True,fifo_cached_frame,1130,111,0,1017,111,0,1,0.0,35.23088299698429,frame_fifo_full,,,,,,,,,,,,,,,,,,,,,,,,,,,,,,,,,,,,,,,,,,,,,,,,,,,,,,,,
rsg_object_detection,dropped_oldest,1130,rsg_20260806_74_504880000_001130,dropped,True,fifo_cached_frame,1131,111,0,1018,111,0,1,0.0,70.10895200073719,frame_fifo_full,,,,,,,,,,,,,,,,,,,,,,,,,,,,,,,,,,,,,,,,,,,,,,,,,,,,,,,,
rsg_object_detection,dropped_oldest,1131,rsg_20260806_74_554879999_001131,dropped,True,fifo_cached_frame,1132,111,0,1019,111,0,1,0.0,90.27854199666763,frame_fifo_full,,,,,,,,,,,,,,,,,,,,,,,,,,,,,,,,,,,,,,,,,,,,,,,,,,,,,,,,
rsg_object_detection,dropped_oldest,1132,rsg_20260806_74_604879999_001132,dropped,True,fifo_cached_frame,1133,111,0,1020,111,0,1,0.0,3.304032994492445,frame_fifo_full,,,,,,,,,,,,,,,,,,,,,,,,,,,,,,,,,,,,,,,,,,,,,,,,,,,,,,,,
rsg_object_detection,dropped_oldest,1133,rsg_20260806_74_654880000_001133,dropped,True,fifo_cached_frame,1134,111,0,1021,111,0,1,0.0,334.2489960050443,frame_fifo_full,,,,,,,,,,,,,,,,,,,,,,,,,,,,,,,,,,,,,,,,,,,,,,,,,,,,,,,,
rsg_object_detection,dropped_oldest,1134,rsg_20260806_74_704880000_001134,dropped,True,fifo_cached_frame,1135,111,0,1022,111,0,1,0.0,3.1289050020859577,frame_fifo_full,,,,,,,,,,,,,,,,,,,,,,,,,,,,,,,,,,,,,,,,,,,,,,,,,,,,,,,,
rsg_object_detection,dropped_oldest,1135,rsg_20260806_74_754880000_001135,dropped,True,fifo_cached_frame,1136,111,0,1023,111,0,1,0.0,2.914771997893695,frame_fifo_full,,,,,,,,,,,,,,,,,,,,,,,,,,,,,,,,,,,,,,,,,,,,,,,,,,,,,,,,
rsg_object_detection,dropped_oldest,1136,rsg_20260806_74_854879999_001136,dropped,True,fifo_cached_frame,1137,111,0,1024,111,0,1,0.0,2.805434000038076,frame_fifo_full,,,,,,,,,,,,,,,,,,,,,,,,,,,,,,,,,,,,,,,,,,,,,,,,,,,,,,,,
rsg_object_detection,dropped_oldest,1137,rsg_20260806_74_904880000_001137,dropped,True,fifo_cached_frame,1138,111,0,1025,111,0,1,0.0,2.7398370002629235,frame_fifo_full,,,,,,,,,,,,,,,,,,,,,,,,,,,,,,,,,,,,,,,,,,,,,,,,,,,,,,,,
rsg_object_detection,dropped_oldest,1138,rsg_20260806_74_954880000_001138,dropped,True,fifo_cached_frame,1139,111,0,1026,111,0,1,0.0,2.8098490001866594,frame_fifo_full,,,,,,,,,,,,,,,,,,,,,,,,,,,,,,,,,,,,,,,,,,,,,,,,,,,,,,,,
rsg_object_detection,dropped_oldest,1139,rsg_20260806_75_004879999_001139,dropped,True,fifo_cached_frame,1140,111,0,1027,111,0,1,0.0,53.68519699550234,frame_fifo_full,,,,,,,,,,,,,,,,,,,,,,,,,,,,,,,,,,,,,,,,,,,,,,,,,,,,,,,,
rsg_object_detection,frame_trace,1121,rsg_20260806_74_054879999_001121,sent_to_hydra,,,,,,,,,,,1010.596499996609,ok,13.706478996027727,962.5516400046763,32.43376899627037,0.16309599595842883,32.270673000311945,0.0044150001485832036,6.344207002257463,0.17567199392942712,378.93174499913584,24.511749994417187,0.007168011507019401,403.6263349989895,102.74984600982862,35.051532002398744,4.987441992852837,48.52960500284098,13.481399015290663,410.96300600474933,2.886742011469323,0.7614990026922897,0.3102899718214758,1.087691998691298,0.3822530052275397,0.004703993909060955,519.1607829983695,4.166103994066361,0.12697000056505203,29.08906600350747,0.03817500692093745,9.548822003125679,8.92856400605524,0.11906599684152752,0.5011920002289116,3.464890003670007,0.6875829931232147,0.00518399610882625,1.9001969994860701,8,0,6,0,0,,,,,,,,,,,,,,
rsg_object_detection,dropped_oldest,1141,rsg_20260806_75_104879999_001141,dropped,True,fifo_cached_frame,1142,112,0,1028,112,0,1,0.0,41.32355399633525,frame_fifo_full,,,,,,,,,,,,,,,,,,,,,,,,,,,,,,,,,,,,,,,,,,,,,,,,,,,,,,,,
rsg_object_detection,dropped_oldest,1142,rsg_20260806_75_154880000_001142,dropped,True,fifo_cached_frame,1143,112,0,1029,112,0,1,0.0,58.37809600052424,frame_fifo_full,,,,,,,,,,,,,,,,,,,,,,,,,,,,,,,,,,,,,,,,,,,,,,,,,,,,,,,,
rsg_object_detection,dropped_oldest,1143,rsg_20260806_75_204880000_001143,dropped,True,fifo_cached_frame,1144,112,0,1030,112,0,1,0.0,52.29387500003213,frame_fifo_full,,,,,,,,,,,,,,,,,,,,,,,,,,,,,,,,,,,,,,,,,,,,,,,,,,,,,,,,
rsg_object_detection,dropped_oldest,1144,rsg_20260806_75_254880000_001144,dropped,True,fifo_cached_frame,1145,112,0,1031,112,0,1,0.0,45.36665599880507,frame_fifo_full,,,,,,,,,,,,,,,,,,,,,,,,,,,,,,,,,,,,,,,,,,,,,,,,,,,,,,,,
rsg_object_detection,dropped_oldest,1145,rsg_20260806_75_304879999_001145,dropped,True,fifo_cached_frame,1146,112,0,1032,112,0,1,0.0,42.12854000070365,frame_fifo_full,,,,,,,,,,,,,,,,,,,,,,,,,,,,,,,,,,,,,,,,,,,,,,,,,,,,,,,,
rsg_object_detection,dropped_oldest,1146,rsg_20260806_75_354879999_001146,dropped,True,fifo_cached_frame,1147,112,0,1033,112,0,1,0.0,51.33388999820454,frame_fifo_full,,,,,,,,,,,,,,,,,,,,,,,,,,,,,,,,,,,,,,,,,,,,,,,,,,,,,,,,
rsg_object_detection,dropped_oldest,1147,rsg_20260806_75_404880000_001147,dropped,True,fifo_cached_frame,1148,112,0,1034,112,0,1,0.0,50.26738099695649,frame_fifo_full,,,,,,,,,,,,,,,,,,,,,,,,,,,,,,,,,,,,,,,,,,,,,,,,,,,,,,,,
rsg_object_detection,dropped_oldest,1148,rsg_20260806_75_454880000_001148,dropped,True,fifo_cached_frame,1149,112,0,1035,112,0,1,0.0,83.33168299577665,frame_fifo_full,,,,,,,,,,,,,,,,,,,,,,,,,,,,,,,,,,,,,,,,,,,,,,,,,,,,,,,,
rsg_object_detection,dropped_oldest,1149,rsg_20260806_75_504880000_001149,dropped,True,fifo_cached_frame,1150,112,0,1036,112,0,1,0.0,75.93846900272183,frame_fifo_full,,,,,,,,,,,,,,,,,,,,,,,,,,,,,,,,,,,,,,,,,,,,,,,,,,,,,,,,
rsg_object_detection,dropped_oldest,1150,rsg_20260806_75_554879999_001150,dropped,True,fifo_cached_frame,1151,112,0,1037,112,0,1,0.0,32.82892100105528,frame_fifo_full,,,,,,,,,,,,,,,,,,,,,,,,,,,,,,,,,,,,,,,,,,,,,,,,,,,,,,,,
rsg_object_detection,dropped_oldest,1151,rsg_20260806_75_604879999_001151,dropped,True,fifo_cached_frame,1152,112,0,1038,112,0,1,0.0,65.47730700549437,frame_fifo_full,,,,,,,,,,,,,,,,,,,,,,,,,,,,,,,,,,,,,,,,,,,,,,,,,,,,,,,,
rsg_object_detection,dropped_oldest,1152,rsg_20260806_75_654880000_001152,dropped,True,fifo_cached_frame,1153,112,0,1039,112,0,1,0.0,3.3329919970128685,frame_fifo_full,,,,,,,,,,,,,,,,,,,,,,,,,,,,,,,,,,,,,,,,,,,,,,,,,,,,,,,,
rsg_object_detection,dropped_oldest,1153,rsg_20260806_75_704880000_001153,dropped,True,fifo_cached_frame,1154,112,0,1040,112,0,1,0.0,59.62456400447991,frame_fifo_full,,,,,,,,,,,,,,,,,,,,,,,,,,,,,,,,,,,,,,,,,,,,,,,,,,,,,,,,
rsg_object_detection,frame_trace,1140,rsg_20260806_75_054879999_001140,sent_to_hydra,,,,,,,,,,,713.5521079981118,ok,14.20216599944979,667.8075829986483,29.240805000881664,0.13976899936096743,29.101036001520697,0.0030080045689828694,3.868455001793336,0.25954000011552125,375.41738399886526,17.91961999697378,0.008704002539161593,393.6052479984937,122.01913699391298,35.141930005920585,11.622067002463154,59.86615300207632,14.562565003870986,105.35113899823045,3.308002997073345,0.844535999931395,0.32907201239140704,1.1349859996698797,0.15381700359284878,0.004991998139303178,233.16145600256277,2.6856629992835224,0.12009000056423247,34.31969799567014,0.04697300028055906,9.765579001395963,9.129609999945387,0.09474700345890597,0.5412219979916699,3.810280999459792,0.620225997408852,0.006080001185182482,2.298545994563028,8,0,7,0,0,,,,,,,,,,,,,,
rsg_object_detection,dropped_oldest,1155,rsg_20260806_75_904880000_001155,dropped,True,fifo_cached_frame,1156,113,0,1041,113,0,1,0.0,48.60442099743523,frame_fifo_full,,,,,,,,,,,,,,,,,,,,,,,,,,,,,,,,,,,,,,,,,,,,,,,,,,,,,,,,
rsg_object_detection,dropped_oldest,1156,rsg_20260806_75_954880000_001156,dropped,True,fifo_cached_frame,1157,113,0,1042,113,0,1,0.0,52.16252099489793,frame_fifo_full,,,,,,,,,,,,,,,,,,,,,,,,,,,,,,,,,,,,,,,,,,,,,,,,,,,,,,,,
rsg_object_detection,dropped_oldest,1157,rsg_20260806_76_004879999_001157,dropped,True,fifo_cached_frame,1158,113,0,1043,113,0,1,0.0,49.79636400094023,frame_fifo_full,,,,,,,,,,,,,,,,,,,,,,,,,,,,,,,,,,,,,,,,,,,,,,,,,,,,,,,,
rsg_object_detection,dropped_oldest,1158,rsg_20260806_76_054879999_001158,dropped,True,fifo_cached_frame,1159,113,0,1044,113,0,1,0.0,48.96059900056571,frame_fifo_full,,,,,,,,,,,,,,,,,,,,,,,,,,,,,,,,,,,,,,,,,,,,,,,,,,,,,,,,
rsg_object_detection,,232,rsg_20260806_23_354880000_000232,vlm_done,,,,,,,,,,,,ok,,,,,,,,,,,,,,,,,,,,,,,,,,,,,,,,,,,,,,,,,,,rsg_obj_000015,rsg_unknown_rsg_20260806_23_354880000_000232_006_nanosam_002,,,5,0.4944532164968459,ceiling_light,0.97,static,0.99,6501.345106997178,48907.82234399376,qwen_http,Qwen3-VL-8B-Instruct-GGUF
rsg_object_detection,completed,232,rsg_20260806_23_354880000_000232,,,,,,,,,,,42406.47547799745,,vlm_done,,,,,,,,,,,,,,,,,,,,,,,,,,,,,,,,,,,,,,,,,,,rsg_obj_000015,rsg_unknown_rsg_20260806_23_354880000_000232_006_nanosam_002,37,300,5,0.4944532164968459,,,,,,,,
rsg_object_detection,dropped_oldest,1159,rsg_20260806_76_104879999_001159,dropped,True,fifo_cached_frame,1160,113,0,1045,113,0,1,0.0,84.23238300019875,frame_fifo_full,,,,,,,,,,,,,,,,,,,,,,,,,,,,,,,,,,,,,,,,,,,,,,,,,,,,,,,,
rsg_object_detection,dequeued,318,rsg_20260806_27_704879999_000318,,,,,,,,,,,42698.0800780002,,fifo_order,,,,,,,,,,,,,,,,,,,,,,,,,,,,,,,,,,,,,,,,,,,rsg_obj_000019,rsg_unknown_rsg_20260806_27_704879999_000318_005_nanosam_000,36,300,1,0.35123483118477594,,,,,,,,
rsg_object_detection,dropped_oldest,1160,rsg_20260806_76_154880000_001160,dropped,True,fifo_cached_frame,1161,113,0,1046,113,0,1,0.0,122.78660100128036,frame_fifo_full,,,,,,,,,,,,,,,,,,,,,,,,,,,,,,,,,,,,,,,,,,,,,,,,,,,,,,,,
rsg_object_detection,dropped_oldest,1161,rsg_20260806_76_254880000_001161,dropped,True,fifo_cached_frame,1162,113,0,1047,113,0,1,0.0,26.303795995772816,frame_fifo_full,,,,,,,,,,,,,,,,,,,,,,,,,,,,,,,,,,,,,,,,,,,,,,,,,,,,,,,,
rsg_object_detection,dropped_oldest,1162,rsg_20260806_76_304879999_001162,dropped,True,fifo_cached_frame,1163,113,0,1048,113,0,1,0.0,15.282084001228213,frame_fifo_full,,,,,,,,,,,,,,,,,,,,,,,,,,,,,,,,,,,,,,,,,,,,,,,,,,,,,,,,
rsg_object_detection,dropped_oldest,1163,rsg_20260806_76_354879999_001163,dropped,True,fifo_cached_frame,1164,113,0,1049,113,0,1,0.0,54.41492999671027,frame_fifo_full,,,,,,,,,,,,,,,,,,,,,,,,,,,,,,,,,,,,,,,,,,,,,,,,,,,,,,,,
rsg_object_detection,frame_trace,1154,rsg_20260806_75_754880000_001154,sent_to_hydra,,,,,,,,,,,643.0489590056823,ok,14.273108004999813,594.4736239980557,31.851816005655564,0.1441850035917014,31.707631002063863,0.0046720015234313905,1.7158539994852617,0.24865999876055866,300.3257250020397,15.92538200202398,0.00595099845668301,316.5057180012809,134.43352999456692,30.30862800369505,5.448475007142406,67.56415701238438,30.430318998696748,89.14238700526766,4.5587579952552915,4.800825998245273,0.40663700201548636,1.3055050003458746,0.3340640032547526,0.005087997124064714,235.00231499929214,4.201078998448793,0.14888899750076234,36.84527600125875,0.054493000789079815,9.739564993651584,9.110700004384853,0.09529100498184562,0.5335739842848852,3.8524240007973276,0.6766389997210354,0.0044800108298659325,2.445738995447755,8,0,8,0,0,,,,,,,,,,,,,,
rsg_object_detection,dropped_oldest,1165,rsg_20260806_76_454880000_001165,dropped,True,fifo_cached_frame,1166,114,0,1050,114,0,1,0.0,89.17153799848165,frame_fifo_full,,,,,,,,,,,,,,,,,,,,,,,,,,,,,,,,,,,,,,,,,,,,,,,,,,,,,,,,
rsg_object_detection,dropped_oldest,1166,rsg_20260806_76_554879999_001166,dropped,True,fifo_cached_frame,1167,114,0,1051,114,0,1,0.0,98.19670499564381,frame_fifo_full,,,,,,,,,,,,,,,,,,,,,,,,,,,,,,,,,,,,,,,,,,,,,,,,,,,,,,,,
rsg_object_detection,dropped_oldest,1167,rsg_20260806_76_654880000_001167,dropped,True,fifo_cached_frame,1168,114,0,1052,114,0,1,0.0,103.66956299549202,frame_fifo_full,,,,,,,,,,,,,,,,,,,,,,,,,,,,,,,,,,,,,,,,,,,,,,,,,,,,,,,,
rsg_object_detection,dropped_oldest,1168,rsg_20260806_76_754880000_001168,dropped,True,fifo_cached_frame,1169,114,0,1053,114,0,1,0.0,48.05008300172631,frame_fifo_full,,,,,,,,,,,,,,,,,,,,,,,,,,,,,,,,,,,,,,,,,,,,,,,,,,,,,,,,
rsg_object_detection,dropped_oldest,1169,rsg_20260806_76_804879999_001169,dropped,True,fifo_cached_frame,1170,114,0,1054,114,0,1,0.0,124.90393899497576,frame_fifo_full,,,,,,,,,,,,,,,,,,,,,,,,,,,,,,,,,,,,,,,,,,,,,,,,,,,,,,,,
rsg_object_detection,dropped_oldest,1170,rsg_20260806_76_854879999_001170,dropped,True,fifo_cached_frame,1171,114,0,1055,114,0,1,0.0,63.24151499575237,frame_fifo_full,,,,,,,,,,,,,,,,,,,,,,,,,,,,,,,,,,,,,,,,,,,,,,,,,,,,,,,,
rsg_object_detection,frame_trace,1164,rsg_20260806_76_404880000_001164,sent_to_hydra,,,,,,,,,,,601.1827949987492,ok,11.161705995618831,552.7906479983358,35.02171500440454,0.14248899969970807,34.87922600470483,0.004032001015730202,1.2631390054593794,1.5020399951026775,334.47591900039697,22.247381995839532,0.008224007615353912,358.23356499895453,78.90294199751224,22.655780012428295,4.054108998388983,40.832187987689395,10.678464008378796,65.40966800093884,5.110060010338202,2.9775849980069324,0.42833098996197805,1.579636002134066,0.20053500338690355,0.00739099778002128,154.6362430017325,3.024367004400119,0.189911006600596,35.391104996961076,0.052317984227556735,6.569766002940014,5.928484002652112,0.09484399924986064,0.546438001038041,3.8804219948360696,0.7067179976729676,0.004800000169780105,2.2046939993742853,8,0,8,0,0,,,,,,,,,,,,,,
rsg_object_detection,dropped_oldest,1172,rsg_20260806_77_054879999_001172,dropped,True,fifo_cached_frame,1173,115,0,1056,115,0,1,0.0,44.78809799911687,frame_fifo_full,,,,,,,,,,,,,,,,,,,,,,,,,,,,,,,,,,,,,,,,,,,,,,,,,,,,,,,,
rsg_object_detection,dropped_oldest,1173,rsg_20260806_77_104879999_001173,dropped,True,fifo_cached_frame,1174,115,0,1057,115,0,1,0.0,53.964012004144024,frame_fifo_full,,,,,,,,,,,,,,,,,,,,,,,,,,,,,,,,,,,,,,,,,,,,,,,,,,,,,,,,
rsg_object_detection,dropped_oldest,1174,rsg_20260806_77_154880000_001174,dropped,True,fifo_cached_frame,1175,115,0,1058,115,0,1,0.0,49.28305199427996,frame_fifo_full,,,,,,,,,,,,,,,,,,,,,,,,,,,,,,,,,,,,,,,,,,,,,,,,,,,,,,,,
rsg_object_detection,dropped_oldest,1175,rsg_20260806_77_204880000_001175,dropped,True,fifo_cached_frame,1176,115,0,1059,115,0,1,0.0,100.63317300227936,frame_fifo_full,,,,,,,,,,,,,,,,,,,,,,,,,,,,,,,,,,,,,,,,,,,,,,,,,,,,,,,,
rsg_object_detection,dropped_oldest,1176,rsg_20260806_77_304879999_001176,dropped,True,fifo_cached_frame,1177,115,0,1060,115,0,1,0.0,51.265772999613546,frame_fifo_full,,,,,,,,,,,,,,,,,,,,,,,,,,,,,,,,,,,,,,,,,,,,,,,,,,,,,,,,
rsg_object_detection,dropped_oldest,1177,rsg_20260806_77_354879999_001177,dropped,True,fifo_cached_frame,1178,115,0,1061,115,0,1,0.0,138.46816400473472,frame_fifo_full,,,,,,,,,,,,,,,,,,,,,,,,,,,,,,,,,,,,,,,,,,,,,,,,,,,,,,,,
rsg_object_detection,dropped_oldest,1178,rsg_20260806_77_454880000_001178,dropped,True,fifo_cached_frame,1179,115,0,1062,115,0,1,0.0,27.25213699886808,frame_fifo_full,,,,,,,,,,,,,,,,,,,,,,,,,,,,,,,,,,,,,,,,,,,,,,,,,,,,,,,,
rsg_object_detection,dropped_oldest,1179,rsg_20260806_77_504880000_001179,dropped,True,fifo_cached_frame,1180,115,0,1063,115,0,1,0.0,67.17976499930955,frame_fifo_full,,,,,,,,,,,,,,,,,,,,,,,,,,,,,,,,,,,,,,,,,,,,,,,,,,,,,,,,
rsg_object_detection,dropped_oldest,1180,rsg_20260806_77_554879999_001180,dropped,True,fifo_cached_frame,1181,115,0,1064,115,0,1,0.0,19.33456300321268,frame_fifo_full,,,,,,,,,,,,,,,,,,,,,,,,,,,,,,,,,,,,,,,,,,,,,,,,,,,,,,,,
rsg_object_detection,frame_trace,1171,rsg_20260806_76_954880000_001171,sent_to_hydra,,,,,,,,,,,618.9472680052859,ok,17.86055400589248,562.8611849970184,35.555577000195626,0.24088400095934048,35.314692999236286,0.003168002876918763,1.0582529939711094,0.19272699864814058,303.9072280007531,18.942455004435033,0.008958995749708265,323.051368999586,71.48615102778422,21.796204993734136,5.7439499942120165,28.51441298116697,14.727583991771098,108.70187600085046,4.363310981716495,1.2887709963251837,0.36113399983150885,1.376189997245092,0.16914399748202413,0.00553599966224283,187.77083199529443,5.2537000010488555,0.16002499614842236,45.51807999814628,0.04892601282335818,7.773644996632356,7.043951001833193,0.10111500159837306,0.6285789932007901,9.33484900451731,0.7462359935743734,0.0058240111684426665,2.6667839993024245,8,0,8,0,0,,,,,,,,,,,,,,
rsg_object_detection,dropped_oldest,1182,rsg_20260806_77_654880000_001182,dropped,True,fifo_cached_frame,1183,116,0,1065,116,0,1,0.0,47.184240000206046,frame_fifo_full,,,,,,,,,,,,,,,,,,,,,,,,,,,,,,,,,,,,,,,,,,,,,,,,,,,,,,,,
rsg_object_detection,dropped_oldest,1183,rsg_20260806_77_704880000_001183,dropped,True,fifo_cached_frame,1184,116,0,1066,116,0,1,0.0,48.6238189987489,frame_fifo_full,,,,,,,,,,,,,,,,,,,,,,,,,,,,,,,,,,,,,,,,,,,,,,,,,,,,,,,,
rsg_object_detection,dropped_oldest,1184,rsg_20260806_77_754880000_001184,dropped,True,fifo_cached_frame,1185,116,0,1067,116,0,1,0.0,51.62889200437348,frame_fifo_full,,,,,,,,,,,,,,,,,,,,,,,,,,,,,,,,,,,,,,,,,,,,,,,,,,,,,,,,
rsg_object_detection,dropped_oldest,1185,rsg_20260806_77_804879999_001185,dropped,True,fifo_cached_frame,1186,116,0,1068,116,0,1,0.0,52.45787599415053,frame_fifo_full,,,,,,,,,,,,,,,,,,,,,,,,,,,,,,,,,,,,,,,,,,,,,,,,,,,,,,,,
rsg_object_detection,dropped_oldest,1186,rsg_20260806_77_854879999_001186,dropped,True,fifo_cached_frame,1187,116,0,1069,116,0,1,0.0,49.594300995522644,frame_fifo_full,,,,,,,,,,,,,,,,,,,,,,,,,,,,,,,,,,,,,,,,,,,,,,,,,,,,,,,,
rsg_object_detection,dropped_oldest,1187,rsg_20260806_77_904880000_001187,dropped,True,fifo_cached_frame,1188,116,0,1070,116,0,1,0.0,50.809666005079634,frame_fifo_full,,,,,,,,,,,,,,,,,,,,,,,,,,,,,,,,,,,,,,,,,,,,,,,,,,,,,,,,
rsg_object_detection,dropped_oldest,1188,rsg_20260806_77_954880000_001188,dropped,True,fifo_cached_frame,1189,116,0,1071,116,0,1,0.0,94.48252299625892,frame_fifo_full,,,,,,,,,,,,,,,,,,,,,,,,,,,,,,,,,,,,,,,,,,,,,,,,,,,,,,,,
rsg_object_detection,dropped_oldest,1189,rsg_20260806_78_004879999_001189,dropped,True,fifo_cached_frame,1190,116,0,1072,116,0,1,0.0,131.02408199483762,frame_fifo_full,,,,,,,,,,,,,,,,,,,,,,,,,,,,,,,,,,,,,,,,,,,,,,,,,,,,,,,,
rsg_object_detection,dropped_oldest,1190,rsg_20260806_78_104879999_001190,dropped,True,fifo_cached_frame,1191,116,0,1073,116,0,1,0.0,14.380977998371236,frame_fifo_full,,,,,,,,,,,,,,,,,,,,,,,,,,,,,,,,,,,,,,,,,,,,,,,,,,,,,,,,
rsg_object_detection,dropped_oldest,1191,rsg_20260806_78_154880000_001191,dropped,True,fifo_cached_frame,1192,116,0,1074,116,0,1,0.0,10.1388120019692,frame_fifo_full,,,,,,,,,,,,,,,,,,,,,,,,,,,,,,,,,,,,,,,,,,,,,,,,,,,,,,,,
rsg_object_detection,dropped_oldest,1192,rsg_20260806_78_204880000_001192,dropped,True,fifo_cached_frame,1193,116,0,1075,116,0,1,0.0,77.68195600510808,frame_fifo_full,,,,,,,,,,,,,,,,,,,,,,,,,,,,,,,,,,,,,,,,,,,,,,,,,,,,,,,,
rsg_object_detection,frame_trace,1181,rsg_20260806_77_604879999_001181,sent_to_hydra,,,,,,,,,,,687.081539996143,ok,18.391633995634038,635.8096539988765,29.739122997852974,0.22744599846191704,29.511676999391057,0.0032949974411167204,1.0383830012870021,0.8759899938013405,317.79395900230156,16.217465003137477,0.006846996257081628,334.89426099549746,105.06157100462588,22.20680999744218,10.772381989227142,51.935406008851714,19.174954999471083,134.71193899749778,4.323184992244933,1.0345440023229457,0.41021899960469455,1.4088610041653737,0.41194900404661894,0.004542998794931918,247.38600999990012,6.1547790028271265,0.15189599798759446,46.1377019964857,0.046623004891444,11.611445996095426,10.93554199906066,0.09548399975756183,0.580419997277204,6.000608998874668,0.7750030054012313,0.00457599526271224,3.1378340063383803,8,0,7,0,0,,,,,,,,,,,,,,
rsg_object_detection,dropped_oldest,1194,rsg_20260806_78_354879999_001194,dropped,True,fifo_cached_frame,1195,117,0,1076,117,0,1,0.0,37.46547600167105,frame_fifo_full,,,,,,,,,,,,,,,,,,,,,,,,,,,,,,,,,,,,,,,,,,,,,,,,,,,,,,,,
rsg_object_detection,dropped_oldest,1195,rsg_20260806_78_404880000_001195,dropped,True,fifo_cached_frame,1196,117,0,1077,117,0,1,0.0,40.15373199945316,frame_fifo_full,,,,,,,,,,,,,,,,,,,,,,,,,,,,,,,,,,,,,,,,,,,,,,,,,,,,,,,,
rsg_object_detection,dropped_oldest,1196,rsg_20260806_78_454880000_001196,dropped,True,fifo_cached_frame,1197,117,0,1078,117,0,1,0.0,104.79854999721283,frame_fifo_full,,,,,,,,,,,,,,,,,,,,,,,,,,,,,,,,,,,,,,,,,,,,,,,,,,,,,,,,
rsg_object_detection,dropped_oldest,1197,rsg_20260806_78_554879999_001197,dropped,True,fifo_cached_frame,1198,117,0,1079,117,0,1,0.0,51.0653069941327,frame_fifo_full,,,,,,,,,,,,,,,,,,,,,,,,,,,,,,,,,,,,,,,,,,,,,,,,,,,,,,,,
rsg_object_detection,dropped_oldest,1198,rsg_20260806_78_604879999_001198,dropped,True,fifo_cached_frame,1199,117,0,1080,117,0,1,0.0,47.0925370027544,frame_fifo_full,,,,,,,,,,,,,,,,,,,,,,,,,,,,,,,,,,,,,,,,,,,,,,,,,,,,,,,,
rsg_object_detection,dropped_oldest,1199,rsg_20260806_78_654880000_001199,dropped,True,fifo_cached_frame,1200,117,0,1081,117,0,1,0.0,54.107593998196535,frame_fifo_full,,,,,,,,,,,,,,,,,,,,,,,,,,,,,,,,,,,,,,,,,,,,,,,,,,,,,,,,
rsg_object_detection,dropped_oldest,1200,rsg_20260806_78_704880000_001200,dropped,True,fifo_cached_frame,1201,117,0,1082,117,0,1,0.0,141.66805500281043,frame_fifo_full,,,,,,,,,,,,,,,,,,,,,,,,,,,,,,,,,,,,,,,,,,,,,,,,,,,,,,,,
rsg_object_detection,dropped_oldest,1201,rsg_20260806_78_804879999_001201,dropped,True,fifo_cached_frame,1202,117,0,1083,117,0,1,0.0,5.858695993083529,frame_fifo_full,,,,,,,,,,,,,,,,,,,,,,,,,,,,,,,,,,,,,,,,,,,,,,,,,,,,,,,,
rsg_object_detection,dropped_oldest,1202,rsg_20260806_78_854879999_001202,dropped,True,fifo_cached_frame,1203,117,0,1084,117,0,1,0.0,77.6797170037753,frame_fifo_full,,,,,,,,,,,,,,,,,,,,,,,,,,,,,,,,,,,,,,,,,,,,,,,,,,,,,,,,
rsg_object_detection,frame_trace,1193,rsg_20260806_78_254880000_001193,sent_to_hydra,,,,,,,,,,,663.0976969972835,ok,16.068001998064574,598.715265005012,44.9387190019479,0.19554299797164276,44.74317600397626,0.006942995241843164,1.2642910005524755,0.18389499746263027,306.7419049984892,23.15291100239847,0.009087001672014594,330.0877980000223,92.17614299268462,31.91233300458407,5.7233739862567745,25.50060800422216,28.26796399313025,116.51904699829174,4.489159990043845,0.9579400139045902,0.3986390074715018,1.3559040016843937,0.5016400027670898,0.005343004886526614,216.4194629949634,4.747006001707632,0.14712899428559467,45.9976439960883,0.05193401739234105,10.563240000919905,9.753327001817524,0.12316300126258284,0.6867499978397973,4.7448940022150055,0.7544600011897273,0.005407993739936501,3.3687679970171303,8,0,8,0,0,,,,,,,,,,,,,,
rsg_object_detection,dropped_oldest,1204,rsg_20260806_78_954880000_001204,dropped,True,fifo_cached_frame,1205,118,0,1085,118,0,1,0.0,72.195050001028,frame_fifo_full,,,,,,,,,,,,,,,,,,,,,,,,,,,,,,,,,,,,,,,,,,,,,,,,,,,,,,,,
rsg_object_detection,dropped_oldest,1205,rsg_20260806_79_054879999_001205,dropped,True,fifo_cached_frame,1206,118,0,1086,118,0,1,0.0,50.289250997593626,frame_fifo_full,,,,,,,,,,,,,,,,,,,,,,,,,,,,,,,,,,,,,,,,,,,,,,,,,,,,,,,,
rsg_object_detection,dropped_oldest,1206,rsg_20260806_79_104879999_001206,dropped,True,fifo_cached_frame,1207,118,0,1087,118,0,1,0.0,61.90194699593121,frame_fifo_full,,,,,,,,,,,,,,,,,,,,,,,,,,,,,,,,,,,,,,,,,,,,,,,,,,,,,,,,
rsg_object_detection,dropped_oldest,1207,rsg_20260806_79_154880000_001207,dropped,True,fifo_cached_frame,1208,118,0,1088,118,0,1,0.0,48.91248499916401,frame_fifo_full,,,,,,,,,,,,,,,,,,,,,,,,,,,,,,,,,,,,,,,,,,,,,,,,,,,,,,,,
rsg_object_detection,dropped_oldest,1208,rsg_20260806_79_204880000_001208,dropped,True,fifo_cached_frame,1209,118,0,1089,118,0,1,0.0,40.854405000573024,frame_fifo_full,,,,,,,,,,,,,,,,,,,,,,,,,,,,,,,,,,,,,,,,,,,,,,,,,,,,,,,,
rsg_object_detection,dropped_oldest,1209,rsg_20260806_79_254880000_001209,dropped,True,fifo_cached_frame,1210,118,0,1090,118,0,1,0.0,50.294500004383735,frame_fifo_full,,,,,,,,,,,,,,,,,,,,,,,,,,,,,,,,,,,,,,,,,,,,,,,,,,,,,,,,
rsg_object_detection,dropped_oldest,1210,rsg_20260806_79_304879999_001210,dropped,True,fifo_cached_frame,1211,118,0,1091,118,0,1,0.0,62.15716699807672,frame_fifo_full,,,,,,,,,,,,,,,,,,,,,,,,,,,,,,,,,,,,,,,,,,,,,,,,,,,,,,,,
rsg_object_detection,dropped_oldest,1211,rsg_20260806_79_354879999_001211,dropped,True,fifo_cached_frame,1212,118,0,1092,118,0,1,0.0,38.76381699956255,frame_fifo_full,,,,,,,,,,,,,,,,,,,,,,,,,,,,,,,,,,,,,,,,,,,,,,,,,,,,,,,,
rsg_object_detection,dropped_oldest,1212,rsg_20260806_79_404880000_001212,dropped,True,fifo_cached_frame,1213,118,0,1093,118,0,1,0.0,47.06294200150296,frame_fifo_full,,,,,,,,,,,,,,,,,,,,,,,,,,,,,,,,,,,,,,,,,,,,,,,,,,,,,,,,
rsg_object_detection,dropped_oldest,1213,rsg_20260806_79_454880000_001213,dropped,True,fifo_cached_frame,1214,118,0,1094,118,0,1,0.0,99.5699120030622,frame_fifo_full,,,,,,,,,,,,,,,,,,,,,,,,,,,,,,,,,,,,,,,,,,,,,,,,,,,,,,,,
rsg_object_detection,dropped_oldest,1214,rsg_20260806_79_554879999_001214,dropped,True,fifo_cached_frame,1215,118,0,1095,118,0,1,0.0,51.21336800220888,frame_fifo_full,,,,,,,,,,,,,,,,,,,,,,,,,,,,,,,,,,,,,,,,,,,,,,,,,,,,,,,,
rsg_object_detection,frame_trace,1203,rsg_20260806_78_904880000_001203,sent_to_hydra,,,,,,,,,,,680.5598200007807,ok,14.684485002362635,618.8393390038982,43.941935000475496,0.16914399748202413,43.77279100299347,0.0027839996619150043,5.210342998907436,1.294850000704173,386.98491499962984,22.940347000258043,0.009311996109317988,411.22942399670137,63.06249900080729,16.809439985081553,4.13234800362261,24.775395992037375,16.716354999516625,81.8728669983102,4.115898991585709,2.5123939994955435,0.35508601285982877,1.267011000891216,0.28517099417513236,0.005118999979458749,153.49124599742936,9.74980799946934,0.1388730015605688,38.97439900174504,0.04524600808508694,10.176091993344016,9.42374300211668,0.10146699787583202,0.6508819933515042,3.8332569965859875,0.670272005663719,0.004864006768912077,3.091276994382497,8,0,8,0,0,,,,,,,,,,,,,,
rsg_object_detection,dropped_oldest,1216,rsg_20260806_79_654880000_001216,dropped,True,fifo_cached_frame,1217,119,0,1096,119,0,1,0.0,95.85037699434906,frame_fifo_full,,,,,,,,,,,,,,,,,,,,,,,,,,,,,,,,,,,,,,,,,,,,,,,,,,,,,,,,
rsg_object_detection,dropped_oldest,1217,rsg_20260806_79_754880000_001217,dropped,True,fifo_cached_frame,1218,119,0,1097,119,0,1,0.0,51.315026998054236,frame_fifo_full,,,,,,,,,,,,,,,,,,,,,,,,,,,,,,,,,,,,,,,,,,,,,,,,,,,,,,,,
rsg_object_detection,dropped_oldest,1218,rsg_20260806_79_804879999_001218,dropped,True,fifo_cached_frame,1219,119,0,1098,119,0,1,0.0,99.22963999997592,frame_fifo_full,,,,,,,,,,,,,,,,,,,,,,,,,,,,,,,,,,,,,,,,,,,,,,,,,,,,,,,,
rsg_object_detection,dropped_oldest,1219,rsg_20260806_79_904880000_001219,dropped,True,fifo_cached_frame,1220,119,0,1099,119,0,1,0.0,51.296723999257665,frame_fifo_full,,,,,,,,,,,,,,,,,,,,,,,,,,,,,,,,,,,,,,,,,,,,,,,,,,,,,,,,
rsg_object_detection,dropped_oldest,1220,rsg_20260806_79_954880000_001220,dropped,True,fifo_cached_frame,1221,119,0,1100,119,0,1,0.0,68.9369390020147,frame_fifo_full,,,,,,,,,,,,,,,,,,,,,,,,,,,,,,,,,,,,,,,,,,,,,,,,,,,,,,,,
rsg_object_detection,dropped_oldest,1221,rsg_20260806_80_004879999_001221,dropped,True,fifo_cached_frame,1222,119,0,1101,119,0,1,0.0,69.46731700008968,frame_fifo_full,,,,,,,,,,,,,,,,,,,,,,,,,,,,,,,,,,,,,,,,,,,,,,,,,,,,,,,,
rsg_object_detection,dropped_oldest,1222,rsg_20260806_80_054879999_001222,dropped,True,fifo_cached_frame,1223,119,0,1102,119,0,1,0.0,56.20209500193596,frame_fifo_full,,,,,,,,,,,,,,,,,,,,,,,,,,,,,,,,,,,,,,,,,,,,,,,,,,,,,,,,
rsg_object_detection,dropped_oldest,1223,rsg_20260806_80_104879999_001223,dropped,True,fifo_cached_frame,1224,119,0,1103,119,0,1,0.0,6.434638002247084,frame_fifo_full,,,,,,,,,,,,,,,,,,,,,,,,,,,,,,,,,,,,,,,,,,,,,,,,,,,,,,,,
rsg_object_detection,dropped_oldest,1224,rsg_20260806_80_154880000_001224,dropped,True,fifo_cached_frame,1225,119,0,1104,119,0,1,0.0,65.80807000136701,frame_fifo_full,,,,,,,,,,,,,,,,,,,,,,,,,,,,,,,,,,,,,,,,,,,,,,,,,,,,,,,,
rsg_object_detection,dropped_oldest,1225,rsg_20260806_80_204880000_001225,dropped,True,fifo_cached_frame,1226,119,0,1105,120,0,1,0.0,34.68388599867467,frame_fifo_full,,,,,,,,,,,,,,,,,,,,,,,,,,,,,,,,,,,,,,,,,,,,,,,,,,,,,,,,
rsg_object_detection,frame_trace,1215,rsg_20260806_79_604879999_001215,sent_to_hydra,,,,,,,,,,,628.1847389982431,ok,15.08440299949143,573.6461839987896,36.8118139958824,0.13295399548951536,36.67886000039289,0.006176000169944018,5.9480370036908425,0.228853001317475,310.0317880016519,16.21945099759614,0.006271999154705554,326.4863639997202,80.76274400082184,20.920602990372572,6.944978995306883,29.567294994194526,22.54673400602769,111.2917610007571,3.233638002711814,0.5693170023732819,0.3232489980291575,1.219621997734066,0.41297200368717313,0.00553599966224283,197.83374999678927,3.9816030039219186,0.14316099986899644,39.19403899635654,0.059229998441878706,10.552266001468524,9.850027003267314,0.09685899567557499,0.6053800025256351,3.5757980003836565,0.9515069978078827,0.004831999831367284,2.6361620039097033,8,0,7,0,0,,,,,,,,,,,,,,
rsg_object_detection,dropped_oldest,1227,rsg_20260806_80_304879999_001227,dropped,True,fifo_cached_frame,1228,120,0,1106,120,0,1,0.0,100.05380099755712,frame_fifo_full,,,,,,,,,,,,,,,,,,,,,,,,,,,,,,,,,,,,,,,,,,,,,,,,,,,,,,,,
rsg_object_detection,dropped_oldest,1228,rsg_20260806_80_404880000_001228,dropped,True,fifo_cached_frame,1229,120,0,1107,120,0,1,0.0,50.78843200317351,frame_fifo_full,,,,,,,,,,,,,,,,,,,,,,,,,,,,,,,,,,,,,,,,,,,,,,,,,,,,,,,,
rsg_object_detection,dropped_oldest,1229,rsg_20260806_80_454880000_001229,dropped,True,fifo_cached_frame,1230,120,0,1108,120,0,1,0.0,100.67143500054954,frame_fifo_full,,,,,,,,,,,,,,,,,,,,,,,,,,,,,,,,,,,,,,,,,,,,,,,,,,,,,,,,
rsg_object_detection,dropped_oldest,1230,rsg_20260806_80_554879999_001230,dropped,True,fifo_cached_frame,1231,120,0,1109,120,0,1,0.0,50.15700699732406,frame_fifo_full,,,,,,,,,,,,,,,,,,,,,,,,,,,,,,,,,,,,,,,,,,,,,,,,,,,,,,,,
rsg_object_detection,dropped_oldest,1231,rsg_20260806_80_604879999_001231,dropped,True,fifo_cached_frame,1232,120,0,1110,120,0,1,0.0,110.44761000084691,frame_fifo_full,,,,,,,,,,,,,,,,,,,,,,,,,,,,,,,,,,,,,,,,,,,,,,,,,,,,,,,,
rsg_object_detection,dropped_oldest,1232,rsg_20260806_80_704880000_001232,dropped,True,fifo_cached_frame,1233,120,0,1111,120,0,1,0.0,51.838718994986266,frame_fifo_full,,,,,,,,,,,,,,,,,,,,,,,,,,,,,,,,,,,,,,,,,,,,,,,,,,,,,,,,
rsg_object_detection,dropped_oldest,1233,rsg_20260806_80_754880000_001233,dropped,True,fifo_cached_frame,1234,120,0,1112,120,0,1,0.0,61.86937700113049,frame_fifo_full,,,,,,,,,,,,,,,,,,,,,,,,,,,,,,,,,,,,,,,,,,,,,,,,,,,,,,,,
rsg_object_detection,frame_trace,1226,rsg_20260806_80_254880000_001226,sent_to_hydra,,,,,,,,,,,588.8361519973841,ok,11.082256998633966,571.5201429993613,3.7620299990521744,0.2919870021287352,3.470042996923439,0.005375994078349322,1.7081749974749982,0.18955900304717943,331.710493999708,25.45242199994391,0.008221999451052397,357.3606970021501,80.41572698857635,18.783266001264565,5.309443986334372,39.97569900820963,15.5099489929853,78.63715499843238,3.453853008977603,0.40599700150778517,0.34123100340366364,1.4719299942953512,0.19141499797115102,0.007071997970342636,164.9432269987301,2.8988060003030114,0.15653599984943867,44.403520005289465,0.04918199556414038,5.536791999475099,4.937076999340206,0.1063939998857677,0.49332100024912506,4.823322997253854,0.7174380007199943,0.004704001185018569,2.466346006258391,8,0,8,0,0,,,,,,,,,,,,,,
rsg_object_detection,dropped_oldest,1235,rsg_20260806_80_854879999_001235,dropped,True,fifo_cached_frame,1236,121,0,1113,121,0,1,0.0,38.03911899740342,frame_fifo_full,,,,,,,,,,,,,,,,,,,,,,,,,,,,,,,,,,,,,,,,,,,,,,,,,,,,,,,,
rsg_object_detection,dropped_oldest,1236,rsg_20260806_80_904880000_001236,dropped,True,fifo_cached_frame,1237,121,0,1114,121,0,1,0.0,38.748333005059976,frame_fifo_full,,,,,,,,,,,,,,,,,,,,,,,,,,,,,,,,,,,,,,,,,,,,,,,,,,,,,,,,
rsg_object_detection,dropped_oldest,1237,rsg_20260806_80_954880000_001237,dropped,True,fifo_cached_frame,1238,121,0,1115,121,0,1,0.0,51.59847300092224,frame_fifo_full,,,,,,,,,,,,,,,,,,,,,,,,,,,,,,,,,,,,,,,,,,,,,,,,,,,,,,,,
rsg_object_detection,dropped_oldest,1238,rsg_20260806_81_004879999_001238,dropped,True,fifo_cached_frame,1239,121,0,1116,121,0,1,0.0,53.40430700016441,frame_fifo_full,,,,,,,,,,,,,,,,,,,,,,,,,,,,,,,,,,,,,,,,,,,,,,,,,,,,,,,,
rsg_object_detection,dropped_oldest,1239,rsg_20260806_81_054879999_001239,dropped,True,fifo_cached_frame,1240,121,0,1117,121,0,1,0.0,50.60598099953495,frame_fifo_full,,,,,,,,,,,,,,,,,,,,,,,,,,,,,,,,,,,,,,,,,,,,,,,,,,,,,,,,
rsg_object_detection,dropped_oldest,1240,rsg_20260806_81_104879999_001240,dropped,True,fifo_cached_frame,1241,121,0,1118,121,0,1,0.0,55.821893001848366,frame_fifo_full,,,,,,,,,,,,,,,,,,,,,,,,,,,,,,,,,,,,,,,,,,,,,,,,,,,,,,,,
rsg_object_detection,dropped_oldest,1241,rsg_20260806_81_154880000_001241,dropped,True,fifo_cached_frame,1242,121,0,1119,121,0,1,0.0,40.299813997989986,frame_fifo_full,,,,,,,,,,,,,,,,,,,,,,,,,,,,,,,,,,,,,,,,,,,,,,,,,,,,,,,,
rsg_object_detection,dropped_oldest,1242,rsg_20260806_81_204880000_001242,dropped,True,fifo_cached_frame,1243,121,0,1120,121,0,1,0.0,58.42215399752604,frame_fifo_full,,,,,,,,,,,,,,,,,,,,,,,,,,,,,,,,,,,,,,,,,,,,,,,,,,,,,,,,
rsg_object_detection,dropped_oldest,1243,rsg_20260806_81_254880000_001243,dropped,True,fifo_cached_frame,1244,121,0,1121,121,0,1,0.0,44.561244001670275,frame_fifo_full,,,,,,,,,,,,,,,,,,,,,,,,,,,,,,,,,,,,,,,,,,,,,,,,,,,,,,,,
rsg_object_detection,,318,rsg_20260806_27_704879999_000318,vlm_done,,,,,,,,,,,,ok,,,,,,,,,,,,,,,,,,,,,,,,,,,,,,,,,,,,,,,,,,,rsg_obj_000019,rsg_unknown_rsg_20260806_27_704879999_000318_005_nanosam_000,,,1,0.35123483118477594,ceiling_light,0.98,static,0.99,5109.584921003261,47807.667079003295,qwen_http,Qwen3-VL-8B-Instruct-GGUF
rsg_object_detection,completed,318,rsg_20260806_27_704879999_000318,,,,,,,,,,,42698.0800780002,,vlm_done,,,,,,,,,,,,,,,,,,,,,,,,,,,,,,,,,,,,,,,,,,,rsg_obj_000019,rsg_unknown_rsg_20260806_27_704879999_000318_005_nanosam_000,41,300,1,0.35123483118477594,,,,,,,,
rsg_object_detection,dropped_oldest,1244,rsg_20260806_81_304879999_001244,dropped,True,fifo_cached_frame,1245,121,0,1122,121,0,1,0.0,54.677562999131624,frame_fifo_full,,,,,,,,,,,,,,,,,,,,,,,,,,,,,,,,,,,,,,,,,,,,,,,,,,,,,,,,
rsg_object_detection,dropped_oldest,1245,rsg_20260806_81_354879999_001245,dropped,True,fifo_cached_frame,1246,121,0,1123,121,0,1,0.0,59.727883999585174,frame_fifo_full,,,,,,,,,,,,,,,,,,,,,,,,,,,,,,,,,,,,,,,,,,,,,,,,,,,,,,,,
rsg_object_detection,frame_trace,1234,rsg_20260806_80_804879999_001234,sent_to_hydra,,,,,,,,,,,658.1061059987405,ok,8.952630996645894,605.1234730039141,41.97374800423859,0.1446329988539219,41.829115005384665,0.002368004061281681,5.11134100088384,0.19675899966387078,306.27254499995615,26.7378339995048,0.006431997462641448,333.21356999658747,152.15907899982994,37.27135000372073,5.661843992129434,82.56996698764851,24.831108014041092,66.81196299905423,3.82455499493517,0.8424549814662896,0.3199210259481333,1.291649998165667,0.47968899889383465,0.0042239989852532744,225.7491519994801,6.283478003751952,0.11695399734890088,34.60798900050577,0.04098900535609573,4.49927500449121,3.9226289954967797,0.08837900531943887,0.48826700367499143,3.6827050062129274,0.7655949957552366,0.005055990186519921,2.053885989880655,8,0,8,0,0,,,,,,,,,,,,,,
rsg_object_detection,dropped_oldest,1247,rsg_20260806_81_504880000_001247,dropped,True,fifo_cached_frame,1248,122,0,1124,122,0,1,0.0,34.822538000298664,frame_fifo_full,,,,,,,,,,,,,,,,,,,,,,,,,,,,,,,,,,,,,,,,,,,,,,,,,,,,,,,,
rsg_object_detection,dequeued,436,rsg_20260806_33_954880000_000436,,,,,,,,,,,47095.2136220003,,fifo_order,,,,,,,,,,,,,,,,,,,,,,,,,,,,,,,,,,,,,,,,,,,rsg_obj_000007,rsg_unknown_rsg_20260806_33_954880000_000436_003_nanosam_007,41,300,39,0.6457290418807216,,,,,,,,
rsg_object_detection,dropped_oldest,1248,rsg_20260806_81_554879999_001248,dropped,True,fifo_cached_frame,1249,122,0,1125,122,0,1,0.0,60.55901200306835,frame_fifo_full,,,,,,,,,,,,,,,,,,,,,,,,,,,,,,,,,,,,,,,,,,,,,,,,,,,,,,,,
rsg_object_detection,dropped_oldest,1249,rsg_20260806_81_604879999_001249,dropped,True,fifo_cached_frame,1250,122,0,1126,122,0,1,0.0,41.56897000211757,frame_fifo_full,,,,,,,,,,,,,,,,,,,,,,,,,,,,,,,,,,,,,,,,,,,,,,,,,,,,,,,,
rsg_object_detection,dropped_oldest,1250,rsg_20260806_81_654880000_001250,dropped,True,fifo_cached_frame,1251,122,0,1127,122,0,1,0.0,108.56319699814776,frame_fifo_full,,,,,,,,,,,,,,,,,,,,,,,,,,,,,,,,,,,,,,,,,,,,,,,,,,,,,,,,
rsg_object_detection,dropped_oldest,1251,rsg_20260806_81_754880000_001251,dropped,True,fifo_cached_frame,1252,122,0,1128,122,0,1,0.0,42.966886998328846,frame_fifo_full,,,,,,,,,,,,,,,,,,,,,,,,,,,,,,,,,,,,,,,,,,,,,,,,,,,,,,,,
rsg_object_detection,dropped_oldest,1252,rsg_20260806_81_804879999_001252,dropped,True,fifo_cached_frame,1253,122,0,1129,122,0,1,0.0,102.44198299915297,frame_fifo_full,,,,,,,,,,,,,,,,,,,,,,,,,,,,,,,,,,,,,,,,,,,,,,,,,,,,,,,,
rsg_object_detection,dropped_oldest,1253,rsg_20260806_81_904880000_001253,dropped,True,fifo_cached_frame,1254,122,0,1130,122,0,1,0.0,65.61211599910166,frame_fifo_full,,,,,,,,,,,,,,,,,,,,,,,,,,,,,,,,,,,,,,,,,,,,,,,,,,,,,,,,
rsg_object_detection,dropped_oldest,1254,rsg_20260806_81_954880000_001254,dropped,True,fifo_cached_frame,1255,122,0,1131,122,0,1,0.0,28.84269499918446,frame_fifo_full,,,,,,,,,,,,,,,,,,,,,,,,,,,,,,,,,,,,,,,,,,,,,,,,,,,,,,,,
rsg_object_detection,dropped_oldest,1255,rsg_20260806_82_004879999_001255,dropped,True,fifo_cached_frame,1256,122,0,1132,122,0,1,0.0,72.11936100065941,frame_fifo_full,,,,,,,,,,,,,,,,,,,,,,,,,,,,,,,,,,,,,,,,,,,,,,,,,,,,,,,,
rsg_object_detection,dropped_oldest,1256,rsg_20260806_82_054879999_001256,dropped,True,fifo_cached_frame,1257,122,0,1133,123,0,1,0.0,36.93892099545337,frame_fifo_full,,,,,,,,,,,,,,,,,,,,,,,,,,,,,,,,,,,,,,,,,,,,,,,,,,,,,,,,
rsg_object_detection,frame_trace,1246,rsg_20260806_81_404880000_001246,sent_to_hydra,,,,,,,,,,,664.4900149985915,ok,14.138817998173181,553.217090004182,94.27561899792636,0.11880999954883009,94.15680899837753,0.00672000169288367,4.3160189961781725,2.311954005563166,302.92356699646916,21.571744000539184,0.008734998118598014,326.8160000006901,80.37448699906236,23.760087999107782,5.411133977759164,31.91995800443692,18.57601699884981,85.40563999849837,3.765261011722032,0.9448200144106522,0.5087759782327339,1.3689589977730066,0.34507099917391315,0.004576002538669854,173.18931199406506,6.745856000634376,0.15055199764901772,41.95464799704496,0.04470301792025566,9.60911300353473,8.94123999751173,0.10988299618475139,0.5579900098382495,3.8488409991259687,0.6758720046491362,0.004991990863345563,2.851767996617127,8,0,8,0,0,,,,,,,,,,,,,,
rsg_object_detection,dropped_oldest,1258,rsg_20260806_82_154880000_001258,dropped,True,fifo_cached_frame,1259,123,0,1134,123,0,1,0.0,49.037964003218804,frame_fifo_full,,,,,,,,,,,,,,,,,,,,,,,,,,,,,,,,,,,,,,,,,,,,,,,,,,,,,,,,
rsg_object_detection,dropped_oldest,1259,rsg_20260806_82_204880000_001259,dropped,True,fifo_cached_frame,1260,123,0,1135,123,0,1,0.0,49.088617000961676,frame_fifo_full,,,,,,,,,,,,,,,,,,,,,,,,,,,,,,,,,,,,,,,,,,,,,,,,,,,,,,,,
rsg_object_detection,dropped_oldest,1260,rsg_20260806_82_254880000_001260,dropped,True,fifo_cached_frame,1261,123,0,1136,123,0,1,0.0,50.660830005654134,frame_fifo_full,,,,,,,,,,,,,,,,,,,,,,,,,,,,,,,,,,,,,,,,,,,,,,,,,,,,,,,,
rsg_object_detection,dropped_oldest,1261,rsg_20260806_82_304879999_001261,dropped,True,fifo_cached_frame,1262,123,0,1137,123,0,1,0.0,66.54119700397132,frame_fifo_full,,,,,,,,,,,,,,,,,,,,,,,,,,,,,,,,,,,,,,,,,,,,,,,,,,,,,,,,
rsg_object_detection,dropped_oldest,1262,rsg_20260806_82_354879999_001262,dropped,True,fifo_cached_frame,1263,123,0,1138,123,0,1,0.0,38.60408900072798,frame_fifo_full,,,,,,,,,,,,,,,,,,,,,,,,,,,,,,,,,,,,,,,,,,,,,,,,,,,,,,,,
rsg_object_detection,dropped_oldest,1263,rsg_20260806_82_404880000_001263,dropped,True,fifo_cached_frame,1264,123,0,1139,123,0,1,0.0,111.72395100584254,frame_fifo_full,,,,,,,,,,,,,,,,,,,,,,,,,,,,,,,,,,,,,,,,,,,,,,,,,,,,,,,,
rsg_object_detection,dropped_oldest,1264,rsg_20260806_82_504880000_001264,dropped,True,fifo_cached_frame,1265,123,0,1140,123,0,1,0.0,50.89742699783528,frame_fifo_full,,,,,,,,,,,,,,,,,,,,,,,,,,,,,,,,,,,,,,,,,,,,,,,,,,,,,,,,
rsg_object_detection,dropped_oldest,1265,rsg_20260806_82_554879999_001265,dropped,True,fifo_cached_frame,1266,123,0,1141,123,0,1,0.0,97.32303399505327,frame_fifo_full,,,,,,,,,,,,,,,,,,,,,,,,,,,,,,,,,,,,,,,,,,,,,,,,,,,,,,,,
rsg_object_detection,frame_trace,1257,rsg_20260806_82_104879999_001257,sent_to_hydra,,,,,,,,,,,570.9595880034612,ok,11.028021006495692,552.823999998509,4.65417899977183,0.1285699981963262,4.5256090015755035,0.0025280023692175746,1.0649420000845566,0.17602300067665055,336.5003040016745,16.870945000846405,0.007230992196127772,353.5545029953937,63.266599987400696,22.87132899800781,3.2700210067559965,27.257332010776736,9.314821007137652,82.5816529977601,3.8993019988993183,0.8543279982404783,0.331506016664207,1.4092130004428327,0.337455996486824,0.0037429999792948365,152.6994489977369,3.0900299971108325,0.15215299936244264,42.201999996905215,0.06092301191529259,6.375730001309421,5.633141001453623,0.1089549987227656,0.6336340011330321,3.970883997681085,0.6772470005671494,0.004160006938036531,2.4508599963155575,8,0,8,0,0,,,,,,,,,,,,,,
rsg_object_detection,dropped_oldest,1267,rsg_20260806_82_704880000_001267,dropped,True,fifo_cached_frame,1268,124,0,1142,124,0,1,0.0,39.309816995228175,frame_fifo_full,,,,,,,,,,,,,,,,,,,,,,,,,,,,,,,,,,,,,,,,,,,,,,,,,,,,,,,,
rsg_object_detection,dropped_oldest,1268,rsg_20260806_82_754880000_001268,dropped,True,fifo_cached_frame,1269,124,0,1143,124,0,1,0.0,55.47916200157488,frame_fifo_full,,,,,,,,,,,,,,,,,,,,,,,,,,,,,,,,,,,,,,,,,,,,,,,,,,,,,,,,
rsg_object_detection,dropped_oldest,1269,rsg_20260806_82_804879999_001269,dropped,True,fifo_cached_frame,1270,124,0,1144,124,0,1,0.0,98.28570899844635,frame_fifo_full,,,,,,,,,,,,,,,,,,,,,,,,,,,,,,,,,,,,,,,,,,,,,,,,,,,,,,,,
rsg_object_detection,dropped_oldest,1270,rsg_20260806_82_904880000_001270,dropped,True,fifo_cached_frame,1271,124,0,1145,124,0,1,0.0,52.498726996418554,frame_fifo_full,,,,,,,,,,,,,,,,,,,,,,,,,,,,,,,,,,,,,,,,,,,,,,,,,,,,,,,,
rsg_object_detection,dropped_oldest,1271,rsg_20260806_82_954880000_001271,dropped,True,fifo_cached_frame,1272,124,0,1146,124,0,1,0.0,48.53846699552378,frame_fifo_full,,,,,,,,,,,,,,,,,,,,,,,,,,,,,,,,,,,,,,,,,,,,,,,,,,,,,,,,
rsg_object_detection,dropped_oldest,1272,rsg_20260806_83_004879999_001272,dropped,True,fifo_cached_frame,1273,124,0,1147,124,0,1,0.0,47.40652100008447,frame_fifo_full,,,,,,,,,,,,,,,,,,,,,,,,,,,,,,,,,,,,,,,,,,,,,,,,,,,,,,,,
rsg_object_detection,dropped_oldest,1273,rsg_20260806_83_054879999_001273,dropped,True,fifo_cached_frame,1274,124,0,1148,124,0,1,0.0,106.0136060041259,frame_fifo_full,,,,,,,,,,,,,,,,,,,,,,,,,,,,,,,,,,,,,,,,,,,,,,,,,,,,,,,,
rsg_object_detection,dropped_oldest,1274,rsg_20260806_83_154880000_001274,dropped,True,fifo_cached_frame,1275,124,0,1149,124,0,1,0.0,75.50221899873577,frame_fifo_full,,,,,,,,,,,,,,,,,,,,,,,,,,,,,,,,,,,,,,,,,,,,,,,,,,,,,,,,
rsg_object_detection,dropped_oldest,1275,rsg_20260806_83_204880000_001275,dropped,True,fifo_cached_frame,1276,124,0,1150,124,0,1,0.0,103.04709099727916,frame_fifo_full,,,,,,,,,,,,,,,,,,,,,,,,,,,,,,,,,,,,,,,,,,,,,,,,,,,,,,,,
rsg_object_detection,frame_trace,1266,rsg_20260806_82_654880000_001266,sent_to_hydra,,,,,,,,,,,686.0301880005863,ok,11.484576003567781,629.1925620025722,42.61961099837208,0.12661799701163545,42.492993001360446,0.0026559937396086752,5.041104996053036,0.29937799990875646,383.9767430035863,15.134100001887418,0.007167996955104172,399.4173890023376,68.3697569911601,16.22188900364563,3.931750004994683,36.29639400605811,11.179152003023773,99.32214699801989,3.1877860019449145,0.9556320001138374,0.31432200921699405,1.2784670034307055,0.3297439980087802,0.005760004569310695,173.77855900122086,7.867180000175722,0.1654640000197105,42.8768179990584,0.04604700370691717,7.032723005977459,6.457007002609316,0.11327500396873802,0.462440999399405,3.5863579978467897,0.8607909985585138,0.004704001185018569,2.730783002334647,8,0,8,0,0,,,,,,,,,,,,,,
rsg_object_detection,dropped_oldest,1277,rsg_20260806_83_404880000_001277,dropped,True,fifo_cached_frame,1278,125,0,1151,125,0,1,0.0,49.35462399589596,frame_fifo_full,,,,,,,,,,,,,,,,,,,,,,,,,,,,,,,,,,,,,,,,,,,,,,,,,,,,,,,,
rsg_object_detection,dropped_oldest,1278,rsg_20260806_83_454880000_001278,dropped,True,fifo_cached_frame,1279,125,0,1152,125,0,1,0.0,47.71073399751913,frame_fifo_full,,,,,,,,,,,,,,,,,,,,,,,,,,,,,,,,,,,,,,,,,,,,,,,,,,,,,,,,
rsg_object_detection,dropped_oldest,1279,rsg_20260806_83_504880000_001279,dropped,True,fifo_cached_frame,1280,125,0,1153,125,0,1,0.0,50.63939600222511,frame_fifo_full,,,,,,,,,,,,,,,,,,,,,,,,,,,,,,,,,,,,,,,,,,,,,,,,,,,,,,,,
rsg_object_detection,dropped_oldest,1280,rsg_20260806_83_554879999_001280,dropped,True,fifo_cached_frame,1281,125,0,1154,125,0,1,0.0,60.39787799818441,frame_fifo_full,,,,,,,,,,,,,,,,,,,,,,,,,,,,,,,,,,,,,,,,,,,,,,,,,,,,,,,,
rsg_object_detection,dropped_oldest,1281,rsg_20260806_83_604879999_001281,dropped,True,fifo_cached_frame,1282,125,0,1155,125,0,1,0.0,40.2664779976476,frame_fifo_full,,,,,,,,,,,,,,,,,,,,,,,,,,,,,,,,,,,,,,,,,,,,,,,,,,,,,,,,
rsg_object_detection,dropped_oldest,1282,rsg_20260806_83_654880000_001282,dropped,True,fifo_cached_frame,1283,125,0,1156,125,0,1,0.0,51.37696099700406,frame_fifo_full,,,,,,,,,,,,,,,,,,,,,,,,,,,,,,,,,,,,,,,,,,,,,,,,,,,,,,,,
rsg_object_detection,dropped_oldest,1283,rsg_20260806_83_704880000_001283,dropped,True,fifo_cached_frame,1284,125,0,1157,125,0,1,0.0,86.23604600143153,frame_fifo_full,,,,,,,,,,,,,,,,,,,,,,,,,,,,,,,,,,,,,,,,,,,,,,,,,,,,,,,,
rsg_object_detection,dropped_oldest,1284,rsg_20260806_83_754880000_001284,dropped,True,fifo_cached_frame,1285,125,0,1158,125,0,1,0.0,20.0206520021311,frame_fifo_full,,,,,,,,,,,,,,,,,,,,,,,,,,,,,,,,,,,,,,,,,,,,,,,,,,,,,,,,
rsg_object_detection,dropped_oldest,1285,rsg_20260806_83_804879999_001285,dropped,True,fifo_cached_frame,1286,125,0,1159,125,0,1,0.0,57.88762799784308,frame_fifo_full,,,,,,,,,,,,,,,,,,,,,,,,,,,,,,,,,,,,,,,,,,,,,,,,,,,,,,,,
rsg_object_detection,dropped_oldest,1286,rsg_20260806_83_854879999_001286,dropped,True,fifo_cached_frame,1287,125,0,1160,125,0,1,0.0,55.97194300207775,frame_fifo_full,,,,,,,,,,,,,,,,,,,,,,,,,,,,,,,,,,,,,,,,,,,,,,,,,,,,,,,,
rsg_object_detection,frame_trace,1276,rsg_20260806_83_304879999_001276,sent_to_hydra,,,,,,,,,,,595.8475759980502,ok,12.705191002169158,537.0023599971319,43.631278997054324,0.14575300156138837,43.485525995492935,0.0032320022000931203,1.210886999615468,0.29550599720096216,335.15226600138703,20.29513500019675,0.009791998309083283,355.75269899709383,83.49793700472219,28.400447001331486,6.891738004924264,37.970970006426796,9.66680700366851,53.01483500079485,2.75420599791687,0.9177169995382428,0.2989599961438216,1.148201001342386,0.19058299949392676,0.006656002369709313,141.8444869996165,2.417516996501945,0.13423400378087536,35.59857099753572,0.04396500298753381,8.453135997115169,7.81662199733546,0.10252299398416653,0.5339910057955422,3.7000490046921186,0.5467259979923256,0.0052800023695454,2.505513999494724,6,0,6,0,0,,,,,,,,,,,,,,
rsg_object_detection,dropped_oldest,1288,rsg_20260806_83_954880000_001288,dropped,True,fifo_cached_frame,1289,126,0,1161,126,0,1,0.0,41.37087399431039,frame_fifo_full,,,,,,,,,,,,,,,,,,,,,,,,,,,,,,,,,,,,,,,,,,,,,,,,,,,,,,,,
rsg_object_detection,dropped_oldest,1289,rsg_20260806_84_004879999_001289,dropped,True,fifo_cached_frame,1290,126,0,1162,126,0,1,0.0,51.52607299532974,frame_fifo_full,,,,,,,,,,,,,,,,,,,,,,,,,,,,,,,,,,,,,,,,,,,,,,,,,,,,,,,,
rsg_object_detection,dropped_oldest,1290,rsg_20260806_84_054879999_001290,dropped,True,fifo_cached_frame,1291,126,0,1163,126,0,1,0.0,51.83278299955418,frame_fifo_full,,,,,,,,,,,,,,,,,,,,,,,,,,,,,,,,,,,,,,,,,,,,,,,,,,,,,,,,
rsg_object_detection,dropped_oldest,1291,rsg_20260806_84_104879999_001291,dropped,True,fifo_cached_frame,1292,126,0,1164,126,0,1,0.0,50.77651299507124,frame_fifo_full,,,,,,,,,,,,,,,,,,,,,,,,,,,,,,,,,,,,,,,,,,,,,,,,,,,,,,,,
rsg_object_detection,dropped_oldest,1292,rsg_20260806_84_154880000_001292,dropped,True,fifo_cached_frame,1293,126,0,1165,126,0,1,0.0,48.67702800402185,frame_fifo_full,,,,,,,,,,,,,,,,,,,,,,,,,,,,,,,,,,,,,,,,,,,,,,,,,,,,,,,,
rsg_object_detection,dropped_oldest,1293,rsg_20260806_84_204880000_001293,dropped,True,fifo_cached_frame,1294,126,0,1166,126,0,1,0.0,59.00633199780714,frame_fifo_full,,,,,,,,,,,,,,,,,,,,,,,,,,,,,,,,,,,,,,,,,,,,,,,,,,,,,,,,
rsg_object_detection,dropped_oldest,1294,rsg_20260806_84_254880000_001294,dropped,True,fifo_cached_frame,1295,126,0,1167,126,0,1,0.0,131.94710899551865,frame_fifo_full,,,,,,,,,,,,,,,,,,,,,,,,,,,,,,,,,,,,,,,,,,,,,,,,,,,,,,,,
rsg_object_detection,dropped_oldest,1295,rsg_20260806_84_354879999_001295,dropped,True,fifo_cached_frame,1296,126,0,1168,126,0,1,0.0,20.61592199606821,frame_fifo_full,,,,,,,,,,,,,,,,,,,,,,,,,,,,,,,,,,,,,,,,,,,,,,,,,,,,,,,,
rsg_object_detection,dropped_oldest,1296,rsg_20260806_84_404880000_001296,dropped,True,fifo_cached_frame,1297,126,0,1169,126,0,1,0.0,64.62232200283324,frame_fifo_full,,,,,,,,,,,,,,,,,,,,,,,,,,,,,,,,,,,,,,,,,,,,,,,,,,,,,,,,
rsg_object_detection,frame_trace,1287,rsg_20260806_83_904880000_001287,sent_to_hydra,,,,,,,,,,,571.8983109982219,ok,11.523774999659508,523.6267709988169,34.009142000286374,0.1286330007133074,33.88050899957307,0.00348799949279055,4.779422000865452,0.22008499945513904,291.1594200049876,20.561333003570326,0.007454989827238023,311.9482929978403,49.48358098772587,15.848562979954295,4.060704006406013,12.48622501589125,16.49179700325476,101.5526420014794,3.891591011779383,1.0288140110787936,0.34731398773146793,1.4455950004048645,0.37361499562393874,0.00486300268676132,158.14894300274318,5.246247994364239,0.15567300579277799,43.30531400046311,0.042877996747847646,5.520890998013783,4.993843998818193,0.09276399941882119,0.43428299977676943,3.579670999897644,2.416973002254963,0.0062399994931183755,2.735134999966249,8,0,8,0,0,,,,,,,,,,,,,,
rsg_object_detection,dropped_oldest,1298,rsg_20260806_84_554879999_001298,dropped,True,fifo_cached_frame,1299,127,0,1170,127,0,1,0.0,100.48194100090768,frame_fifo_full,,,,,,,,,,,,,,,,,,,,,,,,,,,,,,,,,,,,,,,,,,,,,,,,,,,,,,,,
rsg_object_detection,dropped_oldest,1299,rsg_20260806_84_654880000_001299,dropped,True,fifo_cached_frame,1300,127,0,1171,127,0,1,0.0,49.415073001000565,frame_fifo_full,,,,,,,,,,,,,,,,,,,,,,,,,,,,,,,,,,,,,,,,,,,,,,,,,,,,,,,,
rsg_object_detection,dropped_oldest,1300,rsg_20260806_84_704880000_001300,dropped,True,fifo_cached_frame,1301,127,0,1172,127,0,1,0.0,54.34626400528941,frame_fifo_full,,,,,,,,,,,,,,,,,,,,,,,,,,,,,,,,,,,,,,,,,,,,,,,,,,,,,,,,
rsg_object_detection,dropped_oldest,1301,rsg_20260806_84_754880000_001301,dropped,True,fifo_cached_frame,1302,127,0,1173,127,0,1,0.0,45.21421599929454,frame_fifo_full,,,,,,,,,,,,,,,,,,,,,,,,,,,,,,,,,,,,,,,,,,,,,,,,,,,,,,,,
rsg_object_detection,dropped_oldest,1302,rsg_20260806_84_804879999_001302,dropped,True,fifo_cached_frame,1303,127,0,1174,127,0,1,0.0,53.5844440018991,frame_fifo_full,,,,,,,,,,,,,,,,,,,,,,,,,,,,,,,,,,,,,,,,,,,,,,,,,,,,,,,,
rsg_object_detection,dropped_oldest,1303,rsg_20260806_84_854879999_001303,dropped,True,fifo_cached_frame,1304,127,0,1175,127,0,1,0.0,128.12133899569744,frame_fifo_full,,,,,,,,,,,,,,,,,,,,,,,,,,,,,,,,,,,,,,,,,,,,,,,,,,,,,,,,
rsg_object_detection,dropped_oldest,1304,rsg_20260806_84_954880000_001304,dropped,True,fifo_cached_frame,1305,127,0,1176,127,0,1,0.0,27.905529001145624,frame_fifo_full,,,,,,,,,,,,,,,,,,,,,,,,,,,,,,,,,,,,,,,,,,,,,,,,,,,,,,,,
rsg_object_detection,dropped_oldest,1305,rsg_20260806_85_004879999_001305,dropped,True,fifo_cached_frame,1306,127,0,1177,127,0,1,0.0,72.40182899840875,frame_fifo_full,,,,,,,,,,,,,,,,,,,,,,,,,,,,,,,,,,,,,,,,,,,,,,,,,,,,,,,,
rsg_object_detection,frame_trace,1297,rsg_20260806_84_454880000_001297,sent_to_hydra,,,,,,,,,,,613.701950001996,ok,13.448165002046153,553.3119060055469,44.26200500165578,0.13535399921238422,44.126651002443396,0.004447996616363525,5.405664000136312,0.2265169969177805,331.1169640001026,21.441834993311204,0.006495007255580276,352.79181099758716,61.03753199568018,17.76437699300004,5.357315996661782,19.749336985114496,17.411177992471494,80.18459499726305,4.056000987475272,1.1266009969403967,0.331154020386748,1.3656949959113263,0.1849189939093776,0.006048001523595303,148.30764899670612,3.2313350020558573,0.14280900359153748,43.389119004132226,0.04351900133769959,8.416274999035522,7.618519994139206,0.10146799468202516,0.6962870102142915,4.352081996330526,0.6751359978807159,0.004672008799389005,2.675425996130798,8,0,8,0,0,,,,,,,,,,,,,,
rsg_object_detection,dropped_oldest,1307,rsg_20260806_85_104879999_001307,dropped,True,fifo_cached_frame,1308,128,0,1178,128,0,1,0.0,37.908835998678114,frame_fifo_full,,,,,,,,,,,,,,,,,,,,,,,,,,,,,,,,,,,,,,,,,,,,,,,,,,,,,,,,
rsg_object_detection,dropped_oldest,1308,rsg_20260806_85_154880000_001308,dropped,True,fifo_cached_frame,1309,128,0,1179,128,0,1,0.0,99.8227149975719,frame_fifo_full,,,,,,,,,,,,,,,,,,,,,,,,,,,,,,,,,,,,,,,,,,,,,,,,,,,,,,,,
rsg_object_detection,dropped_oldest,1309,rsg_20260806_85_254880000_001309,dropped,True,fifo_cached_frame,1310,128,0,1180,128,0,1,0.0,42.81292499945266,frame_fifo_full,,,,,,,,,,,,,,,,,,,,,,,,,,,,,,,,,,,,,,,,,,,,,,,,,,,,,,,,
rsg_object_detection,dropped_oldest,1310,rsg_20260806_85_304879999_001310,dropped,True,fifo_cached_frame,1311,128,0,1181,128,0,1,0.0,47.767730997293256,frame_fifo_full,,,,,,,,,,,,,,,,,,,,,,,,,,,,,,,,,,,,,,,,,,,,,,,,,,,,,,,,
rsg_object_detection,dropped_oldest,1311,rsg_20260806_85_354879999_001311,dropped,True,fifo_cached_frame,1312,128,0,1182,128,0,1,0.0,118.32689899893012,frame_fifo_full,,,,,,,,,,,,,,,,,,,,,,,,,,,,,,,,,,,,,,,,,,,,,,,,,,,,,,,,
rsg_object_detection,dropped_oldest,1312,rsg_20260806_85_454880000_001312,dropped,True,fifo_cached_frame,1313,128,0,1183,128,0,1,0.0,136.69572800426977,frame_fifo_full,,,,,,,,,,,,,,,,,,,,,,,,,,,,,,,,,,,,,,,,,,,,,,,,,,,,,,,,
rsg_object_detection,dropped_oldest,1313,rsg_20260806_85_504880000_001313,dropped,True,fifo_cached_frame,1314,128,0,1184,128,0,1,0.0,9.99309700273443,frame_fifo_full,,,,,,,,,,,,,,,,,,,,,,,,,,,,,,,,,,,,,,,,,,,,,,,,,,,,,,,,
rsg_object_detection,dropped_oldest,1314,rsg_20260806_85_554879999_001314,dropped,True,fifo_cached_frame,1315,128,0,1185,128,0,1,0.0,11.225838999962434,frame_fifo_full,,,,,,,,,,,,,,,,,,,,,,,,,,,,,,,,,,,,,,,,,,,,,,,,,,,,,,,,
rsg_object_detection,dropped_oldest,1315,rsg_20260806_85_604879999_001315,dropped,True,fifo_cached_frame,1316,128,0,1186,128,0,1,0.0,44.14054199878592,frame_fifo_full,,,,,,,,,,,,,,,,,,,,,,,,,,,,,,,,,,,,,,,,,,,,,,,,,,,,,,,,
rsg_object_detection,frame_trace,1306,rsg_20260806_85_054879999_001306,sent_to_hydra,,,,,,,,,,,600.3014439993422,ok,15.131446001760196,544.1585890002898,38.57849999621976,0.1495929973316379,38.428906998888124,0.00499099405715242,4.844700000830926,0.21237399778328836,292.89431299548596,17.158773996925447,0.007231006748043001,310.27269199694274,95.45399300986901,31.023912997625303,6.210523999470752,41.32611499517225,16.40649099863367,78.77244399423944,3.547831998730544,4.941560007864609,0.34638398938113824,1.006320002488792,0.3186410031048581,0.0057919969549402595,184.40784600534244,9.219405001203995,0.12553000124171376,35.24201699474361,0.04639899998437613,10.768547996121924,10.051270000985824,0.12124199565732852,0.5960359994787723,3.8163959980010986,0.5415739942691289,0.0049280133680440485,2.4279180070152506,6,0,6,0,0,,,,,,,,,,,,,,
rsg_object_detection,dropped_oldest,1317,rsg_20260806_85_704880000_001317,dropped,True,fifo_cached_frame,1318,129,0,1187,129,0,1,0.0,81.01489899854641,frame_fifo_full,,,,,,,,,,,,,,,,,,,,,,,,,,,,,,,,,,,,,,,,,,,,,,,,,,,,,,,,
rsg_object_detection,dropped_oldest,1318,rsg_20260806_85_804879999_001318,dropped,True,fifo_cached_frame,1319,129,0,1188,129,0,1,0.0,51.46595599944703,frame_fifo_full,,,,,,,,,,,,,,,,,,,,,,,,,,,,,,,,,,,,,,,,,,,,,,,,,,,,,,,,
rsg_object_detection,dropped_oldest,1319,rsg_20260806_85_854879999_001319,dropped,True,fifo_cached_frame,1320,129,0,1189,129,0,1,0.0,50.41963699477492,frame_fifo_full,,,,,,,,,,,,,,,,,,,,,,,,,,,,,,,,,,,,,,,,,,,,,,,,,,,,,,,,
rsg_object_detection,dropped_oldest,1320,rsg_20260806_85_904880000_001320,dropped,True,fifo_cached_frame,1321,129,0,1190,129,0,1,0.0,103.98965500644408,frame_fifo_full,,,,,,,,,,,,,,,,,,,,,,,,,,,,,,,,,,,,,,,,,,,,,,,,,,,,,,,,
rsg_object_detection,dropped_oldest,1321,rsg_20260806_86_004879999_001321,dropped,True,fifo_cached_frame,1322,129,0,1191,129,0,1,0.0,108.12684000120498,frame_fifo_full,,,,,,,,,,,,,,,,,,,,,,,,,,,,,,,,,,,,,,,,,,,,,,,,,,,,,,,,
rsg_object_detection,dropped_oldest,1322,rsg_20260806_86_104879999_001322,dropped,True,fifo_cached_frame,1323,129,0,1192,129,0,1,0.0,58.03675499919336,frame_fifo_full,,,,,,,,,,,,,,,,,,,,,,,,,,,,,,,,,,,,,,,,,,,,,,,,,,,,,,,,
rsg_object_detection,dropped_oldest,1323,rsg_20260806_86_154880000_001323,dropped,True,fifo_cached_frame,1324,129,0,1193,129,0,1,0.0,32.56457799579948,frame_fifo_full,,,,,,,,,,,,,,,,,,,,,,,,,,,,,,,,,,,,,,,,,,,,,,,,,,,,,,,,
rsg_object_detection,dropped_oldest,1324,rsg_20260806_86_204880000_001324,dropped,True,fifo_cached_frame,1325,129,0,1194,129,0,1,0.0,54.915077998884954,frame_fifo_full,,,,,,,,,,,,,,,,,,,,,,,,,,,,,,,,,,,,,,,,,,,,,,,,,,,,,,,,
rsg_object_detection,frame_trace,1316,rsg_20260806_85_654880000_001316,sent_to_hydra,,,,,,,,,,,596.3200159967528,ok,13.481285001034848,537.1159280039137,43.25235899887048,0.1365369971608743,43.1158220017096,0.003360000846441835,6.213626998942345,0.18258299678564072,325.37738799874205,19.055966004088987,0.006686997949145734,344.6226239975658,58.64472800749354,21.167068000067957,5.5381709971698,17.664672996033914,13.799221997032873,85.24030599801335,2.2643089905614033,0.5798450001748279,0.2726900056586601,1.2019280038657598,0.26565099688014016,0.00819200067780912,148.49873600178398,2.100062003592029,0.14722599735250697,35.48872799728997,0.0449250073870644,9.488641000643838,8.883324997441377,0.08661999891046435,0.5186960042919964,3.5063629984506406,0.48128900380106643,0.004991998139303178,2.4670839920872822,5,0,5,0,0,,,,,,,,,,,,,,
rsg_object_detection,dropped_oldest,1326,rsg_20260806_86_304879999_001326,dropped,True,fifo_cached_frame,1327,130,0,1195,130,0,1,0.0,46.79626000142889,frame_fifo_full,,,,,,,,,,,,,,,,,,,,,,,,,,,,,,,,,,,,,,,,,,,,,,,,,,,,,,,,
rsg_object_detection,dropped_oldest,1327,rsg_20260806_86_354879999_001327,dropped,True,fifo_cached_frame,1328,130,0,1196,130,0,1,0.0,51.250097996671684,frame_fifo_full,,,,,,,,,,,,,,,,,,,,,,,,,,,,,,,,,,,,,,,,,,,,,,,,,,,,,,,,
rsg_object_detection,dropped_oldest,1328,rsg_20260806_86_404880000_001328,dropped,True,fifo_cached_frame,1329,130,0,1197,130,0,1,0.0,48.22352200426394,frame_fifo_full,,,,,,,,,,,,,,,,,,,,,,,,,,,,,,,,,,,,,,,,,,,,,,,,,,,,,,,,
rsg_object_detection,dropped_oldest,1329,rsg_20260806_86_454880000_001329,dropped,True,fifo_cached_frame,1330,130,0,1198,130,0,1,0.0,50.83802199806087,frame_fifo_full,,,,,,,,,,,,,,,,,,,,,,,,,,,,,,,,,,,,,,,,,,,,,,,,,,,,,,,,
rsg_object_detection,dropped_oldest,1330,rsg_20260806_86_504880000_001330,dropped,True,fifo_cached_frame,1331,130,0,1199,130,0,1,0.0,52.46658599935472,frame_fifo_full,,,,,,,,,,,,,,,,,,,,,,,,,,,,,,,,,,,,,,,,,,,,,,,,,,,,,,,,
rsg_object_detection,dropped_oldest,1331,rsg_20260806_86_554879999_001331,dropped,True,fifo_cached_frame,1332,130,0,1200,130,0,1,0.0,50.19222899863962,frame_fifo_full,,,,,,,,,,,,,,,,,,,,,,,,,,,,,,,,,,,,,,,,,,,,,,,,,,,,,,,,
rsg_object_detection,dropped_oldest,1332,rsg_20260806_86_604879999_001332,dropped,True,fifo_cached_frame,1333,130,0,1201,130,0,1,0.0,58.33840499690268,frame_fifo_full,,,,,,,,,,,,,,,,,,,,,,,,,,,,,,,,,,,,,,,,,,,,,,,,,,,,,,,,
rsg_object_detection,dropped_oldest,1333,rsg_20260806_86_654880000_001333,dropped,True,fifo_cached_frame,1334,130,0,1202,130,0,1,0.0,63.18934400042053,frame_fifo_full,,,,,,,,,,,,,,,,,,,,,,,,,,,,,,,,,,,,,,,,,,,,,,,,,,,,,,,,
rsg_object_detection,dropped_oldest,1334,rsg_20260806_86_704880000_001334,dropped,True,fifo_cached_frame,1335,130,0,1203,130,0,1,0.0,59.246841999993194,frame_fifo_full,,,,,,,,,,,,,,,,,,,,,,,,,,,,,,,,,,,,,,,,,,,,,,,,,,,,,,,,
rsg_object_detection,frame_trace,1325,rsg_20260806_86_254880000_001325,sent_to_hydra,,,,,,,,,,,540.1549480011454,ok,11.707608995493501,493.19811900204513,33.16141400136985,0.16588000289630145,32.99553399847355,0.0031679956009611487,2.93058199895313,0.20699900051113218,292.77562200149987,22.650646002148278,0.00780599657446146,315.64107300073374,57.18623699794989,13.6316150019411,4.945401000441052,26.223468994430732,11.805427995568607,67.37765899742953,2.3030930024106055,0.5493179924087599,0.25045001530088484,1.1047799998777919,0.41066899575525895,0.006080001185182482,129.20470000244677,7.161166999139823,0.14853700122330338,38.0717750012991,0.04028499824926257,5.898121999052819,5.342532000213396,0.11039499804610386,0.4451950007933192,5.210666997299995,0.5926759986323304,0.006144000508356839,2.0846380066359416,5,0,5,0,0,,,,,,,,,,,,,,
rsg_object_detection,dropped_oldest,1336,rsg_20260806_86_804879999_001336,dropped,True,fifo_cached_frame,1337,131,0,1204,131,0,1,0.0,25.621704997320194,frame_fifo_full,,,,,,,,,,,,,,,,,,,,,,,,,,,,,,,,,,,,,,,,,,,,,,,,,,,,,,,,
rsg_object_detection,dropped_oldest,1337,rsg_20260806_86_854879999_001337,dropped,True,fifo_cached_frame,1338,131,0,1205,131,0,1,0.0,48.55009800667176,frame_fifo_full,,,,,,,,,,,,,,,,,,,,,,,,,,,,,,,,,,,,,,,,,,,,,,,,,,,,,,,,
rsg_object_detection,dropped_oldest,1338,rsg_20260806_86_904880000_001338,dropped,True,fifo_cached_frame,1339,131,0,1206,131,0,1,0.0,45.65343399735866,frame_fifo_full,,,,,,,,,,,,,,,,,,,,,,,,,,,,,,,,,,,,,,,,,,,,,,,,,,,,,,,,
rsg_object_detection,dropped_oldest,1339,rsg_20260806_86_954880000_001339,dropped,True,fifo_cached_frame,1340,131,0,1207,131,0,1,0.0,62.922700999479275,frame_fifo_full,,,,,,,,,,,,,,,,,,,,,,,,,,,,,,,,,,,,,,,,,,,,,,,,,,,,,,,,
rsg_object_detection,dropped_oldest,1340,rsg_20260806_87_004879999_001340,dropped,True,fifo_cached_frame,1341,131,0,1208,131,0,1,0.0,49.60908800421748,frame_fifo_full,,,,,,,,,,,,,,,,,,,,,,,,,,,,,,,,,,,,,,,,,,,,,,,,,,,,,,,,
rsg_object_detection,dropped_oldest,1341,rsg_20260806_87_054879999_001341,dropped,True,fifo_cached_frame,1342,131,0,1209,131,0,1,0.0,41.55260699917562,frame_fifo_full,,,,,,,,,,,,,,,,,,,,,,,,,,,,,,,,,,,,,,,,,,,,,,,,,,,,,,,,
rsg_object_detection,dropped_oldest,1342,rsg_20260806_87_104879999_001342,dropped,True,fifo_cached_frame,1343,131,0,1210,131,0,1,0.0,49.42510100227082,frame_fifo_full,,,,,,,,,,,,,,,,,,,,,,,,,,,,,,,,,,,,,,,,,,,,,,,,,,,,,,,,
rsg_object_detection,dropped_oldest,1343,rsg_20260806_87_154880000_001343,dropped,True,fifo_cached_frame,1344,131,0,1211,131,0,1,0.0,65.4308749944903,frame_fifo_full,,,,,,,,,,,,,,,,,,,,,,,,,,,,,,,,,,,,,,,,,,,,,,,,,,,,,,,,
rsg_object_detection,dropped_oldest,1344,rsg_20260806_87_204880000_001344,dropped,True,fifo_cached_frame,1345,131,0,1212,131,0,1,0.0,32.80021799582755,frame_fifo_full,,,,,,,,,,,,,,,,,,,,,,,,,,,,,,,,,,,,,,,,,,,,,,,,,,,,,,,,
rsg_object_detection,dropped_oldest,1345,rsg_20260806_87_254880000_001345,dropped,True,fifo_cached_frame,1346,131,0,1213,131,0,1,0.0,69.71899399650283,frame_fifo_full,,,,,,,,,,,,,,,,,,,,,,,,,,,,,,,,,,,,,,,,,,,,,,,,,,,,,,,,
rsg_object_detection,dropped_oldest,1346,rsg_20260806_87_304879999_001346,dropped,True,fifo_cached_frame,1347,131,0,1214,131,0,1,0.0,79.66303799912566,frame_fifo_full,,,,,,,,,,,,,,,,,,,,,,,,,,,,,,,,,,,,,,,,,,,,,,,,,,,,,,,,
rsg_object_detection,,436,rsg_20260806_33_954880000_000436,vlm_done,,,,,,,,,,,,ok,,,,,,,,,,,,,,,,,,,,,,,,,,,,,,,,,,,,,,,,,,,rsg_obj_000007,rsg_unknown_rsg_20260806_33_954880000_000436_003_nanosam_007,,,39,0.6457290418807216,floor,0.98,static,0.99,5837.234095000895,52932.449573003396,qwen_http,Qwen3-VL-8B-Instruct-GGUF
rsg_object_detection,completed,436,rsg_20260806_33_954880000_000436,,,,,,,,,,,47095.2136220003,,vlm_done,,,,,,,,,,,,,,,,,,,,,,,,,,,,,,,,,,,,,,,,,,,rsg_obj_000007,rsg_unknown_rsg_20260806_33_954880000_000436_003_nanosam_007,43,300,39,0.6457290418807216,,,,,,,,
rsg_object_detection,frame_trace,1335,rsg_20260806_86_754880000_001335,sent_to_hydra,,,,,,,,,,,660.4968949977774,ok,14.906659002008382,602.1450810003444,40.67661299632164,0.12837800022680312,40.548234996094834,0.0028479989850893617,6.463055004132912,0.2141980003216304,313.9688380033476,20.462269996642135,0.009055002010427415,334.6543610023218,119.17247800010955,37.67826099647209,8.681321014591958,34.737374997348525,37.26074301812332,98.50602499500383,2.600995998363942,0.8618170104455203,0.3166249953210354,1.3737280023633502,0.6961909966776147,0.007071001164149493,223.5591860007844,11.7040260010981,0.14367300173034891,25.573678001819644,0.04710198845714331,8.681512001203373,8.072324999375269,0.09666800178820267,0.5125190000399016,5.629175000649411,0.5904680001549423,0.005504000000655651,2.7656940001179464,7,0,5,0,0,,,,,,,,,,,,,,
rsg_object_detection,dropped_oldest,1348,rsg_20260806_87_454880000_001348,dropped,True,fifo_cached_frame,1349,132,0,1215,132,0,1,0.0,41.68507999565918,frame_fifo_full,,,,,,,,,,,,,,,,,,,,,,,,,,,,,,,,,,,,,,,,,,,,,,,,,,,,,,,,
rsg_object_detection,dropped_oldest,1349,rsg_20260806_87_504880000_001349,dropped,True,fifo_cached_frame,1350,132,0,1216,132,0,1,0.0,38.348372996551916,frame_fifo_full,,,,,,,,,,,,,,,,,,,,,,,,,,,,,,,,,,,,,,,,,,,,,,,,,,,,,,,,
rsg_object_detection,dequeued,445,rsg_20260806_34_454880000_000445,,,,,,,,,,,52684.24264899659,,fifo_order,,,,,,,,,,,,,,,,,,,,,,,,,,,,,,,,,,,,,,,,,,,rsg_obj_000014,rsg_unknown_rsg_20260806_34_454880000_000445_005_nanosam_004,43,300,30,0.7304561815488494,,,,,,,,
rsg_object_detection,dropped_oldest,1350,rsg_20260806_87_554879999_001350,dropped,True,fifo_cached_frame,1351,132,0,1217,132,0,1,0.0,49.793402999057434,frame_fifo_full,,,,,,,,,,,,,,,,,,,,,,,,,,,,,,,,,,,,,,,,,,,,,,,,,,,,,,,,
rsg_object_detection,dropped_oldest,1351,rsg_20260806_87_604879999_001351,dropped,True,fifo_cached_frame,1352,132,0,1218,132,0,1,0.0,50.312707004195545,frame_fifo_full,,,,,,,,,,,,,,,,,,,,,,,,,,,,,,,,,,,,,,,,,,,,,,,,,,,,,,,,
rsg_object_detection,dropped_oldest,1352,rsg_20260806_87_654880000_001352,dropped,True,fifo_cached_frame,1353,132,0,1219,132,0,1,0.0,51.41198300407268,frame_fifo_full,,,,,,,,,,,,,,,,,,,,,,,,,,,,,,,,,,,,,,,,,,,,,,,,,,,,,,,,
rsg_object_detection,dropped_oldest,1353,rsg_20260806_87_704880000_001353,dropped,True,fifo_cached_frame,1354,132,0,1220,132,0,1,0.0,51.757182998699136,frame_fifo_full,,,,,,,,,,,,,,,,,,,,,,,,,,,,,,,,,,,,,,,,,,,,,,,,,,,,,,,,
rsg_object_detection,dropped_oldest,1354,rsg_20260806_87_754880000_001354,dropped,True,fifo_cached_frame,1355,132,0,1221,132,0,1,0.0,147.2176870011026,frame_fifo_full,,,,,,,,,,,,,,,,,,,,,,,,,,,,,,,,,,,,,,,,,,,,,,,,,,,,,,,,
rsg_object_detection,dropped_oldest,1355,rsg_20260806_87_904880000_001355,dropped,True,fifo_cached_frame,1356,132,0,1222,132,0,1,0.0,65.89974999951664,frame_fifo_full,,,,,,,,,,,,,,,,,,,,,,,,,,,,,,,,,,,,,,,,,,,,,,,,,,,,,,,,
rsg_object_detection,frame_trace,1347,rsg_20260806_87_404880000_001347,sent_to_hydra,,,,,,,,,,,579.1199099985533,ok,10.315227002138272,502.98051400022814,63.8763890019618,0.14050499885343015,63.73588400310837,0.004831999831367284,7.2781210037646815,0.5840049998369068,285.3924709997955,15.852279000682756,0.0053440016927197576,301.83409900200786,85.14351899793837,17.451849991630297,5.0749620131682605,44.050248005078174,17.824473994551226,61.29359800252132,3.0038940021768212,0.8602439920650795,0.2792820014292374,1.1804559981101193,0.37726199661847204,0.004479996277950704,152.1591510027065,5.774001001555007,0.14108100003795698,35.751247000007425,0.042813990148715675,5.408450000686571,4.8830029991222546,0.09471600060351193,0.4307310009608045,4.333267999754753,0.567876995773986,0.00563200592296198,1.9429479943937622,7,0,6,0,0,,,,,,,,,,,,,,
rsg_object_detection,dropped_oldest,1357,rsg_20260806_88_004879999_001357,dropped,True,fifo_cached_frame,1358,133,0,1223,133,0,1,0.0,46.232289998442866,frame_fifo_full,,,,,,,,,,,,,,,,,,,,,,,,,,,,,,,,,,,,,,,,,,,,,,,,,,,,,,,,
rsg_object_detection,dropped_oldest,1358,rsg_20260806_88_054879999_001358,dropped,True,fifo_cached_frame,1359,133,0,1224,133,0,1,0.0,49.12614200293319,frame_fifo_full,,,,,,,,,,,,,,,,,,,,,,,,,,,,,,,,,,,,,,,,,,,,,,,,,,,,,,,,
rsg_object_detection,dropped_oldest,1359,rsg_20260806_88_104879999_001359,dropped,True,fifo_cached_frame,1360,133,0,1225,133,0,1,0.0,51.2326669995673,frame_fifo_full,,,,,,,,,,,,,,,,,,,,,,,,,,,,,,,,,,,,,,,,,,,,,,,,,,,,,,,,
rsg_object_detection,dropped_oldest,1360,rsg_20260806_88_154880000_001360,dropped,True,fifo_cached_frame,1361,133,0,1226,133,0,1,0.0,50.690963995293714,frame_fifo_full,,,,,,,,,,,,,,,,,,,,,,,,,,,,,,,,,,,,,,,,,,,,,,,,,,,,,,,,
rsg_object_detection,dropped_oldest,1361,rsg_20260806_88_204880000_001361,dropped,True,fifo_cached_frame,1362,133,0,1227,133,0,1,0.0,69.73154400475323,frame_fifo_full,,,,,,,,,,,,,,,,,,,,,,,,,,,,,,,,,,,,,,,,,,,,,,,,,,,,,,,,
rsg_object_detection,dropped_oldest,1362,rsg_20260806_88_254880000_001362,dropped,True,fifo_cached_frame,1363,133,0,1228,133,0,1,0.0,31.05342199705774,frame_fifo_full,,,,,,,,,,,,,,,,,,,,,,,,,,,,,,,,,,,,,,,,,,,,,,,,,,,,,,,,
rsg_object_detection,dropped_oldest,1363,rsg_20260806_88_304879999_001363,dropped,True,fifo_cached_frame,1364,133,0,1229,133,0,1,0.0,63.6524370056577,frame_fifo_full,,,,,,,,,,,,,,,,,,,,,,,,,,,,,,,,,,,,,,,,,,,,,,,,,,,,,,,,
rsg_object_detection,dropped_oldest,1364,rsg_20260806_88_354879999_001364,dropped,True,fifo_cached_frame,1365,133,0,1230,133,0,1,0.0,40.19120199518511,frame_fifo_full,,,,,,,,,,,,,,,,,,,,,,,,,,,,,,,,,,,,,,,,,,,,,,,,,,,,,,,,
rsg_object_detection,dropped_oldest,1365,rsg_20260806_88_404880000_001365,dropped,True,fifo_cached_frame,1366,133,0,1231,133,0,1,0.0,90.7111030028318,frame_fifo_full,,,,,,,,,,,,,,,,,,,,,,,,,,,,,,,,,,,,,,,,,,,,,,,,,,,,,,,,
rsg_object_detection,dropped_oldest,1366,rsg_20260806_88_454880000_001366,dropped,True,fifo_cached_frame,1367,133,0,1232,133,0,1,0.0,17.869338000309654,frame_fifo_full,,,,,,,,,,,,,,,,,,,,,,,,,,,,,,,,,,,,,,,,,,,,,,,,,,,,,,,,
rsg_object_detection,dropped_oldest,1367,rsg_20260806_88_504880000_001367,dropped,True,fifo_cached_frame,1368,133,0,1233,133,0,1,0.0,51.3863560045138,frame_fifo_full,,,,,,,,,,,,,,,,,,,,,,,,,,,,,,,,,,,,,,,,,,,,,,,,,,,,,,,,
rsg_object_detection,frame_trace,1356,rsg_20260806_87_954880000_001356,sent_to_hydra,,,,,,,,,,,611.0288509953534,ok,14.908356999512762,558.9177639994887,35.619349000626244,0.127321996842511,35.49202700378373,0.0032320022000931203,5.358627997338772,0.1892709988169372,323.42542499827687,13.068537999060936,0.007456001185346395,336.6906899973401,99.94810799253173,20.84602900868049,6.120129000919405,39.41827701055445,32.989203005854506,77.8251800002181,3.4063699931721203,0.7511639851145446,0.28104202647227794,1.2768360029440373,0.34692699409788474,0.005695997970178723,183.85850699996809,5.225355002039578,0.1405689981766045,27.603440001257695,0.040575003367848694,9.814707998884842,9.184144000755623,0.10047599789686501,0.5300880002323538,4.522442999586929,0.5669820020557381,0.0042239989852532744,1.580148993525654,6,0,6,0,0,,,,,,,,,,,,,,
rsg_object_detection,dropped_oldest,1369,rsg_20260806_88_604879999_001369,dropped,True,fifo_cached_frame,1370,134,0,1234,134,0,1,0.0,99.3036910003866,frame_fifo_full,,,,,,,,,,,,,,,,,,,,,,,,,,,,,,,,,,,,,,,,,,,,,,,,,,,,,,,,
rsg_object_detection,dropped_oldest,1370,rsg_20260806_88_704880000_001370,dropped,True,fifo_cached_frame,1371,134,0,1235,134,0,1,0.0,50.838126000599004,frame_fifo_full,,,,,,,,,,,,,,,,,,,,,,,,,,,,,,,,,,,,,,,,,,,,,,,,,,,,,,,,
rsg_object_detection,dropped_oldest,1371,rsg_20260806_88_754880000_001371,dropped,True,fifo_cached_frame,1372,134,0,1236,134,0,1,0.0,49.25087199808331,frame_fifo_full,,,,,,,,,,,,,,,,,,,,,,,,,,,,,,,,,,,,,,,,,,,,,,,,,,,,,,,,
rsg_object_detection,dropped_oldest,1372,rsg_20260806_88_804879999_001372,dropped,True,fifo_cached_frame,1373,134,0,1237,134,0,1,0.0,50.45500800042646,frame_fifo_full,,,,,,,,,,,,,,,,,,,,,,,,,,,,,,,,,,,,,,,,,,,,,,,,,,,,,,,,
rsg_object_detection,dropped_oldest,1373,rsg_20260806_88_854879999_001373,dropped,True,fifo_cached_frame,1374,134,0,1238,134,0,1,0.0,51.6977980005322,frame_fifo_full,,,,,,,,,,,,,,,,,,,,,,,,,,,,,,,,,,,,,,,,,,,,,,,,,,,,,,,,
rsg_object_detection,dropped_oldest,1374,rsg_20260806_88_904880000_001374,dropped,True,fifo_cached_frame,1375,134,0,1239,134,0,1,0.0,122.45713300217176,frame_fifo_full,,,,,,,,,,,,,,,,,,,,,,,,,,,,,,,,,,,,,,,,,,,,,,,,,,,,,,,,
rsg_object_detection,dropped_oldest,1375,rsg_20260806_89_004879999_001375,dropped,True,fifo_cached_frame,1376,134,0,1240,134,0,1,0.0,86.89902899641311,frame_fifo_full,,,,,,,,,,,,,,,,,,,,,,,,,,,,,,,,,,,,,,,,,,,,,,,,,,,,,,,,
rsg_object_detection,frame_trace,1368,rsg_20260806_88_554879999_001368,sent_to_hydra,,,,,,,,,,,555.9726310020778,ok,14.613651001127437,508.95397199928993,30.07026900013443,0.14226600615074858,29.928002993983682,0.003392000508029014,11.027610999008175,0.20651800150517374,309.4689639983699,17.585286004759837,0.007456001185346395,327.26822400582023,51.349173991184216,15.968114006682299,5.682867005816661,16.69339299405692,12.487126004998572,73.19905999611365,3.2481689922860824,1.145991998782847,0.31691502226749435,1.3972779997857288,0.22830999660072848,0.006016001862008125,130.9117439959664,2.612357995531056,0.17135200323536992,36.91718199843308,0.045501001295633614,9.548160996928345,8.671240997500718,0.09778800449566916,0.7791319949319586,4.289559001335874,0.7700440037297085,0.0058869991335086524,2.3313470010180026,7,0,7,0,0,,,,,,,,,,,,,,
rsg_object_detection,dropped_oldest,1377,rsg_20260806_89_204880000_001377,dropped,True,fifo_cached_frame,1378,135,0,1241,135,0,1,0.0,49.732229999790434,frame_fifo_full,,,,,,,,,,,,,,,,,,,,,,,,,,,,,,,,,,,,,,,,,,,,,,,,,,,,,,,,
rsg_object_detection,dropped_oldest,1378,rsg_20260806_89_254880000_001378,dropped,True,fifo_cached_frame,1379,135,0,1242,135,0,1,0.0,48.14273699594196,frame_fifo_full,,,,,,,,,,,,,,,,,,,,,,,,,,,,,,,,,,,,,,,,,,,,,,,,,,,,,,,,
rsg_object_detection,dropped_oldest,1379,rsg_20260806_89_304879999_001379,dropped,True,fifo_cached_frame,1380,135,0,1243,135,0,1,0.0,104.46259300078964,frame_fifo_full,,,,,,,,,,,,,,,,,,,,,,,,,,,,,,,,,,,,,,,,,,,,,,,,,,,,,,,,
rsg_object_detection,dropped_oldest,1380,rsg_20260806_89_404880000_001380,dropped,True,fifo_cached_frame,1381,135,0,1244,135,0,1,0.0,49.675176000164356,frame_fifo_full,,,,,,,,,,,,,,,,,,,,,,,,,,,,,,,,,,,,,,,,,,,,,,,,,,,,,,,,
rsg_object_detection,dropped_oldest,1381,rsg_20260806_89_454880000_001381,dropped,True,fifo_cached_frame,1382,135,0,1245,135,0,1,0.0,50.3710470002261,frame_fifo_full,,,,,,,,,,,,,,,,,,,,,,,,,,,,,,,,,,,,,,,,,,,,,,,,,,,,,,,,
rsg_object_detection,dropped_oldest,1382,rsg_20260806_89_504880000_001382,dropped,True,fifo_cached_frame,1383,135,0,1246,135,0,1,0.0,100.75281600438757,frame_fifo_full,,,,,,,,,,,,,,,,,,,,,,,,,,,,,,,,,,,,,,,,,,,,,,,,,,,,,,,,
rsg_object_detection,dropped_oldest,1383,rsg_20260806_89_554879999_001383,dropped,True,fifo_cached_frame,1384,135,0,1247,135,0,1,0.0,3.4251830002176575,frame_fifo_full,,,,,,,,,,,,,,,,,,,,,,,,,,,,,,,,,,,,,,,,,,,,,,,,,,,,,,,,
rsg_object_detection,dropped_oldest,1384,rsg_20260806_89_604879999_001384,dropped,True,fifo_cached_frame,1385,135,0,1248,135,0,1,0.0,54.660734997014515,frame_fifo_full,,,,,,,,,,,,,,,,,,,,,,,,,,,,,,,,,,,,,,,,,,,,,,,,,,,,,,,,
rsg_object_detection,frame_trace,1376,rsg_20260806_89_104879999_001376,sent_to_hydra,,,,,,,,,,,561.8663459972595,ok,14.08855599584058,511.99981800164096,33.940329994948115,0.20127099560340866,33.73905899934471,0.004351000825408846,1.3918390031903982,0.1981349996640347,295.7505910017062,23.196929003461264,0.006176000169944018,319.15183100500144,78.07160600350471,21.344154010876082,4.838046006625518,32.565226007136516,18.4461770040798,71.40628599881893,4.072707015438937,1.3865919900126755,0.33774099574657157,1.4944579961593263,0.44717999844579026,0.005408001015894115,157.2407280036714,5.6720220018178225,0.14444200496654958,28.353199995763134,0.04575598723022267,9.603869999409653,8.9691480025067,0.09356399823445827,0.5411579986684956,3.823052997177001,0.6567050004377961,0.00492799881612882,1.8332910040044226,7,0,7,0,0,,,,,,,,,,,,,,
rsg_object_detection,dropped_oldest,1386,rsg_20260806_89_704880000_001386,dropped,True,fifo_cached_frame,1387,136,0,1249,136,0,1,0.0,36.63834799954202,frame_fifo_full,,,,,,,,,,,,,,,,,,,,,,,,,,,,,,,,,,,,,,,,,,,,,,,,,,,,,,,,
rsg_object_detection,dropped_oldest,1387,rsg_20260806_89_754880000_001387,dropped,True,fifo_cached_frame,1388,136,0,1250,136,0,1,0.0,47.27416899550008,frame_fifo_full,,,,,,,,,,,,,,,,,,,,,,,,,,,,,,,,,,,,,,,,,,,,,,,,,,,,,,,,
rsg_object_detection,dropped_oldest,1388,rsg_20260806_89_804879999_001388,dropped,True,fifo_cached_frame,1389,136,0,1251,136,0,1,0.0,53.30611100362148,frame_fifo_full,,,,,,,,,,,,,,,,,,,,,,,,,,,,,,,,,,,,,,,,,,,,,,,,,,,,,,,,
rsg_object_detection,dropped_oldest,1389,rsg_20260806_89_854879999_001389,dropped,True,fifo_cached_frame,1390,136,0,1252,136,0,1,0.0,45.96536699682474,frame_fifo_full,,,,,,,,,,,,,,,,,,,,,,,,,,,,,,,,,,,,,,,,,,,,,,,,,,,,,,,,
rsg_object_detection,dropped_oldest,1390,rsg_20260806_89_904880000_001390,dropped,True,fifo_cached_frame,1391,136,0,1253,136,0,1,0.0,62.01683799736202,frame_fifo_full,,,,,,,,,,,,,,,,,,,,,,,,,,,,,,,,,,,,,,,,,,,,,,,,,,,,,,,,
rsg_object_detection,dropped_oldest,1391,rsg_20260806_89_954880000_001391,dropped,True,fifo_cached_frame,1392,136,0,1254,136,0,1,0.0,40.2296030006255,frame_fifo_full,,,,,,,,,,,,,,,,,,,,,,,,,,,,,,,,,,,,,,,,,,,,,,,,,,,,,,,,
rsg_object_detection,dropped_oldest,1392,rsg_20260806_90_004879999_001392,dropped,True,fifo_cached_frame,1393,136,0,1255,136,0,1,0.0,83.05540699802805,frame_fifo_full,,,,,,,,,,,,,,,,,,,,,,,,,,,,,,,,,,,,,,,,,,,,,,,,,,,,,,,,
rsg_object_detection,dropped_oldest,1393,rsg_20260806_90_054879999_001393,dropped,True,fifo_cached_frame,1394,136,0,1256,136,0,1,0.0,56.11804699583445,frame_fifo_full,,,,,,,,,,,,,,,,,,,,,,,,,,,,,,,,,,,,,,,,,,,,,,,,,,,,,,,,
rsg_object_detection,dropped_oldest,1394,rsg_20260806_90_104879999_001394,dropped,True,fifo_cached_frame,1395,136,0,1257,136,0,1,0.0,38.7730339934933,frame_fifo_full,,,,,,,,,,,,,,,,,,,,,,,,,,,,,,,,,,,,,,,,,,,,,,,,,,,,,,,,
rsg_object_detection,dropped_oldest,1395,rsg_20260806_90_154880000_001395,dropped,True,fifo_cached_frame,1396,136,0,1258,136,0,1,0.0,63.504165002086665,frame_fifo_full,,,,,,,,,,,,,,,,,,,,,,,,,,,,,,,,,,,,,,,,,,,,,,,,,,,,,,,,
rsg_object_detection,dropped_oldest,1396,rsg_20260806_90_204880000_001396,dropped,True,fifo_cached_frame,1397,136,0,1259,136,0,1,0.0,8.60586999624502,frame_fifo_full,,,,,,,,,,,,,,,,,,,,,,,,,,,,,,,,,,,,,,,,,,,,,,,,,,,,,,,,
rsg_object_detection,frame_trace,1385,rsg_20260806_89_654880000_001385,sent_to_hydra,,,,,,,,,,,601.0094869998284,ok,17.97397500195075,550.9649829982664,29.84500100137666,0.17557499813847244,29.669426003238186,0.0035190023481845856,3.5166030065738596,0.22891700064064935,315.98580299760215,19.60823399713263,0.0076780052040703595,335.8306320005795,86.90377300081309,18.25745001406176,4.253272978530731,34.508560987887904,29.255079010908958,80.6650910017197,2.678051001566928,0.5862450052518398,0.286705995677039,1.1248109949519858,0.36398299562279135,0.0053440016927197576,172.62936299812282,3.1135820026975125,0.15628099936293438,35.66655499889748,0.05196699203224853,11.891668000316713,11.120376002509147,0.12453800445655361,0.6467539933510125,5.5462039963458665,0.5310790002113208,0.0050240050768479705,2.2220089958864264,7,0,6,0,0,,,,,,,,,,,,,,
rsg_object_detection,dropped_oldest,1398,rsg_20260806_90_304879999_001398,dropped,True,fifo_cached_frame,1399,137,0,1260,137,0,1,0.0,37.56848299963167,frame_fifo_full,,,,,,,,,,,,,,,,,,,,,,,,,,,,,,,,,,,,,,,,,,,,,,,,,,,,,,,,
rsg_object_detection,dropped_oldest,1399,rsg_20260806_90_354879999_001399,dropped,True,fifo_cached_frame,1400,137,0,1261,137,0,1,0.0,50.83762200229103,frame_fifo_full,,,,,,,,,,,,,,,,,,,,,,,,,,,,,,,,,,,,,,,,,,,,,,,,,,,,,,,,
rsg_object_detection,dropped_oldest,1400,rsg_20260806_90_404880000_001400,dropped,True,fifo_cached_frame,1401,137,0,1262,137,0,1,0.0,53.52444000163814,frame_fifo_full,,,,,,,,,,,,,,,,,,,,,,,,,,,,,,,,,,,,,,,,,,,,,,,,,,,,,,,,
rsg_object_detection,dropped_oldest,1401,rsg_20260806_90_454880000_001401,dropped,True,fifo_cached_frame,1402,137,0,1263,137,0,1,0.0,51.03089300246211,frame_fifo_full,,,,,,,,,,,,,,,,,,,,,,,,,,,,,,,,,,,,,,,,,,,,,,,,,,,,,,,,
rsg_object_detection,dropped_oldest,1402,rsg_20260806_90_504880000_001402,dropped,True,fifo_cached_frame,1403,137,0,1264,137,0,1,0.0,99.24671799672069,frame_fifo_full,,,,,,,,,,,,,,,,,,,,,,,,,,,,,,,,,,,,,,,,,,,,,,,,,,,,,,,,
rsg_object_detection,dropped_oldest,1403,rsg_20260806_90_604879999_001403,dropped,True,fifo_cached_frame,1404,137,0,1265,137,0,1,0.0,52.067165001062676,frame_fifo_full,,,,,,,,,,,,,,,,,,,,,,,,,,,,,,,,,,,,,,,,,,,,,,,,,,,,,,,,
rsg_object_detection,dropped_oldest,1404,rsg_20260806_90_654880000_001404,dropped,True,fifo_cached_frame,1405,137,0,1266,137,0,1,0.0,56.054722001135815,frame_fifo_full,,,,,,,,,,,,,,,,,,,,,,,,,,,,,,,,,,,,,,,,,,,,,,,,,,,,,,,,
rsg_object_detection,dropped_oldest,1405,rsg_20260806_90_704880000_001405,dropped,True,fifo_cached_frame,1406,137,0,1267,137,0,1,0.0,46.64172200136818,frame_fifo_full,,,,,,,,,,,,,,,,,,,,,,,,,,,,,,,,,,,,,,,,,,,,,,,,,,,,,,,,
rsg_object_detection,dropped_oldest,1406,rsg_20260806_90_754880000_001406,dropped,True,fifo_cached_frame,1407,137,0,1268,137,0,1,0.0,52.152280004520435,frame_fifo_full,,,,,,,,,,,,,,,,,,,,,,,,,,,,,,,,,,,,,,,,,,,,,,,,,,,,,,,,
rsg_object_detection,frame_trace,1397,rsg_20260806_90_254880000_001397,sent_to_hydra,,,,,,,,,,,572.7346180065069,ok,11.126520003017504,527.3843870018027,32.111618005728815,0.13564200344262645,31.97597600228619,0.0018880018615163863,2.297747996635735,0.1748080030665733,324.02717899822164,17.013539996696636,0.007104004907887429,341.22263100289274,90.70890900329687,22.999243999947794,5.0212689966429025,43.93151399563067,18.113136997271795,47.62237999966601,3.0722400115337223,1.0290100035490468,0.3639499846030958,1.222950995725114,0.4066689944011159,0.005150999641045928,144.44825099781156,5.486303998623043,0.13384900375967845,33.755477001250256,0.04012700082967058,6.205149999004789,5.57670000125654,0.11733899737009779,0.5111110003781505,4.316181999456603,0.6009319986333139,0.004256005922798067,2.1102049940964207,6,0,6,0,0,,,,,,,,,,,,,,
rsg_object_detection,dropped_oldest,1408,rsg_20260806_90_854879999_001408,dropped,True,fifo_cached_frame,1409,138,0,1269,138,0,1,0.0,47.9806040020776,frame_fifo_full,,,,,,,,,,,,,,,,,,,,,,,,,,,,,,,,,,,,,,,,,,,,,,,,,,,,,,,,
rsg_object_detection,dropped_oldest,1409,rsg_20260806_90_904880000_001409,dropped,True,fifo_cached_frame,1410,138,0,1270,138,0,1,0.0,89.19035600411007,frame_fifo_full,,,,,,,,,,,,,,,,,,,,,,,,,,,,,,,,,,,,,,,,,,,,,,,,,,,,,,,,
rsg_object_detection,dropped_oldest,1410,rsg_20260806_91_004879999_001410,dropped,True,fifo_cached_frame,1411,138,0,1271,138,0,1,0.0,104.45838099985849,frame_fifo_full,,,,,,,,,,,,,,,,,,,,,,,,,,,,,,,,,,,,,,,,,,,,,,,,,,,,,,,,
rsg_object_detection,dropped_oldest,1411,rsg_20260806_91_104879999_001411,dropped,True,fifo_cached_frame,1412,138,0,1272,138,0,1,0.0,48.71628500404768,frame_fifo_full,,,,,,,,,,,,,,,,,,,,,,,,,,,,,,,,,,,,,,,,,,,,,,,,,,,,,,,,
rsg_object_detection,dropped_oldest,1412,rsg_20260806_91_154880000_001412,dropped,True,fifo_cached_frame,1413,138,0,1273,138,0,1,0.0,48.522949997277465,frame_fifo_full,,,,,,,,,,,,,,,,,,,,,,,,,,,,,,,,,,,,,,,,,,,,,,,,,,,,,,,,
rsg_object_detection,dropped_oldest,1413,rsg_20260806_91_204880000_001413,dropped,True,fifo_cached_frame,1414,138,0,1274,138,0,1,0.0,85.01801399688702,frame_fifo_full,,,,,,,,,,,,,,,,,,,,,,,,,,,,,,,,,,,,,,,,,,,,,,,,,,,,,,,,
rsg_object_detection,dropped_oldest,1414,rsg_20260806_91_254880000_001414,dropped,True,fifo_cached_frame,1415,138,0,1275,138,0,1,0.0,16.951464000158012,frame_fifo_full,,,,,,,,,,,,,,,,,,,,,,,,,,,,,,,,,,,,,,,,,,,,,,,,,,,,,,,,
rsg_object_detection,dropped_oldest,1415,rsg_20260806_91_304879999_001415,dropped,True,fifo_cached_frame,1416,138,0,1276,138,0,1,0.0,62.173865000659134,frame_fifo_full,,,,,,,,,,,,,,,,,,,,,,,,,,,,,,,,,,,,,,,,,,,,,,,,,,,,,,,,
rsg_object_detection,dropped_oldest,1416,rsg_20260806_91_354879999_001416,dropped,True,fifo_cached_frame,1417,138,0,1277,138,0,1,0.0,35.17285300040385,frame_fifo_full,,,,,,,,,,,,,,,,,,,,,,,,,,,,,,,,,,,,,,,,,,,,,,,,,,,,,,,,
rsg_object_detection,dropped_oldest,1417,rsg_20260806_91_404880000_001417,dropped,True,fifo_cached_frame,1418,138,0,1278,138,0,1,0.0,51.022993997321464,frame_fifo_full,,,,,,,,,,,,,,,,,,,,,,,,,,,,,,,,,,,,,,,,,,,,,,,,,,,,,,,,
rsg_object_detection,frame_trace,1407,rsg_20260806_90_804879999_001407,sent_to_hydra,,,,,,,,,,,649.508850001439,ok,14.929319004295394,598.032695997972,34.20879999612225,0.13381800090428442,34.07498199521797,0.003616005415096879,3.614902998378966,3.062128998863045,365.9879480037489,21.057704994746018,0.009119998139794916,390.11690199549776,100.26494898920646,31.477153992454987,6.417044001864269,43.42446699592983,18.280680997122545,65.68035700183827,3.1675330028519966,1.245476996700745,0.31880201277090237,1.3374729969655164,0.2106139945681207,0.0055679993238300085,172.24955600249814,2.5144100000034086,0.14572099462384358,29.340518005483318,0.05068600148661062,10.627823998220265,9.85739599855151,0.10620299872243777,0.6642250009463169,3.6552210003719665,0.6415059979190119,0.004768007784150541,2.3344189976342022,7,0,7,0,0,,,,,,,,,,,,,,
rsg_object_detection,dropped_oldest,1419,rsg_20260806_91_504880000_001419,dropped,True,fifo_cached_frame,1420,139,0,1279,139,0,1,0.0,47.08928900072351,frame_fifo_full,,,,,,,,,,,,,,,,,,,,,,,,,,,,,,,,,,,,,,,,,,,,,,,,,,,,,,,,
rsg_object_detection,dropped_oldest,1420,rsg_20260806_91_554879999_001420,dropped,True,fifo_cached_frame,1421,139,0,1280,139,0,1,0.0,51.1148299992783,frame_fifo_full,,,,,,,,,,,,,,,,,,,,,,,,,,,,,,,,,,,,,,,,,,,,,,,,,,,,,,,,
rsg_object_detection,dropped_oldest,1421,rsg_20260806_91_604879999_001421,dropped,True,fifo_cached_frame,1422,139,0,1281,139,0,1,0.0,51.909640002122615,frame_fifo_full,,,,,,,,,,,,,,,,,,,,,,,,,,,,,,,,,,,,,,,,,,,,,,,,,,,,,,,,
rsg_object_detection,dropped_oldest,1422,rsg_20260806_91_654880000_001422,dropped,True,fifo_cached_frame,1423,139,0,1282,139,0,1,0.0,50.41466999682598,frame_fifo_full,,,,,,,,,,,,,,,,,,,,,,,,,,,,,,,,,,,,,,,,,,,,,,,,,,,,,,,,
rsg_object_detection,dropped_oldest,1423,rsg_20260806_91_704880000_001423,dropped,True,fifo_cached_frame,1424,139,0,1283,139,0,1,0.0,51.73953600024106,frame_fifo_full,,,,,,,,,,,,,,,,,,,,,,,,,,,,,,,,,,,,,,,,,,,,,,,,,,,,,,,,
rsg_object_detection,dropped_oldest,1424,rsg_20260806_91_754880000_001424,dropped,True,fifo_cached_frame,1425,139,0,1284,139,0,1,0.0,90.58207400084939,frame_fifo_full,,,,,,,,,,,,,,,,,,,,,,,,,,,,,,,,,,,,,,,,,,,,,,,,,,,,,,,,
rsg_object_detection,dropped_oldest,1425,rsg_20260806_91_804879999_001425,dropped,True,fifo_cached_frame,1426,139,0,1285,139,0,1,0.0,32.12154000357259,frame_fifo_full,,,,,,,,,,,,,,,,,,,,,,,,,,,,,,,,,,,,,,,,,,,,,,,,,,,,,,,,
rsg_object_detection,dropped_oldest,1426,rsg_20260806_91_854879999_001426,dropped,True,fifo_cached_frame,1427,139,0,1286,139,0,1,0.0,75.12170800328022,frame_fifo_full,,,,,,,,,,,,,,,,,,,,,,,,,,,,,,,,,,,,,,,,,,,,,,,,,,,,,,,,
rsg_object_detection,frame_trace,1418,rsg_20260806_91_454880000_001418,sent_to_hydra,,,,,,,,,,,548.3156429982046,ok,10.791656000947114,507.55469799332786,27.83194900257513,0.15986499784048647,27.672084004734643,0.0031039962777867913,1.0365910056862049,0.16482399951200932,288.29316200426547,17.269272997509688,0.00723199627827853,305.73449099756544,108.45640700426884,19.484946002194192,5.302153018419631,71.81651800055988,11.275122000370175,46.58508799911942,4.747778009914327,1.4465890053543262,0.3596319802454673,1.5238330015563406,0.2719879994401708,0.007550996087957174,163.42401599831646,6.804226002714131,0.159352995979134,30.34882300562458,0.04719798744190484,6.353623000904918,5.687703000148758,0.094682996859774,0.5712370038963854,3.8410369961638935,0.592420001339633,0.004576002538669854,2.134236005076673,6,0,6,0,0,,,,,,,,,,,,,,
rsg_object_detection,dropped_oldest,1429,rsg_20260806_92_054879999_001429,dropped,True,fifo_cached_frame,1429,140,0,1287,140,0,1,0.0,36.99427499668673,frame_fifo_full,,,,,,,,,,,,,,,,,,,,,,,,,,,,,,,,,,,,,,,,,,,,,,,,,,,,,,,,
rsg_object_detection,dropped_oldest,1430,rsg_20260806_92_104879999_001430,dropped,True,fifo_cached_frame,1430,140,0,1288,140,0,1,0.0,44.969871996727306,frame_fifo_full,,,,,,,,,,,,,,,,,,,,,,,,,,,,,,,,,,,,,,,,,,,,,,,,,,,,,,,,
rsg_object_detection,dropped_oldest,1431,rsg_20260806_92_154880000_001431,dropped,True,fifo_cached_frame,1431,140,0,1289,140,0,1,0.0,60.72196900640847,frame_fifo_full,,,,,,,,,,,,,,,,,,,,,,,,,,,,,,,,,,,,,,,,,,,,,,,,,,,,,,,,
rsg_object_detection,dropped_oldest,1432,rsg_20260806_92_204880000_001432,dropped,True,fifo_cached_frame,1432,140,0,1290,140,0,1,0.0,40.680215002794284,frame_fifo_full,,,,,,,,,,,,,,,,,,,,,,,,,,,,,,,,,,,,,,,,,,,,,,,,,,,,,,,,
rsg_object_detection,dropped_oldest,1433,rsg_20260806_92_254880000_001433,dropped,True,fifo_cached_frame,1433,140,0,1291,140,0,1,0.0,52.66327299614204,frame_fifo_full,,,,,,,,,,,,,,,,,,,,,,,,,,,,,,,,,,,,,,,,,,,,,,,,,,,,,,,,
rsg_object_detection,dropped_oldest,1434,rsg_20260806_92_304879999_001434,dropped,True,fifo_cached_frame,1434,140,0,1292,140,0,1,0.0,50.76220900082262,frame_fifo_full,,,,,,,,,,,,,,,,,,,,,,,,,,,,,,,,,,,,,,,,,,,,,,,,,,,,,,,,
rsg_object_detection,dropped_oldest,1435,rsg_20260806_92_354879999_001435,dropped,True,fifo_cached_frame,1435,140,0,1293,140,0,1,0.0,71.98003600205993,frame_fifo_full,,,,,,,,,,,,,,,,,,,,,,,,,,,,,,,,,,,,,,,,,,,,,,,,,,,,,,,,
rsg_object_detection,dropped_oldest,1436,rsg_20260806_92_404880000_001436,dropped,True,fifo_cached_frame,1436,140,0,1294,140,0,1,0.0,26.02195399958873,frame_fifo_full,,,,,,,,,,,,,,,,,,,,,,,,,,,,,,,,,,,,,,,,,,,,,,,,,,,,,,,,
rsg_object_detection,dropped_oldest,1437,rsg_20260806_92_454880000_001437,dropped,True,fifo_cached_frame,1437,140,0,1295,140,0,1,0.0,63.67715899978066,frame_fifo_full,,,,,,,,,,,,,,,,,,,,,,,,,,,,,,,,,,,,,,,,,,,,,,,,,,,,,,,,
rsg_object_detection,dropped_oldest,1438,rsg_20260806_92_504880000_001438,dropped,True,fifo_cached_frame,1438,140,0,1296,141,0,1,0.0,215.21102199767483,frame_fifo_full,,,,,,,,,,,,,,,,,,,,,,,,,,,,,,,,,,,,,,,,,,,,,,,,,,,,,,,,
rsg_object_detection,frame_trace,1428,rsg_20260806_91_954880000_001428,sent_to_hydra,,,,,,,,,,,753.2986639998853,ok,12.246853002579883,671.6078859972185,66.83223899744917,0.15215199528029189,66.68008700216888,0.003136003215331584,1.048622994858306,0.18188000103691593,415.4303890027222,22.120248999272007,0.007360002200584859,437.73987800523173,124.37106601282721,31.122902008064557,3.5787469969363883,79.14802199957194,9.892947004118469,61.040161999699194,2.8745539966621436,0.9146450029220432,0.3204969907528721,1.224198000272736,0.3496799981803633,0.004640001861844212,191.11716999759665,3.1955630038282834,0.12460199650377035,38.313958000799175,0.06809199840063229,7.797973004926462,7.159122003940865,0.09439600398764014,0.5444549969979562,3.8630829949397594,0.5816370030515827,0.004159999662078917,2.6085499994223937,8,0,7,0,0,,,,,,,,,,,,,,
rsg_object_detection,dropped_oldest,1440,rsg_20260806_92_754880000_001440,dropped,True,fifo_cached_frame,1440,141,0,1297,141,0,1,0.0,46.86482300166972,frame_fifo_full,,,,,,,,,,,,,,,,,,,,,,,,,,,,,,,,,,,,,,,,,,,,,,,,,,,,,,,,
rsg_object_detection,dropped_oldest,1441,rsg_20260806_92_804879999_001441,dropped,True,fifo_cached_frame,1441,141,0,1298,141,0,1,0.0,50.71024400240276,frame_fifo_full,,,,,,,,,,,,,,,,,,,,,,,,,,,,,,,,,,,,,,,,,,,,,,,,,,,,,,,,
rsg_object_detection,dropped_oldest,1442,rsg_20260806_92_854879999_001442,dropped,True,fifo_cached_frame,1442,141,0,1299,141,0,1,0.0,50.57361000217497,frame_fifo_full,,,,,,,,,,,,,,,,,,,,,,,,,,,,,,,,,,,,,,,,,,,,,,,,,,,,,,,,
rsg_object_detection,dropped_oldest,1443,rsg_20260806_92_904880000_001443,dropped,True,fifo_cached_frame,1443,141,0,1300,141,0,1,0.0,120.47028799861437,frame_fifo_full,,,,,,,,,,,,,,,,,,,,,,,,,,,,,,,,,,,,,,,,,,,,,,,,,,,,,,,,
rsg_object_detection,dropped_oldest,1444,rsg_20260806_93_004879999_001444,dropped,True,fifo_cached_frame,1444,141,0,1301,141,0,1,0.0,32.66250899469014,frame_fifo_full,,,,,,,,,,,,,,,,,,,,,,,,,,,,,,,,,,,,,,,,,,,,,,,,,,,,,,,,
rsg_object_detection,dropped_oldest,1445,rsg_20260806_93_054879999_001445,dropped,True,fifo_cached_frame,1445,141,0,1302,141,0,1,0.0,48.57645900483476,frame_fifo_full,,,,,,,,,,,,,,,,,,,,,,,,,,,,,,,,,,,,,,,,,,,,,,,,,,,,,,,,
rsg_object_detection,,445,rsg_20260806_34_454880000_000445,vlm_failed,,,,,,,,,,,,"{""label"":""unknown_object"",""label_confidence"":0.0,""mobility_class"":""unknown"",""mobility_confidence"":0.0}",,,,,,,,,,,,,,,,,,,,,,,,,,,,,,,,,,,,,,,,,,,rsg_obj_000014,rsg_unknown_rsg_20260806_34_454880000_000445_005_nanosam_004,,,30,0.7304561815488494,unknown_object,0.0,unknown,0.0,5594.077408000885,58278.3221369973,qwen_http,Qwen3-VL-8B-Instruct-GGUF
rsg_object_detection,completed,445,rsg_20260806_34_454880000_000445,,,,,,,,,,,52684.24264899659,,vlm_failed,,,,,,,,,,,,,,,,,,,,,,,,,,,,,,,,,,,,,,,,,,,rsg_obj_000014,rsg_unknown_rsg_20260806_34_454880000_000445_005_nanosam_004,47,300,30,0.7304561815488494,,,,,,,,
rsg_object_detection,dropped_oldest,1446,rsg_20260806_93_104879999_001446,dropped,True,fifo_cached_frame,1446,141,0,1303,141,0,1,0.0,118.4369200054789,frame_fifo_full,,,,,,,,,,,,,,,,,,,,,,,,,,,,,,,,,,,,,,,,,,,,,,,,,,,,,,,,
rsg_object_detection,dropped_oldest,1447,rsg_20260806_93_204880000_001447,dropped,True,fifo_cached_frame,1447,141,0,1304,141,0,1,0.0,58.66507699829526,frame_fifo_full,,,,,,,,,,,,,,,,,,,,,,,,,,,,,,,,,,,,,,,,,,,,,,,,,,,,,,,,
rsg_object_detection,dropped_oldest,1448,rsg_20260806_93_254880000_001448,dropped,True,fifo_cached_frame,1448,141,0,1305,141,0,1,0.0,97.76895400136709,frame_fifo_full,,,,,,,,,,,,,,,,,,,,,,,,,,,,,,,,,,,,,,,,,,,,,,,,,,,,,,,,
rsg_object_detection,frame_trace,1439,rsg_20260806_92_704880000_001439,sent_to_hydra,,,,,,,,,,,658.5865060042124,ok,15.554028002952691,634.0558080046321,5.952202001935802,0.1700080028967932,5.782193999039009,0.0052800023695454,1.8722960012382828,0.2528199984226376,421.0552259974065,19.41573699878063,0.00639900827081874,440.7301820028806,67.64370000746567,17.815298997447826,5.295591996400617,32.379932010371704,11.576835997402668,64.8804679949535,3.319080002256669,1.5358969903900288,0.3288139996584505,1.219846999447327,0.36583899782272056,0.0055349955800920725,139.31575600145152,6.033063000359107,0.11893900227732956,45.938597999338526,0.046973997086752206,11.12191400170559,10.515734000364318,0.09097200381802395,0.5152079975232482,3.581689001293853,0.8445369967375882,0.00588800321565941,3.0191879923222587,8,0,8,0,0,,,,,,,,,,,,,,
rsg_object_detection,dropped_oldest,1450,rsg_20260806_93_404880000_001450,dropped,True,fifo_cached_frame,1450,142,0,1306,142,0,1,0.0,4.200924995529931,frame_fifo_full,,,,,,,,,,,,,,,,,,,,,,,,,,,,,,,,,,,,,,,,,,,,,,,,,,,,,,,,
rsg_object_detection,dropped_oldest,1451,rsg_20260806_93_454880000_001451,dropped,True,fifo_cached_frame,1451,142,0,1307,142,0,1,0.0,4.424913997354452,frame_fifo_full,,,,,,,,,,,,,,,,,,,,,,,,,,,,,,,,,,,,,,,,,,,,,,,,,,,,,,,,
rsg_object_detection,dropped_oldest,1452,rsg_20260806_93_504880000_001452,dropped,True,fifo_cached_frame,1452,142,0,1308,142,0,1,0.0,4.4754720001947135,frame_fifo_full,,,,,,,,,,,,,,,,,,,,,,,,,,,,,,,,,,,,,,,,,,,,,,,,,,,,,,,,
rsg_object_detection,dropped_oldest,1453,rsg_20260806_93_554879999_001453,dropped,True,fifo_cached_frame,1453,142,0,1309,142,0,1,0.0,3.5132130069541745,frame_fifo_full,,,,,,,,,,,,,,,,,,,,,,,,,,,,,,,,,,,,,,,,,,,,,,,,,,,,,,,,
rsg_object_detection,dropped_oldest,1454,rsg_20260806_93_604879999_001454,dropped,True,fifo_cached_frame,1454,142,0,1310,142,0,1,0.0,4.594473997713067,frame_fifo_full,,,,,,,,,,,,,,,,,,,,,,,,,,,,,,,,,,,,,,,,,,,,,,,,,,,,,,,,
rsg_object_detection,dropped_oldest,1455,rsg_20260806_93_704880000_001455,dropped,True,fifo_cached_frame,1455,142,0,1311,142,0,1,0.0,35.207578002882656,frame_fifo_full,,,,,,,,,,,,,,,,,,,,,,,,,,,,,,,,,,,,,,,,,,,,,,,,,,,,,,,,
rsg_object_detection,dequeued,436,rsg_20260806_33_954880000_000436,,,,,,,,,,,58198.14457400207,,fifo_order,,,,,,,,,,,,,,,,,,,,,,,,,,,,,,,,,,,,,,,,,,,rsg_obj_000025,rsg_unknown_rsg_20260806_33_954880000_000436_005_nanosam_000,46,300,4,0.6374944535717146,,,,,,,,
rsg_object_detection,dropped_oldest,1456,rsg_20260806_93_754880000_001456,dropped,True,fifo_cached_frame,1456,142,0,1312,142,0,1,0.0,46.00480199587764,frame_fifo_full,,,,,,,,,,,,,,,,,,,,,,,,,,,,,,,,,,,,,,,,,,,,,,,,,,,,,,,,
rsg_object_detection,dropped_oldest,1457,rsg_20260806_93_804879999_001457,dropped,True,fifo_cached_frame,1457,142,0,1313,142,0,1,0.0,47.19594700145535,frame_fifo_full,,,,,,,,,,,,,,,,,,,,,,,,,,,,,,,,,,,,,,,,,,,,,,,,,,,,,,,,
rsg_object_detection,dropped_oldest,1458,rsg_20260806_93_854879999_001458,dropped,True,fifo_cached_frame,1458,142,0,1314,142,0,1,0.0,50.10794000554597,frame_fifo_full,,,,,,,,,,,,,,,,,,,,,,,,,,,,,,,,,,,,,,,,,,,,,,,,,,,,,,,,
rsg_object_detection,dropped_oldest,1459,rsg_20260806_93_904880000_001459,dropped,True,fifo_cached_frame,1459,142,0,1315,142,0,1,0.0,48.99202399974456,frame_fifo_full,,,,,,,,,,,,,,,,,,,,,,,,,,,,,,,,,,,,,,,,,,,,,,,,,,,,,,,,
rsg_object_detection,dropped_oldest,1460,rsg_20260806_93_954880000_001460,dropped,True,fifo_cached_frame,1460,142,0,1316,142,0,1,0.0,49.68335099692922,frame_fifo_full,,,,,,,,,,,,,,,,,,,,,,,,,,,,,,,,,,,,,,,,,,,,,,,,,,,,,,,,
rsg_object_detection,dropped_oldest,1461,rsg_20260806_94_004879999_001461,dropped,True,fifo_cached_frame,1461,142,0,1317,142,0,1,0.0,53.41700199642219,frame_fifo_full,,,,,,,,,,,,,,,,,,,,,,,,,,,,,,,,,,,,,,,,,,,,,,,,,,,,,,,,
rsg_object_detection,dropped_oldest,1462,rsg_20260806_94_054879999_001462,dropped,True,fifo_cached_frame,1462,142,0,1318,142,0,1,0.0,80.68405900121434,frame_fifo_full,,,,,,,,,,,,,,,,,,,,,,,,,,,,,,,,,,,,,,,,,,,,,,,,,,,,,,,,
rsg_object_detection,dropped_oldest,1463,rsg_20260806_94_104879999_001463,dropped,True,fifo_cached_frame,1463,142,0,1319,142,0,1,0.0,80.26443000562722,frame_fifo_full,,,,,,,,,,,,,,,,,,,,,,,,,,,,,,,,,,,,,,,,,,,,,,,,,,,,,,,,
rsg_object_detection,frame_trace,1449,rsg_20260806_93_354879999_001449,sent_to_hydra,,,,,,,,,,,847.5680530027603,ok,15.230716999212746,510.92055199842434,318.4732410009019,0.17381599900545552,318.29942500189645,0.005279995093587786,7.393063999188598,4.474927998671774,299.28482200193685,23.489883002184797,0.007263995939865708,327.2568969987333,42.771194988745265,24.054144996625837,4.022402979899198,4.25525801256299,9.788184986973647,74.92259799619205,2.7970849987468682,1.3269470073282719,0.4331330128479749,1.291651999054011,0.34936000156449154,0.004991998139303178,123.9137600059621,5.3243930015014485,0.13007399684283882,46.856767003191635,0.045596993004437536,10.546550001890864,9.910451000905596,0.10940300126094371,0.5266959997243248,3.9634639979340136,0.7161269968491979,0.004576002538669854,2.938263009127695,8,0,8,0,0,,,,,,,,,,,,,,
rsg_object_detection,dropped_oldest,1465,rsg_20260806_94_254880000_001465,dropped,True,fifo_cached_frame,1465,143,0,1320,143,0,1,0.0,36.06085299543338,frame_fifo_full,,,,,,,,,,,,,,,,,,,,,,,,,,,,,,,,,,,,,,,,,,,,,,,,,,,,,,,,
rsg_object_detection,dropped_oldest,1466,rsg_20260806_94_304879999_001466,dropped,True,fifo_cached_frame,1466,143,0,1321,143,0,1,0.0,60.342636999848764,frame_fifo_full,,,,,,,,,,,,,,,,,,,,,,,,,,,,,,,,,,,,,,,,,,,,,,,,,,,,,,,,
rsg_object_detection,dropped_oldest,1467,rsg_20260806_94_354879999_001467,dropped,True,fifo_cached_frame,1467,143,0,1322,143,0,1,0.0,38.30855600244831,frame_fifo_full,,,,,,,,,,,,,,,,,,,,,,,,,,,,,,,,,,,,,,,,,,,,,,,,,,,,,,,,
rsg_object_detection,dropped_oldest,1468,rsg_20260806_94_404880000_001468,dropped,True,fifo_cached_frame,1468,143,0,1323,143,0,1,0.0,52.19261400634423,frame_fifo_full,,,,,,,,,,,,,,,,,,,,,,,,,,,,,,,,,,,,,,,,,,,,,,,,,,,,,,,,
rsg_object_detection,dropped_oldest,1469,rsg_20260806_94_454880000_001469,dropped,True,fifo_cached_frame,1469,143,0,1324,143,0,1,0.0,52.31171299965354,frame_fifo_full,,,,,,,,,,,,,,,,,,,,,,,,,,,,,,,,,,,,,,,,,,,,,,,,,,,,,,,,
rsg_object_detection,dropped_oldest,1470,rsg_20260806_94_504880000_001470,dropped,True,fifo_cached_frame,1470,143,0,1325,143,0,1,0.0,98.73643600440118,frame_fifo_full,,,,,,,,,,,,,,,,,,,,,,,,,,,,,,,,,,,,,,,,,,,,,,,,,,,,,,,,
rsg_object_detection,dropped_oldest,1471,rsg_20260806_94_604879999_001471,dropped,True,fifo_cached_frame,1471,143,0,1326,143,0,1,0.0,83.8259929951164,frame_fifo_full,,,,,,,,,,,,,,,,,,,,,,,,,,,,,,,,,,,,,,,,,,,,,,,,,,,,,,,,
rsg_object_detection,dropped_oldest,1472,rsg_20260806_94_654880000_001472,dropped,True,fifo_cached_frame,1472,143,0,1327,143,0,1,0.0,25.11249700182816,frame_fifo_full,,,,,,,,,,,,,,,,,,,,,,,,,,,,,,,,,,,,,,,,,,,,,,,,,,,,,,,,
rsg_object_detection,dropped_oldest,1473,rsg_20260806_94_704880000_001473,dropped,True,fifo_cached_frame,1473,143,0,1328,143,0,1,0.0,45.076657996105496,frame_fifo_full,,,,,,,,,,,,,,,,,,,,,,,,,,,,,,,,,,,,,,,,,,,,,,,,,,,,,,,,
rsg_object_detection,frame_trace,1464,rsg_20260806_94_204880000_001464,sent_to_hydra,,,,,,,,,,,554.8548270016909,ok,15.640170000551734,489.7731789969839,47.03951000556117,0.15132100088521838,46.88818900467595,0.002464003046043217,5.738197003665846,0.19845499627990648,307.44056300318334,17.490066995378584,0.008640003215987235,325.1377249980578,40.57773098611506,22.158936997584533,3.780558989092242,4.275161991245113,9.728379991429392,66.13222300074995,3.5623939766082913,1.6142910099006258,0.43211002775933594,1.4809869971941225,0.7019840049906634,0.005856003554072231,114.52690199803328,8.572530001401901,0.13285799650475383,35.61812100087991,0.04684599844040349,8.658286002173554,8.017931002541445,0.10245900193694979,0.5378959976951592,6.319289997918531,0.6571539997821674,0.005440000677481294,2.3995039955480024,7,0,7,0,0,,,,,,,,,,,,,,
rsg_object_detection,dropped_oldest,1475,rsg_20260806_94_804879999_001475,dropped,True,fifo_cached_frame,1475,144,0,1329,144,0,1,0.0,56.86430200148607,frame_fifo_full,,,,,,,,,,,,,,,,,,,,,,,,,,,,,,,,,,,,,,,,,,,,,,,,,,,,,,,,
rsg_object_detection,dropped_oldest,1476,rsg_20260806_94_854879999_001476,dropped,True,fifo_cached_frame,1476,144,0,1330,144,0,1,0.0,90.13008500187425,frame_fifo_full,,,,,,,,,,,,,,,,,,,,,,,,,,,,,,,,,,,,,,,,,,,,,,,,,,,,,,,,
rsg_object_detection,dropped_oldest,1477,rsg_20260806_94_954880000_001477,dropped,True,fifo_cached_frame,1477,144,0,1331,144,0,1,0.0,50.998813996557146,frame_fifo_full,,,,,,,,,,,,,,,,,,,,,,,,,,,,,,,,,,,,,,,,,,,,,,,,,,,,,,,,
rsg_object_detection,dropped_oldest,1478,rsg_20260806_95_004879999_001478,dropped,True,fifo_cached_frame,1478,144,0,1332,144,0,1,0.0,100.18475600372767,frame_fifo_full,,,,,,,,,,,,,,,,,,,,,,,,,,,,,,,,,,,,,,,,,,,,,,,,,,,,,,,,
rsg_object_detection,dropped_oldest,1479,rsg_20260806_95_104879999_001479,dropped,True,fifo_cached_frame,1479,144,0,1333,144,0,1,0.0,59.4475460020476,frame_fifo_full,,,,,,,,,,,,,,,,,,,,,,,,,,,,,,,,,,,,,,,,,,,,,,,,,,,,,,,,
rsg_object_detection,dropped_oldest,1480,rsg_20260806_95_154880000_001480,dropped,True,fifo_cached_frame,1480,144,0,1334,144,0,1,0.0,39.47941700607771,frame_fifo_full,,,,,,,,,,,,,,,,,,,,,,,,,,,,,,,,,,,,,,,,,,,,,,,,,,,,,,,,
rsg_object_detection,dropped_oldest,1481,rsg_20260806_95_204880000_001481,dropped,True,fifo_cached_frame,1481,144,0,1335,144,0,1,0.0,51.69043400383089,frame_fifo_full,,,,,,,,,,,,,,,,,,,,,,,,,,,,,,,,,,,,,,,,,,,,,,,,,,,,,,,,
rsg_object_detection,dropped_oldest,1482,rsg_20260806_95_254880000_001482,dropped,True,fifo_cached_frame,1482,144,0,1336,144,0,1,0.0,175.28575700271176,frame_fifo_full,,,,,,,,,,,,,,,,,,,,,,,,,,,,,,,,,,,,,,,,,,,,,,,,,,,,,,,,
rsg_object_detection,frame_trace,1474,rsg_20260806_94_754880000_001474,sent_to_hydra,,,,,,,,,,,680.7004010042874,ok,14.043636001588311,625.8316530002048,37.231966001854744,0.12245900143170729,37.10950700042304,0.002944005245808512,3.709459000674542,0.2709640029934235,463.1889250013046,15.166017001320142,0.008031995093915612,478.6339380007121,28.78951299499022,16.00210598553531,2.87468200258445,3.166189999319613,6.186430997331627,59.80263400124386,2.8444119889172725,1.0735499890870415,0.33070502831833437,1.3186590003897436,0.22005400387570262,0.006142996426206082,94.40445299696876,2.641669998411089,0.15218399494187906,46.24243100261083,0.04751800588564947,9.935955000401009,9.289713001635391,0.1001880009425804,0.5460539978230372,3.504636995785404,0.5985959942336194,0.004448011168278754,3.590201995393727,8,0,8,0,0,,,,,,,,,,,,,,
rsg_object_detection,dropped_oldest,1484,rsg_20260806_95_454880000_001484,dropped,True,fifo_cached_frame,1484,145,0,1337,145,0,1,0.0,28.05178600101499,frame_fifo_full,,,,,,,,,,,,,,,,,,,,,,,,,,,,,,,,,,,,,,,,,,,,,,,,,,,,,,,,
rsg_object_detection,dropped_oldest,1485,rsg_20260806_95_504880000_001485,dropped,True,fifo_cached_frame,1485,145,0,1338,145,0,1,0.0,49.81656900054077,frame_fifo_full,,,,,,,,,,,,,,,,,,,,,,,,,,,,,,,,,,,,,,,,,,,,,,,,,,,,,,,,
rsg_object_detection,dropped_oldest,1486,rsg_20260806_95_554879999_001486,dropped,True,fifo_cached_frame,1486,145,0,1339,145,0,1,0.0,101.02744199684821,frame_fifo_full,,,,,,,,,,,,,,,,,,,,,,,,,,,,,,,,,,,,,,,,,,,,,,,,,,,,,,,,
rsg_object_detection,dropped_oldest,1487,rsg_20260806_95_654880000_001487,dropped,True,fifo_cached_frame,1487,145,0,1340,145,0,1,0.0,50.644114999158774,frame_fifo_full,,,,,,,,,,,,,,,,,,,,,,,,,,,,,,,,,,,,,,,,,,,,,,,,,,,,,,,,
rsg_object_detection,dropped_oldest,1488,rsg_20260806_95_704880000_001488,dropped,True,fifo_cached_frame,1488,145,0,1341,145,0,1,0.0,60.55248700431548,frame_fifo_full,,,,,,,,,,,,,,,,,,,,,,,,,,,,,,,,,,,,,,,,,,,,,,,,,,,,,,,,
rsg_object_detection,dropped_oldest,1489,rsg_20260806_95_754880000_001489,dropped,True,fifo_cached_frame,1489,145,0,1342,145,0,1,0.0,105.86571400199318,frame_fifo_full,,,,,,,,,,,,,,,,,,,,,,,,,,,,,,,,,,,,,,,,,,,,,,,,,,,,,,,,
rsg_object_detection,dropped_oldest,1490,rsg_20260806_95_854879999_001490,dropped,True,fifo_cached_frame,1490,145,0,1343,145,0,1,0.0,94.30826500465628,frame_fifo_full,,,,,,,,,,,,,,,,,,,,,,,,,,,,,,,,,,,,,,,,,,,,,,,,,,,,,,,,
rsg_object_detection,dropped_oldest,1491,rsg_20260806_95_954880000_001491,dropped,True,fifo_cached_frame,1491,145,0,1344,146,0,1,0.0,38.52272500080289,frame_fifo_full,,,,,,,,,,,,,,,,,,,,,,,,,,,,,,,,,,,,,,,,,,,,,,,,,,,,,,,,
rsg_object_detection,frame_trace,1483,rsg_20260806_95_404880000_001483,sent_to_hydra,,,,,,,,,,,546.3402889945428,ok,13.563722997787409,486.4950329938438,43.4040339969215,0.16789599612820894,43.23613800079329,0.003039996954612434,5.1759510024567135,0.20223100000293925,293.9511959993979,20.826906002184842,0.0066879947553388774,314.987020996341,43.34966999886092,17.22505698853638,2.8997400077059865,15.923420993203763,6.686794004053809,70.29459499608492,5.645529010507744,1.6012389969546348,0.5617010028799996,1.857417999417521,0.26123600400751457,0.008094997610896826,123.60517799970694,2.69680299970787,0.16492000577272847,39.81674499664223,0.04841499321628362,9.238643004209734,8.611087992903776,0.07999599620234221,0.5475590151036158,3.57650600199122,0.7440940025844611,0.00447998900199309,2.8744590090354905,8,0,8,0,0,,,,,,,,,,,,,,
rsg_object_detection,dropped_oldest,1493,rsg_20260806_96_054879999_001493,dropped,True,fifo_cached_frame,1493,146,0,1345,146,0,1,0.0,100.30940199794713,frame_fifo_full,,,,,,,,,,,,,,,,,,,,,,,,,,,,,,,,,,,,,,,,,,,,,,,,,,,,,,,,
rsg_object_detection,dropped_oldest,1494,rsg_20260806_96_154880000_001494,dropped,True,fifo_cached_frame,1494,146,0,1346,146,0,1,0.0,104.71870300534647,frame_fifo_full,,,,,,,,,,,,,,,,,,,,,,,,,,,,,,,,,,,,,,,,,,,,,,,,,,,,,,,,
rsg_object_detection,dropped_oldest,1495,rsg_20260806_96_254880000_001495,dropped,True,fifo_cached_frame,1495,146,0,1347,146,0,1,0.0,46.422522005741484,frame_fifo_full,,,,,,,,,,,,,,,,,,,,,,,,,,,,,,,,,,,,,,,,,,,,,,,,,,,,,,,,
rsg_object_detection,dropped_oldest,1496,rsg_20260806_96_304879999_001496,dropped,True,fifo_cached_frame,1496,146,0,1348,146,0,1,0.0,54.814900999190286,frame_fifo_full,,,,,,,,,,,,,,,,,,,,,,,,,,,,,,,,,,,,,,,,,,,,,,,,,,,,,,,,
rsg_object_detection,dropped_oldest,1497,rsg_20260806_96_354879999_001497,dropped,True,fifo_cached_frame,1497,146,0,1349,146,0,1,0.0,67.50826600182336,frame_fifo_full,,,,,,,,,,,,,,,,,,,,,,,,,,,,,,,,,,,,,,,,,,,,,,,,,,,,,,,,
rsg_object_detection,frame_trace,1492,rsg_20260806_96_004879999_001492,sent_to_hydra,,,,,,,,,,,478.72051499871304,ok,10.236165995593183,460.2114840017748,6.346522000967525,0.15218499902402982,6.194337001943495,0.002463995770085603,1.178473001345992,0.18847199680749327,296.1110199976247,13.548139999329578,0.007071001164149493,309.8547029949259,61.186606995761395,16.477477991429623,4.181470983894542,26.403865987958852,13.45364899316337,50.2037870028289,2.82703700941056,1.4379169952007942,0.30929799686418846,1.3111389998812228,0.46215500333346426,0.004511995939537883,117.7605949997087,4.9454990003141575,0.16860100004123524,26.255009004671592,0.04860400076722726,5.5070730013540015,4.886493996309582,0.09436399705009535,0.526215007994324,4.146207000303548,0.5785020039184019,0.004383990017231554,1.9238790046074428,6,0,6,0,0,,,,,,,,,,,,,,
rsg_object_detection,dropped_oldest,1499,rsg_20260806_96_504880000_001499,dropped,True,fifo_cached_frame,1499,147,0,1350,147,0,1,0.0,95.24806900299154,frame_fifo_full,,,,,,,,,,,,,,,,,,,,,,,,,,,,,,,,,,,,,,,,,,,,,,,,,,,,,,,,
rsg_object_detection,dropped_oldest,1500,rsg_20260806_96_604879999_001500,dropped,True,fifo_cached_frame,1500,147,0,1351,147,0,1,0.0,98.66371899988735,frame_fifo_full,,,,,,,,,,,,,,,,,,,,,,,,,,,,,,,,,,,,,,,,,,,,,,,,,,,,,,,,
rsg_object_detection,dropped_oldest,1501,rsg_20260806_96_704880000_001501,dropped,True,fifo_cached_frame,1501,147,0,1352,147,0,1,0.0,51.96719399827998,frame_fifo_full,,,,,,,,,,,,,,,,,,,,,,,,,,,,,,,,,,,,,,,,,,,,,,,,,,,,,,,,
rsg_object_detection,dropped_oldest,1502,rsg_20260806_96_754880000_001502,dropped,True,fifo_cached_frame,1502,147,0,1353,147,0,1,0.0,50.49282999971183,frame_fifo_full,,,,,,,,,,,,,,,,,,,,,,,,,,,,,,,,,,,,,,,,,,,,,,,,,,,,,,,,
rsg_object_detection,dropped_oldest,1503,rsg_20260806_96_804879999_001503,dropped,True,fifo_cached_frame,1503,147,0,1354,147,0,1,0.0,49.07689499668777,frame_fifo_full,,,,,,,,,,,,,,,,,,,,,,,,,,,,,,,,,,,,,,,,,,,,,,,,,,,,,,,,
rsg_object_detection,dropped_oldest,1504,rsg_20260806_96_854879999_001504,dropped,True,fifo_cached_frame,1504,147,0,1355,147,0,1,0.0,82.01447399915196,frame_fifo_full,,,,,,,,,,,,,,,,,,,,,,,,,,,,,,,,,,,,,,,,,,,,,,,,,,,,,,,,
rsg_object_detection,dropped_oldest,1505,rsg_20260806_96_904880000_001505,dropped,True,fifo_cached_frame,1505,147,0,1356,147,0,1,0.0,29.88072799780639,frame_fifo_full,,,,,,,,,,,,,,,,,,,,,,,,,,,,,,,,,,,,,,,,,,,,,,,,,,,,,,,,
rsg_object_detection,dropped_oldest,1506,rsg_20260806_96_954880000_001506,dropped,True,fifo_cached_frame,1506,147,0,1357,147,0,1,0.0,153.92881199659314,frame_fifo_full,,,,,,,,,,,,,,,,,,,,,,,,,,,,,,,,,,,,,,,,,,,,,,,,,,,,,,,,
rsg_object_detection,frame_trace,1498,rsg_20260806_96_404880000_001498,sent_to_hydra,,,,,,,,,,,705.0590029975865,ok,15.26335899689002,609.5356480000191,77.77889399585547,0.12201099889352918,77.65688299696194,0.003040004230570048,8.57147500209976,0.2707719977479428,355.8334730041679,15.444148993992712,0.006880007276777178,371.55527400318533,109.82263002370019,40.41908899671398,5.9184450074099,37.64305699587567,25.07141600653995,75.29616100509884,3.316005997476168,1.3666900122188963,0.35889096034225076,1.4694359997520223,0.24101300368783996,0.006271999154705554,191.89418599853525,2.936408003733959,0.14428199938265607,34.38493800058495,0.049084992497228086,10.406271001556888,9.791356002097018,0.10402699990663677,0.5108879995532334,4.112290000193752,0.7388459998765029,0.005951995262876153,2.478062000591308,7,0,7,0,0,,,,,,,,,,,,,,
rsg_object_detection,dropped_oldest,1508,rsg_20260806_97_154880000_001508,dropped,True,fifo_cached_frame,1508,148,0,1358,148,0,1,0.0,43.64354999415809,frame_fifo_full,,,,,,,,,,,,,,,,,,,,,,,,,,,,,,,,,,,,,,,,,,,,,,,,,,,,,,,,
rsg_object_detection,dropped_oldest,1509,rsg_20260806_97_204880000_001509,dropped,True,fifo_cached_frame,1509,148,0,1359,148,0,1,0.0,48.33808499824954,frame_fifo_full,,,,,,,,,,,,,,,,,,,,,,,,,,,,,,,,,,,,,,,,,,,,,,,,,,,,,,,,
rsg_object_detection,dropped_oldest,1510,rsg_20260806_97_254880000_001510,dropped,True,fifo_cached_frame,1510,148,0,1360,148,0,1,0.0,106.21544199966593,frame_fifo_full,,,,,,,,,,,,,,,,,,,,,,,,,,,,,,,,,,,,,,,,,,,,,,,,,,,,,,,,
rsg_object_detection,dropped_oldest,1511,rsg_20260806_97_354879999_001511,dropped,True,fifo_cached_frame,1511,148,0,1361,148,0,1,0.0,47.37880099855829,frame_fifo_full,,,,,,,,,,,,,,,,,,,,,,,,,,,,,,,,,,,,,,,,,,,,,,,,,,,,,,,,
rsg_object_detection,dropped_oldest,1512,rsg_20260806_97_404880000_001512,dropped,True,fifo_cached_frame,1512,148,0,1362,148,0,1,0.0,49.11030500079505,frame_fifo_full,,,,,,,,,,,,,,,,,,,,,,,,,,,,,,,,,,,,,,,,,,,,,,,,,,,,,,,,
rsg_object_detection,dropped_oldest,1513,rsg_20260806_97_454880000_001513,dropped,True,fifo_cached_frame,1513,148,0,1363,148,0,1,0.0,107.75402600120287,frame_fifo_full,,,,,,,,,,,,,,,,,,,,,,,,,,,,,,,,,,,,,,,,,,,,,,,,,,,,,,,,
rsg_object_detection,dropped_oldest,1514,rsg_20260806_97_504880000_001514,dropped,True,fifo_cached_frame,1514,148,0,1364,148,0,1,0.0,20.71625799726462,frame_fifo_full,,,,,,,,,,,,,,,,,,,,,,,,,,,,,,,,,,,,,,,,,,,,,,,,,,,,,,,,
rsg_object_detection,dropped_oldest,1515,rsg_20260806_97_554879999_001515,dropped,True,fifo_cached_frame,1515,148,0,1365,148,0,1,0.0,27.494088993989863,frame_fifo_full,,,,,,,,,,,,,,,,,,,,,,,,,,,,,,,,,,,,,,,,,,,,,,,,,,,,,,,,
rsg_object_detection,dropped_oldest,1516,rsg_20260806_97_604879999_001516,dropped,True,fifo_cached_frame,1516,148,0,1366,148,0,1,0.0,58.94524299947079,frame_fifo_full,,,,,,,,,,,,,,,,,,,,,,,,,,,,,,,,,,,,,,,,,,,,,,,,,,,,,,,,
rsg_object_detection,frame_trace,1507,rsg_20260806_97_104879999_001507,sent_to_hydra,,,,,,,,,,,616.9521170013468,ok,9.103003001655452,569.8437980026938,35.947682001278736,0.152216998685617,35.79546500259312,0.004063993401359767,6.6141269999207,0.20366999524412677,300.67813099594787,15.025193002657034,0.007552000170107931,315.91454599401914,146.47130800585728,22.03408600325929,15.47125201614108,76.90610999270575,30.194285995094106,61.350411000603344,3.5442839944153093,2.6078789960592985,0.39799900696380064,1.2119120001443662,0.2410770030110143,0.00588800321565941,215.84742899722187,2.591272001154721,0.13964199752081186,28.6936490010703,0.04313301178626716,4.791489998751786,4.121730002225377,0.10162700345972553,0.5681329930666834,3.702836998854764,0.604164000833407,0.004512003215495497,2.0535700023174286,7,0,7,0,0,,,,,,,,,,,,,,
rsg_object_detection,dropped_oldest,1518,rsg_20260806_97_754880000_001518,dropped,True,fifo_cached_frame,1518,149,0,1367,149,0,1,0.0,57.748945997445844,frame_fifo_full,,,,,,,,,,,,,,,,,,,,,,,,,,,,,,,,,,,,,,,,,,,,,,,,,,,,,,,,
rsg_object_detection,dropped_oldest,1519,rsg_20260806_97_804879999_001519,dropped,True,fifo_cached_frame,1519,149,0,1368,149,0,1,0.0,32.42973300075391,frame_fifo_full,,,,,,,,,,,,,,,,,,,,,,,,,,,,,,,,,,,,,,,,,,,,,,,,,,,,,,,,
rsg_object_detection,dropped_oldest,1520,rsg_20260806_97_854879999_001520,dropped,True,fifo_cached_frame,1520,149,0,1369,149,0,1,0.0,101.76371099805692,frame_fifo_full,,,,,,,,,,,,,,,,,,,,,,,,,,,,,,,,,,,,,,,,,,,,,,,,,,,,,,,,
rsg_object_detection,dropped_oldest,1521,rsg_20260806_97_954880000_001521,dropped,True,fifo_cached_frame,1521,149,0,1370,149,0,1,0.0,101.67673899559304,frame_fifo_full,,,,,,,,,,,,,,,,,,,,,,,,,,,,,,,,,,,,,,,,,,,,,,,,,,,,,,,,
rsg_object_detection,dropped_oldest,1522,rsg_20260806_98_054879999_001522,dropped,True,fifo_cached_frame,1522,149,0,1371,149,0,1,0.0,57.45593900064705,frame_fifo_full,,,,,,,,,,,,,,,,,,,,,,,,,,,,,,,,,,,,,,,,,,,,,,,,,,,,,,,,
rsg_object_detection,dropped_oldest,1523,rsg_20260806_98_104879999_001523,dropped,True,fifo_cached_frame,1523,149,0,1372,149,0,1,0.0,99.8960939978133,frame_fifo_full,,,,,,,,,,,,,,,,,,,,,,,,,,,,,,,,,,,,,,,,,,,,,,,,,,,,,,,,
rsg_object_detection,dropped_oldest,1524,rsg_20260806_98_204880000_001524,dropped,True,fifo_cached_frame,1524,149,0,1373,149,0,1,0.0,83.1121000010171,frame_fifo_full,,,,,,,,,,,,,,,,,,,,,,,,,,,,,,,,,,,,,,,,,,,,,,,,,,,,,,,,
rsg_object_detection,dropped_oldest,1525,rsg_20260806_98_254880000_001525,dropped,True,fifo_cached_frame,1525,149,0,1374,149,0,1,0.0,14.99869999679504,frame_fifo_full,,,,,,,,,,,,,,,,,,,,,,,,,,,,,,,,,,,,,,,,,,,,,,,,,,,,,,,,
rsg_object_detection,frame_trace,1517,rsg_20260806_97_654880000_001517,sent_to_hydra,,,,,,,,,,,703.5946949981735,ok,9.813466997002251,602.683231998526,88.80607000173768,0.14940099936211482,88.65666900237557,0.0023039974621497095,1.8358189990976825,0.23115800286177546,292.5315629981924,23.758934999932535,0.007039001502562314,316.52869500248926,148.58511099009775,40.94767700735247,9.724702998937573,62.28006800665753,34.658560005482286,82.12049800204113,4.324600005929824,6.075175013393164,0.4584749840432778,1.5068430002429523,0.3208490015822463,0.007103000825736672,243.42057300236775,4.01258299825713,0.21886999456910416,36.61722200195072,0.0494699997943826,5.357415997423232,4.711335001047701,0.10546699922997504,0.5406139971455559,3.7845940023544244,0.6669459980912507,0.00451099913334474,2.289622003445402,8,0,8,0,0,,,,,,,,,,,,,,
rsg_object_detection,dropped_oldest,1527,rsg_20260806_98_404880000_001527,dropped,True,fifo_cached_frame,1527,150,0,1375,150,0,1,0.0,55.71211600181414,frame_fifo_full,,,,,,,,,,,,,,,,,,,,,,,,,,,,,,,,,,,,,,,,,,,,,,,,,,,,,,,,
rsg_object_detection,dropped_oldest,1528,rsg_20260806_98_454880000_001528,dropped,True,fifo_cached_frame,1528,150,0,1376,150,0,1,0.0,92.77264599950286,frame_fifo_full,,,,,,,,,,,,,,,,,,,,,,,,,,,,,,,,,,,,,,,,,,,,,,,,,,,,,,,,
rsg_object_detection,dropped_oldest,1529,rsg_20260806_98_554879999_001529,dropped,True,fifo_cached_frame,1529,150,0,1377,150,0,1,0.0,47.01651699724607,frame_fifo_full,,,,,,,,,,,,,,,,,,,,,,,,,,,,,,,,,,,,,,,,,,,,,,,,,,,,,,,,
rsg_object_detection,dropped_oldest,1530,rsg_20260806_98_604879999_001530,dropped,True,fifo_cached_frame,1530,150,0,1378,150,0,1,0.0,53.002002001449,frame_fifo_full,,,,,,,,,,,,,,,,,,,,,,,,,,,,,,,,,,,,,,,,,,,,,,,,,,,,,,,,
rsg_object_detection,dropped_oldest,1531,rsg_20260806_98_654880000_001531,dropped,True,fifo_cached_frame,1531,150,0,1379,150,0,1,0.0,51.72222099645296,frame_fifo_full,,,,,,,,,,,,,,,,,,,,,,,,,,,,,,,,,,,,,,,,,,,,,,,,,,,,,,,,
rsg_object_detection,dropped_oldest,1532,rsg_20260806_98_704880000_001532,dropped,True,fifo_cached_frame,1532,150,0,1380,150,0,1,0.0,62.015825998969376,frame_fifo_full,,,,,,,,,,,,,,,,,,,,,,,,,,,,,,,,,,,,,,,,,,,,,,,,,,,,,,,,
rsg_object_detection,dropped_oldest,1533,rsg_20260806_98_754880000_001533,dropped,True,fifo_cached_frame,1533,150,0,1381,150,0,1,0.0,159.07358600088628,frame_fifo_full,,,,,,,,,,,,,,,,,,,,,,,,,,,,,,,,,,,,,,,,,,,,,,,,,,,,,,,,
rsg_object_detection,dropped_oldest,1534,rsg_20260806_98_854879999_001534,dropped,True,fifo_cached_frame,1534,150,0,1382,150,0,1,0.0,36.20757699536625,frame_fifo_full,,,,,,,,,,,,,,,,,,,,,,,,,,,,,,,,,,,,,,,,,,,,,,,,,,,,,,,,
rsg_object_detection,dropped_oldest,1535,rsg_20260806_98_904880000_001535,dropped,True,fifo_cached_frame,1535,150,0,1383,150,0,1,0.0,70.17093699687393,frame_fifo_full,,,,,,,,,,,,,,,,,,,,,,,,,,,,,,,,,,,,,,,,,,,,,,,,,,,,,,,,
rsg_object_detection,frame_trace,1526,rsg_20260806_98_304879999_001526,sent_to_hydra,,,,,,,,,,,735.9514080017107,ok,18.798716002493165,626.5645210005459,87.72331100044539,0.135673995828256,87.58763700461714,0.005182999302633107,2.0720320026157424,0.2464849967509508,309.5837910004775,16.596929999650456,0.006271999154705554,326.4334779960336,154.3111180071719,32.83941299014259,13.638026990520302,61.04383798810886,45.88002699165372,90.2221720025409,3.680887006339617,0.9697789864731021,0.361742997483816,1.7427359998691827,0.7790039962856099,0.005984002200420946,252.09514900052454,7.328685998800211,0.16095199680421501,38.42478700244101,0.04943700332660228,11.282231003860943,10.561144998064265,0.11068299500038847,0.6104030107962899,6.601166998734698,0.9083100012503564,0.007007998647168279,2.8596769989235327,8,0,8,0,0,,,,,,,,,,,,,,
rsg_object_detection,dropped_oldest,1537,rsg_20260806_99_054879999_001537,dropped,True,fifo_cached_frame,1537,151,0,1384,151,0,1,0.0,27.854171996295918,frame_fifo_full,,,,,,,,,,,,,,,,,,,,,,,,,,,,,,,,,,,,,,,,,,,,,,,,,,,,,,,,
rsg_object_detection,dropped_oldest,1538,rsg_20260806_99_104879999_001538,dropped,True,fifo_cached_frame,1538,151,0,1385,151,0,1,0.0,58.95242000406142,frame_fifo_full,,,,,,,,,,,,,,,,,,,,,,,,,,,,,,,,,,,,,,,,,,,,,,,,,,,,,,,,
rsg_object_detection,dropped_oldest,1539,rsg_20260806_99_154880000_001539,dropped,True,fifo_cached_frame,1539,151,0,1386,151,0,1,0.0,39.86369899939746,frame_fifo_full,,,,,,,,,,,,,,,,,,,,,,,,,,,,,,,,,,,,,,,,,,,,,,,,,,,,,,,,
rsg_object_detection,dropped_oldest,1540,rsg_20260806_99_204880000_001540,dropped,True,fifo_cached_frame,1540,151,0,1387,151,0,1,0.0,60.76625599962426,frame_fifo_full,,,,,,,,,,,,,,,,,,,,,,,,,,,,,,,,,,,,,,,,,,,,,,,,,,,,,,,,
rsg_object_detection,,436,rsg_20260806_33_954880000_000436,vlm_failed,,,,,,,,,,,,"{""label"":""unknown_object"",""label_confidence"":0.0,""mobility_class"":""unknown"",""mobility_confidence"":0.0}",,,,,,,,,,,,,,,,,,,,,,,,,,,,,,,,,,,,,,,,,,,rsg_obj_000025,rsg_unknown_rsg_20260806_33_954880000_000436_005_nanosam_000,,,4,0.6374944535717146,unknown_object,0.0,unknown,0.0,5519.5670329994755,63717.71394299867,qwen_http,Qwen3-VL-8B-Instruct-GGUF
rsg_object_detection,completed,436,rsg_20260806_33_954880000_000436,,,,,,,,,,,58198.14457400207,,vlm_failed,,,,,,,,,,,,,,,,,,,,,,,,,,,,,,,,,,,,,,,,,,,rsg_obj_000025,rsg_unknown_rsg_20260806_33_954880000_000436_005_nanosam_000,52,300,4,0.6374944535717146,,,,,,,,
rsg_object_detection,dropped_oldest,1541,rsg_20260806_99_254880000_001541,dropped,True,fifo_cached_frame,1541,151,0,1388,151,0,1,0.0,37.83438399841543,frame_fifo_full,,,,,,,,,,,,,,,,,,,,,,,,,,,,,,,,,,,,,,,,,,,,,,,,,,,,,,,,
rsg_object_detection,dequeued,1483,rsg_20260806_95_404880000_001483,,,,,,,,,,,61144.120977005514,,fifo_order,,,,,,,,,,,,,,,,,,,,,,,,,,,,,,,,,,,,,,,,,,,rsg_obj_000029,rsg_unknown_rsg_20260806_95_404880000_001483_003_nanosam_008,52,300,7,0.6348995514468582,,,,,,,,
rsg_object_detection,dropped_oldest,1542,rsg_20260806_99_304879999_001542,dropped,True,fifo_cached_frame,1542,151,0,1389,151,0,1,0.0,60.134412997285835,frame_fifo_full,,,,,,,,,,,,,,,,,,,,,,,,,,,,,,,,,,,,,,,,,,,,,,,,,,,,,,,,
rsg_object_detection,dropped_oldest,1543,rsg_20260806_99_354879999_001543,dropped,True,fifo_cached_frame,1543,151,0,1390,151,0,1,0.0,41.56115699879592,frame_fifo_full,,,,,,,,,,,,,,,,,,,,,,,,,,,,,,,,,,,,,,,,,,,,,,,,,,,,,,,,
rsg_object_detection,dropped_oldest,1544,rsg_20260806_99_404880000_001544,dropped,True,fifo_cached_frame,1544,151,0,1391,151,0,1,0.0,54.19586999778403,frame_fifo_full,,,,,,,,,,,,,,,,,,,,,,,,,,,,,,,,,,,,,,,,,,,,,,,,,,,,,,,,
rsg_object_detection,dropped_oldest,1545,rsg_20260806_99_454880000_001545,dropped,True,fifo_cached_frame,1545,151,0,1392,151,0,1,0.0,43.38072099926649,frame_fifo_full,,,,,,,,,,,,,,,,,,,,,,,,,,,,,,,,,,,,,,,,,,,,,,,,,,,,,,,,
rsg_object_detection,dropped_oldest,1546,rsg_20260806_99_504880000_001546,dropped,True,fifo_cached_frame,1546,151,0,1393,151,0,1,0.0,54.23849300132133,frame_fifo_full,,,,,,,,,,,,,,,,,,,,,,,,,,,,,,,,,,,,,,,,,,,,,,,,,,,,,,,,
rsg_object_detection,dropped_oldest,1547,rsg_20260806_99_554879999_001547,dropped,True,fifo_cached_frame,1547,151,0,1394,151,0,1,0.0,67.63576400408056,frame_fifo_full,,,,,,,,,,,,,,,,,,,,,,,,,,,,,,,,,,,,,,,,,,,,,,,,,,,,,,,,
rsg_object_detection,dropped_oldest,1548,rsg_20260806_99_604879999_001548,dropped,True,fifo_cached_frame,1548,151,0,1395,151,0,1,0.0,29.949691997899208,frame_fifo_full,,,,,,,,,,,,,,,,,,,,,,,,,,,,,,,,,,,,,,,,,,,,,,,,,,,,,,,,
rsg_object_detection,frame_trace,1536,rsg_20260806_99_004879999_001536,sent_to_hydra,,,,,,,,,,,677.761951003049,ok,10.82727700122632,624.2499880027026,40.13021200080402,0.15416900714626536,39.97604299365776,0.005312002031132579,5.9587979994830675,0.5238470039330423,333.3223049994558,18.165531000704505,0.006911999662406743,352.01859500375576,133.875335995981,25.391661991307046,14.025208998646121,54.58145299053285,38.02327100856928,78.65688799938653,4.165440994256642,6.090407005103771,0.39652401028433815,1.4571800056728534,0.4849700053455308,0.005247995432000607,225.14953000063542,5.5430399952456355,0.15442499716300517,35.37981000408763,0.04579000233206898,6.359194994729478,5.666939003276639,0.08889200398698449,0.6033639874658547,3.48224000481423,0.9813630022108555,0.004478999471757561,2.5491619962849654,8,0,8,0,0,,,,,,,,,,,,,,
rsg_object_detection,dropped_oldest,1550,rsg_20260806_99_754880000_001550,dropped,True,fifo_cached_frame,1550,152,0,1396,152,0,1,0.0,29.196894996857736,frame_fifo_full,,,,,,,,,,,,,,,,,,,,,,,,,,,,,,,,,,,,,,,,,,,,,,,,,,,,,,,,
rsg_object_detection,dropped_oldest,1551,rsg_20260806_99_804879999_001551,dropped,True,fifo_cached_frame,1551,152,0,1397,152,0,1,0.0,99.68939000100363,frame_fifo_full,,,,,,,,,,,,,,,,,,,,,,,,,,,,,,,,,,,,,,,,,,,,,,,,,,,,,,,,
rsg_object_detection,dropped_oldest,1552,rsg_20260806_99_904880000_001552,dropped,True,fifo_cached_frame,1552,152,0,1398,152,0,1,0.0,48.09103199659148,frame_fifo_full,,,,,,,,,,,,,,,,,,,,,,,,,,,,,,,,,,,,,,,,,,,,,,,,,,,,,,,,
rsg_object_detection,dropped_oldest,1553,rsg_20260806_99_954880000_001553,dropped,True,fifo_cached_frame,1553,152,0,1399,152,0,1,0.0,53.165773999353405,frame_fifo_full,,,,,,,,,,,,,,,,,,,,,,,,,,,,,,,,,,,,,,,,,,,,,,,,,,,,,,,,
rsg_object_detection,dropped_oldest,1554,rsg_20260806_100_004900000_001554,dropped,True,fifo_cached_frame,1554,152,0,1400,152,0,1,0.0,50.904791001812555,frame_fifo_full,,,,,,,,,,,,,,,,,,,,,,,,,,,,,,,,,,,,,,,,,,,,,,,,,,,,,,,,
rsg_object_detection,dropped_oldest,1555,rsg_20260806_100_054900000_001555,dropped,True,fifo_cached_frame,1555,152,0,1401,152,0,1,0.0,49.821836000774056,frame_fifo_full,,,,,,,,,,,,,,,,,,,,,,,,,,,,,,,,,,,,,,,,,,,,,,,,,,,,,,,,
rsg_object_detection,dropped_oldest,1556,rsg_20260806_100_104900000_001556,dropped,True,fifo_cached_frame,1556,152,0,1402,152,0,1,0.0,155.70710899919504,frame_fifo_full,,,,,,,,,,,,,,,,,,,,,,,,,,,,,,,,,,,,,,,,,,,,,,,,,,,,,,,,
rsg_object_detection,dropped_oldest,1557,rsg_20260806_100_254900000_001557,dropped,True,fifo_cached_frame,1557,152,0,1403,152,0,1,0.0,40.67332900012843,frame_fifo_full,,,,,,,,,,,,,,,,,,,,,,,,,,,,,,,,,,,,,,,,,,,,,,,,,,,,,,,,
rsg_object_detection,dropped_oldest,1558,rsg_20260806_100_304900000_001558,dropped,True,fifo_cached_frame,1558,152,0,1404,152,0,1,0.0,66.49550099973567,frame_fifo_full,,,,,,,,,,,,,,,,,,,,,,,,,,,,,,,,,,,,,,,,,,,,,,,,,,,,,,,,
rsg_object_detection,frame_trace,1549,rsg_20260806_99_654880000_001549,sent_to_hydra,,,,,,,,,,,726.8010629995842,ok,13.740999995206948,628.8044569955673,81.71933900302975,0.13192999904276803,81.58740900398698,0.0029759976314380765,1.0662870045052841,0.2265820003231056,363.3469080014038,22.635695000644773,0.006014997779857367,386.2152000001515,106.87102001247695,21.9913729961263,11.907356994925067,42.18589900119696,24.336449001566507,84.28364300198155,3.587901017453987,0.6956170036573894,0.35223696613684297,1.3648009989992715,0.432076005381532,0.005152003723196685,197.60710199625464,5.945359000179451,0.14648999786004424,37.77966999768978,0.04434899892657995,9.153498998784926,8.4926329946029,0.11093899956904352,0.5499270046129823,3.878478004480712,0.7043189980322495,0.004703993909060955,2.533291008148808,8,0,8,0,0,,,,,,,,,,,,,,
rsg_object_detection,dropped_oldest,1560,rsg_20260806_100_404899999_001560,dropped,True,fifo_cached_frame,1560,153,0,1405,153,0,1,0.0,43.02515699964715,frame_fifo_full,,,,,,,,,,,,,,,,,,,,,,,,,,,,,,,,,,,,,,,,,,,,,,,,,,,,,,,,
rsg_object_detection,dropped_oldest,1561,rsg_20260806_100_454899999_001561,dropped,True,fifo_cached_frame,1561,153,0,1406,153,0,1,0.0,48.41383700113511,frame_fifo_full,,,,,,,,,,,,,,,,,,,,,,,,,,,,,,,,,,,,,,,,,,,,,,,,,,,,,,,,
rsg_object_detection,dropped_oldest,1562,rsg_20260806_100_504900000_001562,dropped,True,fifo_cached_frame,1562,153,0,1407,153,0,1,0.0,61.570223995659035,frame_fifo_full,,,,,,,,,,,,,,,,,,,,,,,,,,,,,,,,,,,,,,,,,,,,,,,,,,,,,,,,
rsg_object_detection,dropped_oldest,1563,rsg_20260806_100_554900000_001563,dropped,True,fifo_cached_frame,1563,153,0,1408,153,0,1,0.0,89.76108699425822,frame_fifo_full,,,,,,,,,,,,,,,,,,,,,,,,,,,,,,,,,,,,,,,,,,,,,,,,,,,,,,,,
rsg_object_detection,dropped_oldest,1564,rsg_20260806_100_654899999_001564,dropped,True,fifo_cached_frame,1564,153,0,1409,153,0,1,0.0,56.12391400063643,frame_fifo_full,,,,,,,,,,,,,,,,,,,,,,,,,,,,,,,,,,,,,,,,,,,,,,,,,,,,,,,,
rsg_object_detection,dropped_oldest,1565,rsg_20260806_100_704899999_001565,dropped,True,fifo_cached_frame,1565,153,0,1410,153,0,1,0.0,46.57427400525194,frame_fifo_full,,,,,,,,,,,,,,,,,,,,,,,,,,,,,,,,,,,,,,,,,,,,,,,,,,,,,,,,
rsg_object_detection,dropped_oldest,1566,rsg_20260806_100_754900000_001566,dropped,True,fifo_cached_frame,1566,153,0,1411,153,0,1,0.0,49.84973899991019,frame_fifo_full,,,,,,,,,,,,,,,,,,,,,,,,,,,,,,,,,,,,,,,,,,,,,,,,,,,,,,,,
rsg_object_detection,dropped_oldest,1567,rsg_20260806_100_804900000_001567,dropped,True,fifo_cached_frame,1567,153,0,1412,153,0,1,0.0,60.185743001056835,frame_fifo_full,,,,,,,,,,,,,,,,,,,,,,,,,,,,,,,,,,,,,,,,,,,,,,,,,,,,,,,,
rsg_object_detection,dropped_oldest,1568,rsg_20260806_100_854900000_001568,dropped,True,fifo_cached_frame,1568,153,0,1413,153,0,1,0.0,38.090822999947704,frame_fifo_full,,,,,,,,,,,,,,,,,,,,,,,,,,,,,,,,,,,,,,,,,,,,,,,,,,,,,,,,
rsg_object_detection,dropped_oldest,1569,rsg_20260806_100_904899999_001569,dropped,True,fifo_cached_frame,1569,153,0,1414,153,0,1,0.0,56.19024799671024,frame_fifo_full,,,,,,,,,,,,,,,,,,,,,,,,,,,,,,,,,,,,,,,,,,,,,,,,,,,,,,,,
rsg_object_detection,dropped_oldest,1570,rsg_20260806_100_954899999_001570,dropped,True,fifo_cached_frame,1570,153,0,1415,153,0,1,0.0,112.21893499896396,frame_fifo_full,,,,,,,,,,,,,,,,,,,,,,,,,,,,,,,,,,,,,,,,,,,,,,,,,,,,,,,,
rsg_object_detection,dropped_oldest,1571,rsg_20260806_101_054900000_001571,dropped,True,fifo_cached_frame,1571,153,0,1416,154,0,1,0.0,40.50482800084865,frame_fifo_full,,,,,,,,,,,,,,,,,,,,,,,,,,,,,,,,,,,,,,,,,,,,,,,,,,,,,,,,
rsg_object_detection,frame_trace,1559,rsg_20260806_100_354900000_001559,sent_to_hydra,,,,,,,,,,,713.1746189988917,ok,14.538021001499146,657.9909799984307,37.020920994109474,0.13500199565896764,36.88591899845051,0.002592001692391932,5.914096000196878,0.8181059965863824,375.92728300660383,27.297079999698326,0.008287999662570655,404.0507570025511,108.16164799325634,30.881779013725463,6.036584003595635,55.65500800003065,14.809015992796049,88.18333599629113,3.2058050055638887,0.9436369873583317,0.34513501304900274,1.659187997574918,0.3483360051177442,0.004287998308427632,202.86727599886945,5.0788700027624145,0.11909899330930784,39.91605100600282,0.04483099473873153,10.138959005416837,9.495819998846855,0.0932749971980229,0.5498640093719587,3.6278330007917248,0.7662369971512817,0.004991998139303178,3.622105003159959,8,0,8,0,0,,,,,,,,,,,,,,
rsg_object_detection,dropped_oldest,1573,rsg_20260806_101_154899999_001573,dropped,True,fifo_cached_frame,1573,154,0,1417,154,0,1,0.0,99.85231100290548,frame_fifo_full,,,,,,,,,,,,,,,,,,,,,,,,,,,,,,,,,,,,,,,,,,,,,,,,,,,,,,,,
rsg_object_detection,dropped_oldest,1574,rsg_20260806_101_254900000_001574,dropped,True,fifo_cached_frame,1574,154,0,1418,154,0,1,0.0,103.58573900157353,frame_fifo_full,,,,,,,,,,,,,,,,,,,,,,,,,,,,,,,,,,,,,,,,,,,,,,,,,,,,,,,,
rsg_object_detection,dropped_oldest,1575,rsg_20260806_101_354900000_001575,dropped,True,fifo_cached_frame,1575,154,0,1419,154,0,1,0.0,50.56663800496608,frame_fifo_full,,,,,,,,,,,,,,,,,,,,,,,,,,,,,,,,,,,,,,,,,,,,,,,,,,,,,,,,
rsg_object_detection,dropped_oldest,1576,rsg_20260806_101_404899999_001576,dropped,True,fifo_cached_frame,1576,154,0,1420,154,0,1,0.0,84.35190199816134,frame_fifo_full,,,,,,,,,,,,,,,,,,,,,,,,,,,,,,,,,,,,,,,,,,,,,,,,,,,,,,,,
rsg_object_detection,dropped_oldest,1577,rsg_20260806_101_454899999_001577,dropped,True,fifo_cached_frame,1577,154,0,1421,154,0,1,0.0,65.8196969961864,frame_fifo_full,,,,,,,,,,,,,,,,,,,,,,,,,,,,,,,,,,,,,,,,,,,,,,,,,,,,,,,,
rsg_object_detection,dropped_oldest,1578,rsg_20260806_101_554900000_001578,dropped,True,fifo_cached_frame,1578,154,0,1422,155,0,1,0.0,104.69419999571983,frame_fifo_full,,,,,,,,,,,,,,,,,,,,,,,,,,,,,,,,,,,,,,,,,,,,,,,,,,,,,,,,
rsg_object_detection,frame_trace,1572,rsg_20260806_101_104900000_001572,sent_to_hydra,,,,,,,,,,,523.4910619983566,ok,10.387458001787309,505.6973519967869,4.882558998360764,0.15733599866507575,4.7252229996956885,0.0026560010155662894,1.7897420038934797,0.20603799930540845,288.7837620000937,23.276275001990143,0.004863999492954463,312.2709390008822,80.82278400252108,26.283815990609583,6.036971994035412,31.215240014716983,16.536424001969863,57.63501700130291,3.875692003930453,0.978835996647831,0.35051300073973835,1.4141749998088926,0.5772849981440231,0.004736000846605748,145.67468599852873,6.894563004607335,0.22837400319986045,38.78794599586399,0.05110198981128633,5.952077997790184,5.285037004796322,0.11845799599541351,0.5485829969984479,3.5647640033857897,0.8658489969093353,0.0047670037019997835,2.521037000406068,8,0,8,0,0,,,,,,,,,,,,,,
rsg_object_detection,dropped_oldest,1580,rsg_20260806_101_704899999_001580,dropped,True,fifo_cached_frame,1580,155,0,1423,155,0,1,0.0,37.317677997634746,frame_fifo_full,,,,,,,,,,,,,,,,,,,,,,,,,,,,,,,,,,,,,,,,,,,,,,,,,,,,,,,,
rsg_object_detection,dropped_oldest,1581,rsg_20260806_101_754900000_001581,dropped,True,fifo_cached_frame,1581,155,0,1424,155,0,1,0.0,102.02843399747508,frame_fifo_full,,,,,,,,,,,,,,,,,,,,,,,,,,,,,,,,,,,,,,,,,,,,,,,,,,,,,,,,
rsg_object_detection,dropped_oldest,1582,rsg_20260806_101_854900000_001582,dropped,True,fifo_cached_frame,1582,155,0,1425,155,0,1,0.0,48.18364400125574,frame_fifo_full,,,,,,,,,,,,,,,,,,,,,,,,,,,,,,,,,,,,,,,,,,,,,,,,,,,,,,,,
rsg_object_detection,dropped_oldest,1583,rsg_20260806_101_904899999_001583,dropped,True,fifo_cached_frame,1583,155,0,1426,155,0,1,0.0,102.75963300227886,frame_fifo_full,,,,,,,,,,,,,,,,,,,,,,,,,,,,,,,,,,,,,,,,,,,,,,,,,,,,,,,,
rsg_object_detection,dropped_oldest,1584,rsg_20260806_102_004900000_001584,dropped,True,fifo_cached_frame,1584,155,0,1427,155,0,1,0.0,117.59639599767979,frame_fifo_full,,,,,,,,,,,,,,,,,,,,,,,,,,,,,,,,,,,,,,,,,,,,,,,,,,,,,,,,
rsg_object_detection,dropped_oldest,1585,rsg_20260806_102_104900000_001585,dropped,True,fifo_cached_frame,1585,155,0,1428,155,0,1,0.0,36.39186700456776,frame_fifo_full,,,,,,,,,,,,,,,,,,,,,,,,,,,,,,,,,,,,,,,,,,,,,,,,,,,,,,,,
rsg_object_detection,dropped_oldest,1586,rsg_20260806_102_154899999_001586,dropped,True,fifo_cached_frame,1586,155,0,1429,155,0,1,0.0,99.78924899769481,frame_fifo_full,,,,,,,,,,,,,,,,,,,,,,,,,,,,,,,,,,,,,,,,,,,,,,,,,,,,,,,,
rsg_object_detection,dropped_oldest,1587,rsg_20260806_102_254900000_001587,dropped,True,fifo_cached_frame,1587,155,0,1430,155,0,1,0.0,56.22132700227667,frame_fifo_full,,,,,,,,,,,,,,,,,,,,,,,,,,,,,,,,,,,,,,,,,,,,,,,,,,,,,,,,
rsg_object_detection,frame_trace,1579,rsg_20260806_101_654899999_001579,sent_to_hydra,,,,,,,,,,,721.0768930017366,ok,9.915513001033105,703.1868980047875,5.507619003765285,0.14815299800829962,5.359466005756985,0.0034240001696161926,5.032216999097727,0.209525998798199,398.047543996654,21.108952001668513,0.008928000170271844,419.37494999729097,152.5795010093134,33.64482399774715,6.955875003768597,72.15985898801591,39.00864400930004,79.7496239974862,3.456863996689208,0.8582650043535978,0.3425129907554947,1.3784329930786043,0.5507269961526617,0.006016001862008125,238.93762099760352,5.898674004129134,0.14184899919200689,33.752533003280405,0.04905400419374928,5.396455999289174,4.771045001689345,0.09759499516803771,0.5278160024317913,3.8226730030146427,0.6917119972058572,0.0046720015234313905,2.463438991981093,8,0,8,0,0,,,,,,,,,,,,,,
rsg_object_detection,dropped_oldest,1589,rsg_20260806_102_404899999_001589,dropped,True,fifo_cached_frame,1589,156,0,1431,156,0,1,0.0,41.767141003219876,frame_fifo_full,,,,,,,,,,,,,,,,,,,,,,,,,,,,,,,,,,,,,,,,,,,,,,,,,,,,,,,,
rsg_object_detection,dropped_oldest,1590,rsg_20260806_102_454899999_001590,dropped,True,fifo_cached_frame,1590,156,0,1432,156,0,1,0.0,51.61152199434582,frame_fifo_full,,,,,,,,,,,,,,,,,,,,,,,,,,,,,,,,,,,,,,,,,,,,,,,,,,,,,,,,
rsg_object_detection,dropped_oldest,1591,rsg_20260806_102_504900000_001591,dropped,True,fifo_cached_frame,1591,156,0,1433,156,0,1,0.0,107.98016899934737,frame_fifo_full,,,,,,,,,,,,,,,,,,,,,,,,,,,,,,,,,,,,,,,,,,,,,,,,,,,,,,,,
rsg_object_detection,dropped_oldest,1592,rsg_20260806_102_604900000_001592,dropped,True,fifo_cached_frame,1592,156,0,1434,156,0,1,0.0,41.05338099907385,frame_fifo_full,,,,,,,,,,,,,,,,,,,,,,,,,,,,,,,,,,,,,,,,,,,,,,,,,,,,,,,,
rsg_object_detection,dropped_oldest,1593,rsg_20260806_102_654899999_001593,dropped,True,fifo_cached_frame,1593,156,0,1435,156,0,1,0.0,50.88077099935617,frame_fifo_full,,,,,,,,,,,,,,,,,,,,,,,,,,,,,,,,,,,,,,,,,,,,,,,,,,,,,,,,
rsg_object_detection,dropped_oldest,1594,rsg_20260806_102_704899999_001594,dropped,True,fifo_cached_frame,1594,156,0,1436,156,0,1,0.0,100.39034099463606,frame_fifo_full,,,,,,,,,,,,,,,,,,,,,,,,,,,,,,,,,,,,,,,,,,,,,,,,,,,,,,,,
rsg_object_detection,dropped_oldest,1595,rsg_20260806_102_804900000_001595,dropped,True,fifo_cached_frame,1595,156,0,1437,156,0,1,0.0,92.56397999706678,frame_fifo_full,,,,,,,,,,,,,,,,,,,,,,,,,,,,,,,,,,,,,,,,,,,,,,,,,,,,,,,,
rsg_object_detection,dropped_oldest,1596,rsg_20260806_102_854900000_001596,dropped,True,fifo_cached_frame,1596,156,0,1438,156,0,1,0.0,87.86486800090643,frame_fifo_full,,,,,,,,,,,,,,,,,,,,,,,,,,,,,,,,,,,,,,,,,,,,,,,,,,,,,,,,
rsg_object_detection,dropped_oldest,1597,rsg_20260806_102_954899999_001597,dropped,True,fifo_cached_frame,1597,156,0,1439,156,0,1,0.0,31.65553999861004,frame_fifo_full,,,,,,,,,,,,,,,,,,,,,,,,,,,,,,,,,,,,,,,,,,,,,,,,,,,,,,,,
rsg_object_detection,frame_trace,1588,rsg_20260806_102_304900000_001588,sent_to_hydra,,,,,,,,,,,777.9938690000563,ok,9.444720002647955,674.8897630022839,91.20785000413889,0.1288900020881556,91.07896000205074,0.00281500251730904,8.340386004419997,0.6709770023007877,383.47259399597533,24.777967999398243,0.00998400355456397,408.9315230012289,124.23708799178712,36.870789001113735,5.682233997504227,56.90183900878765,23.99038799921982,86.65669900074136,3.7005680133006535,1.0897089960053563,0.3405919997021556,1.3723849988309667,0.939220997679513,0.005919995601288974,218.3581490025972,6.76685700454982,0.15490499936277047,32.2908730013296,0.04706998879555613,4.588589996274095,3.9506030007032678,0.10079499770654365,0.5371919978642836,4.1078120048041455,0.7423019997077063,0.006016001862008125,2.448720988468267,8,0,8,0,0,,,,,,,,,,,,,,
rsg_object_detection,dropped_oldest,1599,rsg_20260806_103_104900000_001599,dropped,True,fifo_cached_frame,1599,157,0,1440,157,0,1,0.0,42.55997199652484,frame_fifo_full,,,,,,,,,,,,,,,,,,,,,,,,,,,,,,,,,,,,,,,,,,,,,,,,,,,,,,,,
rsg_object_detection,dropped_oldest,1600,rsg_20260806_103_154899999_001600,dropped,True,fifo_cached_frame,1600,157,0,1441,157,0,1,0.0,90.72055100114085,frame_fifo_full,,,,,,,,,,,,,,,,,,,,,,,,,,,,,,,,,,,,,,,,,,,,,,,,,,,,,,,,
rsg_object_detection,dropped_oldest,1601,rsg_20260806_103_254900000_001601,dropped,True,fifo_cached_frame,1601,157,0,1442,157,0,1,0.0,111.51243199856253,frame_fifo_full,,,,,,,,,,,,,,,,,,,,,,,,,,,,,,,,,,,,,,,,,,,,,,,,,,,,,,,,
rsg_object_detection,dropped_oldest,1602,rsg_20260806_103_354900000_001602,dropped,True,fifo_cached_frame,1602,157,0,1443,157,0,1,0.0,39.1000020026695,frame_fifo_full,,,,,,,,,,,,,,,,,,,,,,,,,,,,,,,,,,,,,,,,,,,,,,,,,,,,,,,,
rsg_object_detection,dropped_oldest,1603,rsg_20260806_103_404899999_001603,dropped,True,fifo_cached_frame,1603,157,0,1444,157,0,1,0.0,50.29171400383348,frame_fifo_full,,,,,,,,,,,,,,,,,,,,,,,,,,,,,,,,,,,,,,,,,,,,,,,,,,,,,,,,
rsg_object_detection,dropped_oldest,1604,rsg_20260806_103_454899999_001604,dropped,True,fifo_cached_frame,1604,157,0,1445,157,0,1,0.0,50.52562399941962,frame_fifo_full,,,,,,,,,,,,,,,,,,,,,,,,,,,,,,,,,,,,,,,,,,,,,,,,,,,,,,,,
rsg_object_detection,dropped_oldest,1605,rsg_20260806_103_504900000_001605,dropped,True,fifo_cached_frame,1605,157,0,1446,157,0,1,0.0,82.58358000603039,frame_fifo_full,,,,,,,,,,,,,,,,,,,,,,,,,,,,,,,,,,,,,,,,,,,,,,,,,,,,,,,,
rsg_object_detection,dropped_oldest,1606,rsg_20260806_103_554900000_001606,dropped,True,fifo_cached_frame,1606,157,0,1447,157,0,1,0.0,65.5521669978043,frame_fifo_full,,,,,,,,,,,,,,,,,,,,,,,,,,,,,,,,,,,,,,,,,,,,,,,,,,,,,,,,
rsg_object_detection,dropped_oldest,1607,rsg_20260806_103_654899999_001607,dropped,True,fifo_cached_frame,1607,157,0,1448,157,0,1,0.0,109.31531700043706,frame_fifo_full,,,,,,,,,,,,,,,,,,,,,,,,,,,,,,,,,,,,,,,,,,,,,,,,,,,,,,,,
rsg_object_detection,frame_trace,1598,rsg_20260806_103_004900000_001598,sent_to_hydra,,,,,,,,,,,755.663359996106,ok,13.706444995477796,639.4435629990767,100.08591099904152,0.15061700105434284,99.93529399798717,0.002368004061281681,8.303779002744704,0.29928299773018807,382.74024100246606,22.74279899575049,0.0072640032158233225,405.78958699916257,107.07013901264872,22.49769001355162,7.087067991960794,56.10735098889563,20.561427001666743,72.47828200343065,3.4466250144760124,1.1110209961771034,0.3452669770922512,1.4413739991141483,0.4792420004378073,0.004544002877082676,186.3922039992758,5.102422001073137,0.1540730008855462,33.65535599732539,0.046141998609527946,8.967141999164596,8.256421999249142,0.10501899669179693,0.6057010032236576,4.059462000441272,0.6760010001016781,0.0038399957702495158,2.4250729984487407,8,0,8,0,0,,,,,,,,,,,,,,
rsg_object_detection,dropped_oldest,1609,rsg_20260806_103_804900000_001609,dropped,True,fifo_cached_frame,1609,158,0,1449,158,0,1,0.0,85.82343099988066,frame_fifo_full,,,,,,,,,,,,,,,,,,,,,,,,,,,,,,,,,,,,,,,,,,,,,,,,,,,,,,,,
rsg_object_detection,dropped_oldest,1610,rsg_20260806_103_904899999_001610,dropped,True,fifo_cached_frame,1610,158,0,1450,158,0,1,0.0,51.869465998606756,frame_fifo_full,,,,,,,,,,,,,,,,,,,,,,,,,,,,,,,,,,,,,,,,,,,,,,,,,,,,,,,,
rsg_object_detection,dropped_oldest,1611,rsg_20260806_103_954899999_001611,dropped,True,fifo_cached_frame,1611,158,0,1451,158,0,1,0.0,112.84846699709306,frame_fifo_full,,,,,,,,,,,,,,,,,,,,,,,,,,,,,,,,,,,,,,,,,,,,,,,,,,,,,,,,
rsg_object_detection,dropped_oldest,1612,rsg_20260806_104_054900000_001612,dropped,True,fifo_cached_frame,1612,158,0,1452,158,0,1,0.0,38.98324300098466,frame_fifo_full,,,,,,,,,,,,,,,,,,,,,,,,,,,,,,,,,,,,,,,,,,,,,,,,,,,,,,,,
rsg_object_detection,dropped_oldest,1613,rsg_20260806_104_104900000_001613,dropped,True,fifo_cached_frame,1613,158,0,1453,158,0,1,0.0,51.04470700462116,frame_fifo_full,,,,,,,,,,,,,,,,,,,,,,,,,,,,,,,,,,,,,,,,,,,,,,,,,,,,,,,,
rsg_object_detection,dropped_oldest,1614,rsg_20260806_104_154899999_001614,dropped,True,fifo_cached_frame,1614,158,0,1454,158,0,1,0.0,121.72918999567628,frame_fifo_full,,,,,,,,,,,,,,,,,,,,,,,,,,,,,,,,,,,,,,,,,,,,,,,,,,,,,,,,
rsg_object_detection,dropped_oldest,1615,rsg_20260806_104_254900000_001615,dropped,True,fifo_cached_frame,1615,158,0,1455,158,0,1,0.0,51.494158993591554,frame_fifo_full,,,,,,,,,,,,,,,,,,,,,,,,,,,,,,,,,,,,,,,,,,,,,,,,,,,,,,,,
rsg_object_detection,dropped_oldest,1616,rsg_20260806_104_304900000_001616,dropped,True,fifo_cached_frame,1616,158,0,1456,158,0,1,0.0,23.719075994449668,frame_fifo_full,,,,,,,,,,,,,,,,,,,,,,,,,,,,,,,,,,,,,,,,,,,,,,,,,,,,,,,,
rsg_object_detection,dropped_oldest,1617,rsg_20260806_104_354900000_001617,dropped,True,fifo_cached_frame,1617,158,0,1457,159,0,1,0.0,78.35312400129624,frame_fifo_full,,,,,,,,,,,,,,,,,,,,,,,,,,,,,,,,,,,,,,,,,,,,,,,,,,,,,,,,
rsg_object_detection,frame_trace,1608,rsg_20260806_103_754900000_001608,sent_to_hydra,,,,,,,,,,,645.494864002103,ok,11.183328999322839,599.0995800020755,32.597164004982915,0.14770500274607912,32.449459002236836,0.0035519988159649074,4.086501001438592,0.3758550010388717,342.15602499898523,19.829206001304556,0.006494999979622662,362.3675810013083,95.01444201305276,25.909824988048058,10.18468599068001,34.29232201597188,23.69110900326632,82.5614109999151,5.186322996451054,1.9845489950967021,0.41569399763830006,1.4981079948483966,0.25864400231512263,0.005855996278114617,186.9499540043762,8.623540998087265,0.1724399990052916,36.846668997895904,0.052893999963998795,5.853557006048504,5.190130999835674,0.1008910039672628,0.5625350022455677,4.478354996535927,0.8444740014965646,0.006942995241843164,2.6112389969057404,8,0,8,0,0,,,,,,,,,,,,,,
rsg_object_detection,dropped_oldest,1619,rsg_20260806_104_454899999_001619,dropped,True,fifo_cached_frame,1619,159,0,1458,159,0,1,0.0,28.358991999994032,frame_fifo_full,,,,,,,,,,,,,,,,,,,,,,,,,,,,,,,,,,,,,,,,,,,,,,,,,,,,,,,,
rsg_object_detection,dropped_oldest,1620,rsg_20260806_104_504900000_001620,dropped,True,fifo_cached_frame,1620,159,0,1459,159,0,1,0.0,49.26456500106724,frame_fifo_full,,,,,,,,,,,,,,,,,,,,,,,,,,,,,,,,,,,,,,,,,,,,,,,,,,,,,,,,
rsg_object_detection,,1483,rsg_20260806_95_404880000_001483,vlm_failed,,,,,,,,,,,,"{""label"":""unknown_object"",""label_confidence"":0.0,""mobility_class"":""unknown"",""mobility_confidence"":0.0}",,,,,,,,,,,,,,,,,,,,,,,,,,,,,,,,,,,,,,,,,,,rsg_obj_000029,rsg_unknown_rsg_20260806_95_404880000_001483_003_nanosam_008,,,7,0.6348995514468582,unknown_object,0.0,unknown,0.0,5201.066355999501,66345.18976500112,qwen_http,Qwen3-VL-8B-Instruct-GGUF
rsg_object_detection,completed,1483,rsg_20260806_95_404880000_001483,,,,,,,,,,,61144.120977005514,,vlm_failed,,,,,,,,,,,,,,,,,,,,,,,,,,,,,,,,,,,,,,,,,,,rsg_obj_000029,rsg_unknown_rsg_20260806_95_404880000_001483_003_nanosam_008,62,300,7,0.6348995514468582,,,,,,,,
rsg_object_detection,dropped_oldest,1621,rsg_20260806_104_554900000_001621,dropped,True,fifo_cached_frame,1621,159,0,1460,159,0,1,0.0,51.09635300323134,frame_fifo_full,,,,,,,,,,,,,,,,,,,,,,,,,,,,,,,,,,,,,,,,,,,,,,,,,,,,,,,,
rsg_object_detection,dequeued,436,rsg_20260806_33_954880000_000436,,,,,,,,,,,64701.97517199995,,fifo_order,,,,,,,,,,,,,,,,,,,,,,,,,,,,,,,,,,,,,,,,,,,rsg_obj_000035,rsg_unknown_rsg_20260806_33_954880000_000436_006_nanosam_006,61,300,1,0.6172891768523597,,,,,,,,
rsg_object_detection,dropped_oldest,1622,rsg_20260806_104_604900000_001622,dropped,True,fifo_cached_frame,1622,159,0,1461,159,0,1,0.0,52.26413899799809,frame_fifo_full,,,,,,,,,,,,,,,,,,,,,,,,,,,,,,,,,,,,,,,,,,,,,,,,,,,,,,,,
rsg_object_detection,dropped_oldest,1623,rsg_20260806_104_654899999_001623,dropped,True,fifo_cached_frame,1623,159,0,1462,159,0,1,0.0,71.46585400187178,frame_fifo_full,,,,,,,,,,,,,,,,,,,,,,,,,,,,,,,,,,,,,,,,,,,,,,,,,,,,,,,,
rsg_object_detection,dropped_oldest,1624,rsg_20260806_104_704899999_001624,dropped,True,fifo_cached_frame,1624,159,0,1463,159,0,1,0.0,40.168563995393924,frame_fifo_full,,,,,,,,,,,,,,,,,,,,,,,,,,,,,,,,,,,,,,,,,,,,,,,,,,,,,,,,
rsg_object_detection,dropped_oldest,1625,rsg_20260806_104_754900000_001625,dropped,True,fifo_cached_frame,1625,159,0,1464,159,0,1,0.0,67.86310700408649,frame_fifo_full,,,,,,,,,,,,,,,,,,,,,,,,,,,,,,,,,,,,,,,,,,,,,,,,,,,,,,,,
rsg_object_detection,frame_trace,1618,rsg_20260806_104_404899999_001618,sent_to_hydra,,,,,,,,,,,483.6130370022147,ok,13.432858002488501,462.738886999432,4.795749002369121,0.14952899800846353,4.646220004360657,0.0071359972935169935,1.7896139979711734,0.22987800184637308,220.52640299807535,18.653291001101024,0.006080001185182482,239.41565200220793,104.83696800656617,27.27488099480979,6.8541500077117234,41.371612991497386,28.529864008305594,66.6074840046349,4.008072006399743,1.2875259926659055,0.40801498835207894,1.7542560017318465,0.5408069991972297,0.006880000000819564,179.4732389971614,7.28254699788522,0.28773100348189473,34.427643004164565,0.06246099655982107,6.802504998631775,6.076713994843885,0.11023499973816797,0.6155560040497221,5.885266997211147,0.7393580017378554,0.005728004907723516,2.6384070006315596,8,0,8,0,0,,,,,,,,,,,,,,
rsg_object_detection,dropped_oldest,1627,rsg_20260806_104_854900000_001627,dropped,True,fifo_cached_frame,1627,160,0,1465,160,0,1,0.0,4.58939000236569,frame_fifo_full,,,,,,,,,,,,,,,,,,,,,,,,,,,,,,,,,,,,,,,,,,,,,,,,,,,,,,,,
rsg_object_detection,dropped_oldest,1628,rsg_20260806_104_904899999_001628,dropped,True,fifo_cached_frame,1628,160,0,1466,160,0,1,0.0,11.468340002465993,frame_fifo_full,,,,,,,,,,,,,,,,,,,,,,,,,,,,,,,,,,,,,,,,,,,,,,,,,,,,,,,,
rsg_object_detection,dropped_oldest,1629,rsg_20260806_104_954899999_001629,dropped,True,fifo_cached_frame,1629,160,0,1467,160,0,1,0.0,39.03869600617327,frame_fifo_full,,,,,,,,,,,,,,,,,,,,,,,,,,,,,,,,,,,,,,,,,,,,,,,,,,,,,,,,
rsg_object_detection,dropped_oldest,1630,rsg_20260806_105_004900000_001630,dropped,True,fifo_cached_frame,1630,160,0,1468,160,0,1,0.0,50.08443200495094,frame_fifo_full,,,,,,,,,,,,,,,,,,,,,,,,,,,,,,,,,,,,,,,,,,,,,,,,,,,,,,,,
rsg_object_detection,dropped_oldest,1631,rsg_20260806_105_054900000_001631,dropped,True,fifo_cached_frame,1631,160,0,1469,160,0,1,0.0,50.17588599730516,frame_fifo_full,,,,,,,,,,,,,,,,,,,,,,,,,,,,,,,,,,,,,,,,,,,,,,,,,,,,,,,,
rsg_object_detection,dropped_oldest,1632,rsg_20260806_105_104900000_001632,dropped,True,fifo_cached_frame,1632,160,0,1470,160,0,1,0.0,66.0447310001473,frame_fifo_full,,,,,,,,,,,,,,,,,,,,,,,,,,,,,,,,,,,,,,,,,,,,,,,,,,,,,,,,
rsg_object_detection,dropped_oldest,1633,rsg_20260806_105_154899999_001633,dropped,True,fifo_cached_frame,1633,160,0,1471,160,0,1,0.0,40.33710300427629,frame_fifo_full,,,,,,,,,,,,,,,,,,,,,,,,,,,,,,,,,,,,,,,,,,,,,,,,,,,,,,,,
rsg_object_detection,dropped_oldest,1634,rsg_20260806_105_204899999_001634,dropped,True,fifo_cached_frame,1634,160,0,1472,160,0,1,0.0,97.21047800121596,frame_fifo_full,,,,,,,,,,,,,,,,,,,,,,,,,,,,,,,,,,,,,,,,,,,,,,,,,,,,,,,,
rsg_object_detection,dropped_oldest,1635,rsg_20260806_105_304900000_001635,dropped,True,fifo_cached_frame,1635,160,0,1473,160,0,1,0.0,89.13558199856197,frame_fifo_full,,,,,,,,,,,,,,,,,,,,,,,,,,,,,,,,,,,,,,,,,,,,,,,,,,,,,,,,
rsg_object_detection,dropped_oldest,1636,rsg_20260806_105_354900000_001636,dropped,True,fifo_cached_frame,1636,160,0,1474,160,0,1,0.0,114.73012599890353,frame_fifo_full,,,,,,,,,,,,,,,,,,,,,,,,,,,,,,,,,,,,,,,,,,,,,,,,,,,,,,,,
rsg_object_detection,dropped_oldest,1637,rsg_20260806_105_404899999_001637,dropped,True,fifo_cached_frame,1637,160,0,1475,160,0,1,0.0,7.903158999397419,frame_fifo_full,,,,,,,,,,,,,,,,,,,,,,,,,,,,,,,,,,,,,,,,,,,,,,,,,,,,,,,,
rsg_object_detection,dropped_oldest,1638,rsg_20260806_105_454899999_001638,dropped,True,fifo_cached_frame,1638,160,0,1476,160,0,1,0.0,3.362374998687301,frame_fifo_full,,,,,,,,,,,,,,,,,,,,,,,,,,,,,,,,,,,,,,,,,,,,,,,,,,,,,,,,
rsg_object_detection,dropped_oldest,1639,rsg_20260806_105_504900000_001639,dropped,True,fifo_cached_frame,1639,160,0,1477,160,0,1,0.0,55.350433998683,frame_fifo_full,,,,,,,,,,,,,,,,,,,,,,,,,,,,,,,,,,,,,,,,,,,,,,,,,,,,,,,,
rsg_object_detection,frame_trace,1626,rsg_20260806_104_804900000_001626,sent_to_hydra,,,,,,,,,,,752.0766489978996,ok,14.740767001057975,630.1937379976152,104.55797399481526,0.13593000039691105,104.42204399441835,0.0032320022000931203,13.53819799987832,1.2960359963472001,331.3083979955991,27.03457399911713,0.010144009138457477,359.64915200020187,119.52347402257146,19.1924070022651,5.603554003755562,65.27842899959069,28.757280990248546,70.28223400266143,4.135329996643122,4.834339990338776,0.376144984329585,1.5470660000573844,0.2268370008096099,0.005504000000655651,200.94993700331543,13.136488996678963,0.18508000357542187,42.68717300146818,0.04770899249706417,9.743203001562506,9.107008998398669,0.0992600034805946,0.5369339996832423,4.197409005428199,0.7949079954414628,0.005246998625807464,2.5809380022110417,8,0,8,0,0,,,,,,,,,,,,,,
rsg_object_detection,dropped_oldest,1641,rsg_20260806_105_604900000_001641,dropped,True,fifo_cached_frame,1641,161,0,1478,161,0,1,0.0,138.4058140029083,frame_fifo_full,,,,,,,,,,,,,,,,,,,,,,,,,,,,,,,,,,,,,,,,,,,,,,,,,,,,,,,,
rsg_object_detection,dropped_oldest,1642,rsg_20260806_105_754900000_001642,dropped,True,fifo_cached_frame,1642,161,0,1479,161,0,1,0.0,51.277179998578504,frame_fifo_full,,,,,,,,,,,,,,,,,,,,,,,,,,,,,,,,,,,,,,,,,,,,,,,,,,,,,,,,
rsg_object_detection,dropped_oldest,1643,rsg_20260806_105_804900000_001643,dropped,True,fifo_cached_frame,1643,161,0,1480,161,0,1,0.0,49.59271400002763,frame_fifo_full,,,,,,,,,,,,,,,,,,,,,,,,,,,,,,,,,,,,,,,,,,,,,,,,,,,,,,,,
rsg_object_detection,dropped_oldest,1644,rsg_20260806_105_854900000_001644,dropped,True,fifo_cached_frame,1644,161,0,1481,161,0,1,0.0,49.605480999161955,frame_fifo_full,,,,,,,,,,,,,,,,,,,,,,,,,,,,,,,,,,,,,,,,,,,,,,,,,,,,,,,,
rsg_object_detection,dropped_oldest,1645,rsg_20260806_105_904899999_001645,dropped,True,fifo_cached_frame,1645,161,0,1482,161,0,1,0.0,57.2840430031647,frame_fifo_full,,,,,,,,,,,,,,,,,,,,,,,,,,,,,,,,,,,,,,,,,,,,,,,,,,,,,,,,
rsg_object_detection,dropped_oldest,1646,rsg_20260806_105_954899999_001646,dropped,True,fifo_cached_frame,1646,161,0,1483,161,0,1,0.0,48.12999599380419,frame_fifo_full,,,,,,,,,,,,,,,,,,,,,,,,,,,,,,,,,,,,,,,,,,,,,,,,,,,,,,,,
rsg_object_detection,dropped_oldest,1647,rsg_20260806_106_004900000_001647,dropped,True,fifo_cached_frame,1647,161,0,1484,161,0,1,0.0,56.55006100278115,frame_fifo_full,,,,,,,,,,,,,,,,,,,,,,,,,,,,,,,,,,,,,,,,,,,,,,,,,,,,,,,,
rsg_object_detection,dropped_oldest,1648,rsg_20260806_106_054900000_001648,dropped,True,fifo_cached_frame,1648,161,0,1485,161,0,1,0.0,45.988304998900276,frame_fifo_full,,,,,,,,,,,,,,,,,,,,,,,,,,,,,,,,,,,,,,,,,,,,,,,,,,,,,,,,
rsg_object_detection,dropped_oldest,1649,rsg_20260806_106_104900000_001649,dropped,True,fifo_cached_frame,1649,161,0,1486,161,0,1,0.0,62.03791100415401,frame_fifo_full,,,,,,,,,,,,,,,,,,,,,,,,,,,,,,,,,,,,,,,,,,,,,,,,,,,,,,,,
rsg_object_detection,dropped_oldest,1650,rsg_20260806_106_154899999_001650,dropped,True,fifo_cached_frame,1650,161,0,1487,162,0,1,0.0,35.95196300011594,frame_fifo_full,,,,,,,,,,,,,,,,,,,,,,,,,,,,,,,,,,,,,,,,,,,,,,,,,,,,,,,,
rsg_object_detection,frame_trace,1640,rsg_20260806_105_554900000_001640,sent_to_hydra,,,,,,,,,,,610.130062996177,ok,14.687394999782555,554.8572879997664,38.02917699795216,0.15522499597864226,37.87395200197352,0.002335997123736888,5.9661920022335835,0.1987109935726039,294.2774549956084,22.02350700099487,0.0063680054154247046,316.5060409955913,97.74773199751507,24.50477002275875,6.099819001974538,42.09347097639693,24.169040996639524,84.67274999566143,4.498066002270207,1.0593750193947926,0.35752198891714215,1.4813090019742958,0.5221519968472421,0.006112000846769661,190.36223299917765,7.469803000276443,0.1432900025974959,34.3618909973884,0.04783800250152126,10.289451005519368,9.586250998836476,0.11330599954817444,0.589894007134717,3.665592994366307,0.7266870015882887,0.005663998308591545,2.5538670015521348,8,0,8,0,0,,,,,,,,,,,,,,
rsg_object_detection,dropped_oldest,1652,rsg_20260806_106_254900000_001652,dropped,True,fifo_cached_frame,1652,162,0,1488,162,0,1,0.0,47.492140998656396,frame_fifo_full,,,,,,,,,,,,,,,,,,,,,,,,,,,,,,,,,,,,,,,,,,,,,,,,,,,,,,,,
rsg_object_detection,dropped_oldest,1653,rsg_20260806_106_304900000_001653,dropped,True,fifo_cached_frame,1653,162,0,1489,162,0,1,0.0,53.455228997336235,frame_fifo_full,,,,,,,,,,,,,,,,,,,,,,,,,,,,,,,,,,,,,,,,,,,,,,,,,,,,,,,,
rsg_object_detection,dropped_oldest,1654,rsg_20260806_106_354900000_001654,dropped,True,fifo_cached_frame,1654,162,0,1490,162,0,1,0.0,56.48126800224418,frame_fifo_full,,,,,,,,,,,,,,,,,,,,,,,,,,,,,,,,,,,,,,,,,,,,,,,,,,,,,,,,
rsg_object_detection,dropped_oldest,1655,rsg_20260806_106_404899999_001655,dropped,True,fifo_cached_frame,1655,162,0,1491,162,0,1,0.0,44.35337200266076,frame_fifo_full,,,,,,,,,,,,,,,,,,,,,,,,,,,,,,,,,,,,,,,,,,,,,,,,,,,,,,,,
rsg_object_detection,dropped_oldest,1656,rsg_20260806_106_454899999_001656,dropped,True,fifo_cached_frame,1656,162,0,1492,162,0,1,0.0,46.04919799749041,frame_fifo_full,,,,,,,,,,,,,,,,,,,,,,,,,,,,,,,,,,,,,,,,,,,,,,,,,,,,,,,,
rsg_object_detection,dropped_oldest,1657,rsg_20260806_106_504900000_001657,dropped,True,fifo_cached_frame,1657,162,0,1493,162,0,1,0.0,52.24882000038633,frame_fifo_full,,,,,,,,,,,,,,,,,,,,,,,,,,,,,,,,,,,,,,,,,,,,,,,,,,,,,,,,
rsg_object_detection,dropped_oldest,1658,rsg_20260806_106_554900000_001658,dropped,True,fifo_cached_frame,1658,162,0,1494,162,0,1,0.0,69.87944200227503,frame_fifo_full,,,,,,,,,,,,,,,,,,,,,,,,,,,,,,,,,,,,,,,,,,,,,,,,,,,,,,,,
rsg_object_detection,dropped_oldest,1659,rsg_20260806_106_604900000_001659,dropped,True,fifo_cached_frame,1659,162,0,1495,162,0,1,0.0,56.845379003789276,frame_fifo_full,,,,,,,,,,,,,,,,,,,,,,,,,,,,,,,,,,,,,,,,,,,,,,,,,,,,,,,,
rsg_object_detection,dropped_oldest,1660,rsg_20260806_106_654899999_001660,dropped,True,fifo_cached_frame,1660,162,0,1496,162,0,1,0.0,21.237433000351302,frame_fifo_full,,,,,,,,,,,,,,,,,,,,,,,,,,,,,,,,,,,,,,,,,,,,,,,,,,,,,,,,
rsg_object_detection,dropped_oldest,1661,rsg_20260806_106_704899999_001661,dropped,True,fifo_cached_frame,1661,162,0,1497,162,0,1,0.0,56.97852500452427,frame_fifo_full,,,,,,,,,,,,,,,,,,,,,,,,,,,,,,,,,,,,,,,,,,,,,,,,,,,,,,,,
rsg_object_detection,frame_trace,1651,rsg_20260806_106_204899999_001651,sent_to_hydra,,,,,,,,,,,563.221516997146,ok,11.271837996901013,540.6492649999564,8.382242995139677,0.15708099817857146,8.225161996961106,0.0036479978007264435,1.3178279987187125,0.2033829950960353,315.92525899759494,21.06064099643845,0.005856010830029845,337.19513899995945,80.59370599221438,15.72632299939869,4.469361978408415,46.98848599946359,12.71638100297423,71.48269600293133,3.7769799964735284,0.5483589993673377,0.35105601273244247,1.4471979957306758,0.47085899859666824,0.03270200249971822,158.72077099629678,5.684253002982587,0.14152999938232824,37.5377460004529,0.05199800216360018,6.482807999418583,5.726043003960513,0.11826599802589044,0.6384989974321797,4.041767999297008,0.7419179964927025,0.0053440016927197576,2.91452300734818,8,0,8,0,0,,,,,,,,,,,,,,
rsg_object_detection,dropped_oldest,1663,rsg_20260806_106_804900000_001663,dropped,True,fifo_cached_frame,1663,163,0,1498,163,0,1,0.0,47.695683999336325,frame_fifo_full,,,,,,,,,,,,,,,,,,,,,,,,,,,,,,,,,,,,,,,,,,,,,,,,,,,,,,,,
rsg_object_detection,dropped_oldest,1664,rsg_20260806_106_854900000_001664,dropped,True,fifo_cached_frame,1664,163,0,1499,163,0,1,0.0,48.5623329950613,frame_fifo_full,,,,,,,,,,,,,,,,,,,,,,,,,,,,,,,,,,,,,,,,,,,,,,,,,,,,,,,,
rsg_object_detection,dropped_oldest,1665,rsg_20260806_106_904899999_001665,dropped,True,fifo_cached_frame,1665,163,0,1500,163,0,1,0.0,105.62171700439649,frame_fifo_full,,,,,,,,,,,,,,,,,,,,,,,,,,,,,,,,,,,,,,,,,,,,,,,,,,,,,,,,
rsg_object_detection,dropped_oldest,1666,rsg_20260806_107_004900000_001666,dropped,True,fifo_cached_frame,1666,163,0,1501,163,0,1,0.0,50.34474800049793,frame_fifo_full,,,,,,,,,,,,,,,,,,,,,,,,,,,,,,,,,,,,,,,,,,,,,,,,,,,,,,,,
rsg_object_detection,dropped_oldest,1667,rsg_20260806_107_054900000_001667,dropped,True,fifo_cached_frame,1667,163,0,1502,163,0,1,0.0,46.775889000855386,frame_fifo_full,,,,,,,,,,,,,,,,,,,,,,,,,,,,,,,,,,,,,,,,,,,,,,,,,,,,,,,,
rsg_object_detection,dropped_oldest,1668,rsg_20260806_107_104900000_001668,dropped,True,fifo_cached_frame,1668,163,0,1503,163,0,1,0.0,52.47895800130209,frame_fifo_full,,,,,,,,,,,,,,,,,,,,,,,,,,,,,,,,,,,,,,,,,,,,,,,,,,,,,,,,
rsg_object_detection,dropped_oldest,1669,rsg_20260806_107_154899999_001669,dropped,True,fifo_cached_frame,1669,163,0,1504,163,0,1,0.0,70.25920500018401,frame_fifo_full,,,,,,,,,,,,,,,,,,,,,,,,,,,,,,,,,,,,,,,,,,,,,,,,,,,,,,,,
rsg_object_detection,dropped_oldest,1670,rsg_20260806_107_204899999_001670,dropped,True,fifo_cached_frame,1670,163,0,1505,163,0,1,0.0,63.42181999934837,frame_fifo_full,,,,,,,,,,,,,,,,,,,,,,,,,,,,,,,,,,,,,,,,,,,,,,,,,,,,,,,,
rsg_object_detection,dropped_oldest,1671,rsg_20260806_107_254900000_001671,dropped,True,fifo_cached_frame,1671,163,0,1506,164,0,1,0.0,149.22633500100346,frame_fifo_full,,,,,,,,,,,,,,,,,,,,,,,,,,,,,,,,,,,,,,,,,,,,,,,,,,,,,,,,
rsg_object_detection,frame_trace,1662,rsg_20260806_106_754900000_001662,sent_to_hydra,,,,,,,,,,,657.6006050017895,ok,10.631165001541376,604.796321997128,39.8478810020606,0.1421370034222491,39.705743998638354,0.008447997970506549,2.4184819994843565,0.20863099780399352,365.00847300339956,23.65322900004685,0.00815800012787804,388.8784910013783,111.6618029991514,35.0624389902805,7.624836987815797,37.3137260103249,30.820039006357547,55.453735003538895,4.527475000941195,1.3310770082171075,0.4216419911244884,1.6981310036499053,0.27022800350096077,0.007456001185346395,175.3966649994254,3.7384220049716532,0.16213599883485585,34.15035100624664,0.05177498678676784,6.132905000413302,5.371436003770214,0.11420300143072382,0.6472659952123649,3.761972999200225,0.7318070056498982,0.004479996277950704,2.3167890030890703,8,0,8,0,0,,,,,,,,,,,,,,
rsg_object_detection,dropped_oldest,1673,rsg_20260806_107_404899999_001673,dropped,True,fifo_cached_frame,1673,164,0,1507,164,0,1,0.0,54.71386399585754,frame_fifo_full,,,,,,,,,,,,,,,,,,,,,,,,,,,,,,,,,,,,,,,,,,,,,,,,,,,,,,,,
rsg_object_detection,dropped_oldest,1674,rsg_20260806_107_504900000_001674,dropped,True,fifo_cached_frame,1674,164,0,1508,164,0,1,0.0,51.281092994031496,frame_fifo_full,,,,,,,,,,,,,,,,,,,,,,,,,,,,,,,,,,,,,,,,,,,,,,,,,,,,,,,,
rsg_object_detection,dropped_oldest,1675,rsg_20260806_107_554900000_001675,dropped,True,fifo_cached_frame,1675,164,0,1509,164,0,1,0.0,56.127112002286594,frame_fifo_full,,,,,,,,,,,,,,,,,,,,,,,,,,,,,,,,,,,,,,,,,,,,,,,,,,,,,,,,
rsg_object_detection,dropped_oldest,1676,rsg_20260806_107_604900000_001676,dropped,True,fifo_cached_frame,1676,164,0,1510,164,0,1,0.0,47.020965997944586,frame_fifo_full,,,,,,,,,,,,,,,,,,,,,,,,,,,,,,,,,,,,,,,,,,,,,,,,,,,,,,,,
rsg_object_detection,dropped_oldest,1677,rsg_20260806_107_654899999_001677,dropped,True,fifo_cached_frame,1677,164,0,1511,164,0,1,0.0,97.47060899826465,frame_fifo_full,,,,,,,,,,,,,,,,,,,,,,,,,,,,,,,,,,,,,,,,,,,,,,,,,,,,,,,,
rsg_object_detection,dropped_oldest,1678,rsg_20260806_107_754900000_001678,dropped,True,fifo_cached_frame,1678,164,0,1512,164,0,1,0.0,50.69199900026433,frame_fifo_full,,,,,,,,,,,,,,,,,,,,,,,,,,,,,,,,,,,,,,,,,,,,,,,,,,,,,,,,
rsg_object_detection,dropped_oldest,1679,rsg_20260806_107_804900000_001679,dropped,True,fifo_cached_frame,1679,164,0,1513,164,0,1,0.0,51.65064299944788,frame_fifo_full,,,,,,,,,,,,,,,,,,,,,,,,,,,,,,,,,,,,,,,,,,,,,,,,,,,,,,,,
rsg_object_detection,dropped_oldest,1680,rsg_20260806_107_854900000_001680,dropped,True,fifo_cached_frame,1680,164,0,1514,164,0,1,0.0,120.58315700414823,frame_fifo_full,,,,,,,,,,,,,,,,,,,,,,,,,,,,,,,,,,,,,,,,,,,,,,,,,,,,,,,,
rsg_object_detection,dropped_oldest,1681,rsg_20260806_107_904899999_001681,dropped,True,fifo_cached_frame,1681,164,0,1515,164,0,1,0.0,8.655126999656204,frame_fifo_full,,,,,,,,,,,,,,,,,,,,,,,,,,,,,,,,,,,,,,,,,,,,,,,,,,,,,,,,
rsg_object_detection,dropped_oldest,1682,rsg_20260806_107_954899999_001682,dropped,True,fifo_cached_frame,1682,164,0,1516,164,0,1,0.0,21.909595998295117,frame_fifo_full,,,,,,,,,,,,,,,,,,,,,,,,,,,,,,,,,,,,,,,,,,,,,,,,,,,,,,,,
rsg_object_detection,dropped_oldest,1683,rsg_20260806_108_004900000_001683,dropped,True,fifo_cached_frame,1683,164,0,1517,164,0,1,0.0,48.54524900292745,frame_fifo_full,,,,,,,,,,,,,,,,,,,,,,,,,,,,,,,,,,,,,,,,,,,,,,,,,,,,,,,,
rsg_object_detection,frame_trace,1672,rsg_20260806_107_304900000_001672,sent_to_hydra,,,,,,,,,,,625.6776310037822,ok,13.070221000816673,605.1819239946781,4.863522000960074,0.1976870044018142,4.66583499655826,0.004639994585886598,5.375755004934035,0.21189499966567382,319.43040400074096,19.538790998922195,0.007615999493282288,339.1887059988221,120.7422869920265,32.220007000432815,5.893171990464907,61.08186197525356,20.388190998346545,83.54778500506654,4.12403600057587,2.6593039874569513,0.48407301801489666,1.8005899983108975,0.6876480038044974,0.007168004231061786,214.0870340008405,11.881956001161598,0.15241000073729083,34.45318600279279,0.042876985389739275,8.768209001573268,8.08776100166142,0.09311600297223777,0.5873319969396107,3.4208040015073493,0.8765999955357984,0.004608002200257033,2.5573240127414465,8,0,8,0,0,,,,,,,,,,,,,,
rsg_object_detection,dropped_oldest,1685,rsg_20260806_108_104900000_001685,dropped,True,fifo_cached_frame,1685,165,0,1518,165,0,1,0.0,48.074553997139446,frame_fifo_full,,,,,,,,,,,,,,,,,,,,,,,,,,,,,,,,,,,,,,,,,,,,,,,,,,,,,,,,
rsg_object_detection,dropped_oldest,1686,rsg_20260806_108_154899999_001686,dropped,True,fifo_cached_frame,1686,165,0,1519,165,0,1,0.0,53.386313004011754,frame_fifo_full,,,,,,,,,,,,,,,,,,,,,,,,,,,,,,,,,,,,,,,,,,,,,,,,,,,,,,,,
rsg_object_detection,dropped_oldest,1687,rsg_20260806_108_204899999_001687,dropped,True,fifo_cached_frame,1687,165,0,1520,165,0,1,0.0,48.6358409980312,frame_fifo_full,,,,,,,,,,,,,,,,,,,,,,,,,,,,,,,,,,,,,,,,,,,,,,,,,,,,,,,,
rsg_object_detection,dropped_oldest,1688,rsg_20260806_108_254900000_001688,dropped,True,fifo_cached_frame,1688,165,0,1521,165,0,1,0.0,99.72840200498467,frame_fifo_full,,,,,,,,,,,,,,,,,,,,,,,,,,,,,,,,,,,,,,,,,,,,,,,,,,,,,,,,
rsg_object_detection,dropped_oldest,1689,rsg_20260806_108_354900000_001689,dropped,True,fifo_cached_frame,1689,165,0,1522,165,0,1,0.0,50.37486500077648,frame_fifo_full,,,,,,,,,,,,,,,,,,,,,,,,,,,,,,,,,,,,,,,,,,,,,,,,,,,,,,,,
rsg_object_detection,dropped_oldest,1690,rsg_20260806_108_404899999_001690,dropped,True,fifo_cached_frame,1690,165,0,1523,165,0,1,0.0,118.91031399864005,frame_fifo_full,,,,,,,,,,,,,,,,,,,,,,,,,,,,,,,,,,,,,,,,,,,,,,,,,,,,,,,,
rsg_object_detection,dropped_oldest,1691,rsg_20260806_108_504900000_001691,dropped,True,fifo_cached_frame,1691,165,0,1524,165,0,1,0.0,36.88443799910601,frame_fifo_full,,,,,,,,,,,,,,,,,,,,,,,,,,,,,,,,,,,,,,,,,,,,,,,,,,,,,,,,
rsg_object_detection,dropped_oldest,1692,rsg_20260806_108_554900000_001692,dropped,True,fifo_cached_frame,1692,165,0,1525,165,0,1,0.0,52.35618400183739,frame_fifo_full,,,,,,,,,,,,,,,,,,,,,,,,,,,,,,,,,,,,,,,,,,,,,,,,,,,,,,,,
rsg_object_detection,dropped_oldest,1693,rsg_20260806_108_604900000_001693,dropped,True,fifo_cached_frame,1693,165,0,1526,165,0,1,0.0,39.60047399596078,frame_fifo_full,,,,,,,,,,,,,,,,,,,,,,,,,,,,,,,,,,,,,,,,,,,,,,,,,,,,,,,,
rsg_object_detection,dropped_oldest,1694,rsg_20260806_108_654899999_001694,dropped,True,fifo_cached_frame,1694,165,0,1527,166,0,1,0.0,75.42393599578645,frame_fifo_full,,,,,,,,,,,,,,,,,,,,,,,,,,,,,,,,,,,,,,,,,,,,,,,,,,,,,,,,
rsg_object_detection,frame_trace,1684,rsg_20260806_108_054900000_001684,sent_to_hydra,,,,,,,,,,,648.1477619963698,ok,10.792693996336311,594.2944630005513,39.41411399864592,0.1336899949819781,39.28042400366394,0.005279995093587786,3.7248549997457303,0.1724720059428364,361.279567994643,20.29971899901284,0.009504001354798675,381.7612630009535,85.65518499381142,25.43794800294563,6.216228000994306,28.856128999905195,23.4133709964226,73.95158799772616,3.792724004597403,1.759759004926309,0.3731990000233054,1.1645869963103905,0.26526799774728715,0.009406998287886381,166.99206799967214,7.479149004211649,0.14162499428493902,34.1456499954802,0.04985300620319322,6.357662998198066,5.607264996797312,0.13788100477540866,0.6125169966253452,3.8208510013646446,0.609732000157237,0.004447996616363525,3.6412110057426617,7,0,7,0,0,,,,,,,,,,,,,,
rsg_object_detection,dropped_oldest,1696,rsg_20260806_108_754900000_001696,dropped,True,fifo_cached_frame,1696,166,0,1528,166,0,1,0.0,91.70246100256918,frame_fifo_full,,,,,,,,,,,,,,,,,,,,,,,,,,,,,,,,,,,,,,,,,,,,,,,,,,,,,,,,
rsg_object_detection,dropped_oldest,1697,rsg_20260806_108_854900000_001697,dropped,True,fifo_cached_frame,1697,166,0,1529,166,0,1,0.0,52.45477099379059,frame_fifo_full,,,,,,,,,,,,,,,,,,,,,,,,,,,,,,,,,,,,,,,,,,,,,,,,,,,,,,,,
rsg_object_detection,dropped_oldest,1698,rsg_20260806_108_904899999_001698,dropped,True,fifo_cached_frame,1698,166,0,1530,166,0,1,0.0,48.115448000316974,frame_fifo_full,,,,,,,,,,,,,,,,,,,,,,,,,,,,,,,,,,,,,,,,,,,,,,,,,,,,,,,,
rsg_object_detection,dropped_oldest,1699,rsg_20260806_108_954899999_001699,dropped,True,fifo_cached_frame,1699,166,0,1531,166,0,1,0.0,49.3391359996167,frame_fifo_full,,,,,,,,,,,,,,,,,,,,,,,,,,,,,,,,,,,,,,,,,,,,,,,,,,,,,,,,
rsg_object_detection,dropped_oldest,1700,rsg_20260806_109_004900000_001700,dropped,True,fifo_cached_frame,1700,166,0,1532,166,0,1,0.0,101.77938299602829,frame_fifo_full,,,,,,,,,,,,,,,,,,,,,,,,,,,,,,,,,,,,,,,,,,,,,,,,,,,,,,,,
rsg_object_detection,dropped_oldest,1701,rsg_20260806_109_104900000_001701,dropped,True,fifo_cached_frame,1701,166,0,1533,166,0,1,0.0,49.40099400118925,frame_fifo_full,,,,,,,,,,,,,,,,,,,,,,,,,,,,,,,,,,,,,,,,,,,,,,,,,,,,,,,,
rsg_object_detection,frame_trace,1695,rsg_20260806_108_704899999_001695,sent_to_hydra,,,,,,,,,,,494.28227900352795,ok,10.502659999474417,476.5148290025536,4.676939999626484,0.1719920037430711,4.504947995883413,0.0024000037228688598,1.7019389997585677,0.16898399917408824,288.3059849991696,12.401421001413837,0.005663998308591545,300.8820539980661,80.94560899917269,17.280368010688107,6.048557006579358,41.958161011280026,15.092115005245432,50.60212300304556,3.4536980019765906,1.0017150052590296,0.32689898944227025,1.2748869994538836,0.24293300521094352,0.0074880008469335735,137.8732060038601,2.4443690053885803,0.18933600222226232,33.38075899955584,0.043165993702132255,6.011279998347163,5.338221999409143,0.11311499838484451,0.5599430005531758,3.885391997755505,0.6004520037095062,0.00553599966224283,2.5854499981505796,6,0,6,0,0,,,,,,,,,,,,,,
rsg_object_detection,dropped_oldest,1703,rsg_20260806_109_254900000_001703,dropped,True,fifo_cached_frame,1703,167,0,1534,167,0,1,0.0,90.27635700476822,frame_fifo_full,,,,,,,,,,,,,,,,,,,,,,,,,,,,,,,,,,,,,,,,,,,,,,,,,,,,,,,,
rsg_object_detection,dropped_oldest,1704,rsg_20260806_109_354900000_001704,dropped,True,fifo_cached_frame,1704,167,0,1535,167,0,1,0.0,104.25860399845988,frame_fifo_full,,,,,,,,,,,,,,,,,,,,,,,,,,,,,,,,,,,,,,,,,,,,,,,,,,,,,,,,
rsg_object_detection,dropped_oldest,1705,rsg_20260806_109_454899999_001705,dropped,True,fifo_cached_frame,1705,167,0,1536,167,0,1,0.0,48.13013900275109,frame_fifo_full,,,,,,,,,,,,,,,,,,,,,,,,,,,,,,,,,,,,,,,,,,,,,,,,,,,,,,,,
rsg_object_detection,dropped_oldest,1706,rsg_20260806_109_504900000_001706,dropped,True,fifo_cached_frame,1706,167,0,1537,167,0,1,0.0,50.69654999533668,frame_fifo_full,,,,,,,,,,,,,,,,,,,,,,,,,,,,,,,,,,,,,,,,,,,,,,,,,,,,,,,,
rsg_object_detection,dropped_oldest,1707,rsg_20260806_109_554900000_001707,dropped,True,fifo_cached_frame,1707,167,0,1538,167,0,1,0.0,96.38235300371889,frame_fifo_full,,,,,,,,,,,,,,,,,,,,,,,,,,,,,,,,,,,,,,,,,,,,,,,,,,,,,,,,
rsg_object_detection,dropped_oldest,1708,rsg_20260806_109_654899999_001708,dropped,True,fifo_cached_frame,1708,167,0,1539,167,0,1,0.0,63.35383300029207,frame_fifo_full,,,,,,,,,,,,,,,,,,,,,,,,,,,,,,,,,,,,,,,,,,,,,,,,,,,,,,,,
rsg_object_detection,,436,rsg_20260806_33_954880000_000436,vlm_done,,,,,,,,,,,,ok,,,,,,,,,,,,,,,,,,,,,,,,,,,,,,,,,,,,,,,,,,,rsg_obj_000035,rsg_unknown_rsg_20260806_33_954880000_000436_006_nanosam_006,,,1,0.6172891768523597,door,0.97,static,0.99,5074.983441001677,69776.96014899993,qwen_http,Qwen3-VL-8B-Instruct-GGUF
rsg_object_detection,completed,436,rsg_20260806_33_954880000_000436,,,,,,,,,,,64701.97517199995,,vlm_done,,,,,,,,,,,,,,,,,,,,,,,,,,,,,,,,,,,,,,,,,,,rsg_obj_000035,rsg_unknown_rsg_20260806_33_954880000_000436_006_nanosam_006,64,300,1,0.6172891768523597,,,,,,,,
rsg_object_detection,dropped_oldest,1709,rsg_20260806_109_704899999_001709,dropped,True,fifo_cached_frame,1709,167,0,1540,167,0,1,0.0,50.00032599491533,frame_fifo_full,,,,,,,,,,,,,,,,,,,,,,,,,,,,,,,,,,,,,,,,,,,,,,,,,,,,,,,,
rsg_object_detection,dropped_oldest,1710,rsg_20260806_109_754900000_001710,dropped,True,fifo_cached_frame,1710,167,0,1541,167,0,1,0.0,70.93652899493463,frame_fifo_full,,,,,,,,,,,,,,,,,,,,,,,,,,,,,,,,,,,,,,,,,,,,,,,,,,,,,,,,
rsg_object_detection,frame_trace,1702,rsg_20260806_109_154899999_001702,sent_to_hydra,,,,,,,,,,,692.405071000394,ok,14.900029003911186,581.1627830044017,93.93190399714513,0.12773899652529508,93.80416500061983,0.004128000000491738,2.155135000066366,0.2076379969366826,316.9310459998087,18.93904499593191,0.00768000609241426,336.0854089987697,138.51381898712134,32.536156992136966,7.8225580000435,69.11802099784836,28.33958200790221,62.38159000349697,3.2355329967685975,2.508302000933327,0.33873700886033475,1.0893910002778284,0.2324050001334399,0.0055679993238300085,208.3221759967273,2.523212999221869,0.13890599802834913,31.88837899506325,0.04956501652486622,9.15609700314235,8.50137499946868,0.10543499956838787,0.5492870041052811,5.211923999013379,0.5267919987090863,0.005216003046371043,2.406226994935423,6,0,6,0,0,,,,,,,,,,,,,,
rsg_object_detection,dequeued,451,rsg_20260806_34_904879999_000451,,,,,,,,,,,68764.66809200065,,fifo_order,,,,,,,,,,,,,,,,,,,,,,,,,,,,,,,,,,,,,,,,,,,rsg_obj_000039,rsg_unknown_rsg_20260806_34_904879999_000451_002_nanosam_001,63,300,1,0.39524837730839435,,,,,,,,
rsg_object_detection,dropped_oldest,1712,rsg_20260806_109_854900000_001712,dropped,True,fifo_cached_frame,1712,168,0,1542,168,0,1,0.0,77.94945999921765,frame_fifo_full,,,,,,,,,,,,,,,,,,,,,,,,,,,,,,,,,,,,,,,,,,,,,,,,,,,,,,,,
rsg_object_detection,dropped_oldest,1713,rsg_20260806_109_954899999_001713,dropped,True,fifo_cached_frame,1713,168,0,1543,168,0,1,0.0,49.507707997690886,frame_fifo_full,,,,,,,,,,,,,,,,,,,,,,,,,,,,,,,,,,,,,,,,,,,,,,,,,,,,,,,,
rsg_object_detection,dropped_oldest,1714,rsg_20260806_110_004900000_001714,dropped,True,fifo_cached_frame,1714,168,0,1544,168,0,1,0.0,50.208253000164405,frame_fifo_full,,,,,,,,,,,,,,,,,,,,,,,,,,,,,,,,,,,,,,,,,,,,,,,,,,,,,,,,
rsg_object_detection,dropped_oldest,1715,rsg_20260806_110_054900000_001715,dropped,True,fifo_cached_frame,1715,168,0,1545,168,0,1,0.0,51.041914004599676,frame_fifo_full,,,,,,,,,,,,,,,,,,,,,,,,,,,,,,,,,,,,,,,,,,,,,,,,,,,,,,,,
rsg_object_detection,dropped_oldest,1716,rsg_20260806_110_104900000_001716,dropped,True,fifo_cached_frame,1716,168,0,1546,168,0,1,0.0,50.27932499797316,frame_fifo_full,,,,,,,,,,,,,,,,,,,,,,,,,,,,,,,,,,,,,,,,,,,,,,,,,,,,,,,,
rsg_object_detection,dropped_oldest,1717,rsg_20260806_110_154899999_001717,dropped,True,fifo_cached_frame,1717,168,0,1547,168,0,1,0.0,96.90329600562109,frame_fifo_full,,,,,,,,,,,,,,,,,,,,,,,,,,,,,,,,,,,,,,,,,,,,,,,,,,,,,,,,
rsg_object_detection,dropped_oldest,1718,rsg_20260806_110_254900000_001718,dropped,True,fifo_cached_frame,1718,168,0,1548,168,0,1,0.0,52.11130699899513,frame_fifo_full,,,,,,,,,,,,,,,,,,,,,,,,,,,,,,,,,,,,,,,,,,,,,,,,,,,,,,,,
rsg_object_detection,dropped_oldest,1719,rsg_20260806_110_304900000_001719,dropped,True,fifo_cached_frame,1719,168,0,1549,168,0,1,0.0,71.03237100091064,frame_fifo_full,,,,,,,,,,,,,,,,,,,,,,,,,,,,,,,,,,,,,,,,,,,,,,,,,,,,,,,,
rsg_object_detection,frame_trace,1711,rsg_20260806_109_804900000_001711,sent_to_hydra,,,,,,,,,,,547.7387860009912,ok,13.754546002019197,497.4843910022173,34.05618399847299,0.12802599667338654,33.9281580017996,0.004576002538669854,2.289368996571284,0.24507699708919972,289.7356140019838,15.980684998794459,0.006911999662406743,305.96828799752984,86.4051790049416,15.773876992170699,5.322895995050203,50.45813400647603,14.254843001253903,62.270654998428654,2.681606012629345,0.6870099969091825,0.2754419911070727,1.0361130043747835,0.23822900402592495,0.0055679993238300085,153.61541799939005,2.1894049932598136,0.1338500005658716,33.250335000047926,0.037726014852523804,9.296284006268252,8.536380999430548,0.12684200191870332,0.633061004919,3.8858400002936833,0.5686459990101866,0.0037759964470751584,2.4390889957430772,6,0,6,0,0,,,,,,,,,,,,,,
rsg_object_detection,dropped_oldest,1721,rsg_20260806_110_404899999_001721,dropped,True,fifo_cached_frame,1721,169,0,1550,169,0,1,0.0,38.878273000591435,frame_fifo_full,,,,,,,,,,,,,,,,,,,,,,,,,,,,,,,,,,,,,,,,,,,,,,,,,,,,,,,,
rsg_object_detection,dropped_oldest,1722,rsg_20260806_110_454899999_001722,dropped,True,fifo_cached_frame,1722,169,0,1551,169,0,1,0.0,103.41900100320345,frame_fifo_full,,,,,,,,,,,,,,,,,,,,,,,,,,,,,,,,,,,,,,,,,,,,,,,,,,,,,,,,
rsg_object_detection,dropped_oldest,1723,rsg_20260806_110_554900000_001723,dropped,True,fifo_cached_frame,1723,169,0,1552,169,0,1,0.0,49.6103640034562,frame_fifo_full,,,,,,,,,,,,,,,,,,,,,,,,,,,,,,,,,,,,,,,,,,,,,,,,,,,,,,,,
rsg_object_detection,dropped_oldest,1724,rsg_20260806_110_604900000_001724,dropped,True,fifo_cached_frame,1724,169,0,1553,169,0,1,0.0,51.87550900154747,frame_fifo_full,,,,,,,,,,,,,,,,,,,,,,,,,,,,,,,,,,,,,,,,,,,,,,,,,,,,,,,,
rsg_object_detection,dropped_oldest,1725,rsg_20260806_110_654899999_001725,dropped,True,fifo_cached_frame,1725,169,0,1554,169,0,1,0.0,254.84520699683344,frame_fifo_full,,,,,,,,,,,,,,,,,,,,,,,,,,,,,,,,,,,,,,,,,,,,,,,,,,,,,,,,
rsg_object_detection,dropped_oldest,1726,rsg_20260806_110_754900000_001726,dropped,True,fifo_cached_frame,1726,169,0,1555,169,0,1,0.0,4.520499998761807,frame_fifo_full,,,,,,,,,,,,,,,,,,,,,,,,,,,,,,,,,,,,,,,,,,,,,,,,,,,,,,,,
rsg_object_detection,dropped_oldest,1727,rsg_20260806_110_804900000_001727,dropped,True,fifo_cached_frame,1727,169,0,1556,169,0,1,0.0,4.7813830024097115,frame_fifo_full,,,,,,,,,,,,,,,,,,,,,,,,,,,,,,,,,,,,,,,,,,,,,,,,,,,,,,,,
rsg_object_detection,dropped_oldest,1728,rsg_20260806_110_854900000_001728,dropped,True,fifo_cached_frame,1728,169,0,1557,169,0,1,0.0,6.203431003086735,frame_fifo_full,,,,,,,,,,,,,,,,,,,,,,,,,,,,,,,,,,,,,,,,,,,,,,,,,,,,,,,,
rsg_object_detection,frame_trace,1720,rsg_20260806_110_354900000_001720,sent_to_hydra,,,,,,,,,,,561.3353719963925,ok,28.623952995985746,493.8916710016201,35.979715998109896,0.16901599883567542,35.81069999927422,0.002815999323502183,6.147338004666381,0.2122149962815456,295.7056610030122,19.4995980054955,0.00723199627827853,315.42470600106753,84.73360598873114,15.947278014209587,5.055066998465918,49.77256499842042,13.418720998743083,45.3146219952032,2.941500009910669,0.446443009423092,0.6249959988053888,1.1242050022701733,0.24475700047332793,0.00662399543216452,135.4551199983689,2.3268060031114146,0.14137000107439235,34.35175800404977,0.04457298928173259,24.51565899536945,23.780364004778676,0.0891479940037243,0.6461469965870492,3.527968998241704,0.5738940017181449,0.006431000656448305,2.8372160013532266,6,0,6,0,0,,,,,,,,,,,,,,
rsg_object_detection,dropped_oldest,1730,rsg_20260806_110_954899999_001730,dropped,True,fifo_cached_frame,1730,170,0,1558,170,0,1,0.0,38.59300600015558,frame_fifo_full,,,,,,,,,,,,,,,,,,,,,,,,,,,,,,,,,,,,,,,,,,,,,,,,,,,,,,,,
rsg_object_detection,dropped_oldest,1731,rsg_20260806_111_004900000_001731,dropped,True,fifo_cached_frame,1731,170,0,1559,170,0,1,0.0,49.5631020021392,frame_fifo_full,,,,,,,,,,,,,,,,,,,,,,,,,,,,,,,,,,,,,,,,,,,,,,,,,,,,,,,,
rsg_object_detection,dropped_oldest,1732,rsg_20260806_111_054900000_001732,dropped,True,fifo_cached_frame,1732,170,0,1560,170,0,1,0.0,51.42055699980119,frame_fifo_full,,,,,,,,,,,,,,,,,,,,,,,,,,,,,,,,,,,,,,,,,,,,,,,,,,,,,,,,
rsg_object_detection,dropped_oldest,1733,rsg_20260806_111_104900000_001733,dropped,True,fifo_cached_frame,1733,170,0,1561,170,0,1,0.0,51.15887399733765,frame_fifo_full,,,,,,,,,,,,,,,,,,,,,,,,,,,,,,,,,,,,,,,,,,,,,,,,,,,,,,,,
rsg_object_detection,dropped_oldest,1734,rsg_20260806_111_154899999_001734,dropped,True,fifo_cached_frame,1734,170,0,1562,170,0,1,0.0,52.75144199549686,frame_fifo_full,,,,,,,,,,,,,,,,,,,,,,,,,,,,,,,,,,,,,,,,,,,,,,,,,,,,,,,,
rsg_object_detection,dropped_oldest,1735,rsg_20260806_111_204899999_001735,dropped,True,fifo_cached_frame,1735,170,0,1563,170,0,1,0.0,47.01022899826057,frame_fifo_full,,,,,,,,,,,,,,,,,,,,,,,,,,,,,,,,,,,,,,,,,,,,,,,,,,,,,,,,
rsg_object_detection,dropped_oldest,1736,rsg_20260806_111_254900000_001736,dropped,True,fifo_cached_frame,1736,170,0,1564,170,0,1,0.0,97.92805700271856,frame_fifo_full,,,,,,,,,,,,,,,,,,,,,,,,,,,,,,,,,,,,,,,,,,,,,,,,,,,,,,,,
rsg_object_detection,dropped_oldest,1737,rsg_20260806_111_304900000_001737,dropped,True,fifo_cached_frame,1737,170,0,1565,170,0,1,0.0,16.57438699476188,frame_fifo_full,,,,,,,,,,,,,,,,,,,,,,,,,,,,,,,,,,,,,,,,,,,,,,,,,,,,,,,,
rsg_object_detection,dropped_oldest,1738,rsg_20260806_111_354900000_001738,dropped,True,fifo_cached_frame,1738,170,0,1566,170,0,1,0.0,66.41492000198923,frame_fifo_full,,,,,,,,,,,,,,,,,,,,,,,,,,,,,,,,,,,,,,,,,,,,,,,,,,,,,,,,
rsg_object_detection,dropped_oldest,1739,rsg_20260806_111_404899999_001739,dropped,True,fifo_cached_frame,1739,170,0,1567,171,0,1,0.0,41.45915099798003,frame_fifo_full,,,,,,,,,,,,,,,,,,,,,,,,,,,,,,,,,,,,,,,,,,,,,,,,,,,,,,,,
rsg_object_detection,frame_trace,1729,rsg_20260806_110_904899999_001729,sent_to_hydra,,,,,,,,,,,524.8662360027083,ok,12.747328000841662,475.47317299904535,33.78141600114759,0.11365899990778416,33.667757001239806,0.005855996278114617,5.884470003366005,0.21749399456894025,290.69140699721174,12.93835999967996,0.005344008968677372,303.8526050004293,50.23510699538747,19.860702006553765,4.112294998776633,14.445587003137916,11.270466988207772,65.84384199959459,3.43171700660605,0.6984650026424788,0.32897599157877266,1.367106000543572,0.29560300026787445,0.009215000318363309,122.2288149947417,4.7127470024861395,0.1502330051152967,38.5949929986964,0.049309994210489094,8.32787999388529,7.618663999892306,0.13301800208864734,0.576197991904337,3.695129998959601,0.717824004823342,0.006494003173429519,2.858463005395606,7,0,7,0,0,,,,,,,,,,,,,,
rsg_object_detection,dropped_oldest,1741,rsg_20260806_111_504900000_001741,dropped,True,fifo_cached_frame,1741,171,0,1568,171,0,1,0.0,100.12290199665586,frame_fifo_full,,,,,,,,,,,,,,,,,,,,,,,,,,,,,,,,,,,,,,,,,,,,,,,,,,,,,,,,
rsg_object_detection,dropped_oldest,1742,rsg_20260806_111_604900000_001742,dropped,True,fifo_cached_frame,1742,171,0,1569,171,0,1,0.0,49.41485599556472,frame_fifo_full,,,,,,,,,,,,,,,,,,,,,,,,,,,,,,,,,,,,,,,,,,,,,,,,,,,,,,,,
rsg_object_detection,dropped_oldest,1743,rsg_20260806_111_654899999_001743,dropped,True,fifo_cached_frame,1743,171,0,1570,171,0,1,0.0,52.527451000059955,frame_fifo_full,,,,,,,,,,,,,,,,,,,,,,,,,,,,,,,,,,,,,,,,,,,,,,,,,,,,,,,,
rsg_object_detection,dropped_oldest,1744,rsg_20260806_111_704899999_001744,dropped,True,fifo_cached_frame,1744,171,0,1571,171,0,1,0.0,49.77384800440632,frame_fifo_full,,,,,,,,,,,,,,,,,,,,,,,,,,,,,,,,,,,,,,,,,,,,,,,,,,,,,,,,
rsg_object_detection,dropped_oldest,1745,rsg_20260806_111_754900000_001745,dropped,True,fifo_cached_frame,1745,171,0,1572,171,0,1,0.0,51.6839699994307,frame_fifo_full,,,,,,,,,,,,,,,,,,,,,,,,,,,,,,,,,,,,,,,,,,,,,,,,,,,,,,,,
rsg_object_detection,dropped_oldest,1746,rsg_20260806_111_804900000_001746,dropped,True,fifo_cached_frame,1746,171,0,1573,171,0,1,0.0,204.80534200032707,frame_fifo_full,,,,,,,,,,,,,,,,,,,,,,,,,,,,,,,,,,,,,,,,,,,,,,,,,,,,,,,,
rsg_object_detection,dropped_oldest,1747,rsg_20260806_111_904899999_001747,dropped,True,fifo_cached_frame,1747,171,0,1574,171,0,1,0.0,34.59677399951033,frame_fifo_full,,,,,,,,,,,,,,,,,,,,,,,,,,,,,,,,,,,,,,,,,,,,,,,,,,,,,,,,
rsg_object_detection,dropped_oldest,1748,rsg_20260806_112_004900000_001748,dropped,True,fifo_cached_frame,1748,171,0,1575,171,0,1,0.0,8.001750000403263,frame_fifo_full,,,,,,,,,,,,,,,,,,,,,,,,,,,,,,,,,,,,,,,,,,,,,,,,,,,,,,,,
rsg_object_detection,frame_trace,1740,rsg_20260806_111_454899999_001740,sent_to_hydra,,,,,,,,,,,587.866440997459,ok,15.652892994694412,565.022320006392,4.630190996977035,0.15212099970085546,4.4780699972761795,0.005120004061609507,1.922664996527601,0.22296600218396634,306.101246002072,21.892994998779614,0.008767994586378336,328.22597499762196,146.30708698678063,30.951143999118358,5.044059005740564,88.54179300396936,18.86682800250128,40.087501001835335,3.673114006232936,0.6645469984505326,0.316850004310254,1.382433001708705,0.43009300134144723,0.0055349955800920725,192.88306400267174,9.468980999372434,0.1564720005262643,32.31793299346464,0.04723001620732248,11.11802500236081,10.315373998309951,0.11762599751818925,0.6850250065326691,3.7800220015924424,0.7493099983548746,0.005535992386285216,2.5559169953339733,7,0,7,0,0,,,,,,,,,,,,,,
rsg_object_detection,dropped_oldest,1750,rsg_20260806_112_154899999_001750,dropped,True,fifo_cached_frame,1750,172,0,1576,172,0,1,0.0,90.96565799700329,frame_fifo_full,,,,,,,,,,,,,,,,,,,,,,,,,,,,,,,,,,,,,,,,,,,,,,,,,,,,,,,,
rsg_object_detection,dropped_oldest,1751,rsg_20260806_112_254900000_001751,dropped,True,fifo_cached_frame,1751,172,0,1577,172,0,1,0.0,105.75964699819451,frame_fifo_full,,,,,,,,,,,,,,,,,,,,,,,,,,,,,,,,,,,,,,,,,,,,,,,,,,,,,,,,
rsg_object_detection,dropped_oldest,1752,rsg_20260806_112_354900000_001752,dropped,True,fifo_cached_frame,1752,172,0,1578,172,0,1,0.0,99.95942800014745,frame_fifo_full,,,,,,,,,,,,,,,,,,,,,,,,,,,,,,,,,,,,,,,,,,,,,,,,,,,,,,,,
rsg_object_detection,dropped_oldest,1753,rsg_20260806_112_454899999_001753,dropped,True,fifo_cached_frame,1753,172,0,1579,172,0,1,0.0,204.00420900114113,frame_fifo_full,,,,,,,,,,,,,,,,,,,,,,,,,,,,,,,,,,,,,,,,,,,,,,,,,,,,,,,,
rsg_object_detection,dropped_oldest,1754,rsg_20260806_112_504900000_001754,dropped,True,fifo_cached_frame,1754,172,0,1580,172,0,1,0.0,3.765141998883337,frame_fifo_full,,,,,,,,,,,,,,,,,,,,,,,,,,,,,,,,,,,,,,,,,,,,,,,,,,,,,,,,
rsg_object_detection,frame_trace,1749,rsg_20260806_112_054900000_001749,sent_to_hydra,,,,,,,,,,,617.3097639984917,ok,20.78994199837325,562.8372770006536,32.05061799963005,0.13951399887446314,31.911104000755586,0.0026239940780214965,1.4505910003208555,0.2745790043263696,344.90854400064563,18.617144000018016,0.006527996447402984,363.8067950014374,121.03483000100823,17.997173010371625,6.209800005308352,76.9081179969362,19.157792987243738,32.95928199804621,4.078823003510479,1.4140159910311922,0.3267070060246624,1.4145919994916767,0.409934000344947,0.005822999810334295,161.66202200111002,13.688151004316751,0.1459139966755174,22.037374998035375,0.04642899875761941,5.585892002272885,4.879075997450855,0.10450799891259521,0.6023080059094355,14.397398997971322,0.7993880062713288,0.007262991857714951,1.6293030057568103,7,0,7,0,0,,,,,,,,,,,,,,
rsg_object_detection,dropped_oldest,1756,rsg_20260806_112_654899999_001756,dropped,True,fifo_cached_frame,1756,173,0,1581,173,0,1,0.0,22.720512002706528,frame_fifo_full,,,,,,,,,,,,,,,,,,,,,,,,,,,,,,,,,,,,,,,,,,,,,,,,,,,,,,,,
rsg_object_detection,dropped_oldest,1757,rsg_20260806_112_704899999_001757,dropped,True,fifo_cached_frame,1757,173,0,1582,173,0,1,0.0,39.9337509952602,frame_fifo_full,,,,,,,,,,,,,,,,,,,,,,,,,,,,,,,,,,,,,,,,,,,,,,,,,,,,,,,,
rsg_object_detection,dropped_oldest,1758,rsg_20260806_112_754900000_001758,dropped,True,fifo_cached_frame,1758,173,0,1583,173,0,1,0.0,50.471772003220394,frame_fifo_full,,,,,,,,,,,,,,,,,,,,,,,,,,,,,,,,,,,,,,,,,,,,,,,,,,,,,,,,
rsg_object_detection,dropped_oldest,1759,rsg_20260806_112_804900000_001759,dropped,True,fifo_cached_frame,1759,173,0,1584,173,0,1,0.0,50.13181899994379,frame_fifo_full,,,,,,,,,,,,,,,,,,,,,,,,,,,,,,,,,,,,,,,,,,,,,,,,,,,,,,,,
rsg_object_detection,dropped_oldest,1760,rsg_20260806_112_854900000_001760,dropped,True,fifo_cached_frame,1760,173,0,1585,173,0,1,0.0,52.285321995441336,frame_fifo_full,,,,,,,,,,,,,,,,,,,,,,,,,,,,,,,,,,,,,,,,,,,,,,,,,,,,,,,,
rsg_object_detection,dropped_oldest,1761,rsg_20260806_112_904899999_001761,dropped,True,fifo_cached_frame,1761,173,0,1586,173,0,1,0.0,51.57392999535659,frame_fifo_full,,,,,,,,,,,,,,,,,,,,,,,,,,,,,,,,,,,,,,,,,,,,,,,,,,,,,,,,
rsg_object_detection,dropped_oldest,1762,rsg_20260806_112_954899999_001762,dropped,True,fifo_cached_frame,1762,173,0,1587,173,0,1,0.0,46.846527002344374,frame_fifo_full,,,,,,,,,,,,,,,,,,,,,,,,,,,,,,,,,,,,,,,,,,,,,,,,,,,,,,,,
rsg_object_detection,dropped_oldest,1763,rsg_20260806_113_004900000_001763,dropped,True,fifo_cached_frame,1763,173,0,1588,173,0,1,0.0,171.03443999803858,frame_fifo_full,,,,,,,,,,,,,,,,,,,,,,,,,,,,,,,,,,,,,,,,,,,,,,,,,,,,,,,,
rsg_object_detection,dropped_oldest,1764,rsg_20260806_113_104900000_001764,dropped,True,fifo_cached_frame,1764,173,0,1589,173,0,1,0.0,3.0584859996451996,frame_fifo_full,,,,,,,,,,,,,,,,,,,,,,,,,,,,,,,,,,,,,,,,,,,,,,,,,,,,,,,,
rsg_object_detection,dropped_oldest,1765,rsg_20260806_113_154899999_001765,dropped,True,fifo_cached_frame,1765,173,0,1590,173,0,1,0.0,84.25143999920692,frame_fifo_full,,,,,,,,,,,,,,,,,,,,,,,,,,,,,,,,,,,,,,,,,,,,,,,,,,,,,,,,
rsg_object_detection,dropped_oldest,1766,rsg_20260806_113_254900000_001766,dropped,True,fifo_cached_frame,1766,173,0,1591,173,0,1,0.0,58.048778999364,frame_fifo_full,,,,,,,,,,,,,,,,,,,,,,,,,,,,,,,,,,,,,,,,,,,,,,,,,,,,,,,,
rsg_object_detection,frame_trace,1755,rsg_20260806_112_554900000_001755,sent_to_hydra,,,,,,,,,,,670.3821120026987,ok,11.87744900380494,636.5360540003167,19.724167003005277,0.1364740019198507,19.587693001085427,0.0034559998312033713,5.863159996806644,0.23870899894973263,332.64128899463685,23.3001009983127,0.007488008122891188,356.1875870000222,169.51287800475257,35.07137899578083,8.179472002666444,100.63006099517224,24.093348998576403,51.0629179989337,4.523889991105534,1.1220299929846078,0.33746001281542704,1.349028003460262,0.3949590027332306,0.004927002009935677,228.32482399826404,5.175735001103021,0.17196000408148393,40.751094005827326,0.06169399421196431,6.62696599465562,5.843257000378799,0.10060299973702058,0.683105994539801,4.538163004326634,0.7065280005917884,0.005792004230897874,2.2409859957406297,7,0,7,0,0,,,,,,,,,,,,,,
rsg_object_detection,dropped_oldest,1768,rsg_20260806_113_354900000_001768,dropped,True,fifo_cached_frame,1768,174,0,1592,174,0,1,0.0,55.5432600012864,frame_fifo_full,,,,,,,,,,,,,,,,,,,,,,,,,,,,,,,,,,,,,,,,,,,,,,,,,,,,,,,,
rsg_object_detection,dropped_oldest,1769,rsg_20260806_113_404899999_001769,dropped,True,fifo_cached_frame,1769,174,0,1593,174,0,1,0.0,37.66364799957955,frame_fifo_full,,,,,,,,,,,,,,,,,,,,,,,,,,,,,,,,,,,,,,,,,,,,,,,,,,,,,,,,
rsg_object_detection,dropped_oldest,1770,rsg_20260806_113_454899999_001770,dropped,True,fifo_cached_frame,1770,174,0,1594,174,0,1,0.0,50.507966996519826,frame_fifo_full,,,,,,,,,,,,,,,,,,,,,,,,,,,,,,,,,,,,,,,,,,,,,,,,,,,,,,,,
rsg_object_detection,dropped_oldest,1771,rsg_20260806_113_504900000_001771,dropped,True,fifo_cached_frame,1771,174,0,1595,174,0,1,0.0,106.85055000067223,frame_fifo_full,,,,,,,,,,,,,,,,,,,,,,,,,,,,,,,,,,,,,,,,,,,,,,,,,,,,,,,,
rsg_object_detection,dropped_oldest,1772,rsg_20260806_113_604900000_001772,dropped,True,fifo_cached_frame,1772,174,0,1596,174,0,1,0.0,94.52275300282054,frame_fifo_full,,,,,,,,,,,,,,,,,,,,,,,,,,,,,,,,,,,,,,,,,,,,,,,,,,,,,,,,
rsg_object_detection,dropped_oldest,1773,rsg_20260806_113_704899999_001773,dropped,True,fifo_cached_frame,1773,174,0,1597,174,0,1,0.0,57.19236900040414,frame_fifo_full,,,,,,,,,,,,,,,,,,,,,,,,,,,,,,,,,,,,,,,,,,,,,,,,,,,,,,,,
rsg_object_detection,dropped_oldest,1774,rsg_20260806_113_754900000_001774,dropped,True,fifo_cached_frame,1774,174,0,1598,174,0,1,0.0,108.52749899640912,frame_fifo_full,,,,,,,,,,,,,,,,,,,,,,,,,,,,,,,,,,,,,,,,,,,,,,,,,,,,,,,,
rsg_object_detection,frame_trace,1767,rsg_20260806_113_304900000_001767,sent_to_hydra,,,,,,,,,,,558.9362789978622,ok,12.472302994865458,508.87603600131115,35.96919700066792,0.16786400374257937,35.80133299692534,0.003263994585722685,6.077325997466687,0.40350200288230553,316.0331010003574,18.35507799842162,0.008800001523923129,334.80048100318527,87.5672900074278,17.467502002546098,16.848425999342,23.088625021046028,29.386806003458332,49.106780999863986,3.6796110071009025,0.9210450007230975,0.3711529789143242,1.4338869950734079,0.2974579983856529,0.007103997631929815,143.40157699916745,2.848064003046602,0.16152799798874184,21.533654995437246,0.053405005019158125,8.129777997964993,7.485230999009218,0.1044429955072701,0.540104003448505,3.6715469977934845,0.6653140007983893,0.005663998308591545,1.6154790064319968,7,0,7,0,0,,,,,,,,,,,,,,
rsg_object_detection,dropped_oldest,1776,rsg_20260806_113_954899999_001776,dropped,True,fifo_cached_frame,1776,175,0,1599,175,0,1,0.0,60.33910800033482,frame_fifo_full,,,,,,,,,,,,,,,,,,,,,,,,,,,,,,,,,,,,,,,,,,,,,,,,,,,,,,,,
rsg_object_detection,dropped_oldest,1777,rsg_20260806_114_004900000_001777,dropped,True,fifo_cached_frame,1777,175,0,1600,175,0,1,0.0,94.48496600089129,frame_fifo_full,,,,,,,,,,,,,,,,,,,,,,,,,,,,,,,,,,,,,,,,,,,,,,,,,,,,,,,,
rsg_object_detection,dropped_oldest,1778,rsg_20260806_114_104900000_001778,dropped,True,fifo_cached_frame,1778,175,0,1601,175,0,1,0.0,49.254810001002625,frame_fifo_full,,,,,,,,,,,,,,,,,,,,,,,,,,,,,,,,,,,,,,,,,,,,,,,,,,,,,,,,
rsg_object_detection,dropped_oldest,1779,rsg_20260806_114_154899999_001779,dropped,True,fifo_cached_frame,1779,175,0,1602,175,0,1,0.0,165.1107880024938,frame_fifo_full,,,,,,,,,,,,,,,,,,,,,,,,,,,,,,,,,,,,,,,,,,,,,,,,,,,,,,,,
rsg_object_detection,dropped_oldest,1780,rsg_20260806_114_254900000_001780,dropped,True,fifo_cached_frame,1780,175,0,1603,175,0,1,0.0,26.914693997241557,frame_fifo_full,,,,,,,,,,,,,,,,,,,,,,,,,,,,,,,,,,,,,,,,,,,,,,,,,,,,,,,,
rsg_object_detection,dropped_oldest,1781,rsg_20260806_114_304900000_001781,dropped,True,fifo_cached_frame,1781,175,0,1604,175,0,1,0.0,343.7795259960694,frame_fifo_full,,,,,,,,,,,,,,,,,,,,,,,,,,,,,,,,,,,,,,,,,,,,,,,,,,,,,,,,
rsg_object_detection,dropped_oldest,1782,rsg_20260806_114_404899999_001782,dropped,True,fifo_cached_frame,1782,175,0,1605,175,0,1,0.0,4.987551998056006,frame_fifo_full,,,,,,,,,,,,,,,,,,,,,,,,,,,,,,,,,,,,,,,,,,,,,,,,,,,,,,,,
rsg_object_detection,dropped_oldest,1783,rsg_20260806_114_454899999_001783,dropped,True,fifo_cached_frame,1783,175,0,1606,175,0,1,0.0,4.8114320015884005,frame_fifo_full,,,,,,,,,,,,,,,,,,,,,,,,,,,,,,,,,,,,,,,,,,,,,,,,,,,,,,,,
rsg_object_detection,dropped_oldest,1784,rsg_20260806_114_504900000_001784,dropped,True,fifo_cached_frame,1784,175,0,1607,175,0,1,0.0,4.169125000771601,frame_fifo_full,,,,,,,,,,,,,,,,,,,,,,,,,,,,,,,,,,,,,,,,,,,,,,,,,,,,,,,,
rsg_object_detection,dropped_oldest,1785,rsg_20260806_114_604900000_001785,dropped,True,fifo_cached_frame,1785,175,0,1608,175,0,1,0.0,4.186820005998015,frame_fifo_full,,,,,,,,,,,,,,,,,,,,,,,,,,,,,,,,,,,,,,,,,,,,,,,,,,,,,,,,
rsg_object_detection,dropped_oldest,1786,rsg_20260806_114_704899999_001786,dropped,True,fifo_cached_frame,1786,175,0,1609,175,0,1,0.0,56.391769998299424,frame_fifo_full,,,,,,,,,,,,,,,,,,,,,,,,,,,,,,,,,,,,,,,,,,,,,,,,,,,,,,,,
rsg_object_detection,frame_trace,1775,rsg_20260806_113_854900000_001775,sent_to_hydra,,,,,,,,,,,904.986513996846,ok,14.566737998393364,864.6790160055389,23.559738998301327,0.1367939985357225,23.422944999765605,0.007871996785979718,3.034104003745597,0.20770200353581458,303.46116599685047,15.919700002996251,0.006303998816292733,319.5948720021988,116.39774501236388,36.42207600933034,17.930811001861002,43.4472970009665,17.354901996441185,385.7860539937974,3.3230829940293916,0.5123930095578544,0.30139398586470634,1.2745979984174483,0.24811700131976977,0.005472000339068472,507.8644399982295,2.7908180054510012,0.12559499737108126,31.221092001942452,0.04809499660041183,10.342767003749032,9.660078001616057,0.09660299838287756,0.586086003750097,3.587902996514458,0.6312359982985072,0.004831999831367284,2.1731489978265017,7,0,7,0,0,,,,,,,,,,,,,,
rsg_object_detection,dropped_oldest,1788,rsg_20260806_114_804900000_001788,dropped,True,fifo_cached_frame,1788,176,0,1610,176,0,1,0.0,47.07282900199061,frame_fifo_full,,,,,,,,,,,,,,,,,,,,,,,,,,,,,,,,,,,,,,,,,,,,,,,,,,,,,,,,
rsg_object_detection,dropped_oldest,1789,rsg_20260806_114_854900000_001789,dropped,True,fifo_cached_frame,1789,176,0,1611,176,0,1,0.0,50.338985995040275,frame_fifo_full,,,,,,,,,,,,,,,,,,,,,,,,,,,,,,,,,,,,,,,,,,,,,,,,,,,,,,,,
rsg_object_detection,dropped_oldest,1790,rsg_20260806_114_904899999_001790,dropped,True,fifo_cached_frame,1790,176,0,1612,176,0,1,0.0,51.88269199425122,frame_fifo_full,,,,,,,,,,,,,,,,,,,,,,,,,,,,,,,,,,,,,,,,,,,,,,,,,,,,,,,,
rsg_object_detection,dropped_oldest,1791,rsg_20260806_114_954899999_001791,dropped,True,fifo_cached_frame,1791,176,0,1613,176,0,1,0.0,51.55166699842084,frame_fifo_full,,,,,,,,,,,,,,,,,,,,,,,,,,,,,,,,,,,,,,,,,,,,,,,,,,,,,,,,
rsg_object_detection,,451,rsg_20260806_34_904879999_000451,vlm_done,,,,,,,,,,,,ok,,,,,,,,,,,,,,,,,,,,,,,,,,,,,,,,,,,,,,,,,,,rsg_obj_000039,rsg_unknown_rsg_20260806_34_904879999_000451_002_nanosam_001,,,1,0.39524837730839435,ceiling_light,0.95,static,0.99,5112.889055999403,73877.55970800208,qwen_http,Qwen3-VL-8B-Instruct-GGUF
rsg_object_detection,completed,451,rsg_20260806_34_904879999_000451,,,,,,,,,,,68764.66809200065,,vlm_done,,,,,,,,,,,,,,,,,,,,,,,,,,,,,,,,,,,,,,,,,,,rsg_obj_000039,rsg_unknown_rsg_20260806_34_904879999_000451_002_nanosam_001,65,300,1,0.39524837730839435,,,,,,,,
rsg_object_detection,dropped_oldest,1792,rsg_20260806_115_004900000_001792,dropped,True,fifo_cached_frame,1792,176,0,1614,176,0,1,0.0,53.62059799517738,frame_fifo_full,,,,,,,,,,,,,,,,,,,,,,,,,,,,,,,,,,,,,,,,,,,,,,,,,,,,,,,,
rsg_object_detection,dropped_oldest,1793,rsg_20260806_115_054900000_001793,dropped,True,fifo_cached_frame,1793,176,0,1615,176,0,1,0.0,60.0296900011017,frame_fifo_full,,,,,,,,,,,,,,,,,,,,,,,,,,,,,,,,,,,,,,,,,,,,,,,,,,,,,,,,
rsg_object_detection,dequeued,572,rsg_20260806_42_104880000_000572,,,,,,,,,,,72893.21010500134,,fifo_order,,,,,,,,,,,,,,,,,,,,,,,,,,,,,,,,,,,,,,,,,,,rsg_obj_000042,rsg_unknown_rsg_20260806_42_104880000_000572_005_nanosam_007,64,300,11,0.7043561389925401,,,,,,,,
rsg_object_detection,dropped_oldest,1794,rsg_20260806_115_104900000_001794,dropped,True,fifo_cached_frame,1794,176,0,1616,176,0,1,0.0,80.3697379960795,frame_fifo_full,,,,,,,,,,,,,,,,,,,,,,,,,,,,,,,,,,,,,,,,,,,,,,,,,,,,,,,,
rsg_object_detection,dropped_oldest,1795,rsg_20260806_115_204899999_001795,dropped,True,fifo_cached_frame,1795,176,0,1617,176,0,1,0.0,65.22865800070576,frame_fifo_full,,,,,,,,,,,,,,,,,,,,,,,,,,,,,,,,,,,,,,,,,,,,,,,,,,,,,,,,
rsg_object_detection,frame_trace,1787,rsg_20260806_114_754900000_001787,sent_to_hydra,,,,,,,,,,,510.20889500068733,ok,13.512129997252487,466.0117759995046,28.206413000589237,0.1720889995340258,28.03432400105521,0.004255998646840453,2.813794002577197,0.2101659993059002,267.59066200611414,16.16033100435743,0.006303991540335119,283.9674630013178,67.17119301174534,17.494640000222716,5.868825006473344,28.689847989880946,14.436568002565764,60.40218599810032,4.0594990059616975,1.4894690029905178,0.3352809799253009,1.4701420004712418,0.3620959978434257,0.004992005415260792,135.3118170009111,5.014111004129518,0.13519400090444833,38.728725994587876,0.040670995076652616,9.442552000109572,8.815476001473144,0.08620400330983102,0.5408719953265972,3.253422000852879,0.8114520023809746,0.004703993909060955,2.474320004694164,8,0,8,0,0,,,,,,,,,,,,,,
rsg_object_detection,dropped_oldest,1797,rsg_20260806_115_354900000_001797,dropped,True,fifo_cached_frame,1797,177,0,1618,177,0,1,0.0,39.51086699817097,frame_fifo_full,,,,,,,,,,,,,,,,,,,,,,,,,,,,,,,,,,,,,,,,,,,,,,,,,,,,,,,,
rsg_object_detection,dropped_oldest,1798,rsg_20260806_115_404899999_001798,dropped,True,fifo_cached_frame,1798,177,0,1619,177,0,1,0.0,99.83715200360166,frame_fifo_full,,,,,,,,,,,,,,,,,,,,,,,,,,,,,,,,,,,,,,,,,,,,,,,,,,,,,,,,
rsg_object_detection,dropped_oldest,1799,rsg_20260806_115_504900000_001799,dropped,True,fifo_cached_frame,1799,177,0,1620,177,0,1,0.0,52.19848999695387,frame_fifo_full,,,,,,,,,,,,,,,,,,,,,,,,,,,,,,,,,,,,,,,,,,,,,,,,,,,,,,,,
rsg_object_detection,dropped_oldest,1800,rsg_20260806_115_554900000_001800,dropped,True,fifo_cached_frame,1800,177,0,1621,177,0,1,0.0,50.56435599544784,frame_fifo_full,,,,,,,,,,,,,,,,,,,,,,,,,,,,,,,,,,,,,,,,,,,,,,,,,,,,,,,,
rsg_object_detection,dropped_oldest,1801,rsg_20260806_115_604900000_001801,dropped,True,fifo_cached_frame,1801,177,0,1622,177,0,1,0.0,106.46399100369308,frame_fifo_full,,,,,,,,,,,,,,,,,,,,,,,,,,,,,,,,,,,,,,,,,,,,,,,,,,,,,,,,
rsg_object_detection,dropped_oldest,1802,rsg_20260806_115_704899999_001802,dropped,True,fifo_cached_frame,1802,177,0,1623,177,0,1,0.0,70.30785300594289,frame_fifo_full,,,,,,,,,,,,,,,,,,,,,,,,,,,,,,,,,,,,,,,,,,,,,,,,,,,,,,,,
rsg_object_detection,frame_trace,1796,rsg_20260806_115_254900000_001796,sent_to_hydra,,,,,,,,,,,524.6698359987931,ok,12.646057002712041,471.3645469964831,37.78022500046063,0.12543499906314537,37.65479000139749,0.003360000846441835,2.2133410020614974,0.18040799477603287,279.7246339978301,24.50907599995844,0.007872004061937332,304.4219899966265,52.58647401933558,17.89475300029153,4.9412810112698935,15.708319988334551,13.355943003261928,63.83115200151224,3.1816510017961264,1.0730729991337284,0.36330697912489995,1.3033970026299357,0.25762100267456844,0.005311994755174965,122.62054599705152,2.96485899889376,0.13480999768944457,38.96094000083394,0.04806100332643837,8.238638998591341,7.612554007209837,0.08921200060285628,0.5368729907786474,3.716984996572137,0.6844169984105974,0.006016009137965739,2.875646998290904,8,0,8,0,0,,,,,,,,,,,,,,
rsg_object_detection,dropped_oldest,1804,rsg_20260806_115_804900000_001804,dropped,True,fifo_cached_frame,1804,178,0,1624,178,0,1,0.0,87.14953000162495,frame_fifo_full,,,,,,,,,,,,,,,,,,,,,,,,,,,,,,,,,,,,,,,,,,,,,,,,,,,,,,,,
rsg_object_detection,dropped_oldest,1805,rsg_20260806_115_904899999_001805,dropped,True,fifo_cached_frame,1805,178,0,1625,178,0,1,0.0,91.49547899869503,frame_fifo_full,,,,,,,,,,,,,,,,,,,,,,,,,,,,,,,,,,,,,,,,,,,,,,,,,,,,,,,,
rsg_object_detection,dropped_oldest,1806,rsg_20260806_116_004900000_001806,dropped,True,fifo_cached_frame,1806,178,0,1626,178,0,1,0.0,52.71638699923642,frame_fifo_full,,,,,,,,,,,,,,,,,,,,,,,,,,,,,,,,,,,,,,,,,,,,,,,,,,,,,,,,
rsg_object_detection,dropped_oldest,1807,rsg_20260806_116_054900000_001807,dropped,True,fifo_cached_frame,1807,178,0,1627,178,0,1,0.0,50.0732760046958,frame_fifo_full,,,,,,,,,,,,,,,,,,,,,,,,,,,,,,,,,,,,,,,,,,,,,,,,,,,,,,,,
rsg_object_detection,dropped_oldest,1808,rsg_20260806_116_104900000_001808,dropped,True,fifo_cached_frame,1808,178,0,1628,178,0,1,0.0,114.07476200110978,frame_fifo_full,,,,,,,,,,,,,,,,,,,,,,,,,,,,,,,,,,,,,,,,,,,,,,,,,,,,,,,,
rsg_object_detection,dropped_oldest,1809,rsg_20260806_116_204899999_001809,dropped,True,fifo_cached_frame,1809,178,0,1629,178,0,1,0.0,33.24212699953932,frame_fifo_full,,,,,,,,,,,,,,,,,,,,,,,,,,,,,,,,,,,,,,,,,,,,,,,,,,,,,,,,
rsg_object_detection,frame_trace,1803,rsg_20260806_115_754900000_001803,sent_to_hydra,,,,,,,,,,,540.8777670018026,ok,10.047165997093543,488.2576319942018,39.7141540015582,0.12674600293394178,39.58740799862426,0.0032320022000931203,6.8954989983467385,0.22139799693832174,290.5601839956944,17.728293998516165,0.00707200524630025,308.5169479963952,62.57566400017822,20.32344099279726,4.786569006682839,17.47550501022488,19.286688999272883,60.478026993223466,3.2816459934110753,1.476734018069692,0.35053999454248697,1.3243569992482662,0.26978000096278265,0.006496004061773419,129.7847140012891,2.8393289976520464,0.1446329988539219,40.02950299764052,0.047006004024297,5.5689669970888644,4.887268994934857,0.1095629995688796,0.572135002585128,3.8347720037563704,0.6379550031851977,0.005471993063110858,2.8555830067489296,8,0,8,0,0,,,,,,,,,,,,,,
rsg_object_detection,dropped_oldest,1811,rsg_20260806_116_354900000_001811,dropped,True,fifo_cached_frame,1811,179,0,1630,179,0,1,0.0,6.248680001590401,frame_fifo_full,,,,,,,,,,,,,,,,,,,,,,,,,,,,,,,,,,,,,,,,,,,,,,,,,,,,,,,,
rsg_object_detection,dropped_oldest,1812,rsg_20260806_116_404899999_001812,dropped,True,fifo_cached_frame,1812,179,0,1631,179,0,1,0.0,24.396442997385748,frame_fifo_full,,,,,,,,,,,,,,,,,,,,,,,,,,,,,,,,,,,,,,,,,,,,,,,,,,,,,,,,
rsg_object_detection,dropped_oldest,1813,rsg_20260806_116_454899999_001813,dropped,True,fifo_cached_frame,1813,179,0,1632,179,0,1,0.0,51.18081200635061,frame_fifo_full,,,,,,,,,,,,,,,,,,,,,,,,,,,,,,,,,,,,,,,,,,,,,,,,,,,,,,,,
rsg_object_detection,dropped_oldest,1814,rsg_20260806_116_504900000_001814,dropped,True,fifo_cached_frame,1814,179,0,1633,179,0,1,0.0,50.87855300371302,frame_fifo_full,,,,,,,,,,,,,,,,,,,,,,,,,,,,,,,,,,,,,,,,,,,,,,,,,,,,,,,,
rsg_object_detection,dropped_oldest,1815,rsg_20260806_116_554900000_001815,dropped,True,fifo_cached_frame,1815,179,0,1634,179,0,1,0.0,52.00343100295868,frame_fifo_full,,,,,,,,,,,,,,,,,,,,,,,,,,,,,,,,,,,,,,,,,,,,,,,,,,,,,,,,
rsg_object_detection,dropped_oldest,1816,rsg_20260806_116_604900000_001816,dropped,True,fifo_cached_frame,1816,179,0,1635,179,0,1,0.0,98.33498700027121,frame_fifo_full,,,,,,,,,,,,,,,,,,,,,,,,,,,,,,,,,,,,,,,,,,,,,,,,,,,,,,,,
rsg_object_detection,dropped_oldest,1817,rsg_20260806_116_704899999_001817,dropped,True,fifo_cached_frame,1817,179,0,1636,179,0,1,0.0,75.38187200407265,frame_fifo_full,,,,,,,,,,,,,,,,,,,,,,,,,,,,,,,,,,,,,,,,,,,,,,,,,,,,,,,,
rsg_object_detection,dropped_oldest,1818,rsg_20260806_116_754900000_001818,dropped,True,fifo_cached_frame,1818,179,0,1637,179,0,1,0.0,27.468177999253385,frame_fifo_full,,,,,,,,,,,,,,,,,,,,,,,,,,,,,,,,,,,,,,,,,,,,,,,,,,,,,,,,
rsg_object_detection,dropped_oldest,1819,rsg_20260806_116_804900000_001819,dropped,True,fifo_cached_frame,1819,179,0,1638,179,0,1,0.0,52.13625600299565,frame_fifo_full,,,,,,,,,,,,,,,,,,,,,,,,,,,,,,,,,,,,,,,,,,,,,,,,,,,,,,,,
rsg_object_detection,frame_trace,1810,rsg_20260806_116_254900000_001810,sent_to_hydra,,,,,,,,,,,617.4167930003023,ok,17.52391899935901,494.64309200266143,102.33372099901317,0.13490600395016372,102.198814995063,0.0039040023693814874,2.177949994802475,0.20968700118828565,301.6927580029005,21.427679996122606,0.007200003892648965,323.33732500410406,68.19006601290312,20.49111499945866,11.16186900617322,19.840998007566668,15.827511990210041,49.49170299369143,4.324637004174292,5.431085992313456,0.4342839965829626,1.4365429960889742,0.467499005026184,0.00672000169288367,129.79943399841432,5.777020996902138,0.1680570057942532,33.32826699625002,0.055038006394170225,12.63693800137844,11.915498005691916,0.1089549987227656,0.612484996963758,4.0711139954510145,0.8101079947664402,0.005759007763117552,2.9121569968992844,8,0,8,0,0,,,,,,,,,,,,,,
rsg_object_detection,dropped_oldest,1821,rsg_20260806_116_904899999_001821,dropped,True,fifo_cached_frame,1821,180,0,1639,180,0,1,0.0,59.32883100467734,frame_fifo_full,,,,,,,,,,,,,,,,,,,,,,,,,,,,,,,,,,,,,,,,,,,,,,,,,,,,,,,,
rsg_object_detection,dropped_oldest,1822,rsg_20260806_116_954899999_001822,dropped,True,fifo_cached_frame,1822,180,0,1640,180,0,1,0.0,26.5394189991639,frame_fifo_full,,,,,,,,,,,,,,,,,,,,,,,,,,,,,,,,,,,,,,,,,,,,,,,,,,,,,,,,
rsg_object_detection,dropped_oldest,1823,rsg_20260806_117_004900000_001823,dropped,True,fifo_cached_frame,1823,180,0,1641,180,0,1,0.0,104.83988300256897,frame_fifo_full,,,,,,,,,,,,,,,,,,,,,,,,,,,,,,,,,,,,,,,,,,,,,,,,,,,,,,,,
rsg_object_detection,dropped_oldest,1824,rsg_20260806_117_104900000_001824,dropped,True,fifo_cached_frame,1824,180,0,1642,180,0,1,0.0,49.88279399549356,frame_fifo_full,,,,,,,,,,,,,,,,,,,,,,,,,,,,,,,,,,,,,,,,,,,,,,,,,,,,,,,,
rsg_object_detection,dropped_oldest,1825,rsg_20260806_117_154899999_001825,dropped,True,fifo_cached_frame,1825,180,0,1643,180,0,1,0.0,99.64380000019446,frame_fifo_full,,,,,,,,,,,,,,,,,,,,,,,,,,,,,,,,,,,,,,,,,,,,,,,,,,,,,,,,
rsg_object_detection,dropped_oldest,1826,rsg_20260806_117_254900000_001826,dropped,True,fifo_cached_frame,1826,180,0,1644,180,0,1,0.0,99.9366830001236,frame_fifo_full,,,,,,,,,,,,,,,,,,,,,,,,,,,,,,,,,,,,,,,,,,,,,,,,,,,,,,,,
rsg_object_detection,dropped_oldest,1827,rsg_20260806_117_354900000_001827,dropped,True,fifo_cached_frame,1827,180,0,1645,180,0,1,0.0,59.562841001024935,frame_fifo_full,,,,,,,,,,,,,,,,,,,,,,,,,,,,,,,,,,,,,,,,,,,,,,,,,,,,,,,,
rsg_object_detection,frame_trace,1820,rsg_20260806_116_854900000_001820,sent_to_hydra,,,,,,,,,,,618.5616349976044,ok,11.50623700232245,569.115561003855,36.103405996982474,0.15413700020872056,35.94926899677375,0.0033279939088970423,2.444401994580403,0.818874999822583,375.23098399833543,23.71557999867946,0.007136004569474608,399.77257500140695,84.58786600385793,20.409873010066804,5.694559993571602,33.65343900077278,23.988013999769464,44.65451600117376,4.421754987561144,1.4724779975949787,0.40919600724009797,1.6488230030518025,0.4578989974106662,0.005727997631765902,137.67934800125659,5.045245998189785,0.13225000293459743,23.993039001652505,0.048701003834139556,6.695891999697778,5.9874759972444735,0.12584999785758555,0.5825660045957193,4.039244005980436,0.7665249941055663,0.004576002538669854,1.8331030005356297,8,0,8,0,0,,,,,,,,,,,,,,
rsg_object_detection,dropped_oldest,1829,rsg_20260806_117_504900000_001829,dropped,True,fifo_cached_frame,1829,181,0,1646,181,0,1,0.0,40.801440001814626,frame_fifo_full,,,,,,,,,,,,,,,,,,,,,,,,,,,,,,,,,,,,,,,,,,,,,,,,,,,,,,,,
rsg_object_detection,dropped_oldest,1830,rsg_20260806_117_554900000_001830,dropped,True,fifo_cached_frame,1830,181,0,1647,181,0,1,0.0,59.73035299393814,frame_fifo_full,,,,,,,,,,,,,,,,,,,,,,,,,,,,,,,,,,,,,,,,,,,,,,,,,,,,,,,,
rsg_object_detection,dropped_oldest,1831,rsg_20260806_117_604900000_001831,dropped,True,fifo_cached_frame,1831,181,0,1648,181,0,1,0.0,93.11583599628648,frame_fifo_full,,,,,,,,,,,,,,,,,,,,,,,,,,,,,,,,,,,,,,,,,,,,,,,,,,,,,,,,
rsg_object_detection,dropped_oldest,1832,rsg_20260806_117_704899999_001832,dropped,True,fifo_cached_frame,1832,181,0,1649,181,0,1,0.0,51.86648100061575,frame_fifo_full,,,,,,,,,,,,,,,,,,,,,,,,,,,,,,,,,,,,,,,,,,,,,,,,,,,,,,,,
rsg_object_detection,dropped_oldest,1833,rsg_20260806_117_754900000_001833,dropped,True,fifo_cached_frame,1833,181,0,1650,181,0,1,0.0,50.452592004148755,frame_fifo_full,,,,,,,,,,,,,,,,,,,,,,,,,,,,,,,,,,,,,,,,,,,,,,,,,,,,,,,,
rsg_object_detection,dropped_oldest,1834,rsg_20260806_117_804900000_001834,dropped,True,fifo_cached_frame,1834,181,0,1651,181,0,1,0.0,104.8873729960178,frame_fifo_full,,,,,,,,,,,,,,,,,,,,,,,,,,,,,,,,,,,,,,,,,,,,,,,,,,,,,,,,
rsg_object_detection,dropped_oldest,1835,rsg_20260806_117_904899999_001835,dropped,True,fifo_cached_frame,1835,181,0,1652,181,0,1,0.0,120.03220100450562,frame_fifo_full,,,,,,,,,,,,,,,,,,,,,,,,,,,,,,,,,,,,,,,,,,,,,,,,,,,,,,,,
rsg_object_detection,dropped_oldest,1836,rsg_20260806_118_004900000_001836,dropped,True,fifo_cached_frame,1836,181,0,1653,182,0,1,0.0,35.262199002318084,frame_fifo_full,,,,,,,,,,,,,,,,,,,,,,,,,,,,,,,,,,,,,,,,,,,,,,,,,,,,,,,,
rsg_object_detection,frame_trace,1828,rsg_20260806_117_404899999_001828,sent_to_hydra,,,,,,,,,,,627.6776919985423,ok,16.245610000623856,527.1444590034662,81.913201000134,0.13593000039691105,81.77727099973708,0.003102999471593648,1.6891089981072582,0.22066200472181663,355.05317900242517,21.524765994399786,0.0075830030255019665,376.8061900045723,54.233255999861285,17.82832300523296,3.5782699851552024,18.99623899225844,12.903774993901607,46.535487002984155,3.891727996233385,1.1075990114477463,0.35345598735148087,1.4383359957719222,0.5533189978450537,0.0055679993238300085,108.1345880011213,5.85407399921678,0.17506400035927072,34.44172399758827,0.04371000250102952,10.051007004221901,9.32476700108964,0.09999600297305733,0.626244000159204,5.503561995283235,0.6860180001240224,0.005023000994697213,2.3713189948466606,8,0,8,0,0,,,,,,,,,,,,,,
rsg_object_detection,dropped_oldest,1838,rsg_20260806_118_104900000_001838,dropped,True,fifo_cached_frame,1838,182,0,1654,182,0,1,0.0,48.686433998227585,frame_fifo_full,,,,,,,,,,,,,,,,,,,,,,,,,,,,,,,,,,,,,,,,,,,,,,,,,,,,,,,,
rsg_object_detection,dropped_oldest,1839,rsg_20260806_118_154899999_001839,dropped,True,fifo_cached_frame,1839,182,0,1655,182,0,1,0.0,49.942409998038784,frame_fifo_full,,,,,,,,,,,,,,,,,,,,,,,,,,,,,,,,,,,,,,,,,,,,,,,,,,,,,,,,
rsg_object_detection,dropped_oldest,1840,rsg_20260806_118_204899999_001840,dropped,True,fifo_cached_frame,1840,182,0,1656,182,0,1,0.0,52.49483999796212,frame_fifo_full,,,,,,,,,,,,,,,,,,,,,,,,,,,,,,,,,,,,,,,,,,,,,,,,,,,,,,,,
rsg_object_detection,dropped_oldest,1841,rsg_20260806_118_254900000_001841,dropped,True,fifo_cached_frame,1841,182,0,1657,182,0,1,0.0,49.17518100410234,frame_fifo_full,,,,,,,,,,,,,,,,,,,,,,,,,,,,,,,,,,,,,,,,,,,,,,,,,,,,,,,,
rsg_object_detection,dropped_oldest,1842,rsg_20260806_118_304900000_001842,dropped,True,fifo_cached_frame,1842,182,0,1658,182,0,1,0.0,50.4792509964318,frame_fifo_full,,,,,,,,,,,,,,,,,,,,,,,,,,,,,,,,,,,,,,,,,,,,,,,,,,,,,,,,
rsg_object_detection,dropped_oldest,1843,rsg_20260806_118_354900000_001843,dropped,True,fifo_cached_frame,1843,182,0,1659,182,0,1,0.0,49.87425400031498,frame_fifo_full,,,,,,,,,,,,,,,,,,,,,,,,,,,,,,,,,,,,,,,,,,,,,,,,,,,,,,,,
rsg_object_detection,dropped_oldest,1844,rsg_20260806_118_404899999_001844,dropped,True,fifo_cached_frame,1844,182,0,1660,182,0,1,0.0,119.39105299825314,frame_fifo_full,,,,,,,,,,,,,,,,,,,,,,,,,,,,,,,,,,,,,,,,,,,,,,,,,,,,,,,,
rsg_object_detection,dropped_oldest,1845,rsg_20260806_118_504900000_001845,dropped,True,fifo_cached_frame,1845,182,0,1661,182,0,1,0.0,27.31321299506817,frame_fifo_full,,,,,,,,,,,,,,,,,,,,,,,,,,,,,,,,,,,,,,,,,,,,,,,,,,,,,,,,
rsg_object_detection,frame_trace,1837,rsg_20260806_118_054900000_001837,sent_to_hydra,,,,,,,,,,,567.6045799991698,ok,10.448205001011956,550.4152670037001,4.249411002092529,0.14879399532219395,4.100617006770335,0.0031040035537444055,3.008473002410028,0.18104800255969167,370.4172229990945,18.500262005545665,0.0064639971242286265,389.1049970043241,63.63008901826106,15.473132996703498,20.731588010676205,14.161509010591544,12.713641990558244,51.15957200177945,3.608254002756439,0.7534060132456943,0.3420639695832506,1.5841860004002228,0.318801001412794,0.008448005246464163,121.42693100031465,3.094965999480337,0.1927920020534657,33.53725499619031,0.0498529989272356,5.950806000328157,5.242901002930012,0.10876300075324252,0.599141996644903,3.7695600040024146,0.7230079936562106,0.004831003025174141,2.4885929888114333,8,0,8,0,0,,,,,,,,,,,,,,
rsg_object_detection,dropped_oldest,1846,rsg_20260806_118_554900000_001846,dropped,True,fifo_cached_frame,1846,182,0,1662,183,0,1,0.0,112.07064500194974,frame_fifo_full,,,,,,,,,,,,,,,,,,,,,,,,,,,,,,,,,,,,,,,,,,,,,,,,,,,,,,,,
rsg_object_detection,dropped_oldest,1848,rsg_20260806_118_754900000_001848,dropped,True,fifo_cached_frame,1848,183,0,1663,183,0,1,0.0,69.06162099767243,frame_fifo_full,,,,,,,,,,,,,,,,,,,,,,,,,,,,,,,,,,,,,,,,,,,,,,,,,,,,,,,,
rsg_object_detection,dropped_oldest,1849,rsg_20260806_118_804900000_001849,dropped,True,fifo_cached_frame,1849,183,0,1664,183,0,1,0.0,82.56700199854095,frame_fifo_full,,,,,,,,,,,,,,,,,,,,,,,,,,,,,,,,,,,,,,,,,,,,,,,,,,,,,,,,
rsg_object_detection,dropped_oldest,1850,rsg_20260806_118_904899999_001850,dropped,True,fifo_cached_frame,1850,183,0,1665,183,0,1,0.0,49.23463399609318,frame_fifo_full,,,,,,,,,,,,,,,,,,,,,,,,,,,,,,,,,,,,,,,,,,,,,,,,,,,,,,,,
rsg_object_detection,dropped_oldest,1851,rsg_20260806_118_954899999_001851,dropped,True,fifo_cached_frame,1851,183,0,1666,183,0,1,0.0,80.72417200310156,frame_fifo_full,,,,,,,,,,,,,,,,,,,,,,,,,,,,,,,,,,,,,,,,,,,,,,,,,,,,,,,,
rsg_object_detection,dropped_oldest,1852,rsg_20260806_119_004900000_001852,dropped,True,fifo_cached_frame,1852,183,0,1667,183,0,1,0.0,98.57166899746517,frame_fifo_full,,,,,,,,,,,,,,,,,,,,,,,,,,,,,,,,,,,,,,,,,,,,,,,,,,,,,,,,
rsg_object_detection,dropped_oldest,1853,rsg_20260806_119_104900000_001853,dropped,True,fifo_cached_frame,1853,183,0,1668,183,0,1,0.0,19.791917999100406,frame_fifo_full,,,,,,,,,,,,,,,,,,,,,,,,,,,,,,,,,,,,,,,,,,,,,,,,,,,,,,,,
rsg_object_detection,frame_trace,1847,rsg_20260806_118_654899999_001847,sent_to_hydra,,,,,,,,,,,542.2616259966162,ok,9.970435996365268,527.8450210025767,1.557178002258297,0.16514400340383872,1.3920339988544583,0.0032959942473098636,2.099585995892994,0.21403899881988764,298.1342429993674,15.782367998326663,0.006750000466126949,314.1373999969801,101.47483200125862,22.412279991840478,8.071831005509011,56.217393997940235,14.056652995350305,59.193042005063035,4.104906016436871,6.362500003888272,0.4031479693367146,2.174622997699771,0.2801160007948056,0.007455004379153252,174.02417300036177,2.943837003840599,0.14546499733114615,34.44672100158641,0.04783900658367202,5.777054000645876,5.157530002179556,0.08889200398698449,0.5306319944793358,3.496165001706686,0.6920020023244433,0.005214991688262671,2.885695001168642,8,0,8,0,0,,,,,,,,,,,,,,
rsg_object_detection,dropped_oldest,1855,rsg_20260806_119_254900000_001855,dropped,True,fifo_cached_frame,1855,184,0,1669,184,0,1,0.0,58.67191300058039,frame_fifo_full,,,,,,,,,,,,,,,,,,,,,,,,,,,,,,,,,,,,,,,,,,,,,,,,,,,,,,,,
rsg_object_detection,dropped_oldest,1856,rsg_20260806_119_304900000_001856,dropped,True,fifo_cached_frame,1856,184,0,1670,184,0,1,0.0,38.32184400380356,frame_fifo_full,,,,,,,,,,,,,,,,,,,,,,,,,,,,,,,,,,,,,,,,,,,,,,,,,,,,,,,,
rsg_object_detection,dropped_oldest,1857,rsg_20260806_119_354900000_001857,dropped,True,fifo_cached_frame,1857,184,0,1671,184,0,1,0.0,51.79730700183427,frame_fifo_full,,,,,,,,,,,,,,,,,,,,,,,,,,,,,,,,,,,,,,,,,,,,,,,,,,,,,,,,
rsg_object_detection,dropped_oldest,1858,rsg_20260806_119_404899999_001858,dropped,True,fifo_cached_frame,1858,184,0,1672,184,0,1,0.0,99.31538099772297,frame_fifo_full,,,,,,,,,,,,,,,,,,,,,,,,,,,,,,,,,,,,,,,,,,,,,,,,,,,,,,,,
rsg_object_detection,dropped_oldest,1859,rsg_20260806_119_504900000_001859,dropped,True,fifo_cached_frame,1859,184,0,1673,184,0,1,0.0,60.66484799521277,frame_fifo_full,,,,,,,,,,,,,,,,,,,,,,,,,,,,,,,,,,,,,,,,,,,,,,,,,,,,,,,,
rsg_object_detection,dropped_oldest,1860,rsg_20260806_119_554900000_001860,dropped,True,fifo_cached_frame,1860,184,0,1674,184,0,1,0.0,116.29312000150094,frame_fifo_full,,,,,,,,,,,,,,,,,,,,,,,,,,,,,,,,,,,,,,,,,,,,,,,,,,,,,,,,
rsg_object_detection,frame_trace,1854,rsg_20260806_119_154899999_001854,sent_to_hydra,,,,,,,,,,,538.0721139954403,ok,14.39663899509469,440.7948820007732,80.32905899744947,0.13519400090444833,80.19386499654502,0.00204800016945228,1.1153100058436394,0.19605499983299524,290.46887799631804,13.921331003075466,0.007424001523759216,304.59368800075026,39.46422501030611,16.73413201206131,3.397352986212354,4.577172017889097,14.137864993244875,45.72336999990512,3.230896996683441,1.7107060193666257,0.3853279704344459,4.101865000848193,0.3995020015281625,0.006335998477879912,95.0427080024383,5.107419994601514,0.12530700041679665,34.763346004183404,0.047102992539294064,9.584788997017313,8.918194995203521,0.10117900092154741,0.5654150008922443,4.063435000716709,0.7423350034514442,0.006079993909224868,2.5494860019534826,8,0,8,0,0,,,,,,,,,,,,,,
rsg_object_detection,dropped_oldest,1862,rsg_20260806_119_754900000_001862,dropped,True,fifo_cached_frame,1862,185,0,1675,185,0,1,0.0,49.63564399804454,frame_fifo_full,,,,,,,,,,,,,,,,,,,,,,,,,,,,,,,,,,,,,,,,,,,,,,,,,,,,,,,,
rsg_object_detection,dropped_oldest,1863,rsg_20260806_119_804900000_001863,dropped,True,fifo_cached_frame,1863,185,0,1676,185,0,1,0.0,39.70232700521592,frame_fifo_full,,,,,,,,,,,,,,,,,,,,,,,,,,,,,,,,,,,,,,,,,,,,,,,,,,,,,,,,
rsg_object_detection,dropped_oldest,1864,rsg_20260806_119_854900000_001864,dropped,True,fifo_cached_frame,1864,185,0,1677,185,0,1,0.0,51.15199199644849,frame_fifo_full,,,,,,,,,,,,,,,,,,,,,,,,,,,,,,,,,,,,,,,,,,,,,,,,,,,,,,,,
rsg_object_detection,dropped_oldest,1865,rsg_20260806_119_904899999_001865,dropped,True,fifo_cached_frame,1865,185,0,1678,185,0,1,0.0,102.19483800028684,frame_fifo_full,,,,,,,,,,,,,,,,,,,,,,,,,,,,,,,,,,,,,,,,,,,,,,,,,,,,,,,,
rsg_object_detection,dropped_oldest,1866,rsg_20260806_120_004900000_001866,dropped,True,fifo_cached_frame,1866,185,0,1679,185,0,1,0.0,49.290570997982286,frame_fifo_full,,,,,,,,,,,,,,,,,,,,,,,,,,,,,,,,,,,,,,,,,,,,,,,,,,,,,,,,
rsg_object_detection,dropped_oldest,1867,rsg_20260806_120_054900000_001867,dropped,True,fifo_cached_frame,1867,185,0,1680,185,0,1,0.0,129.69342900032643,frame_fifo_full,,,,,,,,,,,,,,,,,,,,,,,,,,,,,,,,,,,,,,,,,,,,,,,,,,,,,,,,
rsg_object_detection,frame_trace,1861,rsg_20260806_119_654899999_001861,sent_to_hydra,,,,,,,,,,,519.8950789999799,ok,11.23562800057698,471.7328080005245,34.24682599870721,0.14181799633661285,34.105008002370596,0.0023039974621497095,2.6602979996823706,0.22526999964611605,315.58430299628526,17.664876002527308,0.007104004907887429,333.48155300336657,38.65450301236706,21.451525994052645,2.9412779986159876,3.9947019977262244,9.558198005834129,46.56407199945534,3.961743008403573,0.9738450025906786,0.38404697261285037,1.5033250019769184,0.3175210003973916,0.00723199627827853,92.3887199969613,4.586388000461739,0.19141499797115102,38.375733005523216,0.04870099655818194,6.799344999308232,6.245481999940239,0.09250799485016614,0.4613550045178272,3.7384899987955578,0.6924170011188835,0.005376001354306936,2.67751300270902,8,0,8,0,0,,,,,,,,,,,,,,
rsg_object_detection,dropped_oldest,1869,rsg_20260806_120_254900000_001869,dropped,True,fifo_cached_frame,1869,186,0,1681,186,0,1,0.0,95.886133996828,frame_fifo_full,,,,,,,,,,,,,,,,,,,,,,,,,,,,,,,,,,,,,,,,,,,,,,,,,,,,,,,,
rsg_object_detection,dropped_oldest,1870,rsg_20260806_120_354900000_001870,dropped,True,fifo_cached_frame,1870,186,0,1682,186,0,1,0.0,103.46605200174963,frame_fifo_full,,,,,,,,,,,,,,,,,,,,,,,,,,,,,,,,,,,,,,,,,,,,,,,,,,,,,,,,
rsg_object_detection,,572,rsg_20260806_42_104880000_000572,vlm_failed,,,,,,,,,,,,"{""label"":""unknown_object"",""label_confidence"":0.0,""mobility_class"":""unknown"",""mobility_confidence"":0.0}",,,,,,,,,,,,,,,,,,,,,,,,,,,,,,,,,,,,,,,,,,,rsg_obj_000042,rsg_unknown_rsg_20260806_42_104880000_000572_005_nanosam_007,,,11,0.7043561389925401,unknown_object,0.0,unknown,0.0,5330.2103860041825,78223.4229550013,qwen_http,Qwen3-VL-8B-Instruct-GGUF
rsg_object_detection,completed,572,rsg_20260806_42_104880000_000572,,,,,,,,,,,72893.21010500134,,vlm_failed,,,,,,,,,,,,,,,,,,,,,,,,,,,,,,,,,,,,,,,,,,,rsg_obj_000042,rsg_unknown_rsg_20260806_42_104880000_000572_005_nanosam_007,68,300,11,0.7043561389925401,,,,,,,,
rsg_object_detection,dropped_oldest,1871,rsg_20260806_120_454899999_001871,dropped,True,fifo_cached_frame,1871,186,0,1683,186,0,1,0.0,62.04875899857143,frame_fifo_full,,,,,,,,,,,,,,,,,,,,,,,,,,,,,,,,,,,,,,,,,,,,,,,,,,,,,,,,
rsg_object_detection,dropped_oldest,1872,rsg_20260806_120_504900000_001872,dropped,True,fifo_cached_frame,1872,186,0,1684,186,0,1,0.0,35.3706819951185,frame_fifo_full,,,,,,,,,,,,,,,,,,,,,,,,,,,,,,,,,,,,,,,,,,,,,,,,,,,,,,,,
rsg_object_detection,dequeued,526,rsg_20260806_39_204880000_000526,,,,,,,,,,,78238.69624899817,,fifo_order,,,,,,,,,,,,,,,,,,,,,,,,,,,,,,,,,,,,,,,,,,,rsg_obj_000045,rsg_unknown_rsg_20260806_39_204880000_000526_005_nanosam_001,67,300,6,0.638805828643959,,,,,,,,
rsg_object_detection,dropped_oldest,1873,rsg_20260806_120_554900000_001873,dropped,True,fifo_cached_frame,1873,186,0,1685,186,0,1,0.0,80.33927299402421,frame_fifo_full,,,,,,,,,,,,,,,,,,,,,,,,,,,,,,,,,,,,,,,,,,,,,,,,,,,,,,,,
rsg_object_detection,frame_trace,1868,rsg_20260806_120_154899999_001868,sent_to_hydra,,,,,,,,,,,543.162071997358,ok,10.18988299620105,491.58353399980115,38.87635099817999,0.1717369959806092,38.70461400219938,0.0046720015234313905,0.9998269961215556,0.20453500474104658,284.0807989996392,23.777565998898353,0.007103997631929815,308.07000400091056,61.986874003196135,19.36732998728985,9.117931011132896,17.4291750008706,15.380147997348104,73.40543699683622,3.8230610080063343,1.2463449966162443,0.33089800126617774,1.369923003949225,0.6930890012881719,0.005759997293353081,142.87722700100858,4.477880000195,0.13263399887364358,34.978539995790925,0.047422006900887936,5.495755998708773,4.8945659946184605,0.09372299973620102,0.5074670043541119,3.8803710049251094,0.8078999962890521,0.005855996278114617,2.5076320016523823,8,0,8,0,0,,,,,,,,,,,,,,
rsg_object_detection,dropped_oldest,1875,rsg_20260806_120_654899999_001875,dropped,True,fifo_cached_frame,1875,187,0,1686,187,0,1,0.0,18.000479001784697,frame_fifo_full,,,,,,,,,,,,,,,,,,,,,,,,,,,,,,,,,,,,,,,,,,,,,,,,,,,,,,,,
rsg_object_detection,dropped_oldest,1876,rsg_20260806_120_754900000_001876,dropped,True,fifo_cached_frame,1876,187,0,1687,187,0,1,0.0,21.84049999777926,frame_fifo_full,,,,,,,,,,,,,,,,,,,,,,,,,,,,,,,,,,,,,,,,,,,,,,,,,,,,,,,,
rsg_object_detection,dropped_oldest,1877,rsg_20260806_120_804900000_001877,dropped,True,fifo_cached_frame,1877,187,0,1688,187,0,1,0.0,99.95721599989338,frame_fifo_full,,,,,,,,,,,,,,,,,,,,,,,,,,,,,,,,,,,,,,,,,,,,,,,,,,,,,,,,
rsg_object_detection,dropped_oldest,1878,rsg_20260806_120_904899999_001878,dropped,True,fifo_cached_frame,1878,187,0,1689,187,0,1,0.0,110.89212200022303,frame_fifo_full,,,,,,,,,,,,,,,,,,,,,,,,,,,,,,,,,,,,,,,,,,,,,,,,,,,,,,,,
rsg_object_detection,dropped_oldest,1879,rsg_20260806_121_004900000_001879,dropped,True,fifo_cached_frame,1879,187,0,1690,187,0,1,0.0,41.57450200000312,frame_fifo_full,,,,,,,,,,,,,,,,,,,,,,,,,,,,,,,,,,,,,,,,,,,,,,,,,,,,,,,,
rsg_object_detection,dropped_oldest,1880,rsg_20260806_121_054900000_001880,dropped,True,fifo_cached_frame,1880,187,0,1691,187,0,1,0.0,162.40126499906182,frame_fifo_full,,,,,,,,,,,,,,,,,,,,,,,,,,,,,,,,,,,,,,,,,,,,,,,,,,,,,,,,
rsg_object_detection,dropped_oldest,1881,rsg_20260806_121_154899999_001881,dropped,True,fifo_cached_frame,1881,187,0,1692,187,0,1,0.0,10.137245997611899,frame_fifo_full,,,,,,,,,,,,,,,,,,,,,,,,,,,,,,,,,,,,,,,,,,,,,,,,,,,,,,,,
rsg_object_detection,frame_trace,1874,rsg_20260806_120_604900000_001874,sent_to_hydra,,,,,,,,,,,655.3692550005508,ok,10.523724995437078,525.4714190014056,116.81237000448164,0.12617000174941495,116.68620000273222,0.0036479978007264435,2.611084004456643,0.17871199815999717,342.49116299906746,20.72695099923294,0.005056004738435149,363.4018820011988,55.608249007491395,16.873679996933788,4.1114319828921,21.58873800362926,12.359799991827458,59.36808299884433,3.331435007567052,1.0219070027233101,0.3695199775393121,1.4062409973121248,0.254868995398283,0.005823996616527438,121.38440000126138,4.444922000402585,0.14757800090592355,33.43806699558627,0.043485997593961656,5.645956996886525,4.946916000335477,0.0981070043053478,0.6009339922457002,4.182695003692061,0.6903380053699948,0.0047349894884973764,2.558093001425732,8,0,8,0,0,,,,,,,,,,,,,,
rsg_object_detection,dropped_oldest,1883,rsg_20260806_121_304900000_001883,dropped,True,fifo_cached_frame,1883,188,0,1693,188,0,1,0.0,83.52508999814745,frame_fifo_full,,,,,,,,,,,,,,,,,,,,,,,,,,,,,,,,,,,,,,,,,,,,,,,,,,,,,,,,
rsg_object_detection,dropped_oldest,1884,rsg_20260806_121_404899999_001884,dropped,True,fifo_cached_frame,1884,188,0,1694,188,0,1,0.0,53.73012599739013,frame_fifo_full,,,,,,,,,,,,,,,,,,,,,,,,,,,,,,,,,,,,,,,,,,,,,,,,,,,,,,,,
rsg_object_detection,dropped_oldest,1885,rsg_20260806_121_454899999_001885,dropped,True,fifo_cached_frame,1885,188,0,1695,188,0,1,0.0,97.0541200003936,frame_fifo_full,,,,,,,,,,,,,,,,,,,,,,,,,,,,,,,,,,,,,,,,,,,,,,,,,,,,,,,,
rsg_object_detection,dropped_oldest,1886,rsg_20260806_121_554900000_001886,dropped,True,fifo_cached_frame,1886,188,0,1696,188,0,1,0.0,50.581944997247774,frame_fifo_full,,,,,,,,,,,,,,,,,,,,,,,,,,,,,,,,,,,,,,,,,,,,,,,,,,,,,,,,
rsg_object_detection,dropped_oldest,1887,rsg_20260806_121_604900000_001887,dropped,True,fifo_cached_frame,1887,188,0,1697,188,0,1,0.0,52.05039199790917,frame_fifo_full,,,,,,,,,,,,,,,,,,,,,,,,,,,,,,,,,,,,,,,,,,,,,,,,,,,,,,,,
rsg_object_detection,dropped_oldest,1888,rsg_20260806_121_654899999_001888,dropped,True,fifo_cached_frame,1888,188,0,1698,188,0,1,0.0,65.42858200555202,frame_fifo_full,,,,,,,,,,,,,,,,,,,,,,,,,,,,,,,,,,,,,,,,,,,,,,,,,,,,,,,,
rsg_object_detection,dropped_oldest,1889,rsg_20260806_121_704899999_001889,dropped,True,fifo_cached_frame,1889,188,0,1699,188,0,1,0.0,83.02594399719965,frame_fifo_full,,,,,,,,,,,,,,,,,,,,,,,,,,,,,,,,,,,,,,,,,,,,,,,,,,,,,,,,
rsg_object_detection,dropped_oldest,1890,rsg_20260806_121_804900000_001890,dropped,True,fifo_cached_frame,1890,188,0,1700,188,0,1,0.0,52.679034997709095,frame_fifo_full,,,,,,,,,,,,,,,,,,,,,,,,,,,,,,,,,,,,,,,,,,,,,,,,,,,,,,,,
rsg_object_detection,frame_trace,1882,rsg_20260806_121_204899999_001882,sent_to_hydra,,,,,,,,,,,639.0483479990507,ok,14.310661004856229,532.6994080023724,88.11589299875777,0.14165799802867696,87.9742350007291,0.00348799949279055,5.716258005122654,0.20559099357342348,297.59289199864725,18.848027000785805,0.005984002200420946,316.6524939952069,86.47625400772085,27.649520998238586,9.43270098650828,34.964044993103016,13.324816995009314,71.12941699597286,3.8359879836207256,4.641620005713776,0.3698390064528212,1.4648950018454343,0.4863460053456947,0.00518399610882625,168.43536600208608,6.375621000188403,0.13807399955112487,35.33353400416672,0.04806099605048075,9.697649998997804,9.050157997990027,0.09237999620381743,0.5551120048039593,3.8753469998482615,0.7328319989028387,0.004832007107324898,3.9188979935715906,8,0,8,0,0,,,,,,,,,,,,,,
rsg_object_detection,dropped_oldest,1892,rsg_20260806_121_904899999_001892,dropped,True,fifo_cached_frame,1892,189,0,1701,189,0,1,0.0,49.94757300300989,frame_fifo_full,,,,,,,,,,,,,,,,,,,,,,,,,,,,,,,,,,,,,,,,,,,,,,,,,,,,,,,,
rsg_object_detection,dropped_oldest,1893,rsg_20260806_121_954899999_001893,dropped,True,fifo_cached_frame,1893,189,0,1702,189,0,1,0.0,103.32888200355228,frame_fifo_full,,,,,,,,,,,,,,,,,,,,,,,,,,,,,,,,,,,,,,,,,,,,,,,,,,,,,,,,
rsg_object_detection,dropped_oldest,1894,rsg_20260806_122_054900000_001894,dropped,True,fifo_cached_frame,1894,189,0,1703,189,0,1,0.0,100.28079999756301,frame_fifo_full,,,,,,,,,,,,,,,,,,,,,,,,,,,,,,,,,,,,,,,,,,,,,,,,,,,,,,,,
rsg_object_detection,dropped_oldest,1895,rsg_20260806_122_154899999_001895,dropped,True,fifo_cached_frame,1895,189,0,1704,189,0,1,0.0,137.39592199999606,frame_fifo_full,,,,,,,,,,,,,,,,,,,,,,,,,,,,,,,,,,,,,,,,,,,,,,,,,,,,,,,,
rsg_object_detection,dropped_oldest,1896,rsg_20260806_122_254900000_001896,dropped,True,fifo_cached_frame,1896,189,0,1705,189,0,1,0.0,23.981272999662906,frame_fifo_full,,,,,,,,,,,,,,,,,,,,,,,,,,,,,,,,,,,,,,,,,,,,,,,,,,,,,,,,
rsg_object_detection,dropped_oldest,1897,rsg_20260806_122_304900000_001897,dropped,True,fifo_cached_frame,1897,189,0,1706,189,0,1,0.0,71.19482599955518,frame_fifo_full,,,,,,,,,,,,,,,,,,,,,,,,,,,,,,,,,,,,,,,,,,,,,,,,,,,,,,,,
rsg_object_detection,dropped_oldest,1898,rsg_20260806_122_354900000_001898,dropped,True,fifo_cached_frame,1898,189,0,1707,190,0,1,0.0,40.34173100080807,frame_fifo_full,,,,,,,,,,,,,,,,,,,,,,,,,,,,,,,,,,,,,,,,,,,,,,,,,,,,,,,,
rsg_object_detection,frame_trace,1891,rsg_20260806_121_854900000_001891,sent_to_hydra,,,,,,,,,,,546.4247760028229,ok,17.726605998177547,488.61662200215505,36.745376004546415,0.13573800242738798,36.60963800211903,0.00390299828723073,3.0483439986710437,0.2473170025041327,293.0955970005016,17.34076700086007,0.007199996616691351,310.6908810004825,54.230906986049376,16.816981995361857,4.413854003360029,20.102725000469945,12.100360007025301,65.99633699806873,4.142917998251505,1.8344799900660291,0.39070402999641374,1.4338239998323843,0.5613829998765141,0.005951995262876153,128.6155760026304,7.254397998622153,0.1768240035744384,38.78551199886715,0.04508699930738658,12.725098997179884,12.017451001156587,0.09420399874215946,0.6134439972811379,4.253572005836759,0.7423669958370738,0.0055679993238300085,3.3322689996566623,8,0,8,0,0,,,,,,,,,,,,,,
rsg_object_detection,dropped_oldest,1900,rsg_20260806_122_454899999_001900,dropped,True,fifo_cached_frame,1900,190,0,1708,190,0,1,0.0,85.00198999536224,frame_fifo_full,,,,,,,,,,,,,,,,,,,,,,,,,,,,,,,,,,,,,,,,,,,,,,,,,,,,,,,,
rsg_object_detection,dropped_oldest,1901,rsg_20260806_122_554900000_001901,dropped,True,fifo_cached_frame,1901,190,0,1709,190,0,1,0.0,52.17438999534352,frame_fifo_full,,,,,,,,,,,,,,,,,,,,,,,,,,,,,,,,,,,,,,,,,,,,,,,,,,,,,,,,
rsg_object_detection,dropped_oldest,1902,rsg_20260806_122_604900000_001902,dropped,True,fifo_cached_frame,1902,190,0,1710,190,0,1,0.0,100.98073800327256,frame_fifo_full,,,,,,,,,,,,,,,,,,,,,,,,,,,,,,,,,,,,,,,,,,,,,,,,,,,,,,,,
rsg_object_detection,dropped_oldest,1903,rsg_20260806_122_704899999_001903,dropped,True,fifo_cached_frame,1903,190,0,1711,190,0,1,0.0,46.65149899665266,frame_fifo_full,,,,,,,,,,,,,,,,,,,,,,,,,,,,,,,,,,,,,,,,,,,,,,,,,,,,,,,,
rsg_object_detection,dropped_oldest,1904,rsg_20260806_122_754900000_001904,dropped,True,fifo_cached_frame,1904,190,0,1712,190,0,1,0.0,99.67110000434332,frame_fifo_full,,,,,,,,,,,,,,,,,,,,,,,,,,,,,,,,,,,,,,,,,,,,,,,,,,,,,,,,
rsg_object_detection,dropped_oldest,1905,rsg_20260806_122_854900000_001905,dropped,True,fifo_cached_frame,1905,190,0,1713,190,0,1,0.0,50.23396400065394,frame_fifo_full,,,,,,,,,,,,,,,,,,,,,,,,,,,,,,,,,,,,,,,,,,,,,,,,,,,,,,,,
rsg_object_detection,dropped_oldest,1906,rsg_20260806_122_904899999_001906,dropped,True,fifo_cached_frame,1906,190,0,1714,190,0,1,0.0,63.900973997078836,frame_fifo_full,,,,,,,,,,,,,,,,,,,,,,,,,,,,,,,,,,,,,,,,,,,,,,,,,,,,,,,,
rsg_object_detection,dropped_oldest,1907,rsg_20260806_122_954899999_001907,dropped,True,fifo_cached_frame,1907,190,0,1715,190,0,1,0.0,62.689794998732395,frame_fifo_full,,,,,,,,,,,,,,,,,,,,,,,,,,,,,,,,,,,,,,,,,,,,,,,,,,,,,,,,
rsg_object_detection,frame_trace,1899,rsg_20260806_122_404899999_001899,sent_to_hydra,,,,,,,,,,,609.4841379963327,ok,15.058819997648243,586.7561220002244,5.148635995283257,0.1737529964884743,4.974882998794783,0.0034240001696161926,2.471762003551703,0.21314300101948902,345.7606020019739,22.219334001420066,0.008703995263203979,368.20178299967665,103.62609299772885,34.75884201179724,6.22055699932389,42.19985698728124,19.59199400880607,66.49369099613978,3.369707992533222,1.0709279958973639,0.644706015009433,1.5541389948339202,0.5320720010786317,0.007007998647168279,177.3235279979417,4.815401996893343,0.1310660009039566,33.76208699773997,0.05049400351708755,10.621929002809338,9.94576600351138,0.10933900193776935,0.5668239973601885,3.753338001843076,0.67859300179407,0.004959991201758385,2.517136003007181,8,0,8,0,0,,,,,,,,,,,,,,
rsg_object_detection,dropped_oldest,1909,rsg_20260806_123_104900000_001909,dropped,True,fifo_cached_frame,1909,191,0,1716,191,0,1,0.0,40.3577969991602,frame_fifo_full,,,,,,,,,,,,,,,,,,,,,,,,,,,,,,,,,,,,,,,,,,,,,,,,,,,,,,,,
rsg_object_detection,dropped_oldest,1910,rsg_20260806_123_154899999_001910,dropped,True,fifo_cached_frame,1910,191,0,1717,191,0,1,0.0,49.22994899970945,frame_fifo_full,,,,,,,,,,,,,,,,,,,,,,,,,,,,,,,,,,,,,,,,,,,,,,,,,,,,,,,,
rsg_object_detection,dropped_oldest,1911,rsg_20260806_123_204899999_001911,dropped,True,fifo_cached_frame,1911,191,0,1718,191,0,1,0.0,104.19186700164573,frame_fifo_full,,,,,,,,,,,,,,,,,,,,,,,,,,,,,,,,,,,,,,,,,,,,,,,,,,,,,,,,
rsg_object_detection,dropped_oldest,1912,rsg_20260806_123_304900000_001912,dropped,True,fifo_cached_frame,1912,191,0,1719,191,0,1,0.0,125.58915999397868,frame_fifo_full,,,,,,,,,,,,,,,,,,,,,,,,,,,,,,,,,,,,,,,,,,,,,,,,,,,,,,,,
rsg_object_detection,dropped_oldest,1913,rsg_20260806_123_404899999_001913,dropped,True,fifo_cached_frame,1913,191,0,1720,191,0,1,0.0,83.30709499568911,frame_fifo_full,,,,,,,,,,,,,,,,,,,,,,,,,,,,,,,,,,,,,,,,,,,,,,,,,,,,,,,,
rsg_object_detection,frame_trace,1908,rsg_20260806_123_004900000_001908,sent_to_hydra,,,,,,,,,,,497.57431999751134,ok,15.274107994628139,440.90252699970733,37.37706300307764,0.14188200293574482,37.23518100014189,0.003231005393899977,3.9740639986121096,0.21336699865059927,259.8123679999844,13.88815300015267,0.007840004400350153,273.92172800318804,55.70006201742217,14.541117001499515,3.9511209979536943,26.10879499843577,10.544718003075104,59.1984990023775,2.9700120066991076,1.2125229986850172,0.3316969741717912,1.4501750047202222,0.45540399878518656,0.00819200067780912,121.34429199795704,3.1882740004220977,0.14370599819812924,38.28208099730546,0.04838200402446091,9.875627001747489,8.973043004516512,0.10908400145126507,0.7934999957797118,4.60875599674182,0.7835500000510365,0.006174996087793261,4.0173909947043285,7,0,7,0,0,,,,,,,,,,,,,,
rsg_object_detection,dropped_oldest,1915,rsg_20260806_123_554900000_001915,dropped,True,fifo_cached_frame,1915,192,0,1721,192,0,1,0.0,27.295559993945062,frame_fifo_full,,,,,,,,,,,,,,,,,,,,,,,,,,,,,,,,,,,,,,,,,,,,,,,,,,,,,,,,
rsg_object_detection,dropped_oldest,1916,rsg_20260806_123_604900000_001916,dropped,True,fifo_cached_frame,1916,192,0,1722,192,0,1,0.0,48.33293199772015,frame_fifo_full,,,,,,,,,,,,,,,,,,,,,,,,,,,,,,,,,,,,,,,,,,,,,,,,,,,,,,,,
rsg_object_detection,dropped_oldest,1917,rsg_20260806_123_654899999_001917,dropped,True,fifo_cached_frame,1917,192,0,1723,192,0,1,0.0,104.07459200359881,frame_fifo_full,,,,,,,,,,,,,,,,,,,,,,,,,,,,,,,,,,,,,,,,,,,,,,,,,,,,,,,,
rsg_object_detection,dropped_oldest,1918,rsg_20260806_123_754900000_001918,dropped,True,fifo_cached_frame,1918,192,0,1724,192,0,1,0.0,99.54052099783439,frame_fifo_full,,,,,,,,,,,,,,,,,,,,,,,,,,,,,,,,,,,,,,,,,,,,,,,,,,,,,,,,
rsg_object_detection,dropped_oldest,1919,rsg_20260806_123_854900000_001919,dropped,True,fifo_cached_frame,1919,192,0,1725,192,0,1,0.0,83.94783499534242,frame_fifo_full,,,,,,,,,,,,,,,,,,,,,,,,,,,,,,,,,,,,,,,,,,,,,,,,,,,,,,,,
rsg_object_detection,dropped_oldest,1920,rsg_20260806_123_904899999_001920,dropped,True,fifo_cached_frame,1920,192,0,1726,192,0,1,0.0,73.96709299791837,frame_fifo_full,,,,,,,,,,,,,,,,,,,,,,,,,,,,,,,,,,,,,,,,,,,,,,,,,,,,,,,,
rsg_object_detection,frame_trace,1914,rsg_20260806_123_504900000_001914,sent_to_hydra,,,,,,,,,,,507.5674789986806,ok,13.04316700407071,454.5170919955126,37.63110199361108,0.3126579977106303,37.31844399590045,0.003007997293025255,1.9114669994451106,0.23454899928765371,263.3304849950946,20.048168997163884,0.006879010470584035,283.6200820020167,61.17575798998587,19.659483004943468,4.731343004095834,14.683060995594133,21.337901998776942,64.61576299625449,3.213395000784658,1.1473740014480427,0.3295490096206777,1.3943059966550209,0.4817379958694801,0.004992005415260792,132.38063500466524,3.640863003965933,0.12492200039559975,32.793364000099245,0.045758984924759716,8.35095899674343,7.760935994156171,0.07660400297027081,0.513418999616988,4.060172002937179,0.6280039960984141,0.004032008291687816,2.37311000819318,7,0,7,0,0,,,,,,,,,,,,,,
rsg_object_detection,dropped_oldest,1922,rsg_20260806_124_054900000_001922,dropped,True,fifo_cached_frame,1922,193,0,1727,193,0,1,0.0,47.01980899699265,frame_fifo_full,,,,,,,,,,,,,,,,,,,,,,,,,,,,,,,,,,,,,,,,,,,,,,,,,,,,,,,,
rsg_object_detection,dropped_oldest,1923,rsg_20260806_124_104900000_001923,dropped,True,fifo_cached_frame,1923,193,0,1728,193,0,1,0.0,57.712488996912725,frame_fifo_full,,,,,,,,,,,,,,,,,,,,,,,,,,,,,,,,,,,,,,,,,,,,,,,,,,,,,,,,
rsg_object_detection,dropped_oldest,1924,rsg_20260806_124_154899999_001924,dropped,True,fifo_cached_frame,1924,193,0,1729,193,0,1,0.0,41.71668399794726,frame_fifo_full,,,,,,,,,,,,,,,,,,,,,,,,,,,,,,,,,,,,,,,,,,,,,,,,,,,,,,,,
rsg_object_detection,dropped_oldest,1925,rsg_20260806_124_204899999_001925,dropped,True,fifo_cached_frame,1925,193,0,1730,193,0,1,0.0,102.98898399923928,frame_fifo_full,,,,,,,,,,,,,,,,,,,,,,,,,,,,,,,,,,,,,,,,,,,,,,,,,,,,,,,,
rsg_object_detection,dropped_oldest,1926,rsg_20260806_124_304900000_001926,dropped,True,fifo_cached_frame,1926,193,0,1731,193,0,1,0.0,46.3333439984126,frame_fifo_full,,,,,,,,,,,,,,,,,,,,,,,,,,,,,,,,,,,,,,,,,,,,,,,,,,,,,,,,
rsg_object_detection,dropped_oldest,1927,rsg_20260806_124_354900000_001927,dropped,True,fifo_cached_frame,1927,193,0,1732,193,0,1,0.0,164.64427500613965,frame_fifo_full,,,,,,,,,,,,,,,,,,,,,,,,,,,,,,,,,,,,,,,,,,,,,,,,,,,,,,,,
rsg_object_detection,frame_trace,1921,rsg_20260806_124_004900000_001921,sent_to_hydra,,,,,,,,,,,515.4331169978832,ok,15.577422993374057,459.7725400017225,36.74656499788398,0.13455400039674714,36.61201099748723,0.003231005393899977,8.554852996894624,0.4605229987646453,277.7298359942506,26.10006299801171,0.006975009455345571,304.2973970004823,37.436746002640575,18.963932991027832,3.305292993900366,4.269411001587287,10.297720014932565,49.03508099960163,2.9506520004360937,1.0631549957906827,0.33345500560244545,1.2951419994351454,0.6562589987879619,0.006144000508356839,92.79231399705168,7.081318995915353,0.12581799819599837,46.87328800355317,0.04755100962938741,10.89558199601015,10.222685006738175,0.10482699872227386,0.5680699905497022,3.7282200064510107,0.9481829983997159,0.005437992513179779,3.333357999508735,8,0,8,0,0,,,,,,,,,,,,,,
rsg_object_detection,dropped_oldest,1929,rsg_20260806_124_554900000_001929,dropped,True,fifo_cached_frame,1929,194,0,1733,194,0,1,0.0,86.68644000135828,frame_fifo_full,,,,,,,,,,,,,,,,,,,,,,,,,,,,,,,,,,,,,,,,,,,,,,,,,,,,,,,,
rsg_object_detection,dropped_oldest,1930,rsg_20260806_124_654899999_001930,dropped,True,fifo_cached_frame,1930,194,0,1734,194,0,1,0.0,49.5859360016766,frame_fifo_full,,,,,,,,,,,,,,,,,,,,,,,,,,,,,,,,,,,,,,,,,,,,,,,,,,,,,,,,
rsg_object_detection,dropped_oldest,1931,rsg_20260806_124_704899999_001931,dropped,True,fifo_cached_frame,1931,194,0,1735,194,0,1,0.0,53.46573299902957,frame_fifo_full,,,,,,,,,,,,,,,,,,,,,,,,,,,,,,,,,,,,,,,,,,,,,,,,,,,,,,,,
rsg_object_detection,dropped_oldest,1932,rsg_20260806_124_754900000_001932,dropped,True,fifo_cached_frame,1932,194,0,1736,194,0,1,0.0,47.635909999371506,frame_fifo_full,,,,,,,,,,,,,,,,,,,,,,,,,,,,,,,,,,,,,,,,,,,,,,,,,,,,,,,,
rsg_object_detection,dropped_oldest,1933,rsg_20260806_124_804900000_001933,dropped,True,fifo_cached_frame,1933,194,0,1737,194,0,1,0.0,102.42644800018752,frame_fifo_full,,,,,,,,,,,,,,,,,,,,,,,,,,,,,,,,,,,,,,,,,,,,,,,,,,,,,,,,
rsg_object_detection,dropped_oldest,1934,rsg_20260806_124_904899999_001934,dropped,True,fifo_cached_frame,1934,194,0,1738,194,0,1,0.0,111.66188000061084,frame_fifo_full,,,,,,,,,,,,,,,,,,,,,,,,,,,,,,,,,,,,,,,,,,,,,,,,,,,,,,,,
rsg_object_detection,dropped_oldest,1935,rsg_20260806_125_004900000_001935,dropped,True,fifo_cached_frame,1935,194,0,1739,194,0,1,0.0,46.30566500418354,frame_fifo_full,,,,,,,,,,,,,,,,,,,,,,,,,,,,,,,,,,,,,,,,,,,,,,,,,,,,,,,,
rsg_object_detection,frame_trace,1928,rsg_20260806_124_504900000_001928,sent_to_hydra,,,,,,,,,,,557.9290349996882,ok,14.195308998750988,496.7558350035688,44.29800999787403,0.17439200018998235,44.12361799768405,0.004831003025174141,2.358712001296226,4.635058998246677,317.32206999731716,16.75890800106572,0.010238007234875113,338.72627500386443,59.67883399716811,21.500138012925163,3.7662349932361394,22.734644000593107,10.783361998619512,42.53684000286739,3.3200130055774935,1.5890180002315901,0.37335999513743445,1.507164997747168,2.528047996747773,0.015007004549261183,111.57670000102371,7.016874005785212,0.13977000344311818,36.88464199512964,0.052861993026454,9.699924004962668,9.005073996377178,0.1179469982162118,0.5769030103692785,3.757114005566109,0.7326390041271225,0.0056319840950891376,2.67504999646917,8,0,8,0,0,,,,,,,,,,,,,,
rsg_object_detection,dropped_oldest,1937,rsg_20260806_125_154899999_001937,dropped,True,fifo_cached_frame,1937,195,0,1740,195,0,1,0.0,57.511541999701876,frame_fifo_full,,,,,,,,,,,,,,,,,,,,,,,,,,,,,,,,,,,,,,,,,,,,,,,,,,,,,,,,
rsg_object_detection,dropped_oldest,1938,rsg_20260806_125_204899999_001938,dropped,True,fifo_cached_frame,1938,195,0,1741,195,0,1,0.0,94.63012800551951,frame_fifo_full,,,,,,,,,,,,,,,,,,,,,,,,,,,,,,,,,,,,,,,,,,,,,,,,,,,,,,,,
rsg_object_detection,dropped_oldest,1939,rsg_20260806_125_304900000_001939,dropped,True,fifo_cached_frame,1939,195,0,1742,195,0,1,0.0,49.86256700067315,frame_fifo_full,,,,,,,,,,,,,,,,,,,,,,,,,,,,,,,,,,,,,,,,,,,,,,,,,,,,,,,,
rsg_object_detection,dropped_oldest,1940,rsg_20260806_125_354900000_001940,dropped,True,fifo_cached_frame,1940,195,0,1743,195,0,1,0.0,101.1683999968227,frame_fifo_full,,,,,,,,,,,,,,,,,,,,,,,,,,,,,,,,,,,,,,,,,,,,,,,,,,,,,,,,
rsg_object_detection,dropped_oldest,1941,rsg_20260806_125_454899999_001941,dropped,True,fifo_cached_frame,1941,195,0,1744,195,0,1,0.0,127.13966899900697,frame_fifo_full,,,,,,,,,,,,,,,,,,,,,,,,,,,,,,,,,,,,,,,,,,,,,,,,,,,,,,,,
rsg_object_detection,dropped_oldest,1942,rsg_20260806_125_554900000_001942,dropped,True,fifo_cached_frame,1942,195,0,1745,196,0,1,0.0,85.5077789965435,frame_fifo_full,,,,,,,,,,,,,,,,,,,,,,,,,,,,,,,,,,,,,,,,,,,,,,,,,,,,,,,,
rsg_object_detection,frame_trace,1936,rsg_20260806_125_054900000_001936,sent_to_hydra,,,,,,,,,,,583.3875359967351,ok,13.329907997103874,530.6900209980085,36.87565300060669,0.15944899496389553,36.716204005642794,0.0034559998312033713,1.6928210025071166,0.21167100203456357,348.734881998098,20.640912996896077,0.006912006938364357,369.594378003967,48.59843200392788,17.418527000700124,5.952312014414929,14.642169990111142,9.95466601307271,57.96176199510228,3.210960996511858,4.319778003264219,0.36104100581724197,1.4988140028435737,0.517225002113264,0.005952002538833767,116.49156399653293,9.068751001905184,0.14265000208979473,33.649586999672465,0.05026999133406207,5.800544000521768,5.158651998499408,0.12258700007805601,0.5193050019443035,6.765141995856538,0.7593910049763508,0.004830995749216527,2.48849800118478,8,0,8,0,0,,,,,,,,,,,,,,
rsg_object_detection,dropped_oldest,1944,rsg_20260806_125_704899999_001944,dropped,True,fifo_cached_frame,1944,196,0,1746,196,0,1,0.0,45.37070199876325,frame_fifo_full,,,,,,,,,,,,,,,,,,,,,,,,,,,,,,,,,,,,,,,,,,,,,,,,,,,,,,,,
rsg_object_detection,dropped_oldest,1945,rsg_20260806_125_754900000_001945,dropped,True,fifo_cached_frame,1945,196,0,1747,196,0,1,0.0,102.20665800443385,frame_fifo_full,,,,,,,,,,,,,,,,,,,,,,,,,,,,,,,,,,,,,,,,,,,,,,,,,,,,,,,,
rsg_object_detection,dropped_oldest,1946,rsg_20260806_125_854900000_001946,dropped,True,fifo_cached_frame,1946,196,0,1748,196,0,1,0.0,100.10908600088442,frame_fifo_full,,,,,,,,,,,,,,,,,,,,,,,,,,,,,,,,,,,,,,,,,,,,,,,,,,,,,,,,
rsg_object_detection,dropped_oldest,1947,rsg_20260806_125_954899999_001947,dropped,True,fifo_cached_frame,1947,196,0,1749,196,0,1,0.0,51.026100998569746,frame_fifo_full,,,,,,,,,,,,,,,,,,,,,,,,,,,,,,,,,,,,,,,,,,,,,,,,,,,,,,,,
rsg_object_detection,dropped_oldest,1948,rsg_20260806_126_004900000_001948,dropped,True,fifo_cached_frame,1948,196,0,1750,196,0,1,0.0,67.67922199651366,frame_fifo_full,,,,,,,,,,,,,,,,,,,,,,,,,,,,,,,,,,,,,,,,,,,,,,,,,,,,,,,,
rsg_object_detection,dropped_oldest,1949,rsg_20260806_126_054900000_001949,dropped,True,fifo_cached_frame,1949,196,0,1751,196,0,1,0.0,40.956466997158714,frame_fifo_full,,,,,,,,,,,,,,,,,,,,,,,,,,,,,,,,,,,,,,,,,,,,,,,,,,,,,,,,
rsg_object_detection,frame_trace,1943,rsg_20260806_125_654899999_001943,sent_to_hydra,,,,,,,,,,,506.79022000258556,ok,10.63473099929979,487.9600100030075,5.793281001388095,0.12949899974046275,5.663782001647633,0.0034230033634230494,2.076164004392922,0.21285399998305365,334.6145460018306,14.292200998170301,0.0063680054154247046,349.1259690053994,40.55932901246706,15.109603991732001,4.235588006849866,11.039835007977672,9.195973994792439,54.80248199455673,2.6503159970161505,1.0727519911597483,0.3085320058744401,1.297830996918492,0.48535399400861934,0.005055997462477535,101.19976299756672,4.509368998697028,0.1392900012433529,30.86228799656965,0.047166999138426036,6.001752000884153,5.329077001078986,0.09273199975723401,0.5799430000479333,3.972944999986794,0.6548840028699487,0.005149995558895171,2.3987749955267645,8,0,7,0,0,,,,,,,,,,,,,,
rsg_object_detection,dropped_oldest,1951,rsg_20260806_126_254900000_001951,dropped,True,fifo_cached_frame,1951,197,0,1752,197,0,1,0.0,62.046193997957744,frame_fifo_full,,,,,,,,,,,,,,,,,,,,,,,,,,,,,,,,,,,,,,,,,,,,,,,,,,,,,,,,
rsg_object_detection,dropped_oldest,1952,rsg_20260806_126_304900000_001952,dropped,True,fifo_cached_frame,1952,197,0,1753,197,0,1,0.0,91.2004630008596,frame_fifo_full,,,,,,,,,,,,,,,,,,,,,,,,,,,,,,,,,,,,,,,,,,,,,,,,,,,,,,,,
rsg_object_detection,dropped_oldest,1953,rsg_20260806_126_404899999_001953,dropped,True,fifo_cached_frame,1953,197,0,1754,197,0,1,0.0,49.73304099985398,frame_fifo_full,,,,,,,,,,,,,,,,,,,,,,,,,,,,,,,,,,,,,,,,,,,,,,,,,,,,,,,,
rsg_object_detection,dropped_oldest,1954,rsg_20260806_126_454899999_001954,dropped,True,fifo_cached_frame,1954,197,0,1755,197,0,1,0.0,112.86610000388464,frame_fifo_full,,,,,,,,,,,,,,,,,,,,,,,,,,,,,,,,,,,,,,,,,,,,,,,,,,,,,,,,
rsg_object_detection,dropped_oldest,1955,rsg_20260806_126_554900000_001955,dropped,True,fifo_cached_frame,1955,197,0,1756,197,0,1,0.0,50.92137199972058,frame_fifo_full,,,,,,,,,,,,,,,,,,,,,,,,,,,,,,,,,,,,,,,,,,,,,,,,,,,,,,,,
rsg_object_detection,dropped_oldest,1956,rsg_20260806_126_604900000_001956,dropped,True,fifo_cached_frame,1956,197,0,1757,197,0,1,0.0,56.68547000095714,frame_fifo_full,,,,,,,,,,,,,,,,,,,,,,,,,,,,,,,,,,,,,,,,,,,,,,,,,,,,,,,,
rsg_object_detection,frame_trace,1950,rsg_20260806_126_104900000_001950,sent_to_hydra,,,,,,,,,,,606.9449089991394,ok,9.969288999855053,502.4424080038443,92.09923899470596,0.13839399616699666,91.96084499853896,0.0065920030465349555,1.1971309941145591,0.19509500270942226,308.94629300019005,19.91224299854366,0.007743998139631003,329.06137499958277,73.65515500714537,31.05066399439238,4.84330698964186,23.562642993056215,13.45290999597637,56.570979999378324,2.517138003895525,0.6209000057424419,0.3121459812973626,1.1882359976880252,0.3188979972037487,0.00924799678614363,135.21343499451177,6.591037003090605,0.13583400141214952,30.197838001186028,0.045758009946439415,5.7407389977015555,5.022563003876712,0.13138599751982838,0.5867899963050149,3.612833002989646,0.6104370040702634,0.005279995093587786,2.427380997687578,7,0,6,0,0,,,,,,,,,,,,,,
rsg_object_detection,dropped_oldest,1958,rsg_20260806_126_754900000_001958,dropped,True,fifo_cached_frame,1958,198,0,1758,198,0,1,0.0,98.37201800110051,frame_fifo_full,,,,,,,,,,,,,,,,,,,,,,,,,,,,,,,,,,,,,,,,,,,,,,,,,,,,,,,,
rsg_object_detection,dropped_oldest,1959,rsg_20260806_126_854900000_001959,dropped,True,fifo_cached_frame,1959,198,0,1759,198,0,1,0.0,50.773251001373865,frame_fifo_full,,,,,,,,,,,,,,,,,,,,,,,,,,,,,,,,,,,,,,,,,,,,,,,,,,,,,,,,
rsg_object_detection,,526,rsg_20260806_39_204880000_000526,vlm_done,,,,,,,,,,,,ok,,,,,,,,,,,,,,,,,,,,,,,,,,,,,,,,,,,,,,,,,,,rsg_obj_000045,rsg_unknown_rsg_20260806_39_204880000_000526_005_nanosam_001,,,6,0.638805828643959,ceiling_light,0.95,static,0.99,6392.128021994722,84630.82593499712,qwen_http,Qwen3-VL-8B-Instruct-GGUF
rsg_object_detection,completed,526,rsg_20260806_39_204880000_000526,,,,,,,,,,,78238.69624899817,,vlm_done,,,,,,,,,,,,,,,,,,,,,,,,,,,,,,,,,,,,,,,,,,,rsg_obj_000045,rsg_unknown_rsg_20260806_39_204880000_000526_005_nanosam_001,71,300,6,0.638805828643959,,,,,,,,
rsg_object_detection,dropped_oldest,1960,rsg_20260806_126_904899999_001960,dropped,True,fifo_cached_frame,1960,198,0,1760,198,0,1,0.0,104.45926999818766,frame_fifo_full,,,,,,,,,,,,,,,,,,,,,,,,,,,,,,,,,,,,,,,,,,,,,,,,,,,,,,,,
rsg_object_detection,dropped_oldest,1961,rsg_20260806_127_004900000_001961,dropped,True,fifo_cached_frame,1961,198,0,1761,198,0,1,0.0,58.98453699774109,frame_fifo_full,,,,,,,,,,,,,,,,,,,,,,,,,,,,,,,,,,,,,,,,,,,,,,,,,,,,,,,,
rsg_object_detection,dropped_oldest,1962,rsg_20260806_127_054900000_001962,dropped,True,fifo_cached_frame,1962,198,0,1762,198,0,1,0.0,64.67641899507726,frame_fifo_full,,,,,,,,,,,,,,,,,,,,,,,,,,,,,,,,,,,,,,,,,,,,,,,,,,,,,,,,
rsg_object_detection,dropped_oldest,1963,rsg_20260806_127_104900000_001963,dropped,True,fifo_cached_frame,1963,198,0,1763,198,0,1,0.0,80.29106100002537,frame_fifo_full,,,,,,,,,,,,,,,,,,,,,,,,,,,,,,,,,,,,,,,,,,,,,,,,,,,,,,,,
rsg_object_detection,frame_trace,1957,rsg_20260806_126_654899999_001957,sent_to_hydra,,,,,,,,,,,546.3843239995185,ok,12.81031699909363,466.4892190048704,65.04071800009115,0.1487929985160008,64.89192500157515,0.004030996933579445,1.1838840000564232,0.21806999575346708,251.58184400061145,26.594891998684034,0.008416005584876984,278.40322200063383,76.80455399531638,33.3679379982641,5.2605370146920905,17.89319700037595,19.638622987258714,70.9778379969066,2.97372698696563,1.034545995935332,0.2965630264952779,1.273608002520632,0.2610770025057718,0.005854999471921474,153.6429030020372,2.3558649991173297,0.14969000039855018,30.71045699471142,0.04319800791563466,8.649060000607278,8.037182000407483,0.09199600026477128,0.5198819999350235,3.5346920049050823,0.6220850045792758,0.00447998900199309,2.0400389985297807,7,0,7,0,0,,,,,,,,,,,,,,
rsg_object_detection,dequeued,600,rsg_20260806_43_904879999_000600,,,,,,,,,,,83796.04355600168,,fifo_order,,,,,,,,,,,,,,,,,,,,,,,,,,,,,,,,,,,,,,,,,,,rsg_obj_000049,rsg_unknown_rsg_20260806_43_904879999_000600_005_nanosam_003,70,300,6,0.6568054411721586,,,,,,,,
rsg_object_detection,dropped_oldest,1965,rsg_20260806_127_254900000_001965,dropped,True,fifo_cached_frame,1965,199,0,1764,199,0,1,0.0,6.582781999895815,frame_fifo_full,,,,,,,,,,,,,,,,,,,,,,,,,,,,,,,,,,,,,,,,,,,,,,,,,,,,,,,,
rsg_object_detection,dropped_oldest,1966,rsg_20260806_127_354900000_001966,dropped,True,fifo_cached_frame,1966,199,0,1765,199,0,1,0.0,34.77939799631713,frame_fifo_full,,,,,,,,,,,,,,,,,,,,,,,,,,,,,,,,,,,,,,,,,,,,,,,,,,,,,,,,
rsg_object_detection,dropped_oldest,1967,rsg_20260806_127_404899999_001967,dropped,True,fifo_cached_frame,1967,199,0,1766,199,0,1,0.0,117.54948500311002,frame_fifo_full,,,,,,,,,,,,,,,,,,,,,,,,,,,,,,,,,,,,,,,,,,,,,,,,,,,,,,,,
rsg_object_detection,dropped_oldest,1968,rsg_20260806_127_504900000_001968,dropped,True,fifo_cached_frame,1968,199,0,1767,199,0,1,0.0,43.52074200141942,frame_fifo_full,,,,,,,,,,,,,,,,,,,,,,,,,,,,,,,,,,,,,,,,,,,,,,,,,,,,,,,,
rsg_object_detection,dropped_oldest,1969,rsg_20260806_127_554900000_001969,dropped,True,fifo_cached_frame,1969,199,0,1768,199,0,1,0.0,103.16538200277137,frame_fifo_full,,,,,,,,,,,,,,,,,,,,,,,,,,,,,,,,,,,,,,,,,,,,,,,,,,,,,,,,
rsg_object_detection,frame_trace,1964,rsg_20260806_127_204899999_001964,sent_to_hydra,,,,,,,,,,,511.25508100085426,ok,14.001528004882857,453.84602199919755,38.24772499501705,0.12588199751917273,38.12184299749788,0.004960005753673613,1.3815390047966503,0.18402400019112974,218.2058260004851,17.325254004390445,0.0054399934015236795,235.7205439984682,115.9545480113593,17.564794994541444,3.9412660044035874,68.86612299422268,24.89481100201374,49.40525099664228,4.123274993617088,0.9641480064601637,0.47431599523406476,1.5311320021282881,0.7804780034348369,0.0065589993027970195,173.2588110025972,7.7954650041647255,0.14479400124400854,35.49639099946944,0.04847798845730722,8.421772996371146,7.704045005084481,0.16571999731240794,0.5520079939742573,4.66689899621997,0.9062639946932904,0.006592017598450184,5.154845996003132,8,0,8,0,0,,,,,,,,,,,,,,
rsg_object_detection,dropped_oldest,1971,rsg_20260806_127_754900000_001971,dropped,True,fifo_cached_frame,1971,200,0,1769,200,0,1,0.0,26.307449996238574,frame_fifo_full,,,,,,,,,,,,,,,,,,,,,,,,,,,,,,,,,,,,,,,,,,,,,,,,,,,,,,,,
rsg_object_detection,dropped_oldest,1972,rsg_20260806_127_804900000_001972,dropped,True,fifo_cached_frame,1972,200,0,1770,200,0,1,0.0,101.11100900394376,frame_fifo_full,,,,,,,,,,,,,,,,,,,,,,,,,,,,,,,,,,,,,,,,,,,,,,,,,,,,,,,,
rsg_object_detection,dropped_oldest,1973,rsg_20260806_127_904899999_001973,dropped,True,fifo_cached_frame,1973,200,0,1771,200,0,1,0.0,101.92786900006467,frame_fifo_full,,,,,,,,,,,,,,,,,,,,,,,,,,,,,,,,,,,,,,,,,,,,,,,,,,,,,,,,
rsg_object_detection,dropped_oldest,1974,rsg_20260806_128_004899999_001974,dropped,True,fifo_cached_frame,1974,200,0,1772,200,0,1,0.0,98.7373559983098,frame_fifo_full,,,,,,,,,,,,,,,,,,,,,,,,,,,,,,,,,,,,,,,,,,,,,,,,,,,,,,,,
rsg_object_detection,dropped_oldest,1975,rsg_20260806_128_104899999_001975,dropped,True,fifo_cached_frame,1975,200,0,1773,200,0,1,0.0,130.14132600073935,frame_fifo_full,,,,,,,,,,,,,,,,,,,,,,,,,,,,,,,,,,,,,,,,,,,,,,,,,,,,,,,,
rsg_object_detection,dropped_oldest,1976,rsg_20260806_128_204900000_001976,dropped,True,fifo_cached_frame,1976,200,0,1774,200,0,1,0.0,24.504075998265762,frame_fifo_full,,,,,,,,,,,,,,,,,,,,,,,,,,,,,,,,,,,,,,,,,,,,,,,,,,,,,,,,
rsg_object_detection,frame_trace,1970,rsg_20260806_127_654899999_001970,sent_to_hydra,,,,,,,,,,,667.8838279985939,ok,9.747443997184746,574.4461439971928,81.11873600137187,0.12972200056537986,80.98901400080649,0.003615998139139265,2.6499630039324984,0.4128139989916235,372.91483399894787,28.757009000401013,0.006752001354470849,402.091408999695,61.50385898217792,18.888001999584958,4.756718983117025,25.719190001836978,11.405227000068408,56.87062200013315,3.8159599935170263,1.0455559968249872,0.856986029248219,1.706196999293752,0.7584299964946695,0.00793600338511169,126.60109699936584,4.2498609982430935,0.12844199954997748,38.67484600050375,0.050525995902717113,5.097152003145311,4.4442849975894205,0.09055600094143301,0.5623110046144575,3.93550699664047,0.71024100179784,0.0045439956011250615,2.56788800470531,8,0,8,0,0,,,,,,,,,,,,,,
rsg_object_detection,dropped_oldest,1978,rsg_20260806_128_354899999_001978,dropped,True,fifo_cached_frame,1978,201,0,1775,201,0,1,0.0,42.23145700234454,frame_fifo_full,,,,,,,,,,,,,,,,,,,,,,,,,,,,,,,,,,,,,,,,,,,,,,,,,,,,,,,,
rsg_object_detection,dropped_oldest,1979,rsg_20260806_128_404899999_001979,dropped,True,fifo_cached_frame,1979,201,0,1776,201,0,1,0.0,102.44132599473232,frame_fifo_full,,,,,,,,,,,,,,,,,,,,,,,,,,,,,,,,,,,,,,,,,,,,,,,,,,,,,,,,
rsg_object_detection,dropped_oldest,1980,rsg_20260806_128_504899999_001980,dropped,True,fifo_cached_frame,1980,201,0,1777,201,0,1,0.0,98.47868299402762,frame_fifo_full,,,,,,,,,,,,,,,,,,,,,,,,,,,,,,,,,,,,,,,,,,,,,,,,,,,,,,,,
rsg_object_detection,dropped_oldest,1981,rsg_20260806_128_604899999_001981,dropped,True,fifo_cached_frame,1981,201,0,1778,201,0,1,0.0,124.42867999925511,frame_fifo_full,,,,,,,,,,,,,,,,,,,,,,,,,,,,,,,,,,,,,,,,,,,,,,,,,,,,,,,,
rsg_object_detection,dropped_oldest,1982,rsg_20260806_128_704900000_001982,dropped,True,fifo_cached_frame,1982,201,0,1779,201,0,1,0.0,31.960580003215,frame_fifo_full,,,,,,,,,,,,,,,,,,,,,,,,,,,,,,,,,,,,,,,,,,,,,,,,,,,,,,,,
rsg_object_detection,dropped_oldest,1983,rsg_20260806_128_754899999_001983,dropped,True,fifo_cached_frame,1983,201,0,1780,201,0,1,0.0,58.088425001187716,frame_fifo_full,,,,,,,,,,,,,,,,,,,,,,,,,,,,,,,,,,,,,,,,,,,,,,,,,,,,,,,,
rsg_object_detection,frame_trace,1977,rsg_20260806_128_254899999_001977,sent_to_hydra,,,,,,,,,,,617.4584230029723,ok,9.4298260009964,507.3711929944693,98.4981380024692,0.15432900545420125,98.343808997015,0.002335997123736888,7.019755998044275,0.4162050026934594,296.5943369999877,19.031388001167215,0.005887995939701796,316.0478179997881,103.76869099127362,16.743776999646798,4.270982011803426,68.44858000840759,13.5298379973392,41.856433999782894,3.07730399799766,0.8071649717749096,0.3176830359734595,1.2538330047391355,0.29221099975984544,0.007007998647168279,151.39866399840685,2.5149930006591603,0.15762499970151111,30.187218995706644,0.04511800216278061,5.250361005892046,4.6387730035348795,0.09298800432588905,0.5185999980312772,3.544548999343533,0.6301170069491491,0.004798988811671734,2.1569300079136156,7,0,7,0,0,,,,,,,,,,,,,,
rsg_object_detection,dropped_oldest,1985,rsg_20260806_128_954900000_001985,dropped,True,fifo_cached_frame,1985,202,0,1781,202,0,1,0.0,49.650651002593804,frame_fifo_full,,,,,,,,,,,,,,,,,,,,,,,,,,,,,,,,,,,,,,,,,,,,,,,,,,,,,,,,
rsg_object_detection,dropped_oldest,1986,rsg_20260806_129_004899999_001986,dropped,True,fifo_cached_frame,1986,202,0,1782,202,0,1,0.0,102.93833100149641,frame_fifo_full,,,,,,,,,,,,,,,,,,,,,,,,,,,,,,,,,,,,,,,,,,,,,,,,,,,,,,,,
rsg_object_detection,dropped_oldest,1987,rsg_20260806_129_104899999_001987,dropped,True,fifo_cached_frame,1987,202,0,1783,202,0,1,0.0,96.91354399546981,frame_fifo_full,,,,,,,,,,,,,,,,,,,,,,,,,,,,,,,,,,,,,,,,,,,,,,,,,,,,,,,,
rsg_object_detection,dropped_oldest,1988,rsg_20260806_129_204900000_001988,dropped,True,fifo_cached_frame,1988,202,0,1784,202,0,1,0.0,62.23109600250609,frame_fifo_full,,,,,,,,,,,,,,,,,,,,,,,,,,,,,,,,,,,,,,,,,,,,,,,,,,,,,,,,
rsg_object_detection,dropped_oldest,1989,rsg_20260806_129_254899999_001989,dropped,True,fifo_cached_frame,1989,202,0,1785,202,0,1,0.0,87.78283900028327,frame_fifo_full,,,,,,,,,,,,,,,,,,,,,,,,,,,,,,,,,,,,,,,,,,,,,,,,,,,,,,,,
rsg_object_detection,dropped_oldest,1990,rsg_20260806_129_354899999_001990,dropped,True,fifo_cached_frame,1990,202,0,1786,203,0,1,0.0,79.77765399846248,frame_fifo_full,,,,,,,,,,,,,,,,,,,,,,,,,,,,,,,,,,,,,,,,,,,,,,,,,,,,,,,,
rsg_object_detection,frame_trace,1984,rsg_20260806_128_804900000_001984,sent_to_hydra,,,,,,,,,,,593.1015340029262,ok,16.652805999910925,494.1125670011388,79.46934299980057,0.13666599988937378,79.3326769999112,0.003934997948817909,1.6183929983526468,0.24850100453477353,277.9073249985231,31.587031000526622,0.008383998647332191,309.75124100223184,67.79465999716194,33.71746400807751,4.500954004470259,16.852925000421237,11.910229994100519,71.27309900533874,6.09173300472321,1.1389909996069036,0.34436799614923075,1.24247299390845,0.4627640009857714,0.004416004230733961,148.36780000041472,3.7459150044014677,0.3997269959654659,30.17899700353155,0.050493996241129935,12.3764489981113,11.627137995674275,0.08825199620332569,0.6610590062336996,3.6527359989122488,0.6187570033944212,0.004863999492954463,2.8628830041270703,8,0,7,0,0,,,,,,,,,,,,,,
rsg_object_detection,dropped_oldest,1992,rsg_20260806_129_454900000_001992,dropped,True,fifo_cached_frame,1992,203,0,1787,203,0,1,0.0,126.25004899746273,frame_fifo_full,,,,,,,,,,,,,,,,,,,,,,,,,,,,,,,,,,,,,,,,,,,,,,,,,,,,,,,,
rsg_object_detection,dropped_oldest,1993,rsg_20260806_129_604899999_001993,dropped,True,fifo_cached_frame,1993,203,0,1788,203,0,1,0.0,97.74509099952411,frame_fifo_full,,,,,,,,,,,,,,,,,,,,,,,,,,,,,,,,,,,,,,,,,,,,,,,,,,,,,,,,
rsg_object_detection,dropped_oldest,1994,rsg_20260806_129_704900000_001994,dropped,True,fifo_cached_frame,1994,203,0,1789,203,0,1,0.0,51.00554000091506,frame_fifo_full,,,,,,,,,,,,,,,,,,,,,,,,,,,,,,,,,,,,,,,,,,,,,,,,,,,,,,,,
rsg_object_detection,dropped_oldest,1995,rsg_20260806_129_754899999_001995,dropped,True,fifo_cached_frame,1995,203,0,1790,203,0,1,0.0,99.47791100421455,frame_fifo_full,,,,,,,,,,,,,,,,,,,,,,,,,,,,,,,,,,,,,,,,,,,,,,,,,,,,,,,,
rsg_object_detection,dropped_oldest,1996,rsg_20260806_129_854899999_001996,dropped,True,fifo_cached_frame,1996,203,0,1791,203,0,1,0.0,85.39120099885622,frame_fifo_full,,,,,,,,,,,,,,,,,,,,,,,,,,,,,,,,,,,,,,,,,,,,,,,,,,,,,,,,
rsg_object_detection,dropped_oldest,1997,rsg_20260806_129_904899999_001997,dropped,True,fifo_cached_frame,1997,203,0,1792,203,0,1,0.0,70.86268599960022,frame_fifo_full,,,,,,,,,,,,,,,,,,,,,,,,,,,,,,,,,,,,,,,,,,,,,,,,,,,,,,,,
rsg_object_detection,frame_trace,1991,rsg_20260806_129_404899999_001991,sent_to_hydra,,,,,,,,,,,588.1609360003495,ok,14.473349001491442,565.930135002418,5.236731005425099,0.1691450015641749,5.067586003860924,0.003134999133180827,2.245276999019552,0.26299699675291777,324.82550400163746,16.701988002751023,0.006207992555573583,341.79669699369697,118.99804700806271,19.20415100903483,4.188998995232396,80.13891898735892,14.742457991815172,62.365714002226014,2.9948439841973595,0.594438002735842,0.2989000058732927,1.2856399989686906,0.26853199960896745,0.006238995410967618,186.82819300011033,2.5608159994590096,0.15832899953238666,32.292791998770554,0.0480310118291527,9.914892994856928,9.246731002349406,0.09260399383492768,0.5755579986725934,3.8268410062300973,0.7276169999386184,0.003998000465799123,2.5175859918817878,7,0,7,0,0,,,,,,,,,,,,,,
rsg_object_detection,dropped_oldest,1999,rsg_20260806_130_104899999_001999,dropped,True,fifo_cached_frame,1999,204,0,1793,204,0,1,0.0,102.16765699442476,frame_fifo_full,,,,,,,,,,,,,,,,,,,,,,,,,,,,,,,,,,,,,,,,,,,,,,,,,,,,,,,,
rsg_object_detection,dropped_oldest,2000,rsg_20260806_130_204900000_002000,dropped,True,fifo_cached_frame,2000,204,0,1794,204,0,1,0.0,99.36701100377832,frame_fifo_full,,,,,,,,,,,,,,,,,,,,,,,,,,,,,,,,,,,,,,,,,,,,,,,,,,,,,,,,
rsg_object_detection,dropped_oldest,2001,rsg_20260806_130_304900000_002001,dropped,True,fifo_cached_frame,2001,204,0,1795,204,0,1,0.0,162.7362049985095,frame_fifo_full,,,,,,,,,,,,,,,,,,,,,,,,,,,,,,,,,,,,,,,,,,,,,,,,,,,,,,,,
rsg_object_detection,dropped_oldest,2002,rsg_20260806_130_454900000_002002,dropped,True,fifo_cached_frame,2002,204,0,1796,204,0,1,0.0,63.10981400019955,frame_fifo_full,,,,,,,,,,,,,,,,,,,,,,,,,,,,,,,,,,,,,,,,,,,,,,,,,,,,,,,,
rsg_object_detection,frame_trace,1998,rsg_20260806_130_004899999_001998,sent_to_hydra,,,,,,,,,,,533.6089310003445,ok,11.089562998677138,486.227167006291,33.61644699907629,0.13986600242787972,33.47658099664841,0.0022710009943693876,2.990492997923866,0.26869199791690335,296.1199349956587,16.361108006094582,0.008479997632093728,312.7582149973023,42.507547994318884,16.665127004671376,3.628320002462715,11.282416999165434,10.260319992084987,80.36512300168397,3.5130940086673945,1.0153789989999495,0.36769699363503605,1.363043993478641,0.5783430024166591,0.005599998985417187,129.73310700181173,4.990724999515805,0.1598329981788993,35.54967600211967,0.04511800943873823,5.478031998791266,4.897480997897219,0.08854000043356791,0.4920110004604794,4.9276879944955,0.6796509987907484,0.00419200659962371,2.673482995305676,8,0,8,0,0,,,,,,,,,,,,,,
rsg_object_detection,dropped_oldest,2004,rsg_20260806_130_604899999_002004,dropped,True,fifo_cached_frame,2004,205,0,1797,205,0,1,0.0,45.53141599899391,frame_fifo_full,,,,,,,,,,,,,,,,,,,,,,,,,,,,,,,,,,,,,,,,,,,,,,,,,,,,,,,,
rsg_object_detection,dropped_oldest,2005,rsg_20260806_130_654899999_002005,dropped,True,fifo_cached_frame,2005,205,0,1798,205,0,1,0.0,104.68773799948394,frame_fifo_full,,,,,,,,,,,,,,,,,,,,,,,,,,,,,,,,,,,,,,,,,,,,,,,,,,,,,,,,
rsg_object_detection,dropped_oldest,2006,rsg_20260806_130_754899999_002006,dropped,True,fifo_cached_frame,2006,205,0,1799,205,0,1,0.0,94.70270299789263,frame_fifo_full,,,,,,,,,,,,,,,,,,,,,,,,,,,,,,,,,,,,,,,,,,,,,,,,,,,,,,,,
rsg_object_detection,dropped_oldest,2007,rsg_20260806_130_854899999_002007,dropped,True,fifo_cached_frame,2007,205,0,1800,205,0,1,0.0,104.10817900265101,frame_fifo_full,,,,,,,,,,,,,,,,,,,,,,,,,,,,,,,,,,,,,,,,,,,,,,,,,,,,,,,,
rsg_object_detection,dropped_oldest,2008,rsg_20260806_130_954900000_002008,dropped,True,fifo_cached_frame,2008,205,0,1801,205,0,1,0.0,58.49487999512348,frame_fifo_full,,,,,,,,,,,,,,,,,,,,,,,,,,,,,,,,,,,,,,,,,,,,,,,,,,,,,,,,
rsg_object_detection,dropped_oldest,2009,rsg_20260806_131_004899999_002009,dropped,True,fifo_cached_frame,2009,205,0,1802,205,0,1,0.0,127.38550300127827,frame_fifo_full,,,,,,,,,,,,,,,,,,,,,,,,,,,,,,,,,,,,,,,,,,,,,,,,,,,,,,,,
rsg_object_detection,dropped_oldest,2010,rsg_20260806_131_104899999_002010,dropped,True,fifo_cached_frame,2010,205,0,1803,205,0,1,0.0,17.174354004964698,frame_fifo_full,,,,,,,,,,,,,,,,,,,,,,,,,,,,,,,,,,,,,,,,,,,,,,,,,,,,,,,,
rsg_object_detection,frame_trace,2003,rsg_20260806_130_504899999_002003,sent_to_hydra,,,,,,,,,,,630.544475003262,ok,14.605506003135815,574.2374979963643,39.08334600419039,0.1380419998895377,38.94530400430085,0.0036800047382712364,2.762630996585358,0.2225499993073754,359.46724400128005,21.624013999826275,0.008415001502726227,381.3222230019164,90.08044099027757,42.968517998815514,6.659069003944751,25.293069003964774,14.397674000065308,47.55516799923498,8.003746006579604,1.707029005046934,0.46647699491586536,1.3564519977080636,0.2810119985952042,0.005088004400022328,149.4815570040373,3.2111550026456825,0.17861599917523563,37.22903000016231,0.05228599184192717,6.390633003320545,5.757668004662264,0.10117999772774056,0.5317850009305403,3.8208890036912635,4.387968001537956,0.00601599458605051,2.6144449948333204,8,0,8,0,0,,,,,,,,,,,,,,
rsg_object_detection,dropped_oldest,2012,rsg_20260806_131_254899999_002012,dropped,True,fifo_cached_frame,2012,206,0,1804,206,0,1,0.0,51.78010500094388,frame_fifo_full,,,,,,,,,,,,,,,,,,,,,,,,,,,,,,,,,,,,,,,,,,,,,,,,,,,,,,,,
rsg_object_detection,dropped_oldest,2013,rsg_20260806_131_304900000_002013,dropped,True,fifo_cached_frame,2013,206,0,1805,206,0,1,0.0,152.3017939980491,frame_fifo_full,,,,,,,,,,,,,,,,,,,,,,,,,,,,,,,,,,,,,,,,,,,,,,,,,,,,,,,,
rsg_object_detection,dropped_oldest,2014,rsg_20260806_131_454900000_002014,dropped,True,fifo_cached_frame,2014,206,0,1806,206,0,1,0.0,107.81455299729714,frame_fifo_full,,,,,,,,,,,,,,,,,,,,,,,,,,,,,,,,,,,,,,,,,,,,,,,,,,,,,,,,
rsg_object_detection,frame_trace,2011,rsg_20260806_131_154899999_002011,sent_to_hydra,,,,,,,,,,,470.6964249999146,ok,10.077094993903302,431.28323600103613,26.78241300600348,0.13721000141231343,26.645203004591167,0.004064000677317381,1.1449739977251738,0.2349660062463954,286.8874009946012,12.672054996073712,0.006527006917167455,299.80094900383847,45.577943994430825,13.212094010668807,5.26949798950227,18.167558999266475,8.412529008637648,41.88293799961684,3.4147950136684813,0.9615899907657877,0.35176100209355354,1.4284489952842705,0.33272199652856216,0.007710994395893067,93.97714200167684,2.515505999326706,0.15839299885556102,33.63833899493329,0.04793300468008965,5.640488998324145,4.987014006474055,0.1013389992294833,0.552135992620606,3.791322000324726,0.6400679994840175,0.0052159957704134285,2.5496169982943684,7,0,7,0,0,,,,,,,,,,,,,,
rsg_object_detection,dropped_oldest,2016,rsg_20260806_131_654899999_002016,dropped,True,fifo_cached_frame,2016,207,0,1807,207,0,1,0.0,91.22234999813372,frame_fifo_full,,,,,,,,,,,,,,,,,,,,,,,,,,,,,,,,,,,,,,,,,,,,,,,,,,,,,,,,
rsg_object_detection,dropped_oldest,2017,rsg_20260806_131_754899999_002017,dropped,True,fifo_cached_frame,2017,207,0,1808,207,0,1,0.0,100.03428600612096,frame_fifo_full,,,,,,,,,,,,,,,,,,,,,,,,,,,,,,,,,,,,,,,,,,,,,,,,,,,,,,,,
rsg_object_detection,dropped_oldest,2018,rsg_20260806_131_854899999_002018,dropped,True,fifo_cached_frame,2018,207,0,1809,207,0,1,0.0,50.03723799745785,frame_fifo_full,,,,,,,,,,,,,,,,,,,,,,,,,,,,,,,,,,,,,,,,,,,,,,,,,,,,,,,,
rsg_object_detection,dropped_oldest,2019,rsg_20260806_131_904899999_002019,dropped,True,fifo_cached_frame,2019,207,0,1810,207,0,1,0.0,104.55683899635915,frame_fifo_full,,,,,,,,,,,,,,,,,,,,,,,,,,,,,,,,,,,,,,,,,,,,,,,,,,,,,,,,
rsg_object_detection,dropped_oldest,2020,rsg_20260806_132_004899999_002020,dropped,True,fifo_cached_frame,2020,207,0,1811,207,0,1,0.0,56.044912002107594,frame_fifo_full,,,,,,,,,,,,,,,,,,,,,,,,,,,,,,,,,,,,,,,,,,,,,,,,,,,,,,,,
rsg_object_detection,dropped_oldest,2021,rsg_20260806_132_054900000_002021,dropped,True,fifo_cached_frame,2021,207,0,1812,207,0,1,0.0,64.51740999909816,frame_fifo_full,,,,,,,,,,,,,,,,,,,,,,,,,,,,,,,,,,,,,,,,,,,,,,,,,,,,,,,,
rsg_object_detection,frame_trace,2015,rsg_20260806_131_554900000_002015,sent_to_hydra,,,,,,,,,,,575.7541760031017,ok,13.99113300431054,469.70591300487285,89.29008200357202,0.12463400344131514,89.16544800013071,0.00409600033890456,1.67311099357903,0.20175100507913157,291.1257440064219,19.486987999698613,0.008287992386613041,310.82277100358624,58.48003700521076,16.25029599381378,5.134174985869322,23.870123986853287,12.569050995807629,56.06369500310393,3.2335220093955286,0.8685719876666553,0.3410079953027889,1.3908519977121614,0.3356969973538071,0.007551003363914788,120.7444210012909,2.5398259967914782,0.1555459966766648,33.71731299557723,0.05292501737130806,9.076788002857938,8.318741005496122,0.09532299736747518,0.6627239999943413,4.2653810014599,0.6439399949158542,0.0050240050768479705,2.762951990007423,7,0,7,0,0,,,,,,,,,,,,,,
rsg_object_detection,dropped_oldest,2023,rsg_20260806_132_254899999_002023,dropped,True,fifo_cached_frame,2023,208,0,1813,208,0,1,0.0,49.44107500341488,frame_fifo_full,,,,,,,,,,,,,,,,,,,,,,,,,,,,,,,,,,,,,,,,,,,,,,,,,,,,,,,,
rsg_object_detection,dropped_oldest,2024,rsg_20260806_132_304900000_002024,dropped,True,fifo_cached_frame,2024,208,0,1814,208,0,1,0.0,102.37934199540177,frame_fifo_full,,,,,,,,,,,,,,,,,,,,,,,,,,,,,,,,,,,,,,,,,,,,,,,,,,,,,,,,
rsg_object_detection,dropped_oldest,2025,rsg_20260806_132_404899999_002025,dropped,True,fifo_cached_frame,2025,208,0,1815,208,0,1,0.0,48.22455200337572,frame_fifo_full,,,,,,,,,,,,,,,,,,,,,,,,,,,,,,,,,,,,,,,,,,,,,,,,,,,,,,,,
rsg_object_detection,dropped_oldest,2026,rsg_20260806_132_454900000_002026,dropped,True,fifo_cached_frame,2026,208,0,1816,208,0,1,0.0,469.1291679991991,frame_fifo_full,,,,,,,,,,,,,,,,,,,,,,,,,,,,,,,,,,,,,,,,,,,,,,,,,,,,,,,,
rsg_object_detection,dropped_oldest,2027,rsg_20260806_132_604899999_002027,dropped,True,fifo_cached_frame,2027,208,0,1817,208,0,1,0.0,22.049277999030892,frame_fifo_full,,,,,,,,,,,,,,,,,,,,,,,,,,,,,,,,,,,,,,,,,,,,,,,,,,,,,,,,
rsg_object_detection,dropped_oldest,2028,rsg_20260806_132_704900000_002028,dropped,True,fifo_cached_frame,2028,208,0,1818,208,0,1,0.0,21.146788996702526,frame_fifo_full,,,,,,,,,,,,,,,,,,,,,,,,,,,,,,,,,,,,,,,,,,,,,,,,,,,,,,,,
rsg_object_detection,dropped_oldest,2029,rsg_20260806_132_754899999_002029,dropped,True,fifo_cached_frame,2029,208,0,1819,208,0,1,0.0,3.4865359994000755,frame_fifo_full,,,,,,,,,,,,,,,,,,,,,,,,,,,,,,,,,,,,,,,,,,,,,,,,,,,,,,,,
rsg_object_detection,dropped_oldest,2030,rsg_20260806_132_854899999_002030,dropped,True,fifo_cached_frame,2030,208,0,1820,208,0,1,0.0,4.131979992962442,frame_fifo_full,,,,,,,,,,,,,,,,,,,,,,,,,,,,,,,,,,,,,,,,,,,,,,,,,,,,,,,,
rsg_object_detection,dropped_oldest,2031,rsg_20260806_132_904899999_002031,dropped,True,fifo_cached_frame,2031,208,0,1821,208,0,1,0.0,4.192360996967182,frame_fifo_full,,,,,,,,,,,,,,,,,,,,,,,,,,,,,,,,,,,,,,,,,,,,,,,,,,,,,,,,
rsg_object_detection,dropped_oldest,2032,rsg_20260806_132_954900000_002032,dropped,True,fifo_cached_frame,2032,208,0,1822,208,0,1,0.0,28.459813998779282,frame_fifo_full,,,,,,,,,,,,,,,,,,,,,,,,,,,,,,,,,,,,,,,,,,,,,,,,,,,,,,,,
rsg_object_detection,dropped_oldest,2033,rsg_20260806_133_004899999_002033,dropped,True,fifo_cached_frame,2033,208,0,1823,208,0,1,0.0,52.24898499727715,frame_fifo_full,,,,,,,,,,,,,,,,,,,,,,,,,,,,,,,,,,,,,,,,,,,,,,,,,,,,,,,,
rsg_object_detection,frame_trace,2022,rsg_20260806_132_104899999_002022,sent_to_hydra,,,,,,,,,,,939.6045820030849,ok,18.10170699900482,880.1727740064962,37.4375350002083,0.1670970013947226,37.27043799881358,0.005792004230897874,1.8390550030744635,0.19701600103871897,326.1302860046271,17.253999998501968,0.007198999810498208,343.5885010039783,86.44534899212886,18.587638005556073,3.855094015307259,53.87489801069023,9.424390002095606,387.944485002663,3.297454008134082,1.3098950148560107,0.3450749791227281,1.7899060039781034,0.5751749995397404,0.006431997462641448,481.7312099985429,11.6876499960199,0.12728999718092382,41.14767800638219,0.05139000131748617,13.305435997608583,12.551517000247259,0.09602800128050148,0.6578909960808232,3.980369998316746,0.8105570013867691,0.0053440016927197576,3.886773993144743,8,0,8,0,0,,,,,,,,,,,,,,
rsg_object_detection,dropped_oldest,2035,rsg_20260806_133_154899999_002035,dropped,True,fifo_cached_frame,2035,209,0,1824,209,0,1,0.0,98.40560200245818,frame_fifo_full,,,,,,,,,,,,,,,,,,,,,,,,,,,,,,,,,,,,,,,,,,,,,,,,,,,,,,,,
rsg_object_detection,dropped_oldest,2036,rsg_20260806_133_254899999_002036,dropped,True,fifo_cached_frame,2036,209,0,1825,209,0,1,0.0,102.11852900101803,frame_fifo_full,,,,,,,,,,,,,,,,,,,,,,,,,,,,,,,,,,,,,,,,,,,,,,,,,,,,,,,,
rsg_object_detection,dropped_oldest,2037,rsg_20260806_133_354899999_002037,dropped,True,fifo_cached_frame,2037,209,0,1826,209,0,1,0.0,100.11106399906566,frame_fifo_full,,,,,,,,,,,,,,,,,,,,,,,,,,,,,,,,,,,,,,,,,,,,,,,,,,,,,,,,
rsg_object_detection,,600,rsg_20260806_43_904879999_000600,vlm_failed,,,,,,,,,,,,"{""label"":""unknown_object"",""label_confidence"":0.0,""mobility_class"":""unknown"",""mobility_confidence"":0.0}",,,,,,,,,,,,,,,,,,,,,,,,,,,,,,,,,,,,,,,,,,,rsg_obj_000049,rsg_unknown_rsg_20260806_43_904879999_000600_005_nanosam_003,,,6,0.6568054411721586,unknown_object,0.0,unknown,0.0,6218.249985999137,90014.29539800301,qwen_http,Qwen3-VL-8B-Instruct-GGUF
rsg_object_detection,completed,600,rsg_20260806_43_904879999_000600,,,,,,,,,,,83796.04355600168,,vlm_failed,,,,,,,,,,,,,,,,,,,,,,,,,,,,,,,,,,,,,,,,,,,rsg_obj_000049,rsg_unknown_rsg_20260806_43_904879999_000600_005_nanosam_003,78,300,6,0.6568054411721586,,,,,,,,
rsg_object_detection,dropped_oldest,2038,rsg_20260806_133_454900000_002038,dropped,True,fifo_cached_frame,2038,209,0,1827,209,0,1,0.0,119.97381500259507,frame_fifo_full,,,,,,,,,,,,,,,,,,,,,,,,,,,,,,,,,,,,,,,,,,,,,,,,,,,,,,,,
rsg_object_detection,dropped_oldest,2039,rsg_20260806_133_554900000_002039,dropped,True,fifo_cached_frame,2039,209,0,1828,209,0,1,0.0,79.18627899925923,frame_fifo_full,,,,,,,,,,,,,,,,,,,,,,,,,,,,,,,,,,,,,,,,,,,,,,,,,,,,,,,,
rsg_object_detection,frame_trace,2034,rsg_20260806_133_054900000_002034,sent_to_hydra,,,,,,,,,,,603.9171230004285,ok,15.043633000459522,538.6884770050528,47.07494100148324,0.16658499953337014,46.90835600194987,0.004063993401359767,1.9864740024786443,0.3181939973728731,322.6712600007886,18.52271299867425,0.006752001354470849,341.5189189981902,66.16217499686172,19.046689980314113,4.019694999442436,25.35588700993685,16.952030004176777,74.28553299541818,3.6160660165478475,2.8401010058587417,0.3608799815992825,1.339429996733088,0.47626699961256236,0.005631998647004366,149.10345899988897,5.386772994825151,0.13561000378103927,40.50732400355628,0.04991800233256072,10.738700999354478,10.091912998177577,0.10121200466528535,0.5455759965116158,3.4974469963344745,0.8026209980016574,0.004864006768912077,3.1060080000315793,8,0,8,0,0,,,,,,,,,,,,,,
rsg_object_detection,dequeued,546,rsg_20260806_40_404879999_000546,,,,,,,,,,,88471.60990600241,,fifo_order,,,,,,,,,,,,,,,,,,,,,,,,,,,,,,,,,,,,,,,,,,,rsg_obj_000051,rsg_unknown_rsg_20260806_40_404879999_000546_006_nanosam_000,77,300,3,0.40453043730886856,,,,,,,,
rsg_object_detection,dropped_oldest,2041,rsg_20260806_133_754899999_002041,dropped,True,fifo_cached_frame,2041,210,0,1829,210,0,1,0.0,101.51996300555766,frame_fifo_full,,,,,,,,,,,,,,,,,,,,,,,,,,,,,,,,,,,,,,,,,,,,,,,,,,,,,,,,
rsg_object_detection,dropped_oldest,2042,rsg_20260806_133_854899999_002042,dropped,True,fifo_cached_frame,2042,210,0,1830,210,0,1,0.0,50.424460001522675,frame_fifo_full,,,,,,,,,,,,,,,,,,,,,,,,,,,,,,,,,,,,,,,,,,,,,,,,,,,,,,,,
rsg_object_detection,dropped_oldest,2043,rsg_20260806_133_904899999_002043,dropped,True,fifo_cached_frame,2043,210,0,1831,210,0,1,0.0,49.24092700093752,frame_fifo_full,,,,,,,,,,,,,,,,,,,,,,,,,,,,,,,,,,,,,,,,,,,,,,,,,,,,,,,,
rsg_object_detection,dropped_oldest,2044,rsg_20260806_133_954900000_002044,dropped,True,fifo_cached_frame,2044,210,0,1832,210,0,1,0.0,105.50554899964482,frame_fifo_full,,,,,,,,,,,,,,,,,,,,,,,,,,,,,,,,,,,,,,,,,,,,,,,,,,,,,,,,
rsg_object_detection,dropped_oldest,2045,rsg_20260806_134_054900000_002045,dropped,True,fifo_cached_frame,2045,210,0,1833,210,0,1,0.0,70.80050500371726,frame_fifo_full,,,,,,,,,,,,,,,,,,,,,,,,,,,,,,,,,,,,,,,,,,,,,,,,,,,,,,,,
rsg_object_detection,dropped_oldest,2046,rsg_20260806_134_104899999_002046,dropped,True,fifo_cached_frame,2046,210,0,1834,211,0,1,0.0,36.620200000470504,frame_fifo_full,,,,,,,,,,,,,,,,,,,,,,,,,,,,,,,,,,,,,,,,,,,,,,,,,,,,,,,,
rsg_object_detection,frame_trace,2040,rsg_20260806_133_654899999_002040,sent_to_hydra,,,,,,,,,,,488.6945949983783,ok,15.65471100184368,433.671550003055,36.812124999414664,0.12504999904194847,36.687075000372715,0.006271999154705554,1.2910479999845847,1.8867019971366972,267.0906080020359,20.398439999553375,0.008704002539161593,289.3844540012651,43.872744994587265,16.69716099422658,3.8503270043293014,12.86366399290273,9.926864004228264,53.31457500142278,3.130615994450636,1.471201998356264,0.30417701054830104,1.2930640004924498,0.5369039936340414,0.005663998308591545,103.94708999956492,5.431731995486189,0.14754500443814322,33.42213099676883,0.04755000554723665,10.858984001970384,10.159046003536787,0.10620399552863091,0.5937340029049665,4.120204997889232,0.6699869991280138,0.005535002856049687,2.54993699491024,7,0,7,0,0,,,,,,,,,,,,,,
rsg_object_detection,dropped_oldest,2048,rsg_20260806_134_254899999_002048,dropped,True,fifo_cached_frame,2048,211,0,1835,211,0,1,0.0,49.87888699542964,frame_fifo_full,,,,,,,,,,,,,,,,,,,,,,,,,,,,,,,,,,,,,,,,,,,,,,,,,,,,,,,,
rsg_object_detection,dropped_oldest,2049,rsg_20260806_134_304900000_002049,dropped,True,fifo_cached_frame,2049,211,0,1836,211,0,1,0.0,52.03959399659652,frame_fifo_full,,,,,,,,,,,,,,,,,,,,,,,,,,,,,,,,,,,,,,,,,,,,,,,,,,,,,,,,
rsg_object_detection,dropped_oldest,2050,rsg_20260806_134_354899999_002050,dropped,True,fifo_cached_frame,2050,211,0,1837,211,0,1,0.0,48.46218100283295,frame_fifo_full,,,,,,,,,,,,,,,,,,,,,,,,,,,,,,,,,,,,,,,,,,,,,,,,,,,,,,,,
rsg_object_detection,dropped_oldest,2051,rsg_20260806_134_404899999_002051,dropped,True,fifo_cached_frame,2051,211,0,1838,211,0,1,0.0,49.706543002685066,frame_fifo_full,,,,,,,,,,,,,,,,,,,,,,,,,,,,,,,,,,,,,,,,,,,,,,,,,,,,,,,,
rsg_object_detection,dropped_oldest,2052,rsg_20260806_134_454900000_002052,dropped,True,fifo_cached_frame,2052,211,0,1839,211,0,1,0.0,121.91604299732717,frame_fifo_full,,,,,,,,,,,,,,,,,,,,,,,,,,,,,,,,,,,,,,,,,,,,,,,,,,,,,,,,
rsg_object_detection,dropped_oldest,2053,rsg_20260806_134_554900000_002053,dropped,True,fifo_cached_frame,2053,211,0,1840,211,0,1,0.0,103.93727299378952,frame_fifo_full,,,,,,,,,,,,,,,,,,,,,,,,,,,,,,,,,,,,,,,,,,,,,,,,,,,,,,,,
rsg_object_detection,frame_trace,2047,rsg_20260806_134_154899999_002047,sent_to_hydra,,,,,,,,,,,528.3603240022785,ok,11.600775003898889,507.00394099840196,7.21958999929484,0.14242599718272686,7.077164002112113,0.003040004230570048,3.9212050032801926,0.21935100085102022,335.99281599890674,16.42767000157619,0.00883099710335955,352.6486679984373,50.009728998702485,16.0879399991245,4.470045998459682,13.348285996471532,15.380225995613728,45.2488809969509,3.237233991967514,1.1221919994568452,0.3105790092376992,1.1964919976890087,0.45757999760098755,0.004831999831367284,101.6025909993914,8.573707003961317,0.15480900037800893,40.05697800312191,0.04598298983182758,5.835010000737384,5.247323999356013,0.09586799569660798,0.4918180056847632,5.067172001872677,0.6931850002729334,0.005408001015894115,2.532977996452246,7,0,7,0,0,,,,,,,,,,,,,,
rsg_object_detection,dropped_oldest,2055,rsg_20260806_134_704900000_002055,dropped,True,fifo_cached_frame,2055,212,0,1841,212,0,1,0.0,129.13304199901177,frame_fifo_full,,,,,,,,,,,,,,,,,,,,,,,,,,,,,,,,,,,,,,,,,,,,,,,,,,,,,,,,
rsg_object_detection,dropped_oldest,2056,rsg_20260806_134_854899999_002056,dropped,True,fifo_cached_frame,2056,212,0,1842,212,0,1,0.0,104.84068999357987,frame_fifo_full,,,,,,,,,,,,,,,,,,,,,,,,,,,,,,,,,,,,,,,,,,,,,,,,,,,,,,,,
rsg_object_detection,dropped_oldest,2057,rsg_20260806_134_954900000_002057,dropped,True,fifo_cached_frame,2057,212,0,1843,212,0,1,0.0,48.64172600355232,frame_fifo_full,,,,,,,,,,,,,,,,,,,,,,,,,,,,,,,,,,,,,,,,,,,,,,,,,,,,,,,,
rsg_object_detection,dropped_oldest,2058,rsg_20260806_135_004899999_002058,dropped,True,fifo_cached_frame,2058,212,0,1844,212,0,1,0.0,143.91224500286626,frame_fifo_full,,,,,,,,,,,,,,,,,,,,,,,,,,,,,,,,,,,,,,,,,,,,,,,,,,,,,,,,
rsg_object_detection,dropped_oldest,2059,rsg_20260806_135_104899999_002059,dropped,True,fifo_cached_frame,2059,212,0,1845,212,0,1,0.0,25.107741996180266,frame_fifo_full,,,,,,,,,,,,,,,,,,,,,,,,,,,,,,,,,,,,,,,,,,,,,,,,,,,,,,,,
rsg_object_detection,dropped_oldest,2060,rsg_20260806_135_154899999_002060,dropped,True,fifo_cached_frame,2060,212,0,1846,212,0,1,0.0,124.32906799949706,frame_fifo_full,,,,,,,,,,,,,,,,,,,,,,,,,,,,,,,,,,,,,,,,,,,,,,,,,,,,,,,,
rsg_object_detection,frame_trace,2054,rsg_20260806_134_654899999_002054,sent_to_hydra,,,,,,,,,,,630.5414029993699,ok,15.047635002702009,572.1512050004094,40.44185800012201,0.14357799955178052,40.29828000057023,0.0038720027077943087,5.236349003098439,0.18376800289843231,324.4405830046162,17.675422997854184,0.0070389942266047,342.3068129995954,83.61966701340862,23.25950300291879,5.374104992370121,39.97484100545989,14.220853998267557,79.47354199859546,3.8162500131875277,1.2220260032336228,0.42327897244831547,1.3905320010962896,0.4763949982589111,0.006143993232399225,170.4434819985181,10.196069000812713,0.15663299564039335,43.7629649968585,0.048894005885813385,10.3226880019065,9.553730000334326,0.09711599705042318,0.6718420045217499,4.012242003227584,0.707457002135925,0.005247995432000607,2.8968329934286885,8,0,8,0,0,,,,,,,,,,,,,,
rsg_object_detection,dropped_oldest,2062,rsg_20260806_135_354899999_002062,dropped,True,fifo_cached_frame,2062,213,0,1847,213,0,1,0.0,45.50452099647373,frame_fifo_full,,,,,,,,,,,,,,,,,,,,,,,,,,,,,,,,,,,,,,,,,,,,,,,,,,,,,,,,
rsg_object_detection,dropped_oldest,2063,rsg_20260806_135_404899999_002063,dropped,True,fifo_cached_frame,2063,213,0,1848,213,0,1,0.0,57.867087998602074,frame_fifo_full,,,,,,,,,,,,,,,,,,,,,,,,,,,,,,,,,,,,,,,,,,,,,,,,,,,,,,,,
rsg_object_detection,dropped_oldest,2064,rsg_20260806_135_454900000_002064,dropped,True,fifo_cached_frame,2064,213,0,1849,213,0,1,0.0,144.61890699749347,frame_fifo_full,,,,,,,,,,,,,,,,,,,,,,,,,,,,,,,,,,,,,,,,,,,,,,,,,,,,,,,,
rsg_object_detection,dropped_oldest,2065,rsg_20260806_135_604899999_002065,dropped,True,fifo_cached_frame,2065,213,0,1850,213,0,1,0.0,50.43198700150242,frame_fifo_full,,,,,,,,,,,,,,,,,,,,,,,,,,,,,,,,,,,,,,,,,,,,,,,,,,,,,,,,
rsg_object_detection,dropped_oldest,2066,rsg_20260806_135_654899999_002066,dropped,True,fifo_cached_frame,2066,213,0,1851,213,0,1,0.0,65.12091800686903,frame_fifo_full,,,,,,,,,,,,,,,,,,,,,,,,,,,,,,,,,,,,,,,,,,,,,,,,,,,,,,,,
rsg_object_detection,dropped_oldest,2067,rsg_20260806_135_704900000_002067,dropped,True,fifo_cached_frame,2067,213,0,1852,213,0,1,0.0,80.77761399908923,frame_fifo_full,,,,,,,,,,,,,,,,,,,,,,,,,,,,,,,,,,,,,,,,,,,,,,,,,,,,,,,,
rsg_object_detection,dropped_oldest,2068,rsg_20260806_135_804900000_002068,dropped,True,fifo_cached_frame,2068,213,0,1853,213,0,1,0.0,74.88087700039614,frame_fifo_full,,,,,,,,,,,,,,,,,,,,,,,,,,,,,,,,,,,,,,,,,,,,,,,,,,,,,,,,
rsg_object_detection,dropped_oldest,2069,rsg_20260806_135_854899999_002069,dropped,True,fifo_cached_frame,2069,213,0,1854,213,0,1,0.0,26.15806500398321,frame_fifo_full,,,,,,,,,,,,,,,,,,,,,,,,,,,,,,,,,,,,,,,,,,,,,,,,,,,,,,,,
rsg_object_detection,dropped_oldest,2070,rsg_20260806_135_904899999_002070,dropped,True,fifo_cached_frame,2070,213,0,1855,213,0,1,0.0,62.535781995393336,frame_fifo_full,,,,,,,,,,,,,,,,,,,,,,,,,,,,,,,,,,,,,,,,,,,,,,,,,,,,,,,,
rsg_object_detection,frame_trace,2061,rsg_20260806_135_254899999_002061,sent_to_hydra,,,,,,,,,,,676.2308399993344,ok,15.173293002590071,617.2558960024617,40.86497899697861,0.13196300278650597,40.7330159941921,0.003615998139139265,1.3010310067329556,0.23119000252336264,321.1599800051772,16.662668000208214,0.006751994078513235,338.0605900019873,159.28230300050927,17.619745987758506,6.34833300136961,108.63486700691283,26.029877990367822,68.4787879945361,3.4297400052309968,1.9157590068061836,0.40429899672744796,1.4328660035971552,0.6205169993336312,0.005311005224939436,235.58939000213286,5.755110003519803,0.15237800107570365,36.34565399988787,0.05174298712518066,10.824746001162566,10.165542997128796,0.08322799840243533,0.5759750056313351,3.553477996319998,0.7881250057835132,0.006943999323993921,2.933055999164935,8,0,7,0,0,,,,,,,,,,,,,,
rsg_object_detection,dropped_oldest,2071,rsg_20260806_135_954900000_002071,dropped,True,fifo_cached_frame,2071,213,0,1856,214,0,1,0.0,45.96094900625758,frame_fifo_full,,,,,,,,,,,,,,,,,,,,,,,,,,,,,,,,,,,,,,,,,,,,,,,,,,,,,,,,
rsg_object_detection,dropped_oldest,2073,rsg_20260806_136_104899999_002073,dropped,True,fifo_cached_frame,2073,214,0,1857,214,0,1,0.0,50.794823000615,frame_fifo_full,,,,,,,,,,,,,,,,,,,,,,,,,,,,,,,,,,,,,,,,,,,,,,,,,,,,,,,,
rsg_object_detection,dropped_oldest,2074,rsg_20260806_136_154899999_002074,dropped,True,fifo_cached_frame,2074,214,0,1858,214,0,1,0.0,99.9988339972333,frame_fifo_full,,,,,,,,,,,,,,,,,,,,,,,,,,,,,,,,,,,,,,,,,,,,,,,,,,,,,,,,
rsg_object_detection,dropped_oldest,2075,rsg_20260806_136_254899999_002075,dropped,True,fifo_cached_frame,2075,214,0,1859,214,0,1,0.0,113.53872800100362,frame_fifo_full,,,,,,,,,,,,,,,,,,,,,,,,,,,,,,,,,,,,,,,,,,,,,,,,,,,,,,,,
rsg_object_detection,dropped_oldest,2076,rsg_20260806_136_354899999_002076,dropped,True,fifo_cached_frame,2076,214,0,1860,214,0,1,0.0,36.41611799685052,frame_fifo_full,,,,,,,,,,,,,,,,,,,,,,,,,,,,,,,,,,,,,,,,,,,,,,,,,,,,,,,,
rsg_object_detection,dropped_oldest,2077,rsg_20260806_136_404899999_002077,dropped,True,fifo_cached_frame,2077,214,0,1861,214,0,1,0.0,59.49441399570787,frame_fifo_full,,,,,,,,,,,,,,,,,,,,,,,,,,,,,,,,,,,,,,,,,,,,,,,,,,,,,,,,
rsg_object_detection,dropped_oldest,2078,rsg_20260806_136_454900000_002078,dropped,True,fifo_cached_frame,2078,214,0,1862,214,0,1,0.0,164.06856999674346,frame_fifo_full,,,,,,,,,,,,,,,,,,,,,,,,,,,,,,,,,,,,,,,,,,,,,,,,,,,,,,,,
rsg_object_detection,frame_trace,2072,rsg_20260806_136_004899999_002072,sent_to_hydra,,,,,,,,,,,626.0722580045694,ok,14.406672002223786,606.7396880025626,2.2827810025773942,0.1711290024104528,2.1116520001669414,0.003360000846441835,4.366593995655421,0.22261399863054976,359.0118629945209,18.359460998908617,0.007840004400350153,377.60177799646044,118.80218101578066,25.126526998064946,13.483192000421695,53.24962999293348,26.05301500443602,58.129353004915174,4.002162990218494,1.2414190132403746,0.33771097514545545,1.3347899948712438,0.38801500340923667,0.007679998816456646,184.26132800232153,3.0598349985666573,0.15832899953238666,37.244210005155765,0.04761400487041101,9.63862299977336,8.892639001714997,0.11100400297436863,0.6349799950839952,4.056592006236315,0.7057289985823445,0.005727997631765902,2.6397569963592105,7,0,7,0,0,,,,,,,,,,,,,,
rsg_object_detection,dropped_oldest,2080,rsg_20260806_136_654899999_002080,dropped,True,fifo_cached_frame,2080,215,0,1863,215,0,1,0.0,29.37904599821195,frame_fifo_full,,,,,,,,,,,,,,,,,,,,,,,,,,,,,,,,,,,,,,,,,,,,,,,,,,,,,,,,
rsg_object_detection,dropped_oldest,2081,rsg_20260806_136_704900000_002081,dropped,True,fifo_cached_frame,2081,215,0,1864,215,0,1,0.0,49.770707002608106,frame_fifo_full,,,,,,,,,,,,,,,,,,,,,,,,,,,,,,,,,,,,,,,,,,,,,,,,,,,,,,,,
rsg_object_detection,dropped_oldest,2082,rsg_20260806_136_754899999_002082,dropped,True,fifo_cached_frame,2082,215,0,1865,215,0,1,0.0,100.19741799624171,frame_fifo_full,,,,,,,,,,,,,,,,,,,,,,,,,,,,,,,,,,,,,,,,,,,,,,,,,,,,,,,,
rsg_object_detection,dropped_oldest,2083,rsg_20260806_136_854899999_002083,dropped,True,fifo_cached_frame,2083,215,0,1866,215,0,1,0.0,63.85080100153573,frame_fifo_full,,,,,,,,,,,,,,,,,,,,,,,,,,,,,,,,,,,,,,,,,,,,,,,,,,,,,,,,
rsg_object_detection,dropped_oldest,2084,rsg_20260806_136_904899999_002084,dropped,True,fifo_cached_frame,2084,215,0,1867,215,0,1,0.0,36.03421399748186,frame_fifo_full,,,,,,,,,,,,,,,,,,,,,,,,,,,,,,,,,,,,,,,,,,,,,,,,,,,,,,,,
rsg_object_detection,dropped_oldest,2085,rsg_20260806_136_954900000_002085,dropped,True,fifo_cached_frame,2085,215,0,1868,215,0,1,0.0,68.04453899530927,frame_fifo_full,,,,,,,,,,,,,,,,,,,,,,,,,,,,,,,,,,,,,,,,,,,,,,,,,,,,,,,,
rsg_object_detection,dropped_oldest,2086,rsg_20260806_137_004899999_002086,dropped,True,fifo_cached_frame,2086,215,0,1869,215,0,1,0.0,42.59530600393191,frame_fifo_full,,,,,,,,,,,,,,,,,,,,,,,,,,,,,,,,,,,,,,,,,,,,,,,,,,,,,,,,
rsg_object_detection,dropped_oldest,2087,rsg_20260806_137_054900000_002087,dropped,True,fifo_cached_frame,2087,215,0,1870,215,0,1,0.0,109.84833599650301,frame_fifo_full,,,,,,,,,,,,,,,,,,,,,,,,,,,,,,,,,,,,,,,,,,,,,,,,,,,,,,,,
rsg_object_detection,dropped_oldest,2088,rsg_20260806_137_154899999_002088,dropped,True,fifo_cached_frame,2088,215,0,1871,215,0,1,0.0,105.36516999854939,frame_fifo_full,,,,,,,,,,,,,,,,,,,,,,,,,,,,,,,,,,,,,,,,,,,,,,,,,,,,,,,,
rsg_object_detection,dropped_oldest,2089,rsg_20260806_137_204900000_002089,dropped,True,fifo_cached_frame,2089,215,0,1872,215,0,1,0.0,14.320021000457928,frame_fifo_full,,,,,,,,,,,,,,,,,,,,,,,,,,,,,,,,,,,,,,,,,,,,,,,,,,,,,,,,
rsg_object_detection,dropped_oldest,2090,rsg_20260806_137_254899999_002090,dropped,True,fifo_cached_frame,2090,215,0,1873,215,0,1,0.0,101.26288299943553,frame_fifo_full,,,,,,,,,,,,,,,,,,,,,,,,,,,,,,,,,,,,,,,,,,,,,,,,,,,,,,,,
rsg_object_detection,frame_trace,2079,rsg_20260806_136_604899999_002079,sent_to_hydra,,,,,,,,,,,790.5069539992837,ok,18.457537997164764,725.9291099981056,43.05973400187213,0.1243150036316365,42.93541899824049,0.0028469949029386044,5.7674940035212785,0.5269210014375858,397.90406999964034,14.48273300047731,0.008287999662570655,412.9220120012178,163.97965700161876,19.987741005024873,7.047887993394397,118.60875799902715,17.641413993260358,76.78711100015789,3.2489149816683494,1.7810439894674346,0.3488800284685567,1.4697930018883198,0.6251250015338883,0.004959001671522856,248.26746699545765,16.414138000982348,0.15724099648650736,42.356919999292586,0.043838001147378236,13.296353004989214,12.670044001424685,0.09567600500304252,0.5306329985614866,4.508412996074185,0.6479399962699972,0.004831999831367284,3.057725007238332,7,0,7,0,0,,,,,,,,,,,,,,
rsg_object_detection,dropped_oldest,2092,rsg_20260806_137_354899999_002092,dropped,True,fifo_cached_frame,2091,215,0,1874,216,0,1,0.0,52.47187399800168,frame_fifo_full,,,,,,,,,,,,,,,,,,,,,,,,,,,,,,,,,,,,,,,,,,,,,,,,,,,,,,,,
rsg_object_detection,dropped_oldest,2093,rsg_20260806_137_404899999_002093,dropped,True,fifo_cached_frame,2092,216,0,1875,216,0,1,0.0,10.338720996514894,frame_fifo_full,,,,,,,,,,,,,,,,,,,,,,,,,,,,,,,,,,,,,,,,,,,,,,,,,,,,,,,,
rsg_object_detection,dropped_oldest,2095,rsg_20260806_137_504899999_002095,dropped,True,fifo_cached_frame,2094,216,0,1876,216,0,1,0.0,118.38620599883143,frame_fifo_full,,,,,,,,,,,,,,,,,,,,,,,,,,,,,,,,,,,,,,,,,,,,,,,,,,,,,,,,
rsg_object_detection,dropped_oldest,2096,rsg_20260806_137_604899999_002096,dropped,True,fifo_cached_frame,2095,216,0,1877,216,0,1,0.0,35.83902600075817,frame_fifo_full,,,,,,,,,,,,,,,,,,,,,,,,,,,,,,,,,,,,,,,,,,,,,,,,,,,,,,,,
rsg_object_detection,dropped_oldest,2097,rsg_20260806_137_654899999_002097,dropped,True,fifo_cached_frame,2096,216,0,1878,216,0,1,0.0,43.0718329953379,frame_fifo_full,,,,,,,,,,,,,,,,,,,,,,,,,,,,,,,,,,,,,,,,,,,,,,,,,,,,,,,,
rsg_object_detection,dropped_oldest,2098,rsg_20260806_137_704900000_002098,dropped,True,fifo_cached_frame,2097,216,0,1879,216,0,1,0.0,150.60993200313533,frame_fifo_full,,,,,,,,,,,,,,,,,,,,,,,,,,,,,,,,,,,,,,,,,,,,,,,,,,,,,,,,
rsg_object_detection,dropped_oldest,2099,rsg_20260806_137_854899999_002099,dropped,True,fifo_cached_frame,2098,216,0,1880,216,0,1,0.0,74.03542099928018,frame_fifo_full,,,,,,,,,,,,,,,,,,,,,,,,,,,,,,,,,,,,,,,,,,,,,,,,,,,,,,,,
rsg_object_detection,dropped_oldest,2100,rsg_20260806_137_904899999_002100,dropped,True,fifo_cached_frame,2099,216,0,1881,216,0,1,0.0,76.6067340009613,frame_fifo_full,,,,,,,,,,,,,,,,,,,,,,,,,,,,,,,,,,,,,,,,,,,,,,,,,,,,,,,,
rsg_object_detection,frame_trace,2094,rsg_20260806_137_454900000_002094,sent_to_hydra,,,,,,,,,,,604.6943839974119,ok,12.367976996756624,589.7282150035608,0.8366679976461455,0.14837799972156063,0.6882899979245849,0.003359004040248692,1.7168859994853847,0.24459700216539204,385.87111399829155,21.956585995212663,0.006080008461140096,408.07837700413074,85.2731419945485,20.51629601191962,6.706910004140809,38.017745995603036,18.929804005892947,59.528047997446265,3.1450809983653016,1.375877000100445,0.32158600515685976,1.219691002916079,0.44535600318340585,0.004351997631601989,151.33022100053495,3.8540409950655885,0.11036399519070983,24.594679998699576,0.04364601045381278,7.675124004890677,7.023440004559234,0.09014000534079969,0.5615439949906431,4.059792001498863,0.6265330011956394,0.00652798917144537,1.7581649954081513,7,0,6,0,0,,,,,,,,,,,,,,
rsg_object_detection,dropped_oldest,2102,rsg_20260806_138_054900000_002102,dropped,True,fifo_cached_frame,2101,217,0,1882,217,0,1,0.0,124.17303700203774,frame_fifo_full,,,,,,,,,,,,,,,,,,,,,,,,,,,,,,,,,,,,,,,,,,,,,,,,,,,,,,,,
rsg_object_detection,dropped_oldest,2103,rsg_20260806_138_204900000_002103,dropped,True,fifo_cached_frame,2102,217,0,1883,217,0,1,0.0,61.2894489968312,frame_fifo_full,,,,,,,,,,,,,,,,,,,,,,,,,,,,,,,,,,,,,,,,,,,,,,,,,,,,,,,,
rsg_object_detection,dropped_oldest,2104,rsg_20260806_138_254899999_002104,dropped,True,fifo_cached_frame,2103,217,0,1884,217,0,1,0.0,86.35812599823112,frame_fifo_full,,,,,,,,,,,,,,,,,,,,,,,,,,,,,,,,,,,,,,,,,,,,,,,,,,,,,,,,
rsg_object_detection,dropped_oldest,2105,rsg_20260806_138_354899999_002105,dropped,True,fifo_cached_frame,2104,217,0,1885,217,0,1,0.0,50.34851299569709,frame_fifo_full,,,,,,,,,,,,,,,,,,,,,,,,,,,,,,,,,,,,,,,,,,,,,,,,,,,,,,,,
rsg_object_detection,dropped_oldest,2106,rsg_20260806_138_404899999_002106,dropped,True,fifo_cached_frame,2105,217,0,1886,217,0,1,0.0,52.39424900355516,frame_fifo_full,,,,,,,,,,,,,,,,,,,,,,,,,,,,,,,,,,,,,,,,,,,,,,,,,,,,,,,,
rsg_object_detection,dropped_oldest,2107,rsg_20260806_138_454900000_002107,dropped,True,fifo_cached_frame,2106,217,0,1887,217,0,1,0.0,172.57622600300238,frame_fifo_full,,,,,,,,,,,,,,,,,,,,,,,,,,,,,,,,,,,,,,,,,,,,,,,,,,,,,,,,
rsg_object_detection,dropped_oldest,2108,rsg_20260806_138_554900000_002108,dropped,True,fifo_cached_frame,2107,217,0,1888,217,0,1,0.0,28.50628899614094,frame_fifo_full,,,,,,,,,,,,,,,,,,,,,,,,,,,,,,,,,,,,,,,,,,,,,,,,,,,,,,,,
rsg_object_detection,frame_trace,2101,rsg_20260806_138_004899999_002101,sent_to_hydra,,,,,,,,,,,705.6239189987537,ok,10.66997099405853,618.3831149974139,74.29003500146791,0.11906700092367828,74.17096800054424,0.0028479989850893617,5.148320997250266,0.19874399731634185,377.1632940042764,20.140986998740118,0.0074219933594577014,397.5104469936923,72.41895201150328,23.871898993093055,8.258043999376241,17.59674300410552,20.69785899220733,89.99700900312746,6.548548000864685,7.914505993539933,0.6107589870225638,1.5015989993116818,0.3285939965280704,0.005375004548113793,179.34451000473928,3.739326995855663,0.15042500308481976,32.44237500621239,0.04770999657921493,5.713545004255138,4.892780998488888,0.09247599518857896,0.7282880105776712,4.272263002349064,0.6790749976062216,0.0050879898481070995,2.2779500068281777,8,0,7,0,0,,,,,,,,,,,,,,
rsg_object_detection,dropped_oldest,2110,rsg_20260806_138_754899999_002110,dropped,True,fifo_cached_frame,2109,218,0,1889,218,0,1,0.0,110.00545699789654,frame_fifo_full,,,,,,,,,,,,,,,,,,,,,,,,,,,,,,,,,,,,,,,,,,,,,,,,,,,,,,,,
rsg_object_detection,dropped_oldest,2111,rsg_20260806_138_854899999_002111,dropped,True,fifo_cached_frame,2110,218,0,1890,218,0,1,0.0,40.92303200013703,frame_fifo_full,,,,,,,,,,,,,,,,,,,,,,,,,,,,,,,,,,,,,,,,,,,,,,,,,,,,,,,,
rsg_object_detection,dropped_oldest,2112,rsg_20260806_138_904899999_002112,dropped,True,fifo_cached_frame,2111,218,0,1891,218,0,1,0.0,103.5891579958843,frame_fifo_full,,,,,,,,,,,,,,,,,,,,,,,,,,,,,,,,,,,,,,,,,,,,,,,,,,,,,,,,
rsg_object_detection,dropped_oldest,2113,rsg_20260806_139_004899999_002113,dropped,True,fifo_cached_frame,2112,218,0,1892,218,0,1,0.0,50.106444003176875,frame_fifo_full,,,,,,,,,,,,,,,,,,,,,,,,,,,,,,,,,,,,,,,,,,,,,,,,,,,,,,,,
rsg_object_detection,dropped_oldest,2114,rsg_20260806_139_054900000_002114,dropped,True,fifo_cached_frame,2113,218,0,1893,218,0,1,0.0,189.52270700538065,frame_fifo_full,,,,,,,,,,,,,,,,,,,,,,,,,,,,,,,,,,,,,,,,,,,,,,,,,,,,,,,,
rsg_object_detection,dropped_oldest,2115,rsg_20260806_139_204900000_002115,dropped,True,fifo_cached_frame,2114,218,0,1894,218,0,1,0.0,36.32617800030857,frame_fifo_full,,,,,,,,,,,,,,,,,,,,,,,,,,,,,,,,,,,,,,,,,,,,,,,,,,,,,,,,
rsg_object_detection,dropped_oldest,2116,rsg_20260806_139_254899999_002116,dropped,True,fifo_cached_frame,2115,218,0,1895,218,0,1,0.0,74.58852800482418,frame_fifo_full,,,,,,,,,,,,,,,,,,,,,,,,,,,,,,,,,,,,,,,,,,,,,,,,,,,,,,,,
rsg_object_detection,frame_trace,2109,rsg_20260806_138_654899999_002109,sent_to_hydra,,,,,,,,,,,703.017784995609,ok,16.73764699808089,605.4633090025163,78.36672700068448,0.16482499631820247,78.20190200436627,0.004063993401359767,1.0819690069183707,0.20719099848065525,357.39131800073665,14.648616001068149,0.006591995770577341,372.253716996056,99.96791400044458,24.968268007796723,7.160686000133865,43.44561501056887,23.622277993126772,84.74965699861059,3.756255995540414,2.528115001041442,0.38974100607447326,1.7013030010275543,0.8318679974763654,0.005599998985417187,193.94757300324272,7.289732995559461,0.15285800327546895,30.680085001222324,0.0573739962419495,7.996840002306271,7.272262999322265,0.09487599891144782,0.6297010040725581,3.625090997957159,5.11046800238546,0.005247995432000607,2.4460380009259097,7,0,7,0,0,,,,,,,,,,,,,,
rsg_object_detection,dropped_oldest,2118,rsg_20260806_139_404899999_002118,dropped,True,fifo_cached_frame,2117,219,0,1896,219,0,1,0.0,51.599662998341955,frame_fifo_full,,,,,,,,,,,,,,,,,,,,,,,,,,,,,,,,,,,,,,,,,,,,,,,,,,,,,,,,
rsg_object_detection,dropped_oldest,2119,rsg_20260806_139_454900000_002119,dropped,True,fifo_cached_frame,2118,219,0,1897,219,0,1,0.0,37.71015000529587,frame_fifo_full,,,,,,,,,,,,,,,,,,,,,,,,,,,,,,,,,,,,,,,,,,,,,,,,,,,,,,,,
rsg_object_detection,dropped_oldest,2120,rsg_20260806_139_504899999_002120,dropped,True,fifo_cached_frame,2119,219,0,1898,219,0,1,0.0,53.00725100096315,frame_fifo_full,,,,,,,,,,,,,,,,,,,,,,,,,,,,,,,,,,,,,,,,,,,,,,,,,,,,,,,,
rsg_object_detection,dropped_oldest,2121,rsg_20260806_139_554900000_002121,dropped,True,fifo_cached_frame,2120,219,0,1899,219,0,1,0.0,150.34529300464783,frame_fifo_full,,,,,,,,,,,,,,,,,,,,,,,,,,,,,,,,,,,,,,,,,,,,,,,,,,,,,,,,
rsg_object_detection,dropped_oldest,2122,rsg_20260806_139_704900000_002122,dropped,True,fifo_cached_frame,2121,219,0,1900,219,0,1,0.0,49.982933000137564,frame_fifo_full,,,,,,,,,,,,,,,,,,,,,,,,,,,,,,,,,,,,,,,,,,,,,,,,,,,,,,,,
rsg_object_detection,dropped_oldest,2123,rsg_20260806_139_754899999_002123,dropped,True,fifo_cached_frame,2122,219,0,1901,219,0,1,0.0,97.88515500258654,frame_fifo_full,,,,,,,,,,,,,,,,,,,,,,,,,,,,,,,,,,,,,,,,,,,,,,,,,,,,,,,,
rsg_object_detection,,546,rsg_20260806_40_404879999_000546,vlm_failed,,,,,,,,,,,,"{""label"":""unknown_object"",""label_confidence"":0.0,""mobility_class"":""unknown"",""mobility_confidence"":0.0}",,,,,,,,,,,,,,,,,,,,,,,,,,,,,,,,,,,,,,,,,,,rsg_obj_000051,rsg_unknown_rsg_20260806_40_404879999_000546_006_nanosam_000,,,3,0.40453043730886856,unknown_object,0.0,unknown,0.0,6135.323861999495,94606.9353999992,qwen_http,Qwen3-VL-8B-Instruct-GGUF
rsg_object_detection,completed,546,rsg_20260806_40_404879999_000546,,,,,,,,,,,88471.60990600241,,vlm_failed,,,,,,,,,,,,,,,,,,,,,,,,,,,,,,,,,,,,,,,,,,,rsg_obj_000051,rsg_unknown_rsg_20260806_40_404879999_000546_006_nanosam_000,83,300,3,0.40453043730886856,,,,,,,,
rsg_object_detection,dropped_oldest,2124,rsg_20260806_139_854899999_002124,dropped,True,fifo_cached_frame,2123,219,0,1902,219,0,1,0.0,50.38384399813367,frame_fifo_full,,,,,,,,,,,,,,,,,,,,,,,,,,,,,,,,,,,,,,,,,,,,,,,,,,,,,,,,
rsg_object_detection,dropped_oldest,2125,rsg_20260806_139_904899999_002125,dropped,True,fifo_cached_frame,2124,219,0,1903,219,0,1,0.0,108.63422800321132,frame_fifo_full,,,,,,,,,,,,,,,,,,,,,,,,,,,,,,,,,,,,,,,,,,,,,,,,,,,,,,,,
rsg_object_detection,dropped_oldest,2126,rsg_20260806_139_954900000_002126,dropped,True,fifo_cached_frame,2125,219,0,1904,219,0,1,0.0,88.29289899586001,frame_fifo_full,,,,,,,,,,,,,,,,,,,,,,,,,,,,,,,,,,,,,,,,,,,,,,,,,,,,,,,,
rsg_object_detection,dropped_oldest,2127,rsg_20260806_140_054900000_002127,dropped,True,fifo_cached_frame,2126,219,0,1905,219,0,1,0.0,8.64900400483748,frame_fifo_full,,,,,,,,,,,,,,,,,,,,,,,,,,,,,,,,,,,,,,,,,,,,,,,,,,,,,,,,
rsg_object_detection,frame_trace,2117,rsg_20260806_139_354899999_002117,sent_to_hydra,,,,,,,,,,,760.4068630025722,ok,14.855649002129212,721.5084429990384,21.360519000154454,0.14309799735201523,21.21742100280244,0.00384000304620713,1.0966240006382577,0.3201139988959767,500.10240400297334,18.895025001256727,0.008319999324157834,519.3258630024502,72.36792001640424,19.63640100439079,4.437634990608785,21.674775998690166,25.857763990643434,76.48486200196203,3.5222149890614673,1.3857979938620701,0.3376159947947599,1.2758810044033453,0.584453999181278,0.0043199979700148106,155.97970600356348,3.749982002773322,0.1350980019196868,41.16817899921443,0.05299098847899586,10.554586006037425,9.94645199534716,0.08610800432506949,0.5220260063651949,3.438476000155788,0.8575309984735213,0.005055997462477535,2.6784119982039556,8,0,7,0,0,,,,,,,,,,,,,,
rsg_object_detection,dequeued,607,rsg_20260806_44_504880000_000607,,,,,,,,,,,94792.81504400569,,fifo_order,,,,,,,,,,,,,,,,,,,,,,,,,,,,,,,,,,,,,,,,,,,rsg_obj_000052,rsg_unknown_rsg_20260806_44_504880000_000607_006_nanosam_003,82,300,6,0.6615153681073096,,,,,,,,
rsg_object_detection,dropped_oldest,2129,rsg_20260806_140_154899999_002129,dropped,True,fifo_cached_frame,2128,220,0,1906,220,0,1,0.0,37.64989899354987,frame_fifo_full,,,,,,,,,,,,,,,,,,,,,,,,,,,,,,,,,,,,,,,,,,,,,,,,,,,,,,,,
rsg_object_detection,dropped_oldest,2130,rsg_20260806_140_204900000_002130,dropped,True,fifo_cached_frame,2129,220,0,1907,220,0,1,0.0,51.871845993446186,frame_fifo_full,,,,,,,,,,,,,,,,,,,,,,,,,,,,,,,,,,,,,,,,,,,,,,,,,,,,,,,,
rsg_object_detection,dropped_oldest,2131,rsg_20260806_140_254899999_002131,dropped,True,fifo_cached_frame,2130,220,0,1908,220,0,1,0.0,98.03891499905149,frame_fifo_full,,,,,,,,,,,,,,,,,,,,,,,,,,,,,,,,,,,,,,,,,,,,,,,,,,,,,,,,
rsg_object_detection,dropped_oldest,2132,rsg_20260806_140_354899999_002132,dropped,True,fifo_cached_frame,2131,220,0,1909,220,0,1,0.0,53.39670900139026,frame_fifo_full,,,,,,,,,,,,,,,,,,,,,,,,,,,,,,,,,,,,,,,,,,,,,,,,,,,,,,,,
rsg_object_detection,dropped_oldest,2133,rsg_20260806_140_404899999_002133,dropped,True,fifo_cached_frame,2132,220,0,1910,220,0,1,0.0,49.589737005589996,frame_fifo_full,,,,,,,,,,,,,,,,,,,,,,,,,,,,,,,,,,,,,,,,,,,,,,,,,,,,,,,,
rsg_object_detection,dropped_oldest,2134,rsg_20260806_140_454900000_002134,dropped,True,fifo_cached_frame,2133,220,0,1911,220,0,1,0.0,51.68145499919774,frame_fifo_full,,,,,,,,,,,,,,,,,,,,,,,,,,,,,,,,,,,,,,,,,,,,,,,,,,,,,,,,
rsg_object_detection,dropped_oldest,2135,rsg_20260806_140_504899999_002135,dropped,True,fifo_cached_frame,2134,220,0,1912,220,0,1,0.0,60.536689998116344,frame_fifo_full,,,,,,,,,,,,,,,,,,,,,,,,,,,,,,,,,,,,,,,,,,,,,,,,,,,,,,,,
rsg_object_detection,dropped_oldest,2136,rsg_20260806_140_554900000_002136,dropped,True,fifo_cached_frame,2135,220,0,1913,220,0,1,0.0,47.05742999794893,frame_fifo_full,,,,,,,,,,,,,,,,,,,,,,,,,,,,,,,,,,,,,,,,,,,,,,,,,,,,,,,,
rsg_object_detection,dropped_oldest,2137,rsg_20260806_140_604899999_002137,dropped,True,fifo_cached_frame,2136,220,0,1914,220,0,1,0.0,66.6452270015725,frame_fifo_full,,,,,,,,,,,,,,,,,,,,,,,,,,,,,,,,,,,,,,,,,,,,,,,,,,,,,,,,
rsg_object_detection,dropped_oldest,2138,rsg_20260806_140_654899999_002138,dropped,True,fifo_cached_frame,2137,220,0,1915,220,0,1,0.0,23.77011200587731,frame_fifo_full,,,,,,,,,,,,,,,,,,,,,,,,,,,,,,,,,,,,,,,,,,,,,,,,,,,,,,,,
rsg_object_detection,dropped_oldest,2139,rsg_20260806_140_704900000_002139,dropped,True,fifo_cached_frame,2138,220,0,1916,220,0,1,0.0,54.0535450054449,frame_fifo_full,,,,,,,,,,,,,,,,,,,,,,,,,,,,,,,,,,,,,,,,,,,,,,,,,,,,,,,,
rsg_object_detection,frame_trace,2128,rsg_20260806_140_104899999_002128,sent_to_hydra,,,,,,,,,,,661.7515760008246,ok,15.840566004044376,604.0866350012948,38.71625300234882,0.15570499817840755,38.560548004170414,0.00492799881612882,4.9051969981519505,0.6953620031708851,372.5452420039801,21.544256997003686,0.007071997970342636,394.791933002125,81.49853899521986,33.817009985796176,8.756901988817845,23.20821899775183,14.99714500096161,63.935455997125246,4.986985986761283,2.816997017362155,0.4138390067964792,1.6143949978868477,0.6384359949151985,0.005440000677481294,155.92723900044803,6.8547769988072105,0.1361539980280213,41.42749700258719,0.043838001147378236,11.757861997466534,11.114208995422814,0.09343599958810955,0.5502170024556108,3.37140700139571,0.7054729940136895,0.0058240111684426665,3.1031939943204634,8,0,8,0,0,,,,,,,,,,,,,,
rsg_object_detection,dropped_oldest,2141,rsg_20260806_140_804900000_002141,dropped,True,fifo_cached_frame,2140,221,0,1917,221,0,1,0.0,45.74906999914674,frame_fifo_full,,,,,,,,,,,,,,,,,,,,,,,,,,,,,,,,,,,,,,,,,,,,,,,,,,,,,,,,
rsg_object_detection,dropped_oldest,2142,rsg_20260806_140_854899999_002142,dropped,True,fifo_cached_frame,2141,221,0,1918,221,0,1,0.0,49.958808995143045,frame_fifo_full,,,,,,,,,,,,,,,,,,,,,,,,,,,,,,,,,,,,,,,,,,,,,,,,,,,,,,,,
rsg_object_detection,dropped_oldest,2143,rsg_20260806_140_904899999_002143,dropped,True,fifo_cached_frame,2142,221,0,1919,221,0,1,0.0,54.20982700161403,frame_fifo_full,,,,,,,,,,,,,,,,,,,,,,,,,,,,,,,,,,,,,,,,,,,,,,,,,,,,,,,,
rsg_object_detection,dropped_oldest,2144,rsg_20260806_140_954900000_002144,dropped,True,fifo_cached_frame,2143,221,0,1920,221,0,1,0.0,48.028972996689845,frame_fifo_full,,,,,,,,,,,,,,,,,,,,,,,,,,,,,,,,,,,,,,,,,,,,,,,,,,,,,,,,
rsg_object_detection,dropped_oldest,2145,rsg_20260806_141_004899999_002145,dropped,True,fifo_cached_frame,2144,221,0,1921,221,0,1,0.0,48.80938700080151,frame_fifo_full,,,,,,,,,,,,,,,,,,,,,,,,,,,,,,,,,,,,,,,,,,,,,,,,,,,,,,,,
rsg_object_detection,dropped_oldest,2146,rsg_20260806_141_054900000_002146,dropped,True,fifo_cached_frame,2145,221,0,1922,221,0,1,0.0,110.22611000225879,frame_fifo_full,,,,,,,,,,,,,,,,,,,,,,,,,,,,,,,,,,,,,,,,,,,,,,,,,,,,,,,,
rsg_object_detection,dropped_oldest,2147,rsg_20260806_141_154899999_002147,dropped,True,fifo_cached_frame,2146,221,0,1923,221,0,1,0.0,39.47625600267202,frame_fifo_full,,,,,,,,,,,,,,,,,,,,,,,,,,,,,,,,,,,,,,,,,,,,,,,,,,,,,,,,
rsg_object_detection,dropped_oldest,2148,rsg_20260806_141_204900000_002148,dropped,True,fifo_cached_frame,2147,221,0,1924,221,0,1,0.0,55.05209799594013,frame_fifo_full,,,,,,,,,,,,,,,,,,,,,,,,,,,,,,,,,,,,,,,,,,,,,,,,,,,,,,,,
rsg_object_detection,dropped_oldest,2149,rsg_20260806_141_254899999_002149,dropped,True,fifo_cached_frame,2148,221,0,1925,221,0,1,0.0,57.85370599915041,frame_fifo_full,,,,,,,,,,,,,,,,,,,,,,,,,,,,,,,,,,,,,,,,,,,,,,,,,,,,,,,,
rsg_object_detection,dropped_oldest,2150,rsg_20260806_141_304900000_002150,dropped,True,fifo_cached_frame,2149,221,0,1926,221,0,1,0.0,39.10785599873634,frame_fifo_full,,,,,,,,,,,,,,,,,,,,,,,,,,,,,,,,,,,,,,,,,,,,,,,,,,,,,,,,
rsg_object_detection,dropped_oldest,2151,rsg_20260806_141_354899999_002151,dropped,True,fifo_cached_frame,2150,221,0,1927,221,0,1,0.0,68.83233799453592,frame_fifo_full,,,,,,,,,,,,,,,,,,,,,,,,,,,,,,,,,,,,,,,,,,,,,,,,,,,,,,,,
rsg_object_detection,frame_trace,2140,rsg_20260806_140_754899999_002140,sent_to_hydra,,,,,,,,,,,673.8448410033016,ok,13.085901002341416,614.5759350038134,43.22745100216707,0.16130500443978235,43.06614599772729,0.005918998795095831,5.499795996001922,0.36887999885948375,383.7533119949512,18.758842001261655,0.008064009307418019,402.8890980043798,78.86979699833319,17.442579002818093,4.211595012748148,44.931541015102994,11.526129994308576,74.65682300244225,3.769086004467681,1.2986000074306503,0.3595979869714938,1.3614130002679303,0.3570730041246861,0.006494999979622662,160.69469299691264,2.565105998655781,0.14821800141362473,42.73544299940113,0.04358100704848766,8.55918400338851,7.856846001232043,0.1426820017513819,0.5596560004050843,3.742367000086233,0.7783350010868162,0.006014997779857367,2.9496349961846136,8,0,8,0,0,,,,,,,,,,,,,,
rsg_object_detection,dropped_oldest,2153,rsg_20260806_141_454900000_002153,dropped,True,fifo_cached_frame,2152,222,0,1928,222,0,1,0.0,36.83115300373174,frame_fifo_full,,,,,,,,,,,,,,,,,,,,,,,,,,,,,,,,,,,,,,,,,,,,,,,,,,,,,,,,
rsg_object_detection,dropped_oldest,2154,rsg_20260806_141_504899999_002154,dropped,True,fifo_cached_frame,2153,222,0,1929,222,0,1,0.0,65.1998539979104,frame_fifo_full,,,,,,,,,,,,,,,,,,,,,,,,,,,,,,,,,,,,,,,,,,,,,,,,,,,,,,,,
rsg_object_detection,dropped_oldest,2155,rsg_20260806_141_554900000_002155,dropped,True,fifo_cached_frame,2154,222,0,1930,222,0,1,0.0,33.31114400498336,frame_fifo_full,,,,,,,,,,,,,,,,,,,,,,,,,,,,,,,,,,,,,,,,,,,,,,,,,,,,,,,,
rsg_object_detection,dropped_oldest,2156,rsg_20260806_141_604899999_002156,dropped,True,fifo_cached_frame,2155,222,0,1931,222,0,1,0.0,50.29083100089338,frame_fifo_full,,,,,,,,,,,,,,,,,,,,,,,,,,,,,,,,,,,,,,,,,,,,,,,,,,,,,,,,
rsg_object_detection,dropped_oldest,2157,rsg_20260806_141_654899999_002157,dropped,True,fifo_cached_frame,2156,222,0,1932,222,0,1,0.0,50.60364899691194,frame_fifo_full,,,,,,,,,,,,,,,,,,,,,,,,,,,,,,,,,,,,,,,,,,,,,,,,,,,,,,,,
rsg_object_detection,dropped_oldest,2158,rsg_20260806_141_704900000_002158,dropped,True,fifo_cached_frame,2157,222,0,1933,222,0,1,0.0,51.91136899520643,frame_fifo_full,,,,,,,,,,,,,,,,,,,,,,,,,,,,,,,,,,,,,,,,,,,,,,,,,,,,,,,,
rsg_object_detection,dropped_oldest,2159,rsg_20260806_141_754899999_002159,dropped,True,fifo_cached_frame,2158,222,0,1934,222,0,1,0.0,49.30450500251027,frame_fifo_full,,,,,,,,,,,,,,,,,,,,,,,,,,,,,,,,,,,,,,,,,,,,,,,,,,,,,,,,
rsg_object_detection,dropped_oldest,2160,rsg_20260806_141_804900000_002160,dropped,True,fifo_cached_frame,2159,222,0,1935,222,0,1,0.0,51.361537000047974,frame_fifo_full,,,,,,,,,,,,,,,,,,,,,,,,,,,,,,,,,,,,,,,,,,,,,,,,,,,,,,,,
rsg_object_detection,dropped_oldest,2161,rsg_20260806_141_854899999_002161,dropped,True,fifo_cached_frame,2160,222,0,1936,222,0,1,0.0,51.5897510049399,frame_fifo_full,,,,,,,,,,,,,,,,,,,,,,,,,,,,,,,,,,,,,,,,,,,,,,,,,,,,,,,,
rsg_object_detection,dropped_oldest,2162,rsg_20260806_141_904899999_002162,dropped,True,fifo_cached_frame,2161,222,0,1937,222,0,1,0.0,77.64341500296723,frame_fifo_full,,,,,,,,,,,,,,,,,,,,,,,,,,,,,,,,,,,,,,,,,,,,,,,,,,,,,,,,
rsg_object_detection,dropped_oldest,2163,rsg_20260806_141_954900000_002163,dropped,True,fifo_cached_frame,2162,222,0,1938,222,0,1,0.0,20.631144994695205,frame_fifo_full,,,,,,,,,,,,,,,,,,,,,,,,,,,,,,,,,,,,,,,,,,,,,,,,,,,,,,,,
rsg_object_detection,dropped_oldest,2164,rsg_20260806_142_004899999_002164,dropped,True,fifo_cached_frame,2163,222,0,1939,222,0,1,0.0,48.958088002109434,frame_fifo_full,,,,,,,,,,,,,,,,,,,,,,,,,,,,,,,,,,,,,,,,,,,,,,,,,,,,,,,,
rsg_object_detection,frame_trace,2152,rsg_20260806_141_404899999_002152,sent_to_hydra,,,,,,,,,,,641.0151700038114,ok,15.608385001542047,580.7682230006321,42.073646996868774,0.12773799971910194,41.94590899714967,0.0036480050766840577,5.286460000206716,0.19887200323864818,346.49109200108796,21.355466000386514,0.0061119935708120465,368.05154199828394,85.49370101536624,23.132859998440836,3.948598990973551,43.771974997071084,13.888843997847289,71.40355499723228,7.982665993040428,3.5782139966613613,0.41265399340773,1.4436499986913987,0.40766199526842684,0.007552000170107931,170.7487259991467,2.6215190009679645,0.13177000073483214,33.878128000651486,0.05007800064049661,11.058149000746198,8.722760998352896,0.10530800500418991,2.2300799973891117,3.8051800001994707,0.7405759970424697,0.004480003553908318,2.5612669996917248,8,0,8,0,0,,,,,,,,,,,,,,
rsg_object_detection,dropped_oldest,2166,rsg_20260806_142_104899999_002166,dropped,True,fifo_cached_frame,2165,223,0,1940,223,0,1,0.0,49.16624299949035,frame_fifo_full,,,,,,,,,,,,,,,,,,,,,,,,,,,,,,,,,,,,,,,,,,,,,,,,,,,,,,,,
rsg_object_detection,dropped_oldest,2167,rsg_20260806_142_154899999_002167,dropped,True,fifo_cached_frame,2166,223,0,1941,223,0,1,0.0,48.388868002803065,frame_fifo_full,,,,,,,,,,,,,,,,,,,,,,,,,,,,,,,,,,,,,,,,,,,,,,,,,,,,,,,,
rsg_object_detection,dropped_oldest,2168,rsg_20260806_142_204900000_002168,dropped,True,fifo_cached_frame,2167,223,0,1942,223,0,1,0.0,52.062277994991746,frame_fifo_full,,,,,,,,,,,,,,,,,,,,,,,,,,,,,,,,,,,,,,,,,,,,,,,,,,,,,,,,
rsg_object_detection,dropped_oldest,2169,rsg_20260806_142_254899999_002169,dropped,True,fifo_cached_frame,2168,223,0,1943,223,0,1,0.0,52.59105600271141,frame_fifo_full,,,,,,,,,,,,,,,,,,,,,,,,,,,,,,,,,,,,,,,,,,,,,,,,,,,,,,,,
rsg_object_detection,dropped_oldest,2170,rsg_20260806_142_304900000_002170,dropped,True,fifo_cached_frame,2169,223,0,1944,223,0,1,0.0,96.13549100322416,frame_fifo_full,,,,,,,,,,,,,,,,,,,,,,,,,,,,,,,,,,,,,,,,,,,,,,,,,,,,,,,,
rsg_object_detection,dropped_oldest,2171,rsg_20260806_142_404899999_002171,dropped,True,fifo_cached_frame,2170,223,0,1945,223,0,1,0.0,50.9985160024371,frame_fifo_full,,,,,,,,,,,,,,,,,,,,,,,,,,,,,,,,,,,,,,,,,,,,,,,,,,,,,,,,
rsg_object_detection,dropped_oldest,2172,rsg_20260806_142_454900000_002172,dropped,True,fifo_cached_frame,2171,223,0,1946,223,0,1,0.0,71.16673799464479,frame_fifo_full,,,,,,,,,,,,,,,,,,,,,,,,,,,,,,,,,,,,,,,,,,,,,,,,,,,,,,,,
rsg_object_detection,dropped_oldest,2173,rsg_20260806_142_504899999_002173,dropped,True,fifo_cached_frame,2172,223,0,1947,223,0,1,0.0,67.66330499522155,frame_fifo_full,,,,,,,,,,,,,,,,,,,,,,,,,,,,,,,,,,,,,,,,,,,,,,,,,,,,,,,,
rsg_object_detection,dropped_oldest,2174,rsg_20260806_142_554900000_002174,dropped,True,fifo_cached_frame,2173,223,0,1948,223,0,1,0.0,64.82704300287878,frame_fifo_full,,,,,,,,,,,,,,,,,,,,,,,,,,,,,,,,,,,,,,,,,,,,,,,,,,,,,,,,
rsg_object_detection,frame_trace,2165,rsg_20260806_142_054900000_002165,sent_to_hydra,,,,,,,,,,,612.5617159996182,ok,12.964916000782978,563.6301519989502,33.34349600481801,0.14364199887495488,33.19985400594305,0.0026560010155662894,1.026260004437063,0.19128799613099545,360.97308799799066,22.08564399916213,0.008384005923289806,383.2584039992071,57.727603998500854,23.833343999285717,3.681411995785311,13.604248000774533,15.733084015664645,74.43894999596523,4.026739006803837,1.1126890167361125,0.5592379820882343,1.4263069970184006,0.36004799767397344,0.007424001523759216,139.67595899885055,2.6210709984297864,0.15682500088587403,36.84555500512943,0.046077992010395974,8.704617997864261,8.064101995842066,0.09788299939827994,0.5426330026239157,3.5480400038068183,0.7075540052028373,0.004703993909060955,2.6204959940514527,8,0,8,0,0,,,,,,,,,,,,,,
rsg_object_detection,dropped_oldest,2176,rsg_20260806_142_704900000_002176,dropped,True,fifo_cached_frame,2175,224,0,1949,224,0,1,0.0,39.61484399769688,frame_fifo_full,,,,,,,,,,,,,,,,,,,,,,,,,,,,,,,,,,,,,,,,,,,,,,,,,,,,,,,,
rsg_object_detection,dropped_oldest,2177,rsg_20260806_142_754899999_002177,dropped,True,fifo_cached_frame,2176,224,0,1950,224,0,1,0.0,48.64444000122603,frame_fifo_full,,,,,,,,,,,,,,,,,,,,,,,,,,,,,,,,,,,,,,,,,,,,,,,,,,,,,,,,
rsg_object_detection,dropped_oldest,2178,rsg_20260806_142_804900000_002178,dropped,True,fifo_cached_frame,2177,224,0,1951,224,0,1,0.0,56.329966995690484,frame_fifo_full,,,,,,,,,,,,,,,,,,,,,,,,,,,,,,,,,,,,,,,,,,,,,,,,,,,,,,,,
rsg_object_detection,dropped_oldest,2179,rsg_20260806_142_854899999_002179,dropped,True,fifo_cached_frame,2178,224,0,1952,224,0,1,0.0,48.64927299786359,frame_fifo_full,,,,,,,,,,,,,,,,,,,,,,,,,,,,,,,,,,,,,,,,,,,,,,,,,,,,,,,,
rsg_object_detection,dropped_oldest,2180,rsg_20260806_142_904899999_002180,dropped,True,fifo_cached_frame,2179,224,0,1953,224,0,1,0.0,98.12132599472534,frame_fifo_full,,,,,,,,,,,,,,,,,,,,,,,,,,,,,,,,,,,,,,,,,,,,,,,,,,,,,,,,
rsg_object_detection,dropped_oldest,2181,rsg_20260806_143_004899999_002181,dropped,True,fifo_cached_frame,2180,224,0,1954,224,0,1,0.0,171.11900199961383,frame_fifo_full,,,,,,,,,,,,,,,,,,,,,,,,,,,,,,,,,,,,,,,,,,,,,,,,,,,,,,,,
rsg_object_detection,dropped_oldest,2182,rsg_20260806_143_104899999_002182,dropped,True,fifo_cached_frame,2181,224,0,1955,224,0,1,0.0,9.439595996809658,frame_fifo_full,,,,,,,,,,,,,,,,,,,,,,,,,,,,,,,,,,,,,,,,,,,,,,,,,,,,,,,,
rsg_object_detection,dropped_oldest,2183,rsg_20260806_143_154899999_002183,dropped,True,fifo_cached_frame,2182,224,0,1956,224,0,1,0.0,26.269306006724946,frame_fifo_full,,,,,,,,,,,,,,,,,,,,,,,,,,,,,,,,,,,,,,,,,,,,,,,,,,,,,,,,
rsg_object_detection,dropped_oldest,2184,rsg_20260806_143_204900000_002184,dropped,True,fifo_cached_frame,2183,224,0,1957,224,0,1,0.0,76.78989399573766,frame_fifo_full,,,,,,,,,,,,,,,,,,,,,,,,,,,,,,,,,,,,,,,,,,,,,,,,,,,,,,,,
rsg_object_detection,frame_trace,2175,rsg_20260806_142_654899999_002175,sent_to_hydra,,,,,,,,,,,644.1617849995964,ok,16.953130005276762,587.04477900028,37.0014519940014,0.14828099665464833,36.85317099734675,0.003040004230570048,2.9912960017099977,0.1805360006983392,352.35684900544584,19.155018002493307,0.007455993909388781,371.6998590025469,48.657659004675224,20.2178859981359,3.083166004216764,14.271579995693173,10.123373991518747,103.6207450015354,4.323046989156865,1.1113760047010146,0.3946720025851391,1.6384250047849491,0.5836550044477917,0.005792004230897874,160.35495499818353,8.926274000259582,0.13573899923358113,42.8878579987213,0.048797999625094235,9.480201995756943,8.808967002551071,0.11013900075340644,0.561095992452465,6.7303999967407435,0.7365439960267395,0.005984016752336174,3.1593839958077297,8,0,8,0,0,,,,,,,,,,,,,,
rsg_object_detection,dropped_oldest,2186,rsg_20260806_143_304900000_002186,dropped,True,fifo_cached_frame,2185,225,0,1958,225,0,1,0.0,14.45096499810461,frame_fifo_full,,,,,,,,,,,,,,,,,,,,,,,,,,,,,,,,,,,,,,,,,,,,,,,,,,,,,,,,
rsg_object_detection,dropped_oldest,2187,rsg_20260806_143_354899999_002187,dropped,True,fifo_cached_frame,2186,225,0,1959,225,0,1,0.0,50.952536999830045,frame_fifo_full,,,,,,,,,,,,,,,,,,,,,,,,,,,,,,,,,,,,,,,,,,,,,,,,,,,,,,,,
rsg_object_detection,dropped_oldest,2188,rsg_20260806_143_404899999_002188,dropped,True,fifo_cached_frame,2187,225,0,1960,225,0,1,0.0,97.33349500311306,frame_fifo_full,,,,,,,,,,,,,,,,,,,,,,,,,,,,,,,,,,,,,,,,,,,,,,,,,,,,,,,,
rsg_object_detection,dropped_oldest,2189,rsg_20260806_143_504899999_002189,dropped,True,fifo_cached_frame,2188,225,0,1961,225,0,1,0.0,62.53447299968684,frame_fifo_full,,,,,,,,,,,,,,,,,,,,,,,,,,,,,,,,,,,,,,,,,,,,,,,,,,,,,,,,
rsg_object_detection,dropped_oldest,2190,rsg_20260806_143_554900000_002190,dropped,True,fifo_cached_frame,2189,225,0,1962,225,0,1,0.0,38.465361001726706,frame_fifo_full,,,,,,,,,,,,,,,,,,,,,,,,,,,,,,,,,,,,,,,,,,,,,,,,,,,,,,,,
rsg_object_detection,dropped_oldest,2191,rsg_20260806_143_604899999_002191,dropped,True,fifo_cached_frame,2190,225,0,1963,225,0,1,0.0,50.782496997271664,frame_fifo_full,,,,,,,,,,,,,,,,,,,,,,,,,,,,,,,,,,,,,,,,,,,,,,,,,,,,,,,,
rsg_object_detection,dropped_oldest,2192,rsg_20260806_143_654899999_002192,dropped,True,fifo_cached_frame,2191,225,0,1964,225,0,1,0.0,51.489891004166566,frame_fifo_full,,,,,,,,,,,,,,,,,,,,,,,,,,,,,,,,,,,,,,,,,,,,,,,,,,,,,,,,
rsg_object_detection,dropped_oldest,2193,rsg_20260806_143_704900000_002193,dropped,True,fifo_cached_frame,2192,225,0,1965,225,0,1,0.0,177.14732400054345,frame_fifo_full,,,,,,,,,,,,,,,,,,,,,,,,,,,,,,,,,,,,,,,,,,,,,,,,,,,,,,,,
rsg_object_detection,dropped_oldest,2194,rsg_20260806_143_854899999_002194,dropped,True,fifo_cached_frame,2193,225,0,1966,225,0,1,0.0,22.664948999590706,frame_fifo_full,,,,,,,,,,,,,,,,,,,,,,,,,,,,,,,,,,,,,,,,,,,,,,,,,,,,,,,,
rsg_object_detection,dropped_oldest,2195,rsg_20260806_143_904899999_002195,dropped,True,fifo_cached_frame,2194,225,0,1967,225,0,1,0.0,64.12038899725303,frame_fifo_full,,,,,,,,,,,,,,,,,,,,,,,,,,,,,,,,,,,,,,,,,,,,,,,,,,,,,,,,
rsg_object_detection,frame_trace,2185,rsg_20260806_143_254899999_002185,sent_to_hydra,,,,,,,,,,,692.151791001379,ok,17.04934999725083,623.0694059995585,48.503842001082376,0.12956200225744396,48.37427999882493,0.003744004061445594,4.329638002673164,0.224630995944608,366.85468499490526,17.546160001074895,0.007360009476542473,384.6328360014013,99.40076699422207,42.977038996468764,3.5284560071886517,31.82023700355785,20.154271995124873,67.99951900029555,4.1068009959417395,2.31871798314387,0.3830200221273117,1.5010550050646998,0.566984002944082,0.005760004569310695,176.30262400052743,9.257330995751545,0.13836199650540948,48.34954499528976,0.05907000740990043,11.826212998130359,11.127875004603993,0.09583600331097841,0.6025019902153872,4.535198000667151,0.6824989977758378,0.005440000677481294,3.525448999425862,8,0,8,0,0,,,,,,,,,,,,,,
rsg_object_detection,dropped_oldest,2197,rsg_20260806_144_004899999_002197,dropped,True,fifo_cached_frame,2196,226,0,1968,226,0,1,0.0,46.17840600258205,frame_fifo_full,,,,,,,,,,,,,,,,,,,,,,,,,,,,,,,,,,,,,,,,,,,,,,,,,,,,,,,,
rsg_object_detection,dropped_oldest,2198,rsg_20260806_144_054900000_002198,dropped,True,fifo_cached_frame,2197,226,0,1969,226,0,1,0.0,99.40563700365601,frame_fifo_full,,,,,,,,,,,,,,,,,,,,,,,,,,,,,,,,,,,,,,,,,,,,,,,,,,,,,,,,
rsg_object_detection,dropped_oldest,2199,rsg_20260806_144_154899999_002199,dropped,True,fifo_cached_frame,2198,226,0,1970,226,0,1,0.0,41.49796900310321,frame_fifo_full,,,,,,,,,,,,,,,,,,,,,,,,,,,,,,,,,,,,,,,,,,,,,,,,,,,,,,,,
rsg_object_detection,dropped_oldest,2200,rsg_20260806_144_204900000_002200,dropped,True,fifo_cached_frame,2199,226,0,1971,226,0,1,0.0,49.08954900020035,frame_fifo_full,,,,,,,,,,,,,,,,,,,,,,,,,,,,,,,,,,,,,,,,,,,,,,,,,,,,,,,,
rsg_object_detection,dropped_oldest,2201,rsg_20260806_144_254899999_002201,dropped,True,fifo_cached_frame,2200,226,0,1972,226,0,1,0.0,49.90375300258165,frame_fifo_full,,,,,,,,,,,,,,,,,,,,,,,,,,,,,,,,,,,,,,,,,,,,,,,,,,,,,,,,
rsg_object_detection,dropped_oldest,2202,rsg_20260806_144_304900000_002202,dropped,True,fifo_cached_frame,2201,226,0,1973,226,0,1,0.0,52.33315400255378,frame_fifo_full,,,,,,,,,,,,,,,,,,,,,,,,,,,,,,,,,,,,,,,,,,,,,,,,,,,,,,,,
rsg_object_detection,dropped_oldest,2203,rsg_20260806_144_354899999_002203,dropped,True,fifo_cached_frame,2202,226,0,1974,226,0,1,0.0,48.402249994978774,frame_fifo_full,,,,,,,,,,,,,,,,,,,,,,,,,,,,,,,,,,,,,,,,,,,,,,,,,,,,,,,,
rsg_object_detection,dropped_oldest,2204,rsg_20260806_144_404899999_002204,dropped,True,fifo_cached_frame,2203,226,0,1975,226,0,1,0.0,83.68131699535297,frame_fifo_full,,,,,,,,,,,,,,,,,,,,,,,,,,,,,,,,,,,,,,,,,,,,,,,,,,,,,,,,
rsg_object_detection,dropped_oldest,2205,rsg_20260806_144_454900000_002205,dropped,True,fifo_cached_frame,2204,226,0,1976,226,0,1,0.0,109.58625700004632,frame_fifo_full,,,,,,,,,,,,,,,,,,,,,,,,,,,,,,,,,,,,,,,,,,,,,,,,,,,,,,,,
rsg_object_detection,dropped_oldest,2206,rsg_20260806_144_554900000_002206,dropped,True,fifo_cached_frame,2205,226,0,1977,226,0,1,0.0,5.672204999427777,frame_fifo_full,,,,,,,,,,,,,,,,,,,,,,,,,,,,,,,,,,,,,,,,,,,,,,,,,,,,,,,,
rsg_object_detection,frame_trace,2196,rsg_20260806_143_954900000_002196,sent_to_hydra,,,,,,,,,,,643.3323210003437,ok,13.899278004828375,575.1439439991373,45.71074599516578,0.15717800124548376,45.553567993920296,3.760768006031867,6.328369003313128,0.18805600120685995,314.49486700148555,24.64115399925504,0.0064639971242286265,339.3305409990717,68.8654059995315,21.327087000827305,5.264829014777206,28.75851398857776,12.542567012133077,90.42198899987852,6.450252003560308,0.9736870051710866,0.5020909957238473,1.7430939988116734,0.44462100049713627,0.0074880008469335735,169.4280180017813,2.963424994959496,0.2055910008493811,56.83865799801424,0.04934200114803389,9.534119999443647,8.926561997213867,0.08655599958728999,0.52100200264249,3.550855995854363,0.8090859992080368,0.005216010322328657,4.817584995180368,8,0,8,0,0,,,,,,,,,,,,,,
rsg_object_detection,dropped_oldest,2208,rsg_20260806_144_704900000_002208,dropped,True,fifo_cached_frame,2207,227,0,1978,227,0,1,0.0,102.42515600111801,frame_fifo_full,,,,,,,,,,,,,,,,,,,,,,,,,,,,,,,,,,,,,,,,,,,,,,,,,,,,,,,,
rsg_object_detection,dropped_oldest,2209,rsg_20260806_144_804900000_002209,dropped,True,fifo_cached_frame,2208,227,0,1979,227,0,1,0.0,49.31478700018488,frame_fifo_full,,,,,,,,,,,,,,,,,,,,,,,,,,,,,,,,,,,,,,,,,,,,,,,,,,,,,,,,
rsg_object_detection,dropped_oldest,2210,rsg_20260806_144_854899999_002210,dropped,True,fifo_cached_frame,2209,227,0,1980,227,0,1,0.0,103.6301599961007,frame_fifo_full,,,,,,,,,,,,,,,,,,,,,,,,,,,,,,,,,,,,,,,,,,,,,,,,,,,,,,,,
rsg_object_detection,dropped_oldest,2211,rsg_20260806_144_954900000_002211,dropped,True,fifo_cached_frame,2210,227,0,1981,227,0,1,0.0,47.97375700582052,frame_fifo_full,,,,,,,,,,,,,,,,,,,,,,,,,,,,,,,,,,,,,,,,,,,,,,,,,,,,,,,,
rsg_object_detection,dropped_oldest,2212,rsg_20260806_145_004899999_002212,dropped,True,fifo_cached_frame,2211,227,0,1982,227,0,1,0.0,158.8619810063392,frame_fifo_full,,,,,,,,,,,,,,,,,,,,,,,,,,,,,,,,,,,,,,,,,,,,,,,,,,,,,,,,
rsg_object_detection,dropped_oldest,2213,rsg_20260806_145_104899999_002213,dropped,True,fifo_cached_frame,2212,227,0,1983,227,0,1,0.0,2.953410003101453,frame_fifo_full,,,,,,,,,,,,,,,,,,,,,,,,,,,,,,,,,,,,,,,,,,,,,,,,,,,,,,,,
rsg_object_detection,dropped_oldest,2214,rsg_20260806_145_154899999_002214,dropped,True,fifo_cached_frame,2213,227,0,1984,227,0,1,0.0,63.37902200175449,frame_fifo_full,,,,,,,,,,,,,,,,,,,,,,,,,,,,,,,,,,,,,,,,,,,,,,,,,,,,,,,,
rsg_object_detection,frame_trace,2207,rsg_20260806_144_604899999_002207,sent_to_hydra,,,,,,,,,,,640.2754459995776,ok,15.39860699995188,586.4352200005669,35.618444002466276,0.1307460042880848,35.48769799817819,0.002815999323502183,1.0227719976683147,0.17032899631885812,350.4272860009223,21.92523900157539,0.0072309994720853865,372.53008499828866,99.48701298708329,33.19503199600149,3.5338660090928897,43.40419299114728,18.598148999444675,66.23016400408233,3.93413699202938,0.6666929984930903,0.329519018123392,1.4850890001980588,0.5455439968500286,0.0037760037230327725,172.69879799277987,3.2918280048761517,0.12892299855593592,36.71481600031257,0.04799800808541477,10.135823999007698,9.468395997828338,0.09110000246437266,0.5763279987149872,4.367492998426314,0.8876100037014112,0.007679998816456646,2.820358997269068,8,0,8,0,0,,,,,,,,,,,,,,
rsg_object_detection,dropped_oldest,2216,rsg_20260806_145_254899999_002216,dropped,True,fifo_cached_frame,2215,228,0,1985,228,0,1,0.0,32.30492500006221,frame_fifo_full,,,,,,,,,,,,,,,,,,,,,,,,,,,,,,,,,,,,,,,,,,,,,,,,,,,,,,,,
rsg_object_detection,dropped_oldest,2217,rsg_20260806_145_304900000_002217,dropped,True,fifo_cached_frame,2216,228,0,1986,228,0,1,0.0,101.00263200001791,frame_fifo_full,,,,,,,,,,,,,,,,,,,,,,,,,,,,,,,,,,,,,,,,,,,,,,,,,,,,,,,,
rsg_object_detection,dropped_oldest,2218,rsg_20260806_145_404899999_002218,dropped,True,fifo_cached_frame,2217,228,0,1987,228,0,1,0.0,50.26223800086882,frame_fifo_full,,,,,,,,,,,,,,,,,,,,,,,,,,,,,,,,,,,,,,,,,,,,,,,,,,,,,,,,
rsg_object_detection,dropped_oldest,2219,rsg_20260806_145_454900000_002219,dropped,True,fifo_cached_frame,2218,228,0,1988,228,0,1,0.0,49.57701900275424,frame_fifo_full,,,,,,,,,,,,,,,,,,,,,,,,,,,,,,,,,,,,,,,,,,,,,,,,,,,,,,,,
rsg_object_detection,dropped_oldest,2220,rsg_20260806_145_504899999_002220,dropped,True,fifo_cached_frame,2219,228,0,1989,228,0,1,0.0,49.26570499810623,frame_fifo_full,,,,,,,,,,,,,,,,,,,,,,,,,,,,,,,,,,,,,,,,,,,,,,,,,,,,,,,,
rsg_object_detection,dropped_oldest,2221,rsg_20260806_145_554900000_002221,dropped,True,fifo_cached_frame,2220,228,0,1990,228,0,1,0.0,50.366969997412525,frame_fifo_full,,,,,,,,,,,,,,,,,,,,,,,,,,,,,,,,,,,,,,,,,,,,,,,,,,,,,,,,
rsg_object_detection,dropped_oldest,2222,rsg_20260806_145_604899999_002222,dropped,True,fifo_cached_frame,2221,228,0,1991,228,0,1,0.0,50.904162002552766,frame_fifo_full,,,,,,,,,,,,,,,,,,,,,,,,,,,,,,,,,,,,,,,,,,,,,,,,,,,,,,,,
rsg_object_detection,dropped_oldest,2223,rsg_20260806_145_654899999_002223,dropped,True,fifo_cached_frame,2222,228,0,1992,228,0,1,0.0,101.43963700102177,frame_fifo_full,,,,,,,,,,,,,,,,,,,,,,,,,,,,,,,,,,,,,,,,,,,,,,,,,,,,,,,,
rsg_object_detection,dropped_oldest,2224,rsg_20260806_145_704900000_002224,dropped,True,fifo_cached_frame,2223,228,0,1993,228,0,1,0.0,26.81568700063508,frame_fifo_full,,,,,,,,,,,,,,,,,,,,,,,,,,,,,,,,,,,,,,,,,,,,,,,,,,,,,,,,
rsg_object_detection,dropped_oldest,2225,rsg_20260806_145_754899999_002225,dropped,True,fifo_cached_frame,2224,228,0,1994,228,0,1,0.0,97.90721099852817,frame_fifo_full,,,,,,,,,,,,,,,,,,,,,,,,,,,,,,,,,,,,,,,,,,,,,,,,,,,,,,,,
rsg_object_detection,dropped_oldest,2226,rsg_20260806_145_854899999_002226,dropped,True,fifo_cached_frame,2225,228,0,1995,228,0,1,0.0,23.30121299746679,frame_fifo_full,,,,,,,,,,,,,,,,,,,,,,,,,,,,,,,,,,,,,,,,,,,,,,,,,,,,,,,,
rsg_object_detection,frame_trace,2215,rsg_20260806_145_204900000_002215,sent_to_hydra,,,,,,,,,,,757.0991949978634,ok,10.542814001382794,705.0787920015864,38.22060799575411,0.1688880001893267,38.05171999556478,0.0026239940780214965,5.003466998459771,1.1642390018096194,373.817670995777,19.270121003501117,0.007199996616691351,394.25923099770444,154.55051999742864,30.340913996042218,5.184610992728267,104.113605011662,14.283165990491398,91.31690099457046,3.9461680062231608,1.0444040090078488,0.35960099194198847,1.552380999783054,0.6440049983211793,0.004830995749216527,253.43826699827332,5.088326994155068,0.13874599972041324,47.108901002502535,0.041853010770864785,5.9483219956746325,5.3302689993870445,0.1009560000966303,0.5170969961909577,3.879290001350455,0.7102740055415779,0.00492799881612882,3.2543570050620474,8,0,8,0,0,,,,,,,,,,,,,,
rsg_object_detection,dropped_oldest,2228,rsg_20260806_146_004899999_002228,dropped,True,fifo_cached_frame,2227,229,0,1996,229,0,1,0.0,82.60137300385395,frame_fifo_full,,,,,,,,,,,,,,,,,,,,,,,,,,,,,,,,,,,,,,,,,,,,,,,,,,,,,,,,
rsg_object_detection,dropped_oldest,2229,rsg_20260806_146_104899999_002229,dropped,True,fifo_cached_frame,2228,229,0,1997,229,0,1,0.0,42.193657005554996,frame_fifo_full,,,,,,,,,,,,,,,,,,,,,,,,,,,,,,,,,,,,,,,,,,,,,,,,,,,,,,,,
rsg_object_detection,dropped_oldest,2230,rsg_20260806_146_154899999_002230,dropped,True,fifo_cached_frame,2229,229,0,1998,229,0,1,0.0,102.22085900022648,frame_fifo_full,,,,,,,,,,,,,,,,,,,,,,,,,,,,,,,,,,,,,,,,,,,,,,,,,,,,,,,,
rsg_object_detection,dropped_oldest,2231,rsg_20260806_146_254899999_002231,dropped,True,fifo_cached_frame,2230,229,0,1999,229,0,1,0.0,49.46617999667069,frame_fifo_full,,,,,,,,,,,,,,,,,,,,,,,,,,,,,,,,,,,,,,,,,,,,,,,,,,,,,,,,
rsg_object_detection,dropped_oldest,2232,rsg_20260806_146_304900000_002232,dropped,True,fifo_cached_frame,2231,229,0,2000,229,0,1,0.0,99.52871700079413,frame_fifo_full,,,,,,,,,,,,,,,,,,,,,,,,,,,,,,,,,,,,,,,,,,,,,,,,,,,,,,,,
rsg_object_detection,dropped_oldest,2233,rsg_20260806_146_404899999_002233,dropped,True,fifo_cached_frame,2232,229,0,2001,229,0,1,0.0,49.304747000860516,frame_fifo_full,,,,,,,,,,,,,,,,,,,,,,,,,,,,,,,,,,,,,,,,,,,,,,,,,,,,,,,,
rsg_object_detection,dropped_oldest,2234,rsg_20260806_146_454900000_002234,dropped,True,fifo_cached_frame,2233,229,0,2002,229,0,1,0.0,62.37311800214229,frame_fifo_full,,,,,,,,,,,,,,,,,,,,,,,,,,,,,,,,,,,,,,,,,,,,,,,,,,,,,,,,
rsg_object_detection,dropped_oldest,2235,rsg_20260806_146_504899999_002235,dropped,True,fifo_cached_frame,2234,229,0,2003,229,0,1,0.0,187.37498900009086,frame_fifo_full,,,,,,,,,,,,,,,,,,,,,,,,,,,,,,,,,,,,,,,,,,,,,,,,,,,,,,,,
rsg_object_detection,dropped_oldest,2236,rsg_20260806_146_604899999_002236,dropped,True,fifo_cached_frame,2235,229,0,2004,229,0,1,0.0,7.639705996552948,frame_fifo_full,,,,,,,,,,,,,,,,,,,,,,,,,,,,,,,,,,,,,,,,,,,,,,,,,,,,,,,,
rsg_object_detection,dropped_oldest,2237,rsg_20260806_146_654899999_002237,dropped,True,fifo_cached_frame,2236,229,0,2005,229,0,1,0.0,2.8274319993215613,frame_fifo_full,,,,,,,,,,,,,,,,,,,,,,,,,,,,,,,,,,,,,,,,,,,,,,,,,,,,,,,,
rsg_object_detection,frame_trace,2227,rsg_20260806_145_904899999_002227,sent_to_hydra,,,,,,,,,,,820.2016989962431,ok,15.320915001211688,678.9931660023285,122.57025399594568,0.12520999734988436,122.44504399859579,0.00313599593937397,6.164760001411196,0.211318998481147,401.8369490004261,23.79456999915419,0.005504000000655651,425.8483419980621,106.43453398370184,15.442606003489345,3.9302320074057207,36.1398360109888,50.28076899907319,78.30229500541463,5.348956008674577,1.575677000801079,0.336689998221118,1.464834000216797,0.366927997674793,0.0067839937401004136,193.8673840049887,2.7904730013688095,0.1463939988752827,50.12829500628868,0.047517991333734244,11.016201999154873,10.40243600436952,0.12815399531973526,0.4856119994656183,3.5524249979062006,0.7474559970432892,0.004832007107324898,3.3142280008178204,8,0,8,0,0,,,,,,,,,,,,,,
rsg_object_detection,dropped_oldest,2239,rsg_20260806_146_754899999_002239,dropped,True,fifo_cached_frame,2238,230,0,2006,230,0,1,0.0,94.759289000649,frame_fifo_full,,,,,,,,,,,,,,,,,,,,,,,,,,,,,,,,,,,,,,,,,,,,,,,,,,,,,,,,
rsg_object_detection,dropped_oldest,2240,rsg_20260806_146_854899999_002240,dropped,True,fifo_cached_frame,2239,230,0,2007,230,0,1,0.0,54.77414499910083,frame_fifo_full,,,,,,,,,,,,,,,,,,,,,,,,,,,,,,,,,,,,,,,,,,,,,,,,,,,,,,,,
rsg_object_detection,dropped_oldest,2241,rsg_20260806_146_904899999_002241,dropped,True,fifo_cached_frame,2240,230,0,2008,230,0,1,0.0,45.37483400054043,frame_fifo_full,,,,,,,,,,,,,,,,,,,,,,,,,,,,,,,,,,,,,,,,,,,,,,,,,,,,,,,,
rsg_object_detection,dropped_oldest,2242,rsg_20260806_146_954900000_002242,dropped,True,fifo_cached_frame,2241,230,0,2009,230,0,1,0.0,49.355975999787915,frame_fifo_full,,,,,,,,,,,,,,,,,,,,,,,,,,,,,,,,,,,,,,,,,,,,,,,,,,,,,,,,
rsg_object_detection,dropped_oldest,2243,rsg_20260806_147_004899999_002243,dropped,True,fifo_cached_frame,2242,230,0,2010,230,0,1,0.0,49.162128001626115,frame_fifo_full,,,,,,,,,,,,,,,,,,,,,,,,,,,,,,,,,,,,,,,,,,,,,,,,,,,,,,,,
rsg_object_detection,dropped_oldest,2244,rsg_20260806_147_054900000_002244,dropped,True,fifo_cached_frame,2243,230,0,2011,230,0,1,0.0,50.559511000756174,frame_fifo_full,,,,,,,,,,,,,,,,,,,,,,,,,,,,,,,,,,,,,,,,,,,,,,,,,,,,,,,,
rsg_object_detection,dropped_oldest,2245,rsg_20260806_147_104899999_002245,dropped,True,fifo_cached_frame,2244,230,0,2012,230,0,1,0.0,84.02797599410405,frame_fifo_full,,,,,,,,,,,,,,,,,,,,,,,,,,,,,,,,,,,,,,,,,,,,,,,,,,,,,,,,
rsg_object_detection,dropped_oldest,2246,rsg_20260806_147_154899999_002246,dropped,True,fifo_cached_frame,2245,230,0,2013,230,0,1,0.0,53.58975199487759,frame_fifo_full,,,,,,,,,,,,,,,,,,,,,,,,,,,,,,,,,,,,,,,,,,,,,,,,,,,,,,,,
rsg_object_detection,dropped_oldest,2247,rsg_20260806_147_204900000_002247,dropped,True,fifo_cached_frame,2246,230,0,2014,230,0,1,0.0,34.481604998291004,frame_fifo_full,,,,,,,,,,,,,,,,,,,,,,,,,,,,,,,,,,,,,,,,,,,,,,,,,,,,,,,,
rsg_object_detection,dropped_oldest,2248,rsg_20260806_147_254899999_002248,dropped,True,fifo_cached_frame,2247,230,0,2015,230,0,1,0.0,81.11837199976435,frame_fifo_full,,,,,,,,,,,,,,,,,,,,,,,,,,,,,,,,,,,,,,,,,,,,,,,,,,,,,,,,
rsg_object_detection,,607,rsg_20260806_44_504880000_000607,vlm_failed,,,,,,,,,,,,"{""label"":""unknown_object"",""label_confidence"":0.0,""mobility_class"":""unknown"",""mobility_confidence"":0.0}",,,,,,,,,,,,,,,,,,,,,,,,,,,,,,,,,,,,,,,,,,,rsg_obj_000052,rsg_unknown_rsg_20260806_44_504880000_000607_006_nanosam_003,,,6,0.6615153681073096,unknown_object,0.0,unknown,0.0,7204.949991995818,101997.76730799931,qwen_http,Qwen3-VL-8B-Instruct-GGUF
rsg_object_detection,completed,607,rsg_20260806_44_504880000_000607,,,,,,,,,,,94792.81504400569,,vlm_failed,,,,,,,,,,,,,,,,,,,,,,,,,,,,,,,,,,,,,,,,,,,rsg_obj_000052,rsg_unknown_rsg_20260806_44_504880000_000607_006_nanosam_003,87,300,6,0.6615153681073096,,,,,,,,
rsg_object_detection,frame_trace,2238,rsg_20260806_146_704900000_002238,sent_to_hydra,,,,,,,,,,,656.464263003727,ok,17.199268004333135,594.1223749978235,42.075197998201475,0.11465100396890193,41.96054699423257,0.004351997631601989,5.433687998447567,0.7361609968938865,338.6070729975472,18.789567999192514,0.00995200389297679,358.1427539975266,79.5742140035145,28.133202002209146,3.965846983192023,22.287179999693763,24.460463995637838,87.13638799963519,4.3978930116281845,0.9447909978916869,0.36145698686596006,1.4622099988628179,0.5441690009320155,0.0052480027079582214,174.45193599996855,5.364764001569711,0.16824900376377627,50.51673100388143,0.0442529926658608,12.837341004342306,12.203767997561954,0.0879319995874539,0.5456410071928985,3.497546997095924,0.8593879974796437,0.004992005415260792,3.063070005737245,8,0,8,0,0,,,,,,,,,,,,,,
rsg_object_detection,dropped_oldest,2250,rsg_20260806_147_454900000_002250,dropped,True,fifo_cached_frame,2249,231,0,2016,231,0,1,0.0,52.71398100012448,frame_fifo_full,,,,,,,,,,,,,,,,,,,,,,,,,,,,,,,,,,,,,,,,,,,,,,,,,,,,,,,,
rsg_object_detection,dequeued,536,rsg_20260806_39_854880000_000536,,,,,,,,,,,101614.55059600121,,fifo_order,,,,,,,,,,,,,,,,,,,,,,,,,,,,,,,,,,,,,,,,,,,rsg_obj_000057,rsg_unknown_rsg_20260806_39_854880000_000536_005_nanosam_001,86,300,1,0.7009088456903059,,,,,,,,
rsg_object_detection,dropped_oldest,2251,rsg_20260806_147_504899999_002251,dropped,True,fifo_cached_frame,2250,231,0,2017,231,0,1,0.0,50.31661099928897,frame_fifo_full,,,,,,,,,,,,,,,,,,,,,,,,,,,,,,,,,,,,,,,,,,,,,,,,,,,,,,,,
rsg_object_detection,dropped_oldest,2252,rsg_20260806_147_554900000_002252,dropped,True,fifo_cached_frame,2251,231,0,2018,231,0,1,0.0,50.890730002720375,frame_fifo_full,,,,,,,,,,,,,,,,,,,,,,,,,,,,,,,,,,,,,,,,,,,,,,,,,,,,,,,,
rsg_object_detection,dropped_oldest,2253,rsg_20260806_147_604899999_002253,dropped,True,fifo_cached_frame,2252,231,0,2019,231,0,1,0.0,125.24836599914124,frame_fifo_full,,,,,,,,,,,,,,,,,,,,,,,,,,,,,,,,,,,,,,,,,,,,,,,,,,,,,,,,
rsg_object_detection,dropped_oldest,2254,rsg_20260806_147_704900000_002254,dropped,True,fifo_cached_frame,2253,231,0,2020,231,0,1,0.0,73.93640599912032,frame_fifo_full,,,,,,,,,,,,,,,,,,,,,,,,,,,,,,,,,,,,,,,,,,,,,,,,,,,,,,,,
rsg_object_detection,dropped_oldest,2255,rsg_20260806_147_754899999_002255,dropped,True,fifo_cached_frame,2254,231,0,2021,231,0,1,0.0,20.312479995482136,frame_fifo_full,,,,,,,,,,,,,,,,,,,,,,,,,,,,,,,,,,,,,,,,,,,,,,,,,,,,,,,,
rsg_object_detection,dropped_oldest,2256,rsg_20260806_147_804900000_002256,dropped,True,fifo_cached_frame,2255,231,0,2022,231,0,1,0.0,29.828395003278274,frame_fifo_full,,,,,,,,,,,,,,,,,,,,,,,,,,,,,,,,,,,,,,,,,,,,,,,,,,,,,,,,
rsg_object_detection,dropped_oldest,2257,rsg_20260806_147_854899999_002257,dropped,True,fifo_cached_frame,2256,231,0,2023,232,0,1,0.0,117.59854800038738,frame_fifo_full,,,,,,,,,,,,,,,,,,,,,,,,,,,,,,,,,,,,,,,,,,,,,,,,,,,,,,,,
rsg_object_detection,frame_trace,2249,rsg_20260806_147_304900000_002249,sent_to_hydra,,,,,,,,,,,584.3769869970856,ok,11.22688200121047,522.8427100009867,47.10285899636801,0.13077799667371437,46.9720809996943,0.005055000656284392,3.3233790018130094,0.19487200188450515,238.31836999306688,14.188068998919334,0.005695008439943194,252.70700600231066,105.106088994944,28.492293015006,3.808480003499426,53.518332009844016,17.513494989543688,100.61005500028841,3.678596011013724,0.5998140113661066,0.31969598785508424,1.4577300025848672,0.510058001964353,0.004351997631601989,212.3030299990205,6.007903997669928,0.1371140024275519,48.32184800034156,0.04242899740347639,6.388879999576602,5.752459001087118,0.09721199603518471,0.5392090024542995,3.7651519960490987,1.0651699994923547,0.00768000609241426,3.199480997864157,8,0,8,0,0,,,,,,,,,,,,,,
rsg_object_detection,dropped_oldest,2259,rsg_20260806_148_054900000_002259,dropped,True,fifo_cached_frame,2258,232,0,2024,232,0,1,0.0,38.740178002626635,frame_fifo_full,,,,,,,,,,,,,,,,,,,,,,,,,,,,,,,,,,,,,,,,,,,,,,,,,,,,,,,,
rsg_object_detection,dropped_oldest,2260,rsg_20260806_148_104899999_002260,dropped,True,fifo_cached_frame,2259,232,0,2025,232,0,1,0.0,49.57837400434073,frame_fifo_full,,,,,,,,,,,,,,,,,,,,,,,,,,,,,,,,,,,,,,,,,,,,,,,,,,,,,,,,
rsg_object_detection,dropped_oldest,2261,rsg_20260806_148_154899999_002261,dropped,True,fifo_cached_frame,2260,232,0,2026,232,0,1,0.0,53.845583999645896,frame_fifo_full,,,,,,,,,,,,,,,,,,,,,,,,,,,,,,,,,,,,,,,,,,,,,,,,,,,,,,,,
rsg_object_detection,dropped_oldest,2262,rsg_20260806_148_204900000_002262,dropped,True,fifo_cached_frame,2261,232,0,2027,232,0,1,0.0,51.62558300071396,frame_fifo_full,,,,,,,,,,,,,,,,,,,,,,,,,,,,,,,,,,,,,,,,,,,,,,,,,,,,,,,,
rsg_object_detection,dropped_oldest,2263,rsg_20260806_148_254899999_002263,dropped,True,fifo_cached_frame,2262,232,0,2028,232,0,1,0.0,51.46565299946815,frame_fifo_full,,,,,,,,,,,,,,,,,,,,,,,,,,,,,,,,,,,,,,,,,,,,,,,,,,,,,,,,
rsg_object_detection,dropped_oldest,2264,rsg_20260806_148_304900000_002264,dropped,True,fifo_cached_frame,2263,232,0,2029,232,0,1,0.0,44.85630200360902,frame_fifo_full,,,,,,,,,,,,,,,,,,,,,,,,,,,,,,,,,,,,,,,,,,,,,,,,,,,,,,,,
rsg_object_detection,dropped_oldest,2265,rsg_20260806_148_354899999_002265,dropped,True,fifo_cached_frame,2264,232,0,2030,232,0,1,0.0,92.83448699716246,frame_fifo_full,,,,,,,,,,,,,,,,,,,,,,,,,,,,,,,,,,,,,,,,,,,,,,,,,,,,,,,,
rsg_object_detection,dropped_oldest,2266,rsg_20260806_148_404899999_002266,dropped,True,fifo_cached_frame,2265,232,0,2031,232,0,1,0.0,39.77418200520333,frame_fifo_full,,,,,,,,,,,,,,,,,,,,,,,,,,,,,,,,,,,,,,,,,,,,,,,,,,,,,,,,
rsg_object_detection,frame_trace,2258,rsg_20260806_147_954900000_002258,sent_to_hydra,,,,,,,,,,,600.2583630033769,ok,9.964344004401937,581.2607379994006,5.885446000320371,0.13797800056636333,5.747467999754008,0.0023039974621497095,1.8952790051116608,0.2869320014724508,365.5617429976701,21.81942499737488,0.008127004548441619,387.67622700106585,46.11807099718135,16.420869986177422,3.9312579901888967,13.228365009126719,11.882152008183766,83.72015500208363,3.625061006459873,1.1004020052496344,0.35870698775397614,1.422595996700693,0.5230169990682043,0.005504000000655651,136.89325599989388,6.0237759971641935,0.1255309980479069,48.59902300086105,0.04764599725604057,5.6383199989795685,4.997164003725629,0.09375599620398134,0.5473999990499578,3.466829002718441,0.8541069983039051,0.005088004400022328,3.1455310017918237,8,0,8,0,0,,,,,,,,,,,,,,
rsg_object_detection,dropped_oldest,2268,rsg_20260806_148_604899999_002268,dropped,True,fifo_cached_frame,2267,233,0,2032,233,0,1,0.0,39.18841500126291,frame_fifo_full,,,,,,,,,,,,,,,,,,,,,,,,,,,,,,,,,,,,,,,,,,,,,,,,,,,,,,,,
rsg_object_detection,dropped_oldest,2269,rsg_20260806_148_654899999_002269,dropped,True,fifo_cached_frame,2268,233,0,2033,233,0,1,0.0,53.16724500153214,frame_fifo_full,,,,,,,,,,,,,,,,,,,,,,,,,,,,,,,,,,,,,,,,,,,,,,,,,,,,,,,,
rsg_object_detection,dropped_oldest,2270,rsg_20260806_148_704900000_002270,dropped,True,fifo_cached_frame,2269,233,0,2034,233,0,1,0.0,46.173845999874175,frame_fifo_full,,,,,,,,,,,,,,,,,,,,,,,,,,,,,,,,,,,,,,,,,,,,,,,,,,,,,,,,
rsg_object_detection,dropped_oldest,2271,rsg_20260806_148_754899999_002271,dropped,True,fifo_cached_frame,2270,233,0,2035,233,0,1,0.0,50.80472100235056,frame_fifo_full,,,,,,,,,,,,,,,,,,,,,,,,,,,,,,,,,,,,,,,,,,,,,,,,,,,,,,,,
rsg_object_detection,dropped_oldest,2272,rsg_20260806_148_804900000_002272,dropped,True,fifo_cached_frame,2271,233,0,2036,233,0,1,0.0,50.55801200069254,frame_fifo_full,,,,,,,,,,,,,,,,,,,,,,,,,,,,,,,,,,,,,,,,,,,,,,,,,,,,,,,,
rsg_object_detection,dropped_oldest,2273,rsg_20260806_148_854899999_002273,dropped,True,fifo_cached_frame,2272,233,0,2037,233,0,1,0.0,51.3947770014056,frame_fifo_full,,,,,,,,,,,,,,,,,,,,,,,,,,,,,,,,,,,,,,,,,,,,,,,,,,,,,,,,
rsg_object_detection,dropped_oldest,2274,rsg_20260806_148_904899999_002274,dropped,True,fifo_cached_frame,2273,233,0,2038,233,0,1,0.0,59.237547997327056,frame_fifo_full,,,,,,,,,,,,,,,,,,,,,,,,,,,,,,,,,,,,,,,,,,,,,,,,,,,,,,,,
rsg_object_detection,dropped_oldest,2275,rsg_20260806_148_954900000_002275,dropped,True,fifo_cached_frame,2274,233,0,2039,233,0,1,0.0,60.387738994904794,frame_fifo_full,,,,,,,,,,,,,,,,,,,,,,,,,,,,,,,,,,,,,,,,,,,,,,,,,,,,,,,,
rsg_object_detection,dropped_oldest,2276,rsg_20260806_149_004899999_002276,dropped,True,fifo_cached_frame,2275,233,0,2040,233,0,1,0.0,65.65497200062964,frame_fifo_full,,,,,,,,,,,,,,,,,,,,,,,,,,,,,,,,,,,,,,,,,,,,,,,,,,,,,,,,
rsg_object_detection,dropped_oldest,2277,rsg_20260806_149_054900000_002277,dropped,True,fifo_cached_frame,2276,233,0,2041,233,0,1,0.0,101.49598299904028,frame_fifo_full,,,,,,,,,,,,,,,,,,,,,,,,,,,,,,,,,,,,,,,,,,,,,,,,,,,,,,,,
rsg_object_detection,dropped_oldest,2278,rsg_20260806_149_154899999_002278,dropped,True,fifo_cached_frame,2277,233,0,2042,234,0,1,0.0,48.194276001595426,frame_fifo_full,,,,,,,,,,,,,,,,,,,,,,,,,,,,,,,,,,,,,,,,,,,,,,,,,,,,,,,,
rsg_object_detection,frame_trace,2267,rsg_20260806_148_454900000_002267,sent_to_hydra,,,,,,,,,,,715.8282210002653,ok,14.887785000610165,574.5791810040828,122.41940699459519,0.1378820015816018,122.28152499301359,0.005855996278114617,1.0008219978772104,0.1852730056270957,357.2112549954909,14.370493998285383,0.006879003194626421,371.773901002598,46.2099729993497,17.165479992399924,7.98122699779924,10.209070998826064,10.10878499073442,91.97232000587974,3.1147150075412355,0.3659370049717836,0.33121898741228506,1.2449709975044243,0.3296819995739497,0.006495996785815805,143.59256000170717,2.3667789937462658,0.14892200124450028,55.64832800155273,0.047869005356915295,10.452453003381379,9.800703999644611,0.0880919978953898,0.5636570058413781,3.7842879974050447,0.6456690025515854,0.005374997272156179,3.9359920046990737,8,0,7,0,0,,,,,,,,,,,,,,
rsg_object_detection,dropped_oldest,2280,rsg_20260806_149_254899999_002280,dropped,True,fifo_cached_frame,2279,234,0,2043,234,0,1,0.0,50.49123500066344,frame_fifo_full,,,,,,,,,,,,,,,,,,,,,,,,,,,,,,,,,,,,,,,,,,,,,,,,,,,,,,,,
rsg_object_detection,dropped_oldest,2281,rsg_20260806_149_304900000_002281,dropped,True,fifo_cached_frame,2280,234,0,2044,234,0,1,0.0,45.25676799676148,frame_fifo_full,,,,,,,,,,,,,,,,,,,,,,,,,,,,,,,,,,,,,,,,,,,,,,,,,,,,,,,,
rsg_object_detection,dropped_oldest,2282,rsg_20260806_149_354899999_002282,dropped,True,fifo_cached_frame,2281,234,0,2045,234,0,1,0.0,104.61005899560405,frame_fifo_full,,,,,,,,,,,,,,,,,,,,,,,,,,,,,,,,,,,,,,,,,,,,,,,,,,,,,,,,
rsg_object_detection,dropped_oldest,2283,rsg_20260806_149_454900000_002283,dropped,True,fifo_cached_frame,2282,234,0,2046,234,0,1,0.0,50.49209899880225,frame_fifo_full,,,,,,,,,,,,,,,,,,,,,,,,,,,,,,,,,,,,,,,,,,,,,,,,,,,,,,,,
rsg_object_detection,dropped_oldest,2284,rsg_20260806_149_504899999_002284,dropped,True,fifo_cached_frame,2283,234,0,2047,234,0,1,0.0,101.30879099597223,frame_fifo_full,,,,,,,,,,,,,,,,,,,,,,,,,,,,,,,,,,,,,,,,,,,,,,,,,,,,,,,,
rsg_object_detection,dropped_oldest,2285,rsg_20260806_149_604899999_002285,dropped,True,fifo_cached_frame,2284,234,0,2048,234,0,1,0.0,79.39061700017191,frame_fifo_full,,,,,,,,,,,,,,,,,,,,,,,,,,,,,,,,,,,,,,,,,,,,,,,,,,,,,,,,
rsg_object_detection,dropped_oldest,2286,rsg_20260806_149_654899999_002286,dropped,True,fifo_cached_frame,2285,234,0,2049,234,0,1,0.0,44.586493000679184,frame_fifo_full,,,,,,,,,,,,,,,,,,,,,,,,,,,,,,,,,,,,,,,,,,,,,,,,,,,,,,,,
rsg_object_detection,dropped_oldest,2287,rsg_20260806_149_704900000_002287,dropped,True,fifo_cached_frame,2286,234,0,2050,234,0,1,0.0,57.75639800413046,frame_fifo_full,,,,,,,,,,,,,,,,,,,,,,,,,,,,,,,,,,,,,,,,,,,,,,,,,,,,,,,,
rsg_object_detection,dropped_oldest,2288,rsg_20260806_149_754899999_002288,dropped,True,fifo_cached_frame,2287,234,0,2051,234,0,1,0.0,33.69815499900142,frame_fifo_full,,,,,,,,,,,,,,,,,,,,,,,,,,,,,,,,,,,,,,,,,,,,,,,,,,,,,,,,
rsg_object_detection,dropped_oldest,2289,rsg_20260806_149_804900000_002289,dropped,True,fifo_cached_frame,2288,234,0,2052,234,0,1,0.0,84.81947400287027,frame_fifo_full,,,,,,,,,,,,,,,,,,,,,,,,,,,,,,,,,,,,,,,,,,,,,,,,,,,,,,,,
rsg_object_detection,dropped_oldest,2290,rsg_20260806_149_854899999_002290,dropped,True,fifo_cached_frame,2289,234,0,2053,234,0,1,0.0,3.0080969954724424,frame_fifo_full,,,,,,,,,,,,,,,,,,,,,,,,,,,,,,,,,,,,,,,,,,,,,,,,,,,,,,,,
rsg_object_detection,frame_trace,2279,rsg_20260806_149_204900000_002279,sent_to_hydra,,,,,,,,,,,680.9874989994569,ok,15.32466200296767,653.3651189965894,8.487511993735097,0.13874599972041324,8.348765994014684,0.003263994585722685,2.3834509993321262,0.19020000036107376,350.6872699945234,20.885642006760463,0.008798997441772372,371.7719109990867,111.18805198930204,21.229403995675966,6.325045011180919,42.376539000542834,40.59181500633713,99.82613399915863,2.9776010051136836,0.7234900040202774,0.300658997730352,1.2041090012644418,0.3739039966603741,0.006784001016058028,216.61781999864615,2.568148003774695,0.1832249981816858,59.78770399815403,0.052859999414067715,11.032556001737248,10.354568003094755,0.08940400584833696,0.5885839927941561,3.60205600009067,0.6843230003141798,0.005727000825572759,3.80694201157894,7,0,7,0,0,,,,,,,,,,,,,,
rsg_object_detection,dropped_oldest,2292,rsg_20260806_149_954900000_002292,dropped,True,fifo_cached_frame,2291,235,0,2054,235,0,1,0.0,45.301215002837125,frame_fifo_full,,,,,,,,,,,,,,,,,,,,,,,,,,,,,,,,,,,,,,,,,,,,,,,,,,,,,,,,
rsg_object_detection,dropped_oldest,2293,rsg_20260806_150_004899999_002293,dropped,True,fifo_cached_frame,2292,235,0,2055,235,0,1,0.0,95.93449399835663,frame_fifo_full,,,,,,,,,,,,,,,,,,,,,,,,,,,,,,,,,,,,,,,,,,,,,,,,,,,,,,,,
rsg_object_detection,dropped_oldest,2294,rsg_20260806_150_104899999_002294,dropped,True,fifo_cached_frame,2293,235,0,2056,235,0,1,0.0,51.932681002654135,frame_fifo_full,,,,,,,,,,,,,,,,,,,,,,,,,,,,,,,,,,,,,,,,,,,,,,,,,,,,,,,,
rsg_object_detection,dropped_oldest,2295,rsg_20260806_150_154899999_002295,dropped,True,fifo_cached_frame,2294,235,0,2057,235,0,1,0.0,49.552525000763126,frame_fifo_full,,,,,,,,,,,,,,,,,,,,,,,,,,,,,,,,,,,,,,,,,,,,,,,,,,,,,,,,
rsg_object_detection,dropped_oldest,2296,rsg_20260806_150_204900000_002296,dropped,True,fifo_cached_frame,2295,235,0,2058,235,0,1,0.0,50.322445000347216,frame_fifo_full,,,,,,,,,,,,,,,,,,,,,,,,,,,,,,,,,,,,,,,,,,,,,,,,,,,,,,,,
rsg_object_detection,dropped_oldest,2297,rsg_20260806_150_254899999_002297,dropped,True,fifo_cached_frame,2296,235,0,2059,235,0,1,0.0,49.023780004063156,frame_fifo_full,,,,,,,,,,,,,,,,,,,,,,,,,,,,,,,,,,,,,,,,,,,,,,,,,,,,,,,,
rsg_object_detection,dropped_oldest,2298,rsg_20260806_150_304900000_002298,dropped,True,fifo_cached_frame,2297,235,0,2060,235,0,1,0.0,49.292824005533475,frame_fifo_full,,,,,,,,,,,,,,,,,,,,,,,,,,,,,,,,,,,,,,,,,,,,,,,,,,,,,,,,
rsg_object_detection,dropped_oldest,2299,rsg_20260806_150_354899999_002299,dropped,True,fifo_cached_frame,2298,235,0,2061,235,0,1,0.0,397.86846400238574,frame_fifo_full,,,,,,,,,,,,,,,,,,,,,,,,,,,,,,,,,,,,,,,,,,,,,,,,,,,,,,,,
rsg_object_detection,dropped_oldest,2300,rsg_20260806_150_404899999_002300,dropped,True,fifo_cached_frame,2299,235,0,2062,235,0,1,0.0,17.30745899840258,frame_fifo_full,,,,,,,,,,,,,,,,,,,,,,,,,,,,,,,,,,,,,,,,,,,,,,,,,,,,,,,,
rsg_object_detection,dropped_oldest,2301,rsg_20260806_150_454900000_002301,dropped,True,fifo_cached_frame,2300,235,0,2063,235,0,1,0.0,9.815200995944906,frame_fifo_full,,,,,,,,,,,,,,,,,,,,,,,,,,,,,,,,,,,,,,,,,,,,,,,,,,,,,,,,
rsg_object_detection,dropped_oldest,2302,rsg_20260806_150_504899999_002302,dropped,True,fifo_cached_frame,2301,235,0,2064,235,0,1,0.0,9.926651000569109,frame_fifo_full,,,,,,,,,,,,,,,,,,,,,,,,,,,,,,,,,,,,,,,,,,,,,,,,,,,,,,,,
rsg_object_detection,dropped_oldest,2303,rsg_20260806_150_554900000_002303,dropped,True,fifo_cached_frame,2302,235,0,2065,235,0,1,0.0,42.69396800373215,frame_fifo_full,,,,,,,,,,,,,,,,,,,,,,,,,,,,,,,,,,,,,,,,,,,,,,,,,,,,,,,,
rsg_object_detection,dropped_oldest,2304,rsg_20260806_150_604899999_002304,dropped,True,fifo_cached_frame,2303,235,0,2066,235,0,1,0.0,4.483649994654115,frame_fifo_full,,,,,,,,,,,,,,,,,,,,,,,,,,,,,,,,,,,,,,,,,,,,,,,,,,,,,,,,
rsg_object_detection,dropped_oldest,2305,rsg_20260806_150_654899999_002305,dropped,True,fifo_cached_frame,2304,235,0,2067,235,0,1,0.0,4.130896995775402,frame_fifo_full,,,,,,,,,,,,,,,,,,,,,,,,,,,,,,,,,,,,,,,,,,,,,,,,,,,,,,,,
rsg_object_detection,dropped_oldest,2306,rsg_20260806_150_704900000_002306,dropped,True,fifo_cached_frame,2305,235,0,2068,235,0,1,0.0,4.354984004748985,frame_fifo_full,,,,,,,,,,,,,,,,,,,,,,,,,,,,,,,,,,,,,,,,,,,,,,,,,,,,,,,,
rsg_object_detection,dropped_oldest,2307,rsg_20260806_150_754899999_002307,dropped,True,fifo_cached_frame,2306,235,0,2069,235,0,1,0.0,4.143471996940207,frame_fifo_full,,,,,,,,,,,,,,,,,,,,,,,,,,,,,,,,,,,,,,,,,,,,,,,,,,,,,,,,
rsg_object_detection,dropped_oldest,2308,rsg_20260806_150_804900000_002308,dropped,True,fifo_cached_frame,2307,235,0,2070,235,0,1,0.0,109.57484800019301,frame_fifo_full,,,,,,,,,,,,,,,,,,,,,,,,,,,,,,,,,,,,,,,,,,,,,,,,,,,,,,,,
rsg_object_detection,frame_trace,2291,rsg_20260806_149_904899999_002291,sent_to_hydra,,,,,,,,,,,1050.864321005065,ok,21.24710000498453,974.6342729995376,50.5934060056461,0.11301900667604059,50.48038699897006,0.007968003046698868,5.1683570054592565,0.1772719988366589,354.9793940037489,24.0454779996071,0.007550996087957174,379.2096949982806,61.927712995384354,16.93720099865459,5.176836988539435,27.440278005087748,11.667314000078477,450.65969999996014,2.985218001413159,0.7802229883964173,0.295028010441456,1.2314040068304166,0.609990005614236,0.005087997124064714,518.5113549960079,4.670906004321296,0.22207100118976086,66.80459500057623,0.04729399370262399,11.034125003789086,8.66200100426795,0.11202700261492282,2.2600969969062135,9.591849004209507,0.6164219958009198,0.004704001185018569,4.3815739918500185,7,0,7,0,0,,,,,,,,,,,,,,
rsg_object_detection,dropped_oldest,2310,rsg_20260806_151_004899999_002310,dropped,True,fifo_cached_frame,2309,236,0,2071,236,0,1,0.0,44.84894900087966,frame_fifo_full,,,,,,,,,,,,,,,,,,,,,,,,,,,,,,,,,,,,,,,,,,,,,,,,,,,,,,,,
rsg_object_detection,dropped_oldest,2311,rsg_20260806_151_054900000_002311,dropped,True,fifo_cached_frame,2310,236,0,2072,236,0,1,0.0,54.82417800521944,frame_fifo_full,,,,,,,,,,,,,,,,,,,,,,,,,,,,,,,,,,,,,,,,,,,,,,,,,,,,,,,,
rsg_object_detection,dropped_oldest,2312,rsg_20260806_151_104899999_002312,dropped,True,fifo_cached_frame,2311,236,0,2073,236,0,1,0.0,44.149332999950275,frame_fifo_full,,,,,,,,,,,,,,,,,,,,,,,,,,,,,,,,,,,,,,,,,,,,,,,,,,,,,,,,
rsg_object_detection,dropped_oldest,2313,rsg_20260806_151_154899999_002313,dropped,True,fifo_cached_frame,2312,236,0,2074,236,0,1,0.0,51.127887003531214,frame_fifo_full,,,,,,,,,,,,,,,,,,,,,,,,,,,,,,,,,,,,,,,,,,,,,,,,,,,,,,,,
rsg_object_detection,dropped_oldest,2314,rsg_20260806_151_204900000_002314,dropped,True,fifo_cached_frame,2313,236,0,2075,236,0,1,0.0,49.026919004973024,frame_fifo_full,,,,,,,,,,,,,,,,,,,,,,,,,,,,,,,,,,,,,,,,,,,,,,,,,,,,,,,,
rsg_object_detection,dropped_oldest,2315,rsg_20260806_151_254899999_002315,dropped,True,fifo_cached_frame,2314,236,0,2076,236,0,1,0.0,51.6187129978789,frame_fifo_full,,,,,,,,,,,,,,,,,,,,,,,,,,,,,,,,,,,,,,,,,,,,,,,,,,,,,,,,
rsg_object_detection,dropped_oldest,2316,rsg_20260806_151_304900000_002316,dropped,True,fifo_cached_frame,2315,236,0,2077,236,0,1,0.0,49.21471900161123,frame_fifo_full,,,,,,,,,,,,,,,,,,,,,,,,,,,,,,,,,,,,,,,,,,,,,,,,,,,,,,,,
rsg_object_detection,dropped_oldest,2317,rsg_20260806_151_354899999_002317,dropped,True,fifo_cached_frame,2316,236,0,2078,236,0,1,0.0,120.88772100105416,frame_fifo_full,,,,,,,,,,,,,,,,,,,,,,,,,,,,,,,,,,,,,,,,,,,,,,,,,,,,,,,,
rsg_object_detection,dropped_oldest,2318,rsg_20260806_151_454900000_002318,dropped,True,fifo_cached_frame,2317,236,0,2079,236,0,1,0.0,45.84465399966575,frame_fifo_full,,,,,,,,,,,,,,,,,,,,,,,,,,,,,,,,,,,,,,,,,,,,,,,,,,,,,,,,
rsg_object_detection,dropped_oldest,2319,rsg_20260806_151_504899999_002319,dropped,True,fifo_cached_frame,2318,236,0,2080,236,0,1,0.0,83.63911999913398,frame_fifo_full,,,,,,,,,,,,,,,,,,,,,,,,,,,,,,,,,,,,,,,,,,,,,,,,,,,,,,,,
rsg_object_detection,dropped_oldest,2320,rsg_20260806_151_554900000_002320,dropped,True,fifo_cached_frame,2319,236,0,2081,236,0,1,0.0,7.687450997764245,frame_fifo_full,,,,,,,,,,,,,,,,,,,,,,,,,,,,,,,,,,,,,,,,,,,,,,,,,,,,,,,,
rsg_object_detection,frame_trace,2309,rsg_20260806_150_954900000_002309,sent_to_hydra,,,,,,,,,,,663.7952899982338,ok,13.230033000581898,602.8083669953048,44.632894001551904,0.17320899496553466,44.45968500658637,0.004223002179060131,2.8897660013171844,1.0103569948114455,351.5366860010545,15.197310000075959,0.008383001841139048,367.752735997783,88.2239189959364,21.941665996564552,7.558655001048464,39.525913998659234,18.517104006605223,76.22576999710873,5.305728998791892,3.1539769915980287,0.431405016570352,1.3302480001584627,0.6241340015549213,0.005854999471921474,175.32001200015657,5.916549998801202,0.13154699990991503,50.75366199889686,0.044093998440075666,9.072033004486002,8.507288002874702,0.09436399705009535,0.47038100456120446,3.42555099632591,0.7268810004461557,0.0055679993238300085,3.1197729986160994,7,0,7,0,0,,,,,,,,,,,,,,
rsg_object_detection,dropped_oldest,2322,rsg_20260806_151_654899999_002322,dropped,True,fifo_cached_frame,2321,237,0,2082,237,0,1,0.0,39.72951999458019,frame_fifo_full,,,,,,,,,,,,,,,,,,,,,,,,,,,,,,,,,,,,,,,,,,,,,,,,,,,,,,,,
rsg_object_detection,dropped_oldest,2323,rsg_20260806_151_704900000_002323,dropped,True,fifo_cached_frame,2322,237,0,2083,237,0,1,0.0,156.25240199733526,frame_fifo_full,,,,,,,,,,,,,,,,,,,,,,,,,,,,,,,,,,,,,,,,,,,,,,,,,,,,,,,,
rsg_object_detection,dropped_oldest,2324,rsg_20260806_151_754899999_002324,dropped,True,fifo_cached_frame,2323,237,0,2084,237,0,1,0.0,5.803754997032229,frame_fifo_full,,,,,,,,,,,,,,,,,,,,,,,,,,,,,,,,,,,,,,,,,,,,,,,,,,,,,,,,
rsg_object_detection,dropped_oldest,2325,rsg_20260806_151_854899999_002325,dropped,True,fifo_cached_frame,2324,237,0,2085,237,0,1,0.0,38.11218099872349,frame_fifo_full,,,,,,,,,,,,,,,,,,,,,,,,,,,,,,,,,,,,,,,,,,,,,,,,,,,,,,,,
rsg_object_detection,dropped_oldest,2326,rsg_20260806_151_904899999_002326,dropped,True,fifo_cached_frame,2325,237,0,2086,237,0,1,0.0,59.0889259983669,frame_fifo_full,,,,,,,,,,,,,,,,,,,,,,,,,,,,,,,,,,,,,,,,,,,,,,,,,,,,,,,,
rsg_object_detection,dropped_oldest,2327,rsg_20260806_151_954900000_002327,dropped,True,fifo_cached_frame,2326,237,0,2087,237,0,1,0.0,91.56080200045835,frame_fifo_full,,,,,,,,,,,,,,,,,,,,,,,,,,,,,,,,,,,,,,,,,,,,,,,,,,,,,,,,
rsg_object_detection,dropped_oldest,2328,rsg_20260806_152_054900000_002328,dropped,True,fifo_cached_frame,2327,237,0,2088,237,0,1,0.0,69.22277299599955,frame_fifo_full,,,,,,,,,,,,,,,,,,,,,,,,,,,,,,,,,,,,,,,,,,,,,,,,,,,,,,,,
rsg_object_detection,dropped_oldest,2329,rsg_20260806_152_104899999_002329,dropped,True,fifo_cached_frame,2328,237,0,2089,237,0,1,0.0,50.540554999315646,frame_fifo_full,,,,,,,,,,,,,,,,,,,,,,,,,,,,,,,,,,,,,,,,,,,,,,,,,,,,,,,,
rsg_object_detection,dropped_oldest,2330,rsg_20260806_152_154899999_002330,dropped,True,fifo_cached_frame,2329,237,0,2090,237,0,1,0.0,43.90681900258642,frame_fifo_full,,,,,,,,,,,,,,,,,,,,,,,,,,,,,,,,,,,,,,,,,,,,,,,,,,,,,,,,
rsg_object_detection,dropped_oldest,2331,rsg_20260806_152_204900000_002331,dropped,True,fifo_cached_frame,2330,237,0,2091,237,0,1,0.0,40.57351999654202,frame_fifo_full,,,,,,,,,,,,,,,,,,,,,,,,,,,,,,,,,,,,,,,,,,,,,,,,,,,,,,,,
rsg_object_detection,dropped_oldest,2332,rsg_20260806_152_254899999_002332,dropped,True,fifo_cached_frame,2331,237,0,2092,237,0,1,0.0,64.00651400326751,frame_fifo_full,,,,,,,,,,,,,,,,,,,,,,,,,,,,,,,,,,,,,,,,,,,,,,,,,,,,,,,,
rsg_object_detection,dropped_oldest,2333,rsg_20260806_152_304900000_002333,dropped,True,fifo_cached_frame,2332,237,0,2093,237,0,1,0.0,82.55424399976619,frame_fifo_full,,,,,,,,,,,,,,,,,,,,,,,,,,,,,,,,,,,,,,,,,,,,,,,,,,,,,,,,
rsg_object_detection,frame_trace,2321,rsg_20260806_151_604899999_002321,sent_to_hydra,,,,,,,,,,,800.1729480020003,ok,12.866017001215369,739.2637779994402,44.67116700106999,0.13164200208848342,44.539524998981506,0.0037439967854879797,1.772436997271143,0.20172000222373754,379.3403470044723,21.329401999537367,0.007390990504063666,400.87885999673745,190.40722599311266,29.707163012062665,21.78407299652463,111.67528700752882,26.428226999996696,80.83089199499227,3.7112349964445457,1.199726015329361,0.3470270021352917,1.3640069955727085,0.34836900158552453,0.008382994565181434,278.2347519969335,5.625682999379933,0.1285699981963262,52.580468996893615,0.04300701402826235,8.516567999322433,7.859347999328747,0.09657200280344114,0.5606479971902445,3.6502779985312372,0.6946590001462027,0.004512003215495497,3.3682420034892857,8,0,8,0,0,,,,,,,,,,,,,,
rsg_object_detection,dropped_oldest,2335,rsg_20260806_152_404899999_002335,dropped,True,fifo_cached_frame,2334,238,0,2094,238,0,1,0.0,13.148148995242082,frame_fifo_full,,,,,,,,,,,,,,,,,,,,,,,,,,,,,,,,,,,,,,,,,,,,,,,,,,,,,,,,
rsg_object_detection,dropped_oldest,2336,rsg_20260806_152_454900000_002336,dropped,True,fifo_cached_frame,2335,238,0,2095,238,0,1,0.0,82.61097799550043,frame_fifo_full,,,,,,,,,,,,,,,,,,,,,,,,,,,,,,,,,,,,,,,,,,,,,,,,,,,,,,,,
rsg_object_detection,dropped_oldest,2337,rsg_20260806_152_554900000_002337,dropped,True,fifo_cached_frame,2336,238,0,2096,238,0,1,0.0,53.173531996435486,frame_fifo_full,,,,,,,,,,,,,,,,,,,,,,,,,,,,,,,,,,,,,,,,,,,,,,,,,,,,,,,,
rsg_object_detection,dropped_oldest,2338,rsg_20260806_152_604899999_002338,dropped,True,fifo_cached_frame,2337,238,0,2097,238,0,1,0.0,96.96253199945204,frame_fifo_full,,,,,,,,,,,,,,,,,,,,,,,,,,,,,,,,,,,,,,,,,,,,,,,,,,,,,,,,
rsg_object_detection,dropped_oldest,2339,rsg_20260806_152_704900000_002339,dropped,True,fifo_cached_frame,2338,238,0,2098,238,0,1,0.0,51.0182630023337,frame_fifo_full,,,,,,,,,,,,,,,,,,,,,,,,,,,,,,,,,,,,,,,,,,,,,,,,,,,,,,,,
rsg_object_detection,dropped_oldest,2340,rsg_20260806_152_754899999_002340,dropped,True,fifo_cached_frame,2339,238,0,2099,238,0,1,0.0,72.48094100214075,frame_fifo_full,,,,,,,,,,,,,,,,,,,,,,,,,,,,,,,,,,,,,,,,,,,,,,,,,,,,,,,,
rsg_object_detection,dropped_oldest,2341,rsg_20260806_152_804900000_002341,dropped,True,fifo_cached_frame,2340,238,0,2100,238,0,1,0.0,76.50838699919404,frame_fifo_full,,,,,,,,,,,,,,,,,,,,,,,,,,,,,,,,,,,,,,,,,,,,,,,,,,,,,,,,
rsg_object_detection,dropped_oldest,2342,rsg_20260806_152_854899999_002342,dropped,True,fifo_cached_frame,2341,238,0,2101,238,0,1,0.0,38.82946600060677,frame_fifo_full,,,,,,,,,,,,,,,,,,,,,,,,,,,,,,,,,,,,,,,,,,,,,,,,,,,,,,,,
rsg_object_detection,dropped_oldest,2343,rsg_20260806_152_904899999_002343,dropped,True,fifo_cached_frame,2342,238,0,2102,238,0,1,0.0,19.066363005549647,frame_fifo_full,,,,,,,,,,,,,,,,,,,,,,,,,,,,,,,,,,,,,,,,,,,,,,,,,,,,,,,,
rsg_object_detection,dropped_oldest,2344,rsg_20260806_152_954900000_002344,dropped,True,fifo_cached_frame,2343,238,0,2103,238,0,1,0.0,72.56330500240438,frame_fifo_full,,,,,,,,,,,,,,,,,,,,,,,,,,,,,,,,,,,,,,,,,,,,,,,,,,,,,,,,
rsg_object_detection,frame_trace,2334,rsg_20260806_152_354899999_002334,sent_to_hydra,,,,,,,,,,,639.8528659992735,ok,14.14721100445604,572.280389998923,50.3401159949135,0.12377099483273923,50.216345000080764,0.0038709986256435513,1.1758219989133067,0.22917400201549754,312.0825399964815,21.965088999422733,0.007296002877410501,334.28409900079714,63.71071998728439,21.578449006483424,4.688088993134443,20.531548987491988,16.164052998647094,102.29209899989655,4.333575998316519,5.893481997190975,0.4334180193836801,1.463458000216633,0.7582719990750775,0.005023997800890356,178.9086729986593,5.645776996971108,0.1403780042892322,52.07933799829334,0.046303000999614596,9.087487997021526,8.44425199466059,0.09298799704993144,0.5502480053110048,4.362312000012025,0.6917790014995262,0.00563200592296198,3.0812780023552477,8,0,8,0,0,,,,,,,,,,,,,,
rsg_object_detection,dropped_oldest,2345,rsg_20260806_153_004899999_002345,dropped,True,fifo_cached_frame,2344,238,0,2104,239,0,1,0.0,50.444881002476905,frame_fifo_full,,,,,,,,,,,,,,,,,,,,,,,,,,,,,,,,,,,,,,,,,,,,,,,,,,,,,,,,
rsg_object_detection,dropped_oldest,2347,rsg_20260806_153_104899999_002347,dropped,True,fifo_cached_frame,2346,239,0,2105,239,0,1,0.0,51.71625300135929,frame_fifo_full,,,,,,,,,,,,,,,,,,,,,,,,,,,,,,,,,,,,,,,,,,,,,,,,,,,,,,,,
rsg_object_detection,dropped_oldest,2348,rsg_20260806_153_154899999_002348,dropped,True,fifo_cached_frame,2347,239,0,2106,239,0,1,0.0,49.55992800387321,frame_fifo_full,,,,,,,,,,,,,,,,,,,,,,,,,,,,,,,,,,,,,,,,,,,,,,,,,,,,,,,,
rsg_object_detection,dropped_oldest,2349,rsg_20260806_153_204900000_002349,dropped,True,fifo_cached_frame,2348,239,0,2107,239,0,1,0.0,49.8488110024482,frame_fifo_full,,,,,,,,,,,,,,,,,,,,,,,,,,,,,,,,,,,,,,,,,,,,,,,,,,,,,,,,
rsg_object_detection,dropped_oldest,2350,rsg_20260806_153_254899999_002350,dropped,True,fifo_cached_frame,2349,239,0,2108,239,0,1,0.0,99.79851500247605,frame_fifo_full,,,,,,,,,,,,,,,,,,,,,,,,,,,,,,,,,,,,,,,,,,,,,,,,,,,,,,,,
rsg_object_detection,dropped_oldest,2351,rsg_20260806_153_354899999_002351,dropped,True,fifo_cached_frame,2350,239,0,2109,239,0,1,0.0,50.77184500260046,frame_fifo_full,,,,,,,,,,,,,,,,,,,,,,,,,,,,,,,,,,,,,,,,,,,,,,,,,,,,,,,,
rsg_object_detection,dropped_oldest,2352,rsg_20260806_153_404899999_002352,dropped,True,fifo_cached_frame,2351,239,0,2110,239,0,1,0.0,52.19440899963956,frame_fifo_full,,,,,,,,,,,,,,,,,,,,,,,,,,,,,,,,,,,,,,,,,,,,,,,,,,,,,,,,
rsg_object_detection,dropped_oldest,2353,rsg_20260806_153_454900000_002353,dropped,True,fifo_cached_frame,2352,239,0,2111,239,0,1,0.0,56.17763299960643,frame_fifo_full,,,,,,,,,,,,,,,,,,,,,,,,,,,,,,,,,,,,,,,,,,,,,,,,,,,,,,,,
rsg_object_detection,dropped_oldest,2354,rsg_20260806_153_504899999_002354,dropped,True,fifo_cached_frame,2353,239,0,2112,239,0,1,0.0,70.97659399732947,frame_fifo_full,,,,,,,,,,,,,,,,,,,,,,,,,,,,,,,,,,,,,,,,,,,,,,,,,,,,,,,,
rsg_object_detection,dropped_oldest,2355,rsg_20260806_153_554900000_002355,dropped,True,fifo_cached_frame,2354,239,0,2113,239,0,1,0.0,22.176282000145875,frame_fifo_full,,,,,,,,,,,,,,,,,,,,,,,,,,,,,,,,,,,,,,,,,,,,,,,,,,,,,,,,
rsg_object_detection,dropped_oldest,2356,rsg_20260806_153_604899999_002356,dropped,True,fifo_cached_frame,2355,239,0,2114,239,0,1,0.0,62.3047020053491,frame_fifo_full,,,,,,,,,,,,,,,,,,,,,,,,,,,,,,,,,,,,,,,,,,,,,,,,,,,,,,,,
rsg_object_detection,frame_trace,2346,rsg_20260806_153_054900000_002346,sent_to_hydra,,,,,,,,,,,595.2216059959028,ok,14.480350000667386,576.0928439995041,1.617594993149396,0.14703299530083314,1.470561997848563,0.0032960015232674778,1.9009759998880327,0.1918319976539351,381.73988299968187,15.02672700007679,0.005087000317871571,396.96352899773046,40.40645799977938,18.600399991555605,3.2501359964953735,4.734039008326363,13.204148002841976,70.95413099887082,4.3899259908357635,7.917808994534425,0.463405012851581,1.4574099986930378,0.3635689936345443,0.0053440016927197576,125.98176399478689,2.5425169951631688,0.16392899851780385,48.48486900300486,0.05526001041289419,10.080856001877692,9.448529999644961,0.09330899774795398,0.5390170044847764,3.7018920047557913,0.6930259987711906,0.00457599526271224,3.0275210010586306,8,0,8,0,0,,,,,,,,,,,,,,
rsg_object_detection,dropped_oldest,2358,rsg_20260806_153_754899999_002358,dropped,True,fifo_cached_frame,2357,240,0,2115,240,0,1,0.0,97.6506050064927,frame_fifo_full,,,,,,,,,,,,,,,,,,,,,,,,,,,,,,,,,,,,,,,,,,,,,,,,,,,,,,,,
rsg_object_detection,dropped_oldest,2359,rsg_20260806_153_854899999_002359,dropped,True,fifo_cached_frame,2358,240,0,2116,240,0,1,0.0,54.289872001390904,frame_fifo_full,,,,,,,,,,,,,,,,,,,,,,,,,,,,,,,,,,,,,,,,,,,,,,,,,,,,,,,,
rsg_object_detection,dropped_oldest,2360,rsg_20260806_153_904899999_002360,dropped,True,fifo_cached_frame,2359,240,0,2117,240,0,1,0.0,50.58702100359369,frame_fifo_full,,,,,,,,,,,,,,,,,,,,,,,,,,,,,,,,,,,,,,,,,,,,,,,,,,,,,,,,
rsg_object_detection,dropped_oldest,2361,rsg_20260806_153_954900000_002361,dropped,True,fifo_cached_frame,2360,240,0,2118,240,0,1,0.0,49.916585005121306,frame_fifo_full,,,,,,,,,,,,,,,,,,,,,,,,,,,,,,,,,,,,,,,,,,,,,,,,,,,,,,,,
rsg_object_detection,dropped_oldest,2362,rsg_20260806_154_004899999_002362,dropped,True,fifo_cached_frame,2361,240,0,2119,240,0,1,0.0,106.75144099514,frame_fifo_full,,,,,,,,,,,,,,,,,,,,,,,,,,,,,,,,,,,,,,,,,,,,,,,,,,,,,,,,
rsg_object_detection,dropped_oldest,2363,rsg_20260806_154_104899999_002363,dropped,True,fifo_cached_frame,2362,240,0,2120,240,0,1,0.0,51.009629998588935,frame_fifo_full,,,,,,,,,,,,,,,,,,,,,,,,,,,,,,,,,,,,,,,,,,,,,,,,,,,,,,,,
rsg_object_detection,dropped_oldest,2364,rsg_20260806_154_154899999_002364,dropped,True,fifo_cached_frame,2363,240,0,2121,240,0,1,0.0,37.98236999864457,frame_fifo_full,,,,,,,,,,,,,,,,,,,,,,,,,,,,,,,,,,,,,,,,,,,,,,,,,,,,,,,,
rsg_object_detection,dropped_oldest,2365,rsg_20260806_154_204900000_002365,dropped,True,fifo_cached_frame,2364,240,0,2122,240,0,1,0.0,65.29264600249007,frame_fifo_full,,,,,,,,,,,,,,,,,,,,,,,,,,,,,,,,,,,,,,,,,,,,,,,,,,,,,,,,
rsg_object_detection,frame_trace,2357,rsg_20260806_153_654899999_002357,sent_to_hydra,,,,,,,,,,,610.3176890028408,ok,14.182635000906885,549.9097049978445,43.032683002820704,0.18197600002167746,42.85070700279903,0.005792004230897874,2.129478001734242,0.22283799626166,336.71310800127685,20.819186996959615,0.006560003384947777,357.7616929978831,69.75197600695537,18.008843006100506,7.067385005939286,30.841964988212567,13.092761000734754,71.62767500267364,3.5687460040207952,0.858300001709722,0.3436989863985218,1.5335999996750616,0.34699399839155376,0.006238995410967618,148.05498700297903,2.8292889983276837,0.15080999583005905,38.92271399672609,0.06073400436434895,9.15887900191592,8.463131998723838,0.09231599688064307,0.603431006311439,4.192143002001103,0.8263649942819029,0.0052480027079582214,3.1868739970377646,8,0,8,0,0,,,,,,,,,,,,,,
rsg_object_detection,dropped_oldest,2367,rsg_20260806_154_304900000_002367,dropped,True,fifo_cached_frame,2366,241,0,2123,241,0,1,0.0,59.143368001969066,frame_fifo_full,,,,,,,,,,,,,,,,,,,,,,,,,,,,,,,,,,,,,,,,,,,,,,,,,,,,,,,,
rsg_object_detection,dropped_oldest,2368,rsg_20260806_154_354899999_002368,dropped,True,fifo_cached_frame,2367,241,0,2124,241,0,1,0.0,34.03527200134704,frame_fifo_full,,,,,,,,,,,,,,,,,,,,,,,,,,,,,,,,,,,,,,,,,,,,,,,,,,,,,,,,
rsg_object_detection,dropped_oldest,2369,rsg_20260806_154_404899999_002369,dropped,True,fifo_cached_frame,2368,241,0,2125,241,0,1,0.0,49.66680699726567,frame_fifo_full,,,,,,,,,,,,,,,,,,,,,,,,,,,,,,,,,,,,,,,,,,,,,,,,,,,,,,,,
rsg_object_detection,,536,rsg_20260806_39_854880000_000536,vlm_done,,,,,,,,,,,,ok,,,,,,,,,,,,,,,,,,,,,,,,,,,,,,,,,,,,,,,,,,,rsg_obj_000057,rsg_unknown_rsg_20260806_39_854880000_000536_005_nanosam_001,,,1,0.7009088456903059,ceiling_light,0.97,static,0.99,6983.527336000407,108598.0805559957,qwen_http,Qwen3-VL-8B-Instruct-GGUF
rsg_object_detection,completed,536,rsg_20260806_39_854880000_000536,,,,,,,,,,,101614.55059600121,,vlm_done,,,,,,,,,,,,,,,,,,,,,,,,,,,,,,,,,,,,,,,,,,,rsg_obj_000057,rsg_unknown_rsg_20260806_39_854880000_000536_005_nanosam_001,90,300,1,0.7009088456903059,,,,,,,,
rsg_object_detection,dropped_oldest,2370,rsg_20260806_154_454900000_002370,dropped,True,fifo_cached_frame,2369,241,0,2126,241,0,1,0.0,56.742092994682025,frame_fifo_full,,,,,,,,,,,,,,,,,,,,,,,,,,,,,,,,,,,,,,,,,,,,,,,,,,,,,,,,
rsg_object_detection,dropped_oldest,2371,rsg_20260806_154_504899999_002371,dropped,True,fifo_cached_frame,2370,241,0,2127,241,0,1,0.0,45.268079004017636,frame_fifo_full,,,,,,,,,,,,,,,,,,,,,,,,,,,,,,,,,,,,,,,,,,,,,,,,,,,,,,,,
rsg_object_detection,dropped_oldest,2372,rsg_20260806_154_554900000_002372,dropped,True,fifo_cached_frame,2371,241,0,2128,241,0,1,0.0,56.12295100581832,frame_fifo_full,,,,,,,,,,,,,,,,,,,,,,,,,,,,,,,,,,,,,,,,,,,,,,,,,,,,,,,,
rsg_object_detection,dequeued,600,rsg_20260806_43_904879999_000600,,,,,,,,,,,106748.43424200662,,fifo_order,,,,,,,,,,,,,,,,,,,,,,,,,,,,,,,,,,,,,,,,,,,rsg_obj_000066,rsg_unknown_rsg_20260806_43_904879999_000600_000_nanosam_001,89,300,3,0.6419091479526579,,,,,,,,
rsg_object_detection,dropped_oldest,2373,rsg_20260806_154_604899999_002373,dropped,True,fifo_cached_frame,2372,241,0,2129,241,0,1,0.0,81.32691500213696,frame_fifo_full,,,,,,,,,,,,,,,,,,,,,,,,,,,,,,,,,,,,,,,,,,,,,,,,,,,,,,,,
rsg_object_detection,dropped_oldest,2374,rsg_20260806_154_654899999_002374,dropped,True,fifo_cached_frame,2373,241,0,2130,241,0,1,0.0,66.08883599983528,frame_fifo_full,,,,,,,,,,,,,,,,,,,,,,,,,,,,,,,,,,,,,,,,,,,,,,,,,,,,,,,,
rsg_object_detection,dropped_oldest,2375,rsg_20260806_154_754899999_002375,dropped,True,fifo_cached_frame,2374,241,0,2131,241,0,1,0.0,61.36589800007641,frame_fifo_full,,,,,,,,,,,,,,,,,,,,,,,,,,,,,,,,,,,,,,,,,,,,,,,,,,,,,,,,
rsg_object_detection,frame_trace,2366,rsg_20260806_154_254899999_002366,sent_to_hydra,,,,,,,,,,,560.6311349984026,ok,13.044155995885376,504.93885399919236,39.333897002507,0.154392997501418,39.17950400500558,0.006176000169944018,4.93060900043929,0.2213019979535602,275.36972800589865,19.930488997488283,0.006527996447402984,295.5280469977879,55.3618310004822,20.860531003563665,4.069205984706059,19.5339929923648,10.217201990599278,82.03002100344747,4.766871003084816,3.1030679965624586,0.4223199939588085,1.53926300117746,0.49303499690722674,0.0069759989855811,147.74389699596213,6.576779000170063,0.14585000462830067,49.96516199753387,0.04851000267080963,8.961927000200376,8.31209800526267,0.09973900159820914,0.5500899933394976,3.371442995558027,0.7059229974402115,0.00486300268676132,3.3080520006478764,8,0,8,0,0,,,,,,,,,,,,,,
rsg_object_detection,dropped_oldest,2377,rsg_20260806_154_854899999_002377,dropped,True,fifo_cached_frame,2376,242,0,2132,242,0,1,0.0,42.02095200162148,frame_fifo_full,,,,,,,,,,,,,,,,,,,,,,,,,,,,,,,,,,,,,,,,,,,,,,,,,,,,,,,,
rsg_object_detection,dropped_oldest,2378,rsg_20260806_154_904899999_002378,dropped,True,fifo_cached_frame,2377,242,0,2133,242,0,1,0.0,40.8204260020284,frame_fifo_full,,,,,,,,,,,,,,,,,,,,,,,,,,,,,,,,,,,,,,,,,,,,,,,,,,,,,,,,
rsg_object_detection,dropped_oldest,2379,rsg_20260806_154_954900000_002379,dropped,True,fifo_cached_frame,2378,242,0,2134,242,0,1,0.0,51.189910001994576,frame_fifo_full,,,,,,,,,,,,,,,,,,,,,,,,,,,,,,,,,,,,,,,,,,,,,,,,,,,,,,,,
rsg_object_detection,dropped_oldest,2380,rsg_20260806_155_004899999_002380,dropped,True,fifo_cached_frame,2379,242,0,2135,242,0,1,0.0,64.20405100652715,frame_fifo_full,,,,,,,,,,,,,,,,,,,,,,,,,,,,,,,,,,,,,,,,,,,,,,,,,,,,,,,,
rsg_object_detection,dropped_oldest,2381,rsg_20260806_155_054900000_002381,dropped,True,fifo_cached_frame,2380,242,0,2136,242,0,1,0.0,50.039851004839875,frame_fifo_full,,,,,,,,,,,,,,,,,,,,,,,,,,,,,,,,,,,,,,,,,,,,,,,,,,,,,,,,
rsg_object_detection,dropped_oldest,2382,rsg_20260806_155_104899999_002382,dropped,True,fifo_cached_frame,2381,242,0,2137,242,0,1,0.0,35.12370899989037,frame_fifo_full,,,,,,,,,,,,,,,,,,,,,,,,,,,,,,,,,,,,,,,,,,,,,,,,,,,,,,,,
rsg_object_detection,dropped_oldest,2383,rsg_20260806_155_154899999_002383,dropped,True,fifo_cached_frame,2382,242,0,2138,242,0,1,0.0,59.95607400109293,frame_fifo_full,,,,,,,,,,,,,,,,,,,,,,,,,,,,,,,,,,,,,,,,,,,,,,,,,,,,,,,,
rsg_object_detection,dropped_oldest,2384,rsg_20260806_155_204900000_002384,dropped,True,fifo_cached_frame,2383,242,0,2139,242,0,1,0.0,56.92996099969605,frame_fifo_full,,,,,,,,,,,,,,,,,,,,,,,,,,,,,,,,,,,,,,,,,,,,,,,,,,,,,,,,
rsg_object_detection,dropped_oldest,2385,rsg_20260806_155_254899999_002385,dropped,True,fifo_cached_frame,2384,242,0,2140,242,0,1,0.0,45.05490800511325,frame_fifo_full,,,,,,,,,,,,,,,,,,,,,,,,,,,,,,,,,,,,,,,,,,,,,,,,,,,,,,,,
rsg_object_detection,dropped_oldest,2386,rsg_20260806_155_304900000_002386,dropped,True,fifo_cached_frame,2385,242,0,2141,242,0,1,0.0,96.20059900043998,frame_fifo_full,,,,,,,,,,,,,,,,,,,,,,,,,,,,,,,,,,,,,,,,,,,,,,,,,,,,,,,,
rsg_object_detection,frame_trace,2376,rsg_20260806_154_804900000_002376,sent_to_hydra,,,,,,,,,,,599.6923319980851,ok,12.11763500032248,538.9593340005376,45.802104999893345,0.16271300410153344,45.63939199579181,0.002720000338740647,4.802262003067881,0.4706050021923147,334.43425999575993,14.134766002825927,0.008096001693047583,349.0477270024712,72.84270000673132,11.869197987834923,2.9489310036296956,27.914442995097488,29.59565299534006,62.058160998276435,2.803114999551326,0.5289359978633001,0.296726000669878,1.2126209985581227,0.37035300192655995,0.00553599966224283,140.1392979969387,1.9578700012061745,0.13285799650475383,42.83797699463321,0.041342005715705454,7.861493999371305,7.200082000053953,0.11045900464523584,0.5509529946721159,3.6694139998871833,0.5817990022478625,0.00492799881612882,2.8105379969929345,6,0,6,0,0,,,,,,,,,,,,,,
rsg_object_detection,dropped_oldest,2388,rsg_20260806_155_454900000_002388,dropped,True,fifo_cached_frame,2387,243,0,2142,243,0,1,0.0,55.351274997519795,frame_fifo_full,,,,,,,,,,,,,,,,,,,,,,,,,,,,,,,,,,,,,,,,,,,,,,,,,,,,,,,,
rsg_object_detection,dropped_oldest,2389,rsg_20260806_155_504899999_002389,dropped,True,fifo_cached_frame,2388,243,0,2143,243,0,1,0.0,42.35204499855172,frame_fifo_full,,,,,,,,,,,,,,,,,,,,,,,,,,,,,,,,,,,,,,,,,,,,,,,,,,,,,,,,
rsg_object_detection,dropped_oldest,2390,rsg_20260806_155_554900000_002390,dropped,True,fifo_cached_frame,2389,243,0,2144,243,0,1,0.0,49.50153699610382,frame_fifo_full,,,,,,,,,,,,,,,,,,,,,,,,,,,,,,,,,,,,,,,,,,,,,,,,,,,,,,,,
rsg_object_detection,dropped_oldest,2391,rsg_20260806_155_604899999_002391,dropped,True,fifo_cached_frame,2390,243,0,2145,243,0,1,0.0,52.306507001048885,frame_fifo_full,,,,,,,,,,,,,,,,,,,,,,,,,,,,,,,,,,,,,,,,,,,,,,,,,,,,,,,,
rsg_object_detection,dropped_oldest,2392,rsg_20260806_155_654899999_002392,dropped,True,fifo_cached_frame,2391,243,0,2146,243,0,1,0.0,49.85365099855699,frame_fifo_full,,,,,,,,,,,,,,,,,,,,,,,,,,,,,,,,,,,,,,,,,,,,,,,,,,,,,,,,
rsg_object_detection,dropped_oldest,2393,rsg_20260806_155_704900000_002393,dropped,True,fifo_cached_frame,2392,243,0,2147,243,0,1,0.0,47.83005500212312,frame_fifo_full,,,,,,,,,,,,,,,,,,,,,,,,,,,,,,,,,,,,,,,,,,,,,,,,,,,,,,,,
rsg_object_detection,dropped_oldest,2394,rsg_20260806_155_754899999_002394,dropped,True,fifo_cached_frame,2393,243,0,2148,243,0,1,0.0,71.85941399802687,frame_fifo_full,,,,,,,,,,,,,,,,,,,,,,,,,,,,,,,,,,,,,,,,,,,,,,,,,,,,,,,,
rsg_object_detection,dropped_oldest,2395,rsg_20260806_155_804900000_002395,dropped,True,fifo_cached_frame,2394,243,0,2149,243,0,1,0.0,66.76855600380804,frame_fifo_full,,,,,,,,,,,,,,,,,,,,,,,,,,,,,,,,,,,,,,,,,,,,,,,,,,,,,,,,
rsg_object_detection,dropped_oldest,2396,rsg_20260806_155_854899999_002396,dropped,True,fifo_cached_frame,2395,243,0,2150,243,0,1,0.0,47.36917800619267,frame_fifo_full,,,,,,,,,,,,,,,,,,,,,,,,,,,,,,,,,,,,,,,,,,,,,,,,,,,,,,,,
rsg_object_detection,frame_trace,2387,rsg_20260806_155_404899999_002387,sent_to_hydra,,,,,,,,,,,640.6865629978711,ok,12.124770997615997,584.3969599955017,41.36363900033757,0.13449000107357278,41.229148999264,0.00313599593937397,5.510073002369609,0.47044399980222806,321.0240209955373,10.833976994035766,0.007840011676307768,332.3362820010516,120.72830400575185,11.355460999766365,3.041119998670183,94.52831700764364,11.265958004514687,77.35454300564015,2.6564640065771528,0.7747850031591952,0.3392499784240499,1.360934998956509,0.4065750035806559,0.006046997441444546,203.650805997313,3.2802790010464378,0.14732200361322612,39.41770499659469,0.0544929935131222,7.332235996727832,6.639881001319736,0.10821899923030287,0.5841359961777925,4.186384001513943,0.6002629961585626,0.00588800321565941,2.798057008476462,5,0,5,0,0,,,,,,,,,,,,,,
rsg_object_detection,dropped_oldest,2398,rsg_20260806_155_954900000_002398,dropped,True,fifo_cached_frame,2397,244,0,2151,244,0,1,0.0,26.135159998375457,frame_fifo_full,,,,,,,,,,,,,,,,,,,,,,,,,,,,,,,,,,,,,,,,,,,,,,,,,,,,,,,,
rsg_object_detection,dropped_oldest,2399,rsg_20260806_156_104899999_002399,dropped,True,fifo_cached_frame,2398,244,0,2152,244,0,1,0.0,24.20695299952058,frame_fifo_full,,,,,,,,,,,,,,,,,,,,,,,,,,,,,,,,,,,,,,,,,,,,,,,,,,,,,,,,
rsg_object_detection,dropped_oldest,2400,rsg_20260806_156_154899999_002400,dropped,True,fifo_cached_frame,2399,244,0,2153,244,0,1,0.0,50.16621699905954,frame_fifo_full,,,,,,,,,,,,,,,,,,,,,,,,,,,,,,,,,,,,,,,,,,,,,,,,,,,,,,,,
rsg_object_detection,dropped_oldest,2401,rsg_20260806_156_204900000_002401,dropped,True,fifo_cached_frame,2400,244,0,2154,244,0,1,0.0,43.51436699653277,frame_fifo_full,,,,,,,,,,,,,,,,,,,,,,,,,,,,,,,,,,,,,,,,,,,,,,,,,,,,,,,,
rsg_object_detection,dropped_oldest,2402,rsg_20260806_156_254899999_002402,dropped,True,fifo_cached_frame,2401,244,0,2155,244,0,1,0.0,49.9575849971734,frame_fifo_full,,,,,,,,,,,,,,,,,,,,,,,,,,,,,,,,,,,,,,,,,,,,,,,,,,,,,,,,
rsg_object_detection,dropped_oldest,2403,rsg_20260806_156_304900000_002403,dropped,True,fifo_cached_frame,2402,244,0,2156,244,0,1,0.0,48.6692869963008,frame_fifo_full,,,,,,,,,,,,,,,,,,,,,,,,,,,,,,,,,,,,,,,,,,,,,,,,,,,,,,,,
rsg_object_detection,dropped_oldest,2404,rsg_20260806_156_354899999_002404,dropped,True,fifo_cached_frame,2403,244,0,2157,244,0,1,0.0,82.08228700095788,frame_fifo_full,,,,,,,,,,,,,,,,,,,,,,,,,,,,,,,,,,,,,,,,,,,,,,,,,,,,,,,,
rsg_object_detection,dropped_oldest,2405,rsg_20260806_156_404899999_002405,dropped,True,fifo_cached_frame,2404,244,0,2158,244,0,1,0.0,42.20594299840741,frame_fifo_full,,,,,,,,,,,,,,,,,,,,,,,,,,,,,,,,,,,,,,,,,,,,,,,,,,,,,,,,
rsg_object_detection,dropped_oldest,2406,rsg_20260806_156_454900000_002406,dropped,True,fifo_cached_frame,2405,244,0,2159,244,0,1,0.0,78.49469199572923,frame_fifo_full,,,,,,,,,,,,,,,,,,,,,,,,,,,,,,,,,,,,,,,,,,,,,,,,,,,,,,,,
rsg_object_detection,dropped_oldest,2407,rsg_20260806_156_504899999_002407,dropped,True,fifo_cached_frame,2406,244,0,2160,244,0,1,0.0,24.55986600398319,frame_fifo_full,,,,,,,,,,,,,,,,,,,,,,,,,,,,,,,,,,,,,,,,,,,,,,,,,,,,,,,,
rsg_object_detection,dropped_oldest,2408,rsg_20260806_156_554900000_002408,dropped,True,fifo_cached_frame,2407,244,0,2161,244,0,1,0.0,26.358926996181253,frame_fifo_full,,,,,,,,,,,,,,,,,,,,,,,,,,,,,,,,,,,,,,,,,,,,,,,,,,,,,,,,
rsg_object_detection,dropped_oldest,2409,rsg_20260806_156_604899999_002409,dropped,True,fifo_cached_frame,2408,244,0,2162,244,0,1,0.0,91.17793699988397,frame_fifo_full,,,,,,,,,,,,,,,,,,,,,,,,,,,,,,,,,,,,,,,,,,,,,,,,,,,,,,,,
rsg_object_detection,dropped_oldest,2410,rsg_20260806_156_654899999_002410,dropped,True,fifo_cached_frame,2409,244,0,2163,244,0,1,0.0,13.77859000058379,frame_fifo_full,,,,,,,,,,,,,,,,,,,,,,,,,,,,,,,,,,,,,,,,,,,,,,,,,,,,,,,,
rsg_object_detection,frame_trace,2397,rsg_20260806_155_904899999_002397,sent_to_hydra,,,,,,,,,,,774.96935200179,ok,19.52318099938566,612.3194769970723,138.09100100479554,0.14901800022926182,137.94198300456628,0.0037439967854879797,1.0397320002084598,0.21122299949638546,294.04200700082583,14.766389002033975,0.0068789959186688066,309.02649799827486,127.66757499775849,31.5275409957394,4.428455002198461,80.07450000877725,10.911573997873347,100.40753399516689,4.262605005351361,1.6267489991150796,0.3892310051014647,1.4013809995958582,0.45764500100631267,0.008286995580419898,236.24484600441065,3.2688869978301227,0.17669700173428282,62.515937999705784,0.04687899490818381,10.813754000992049,10.056346000055782,0.11877899669343606,0.63862900424283,8.033776000957005,0.6723879996570759,0.0032629977795295417,5.031949003750924,8,0,8,0,0,,,,,,,,,,,,,,
rsg_object_detection,dropped_oldest,2412,rsg_20260806_156_804900000_002412,dropped,True,fifo_cached_frame,2411,245,0,2164,245,0,1,0.0,41.4426139977877,frame_fifo_full,,,,,,,,,,,,,,,,,,,,,,,,,,,,,,,,,,,,,,,,,,,,,,,,,,,,,,,,
rsg_object_detection,dropped_oldest,2413,rsg_20260806_156_854899999_002413,dropped,True,fifo_cached_frame,2412,245,0,2165,245,0,1,0.0,61.05676799779758,frame_fifo_full,,,,,,,,,,,,,,,,,,,,,,,,,,,,,,,,,,,,,,,,,,,,,,,,,,,,,,,,
rsg_object_detection,dropped_oldest,2414,rsg_20260806_156_904899999_002414,dropped,True,fifo_cached_frame,2413,245,0,2166,245,0,1,0.0,43.84225799731212,frame_fifo_full,,,,,,,,,,,,,,,,,,,,,,,,,,,,,,,,,,,,,,,,,,,,,,,,,,,,,,,,
rsg_object_detection,dropped_oldest,2415,rsg_20260806_156_954900000_002415,dropped,True,fifo_cached_frame,2414,245,0,2167,245,0,1,0.0,156.40406899910886,frame_fifo_full,,,,,,,,,,,,,,,,,,,,,,,,,,,,,,,,,,,,,,,,,,,,,,,,,,,,,,,,
rsg_object_detection,dropped_oldest,2416,rsg_20260806_157_104899999_002416,dropped,True,fifo_cached_frame,2415,245,0,2168,245,0,1,0.0,83.36550199601334,frame_fifo_full,,,,,,,,,,,,,,,,,,,,,,,,,,,,,,,,,,,,,,,,,,,,,,,,,,,,,,,,
rsg_object_detection,dropped_oldest,2417,rsg_20260806_157_154899999_002417,dropped,True,fifo_cached_frame,2416,245,0,2169,245,0,1,0.0,25.725323001097422,frame_fifo_full,,,,,,,,,,,,,,,,,,,,,,,,,,,,,,,,,,,,,,,,,,,,,,,,,,,,,,,,
rsg_object_detection,dropped_oldest,2418,rsg_20260806_157_204900000_002418,dropped,True,fifo_cached_frame,2417,245,0,2170,245,0,1,0.0,81.93314599338919,frame_fifo_full,,,,,,,,,,,,,,,,,,,,,,,,,,,,,,,,,,,,,,,,,,,,,,,,,,,,,,,,
rsg_object_detection,dropped_oldest,2419,rsg_20260806_157_254899999_002419,dropped,True,fifo_cached_frame,2418,245,0,2171,245,0,1,0.0,14.30224900104804,frame_fifo_full,,,,,,,,,,,,,,,,,,,,,,,,,,,,,,,,,,,,,,,,,,,,,,,,,,,,,,,,
rsg_object_detection,frame_trace,2411,rsg_20260806_156_704900000_002411,sent_to_hydra,,,,,,,,,,,612.5511009959155,ok,25.754600996151567,527.7704300024197,50.93453700101236,0.13218700041761622,50.80235000059474,0.004319001163821667,1.5554549972875975,0.22021500626578927,296.69088700029533,15.796873994986527,0.008928000170271844,312.7169040017179,44.989829999394715,25.9288670058595,3.1330519923358224,3.546284991898574,11.378850998880807,90.37244100181852,5.862281999725383,6.167771993204951,0.5469220050144941,1.6806329949758947,1.0065180031233467,0.0073590053943917155,150.65343699825462,5.646163997880649,0.1638649991946295,56.971502999658696,0.06310200842563063,14.411172000109218,13.584102998720482,0.1296580012422055,0.6974110001465306,10.589028999675065,0.7465610033250414,0.007838993042241782,8.087213995167986,8,0,8,0,0,,,,,,,,,,,,,,
rsg_object_detection,dropped_oldest,2420,rsg_20260806_157_304900000_002420,dropped,True,fifo_cached_frame,2419,245,0,2172,246,0,1,0.0,48.14336000708863,frame_fifo_full,,,,,,,,,,,,,,,,,,,,,,,,,,,,,,,,,,,,,,,,,,,,,,,,,,,,,,,,
rsg_object_detection,dropped_oldest,2422,rsg_20260806_157_404899999_002422,dropped,True,fifo_cached_frame,2421,246,0,2173,246,0,1,0.0,41.22163500142051,frame_fifo_full,,,,,,,,,,,,,,,,,,,,,,,,,,,,,,,,,,,,,,,,,,,,,,,,,,,,,,,,
rsg_object_detection,dropped_oldest,2423,rsg_20260806_157_454900000_002423,dropped,True,fifo_cached_frame,2422,246,0,2174,246,0,1,0.0,56.4883879997069,frame_fifo_full,,,,,,,,,,,,,,,,,,,,,,,,,,,,,,,,,,,,,,,,,,,,,,,,,,,,,,,,
rsg_object_detection,dropped_oldest,2424,rsg_20260806_157_504899999_002424,dropped,True,fifo_cached_frame,2423,246,0,2175,246,0,1,0.0,49.888374996953644,frame_fifo_full,,,,,,,,,,,,,,,,,,,,,,,,,,,,,,,,,,,,,,,,,,,,,,,,,,,,,,,,
rsg_object_detection,dropped_oldest,2425,rsg_20260806_157_554900000_002425,dropped,True,fifo_cached_frame,2424,246,0,2176,246,0,1,0.0,41.306494997115806,frame_fifo_full,,,,,,,,,,,,,,,,,,,,,,,,,,,,,,,,,,,,,,,,,,,,,,,,,,,,,,,,
rsg_object_detection,dropped_oldest,2426,rsg_20260806_157_604899999_002426,dropped,True,fifo_cached_frame,2425,246,0,2177,246,0,1,0.0,48.31458599801408,frame_fifo_full,,,,,,,,,,,,,,,,,,,,,,,,,,,,,,,,,,,,,,,,,,,,,,,,,,,,,,,,
rsg_object_detection,dropped_oldest,2427,rsg_20260806_157_654899999_002427,dropped,True,fifo_cached_frame,2426,246,0,2178,246,0,1,0.0,51.96992099808995,frame_fifo_full,,,,,,,,,,,,,,,,,,,,,,,,,,,,,,,,,,,,,,,,,,,,,,,,,,,,,,,,
rsg_object_detection,dropped_oldest,2428,rsg_20260806_157_704900000_002428,dropped,True,fifo_cached_frame,2427,246,0,2179,246,0,1,0.0,50.32064500119304,frame_fifo_full,,,,,,,,,,,,,,,,,,,,,,,,,,,,,,,,,,,,,,,,,,,,,,,,,,,,,,,,
rsg_object_detection,dropped_oldest,2429,rsg_20260806_157_754899999_002429,dropped,True,fifo_cached_frame,2428,246,0,2180,246,0,1,0.0,51.85350900137564,frame_fifo_full,,,,,,,,,,,,,,,,,,,,,,,,,,,,,,,,,,,,,,,,,,,,,,,,,,,,,,,,
rsg_object_detection,dropped_oldest,2430,rsg_20260806_157_804900000_002430,dropped,True,fifo_cached_frame,2429,246,0,2181,246,0,1,0.0,46.968337999715004,frame_fifo_full,,,,,,,,,,,,,,,,,,,,,,,,,,,,,,,,,,,,,,,,,,,,,,,,,,,,,,,,
rsg_object_detection,dropped_oldest,2431,rsg_20260806_157_854899999_002431,dropped,True,fifo_cached_frame,2430,246,0,2182,246,0,1,0.0,52.47575500106905,frame_fifo_full,,,,,,,,,,,,,,,,,,,,,,,,,,,,,,,,,,,,,,,,,,,,,,,,,,,,,,,,
rsg_object_detection,dropped_oldest,2432,rsg_20260806_157_904899999_002432,dropped,True,fifo_cached_frame,2431,246,0,2183,246,0,1,0.0,132.7658349982812,frame_fifo_full,,,,,,,,,,,,,,,,,,,,,,,,,,,,,,,,,,,,,,,,,,,,,,,,,,,,,,,,
rsg_object_detection,dropped_oldest,2433,rsg_20260806_157_954900000_002433,dropped,True,fifo_cached_frame,2432,246,0,2184,246,0,1,0.0,9.16425600007642,frame_fifo_full,,,,,,,,,,,,,,,,,,,,,,,,,,,,,,,,,,,,,,,,,,,,,,,,,,,,,,,,
rsg_object_detection,dropped_oldest,2434,rsg_20260806_158_004899999_002434,dropped,True,fifo_cached_frame,2433,246,0,2185,246,0,1,0.0,9.77293500181986,frame_fifo_full,,,,,,,,,,,,,,,,,,,,,,,,,,,,,,,,,,,,,,,,,,,,,,,,,,,,,,,,
rsg_object_detection,dropped_oldest,2435,rsg_20260806_158_054900000_002435,dropped,True,fifo_cached_frame,2434,246,0,2186,246,0,1,0.0,81.27941899874713,frame_fifo_full,,,,,,,,,,,,,,,,,,,,,,,,,,,,,,,,,,,,,,,,,,,,,,,,,,,,,,,,
rsg_object_detection,dropped_oldest,2436,rsg_20260806_158_104899999_002436,dropped,True,fifo_cached_frame,2435,246,0,2187,246,0,1,0.0,23.60538199718576,frame_fifo_full,,,,,,,,,,,,,,,,,,,,,,,,,,,,,,,,,,,,,,,,,,,,,,,,,,,,,,,,
rsg_object_detection,frame_trace,2421,rsg_20260806_157_354899999_002421,sent_to_hydra,,,,,,,,,,,799.570440001844,ok,23.554824001621455,770.785849999811,1.6596749992459081,0.15212200378300622,1.507552995462902,0.003744004061445594,2.2595530026592314,0.23234299442265183,494.66495699743973,19.143550001899712,0.0075830030255019665,514.0484329967876,100.98063902114518,34.29587701248238,5.0541879900265485,39.049021012033336,21.770930987258907,84.75421200273558,4.613632001564838,1.1200790031580254,0.37659197550965473,1.4327399985631928,0.9600880002835765,0.006176000169944018,194.25935700564878,5.443419999210164,0.1498179990448989,54.555672002607025,0.06959699385333806,9.753159996762406,9.040454002388287,0.08828399586491287,0.6244219985092059,13.013089002924971,0.782880000770092,0.00569500116398558,3.5663469971041195,8,0,8,0,0,,,,,,,,,,,,,,
rsg_object_detection,dropped_oldest,2438,rsg_20260806_158_204900000_002438,dropped,True,fifo_cached_frame,2437,247,0,2188,247,0,1,0.0,49.04444600106217,frame_fifo_full,,,,,,,,,,,,,,,,,,,,,,,,,,,,,,,,,,,,,,,,,,,,,,,,,,,,,,,,
rsg_object_detection,dropped_oldest,2439,rsg_20260806_158_254899999_002439,dropped,True,fifo_cached_frame,2438,247,0,2189,247,0,1,0.0,40.679356003238354,frame_fifo_full,,,,,,,,,,,,,,,,,,,,,,,,,,,,,,,,,,,,,,,,,,,,,,,,,,,,,,,,
rsg_object_detection,dropped_oldest,2440,rsg_20260806_158_304900000_002440,dropped,True,fifo_cached_frame,2439,247,0,2190,247,0,1,0.0,47.50748699734686,frame_fifo_full,,,,,,,,,,,,,,,,,,,,,,,,,,,,,,,,,,,,,,,,,,,,,,,,,,,,,,,,
rsg_object_detection,dropped_oldest,2441,rsg_20260806_158_354899999_002441,dropped,True,fifo_cached_frame,2440,247,0,2191,247,0,1,0.0,60.68920800316846,frame_fifo_full,,,,,,,,,,,,,,,,,,,,,,,,,,,,,,,,,,,,,,,,,,,,,,,,,,,,,,,,
rsg_object_detection,dropped_oldest,2442,rsg_20260806_158_404899999_002442,dropped,True,fifo_cached_frame,2441,247,0,2192,247,0,1,0.0,88.66157399461372,frame_fifo_full,,,,,,,,,,,,,,,,,,,,,,,,,,,,,,,,,,,,,,,,,,,,,,,,,,,,,,,,
rsg_object_detection,dropped_oldest,2443,rsg_20260806_158_504899999_002443,dropped,True,fifo_cached_frame,2442,247,0,2193,247,0,1,0.0,53.56326599576278,frame_fifo_full,,,,,,,,,,,,,,,,,,,,,,,,,,,,,,,,,,,,,,,,,,,,,,,,,,,,,,,,
rsg_object_detection,dropped_oldest,2444,rsg_20260806_158_554900000_002444,dropped,True,fifo_cached_frame,2443,247,0,2194,247,0,1,0.0,49.47937299584737,frame_fifo_full,,,,,,,,,,,,,,,,,,,,,,,,,,,,,,,,,,,,,,,,,,,,,,,,,,,,,,,,
rsg_object_detection,dropped_oldest,2445,rsg_20260806_158_604899999_002445,dropped,True,fifo_cached_frame,2444,247,0,2195,247,0,1,0.0,48.49643699708395,frame_fifo_full,,,,,,,,,,,,,,,,,,,,,,,,,,,,,,,,,,,,,,,,,,,,,,,,,,,,,,,,
rsg_object_detection,dropped_oldest,2446,rsg_20260806_158_654899999_002446,dropped,True,fifo_cached_frame,2445,247,0,2196,247,0,1,0.0,65.75286800216418,frame_fifo_full,,,,,,,,,,,,,,,,,,,,,,,,,,,,,,,,,,,,,,,,,,,,,,,,,,,,,,,,
rsg_object_detection,dropped_oldest,2447,rsg_20260806_158_704900000_002447,dropped,True,fifo_cached_frame,2446,247,0,2197,247,0,1,0.0,173.67510899930494,frame_fifo_full,,,,,,,,,,,,,,,,,,,,,,,,,,,,,,,,,,,,,,,,,,,,,,,,,,,,,,,,
rsg_object_detection,dropped_oldest,2448,rsg_20260806_158_854899999_002448,dropped,True,fifo_cached_frame,2447,247,0,2198,247,0,1,0.0,22.062502001062967,frame_fifo_full,,,,,,,,,,,,,,,,,,,,,,,,,,,,,,,,,,,,,,,,,,,,,,,,,,,,,,,,
rsg_object_detection,dropped_oldest,2449,rsg_20260806_158_904899999_002449,dropped,True,fifo_cached_frame,2448,247,0,2199,247,0,1,0.0,104.86995300016133,frame_fifo_full,,,,,,,,,,,,,,,,,,,,,,,,,,,,,,,,,,,,,,,,,,,,,,,,,,,,,,,,
rsg_object_detection,dropped_oldest,2450,rsg_20260806_158_954900000_002450,dropped,True,fifo_cached_frame,2449,247,0,2200,247,0,1,0.0,4.762648997711949,frame_fifo_full,,,,,,,,,,,,,,,,,,,,,,,,,,,,,,,,,,,,,,,,,,,,,,,,,,,,,,,,
rsg_object_detection,frame_trace,2437,rsg_20260806_158_154899999_002437,sent_to_hydra,,,,,,,,,,,874.4483809932717,ok,19.540526998753194,807.4120470046182,43.098773996462114,0.3540009929565713,42.74477300350554,0.004415996954776347,6.987516004301142,0.25870899844449013,491.5053459990304,19.93315100116888,0.007167996955104172,511.70437399559887,107.05751198838698,38.6989610051387,6.999069009907544,35.62257700832561,24.972495004476514,102.67234899947653,3.4789589917636476,1.0189329914283007,0.3528150264173746,1.3537039994844235,0.9181380009977147,0.008703995263203979,216.8809840004542,10.163095001189504,0.16920900088734925,61.45685500086984,0.050014001317322254,15.299583996238653,10.127576999366283,0.09433199738850817,5.077674999483861,3.4766870012390427,0.7583999977214262,0.005856003554072231,4.392616996483412,8,0,8,0,0,,,,,,,,,,,,,,
rsg_object_detection,dropped_oldest,2452,rsg_20260806_159_054900000_002452,dropped,True,fifo_cached_frame,2451,248,0,2201,248,0,1,0.0,18.419232001178898,frame_fifo_full,,,,,,,,,,,,,,,,,,,,,,,,,,,,,,,,,,,,,,,,,,,,,,,,,,,,,,,,
rsg_object_detection,dropped_oldest,2453,rsg_20260806_159_104899999_002453,dropped,True,fifo_cached_frame,2452,248,0,2202,248,0,1,0.0,56.063356998492964,frame_fifo_full,,,,,,,,,,,,,,,,,,,,,,,,,,,,,,,,,,,,,,,,,,,,,,,,,,,,,,,,
rsg_object_detection,dropped_oldest,2454,rsg_20260806_159_154899999_002454,dropped,True,fifo_cached_frame,2453,248,0,2203,248,0,1,0.0,45.52523600432323,frame_fifo_full,,,,,,,,,,,,,,,,,,,,,,,,,,,,,,,,,,,,,,,,,,,,,,,,,,,,,,,,
rsg_object_detection,dropped_oldest,2455,rsg_20260806_159_204900000_002455,dropped,True,fifo_cached_frame,2454,248,0,2204,248,0,1,0.0,48.581044997263234,frame_fifo_full,,,,,,,,,,,,,,,,,,,,,,,,,,,,,,,,,,,,,,,,,,,,,,,,,,,,,,,,
rsg_object_detection,dropped_oldest,2456,rsg_20260806_159_254899999_002456,dropped,True,fifo_cached_frame,2455,248,0,2205,248,0,1,0.0,52.95036700408673,frame_fifo_full,,,,,,,,,,,,,,,,,,,,,,,,,,,,,,,,,,,,,,,,,,,,,,,,,,,,,,,,
rsg_object_detection,dropped_oldest,2457,rsg_20260806_159_304900000_002457,dropped,True,fifo_cached_frame,2456,248,0,2206,248,0,1,0.0,49.49601499538403,frame_fifo_full,,,,,,,,,,,,,,,,,,,,,,,,,,,,,,,,,,,,,,,,,,,,,,,,,,,,,,,,
rsg_object_detection,dropped_oldest,2458,rsg_20260806_159_354899999_002458,dropped,True,fifo_cached_frame,2457,248,0,2207,248,0,1,0.0,46.39195199706592,frame_fifo_full,,,,,,,,,,,,,,,,,,,,,,,,,,,,,,,,,,,,,,,,,,,,,,,,,,,,,,,,
rsg_object_detection,dropped_oldest,2459,rsg_20260806_159_404899999_002459,dropped,True,fifo_cached_frame,2458,248,0,2208,248,0,1,0.0,68.03607300389558,frame_fifo_full,,,,,,,,,,,,,,,,,,,,,,,,,,,,,,,,,,,,,,,,,,,,,,,,,,,,,,,,
rsg_object_detection,dropped_oldest,2460,rsg_20260806_159_454900000_002460,dropped,True,fifo_cached_frame,2459,248,0,2209,248,0,1,0.0,55.699723001453094,frame_fifo_full,,,,,,,,,,,,,,,,,,,,,,,,,,,,,,,,,,,,,,,,,,,,,,,,,,,,,,,,
rsg_object_detection,dropped_oldest,2461,rsg_20260806_159_504899999_002461,dropped,True,fifo_cached_frame,2460,248,0,2210,248,0,1,0.0,42.43115699500777,frame_fifo_full,,,,,,,,,,,,,,,,,,,,,,,,,,,,,,,,,,,,,,,,,,,,,,,,,,,,,,,,
rsg_object_detection,dropped_oldest,2462,rsg_20260806_159_554900000_002462,dropped,True,fifo_cached_frame,2461,248,0,2211,248,0,1,0.0,46.19004100095481,frame_fifo_full,,,,,,,,,,,,,,,,,,,,,,,,,,,,,,,,,,,,,,,,,,,,,,,,,,,,,,,,
rsg_object_detection,dropped_oldest,2463,rsg_20260806_159_604899999_002463,dropped,True,fifo_cached_frame,2462,248,0,2212,248,0,1,0.0,113.25149900221732,frame_fifo_full,,,,,,,,,,,,,,,,,,,,,,,,,,,,,,,,,,,,,,,,,,,,,,,,,,,,,,,,
rsg_object_detection,dropped_oldest,2464,rsg_20260806_159_704900000_002464,dropped,True,fifo_cached_frame,2463,248,0,2213,249,0,1,0.0,51.82705399784027,frame_fifo_full,,,,,,,,,,,,,,,,,,,,,,,,,,,,,,,,,,,,,,,,,,,,,,,,,,,,,,,,
rsg_object_detection,frame_trace,2451,rsg_20260806_159_004899999_002451,sent_to_hydra,,,,,,,,,,,712.6191599963931,ok,13.520267995772883,638.281047999044,57.12260599830188,0.14969000039855018,56.97291599790333,0.0033280011848546565,6.039651998435147,0.23301400506170467,324.05326300067827,15.595188997394871,0.008287999662570655,339.8897540027974,121.82797201239737,44.41539401159389,15.531608005403541,35.556980001274496,25.471194014244247,102.59251900424715,3.167898001265712,1.41341399285011,0.3538109885994345,1.2149249960202724,0.42372699681436643,0.006462993042077869,231.01845599740045,2.7232470019953325,0.13976999616716057,58.417658001417294,0.05251100083114579,8.926123002311215,8.259848000307102,0.09471600060351193,0.5715590014006011,3.970202997152228,0.6179589981911704,0.005982998118270189,3.691910002089571,8,0,7,0,0,,,,,,,,,,,,,,
rsg_object_detection,dropped_oldest,2466,rsg_20260806_159_804900000_002466,dropped,True,fifo_cached_frame,2465,249,0,2214,249,0,1,0.0,51.24861399963265,frame_fifo_full,,,,,,,,,,,,,,,,,,,,,,,,,,,,,,,,,,,,,,,,,,,,,,,,,,,,,,,,
rsg_object_detection,dropped_oldest,2467,rsg_20260806_159_854899999_002467,dropped,True,fifo_cached_frame,2466,249,0,2215,249,0,1,0.0,47.2888750009588,frame_fifo_full,,,,,,,,,,,,,,,,,,,,,,,,,,,,,,,,,,,,,,,,,,,,,,,,,,,,,,,,
rsg_object_detection,dropped_oldest,2468,rsg_20260806_159_904899999_002468,dropped,True,fifo_cached_frame,2467,249,0,2216,249,0,1,0.0,103.2426050005597,frame_fifo_full,,,,,,,,,,,,,,,,,,,,,,,,,,,,,,,,,,,,,,,,,,,,,,,,,,,,,,,,
rsg_object_detection,dropped_oldest,2469,rsg_20260806_160_004899999_002469,dropped,True,fifo_cached_frame,2468,249,0,2217,249,0,1,0.0,99.66173300199443,frame_fifo_full,,,,,,,,,,,,,,,,,,,,,,,,,,,,,,,,,,,,,,,,,,,,,,,,,,,,,,,,
rsg_object_detection,dropped_oldest,2470,rsg_20260806_160_104899999_002470,dropped,True,fifo_cached_frame,2469,249,0,2218,249,0,1,0.0,117.89252900052816,frame_fifo_full,,,,,,,,,,,,,,,,,,,,,,,,,,,,,,,,,,,,,,,,,,,,,,,,,,,,,,,,
rsg_object_detection,dropped_oldest,2471,rsg_20260806_160_154899999_002471,dropped,True,fifo_cached_frame,2470,249,0,2219,249,0,1,0.0,29.88675500091631,frame_fifo_full,,,,,,,,,,,,,,,,,,,,,,,,,,,,,,,,,,,,,,,,,,,,,,,,,,,,,,,,
rsg_object_detection,dropped_oldest,2472,rsg_20260806_160_204900000_002472,dropped,True,fifo_cached_frame,2471,249,0,2220,249,0,1,0.0,92.96147100394592,frame_fifo_full,,,,,,,,,,,,,,,,,,,,,,,,,,,,,,,,,,,,,,,,,,,,,,,,,,,,,,,,
rsg_object_detection,frame_trace,2465,rsg_20260806_159_754899999_002465,sent_to_hydra,,,,,,,,,,,587.7466970050591,ok,16.045155003666878,558.7460490060039,8.191275002900511,0.2088879991788417,7.982387003721669,0.00384000304620713,1.2303800031077117,0.2726929960772395,288.1116270000348,19.201119997887872,0.007456008461304009,307.5928960024612,81.9116589918849,19.68794698768761,5.091721992357634,36.917983008606825,19.212831000913866,95.95974699914223,4.319275998568628,1.1716960143530741,0.4443649959284812,1.4935690051061101,0.9154179933830164,0.006527996447402984,186.24513800023124,4.47251700097695,0.16984900139505044,58.97927100158995,0.055997996241785586,9.721387003082782,7.645666002645157,0.14511399785988033,1.9306070025777444,5.276228002912831,1.0388369992142543,0.008702998457010835,4.760377989441622,8,0,7,0,0,,,,,,,,,,,,,,
rsg_object_detection,dropped_oldest,2474,rsg_20260806_160_404899999_002474,dropped,True,fifo_cached_frame,2473,250,0,2221,250,0,1,0.0,30.165110998495948,frame_fifo_full,,,,,,,,,,,,,,,,,,,,,,,,,,,,,,,,,,,,,,,,,,,,,,,,,,,,,,,,
rsg_object_detection,dropped_oldest,2475,rsg_20260806_160_454900000_002475,dropped,True,fifo_cached_frame,2474,250,0,2222,250,0,1,0.0,50.84732199611608,frame_fifo_full,,,,,,,,,,,,,,,,,,,,,,,,,,,,,,,,,,,,,,,,,,,,,,,,,,,,,,,,
rsg_object_detection,dropped_oldest,2476,rsg_20260806_160_504899999_002476,dropped,True,fifo_cached_frame,2475,250,0,2223,250,0,1,0.0,54.472547002660576,frame_fifo_full,,,,,,,,,,,,,,,,,,,,,,,,,,,,,,,,,,,,,,,,,,,,,,,,,,,,,,,,
rsg_object_detection,dropped_oldest,2477,rsg_20260806_160_554900000_002477,dropped,True,fifo_cached_frame,2476,250,0,2224,250,0,1,0.0,48.703314998419955,frame_fifo_full,,,,,,,,,,,,,,,,,,,,,,,,,,,,,,,,,,,,,,,,,,,,,,,,,,,,,,,,
rsg_object_detection,dropped_oldest,2478,rsg_20260806_160_604899999_002478,dropped,True,fifo_cached_frame,2477,250,0,2225,250,0,1,0.0,46.32597400632221,frame_fifo_full,,,,,,,,,,,,,,,,,,,,,,,,,,,,,,,,,,,,,,,,,,,,,,,,,,,,,,,,
rsg_object_detection,dropped_oldest,2479,rsg_20260806_160_654899999_002479,dropped,True,fifo_cached_frame,2478,250,0,2226,250,0,1,0.0,51.09127899777377,frame_fifo_full,,,,,,,,,,,,,,,,,,,,,,,,,,,,,,,,,,,,,,,,,,,,,,,,,,,,,,,,
rsg_object_detection,dropped_oldest,2480,rsg_20260806_160_704900000_002480,dropped,True,fifo_cached_frame,2479,250,0,2227,250,0,1,0.0,48.043853996205144,frame_fifo_full,,,,,,,,,,,,,,,,,,,,,,,,,,,,,,,,,,,,,,,,,,,,,,,,,,,,,,,,
rsg_object_detection,dropped_oldest,2481,rsg_20260806_160_754899999_002481,dropped,True,fifo_cached_frame,2480,250,0,2228,250,0,1,0.0,53.36680099571822,frame_fifo_full,,,,,,,,,,,,,,,,,,,,,,,,,,,,,,,,,,,,,,,,,,,,,,,,,,,,,,,,
rsg_object_detection,dropped_oldest,2482,rsg_20260806_160_804900000_002482,dropped,True,fifo_cached_frame,2481,250,0,2229,250,0,1,0.0,76.97736900445307,frame_fifo_full,,,,,,,,,,,,,,,,,,,,,,,,,,,,,,,,,,,,,,,,,,,,,,,,,,,,,,,,
rsg_object_detection,,600,rsg_20260806_43_904879999_000600,vlm_done,,,,,,,,,,,,ok,,,,,,,,,,,,,,,,,,,,,,,,,,,,,,,,,,,,,,,,,,,rsg_obj_000066,rsg_unknown_rsg_20260806_43_904879999_000600_000_nanosam_001,,,3,0.6419091479526579,ceiling_light,0.97,static,0.99,6264.4963009952335,113012.93223900575,qwen_http,Qwen3-VL-8B-Instruct-GGUF
rsg_object_detection,completed,600,rsg_20260806_43_904879999_000600,,,,,,,,,,,106748.43424200662,,vlm_done,,,,,,,,,,,,,,,,,,,,,,,,,,,,,,,,,,,,,,,,,,,rsg_obj_000066,rsg_unknown_rsg_20260806_43_904879999_000600_000_nanosam_001,95,300,3,0.6419091479526579,,,,,,,,
rsg_object_detection,dropped_oldest,2483,rsg_20260806_160_854899999_002483,dropped,True,fifo_cached_frame,2482,250,0,2230,250,0,1,0.0,38.12788399955025,frame_fifo_full,,,,,,,,,,,,,,,,,,,,,,,,,,,,,,,,,,,,,,,,,,,,,,,,,,,,,,,,
rsg_object_detection,dropped_oldest,2484,rsg_20260806_160_904899999_002484,dropped,True,fifo_cached_frame,2483,250,0,2231,250,0,1,0.0,90.5497319981805,frame_fifo_full,,,,,,,,,,,,,,,,,,,,,,,,,,,,,,,,,,,,,,,,,,,,,,,,,,,,,,,,
rsg_object_detection,dropped_oldest,2485,rsg_20260806_161_004899999_002485,dropped,True,fifo_cached_frame,2484,250,0,2232,250,0,1,0.0,323.9273889994365,frame_fifo_full,,,,,,,,,,,,,,,,,,,,,,,,,,,,,,,,,,,,,,,,,,,,,,,,,,,,,,,,
rsg_object_detection,dropped_oldest,2486,rsg_20260806_161_054900000_002486,dropped,True,fifo_cached_frame,2485,250,0,2233,250,0,1,0.0,4.329804003646132,frame_fifo_full,,,,,,,,,,,,,,,,,,,,,,,,,,,,,,,,,,,,,,,,,,,,,,,,,,,,,,,,
rsg_object_detection,dropped_oldest,2487,rsg_20260806_161_154899999_002487,dropped,True,fifo_cached_frame,2486,250,0,2234,250,0,1,0.0,3.6620559985749424,frame_fifo_full,,,,,,,,,,,,,,,,,,,,,,,,,,,,,,,,,,,,,,,,,,,,,,,,,,,,,,,,
rsg_object_detection,dropped_oldest,2488,rsg_20260806_161_204900000_002488,dropped,True,fifo_cached_frame,2487,250,0,2235,250,0,1,0.0,4.449703003047034,frame_fifo_full,,,,,,,,,,,,,,,,,,,,,,,,,,,,,,,,,,,,,,,,,,,,,,,,,,,,,,,,
rsg_object_detection,dropped_oldest,2489,rsg_20260806_161_254899999_002489,dropped,True,fifo_cached_frame,2488,250,0,2236,250,0,1,0.0,3.7787229957757518,frame_fifo_full,,,,,,,,,,,,,,,,,,,,,,,,,,,,,,,,,,,,,,,,,,,,,,,,,,,,,,,,
rsg_object_detection,dequeued,677,rsg_20260806_48_804879999_000677,,,,,,,,,,,113330.70981100173,,fifo_order,,,,,,,,,,,,,,,,,,,,,,,,,,,,,,,,,,,,,,,,,,,rsg_obj_000067,rsg_unknown_rsg_20260806_48_804879999_000677_007_nanosam_008,94,300,7,0.46657688140020903,,,,,,,,
rsg_object_detection,dropped_oldest,2490,rsg_20260806_161_354899999_002490,dropped,True,fifo_cached_frame,2489,250,0,2237,250,0,1,0.0,94.7136929971748,frame_fifo_full,,,,,,,,,,,,,,,,,,,,,,,,,,,,,,,,,,,,,,,,,,,,,,,,,,,,,,,,
rsg_object_detection,dropped_oldest,2491,rsg_20260806_161_404899999_002491,dropped,True,fifo_cached_frame,2490,250,0,2238,250,0,1,0.0,7.312048001040239,frame_fifo_full,,,,,,,,,,,,,,,,,,,,,,,,,,,,,,,,,,,,,,,,,,,,,,,,,,,,,,,,
rsg_object_detection,frame_trace,2473,rsg_20260806_160_304900000_002473,sent_to_hydra,,,,,,,,,,,1116.189497995947,ok,18.469951995939482,1031.9378069980303,61.77297899557743,0.18447199545335025,61.58850700012408,0.005727997631765902,1.4713630007463507,0.24744600523263216,390.9361949990853,28.879789002530742,0.00847899354994297,420.0719090003986,122.31720799900359,18.873995999456383,4.783576005138457,45.822539999790024,52.13216399715748,413.42564600199694,2.7186070001334883,0.7708480043220334,0.31083599606063217,0.9658480048528872,0.36788899888051674,0.005504000000655651,540.9007839989499,3.258393000578508,0.12412299838615581,66.06637200457044,0.04486299440031871,13.703078002436087,13.029538000409957,0.084988001617603,0.5885520004085265,3.3832839981187135,1.3788220021524467,0.0047679932322353125,4.003032008768059,8,0,6,0,0,,,,,,,,,,,,,,
rsg_object_detection,dropped_oldest,2493,rsg_20260806_161_554900000_002493,dropped,True,fifo_cached_frame,2492,251,0,2239,251,0,1,0.0,101.19339200173272,frame_fifo_full,,,,,,,,,,,,,,,,,,,,,,,,,,,,,,,,,,,,,,,,,,,,,,,,,,,,,,,,
rsg_object_detection,dropped_oldest,2494,rsg_20260806_161_654899999_002494,dropped,True,fifo_cached_frame,2493,251,0,2240,251,0,1,0.0,50.818110998079646,frame_fifo_full,,,,,,,,,,,,,,,,,,,,,,,,,,,,,,,,,,,,,,,,,,,,,,,,,,,,,,,,
rsg_object_detection,dropped_oldest,2495,rsg_20260806_161_704900000_002495,dropped,True,fifo_cached_frame,2494,251,0,2241,251,0,1,0.0,50.388240997563116,frame_fifo_full,,,,,,,,,,,,,,,,,,,,,,,,,,,,,,,,,,,,,,,,,,,,,,,,,,,,,,,,
rsg_object_detection,dropped_oldest,2496,rsg_20260806_161_754899999_002496,dropped,True,fifo_cached_frame,2495,251,0,2242,251,0,1,0.0,45.18589700455777,frame_fifo_full,,,,,,,,,,,,,,,,,,,,,,,,,,,,,,,,,,,,,,,,,,,,,,,,,,,,,,,,
rsg_object_detection,dropped_oldest,2497,rsg_20260806_161_804900000_002497,dropped,True,fifo_cached_frame,2496,251,0,2243,251,0,1,0.0,67.28488200315041,frame_fifo_full,,,,,,,,,,,,,,,,,,,,,,,,,,,,,,,,,,,,,,,,,,,,,,,,,,,,,,,,
rsg_object_detection,dropped_oldest,2498,rsg_20260806_161_854899999_002498,dropped,True,fifo_cached_frame,2497,251,0,2244,251,0,1,0.0,36.6929700030596,frame_fifo_full,,,,,,,,,,,,,,,,,,,,,,,,,,,,,,,,,,,,,,,,,,,,,,,,,,,,,,,,
rsg_object_detection,dropped_oldest,2499,rsg_20260806_161_904899999_002499,dropped,True,fifo_cached_frame,2498,251,0,2245,251,0,1,0.0,98.90129500126932,frame_fifo_full,,,,,,,,,,,,,,,,,,,,,,,,,,,,,,,,,,,,,,,,,,,,,,,,,,,,,,,,
rsg_object_detection,dropped_oldest,2500,rsg_20260806_161_954900000_002500,dropped,True,fifo_cached_frame,2499,251,0,2246,251,0,1,0.0,6.458483992901165,frame_fifo_full,,,,,,,,,,,,,,,,,,,,,,,,,,,,,,,,,,,,,,,,,,,,,,,,,,,,,,,,
rsg_object_detection,dropped_oldest,2501,rsg_20260806_162_004899999_002501,dropped,True,fifo_cached_frame,2500,251,0,2247,251,0,1,0.0,87.75808100472204,frame_fifo_full,,,,,,,,,,,,,,,,,,,,,,,,,,,,,,,,,,,,,,,,,,,,,,,,,,,,,,,,
rsg_object_detection,dropped_oldest,2502,rsg_20260806_162_054900000_002502,dropped,True,fifo_cached_frame,2501,251,0,2248,251,0,1,0.0,6.265691998123657,frame_fifo_full,,,,,,,,,,,,,,,,,,,,,,,,,,,,,,,,,,,,,,,,,,,,,,,,,,,,,,,,
rsg_object_detection,frame_trace,2492,rsg_20260806_161_454900000_002492,sent_to_hydra,,,,,,,,,,,662.9067699977895,ok,20.644517993787304,582.2160770039773,55.902475003676955,0.1821690020733513,55.7203060016036,0.0035519988159649074,1.1288169989711605,0.21186300000408664,295.3277499982505,23.937147998367436,0.0069440065999515355,319.483705003222,88.58898800826864,33.29189400392352,8.38569899497088,24.186481001379434,20.641062001232058,103.88448000594508,3.9364119948004372,0.8804460085229948,0.34289498580619693,1.3285530003486201,0.781695001933258,0.004831999831367284,199.76474800205324,6.054628000129014,0.12876300024800003,55.60274500021478,0.05267099913908169,15.767184995638672,15.096076996996999,0.10098799975821748,0.570119998883456,4.140275996178389,0.7323530007852241,0.004704001185018569,4.14014799753204,8,0,8,0,0,,,,,,,,,,,,,,
rsg_object_detection,dropped_oldest,2504,rsg_20260806_162_154899999_002504,dropped,True,fifo_cached_frame,2503,252,0,2249,252,0,1,0.0,27.677026999299414,frame_fifo_full,,,,,,,,,,,,,,,,,,,,,,,,,,,,,,,,,,,,,,,,,,,,,,,,,,,,,,,,
rsg_object_detection,dropped_oldest,2505,rsg_20260806_162_204900000_002505,dropped,True,fifo_cached_frame,2504,252,0,2250,252,0,1,0.0,102.52591899916297,frame_fifo_full,,,,,,,,,,,,,,,,,,,,,,,,,,,,,,,,,,,,,,,,,,,,,,,,,,,,,,,,
rsg_object_detection,dropped_oldest,2506,rsg_20260806_162_304900000_002506,dropped,True,fifo_cached_frame,2505,252,0,2251,252,0,1,0.0,47.46810899814591,frame_fifo_full,,,,,,,,,,,,,,,,,,,,,,,,,,,,,,,,,,,,,,,,,,,,,,,,,,,,,,,,
rsg_object_detection,dropped_oldest,2507,rsg_20260806_162_354899999_002507,dropped,True,fifo_cached_frame,2506,252,0,2252,252,0,1,0.0,100.46514099667547,frame_fifo_full,,,,,,,,,,,,,,,,,,,,,,,,,,,,,,,,,,,,,,,,,,,,,,,,,,,,,,,,
rsg_object_detection,dropped_oldest,2508,rsg_20260806_162_454900000_002508,dropped,True,fifo_cached_frame,2507,252,0,2253,252,0,1,0.0,50.69360700144898,frame_fifo_full,,,,,,,,,,,,,,,,,,,,,,,,,,,,,,,,,,,,,,,,,,,,,,,,,,,,,,,,
rsg_object_detection,dropped_oldest,2509,rsg_20260806_162_504899999_002509,dropped,True,fifo_cached_frame,2508,252,0,2254,252,0,1,0.0,102.14369500317844,frame_fifo_full,,,,,,,,,,,,,,,,,,,,,,,,,,,,,,,,,,,,,,,,,,,,,,,,,,,,,,,,
rsg_object_detection,dropped_oldest,2510,rsg_20260806_162_604899999_002510,dropped,True,fifo_cached_frame,2509,252,0,2255,252,0,1,0.0,65.87646499974653,frame_fifo_full,,,,,,,,,,,,,,,,,,,,,,,,,,,,,,,,,,,,,,,,,,,,,,,,,,,,,,,,
rsg_object_detection,dropped_oldest,2511,rsg_20260806_162_654899999_002511,dropped,True,fifo_cached_frame,2510,252,0,2256,252,0,1,0.0,104.36395400029141,frame_fifo_full,,,,,,,,,,,,,,,,,,,,,,,,,,,,,,,,,,,,,,,,,,,,,,,,,,,,,,,,
rsg_object_detection,dropped_oldest,2512,rsg_20260806_162_754899999_002512,dropped,True,fifo_cached_frame,2511,252,0,2257,252,0,1,0.0,36.968257001717575,frame_fifo_full,,,,,,,,,,,,,,,,,,,,,,,,,,,,,,,,,,,,,,,,,,,,,,,,,,,,,,,,
rsg_object_detection,dropped_oldest,2513,rsg_20260806_162_804900000_002513,dropped,True,fifo_cached_frame,2512,252,0,2258,252,0,1,0.0,89.79985599580687,frame_fifo_full,,,,,,,,,,,,,,,,,,,,,,,,,,,,,,,,,,,,,,,,,,,,,,,,,,,,,,,,
rsg_object_detection,dropped_oldest,2514,rsg_20260806_162_854899999_002514,dropped,True,fifo_cached_frame,2513,252,0,2259,252,0,1,0.0,3.3341339949402027,frame_fifo_full,,,,,,,,,,,,,,,,,,,,,,,,,,,,,,,,,,,,,,,,,,,,,,,,,,,,,,,,
rsg_object_detection,dropped_oldest,2515,rsg_20260806_162_904899999_002515,dropped,True,fifo_cached_frame,2514,252,0,2260,253,0,1,0.0,48.95508800109383,frame_fifo_full,,,,,,,,,,,,,,,,,,,,,,,,,,,,,,,,,,,,,,,,,,,,,,,,,,,,,,,,
rsg_object_detection,frame_trace,2503,rsg_20260806_162_104899999_002503,sent_to_hydra,,,,,,,,,,,812.7575179969426,ok,18.30842399795074,733.2665470021311,56.95577900041826,0.1383299968438223,56.81744900357444,0.0050240050768479705,1.2905709954793565,0.20501600374700502,449.6633140006452,25.852943006611895,0.008702991181053221,475.72997600218514,91.91269500297494,23.74909299396677,3.6305030007497407,33.155423996504396,30.771425997954793,94.902363998699,3.8950689995544963,1.51347500650445,0.37028799852123484,1.4699870007461868,0.717570997949224,0.005855996278114617,194.80512700101826,5.3225309966364875,0.16799299919512123,55.89531100122258,0.055038006394170225,14.004602999193594,13.303447994985618,0.10230000043520704,0.5988550037727691,3.4601439983816817,0.8383329986827448,0.0053440016927197576,4.221743991365656,8,0,8,0,0,,,,,,,,,,,,,,
rsg_object_detection,dropped_oldest,2517,rsg_20260806_163_004899999_002517,dropped,True,fifo_cached_frame,2516,253,0,2261,253,0,1,0.0,98.79670100053772,frame_fifo_full,,,,,,,,,,,,,,,,,,,,,,,,,,,,,,,,,,,,,,,,,,,,,,,,,,,,,,,,
rsg_object_detection,dropped_oldest,2518,rsg_20260806_163_104899999_002518,dropped,True,fifo_cached_frame,2517,253,0,2262,253,0,1,0.0,101.77072500664508,frame_fifo_full,,,,,,,,,,,,,,,,,,,,,,,,,,,,,,,,,,,,,,,,,,,,,,,,,,,,,,,,
rsg_object_detection,dropped_oldest,2519,rsg_20260806_163_204900000_002519,dropped,True,fifo_cached_frame,2518,253,0,2263,253,0,1,0.0,50.91833699407289,frame_fifo_full,,,,,,,,,,,,,,,,,,,,,,,,,,,,,,,,,,,,,,,,,,,,,,,,,,,,,,,,
rsg_object_detection,dropped_oldest,2520,rsg_20260806_163_254899999_002520,dropped,True,fifo_cached_frame,2519,253,0,2264,253,0,1,0.0,103.32262899464695,frame_fifo_full,,,,,,,,,,,,,,,,,,,,,,,,,,,,,,,,,,,,,,,,,,,,,,,,,,,,,,,,
rsg_object_detection,dropped_oldest,2521,rsg_20260806_163_354899999_002521,dropped,True,fifo_cached_frame,2520,253,0,2265,253,0,1,0.0,64.67891899956157,frame_fifo_full,,,,,,,,,,,,,,,,,,,,,,,,,,,,,,,,,,,,,,,,,,,,,,,,,,,,,,,,
rsg_object_detection,dropped_oldest,2522,rsg_20260806_163_404899999_002522,dropped,True,fifo_cached_frame,2521,253,0,2266,253,0,1,0.0,86.81537699885666,frame_fifo_full,,,,,,,,,,,,,,,,,,,,,,,,,,,,,,,,,,,,,,,,,,,,,,,,,,,,,,,,
rsg_object_detection,dropped_oldest,2523,rsg_20260806_163_504899999_002523,dropped,True,fifo_cached_frame,2522,253,0,2267,253,0,1,0.0,93.38259300420759,frame_fifo_full,,,,,,,,,,,,,,,,,,,,,,,,,,,,,,,,,,,,,,,,,,,,,,,,,,,,,,,,
rsg_object_detection,frame_trace,2516,rsg_20260806_162_954900000_002516,sent_to_hydra,,,,,,,,,,,657.9747009964194,ok,16.321850998792797,631.1603259964613,6.902401000843383,0.14642500173067674,6.755975999112707,0.0030390001484192908,1.3210010001785122,0.22783099848311394,357.609776998288,25.847729004453868,0.007934999302960932,383.69327200052794,82.50627600500593,20.206139008223545,10.305972005880903,31.91157399851363,19.19024499511579,91.16889200231526,3.7876149945077486,1.1162109876750037,0.3644690150395036,1.6135330006363802,1.1958539980696514,0.008672002877574414,181.78142499527894,5.077901005279273,0.1663610019022599,59.07134400331415,0.04902198998024687,11.598239005252253,10.951833995932247,0.10025199298979715,0.5461530163302086,4.0376570032094605,0.6808999969507568,0.005054993380326778,3.5870840001734905,8,0,8,0,0,,,,,,,,,,,,,,
rsg_object_detection,dropped_oldest,2525,rsg_20260806_163_654899999_002525,dropped,True,fifo_cached_frame,2524,254,0,2268,254,0,1,0.0,90.32623999519274,frame_fifo_full,,,,,,,,,,,,,,,,,,,,,,,,,,,,,,,,,,,,,,,,,,,,,,,,,,,,,,,,
rsg_object_detection,dropped_oldest,2526,rsg_20260806_163_754899999_002526,dropped,True,fifo_cached_frame,2525,254,0,2269,254,0,1,0.0,48.69126200355822,frame_fifo_full,,,,,,,,,,,,,,,,,,,,,,,,,,,,,,,,,,,,,,,,,,,,,,,,,,,,,,,,
rsg_object_detection,dropped_oldest,2527,rsg_20260806_163_804900000_002527,dropped,True,fifo_cached_frame,2526,254,0,2270,254,0,1,0.0,155.34380100143608,frame_fifo_full,,,,,,,,,,,,,,,,,,,,,,,,,,,,,,,,,,,,,,,,,,,,,,,,,,,,,,,,
rsg_object_detection,dropped_oldest,2528,rsg_20260806_163_954900000_002528,dropped,True,fifo_cached_frame,2527,254,0,2271,254,0,1,0.0,46.07265000231564,frame_fifo_full,,,,,,,,,,,,,,,,,,,,,,,,,,,,,,,,,,,,,,,,,,,,,,,,,,,,,,,,
rsg_object_detection,dropped_oldest,2529,rsg_20260806_164_004899999_002529,dropped,True,fifo_cached_frame,2528,254,0,2272,254,0,1,0.0,106.2856130010914,frame_fifo_full,,,,,,,,,,,,,,,,,,,,,,,,,,,,,,,,,,,,,,,,,,,,,,,,,,,,,,,,
rsg_object_detection,dropped_oldest,2530,rsg_20260806_164_054900000_002530,dropped,True,fifo_cached_frame,2529,254,0,2273,254,0,1,0.0,3.024737998202909,frame_fifo_full,,,,,,,,,,,,,,,,,,,,,,,,,,,,,,,,,,,,,,,,,,,,,,,,,,,,,,,,
rsg_object_detection,dropped_oldest,2531,rsg_20260806_164_104899999_002531,dropped,True,fifo_cached_frame,2530,254,0,2274,254,0,1,0.0,45.60598500393098,frame_fifo_full,,,,,,,,,,,,,,,,,,,,,,,,,,,,,,,,,,,,,,,,,,,,,,,,,,,,,,,,
rsg_object_detection,dropped_oldest,2532,rsg_20260806_164_154899999_002532,dropped,True,fifo_cached_frame,2531,254,0,2275,254,0,1,0.0,54.730982999899425,frame_fifo_full,,,,,,,,,,,,,,,,,,,,,,,,,,,,,,,,,,,,,,,,,,,,,,,,,,,,,,,,
rsg_object_detection,dropped_oldest,2533,rsg_20260806_164_204900000_002533,dropped,True,fifo_cached_frame,2532,254,0,2276,254,0,1,0.0,83.85310499579646,frame_fifo_full,,,,,,,,,,,,,,,,,,,,,,,,,,,,,,,,,,,,,,,,,,,,,,,,,,,,,,,,
rsg_object_detection,frame_trace,2524,rsg_20260806_163_604899999_002524,sent_to_hydra,,,,,,,,,,,707.3185049957829,ok,19.300864994875155,627.6760759938043,54.85535799380159,0.1409859978593886,54.7143719959422,0.005088004400022328,6.986942004004959,0.3012360029970296,341.79610299906926,25.810577993979678,0.00790400372352451,367.9158209997695,49.06785400817171,18.707543982600328,4.651868999644648,14.174484997056425,10.917690007772762,117.32951200247044,3.098752014921047,1.7735579967848025,0.3628989798016846,1.3785350020043552,0.6305979986791499,0.0052800023695454,173.6641069946927,8.008595999854151,0.13541899534175172,70.9083610054222,0.056829994719009846,13.264986999274697,12.523001998488326,0.11234800331294537,0.6296369974734262,5.297219999192748,0.7333779940381646,0.0052800023695454,5.481118008901831,8,0,8,0,0,,,,,,,,,,,,,,
rsg_object_detection,dropped_oldest,2535,rsg_20260806_164_354899999_002535,dropped,True,fifo_cached_frame,2534,255,0,2277,255,0,1,0.0,41.011615001480095,frame_fifo_full,,,,,,,,,,,,,,,,,,,,,,,,,,,,,,,,,,,,,,,,,,,,,,,,,,,,,,,,
rsg_object_detection,dropped_oldest,2536,rsg_20260806_164_404899999_002536,dropped,True,fifo_cached_frame,2535,255,0,2278,255,0,1,0.0,95.41317099501612,frame_fifo_full,,,,,,,,,,,,,,,,,,,,,,,,,,,,,,,,,,,,,,,,,,,,,,,,,,,,,,,,
rsg_object_detection,dropped_oldest,2537,rsg_20260806_164_504899999_002537,dropped,True,fifo_cached_frame,2536,255,0,2279,255,0,1,0.0,51.432239000860136,frame_fifo_full,,,,,,,,,,,,,,,,,,,,,,,,,,,,,,,,,,,,,,,,,,,,,,,,,,,,,,,,
rsg_object_detection,dropped_oldest,2538,rsg_20260806_164_554900000_002538,dropped,True,fifo_cached_frame,2537,255,0,2280,255,0,1,0.0,49.831570002424996,frame_fifo_full,,,,,,,,,,,,,,,,,,,,,,,,,,,,,,,,,,,,,,,,,,,,,,,,,,,,,,,,
rsg_object_detection,dropped_oldest,2539,rsg_20260806_164_604899999_002539,dropped,True,fifo_cached_frame,2538,255,0,2281,255,0,1,0.0,100.18030200444628,frame_fifo_full,,,,,,,,,,,,,,,,,,,,,,,,,,,,,,,,,,,,,,,,,,,,,,,,,,,,,,,,
rsg_object_detection,dropped_oldest,2540,rsg_20260806_164_704900000_002540,dropped,True,fifo_cached_frame,2539,255,0,2282,255,0,1,0.0,130.00076399475802,frame_fifo_full,,,,,,,,,,,,,,,,,,,,,,,,,,,,,,,,,,,,,,,,,,,,,,,,,,,,,,,,
rsg_object_detection,dropped_oldest,2541,rsg_20260806_164_804900000_002541,dropped,True,fifo_cached_frame,2540,255,0,2283,255,0,1,0.0,67.61976100096945,frame_fifo_full,,,,,,,,,,,,,,,,,,,,,,,,,,,,,,,,,,,,,,,,,,,,,,,,,,,,,,,,
rsg_object_detection,dropped_oldest,2542,rsg_20260806_164_854899999_002542,dropped,True,fifo_cached_frame,2541,255,0,2284,255,0,1,0.0,94.5610470007523,frame_fifo_full,,,,,,,,,,,,,,,,,,,,,,,,,,,,,,,,,,,,,,,,,,,,,,,,,,,,,,,,
rsg_object_detection,dropped_oldest,2543,rsg_20260806_164_954900000_002543,dropped,True,fifo_cached_frame,2542,255,0,2285,255,0,1,0.0,14.589379999961238,frame_fifo_full,,,,,,,,,,,,,,,,,,,,,,,,,,,,,,,,,,,,,,,,,,,,,,,,,,,,,,,,
rsg_object_detection,frame_trace,2534,rsg_20260806_164_254899999_002534,sent_to_hydra,,,,,,,,,,,716.7022760040709,ok,15.231274002871942,624.6560370054794,67.63492900063284,0.16127400158438832,67.47365499904845,0.002688000677153468,6.093444004363846,0.20987899915780872,313.3973980002338,25.761333999980707,0.007424001523759216,339.3760350008961,92.8017269980046,22.910665000381414,6.5422269981354475,31.70329800923355,30.33643997332547,112.54062200168846,3.7060210088384338,0.8707150118425488,0.33640598121564835,1.421093002136331,0.5546329994103871,0.004351000825408846,212.25281600345625,5.38096200034488,0.14536999515257776,61.359475999779534,0.047934001486282796,7.076507004967425,6.535729000461288,0.10082799417432398,0.43995001033181325,7.4122689984506,0.7386260040220805,0.0038719954318366945,9.177347994409502,8,0,8,0,0,,,,,,,,,,,,,,
rsg_object_detection,dropped_oldest,2545,rsg_20260806_165_054900000_002545,dropped,True,fifo_cached_frame,2544,256,0,2286,256,0,1,0.0,56.108305005182046,frame_fifo_full,,,,,,,,,,,,,,,,,,,,,,,,,,,,,,,,,,,,,,,,,,,,,,,,,,,,,,,,
rsg_object_detection,dropped_oldest,2546,rsg_20260806_165_104899999_002546,dropped,True,fifo_cached_frame,2545,256,0,2287,256,0,1,0.0,37.64951600169297,frame_fifo_full,,,,,,,,,,,,,,,,,,,,,,,,,,,,,,,,,,,,,,,,,,,,,,,,,,,,,,,,
rsg_object_detection,dropped_oldest,2547,rsg_20260806_165_154899999_002547,dropped,True,fifo_cached_frame,2546,256,0,2288,256,0,1,0.0,101.89812600583537,frame_fifo_full,,,,,,,,,,,,,,,,,,,,,,,,,,,,,,,,,,,,,,,,,,,,,,,,,,,,,,,,
rsg_object_detection,dropped_oldest,2548,rsg_20260806_165_254899999_002548,dropped,True,fifo_cached_frame,2547,256,0,2289,256,0,1,0.0,97.55756899539847,frame_fifo_full,,,,,,,,,,,,,,,,,,,,,,,,,,,,,,,,,,,,,,,,,,,,,,,,,,,,,,,,
rsg_object_detection,dropped_oldest,2549,rsg_20260806_165_354899999_002549,dropped,True,fifo_cached_frame,2548,256,0,2290,256,0,1,0.0,53.82020900287898,frame_fifo_full,,,,,,,,,,,,,,,,,,,,,,,,,,,,,,,,,,,,,,,,,,,,,,,,,,,,,,,,
rsg_object_detection,dropped_oldest,2550,rsg_20260806_165_404899999_002550,dropped,True,fifo_cached_frame,2549,256,0,2291,256,0,1,0.0,106.39125199668342,frame_fifo_full,,,,,,,,,,,,,,,,,,,,,,,,,,,,,,,,,,,,,,,,,,,,,,,,,,,,,,,,
rsg_object_detection,dropped_oldest,2551,rsg_20260806_165_504899999_002551,dropped,True,fifo_cached_frame,2550,256,0,2292,256,0,1,0.0,58.93593300424982,frame_fifo_full,,,,,,,,,,,,,,,,,,,,,,,,,,,,,,,,,,,,,,,,,,,,,,,,,,,,,,,,
rsg_object_detection,dropped_oldest,2552,rsg_20260806_165_554900000_002552,dropped,True,fifo_cached_frame,2551,256,0,2293,256,0,1,0.0,50.79243000363931,frame_fifo_full,,,,,,,,,,,,,,,,,,,,,,,,,,,,,,,,,,,,,,,,,,,,,,,,,,,,,,,,
rsg_object_detection,dropped_oldest,2553,rsg_20260806_165_604899999_002553,dropped,True,fifo_cached_frame,2552,256,0,2294,256,0,1,0.0,131.52125399938086,frame_fifo_full,,,,,,,,,,,,,,,,,,,,,,,,,,,,,,,,,,,,,,,,,,,,,,,,,,,,,,,,
rsg_object_detection,dropped_oldest,2554,rsg_20260806_165_704900000_002554,dropped,True,fifo_cached_frame,2553,256,0,2295,256,0,1,0.0,3.015203998074867,frame_fifo_full,,,,,,,,,,,,,,,,,,,,,,,,,,,,,,,,,,,,,,,,,,,,,,,,,,,,,,,,
rsg_object_detection,frame_trace,2544,rsg_20260806_165_004899999_002544,sent_to_hydra,,,,,,,,,,,755.254135998257,ok,16.044074000092223,692.2012550057843,43.25593799876515,0.1367939985357225,43.119144000229426,0.0028799986466765404,6.356377001793589,1.023094002448488,363.40786500659306,17.058142999303527,0.007807990186847746,381.4969099985319,102.52792299434077,18.20561599743087,5.05543701001443,59.69391798134893,18.78444098838372,125.15902100130916,4.582273009873461,1.4974430014262907,0.4290069919079542,1.8018769987975247,0.7976310007506981,0.006176000169944018,236.82272699807072,4.334860997914802,0.15957700088620186,62.98344600509154,0.04735700349556282,11.155283995321952,10.473198999534361,0.09557999874232337,0.5865049970452674,3.768100999877788,1.1145460011903197,0.006143003702163696,3.7499889949685894,8,0,8,0,0,,,,,,,,,,,,,,
rsg_object_detection,dropped_oldest,2555,rsg_20260806_165_754899999_002555,dropped,True,fifo_cached_frame,2554,257,0,2296,257,0,1,0.0,59.356619996833615,frame_fifo_full,,,,,,,,,,,,,,,,,,,,,,,,,,,,,,,,,,,,,,,,,,,,,,,,,,,,,,,,
rsg_object_detection,dropped_oldest,2557,rsg_20260806_165_904899999_002557,dropped,True,fifo_cached_frame,2556,257,0,2297,257,0,1,0.0,45.249203001731075,frame_fifo_full,,,,,,,,,,,,,,,,,,,,,,,,,,,,,,,,,,,,,,,,,,,,,,,,,,,,,,,,
rsg_object_detection,dropped_oldest,2558,rsg_20260806_165_954900000_002558,dropped,True,fifo_cached_frame,2557,257,0,2298,257,0,1,0.0,51.730727005633526,frame_fifo_full,,,,,,,,,,,,,,,,,,,,,,,,,,,,,,,,,,,,,,,,,,,,,,,,,,,,,,,,
rsg_object_detection,dropped_oldest,2559,rsg_20260806_166_004899999_002559,dropped,True,fifo_cached_frame,2558,257,0,2299,257,0,1,0.0,50.69019399525132,frame_fifo_full,,,,,,,,,,,,,,,,,,,,,,,,,,,,,,,,,,,,,,,,,,,,,,,,,,,,,,,,
rsg_object_detection,dropped_oldest,2560,rsg_20260806_166_054900000_002560,dropped,True,fifo_cached_frame,2559,257,0,2300,257,0,1,0.0,97.14514399820473,frame_fifo_full,,,,,,,,,,,,,,,,,,,,,,,,,,,,,,,,,,,,,,,,,,,,,,,,,,,,,,,,
rsg_object_detection,dropped_oldest,2561,rsg_20260806_166_154899999_002561,dropped,True,fifo_cached_frame,2560,257,0,2301,257,0,1,0.0,114.59751299844356,frame_fifo_full,,,,,,,,,,,,,,,,,,,,,,,,,,,,,,,,,,,,,,,,,,,,,,,,,,,,,,,,
rsg_object_detection,dropped_oldest,2562,rsg_20260806_166_254899999_002562,dropped,True,fifo_cached_frame,2561,257,0,2302,257,0,1,0.0,77.3520090006059,frame_fifo_full,,,,,,,,,,,,,,,,,,,,,,,,,,,,,,,,,,,,,,,,,,,,,,,,,,,,,,,,
rsg_object_detection,dropped_oldest,2563,rsg_20260806_166_304900000_002563,dropped,True,fifo_cached_frame,2562,257,0,2303,257,0,1,0.0,53.750710998428985,frame_fifo_full,,,,,,,,,,,,,,,,,,,,,,,,,,,,,,,,,,,,,,,,,,,,,,,,,,,,,,,,
rsg_object_detection,dropped_oldest,2564,rsg_20260806_166_354899999_002564,dropped,True,fifo_cached_frame,2563,257,0,2304,257,0,1,0.0,81.8786710005952,frame_fifo_full,,,,,,,,,,,,,,,,,,,,,,,,,,,,,,,,,,,,,,,,,,,,,,,,,,,,,,,,
rsg_object_detection,frame_trace,2556,rsg_20260806_165_804900000_002556,sent_to_hydra,,,,,,,,,,,674.689720995957,ok,15.61445999686839,652.4889089996577,3.298456002085004,0.18760899547487497,3.110847006610129,0.0033910037018358707,1.2555319990497082,0.5368420024751686,345.44928599643754,20.677003005403094,0.008958995749708265,366.6720900000655,116.37801600591047,47.131143997830804,5.8008490086649545,45.97352499695262,16.683118003129493,103.27730800054269,4.056729994772468,1.5423049990204163,0.3715659986482933,1.4447719950112514,0.5718490065191872,0.005056004738435149,227.66462499566842,6.098085003031883,0.13890599802834913,50.61464800382964,0.04502299998421222,9.689711994724348,8.954541997809429,0.11257099686190486,0.6225990000530146,5.1968100015074015,0.7227540045278147,0.00518399610882625,3.2845049936440773,8,0,8,0,0,,,,,,,,,,,,,,
rsg_object_detection,dropped_oldest,2566,rsg_20260806_166_554900000_002566,dropped,True,fifo_cached_frame,2565,258,0,2305,258,0,1,0.0,60.28234500263352,frame_fifo_full,,,,,,,,,,,,,,,,,,,,,,,,,,,,,,,,,,,,,,,,,,,,,,,,,,,,,,,,
rsg_object_detection,dropped_oldest,2567,rsg_20260806_166_604899999_002567,dropped,True,fifo_cached_frame,2566,258,0,2306,258,0,1,0.0,86.79481999570271,frame_fifo_full,,,,,,,,,,,,,,,,,,,,,,,,,,,,,,,,,,,,,,,,,,,,,,,,,,,,,,,,
rsg_object_detection,,677,rsg_20260806_48_804879999_000677,vlm_done,,,,,,,,,,,,ok,,,,,,,,,,,,,,,,,,,,,,,,,,,,,,,,,,,,,,,,,,,rsg_obj_000067,rsg_unknown_rsg_20260806_48_804879999_000677_007_nanosam_008,,,7,0.46657688140020903,dresser,0.97,static,0.99,5363.935906003462,118694.6481490013,qwen_http,Qwen3-VL-8B-Instruct-GGUF
rsg_object_detection,completed,677,rsg_20260806_48_804879999_000677,,,,,,,,,,,113330.70981100173,,vlm_done,,,,,,,,,,,,,,,,,,,,,,,,,,,,,,,,,,,,,,,,,,,rsg_obj_000067,rsg_unknown_rsg_20260806_48_804879999_000677_007_nanosam_008,99,300,7,0.46657688140020903,,,,,,,,
rsg_object_detection,dropped_oldest,2568,rsg_20260806_166_704900000_002568,dropped,True,fifo_cached_frame,2567,258,0,2307,258,0,1,0.0,55.61460200260626,frame_fifo_full,,,,,,,,,,,,,,,,,,,,,,,,,,,,,,,,,,,,,,,,,,,,,,,,,,,,,,,,
rsg_object_detection,dequeued,617,rsg_20260806_45_154879999_000617,,,,,,,,,,,117291.13137099921,,fifo_order,,,,,,,,,,,,,,,,,,,,,,,,,,,,,,,,,,,,,,,,,,,rsg_obj_000070,rsg_unknown_rsg_20260806_45_154879999_000617_006_nanosam_003,98,300,3,0.6739481000431697,,,,,,,,
rsg_object_detection,dropped_oldest,2569,rsg_20260806_166_754899999_002569,dropped,True,fifo_cached_frame,2568,258,0,2308,258,0,1,0.0,106.24473699863302,frame_fifo_full,,,,,,,,,,,,,,,,,,,,,,,,,,,,,,,,,,,,,,,,,,,,,,,,,,,,,,,,
rsg_object_detection,dropped_oldest,2570,rsg_20260806_166_854899999_002570,dropped,True,fifo_cached_frame,2569,258,0,2309,258,0,1,0.0,123.06938700203318,frame_fifo_full,,,,,,,,,,,,,,,,,,,,,,,,,,,,,,,,,,,,,,,,,,,,,,,,,,,,,,,,
rsg_object_detection,dropped_oldest,2571,rsg_20260806_166_904899999_002571,dropped,True,fifo_cached_frame,2570,258,0,2310,258,0,1,0.0,3.3152550022350624,frame_fifo_full,,,,,,,,,,,,,,,,,,,,,,,,,,,,,,,,,,,,,,,,,,,,,,,,,,,,,,,,
rsg_object_detection,dropped_oldest,2572,rsg_20260806_166_954900000_002572,dropped,True,fifo_cached_frame,2571,258,0,2311,259,0,1,0.0,147.2276589993271,frame_fifo_full,,,,,,,,,,,,,,,,,,,,,,,,,,,,,,,,,,,,,,,,,,,,,,,,,,,,,,,,
rsg_object_detection,frame_trace,2565,rsg_20260806_166_454900000_002565,sent_to_hydra,,,,,,,,,,,619.4805609993637,ok,12.961802000063471,553.5515669980668,49.3982190018869,0.1397059968439862,49.258513005042914,0.004766996426042169,4.537221000646241,0.19692000205395743,275.250598002458,16.64308999897912,0.008094997610896826,292.09870300110197,65.92326600366505,14.962101995479316,3.768454000237398,18.405449991405476,28.15989500231808,117.26959500083467,5.22714399266988,1.1961119962506928,0.40964500658446923,1.3683280049008317,0.5600090007646941,0.0044150001485832036,191.97390499903122,4.168435996689368,0.13538700295612216,60.59385400294559,0.04406099469633773,5.856559000676498,5.14698800543556,0.11065199942095205,0.5989189958199859,6.408056004147511,0.6930270028533414,0.004159992386121303,3.5642060029204004,8,0,8,0,0,,,,,,,,,,,,,,
rsg_object_detection,dropped_oldest,2574,rsg_20260806_167_204900000_002574,dropped,True,fifo_cached_frame,2573,259,0,2312,259,0,1,0.0,92.16001300228527,frame_fifo_full,,,,,,,,,,,,,,,,,,,,,,,,,,,,,,,,,,,,,,,,,,,,,,,,,,,,,,,,
rsg_object_detection,dropped_oldest,2575,rsg_20260806_167_304900000_002575,dropped,True,fifo_cached_frame,2574,259,0,2313,259,0,1,0.0,51.83348200080218,frame_fifo_full,,,,,,,,,,,,,,,,,,,,,,,,,,,,,,,,,,,,,,,,,,,,,,,,,,,,,,,,
rsg_object_detection,dropped_oldest,2576,rsg_20260806_167_354899999_002576,dropped,True,fifo_cached_frame,2575,259,0,2314,259,0,1,0.0,52.1351009956561,frame_fifo_full,,,,,,,,,,,,,,,,,,,,,,,,,,,,,,,,,,,,,,,,,,,,,,,,,,,,,,,,
rsg_object_detection,dropped_oldest,2577,rsg_20260806_167_404899999_002577,dropped,True,fifo_cached_frame,2576,259,0,2315,259,0,1,0.0,50.770613001077436,frame_fifo_full,,,,,,,,,,,,,,,,,,,,,,,,,,,,,,,,,,,,,,,,,,,,,,,,,,,,,,,,
rsg_object_detection,dropped_oldest,2578,rsg_20260806_167_454900000_002578,dropped,True,fifo_cached_frame,2577,259,0,2316,259,0,1,0.0,112.23691399936797,frame_fifo_full,,,,,,,,,,,,,,,,,,,,,,,,,,,,,,,,,,,,,,,,,,,,,,,,,,,,,,,,
rsg_object_detection,dropped_oldest,2579,rsg_20260806_167_554900000_002579,dropped,True,fifo_cached_frame,2578,259,0,2317,259,0,1,0.0,45.25087200454436,frame_fifo_full,,,,,,,,,,,,,,,,,,,,,,,,,,,,,,,,,,,,,,,,,,,,,,,,,,,,,,,,
rsg_object_detection,dropped_oldest,2580,rsg_20260806_167_604899999_002580,dropped,True,fifo_cached_frame,2579,259,0,2318,259,0,1,0.0,49.39217399805784,frame_fifo_full,,,,,,,,,,,,,,,,,,,,,,,,,,,,,,,,,,,,,,,,,,,,,,,,,,,,,,,,
rsg_object_detection,dropped_oldest,2581,rsg_20260806_167_654899999_002581,dropped,True,fifo_cached_frame,2580,259,0,2319,259,0,1,0.0,65.44236099580303,frame_fifo_full,,,,,,,,,,,,,,,,,,,,,,,,,,,,,,,,,,,,,,,,,,,,,,,,,,,,,,,,
rsg_object_detection,frame_trace,2573,rsg_20260806_167_104899999_002573,sent_to_hydra,,,,,,,,,,,698.5433930021827,ok,10.285721000400372,678.4176290020696,5.9058690021629445,0.1482820007367991,5.757587001426145,0.0039040023693814874,4.773403001308907,0.19596000493038446,339.3291300017154,16.38822099630488,0.0071359972935169935,355.92044700024417,131.46572199912043,19.982629986770917,4.80812100431649,88.42570400884142,17.422767989046406,113.89290900115157,3.774373995838687,0.8995469979709014,0.37016000715084374,1.4750109985470772,0.793247003457509,0.005663998308591545,252.69724200188648,4.089846996066626,0.16085799870779738,60.73269799526315,0.043134008592460304,5.239176003669854,4.568195996398572,0.10479499906068668,0.5661850082105957,4.3659329967340454,0.676196999847889,0.0044150001485832036,3.9302699951804243,8,0,8,0,0,,,,,,,,,,,,,,
rsg_object_detection,dropped_oldest,2583,rsg_20260806_167_854899999_002583,dropped,True,fifo_cached_frame,2582,260,0,2320,260,0,1,0.0,18.654336003237404,frame_fifo_full,,,,,,,,,,,,,,,,,,,,,,,,,,,,,,,,,,,,,,,,,,,,,,,,,,,,,,,,
rsg_object_detection,dropped_oldest,2584,rsg_20260806_167_904899999_002584,dropped,True,fifo_cached_frame,2583,260,0,2321,260,0,1,0.0,49.62864400295075,frame_fifo_full,,,,,,,,,,,,,,,,,,,,,,,,,,,,,,,,,,,,,,,,,,,,,,,,,,,,,,,,
rsg_object_detection,dropped_oldest,2585,rsg_20260806_167_954900000_002585,dropped,True,fifo_cached_frame,2584,260,0,2322,260,0,1,0.0,50.941263005370274,frame_fifo_full,,,,,,,,,,,,,,,,,,,,,,,,,,,,,,,,,,,,,,,,,,,,,,,,,,,,,,,,
rsg_object_detection,dropped_oldest,2586,rsg_20260806_168_004899999_002586,dropped,True,fifo_cached_frame,2585,260,0,2323,260,0,1,0.0,49.81167599908076,frame_fifo_full,,,,,,,,,,,,,,,,,,,,,,,,,,,,,,,,,,,,,,,,,,,,,,,,,,,,,,,,
rsg_object_detection,dropped_oldest,2587,rsg_20260806_168_054900000_002587,dropped,True,fifo_cached_frame,2586,260,0,2324,260,0,1,0.0,50.957008003024384,frame_fifo_full,,,,,,,,,,,,,,,,,,,,,,,,,,,,,,,,,,,,,,,,,,,,,,,,,,,,,,,,
rsg_object_detection,dropped_oldest,2588,rsg_20260806_168_104899999_002588,dropped,True,fifo_cached_frame,2587,260,0,2325,260,0,1,0.0,50.94520100101363,frame_fifo_full,,,,,,,,,,,,,,,,,,,,,,,,,,,,,,,,,,,,,,,,,,,,,,,,,,,,,,,,
rsg_object_detection,dropped_oldest,2589,rsg_20260806_168_154899999_002589,dropped,True,fifo_cached_frame,2588,260,0,2326,260,0,1,0.0,48.457112003234215,frame_fifo_full,,,,,,,,,,,,,,,,,,,,,,,,,,,,,,,,,,,,,,,,,,,,,,,,,,,,,,,,
rsg_object_detection,dropped_oldest,2590,rsg_20260806_168_204900000_002590,dropped,True,fifo_cached_frame,2589,260,0,2327,260,0,1,0.0,51.66478799947072,frame_fifo_full,,,,,,,,,,,,,,,,,,,,,,,,,,,,,,,,,,,,,,,,,,,,,,,,,,,,,,,,
rsg_object_detection,dropped_oldest,2591,rsg_20260806_168_254899999_002591,dropped,True,fifo_cached_frame,2590,260,0,2328,260,0,1,0.0,58.19856699963566,frame_fifo_full,,,,,,,,,,,,,,,,,,,,,,,,,,,,,,,,,,,,,,,,,,,,,,,,,,,,,,,,
rsg_object_detection,dropped_oldest,2592,rsg_20260806_168_304900000_002592,dropped,True,fifo_cached_frame,2591,260,0,2329,260,0,1,0.0,54.95806100225309,frame_fifo_full,,,,,,,,,,,,,,,,,,,,,,,,,,,,,,,,,,,,,,,,,,,,,,,,,,,,,,,,
rsg_object_detection,dropped_oldest,2593,rsg_20260806_168_354899999_002593,dropped,True,fifo_cached_frame,2592,260,0,2330,260,0,1,0.0,49.82716800441267,frame_fifo_full,,,,,,,,,,,,,,,,,,,,,,,,,,,,,,,,,,,,,,,,,,,,,,,,,,,,,,,,
rsg_object_detection,dropped_oldest,2594,rsg_20260806_168_404899999_002594,dropped,True,fifo_cached_frame,2593,260,0,2331,260,0,1,0.0,90.14000599563587,frame_fifo_full,,,,,,,,,,,,,,,,,,,,,,,,,,,,,,,,,,,,,,,,,,,,,,,,,,,,,,,,
rsg_object_detection,dropped_oldest,2595,rsg_20260806_168_504899999_002595,dropped,True,fifo_cached_frame,2594,260,0,2332,260,0,1,0.0,69.55701200058684,frame_fifo_full,,,,,,,,,,,,,,,,,,,,,,,,,,,,,,,,,,,,,,,,,,,,,,,,,,,,,,,,
rsg_object_detection,dropped_oldest,2596,rsg_20260806_168_554900000_002596,dropped,True,fifo_cached_frame,2595,260,0,2333,261,0,1,0.0,41.75569100334542,frame_fifo_full,,,,,,,,,,,,,,,,,,,,,,,,,,,,,,,,,,,,,,,,,,,,,,,,,,,,,,,,
rsg_object_detection,frame_trace,2582,rsg_20260806_167_704900000_002582,sent_to_hydra,,,,,,,,,,,857.9015049981535,ok,12.990921997698024,689.1237189993262,152.67201700044097,0.12764299754053354,152.54437400290044,0.0027520000003278255,5.174539001018275,0.21759100491181016,347.9253629993764,26.48179099924164,0.00758399983169511,374.6323290033615,147.37461099866778,34.411000000545755,12.564795011712704,56.811040980392136,41.58497601019917,91.45105599600356,8.49081999331247,1.4142129948595539,0.43710301542887464,1.7138490002253093,0.41505500121274963,0.00672000169288367,251.3235229998827,3.7281659970176406,0.15580200124531984,54.06123299326282,0.048127003537956625,8.524194003257435,7.8257909990497865,0.11737100430764258,0.5810319999000058,3.677961001812946,0.7835200012777932,0.00524699134984985,3.1120950006879866,8,0,8,0,0,,,,,,,,,,,,,,
rsg_object_detection,dropped_oldest,2598,rsg_20260806_168_704900000_002598,dropped,True,fifo_cached_frame,2597,261,0,2334,261,0,1,0.0,50.10286800097674,frame_fifo_full,,,,,,,,,,,,,,,,,,,,,,,,,,,,,,,,,,,,,,,,,,,,,,,,,,,,,,,,
rsg_object_detection,dropped_oldest,2599,rsg_20260806_168_754899999_002599,dropped,True,fifo_cached_frame,2598,261,0,2335,261,0,1,0.0,51.57131899613887,frame_fifo_full,,,,,,,,,,,,,,,,,,,,,,,,,,,,,,,,,,,,,,,,,,,,,,,,,,,,,,,,
rsg_object_detection,dropped_oldest,2600,rsg_20260806_168_804900000_002600,dropped,True,fifo_cached_frame,2599,261,0,2336,261,0,1,0.0,51.40639900491806,frame_fifo_full,,,,,,,,,,,,,,,,,,,,,,,,,,,,,,,,,,,,,,,,,,,,,,,,,,,,,,,,
rsg_object_detection,dropped_oldest,2601,rsg_20260806_168_854899999_002601,dropped,True,fifo_cached_frame,2600,261,0,2337,261,0,1,0.0,51.45030099811265,frame_fifo_full,,,,,,,,,,,,,,,,,,,,,,,,,,,,,,,,,,,,,,,,,,,,,,,,,,,,,,,,
rsg_object_detection,dropped_oldest,2602,rsg_20260806_168_904899999_002602,dropped,True,fifo_cached_frame,2601,261,0,2338,261,0,1,0.0,48.95849899912719,frame_fifo_full,,,,,,,,,,,,,,,,,,,,,,,,,,,,,,,,,,,,,,,,,,,,,,,,,,,,,,,,
rsg_object_detection,dropped_oldest,2603,rsg_20260806_168_954900000_002603,dropped,True,fifo_cached_frame,2602,261,0,2339,261,0,1,0.0,116.03878199821338,frame_fifo_full,,,,,,,,,,,,,,,,,,,,,,,,,,,,,,,,,,,,,,,,,,,,,,,,,,,,,,,,
rsg_object_detection,dropped_oldest,2604,rsg_20260806_169_054900000_002604,dropped,True,fifo_cached_frame,2603,261,0,2340,261,0,1,0.0,36.40474600251764,frame_fifo_full,,,,,,,,,,,,,,,,,,,,,,,,,,,,,,,,,,,,,,,,,,,,,,,,,,,,,,,,
rsg_object_detection,dropped_oldest,2605,rsg_20260806_169_104899999_002605,dropped,True,fifo_cached_frame,2604,261,0,2341,261,0,1,0.0,94.63326799595961,frame_fifo_full,,,,,,,,,,,,,,,,,,,,,,,,,,,,,,,,,,,,,,,,,,,,,,,,,,,,,,,,
rsg_object_detection,frame_trace,2597,rsg_20260806_168_604899999_002597,sent_to_hydra,,,,,,,,,,,586.5474129968788,ok,16.43529299326474,560.0718290006625,6.231359999219421,0.1341379975201562,6.097222001699265,0.0038080033846199512,1.0219420000794344,0.18443999579176307,293.49247699428815,14.917435000825208,0.0064630075939930975,308.6008149984991,74.77766101510497,19.820274006633554,10.78071000665659,28.78716599661857,14.692933000333142,113.19442200328922,3.1447669898625463,0.7183070119936019,0.303283981338609,1.1767519972636364,0.5888080049771816,0.004831003025174141,193.9263989988831,4.680575999373104,0.13826599752064794,51.65746399870841,0.04636700759874657,8.193039997422602,7.4672460032161325,0.08742099453229457,0.6383729996741749,7.695908003370278,0.5423769980552606,0.003967994416598231,3.805123000347521,8,0,6,0,0,,,,,,,,,,,,,,
rsg_object_detection,dropped_oldest,2607,rsg_20260806_169_254899999_002607,dropped,True,fifo_cached_frame,2606,262,0,2342,262,0,1,0.0,5.072495994681958,frame_fifo_full,,,,,,,,,,,,,,,,,,,,,,,,,,,,,,,,,,,,,,,,,,,,,,,,,,,,,,,,
rsg_object_detection,dropped_oldest,2608,rsg_20260806_169_354899999_002608,dropped,True,fifo_cached_frame,2607,262,0,2343,262,0,1,0.0,6.076071003917605,frame_fifo_full,,,,,,,,,,,,,,,,,,,,,,,,,,,,,,,,,,,,,,,,,,,,,,,,,,,,,,,,
rsg_object_detection,dropped_oldest,2609,rsg_20260806_169_404899999_002609,dropped,True,fifo_cached_frame,2608,262,0,2344,262,0,1,0.0,6.472023000242189,frame_fifo_full,,,,,,,,,,,,,,,,,,,,,,,,,,,,,,,,,,,,,,,,,,,,,,,,,,,,,,,,
rsg_object_detection,dropped_oldest,2610,rsg_20260806_169_454900000_002610,dropped,True,fifo_cached_frame,2609,262,0,2345,262,0,1,0.0,5.564795996178873,frame_fifo_full,,,,,,,,,,,,,,,,,,,,,,,,,,,,,,,,,,,,,,,,,,,,,,,,,,,,,,,,
rsg_object_detection,dropped_oldest,2611,rsg_20260806_169_504899999_002611,dropped,True,fifo_cached_frame,2610,262,0,2346,262,0,1,0.0,3.9379180016112514,frame_fifo_full,,,,,,,,,,,,,,,,,,,,,,,,,,,,,,,,,,,,,,,,,,,,,,,,,,,,,,,,
rsg_object_detection,dropped_oldest,2612,rsg_20260806_169_554900000_002612,dropped,True,fifo_cached_frame,2611,262,0,2347,262,0,1,0.0,6.958211000892334,frame_fifo_full,,,,,,,,,,,,,,,,,,,,,,,,,,,,,,,,,,,,,,,,,,,,,,,,,,,,,,,,
rsg_object_detection,dropped_oldest,2613,rsg_20260806_169_604899999_002613,dropped,True,fifo_cached_frame,2612,262,0,2348,262,0,1,0.0,26.22973899997305,frame_fifo_full,,,,,,,,,,,,,,,,,,,,,,,,,,,,,,,,,,,,,,,,,,,,,,,,,,,,,,,,
rsg_object_detection,dropped_oldest,2614,rsg_20260806_169_654899999_002614,dropped,True,fifo_cached_frame,2613,262,0,2349,262,0,1,0.0,53.09314800251741,frame_fifo_full,,,,,,,,,,,,,,,,,,,,,,,,,,,,,,,,,,,,,,,,,,,,,,,,,,,,,,,,
rsg_object_detection,dropped_oldest,2615,rsg_20260806_169_704900000_002615,dropped,True,fifo_cached_frame,2614,262,0,2350,262,0,1,0.0,47.68386700015981,frame_fifo_full,,,,,,,,,,,,,,,,,,,,,,,,,,,,,,,,,,,,,,,,,,,,,,,,,,,,,,,,
rsg_object_detection,dropped_oldest,2616,rsg_20260806_169_754899999_002616,dropped,True,fifo_cached_frame,2615,262,0,2351,262,0,1,0.0,48.636467996402644,frame_fifo_full,,,,,,,,,,,,,,,,,,,,,,,,,,,,,,,,,,,,,,,,,,,,,,,,,,,,,,,,
rsg_object_detection,dropped_oldest,2617,rsg_20260806_169_804900000_002617,dropped,True,fifo_cached_frame,2616,262,0,2352,262,0,1,0.0,104.63951300334884,frame_fifo_full,,,,,,,,,,,,,,,,,,,,,,,,,,,,,,,,,,,,,,,,,,,,,,,,,,,,,,,,
rsg_object_detection,dropped_oldest,2618,rsg_20260806_169_904899999_002618,dropped,True,fifo_cached_frame,2617,262,0,2353,262,0,1,0.0,44.30026200134307,frame_fifo_full,,,,,,,,,,,,,,,,,,,,,,,,,,,,,,,,,,,,,,,,,,,,,,,,,,,,,,,,
rsg_object_detection,dropped_oldest,2619,rsg_20260806_169_954900000_002619,dropped,True,fifo_cached_frame,2618,262,0,2354,262,0,1,0.0,58.51740600337507,frame_fifo_full,,,,,,,,,,,,,,,,,,,,,,,,,,,,,,,,,,,,,,,,,,,,,,,,,,,,,,,,
rsg_object_detection,dropped_oldest,2620,rsg_20260806_170_004899999_002620,dropped,True,fifo_cached_frame,2619,262,0,2355,262,0,1,0.0,94.37721700669499,frame_fifo_full,,,,,,,,,,,,,,,,,,,,,,,,,,,,,,,,,,,,,,,,,,,,,,,,,,,,,,,,
rsg_object_detection,dropped_oldest,2621,rsg_20260806_170_104899999_002621,dropped,True,fifo_cached_frame,2620,262,0,2356,263,0,1,0.0,134.82957799715223,frame_fifo_full,,,,,,,,,,,,,,,,,,,,,,,,,,,,,,,,,,,,,,,,,,,,,,,,,,,,,,,,
rsg_object_detection,frame_trace,2606,rsg_20260806_169_204900000_002606,sent_to_hydra,,,,,,,,,,,997.6504490041407,ok,11.965365003561601,595.5751129949931,386.26856000337284,0.14537000242853537,386.1231900009443,0.005631001840811223,7.455950006260537,5.082959003630094,372.2731029993156,13.648688000102993,0.006559996108990163,391.0113099991577,39.331471984041855,19.731956992472988,3.493199998047203,6.828295990999322,8.645759007777087,90.03890000167303,3.567149986338336,0.5555640018428676,0.31771302747074515,1.371336002193857,0.4227030003676191,0.007550996087957174,135.63069199881284,2.903592998336535,0.1295949987252243,58.400454006914515,0.043518986785784364,7.466349998139776,6.631823998759501,0.11330799316056073,0.7212180062197149,3.824738996627275,0.6692199967801571,0.005056012014392763,3.835780000372324,8,0,8,0,0,,,,,,,,,,,,,,
rsg_object_detection,dropped_oldest,2623,rsg_20260806_170_254899999_002623,dropped,True,fifo_cached_frame,2622,263,0,2357,263,0,1,0.0,49.350489003700204,frame_fifo_full,,,,,,,,,,,,,,,,,,,,,,,,,,,,,,,,,,,,,,,,,,,,,,,,,,,,,,,,
rsg_object_detection,dropped_oldest,2624,rsg_20260806_170_304900000_002624,dropped,True,fifo_cached_frame,2623,263,0,2358,263,0,1,0.0,48.30448499706108,frame_fifo_full,,,,,,,,,,,,,,,,,,,,,,,,,,,,,,,,,,,,,,,,,,,,,,,,,,,,,,,,
rsg_object_detection,dropped_oldest,2625,rsg_20260806_170_354899999_002625,dropped,True,fifo_cached_frame,2624,263,0,2359,263,0,1,0.0,51.56265499681467,frame_fifo_full,,,,,,,,,,,,,,,,,,,,,,,,,,,,,,,,,,,,,,,,,,,,,,,,,,,,,,,,
rsg_object_detection,dropped_oldest,2626,rsg_20260806_170_404899999_002626,dropped,True,fifo_cached_frame,2625,263,0,2360,263,0,1,0.0,51.13659299968276,frame_fifo_full,,,,,,,,,,,,,,,,,,,,,,,,,,,,,,,,,,,,,,,,,,,,,,,,,,,,,,,,
rsg_object_detection,dropped_oldest,2627,rsg_20260806_170_454900000_002627,dropped,True,fifo_cached_frame,2626,263,0,2361,263,0,1,0.0,49.128610000479966,frame_fifo_full,,,,,,,,,,,,,,,,,,,,,,,,,,,,,,,,,,,,,,,,,,,,,,,,,,,,,,,,
rsg_object_detection,dropped_oldest,2628,rsg_20260806_170_504899999_002628,dropped,True,fifo_cached_frame,2627,263,0,2362,263,0,1,0.0,51.080402998195495,frame_fifo_full,,,,,,,,,,,,,,,,,,,,,,,,,,,,,,,,,,,,,,,,,,,,,,,,,,,,,,,,
rsg_object_detection,dropped_oldest,2629,rsg_20260806_170_554900000_002629,dropped,True,fifo_cached_frame,2628,263,0,2363,263,0,1,0.0,50.637444997846615,frame_fifo_full,,,,,,,,,,,,,,,,,,,,,,,,,,,,,,,,,,,,,,,,,,,,,,,,,,,,,,,,
rsg_object_detection,dropped_oldest,2630,rsg_20260806_170_604899999_002630,dropped,True,fifo_cached_frame,2629,263,0,2364,263,0,1,0.0,139.23125399742275,frame_fifo_full,,,,,,,,,,,,,,,,,,,,,,,,,,,,,,,,,,,,,,,,,,,,,,,,,,,,,,,,
rsg_object_detection,dropped_oldest,2631,rsg_20260806_170_704900000_002631,dropped,True,fifo_cached_frame,2630,263,0,2365,263,0,1,0.0,130.80967999849236,frame_fifo_full,,,,,,,,,,,,,,,,,,,,,,,,,,,,,,,,,,,,,,,,,,,,,,,,,,,,,,,,
rsg_object_detection,dropped_oldest,2632,rsg_20260806_170_754899999_002632,dropped,True,fifo_cached_frame,2631,263,0,2366,263,0,1,0.0,3.1608950012014247,frame_fifo_full,,,,,,,,,,,,,,,,,,,,,,,,,,,,,,,,,,,,,,,,,,,,,,,,,,,,,,,,
rsg_object_detection,frame_trace,2622,rsg_20260806_170_204900000_002622,sent_to_hydra,,,,,,,,,,,647.5332390036783,ok,16.569305000302847,621.0700680021546,7.2214640022139065,0.15807300223968923,7.063390999974217,0.003007997293025255,7.717986998613924,0.46929299423936754,339.4997829964268,23.80727999843657,0.006432004738599062,363.78278799384134,84.1428549902048,17.981791010242887,4.3798199912998825,50.798429001588374,10.186429004534148,95.4253699965193,4.589411997585557,1.387338008498773,0.4621540065272711,2.224260999355465,0.836957995488774,0.005887995939701796,189.09401100245304,5.146924995642621,0.1802159968065098,55.10100600076839,0.047135014028754085,11.803291999967769,11.157335000461899,0.10191599722020328,0.5440410022856668,3.598860996135045,1.1608159984461963,0.006336005753837526,2.669394001713954,8,0,8,0,0,,,,,,,,,,,,,,
rsg_object_detection,dropped_oldest,2634,rsg_20260806_170_954900000_002634,dropped,True,fifo_cached_frame,2633,264,0,2367,264,0,1,0.0,43.801404994155746,frame_fifo_full,,,,,,,,,,,,,,,,,,,,,,,,,,,,,,,,,,,,,,,,,,,,,,,,,,,,,,,,
rsg_object_detection,dropped_oldest,2635,rsg_20260806_171_004899999_002635,dropped,True,fifo_cached_frame,2634,264,0,2368,264,0,1,0.0,50.62893399735913,frame_fifo_full,,,,,,,,,,,,,,,,,,,,,,,,,,,,,,,,,,,,,,,,,,,,,,,,,,,,,,,,
rsg_object_detection,dropped_oldest,2636,rsg_20260806_171_054900000_002636,dropped,True,fifo_cached_frame,2635,264,0,2369,264,0,1,0.0,154.32946099463152,frame_fifo_full,,,,,,,,,,,,,,,,,,,,,,,,,,,,,,,,,,,,,,,,,,,,,,,,,,,,,,,,
rsg_object_detection,dropped_oldest,2637,rsg_20260806_171_204900000_002637,dropped,True,fifo_cached_frame,2636,264,0,2370,264,0,1,0.0,45.95255200547399,frame_fifo_full,,,,,,,,,,,,,,,,,,,,,,,,,,,,,,,,,,,,,,,,,,,,,,,,,,,,,,,,
rsg_object_detection,dropped_oldest,2638,rsg_20260806_171_254899999_002638,dropped,True,fifo_cached_frame,2637,264,0,2371,264,0,1,0.0,61.51716300519183,frame_fifo_full,,,,,,,,,,,,,,,,,,,,,,,,,,,,,,,,,,,,,,,,,,,,,,,,,,,,,,,,
rsg_object_detection,dropped_oldest,2639,rsg_20260806_171_304900000_002639,dropped,True,fifo_cached_frame,2638,264,0,2372,264,0,1,0.0,101.07938399596605,frame_fifo_full,,,,,,,,,,,,,,,,,,,,,,,,,,,,,,,,,,,,,,,,,,,,,,,,,,,,,,,,
rsg_object_detection,dropped_oldest,2640,rsg_20260806_171_404899999_002640,dropped,True,fifo_cached_frame,2639,264,0,2373,264,0,1,0.0,45.81236499507213,frame_fifo_full,,,,,,,,,,,,,,,,,,,,,,,,,,,,,,,,,,,,,,,,,,,,,,,,,,,,,,,,
rsg_object_detection,dropped_oldest,2641,rsg_20260806_171_454900000_002641,dropped,True,fifo_cached_frame,2640,264,0,2374,264,0,1,0.0,131.80369500332745,frame_fifo_full,,,,,,,,,,,,,,,,,,,,,,,,,,,,,,,,,,,,,,,,,,,,,,,,,,,,,,,,
rsg_object_detection,frame_trace,2633,rsg_20260806_170_854899999_002633,sent_to_hydra,,,,,,,,,,,725.0574909994612,ok,14.873248001094908,664.3239139957586,42.46581200277433,0.09967599908122793,42.3661360036931,0.004478999471757561,3.443731002334971,0.2302939974470064,379.5187990035629,21.749766005086713,0.008479990356136113,401.50733899645275,91.05118799197953,21.57393498782767,6.019176995323505,39.9415339998086,22.574980990611948,99.68936199584277,3.9164790068753064,1.4037189903319813,0.33467201865278184,1.7648880020715296,0.6910110023454763,0.005631998647004366,198.8752229954116,7.955002001835965,0.14693800039822236,52.35331400035648,0.04236699896864593,10.443029001180548,9.707154997158796,0.14085900329519063,0.595015000726562,3.750214003957808,0.6743409976479597,0.005663998308591545,3.3900380003615282,8,0,7,0,0,,,,,,,,,,,,,,
rsg_object_detection,dropped_oldest,2643,rsg_20260806_171_654899999_002643,dropped,True,fifo_cached_frame,2642,265,0,2375,265,0,1,0.0,40.89854999620002,frame_fifo_full,,,,,,,,,,,,,,,,,,,,,,,,,,,,,,,,,,,,,,,,,,,,,,,,,,,,,,,,
rsg_object_detection,dropped_oldest,2644,rsg_20260806_171_704900000_002644,dropped,True,fifo_cached_frame,2643,265,0,2376,265,0,1,0.0,41.13716499705333,frame_fifo_full,,,,,,,,,,,,,,,,,,,,,,,,,,,,,,,,,,,,,,,,,,,,,,,,,,,,,,,,
rsg_object_detection,dropped_oldest,2645,rsg_20260806_171_754899999_002645,dropped,True,fifo_cached_frame,2644,265,0,2377,265,0,1,0.0,51.430695995804854,frame_fifo_full,,,,,,,,,,,,,,,,,,,,,,,,,,,,,,,,,,,,,,,,,,,,,,,,,,,,,,,,
rsg_object_detection,dropped_oldest,2646,rsg_20260806_171_804900000_002646,dropped,True,fifo_cached_frame,2645,265,0,2378,265,0,1,0.0,52.01147199841216,frame_fifo_full,,,,,,,,,,,,,,,,,,,,,,,,,,,,,,,,,,,,,,,,,,,,,,,,,,,,,,,,
rsg_object_detection,dropped_oldest,2647,rsg_20260806_171_854899999_002647,dropped,True,fifo_cached_frame,2646,265,0,2379,265,0,1,0.0,48.60597899823915,frame_fifo_full,,,,,,,,,,,,,,,,,,,,,,,,,,,,,,,,,,,,,,,,,,,,,,,,,,,,,,,,
rsg_object_detection,dropped_oldest,2648,rsg_20260806_171_904899999_002648,dropped,True,fifo_cached_frame,2647,265,0,2380,265,0,1,0.0,49.21014699357329,frame_fifo_full,,,,,,,,,,,,,,,,,,,,,,,,,,,,,,,,,,,,,,,,,,,,,,,,,,,,,,,,
rsg_object_detection,dropped_oldest,2649,rsg_20260806_171_954900000_002649,dropped,True,fifo_cached_frame,2648,265,0,2381,265,0,1,0.0,149.34678900317522,frame_fifo_full,,,,,,,,,,,,,,,,,,,,,,,,,,,,,,,,,,,,,,,,,,,,,,,,,,,,,,,,
rsg_object_detection,dropped_oldest,2650,rsg_20260806_172_104899999_002650,dropped,True,fifo_cached_frame,2649,265,0,2382,265,0,1,0.0,98.1754140011617,frame_fifo_full,,,,,,,,,,,,,,,,,,,,,,,,,,,,,,,,,,,,,,,,,,,,,,,,,,,,,,,,
rsg_object_detection,dropped_oldest,2651,rsg_20260806_172_204900000_002651,dropped,True,fifo_cached_frame,2650,265,0,2383,265,0,1,0.0,97.21855699899606,frame_fifo_full,,,,,,,,,,,,,,,,,,,,,,,,,,,,,,,,,,,,,,,,,,,,,,,,,,,,,,,,
rsg_object_detection,dropped_oldest,2652,rsg_20260806_172_254899999_002652,dropped,True,fifo_cached_frame,2651,265,0,2384,265,0,1,0.0,8.92254700011108,frame_fifo_full,,,,,,,,,,,,,,,,,,,,,,,,,,,,,,,,,,,,,,,,,,,,,,,,,,,,,,,,
rsg_object_detection,dropped_oldest,2653,rsg_20260806_172_304900000_002653,dropped,True,fifo_cached_frame,2652,265,0,2385,266,0,1,0.0,127.705759005039,frame_fifo_full,,,,,,,,,,,,,,,,,,,,,,,,,,,,,,,,,,,,,,,,,,,,,,,,,,,,,,,,
rsg_object_detection,frame_trace,2642,rsg_20260806_171_554900000_002642,sent_to_hydra,,,,,,,,,,,808.0716319964267,ok,13.529814998037182,741.1646730033681,49.49832599959336,0.13938600022811443,49.35893999936525,0.003936002030968666,2.9496719944290817,0.5811919982079417,421.0520849956083,21.41797299555037,0.00777601235313341,443.05902600171976,128.9037269889377,28.276092001760844,9.850571987044532,63.0013960035285,26.949202008836437,102.36260300007416,3.6101570003665984,0.7417300075758249,0.3499040030874312,1.2936750063090585,0.5835919946548529,0.004704001185018569,237.86721200303873,3.411667996260803,0.15660200006095693,53.66875100298785,0.05174200487090275,7.689286001550499,6.967650995648,0.1060759968822822,0.6155590090202168,5.217354999331292,0.6190470012370497,0.004126995918340981,3.874881993397139,8,0,7,0,0,,,,,,,,,,,,,,
rsg_object_detection,dropped_oldest,2655,rsg_20260806_172_454900000_002655,dropped,True,fifo_cached_frame,2654,266,0,2386,266,0,1,0.0,57.95836899778806,frame_fifo_full,,,,,,,,,,,,,,,,,,,,,,,,,,,,,,,,,,,,,,,,,,,,,,,,,,,,,,,,
rsg_object_detection,dropped_oldest,2656,rsg_20260806_172_504899999_002656,dropped,True,fifo_cached_frame,2655,266,0,2387,266,0,1,0.0,49.5250490057515,frame_fifo_full,,,,,,,,,,,,,,,,,,,,,,,,,,,,,,,,,,,,,,,,,,,,,,,,,,,,,,,,
rsg_object_detection,dropped_oldest,2657,rsg_20260806_172_554900000_002657,dropped,True,fifo_cached_frame,2656,266,0,2388,266,0,1,0.0,51.375693998124916,frame_fifo_full,,,,,,,,,,,,,,,,,,,,,,,,,,,,,,,,,,,,,,,,,,,,,,,,,,,,,,,,
rsg_object_detection,dropped_oldest,2658,rsg_20260806_172_604899999_002658,dropped,True,fifo_cached_frame,2657,266,0,2389,266,0,1,0.0,41.25153099448653,frame_fifo_full,,,,,,,,,,,,,,,,,,,,,,,,,,,,,,,,,,,,,,,,,,,,,,,,,,,,,,,,
rsg_object_detection,dropped_oldest,2659,rsg_20260806_172_654899999_002659,dropped,True,fifo_cached_frame,2658,266,0,2390,266,0,1,0.0,50.16172700561583,frame_fifo_full,,,,,,,,,,,,,,,,,,,,,,,,,,,,,,,,,,,,,,,,,,,,,,,,,,,,,,,,
rsg_object_detection,dropped_oldest,2660,rsg_20260806_172_704900000_002660,dropped,True,fifo_cached_frame,2659,266,0,2391,266,0,1,0.0,50.585709999722894,frame_fifo_full,,,,,,,,,,,,,,,,,,,,,,,,,,,,,,,,,,,,,,,,,,,,,,,,,,,,,,,,
rsg_object_detection,dropped_oldest,2661,rsg_20260806_172_754899999_002661,dropped,True,fifo_cached_frame,2660,266,0,2392,266,0,1,0.0,52.068529003008734,frame_fifo_full,,,,,,,,,,,,,,,,,,,,,,,,,,,,,,,,,,,,,,,,,,,,,,,,,,,,,,,,
rsg_object_detection,dropped_oldest,2662,rsg_20260806_172_804900000_002662,dropped,True,fifo_cached_frame,2661,266,0,2393,266,0,1,0.0,112.4051039951155,frame_fifo_full,,,,,,,,,,,,,,,,,,,,,,,,,,,,,,,,,,,,,,,,,,,,,,,,,,,,,,,,
rsg_object_detection,dropped_oldest,2663,rsg_20260806_172_904899999_002663,dropped,True,fifo_cached_frame,2662,266,0,2394,266,0,1,0.0,47.95538500184193,frame_fifo_full,,,,,,,,,,,,,,,,,,,,,,,,,,,,,,,,,,,,,,,,,,,,,,,,,,,,,,,,
rsg_object_detection,dropped_oldest,2664,rsg_20260806_172_954900000_002664,dropped,True,fifo_cached_frame,2663,266,0,2395,266,0,1,0.0,101.27807200478856,frame_fifo_full,,,,,,,,,,,,,,,,,,,,,,,,,,,,,,,,,,,,,,,,,,,,,,,,,,,,,,,,
rsg_object_detection,dropped_oldest,2665,rsg_20260806_173_004899999_002665,dropped,True,fifo_cached_frame,2664,266,0,2396,266,0,1,0.0,3.5931969978264533,frame_fifo_full,,,,,,,,,,,,,,,,,,,,,,,,,,,,,,,,,,,,,,,,,,,,,,,,,,,,,,,,
rsg_object_detection,frame_trace,2654,rsg_20260806_172_404899999_002654,sent_to_hydra,,,,,,,,,,,716.4377820008667,ok,11.230486001295503,695.5625690025045,6.693647002975922,0.12380300177028403,6.569844001205638,0.0038720027077943087,3.067618003115058,0.2882770058931783,397.96361600019736,19.651804999739397,0.006655995093751699,417.9103540009237,122.11453099735081,26.85675901011564,4.359375008789357,63.02574600704247,27.029137003410142,95.47933300200384,3.838149001239799,0.6613159930566326,0.324883010762278,1.4549490006174892,0.44129399611847475,0.0068160006776452065,224.33979799825465,5.084047996206209,0.1524740000604652,44.93855100008659,0.06972600385779515,6.365019995428156,5.654617998516187,0.1029720006044954,0.6074299963074736,4.058683000039309,0.8019520028028637,0.004831003025174141,2.9472079913830385,8,0,8,0,0,,,,,,,,,,,,,,
rsg_object_detection,,617,rsg_20260806_45_154879999_000617,vlm_done,,,,,,,,,,,,ok,,,,,,,,,,,,,,,,,,,,,,,,,,,,,,,,,,,,,,,,,,,rsg_obj_000070,rsg_unknown_rsg_20260806_45_154879999_000617_006_nanosam_003,,,3,0.6739481000431697,wall,0.98,static,0.99,6380.924595003307,123672.05811000167,qwen_http,Qwen3-VL-8B-Instruct-GGUF
rsg_object_detection,completed,617,rsg_20260806_45_154879999_000617,,,,,,,,,,,117291.13137099921,,vlm_done,,,,,,,,,,,,,,,,,,,,,,,,,,,,,,,,,,,,,,,,,,,rsg_obj_000070,rsg_unknown_rsg_20260806_45_154879999_000617_006_nanosam_003,105,300,3,0.6739481000431697,,,,,,,,
rsg_object_detection,dequeued,590,rsg_20260806_43_354880000_000590,,,,,,,,,,,123593.98127900204,,fifo_order,,,,,,,,,,,,,,,,,,,,,,,,,,,,,,,,,,,,,,,,,,,rsg_obj_000071,rsg_unknown_rsg_20260806_43_354880000_000590_007_nanosam_000,104,300,1,0.4528534611682581,,,,,,,,
rsg_object_detection,dropped_oldest,2667,rsg_20260806_173_204900000_002667,dropped,True,fifo_cached_frame,2666,267,0,2397,267,0,1,0.0,86.72974299406633,frame_fifo_full,,,,,,,,,,,,,,,,,,,,,,,,,,,,,,,,,,,,,,,,,,,,,,,,,,,,,,,,
rsg_object_detection,dropped_oldest,2668,rsg_20260806_173_304900000_002668,dropped,True,fifo_cached_frame,2667,267,0,2398,267,0,1,0.0,100.41203299624613,frame_fifo_full,,,,,,,,,,,,,,,,,,,,,,,,,,,,,,,,,,,,,,,,,,,,,,,,,,,,,,,,
rsg_object_detection,dropped_oldest,2669,rsg_20260806_173_404899999_002669,dropped,True,fifo_cached_frame,2668,267,0,2399,267,0,1,0.0,50.87174900108948,frame_fifo_full,,,,,,,,,,,,,,,,,,,,,,,,,,,,,,,,,,,,,,,,,,,,,,,,,,,,,,,,
rsg_object_detection,dropped_oldest,2670,rsg_20260806_173_454900000_002670,dropped,True,fifo_cached_frame,2669,267,0,2400,267,0,1,0.0,151.31530100188684,frame_fifo_full,,,,,,,,,,,,,,,,,,,,,,,,,,,,,,,,,,,,,,,,,,,,,,,,,,,,,,,,
rsg_object_detection,dropped_oldest,2671,rsg_20260806_173_604899999_002671,dropped,True,fifo_cached_frame,2670,267,0,2401,267,0,1,0.0,113.66403700230876,frame_fifo_full,,,,,,,,,,,,,,,,,,,,,,,,,,,,,,,,,,,,,,,,,,,,,,,,,,,,,,,,
rsg_object_detection,dropped_oldest,2672,rsg_20260806_173_704900000_002672,dropped,True,fifo_cached_frame,2671,267,0,2402,267,0,1,0.0,100.7084049997502,frame_fifo_full,,,,,,,,,,,,,,,,,,,,,,,,,,,,,,,,,,,,,,,,,,,,,,,,,,,,,,,,
rsg_object_detection,frame_trace,2666,rsg_20260806_173_054900000_002666,sent_to_hydra,,,,,,,,,,,758.1106510042446,ok,12.82130100298673,629.2650579998735,112.12701100157574,0.13192999904276803,111.99508100253297,0.005822999810334295,1.0852999985218048,0.19906400120817125,311.74930200359086,20.332994994532783,0.006335998477879912,332.2876969978097,117.40740200912114,27.437728007498663,9.57948001450859,53.695377995609306,23.99166199757019,106.61993999383412,3.8562589907087386,2.927336005086545,0.354260002495721,1.345416996628046,0.5826650012750179,0.005120004061609507,233.11497300164774,4.269778000889346,0.12716299534076825,58.336437003163155,0.04371000250102952,8.242320000135805,7.6052899967180565,0.09372500062454492,0.543305002793204,3.5915330008720048,0.9819120023166761,0.00553599966224283,3.891457999998238,8,0,8,0,0,,,,,,,,,,,,,,
rsg_object_detection,dropped_oldest,2673,rsg_20260806_173_804900000_002673,dropped,True,fifo_cached_frame,2672,267,0,2403,268,0,1,0.0,54.464083004859276,frame_fifo_full,,,,,,,,,,,,,,,,,,,,,,,,,,,,,,,,,,,,,,,,,,,,,,,,,,,,,,,,
rsg_object_detection,dropped_oldest,2675,rsg_20260806_173_904899999_002675,dropped,True,fifo_cached_frame,2674,268,0,2404,268,0,1,0.0,86.81796299788402,frame_fifo_full,,,,,,,,,,,,,,,,,,,,,,,,,,,,,,,,,,,,,,,,,,,,,,,,,,,,,,,,
rsg_object_detection,dropped_oldest,2676,rsg_20260806_174_004899999_002676,dropped,True,fifo_cached_frame,2675,268,0,2405,268,0,1,0.0,101.14019799948437,frame_fifo_full,,,,,,,,,,,,,,,,,,,,,,,,,,,,,,,,,,,,,,,,,,,,,,,,,,,,,,,,
rsg_object_detection,dropped_oldest,2677,rsg_20260806_174_104899999_002677,dropped,True,fifo_cached_frame,2676,268,0,2406,268,0,1,0.0,104.64357999444474,frame_fifo_full,,,,,,,,,,,,,,,,,,,,,,,,,,,,,,,,,,,,,,,,,,,,,,,,,,,,,,,,
rsg_object_detection,dropped_oldest,2678,rsg_20260806_174_204900000_002678,dropped,True,fifo_cached_frame,2677,268,0,2407,268,0,1,0.0,58.52081700140843,frame_fifo_full,,,,,,,,,,,,,,,,,,,,,,,,,,,,,,,,,,,,,,,,,,,,,,,,,,,,,,,,
rsg_object_detection,dropped_oldest,2679,rsg_20260806_174_254899999_002679,dropped,True,fifo_cached_frame,2678,268,0,2408,268,0,1,0.0,62.06537700199988,frame_fifo_full,,,,,,,,,,,,,,,,,,,,,,,,,,,,,,,,,,,,,,,,,,,,,,,,,,,,,,,,
rsg_object_detection,dropped_oldest,2680,rsg_20260806_174_304900000_002680,dropped,True,fifo_cached_frame,2679,268,0,2409,268,0,1,0.0,85.4462489951402,frame_fifo_full,,,,,,,,,,,,,,,,,,,,,,,,,,,,,,,,,,,,,,,,,,,,,,,,,,,,,,,,
rsg_object_detection,dropped_oldest,2681,rsg_20260806_174_354899999_002681,dropped,True,fifo_cached_frame,2680,268,0,2410,268,0,1,0.0,23.78463099739747,frame_fifo_full,,,,,,,,,,,,,,,,,,,,,,,,,,,,,,,,,,,,,,,,,,,,,,,,,,,,,,,,
rsg_object_detection,dropped_oldest,2682,rsg_20260806_174_404899999_002682,dropped,True,fifo_cached_frame,2681,268,0,2411,268,0,1,0.0,86.93233200028772,frame_fifo_full,,,,,,,,,,,,,,,,,,,,,,,,,,,,,,,,,,,,,,,,,,,,,,,,,,,,,,,,
rsg_object_detection,dropped_oldest,2683,rsg_20260806_174_454900000_002683,dropped,True,fifo_cached_frame,2682,268,0,2412,268,0,1,0.0,6.010700002661906,frame_fifo_full,,,,,,,,,,,,,,,,,,,,,,,,,,,,,,,,,,,,,,,,,,,,,,,,,,,,,,,,
rsg_object_detection,dropped_oldest,2684,rsg_20260806_174_504899999_002684,dropped,True,fifo_cached_frame,2683,268,0,2413,268,0,1,0.0,22.613478999119252,frame_fifo_full,,,,,,,,,,,,,,,,,,,,,,,,,,,,,,,,,,,,,,,,,,,,,,,,,,,,,,,,
rsg_object_detection,dropped_oldest,2685,rsg_20260806_174_554900000_002685,dropped,True,fifo_cached_frame,2684,268,0,2414,268,0,1,0.0,63.564932002918795,frame_fifo_full,,,,,,,,,,,,,,,,,,,,,,,,,,,,,,,,,,,,,,,,,,,,,,,,,,,,,,,,
rsg_object_detection,frame_trace,2674,rsg_20260806_173_854899999_002674,sent_to_hydra,,,,,,,,,,,754.6042719986872,ok,14.604942000005394,735.6134620058583,1.4346930038300343,0.14677800209028646,1.2879150017397478,0.0023999964469112456,3.079362999415025,0.22059900220483541,397.1143469971139,15.493673003220465,0.007199996616691351,412.8358189991559,159.79890099697514,40.8031690021744,16.844464982568752,72.56510899605928,28.702605006401427,92.81154899508692,5.579103002673946,6.842794027761556,0.4304129761294462,1.467203997890465,0.6489660008810461,0.005631001840811223,267.6056480049738,5.311559994879644,0.1442180000594817,46.58939900400583,0.04745500336866826,9.771185999852605,9.051888002431951,0.13634599599754438,0.5829520014231093,4.068859001563396,0.759009002649691,0.005887995939701796,2.9487749925465323,8,0,8,0,0,,,,,,,,,,,,,,
rsg_object_detection,dropped_oldest,2687,rsg_20260806_174_654899999_002687,dropped,True,fifo_cached_frame,2686,269,0,2415,269,0,1,0.0,67.38823200430488,frame_fifo_full,,,,,,,,,,,,,,,,,,,,,,,,,,,,,,,,,,,,,,,,,,,,,,,,,,,,,,,,
rsg_object_detection,dropped_oldest,2688,rsg_20260806_174_704900000_002688,dropped,True,fifo_cached_frame,2687,269,0,2416,269,0,1,0.0,19.42548100487329,frame_fifo_full,,,,,,,,,,,,,,,,,,,,,,,,,,,,,,,,,,,,,,,,,,,,,,,,,,,,,,,,
rsg_object_detection,dropped_oldest,2689,rsg_20260806_174_754899999_002689,dropped,True,fifo_cached_frame,2688,269,0,2417,269,0,1,0.0,64.11969399778172,frame_fifo_full,,,,,,,,,,,,,,,,,,,,,,,,,,,,,,,,,,,,,,,,,,,,,,,,,,,,,,,,
rsg_object_detection,dropped_oldest,2690,rsg_20260806_174_804900000_002690,dropped,True,fifo_cached_frame,2689,269,0,2418,269,0,1,0.0,92.03500500007067,frame_fifo_full,,,,,,,,,,,,,,,,,,,,,,,,,,,,,,,,,,,,,,,,,,,,,,,,,,,,,,,,
rsg_object_detection,dropped_oldest,2691,rsg_20260806_174_854899999_002691,dropped,True,fifo_cached_frame,2690,269,0,2419,269,0,1,0.0,5.809108006360475,frame_fifo_full,,,,,,,,,,,,,,,,,,,,,,,,,,,,,,,,,,,,,,,,,,,,,,,,,,,,,,,,
rsg_object_detection,dropped_oldest,2692,rsg_20260806_174_904899999_002692,dropped,True,fifo_cached_frame,2691,269,0,2420,269,0,1,0.0,39.64997000002768,frame_fifo_full,,,,,,,,,,,,,,,,,,,,,,,,,,,,,,,,,,,,,,,,,,,,,,,,,,,,,,,,
rsg_object_detection,dropped_oldest,2693,rsg_20260806_174_954900000_002693,dropped,True,fifo_cached_frame,2692,269,0,2421,269,0,1,0.0,47.169568002573214,frame_fifo_full,,,,,,,,,,,,,,,,,,,,,,,,,,,,,,,,,,,,,,,,,,,,,,,,,,,,,,,,
rsg_object_detection,dropped_oldest,2694,rsg_20260806_175_004899999_002694,dropped,True,fifo_cached_frame,2693,269,0,2422,269,0,1,0.0,51.178492001781706,frame_fifo_full,,,,,,,,,,,,,,,,,,,,,,,,,,,,,,,,,,,,,,,,,,,,,,,,,,,,,,,,
rsg_object_detection,dropped_oldest,2695,rsg_20260806_175_054900000_002695,dropped,True,fifo_cached_frame,2694,269,0,2423,269,0,1,0.0,80.88816700183088,frame_fifo_full,,,,,,,,,,,,,,,,,,,,,,,,,,,,,,,,,,,,,,,,,,,,,,,,,,,,,,,,
rsg_object_detection,dropped_oldest,2696,rsg_20260806_175_104899999_002696,dropped,True,fifo_cached_frame,2695,269,0,2424,269,0,1,0.0,92.32635900116293,frame_fifo_full,,,,,,,,,,,,,,,,,,,,,,,,,,,,,,,,,,,,,,,,,,,,,,,,,,,,,,,,
rsg_object_detection,dropped_oldest,2697,rsg_20260806_175_154899999_002697,dropped,True,fifo_cached_frame,2696,269,0,2425,269,0,1,0.0,44.579755995073356,frame_fifo_full,,,,,,,,,,,,,,,,,,,,,,,,,,,,,,,,,,,,,,,,,,,,,,,,,,,,,,,,
rsg_object_detection,dropped_oldest,2698,rsg_20260806_175_204900000_002698,dropped,True,fifo_cached_frame,2697,269,0,2426,269,0,1,0.0,28.972359003091697,frame_fifo_full,,,,,,,,,,,,,,,,,,,,,,,,,,,,,,,,,,,,,,,,,,,,,,,,,,,,,,,,
rsg_object_detection,dropped_oldest,2699,rsg_20260806_175_254899999_002699,dropped,True,fifo_cached_frame,2698,269,0,2427,269,0,1,0.0,103.42504300206201,frame_fifo_full,,,,,,,,,,,,,,,,,,,,,,,,,,,,,,,,,,,,,,,,,,,,,,,,,,,,,,,,
rsg_object_detection,dropped_oldest,2700,rsg_20260806_175_354899999_002700,dropped,True,fifo_cached_frame,2699,269,0,2428,270,0,1,0.0,48.73097900417633,frame_fifo_full,,,,,,,,,,,,,,,,,,,,,,,,,,,,,,,,,,,,,,,,,,,,,,,,,,,,,,,,
rsg_object_detection,frame_trace,2686,rsg_20260806_174_604899999_002686,sent_to_hydra,,,,,,,,,,,797.2147649998078,ok,14.210077999450732,732.4553849975928,46.14151299756486,0.1394179998897016,46.00209499767516,0.0038399957702495158,5.588380998233333,0.1969520017155446,406.0994989995379,19.52637400245294,0.005567002517636865,425.828392006224,143.670640012715,30.99009997822577,3.3366969946655445,100.37019200535724,8.437064992904197,86.36445699812612,4.673506999097299,0.9991910119424574,0.391951973142568,1.602333999471739,0.5041080003138632,0.006110996764618903,238.23463600274408,3.099649999057874,0.17692099936539307,59.47527799435193,0.052126997616142035,9.368708000693005,5.366470002627466,0.13087499974062666,3.871362998324912,4.0632899981574155,0.7717769985902123,0.00630300201009959,4.403949009429198,8,0,8,0,0,,,,,,,,,,,,,,
rsg_object_detection,dropped_oldest,2702,rsg_20260806_175_454900000_002702,dropped,True,fifo_cached_frame,2701,270,0,2429,270,0,1,0.0,35.607448997325264,frame_fifo_full,,,,,,,,,,,,,,,,,,,,,,,,,,,,,,,,,,,,,,,,,,,,,,,,,,,,,,,,
rsg_object_detection,dropped_oldest,2703,rsg_20260806_175_504899999_002703,dropped,True,fifo_cached_frame,2702,270,0,2430,270,0,1,0.0,49.932977999560535,frame_fifo_full,,,,,,,,,,,,,,,,,,,,,,,,,,,,,,,,,,,,,,,,,,,,,,,,,,,,,,,,
rsg_object_detection,dropped_oldest,2704,rsg_20260806_175_554900000_002704,dropped,True,fifo_cached_frame,2703,270,0,2431,270,0,1,0.0,50.618326997209806,frame_fifo_full,,,,,,,,,,,,,,,,,,,,,,,,,,,,,,,,,,,,,,,,,,,,,,,,,,,,,,,,
rsg_object_detection,dropped_oldest,2705,rsg_20260806_175_604899999_002705,dropped,True,fifo_cached_frame,2704,270,0,2432,270,0,1,0.0,43.95517300145002,frame_fifo_full,,,,,,,,,,,,,,,,,,,,,,,,,,,,,,,,,,,,,,,,,,,,,,,,,,,,,,,,
rsg_object_detection,dropped_oldest,2706,rsg_20260806_175_654899999_002706,dropped,True,fifo_cached_frame,2705,270,0,2433,270,0,1,0.0,96.8620470011956,frame_fifo_full,,,,,,,,,,,,,,,,,,,,,,,,,,,,,,,,,,,,,,,,,,,,,,,,,,,,,,,,
rsg_object_detection,dropped_oldest,2707,rsg_20260806_175_754899999_002707,dropped,True,fifo_cached_frame,2706,270,0,2434,270,0,1,0.0,51.38639099459397,frame_fifo_full,,,,,,,,,,,,,,,,,,,,,,,,,,,,,,,,,,,,,,,,,,,,,,,,,,,,,,,,
rsg_object_detection,dropped_oldest,2708,rsg_20260806_175_804900000_002708,dropped,True,fifo_cached_frame,2707,270,0,2435,270,0,1,0.0,48.92572300013853,frame_fifo_full,,,,,,,,,,,,,,,,,,,,,,,,,,,,,,,,,,,,,,,,,,,,,,,,,,,,,,,,
rsg_object_detection,dropped_oldest,2709,rsg_20260806_175_854899999_002709,dropped,True,fifo_cached_frame,2708,270,0,2436,270,0,1,0.0,58.58129799889866,frame_fifo_full,,,,,,,,,,,,,,,,,,,,,,,,,,,,,,,,,,,,,,,,,,,,,,,,,,,,,,,,
rsg_object_detection,dropped_oldest,2710,rsg_20260806_175_904899999_002710,dropped,True,fifo_cached_frame,2709,270,0,2437,270,0,1,0.0,39.92116100562271,frame_fifo_full,,,,,,,,,,,,,,,,,,,,,,,,,,,,,,,,,,,,,,,,,,,,,,,,,,,,,,,,
rsg_object_detection,dropped_oldest,2711,rsg_20260806_175_954900000_002711,dropped,True,fifo_cached_frame,2710,270,0,2438,270,0,1,0.0,78.7259520002408,frame_fifo_full,,,,,,,,,,,,,,,,,,,,,,,,,,,,,,,,,,,,,,,,,,,,,,,,,,,,,,,,
rsg_object_detection,dropped_oldest,2712,rsg_20260806_176_004899999_002712,dropped,True,fifo_cached_frame,2711,270,0,2439,270,0,1,0.0,104.73056399496272,frame_fifo_full,,,,,,,,,,,,,,,,,,,,,,,,,,,,,,,,,,,,,,,,,,,,,,,,,,,,,,,,
rsg_object_detection,frame_trace,2701,rsg_20260806_175_404899999_002701,sent_to_hydra,,,,,,,,,,,694.0421299950685,ok,13.78743999521248,668.849968998984,7.538189995102584,0.13385099737206474,7.40433899773052,0.0032320022000931203,1.541473000543192,0.1791929971659556,365.030057997501,20.19754699722398,0.008064009307418019,385.41486200119834,109.62130698317196,31.453088005946483,11.266742025327403,41.80057199118892,24.237350007751957,103.6126199978753,3.995325016148854,1.286091996007599,0.3578710093279369,1.8699400025070645,0.507851000293158,0.009534996934235096,221.2832930017612,3.3647599993855692,0.1867440005298704,57.00882300152443,0.05001399404136464,8.49184700200567,7.818145997589454,0.11929099855478853,0.5544100058614276,4.425388993695378,0.8637409991933964,0.006463000318035483,3.8632990035694093,8,0,8,0,0,,,,,,,,,,,,,,
rsg_object_detection,dropped_oldest,2714,rsg_20260806_176_154899999_002714,dropped,True,fifo_cached_frame,2713,271,0,2440,271,0,1,0.0,12.579041998833418,frame_fifo_full,,,,,,,,,,,,,,,,,,,,,,,,,,,,,,,,,,,,,,,,,,,,,,,,,,,,,,,,
rsg_object_detection,dropped_oldest,2715,rsg_20260806_176_204900000_002715,dropped,True,fifo_cached_frame,2714,271,0,2441,271,0,1,0.0,47.90010400029132,frame_fifo_full,,,,,,,,,,,,,,,,,,,,,,,,,,,,,,,,,,,,,,,,,,,,,,,,,,,,,,,,
rsg_object_detection,dropped_oldest,2716,rsg_20260806_176_254899999_002716,dropped,True,fifo_cached_frame,2715,271,0,2442,271,0,1,0.0,48.764100996777415,frame_fifo_full,,,,,,,,,,,,,,,,,,,,,,,,,,,,,,,,,,,,,,,,,,,,,,,,,,,,,,,,
rsg_object_detection,dropped_oldest,2717,rsg_20260806_176_304900000_002717,dropped,True,fifo_cached_frame,2716,271,0,2443,271,0,1,0.0,54.15524199634092,frame_fifo_full,,,,,,,,,,,,,,,,,,,,,,,,,,,,,,,,,,,,,,,,,,,,,,,,,,,,,,,,
rsg_object_detection,dropped_oldest,2718,rsg_20260806_176_354899999_002718,dropped,True,fifo_cached_frame,2717,271,0,2444,271,0,1,0.0,47.62625900184503,frame_fifo_full,,,,,,,,,,,,,,,,,,,,,,,,,,,,,,,,,,,,,,,,,,,,,,,,,,,,,,,,
rsg_object_detection,dropped_oldest,2719,rsg_20260806_176_404899999_002719,dropped,True,fifo_cached_frame,2718,271,0,2445,271,0,1,0.0,48.783940001158044,frame_fifo_full,,,,,,,,,,,,,,,,,,,,,,,,,,,,,,,,,,,,,,,,,,,,,,,,,,,,,,,,
rsg_object_detection,dropped_oldest,2720,rsg_20260806_176_454900000_002720,dropped,True,fifo_cached_frame,2719,271,0,2446,271,0,1,0.0,52.270999003667384,frame_fifo_full,,,,,,,,,,,,,,,,,,,,,,,,,,,,,,,,,,,,,,,,,,,,,,,,,,,,,,,,
rsg_object_detection,dropped_oldest,2721,rsg_20260806_176_504899999_002721,dropped,True,fifo_cached_frame,2720,271,0,2447,271,0,1,0.0,52.718083999934606,frame_fifo_full,,,,,,,,,,,,,,,,,,,,,,,,,,,,,,,,,,,,,,,,,,,,,,,,,,,,,,,,
rsg_object_detection,dropped_oldest,2722,rsg_20260806_176_554900000_002722,dropped,True,fifo_cached_frame,2721,271,0,2448,271,0,1,0.0,160.68387900304515,frame_fifo_full,,,,,,,,,,,,,,,,,,,,,,,,,,,,,,,,,,,,,,,,,,,,,,,,,,,,,,,,
rsg_object_detection,frame_trace,2713,rsg_20260806_176_104899999_002713,sent_to_hydra,,,,,,,,,,,664.8731780005619,ok,13.454846004606225,595.0874339978327,53.68175699550193,0.11887499567819759,53.56288199982373,0.002496002707630396,6.563476999872364,0.2305509988218546,319.43234900245443,17.22749199689133,0.0078079974628053606,336.8981999956304,108.00320198904956,42.48157300025923,5.961836002825294,34.81836200808175,23.723772013909183,90.18571599881398,3.2098220035550185,0.6187259859871119,0.326419023622293,1.290443993639201,0.7436170053551905,0.0048959991545416415,204.40069699543528,5.728600001020823,0.12821799464290962,41.3168519953615,0.051390015869401395,6.1940209998283535,5.495712997799274,0.14745000225957483,0.5508579997695051,6.459352996898815,0.7968959980644286,0.004576009814627469,2.6466449999134056,8,0,7,0,0,,,,,,,,,,,,,,
rsg_object_detection,dropped_oldest,2724,rsg_20260806_176_804900000_002724,dropped,True,fifo_cached_frame,2723,272,0,2449,272,0,1,0.0,19.559845997719094,frame_fifo_full,,,,,,,,,,,,,,,,,,,,,,,,,,,,,,,,,,,,,,,,,,,,,,,,,,,,,,,,
rsg_object_detection,dropped_oldest,2725,rsg_20260806_176_854899999_002725,dropped,True,fifo_cached_frame,2724,272,0,2450,272,0,1,0.0,50.424417000613175,frame_fifo_full,,,,,,,,,,,,,,,,,,,,,,,,,,,,,,,,,,,,,,,,,,,,,,,,,,,,,,,,
rsg_object_detection,dropped_oldest,2726,rsg_20260806_176_904899999_002726,dropped,True,fifo_cached_frame,2725,272,0,2451,272,0,1,0.0,103.37113299465273,frame_fifo_full,,,,,,,,,,,,,,,,,,,,,,,,,,,,,,,,,,,,,,,,,,,,,,,,,,,,,,,,
rsg_object_detection,dropped_oldest,2727,rsg_20260806_177_004899999_002727,dropped,True,fifo_cached_frame,2726,272,0,2452,272,0,1,0.0,96.46181600692216,frame_fifo_full,,,,,,,,,,,,,,,,,,,,,,,,,,,,,,,,,,,,,,,,,,,,,,,,,,,,,,,,
rsg_object_detection,dropped_oldest,2728,rsg_20260806_177_104899999_002728,dropped,True,fifo_cached_frame,2727,272,0,2453,272,0,1,0.0,59.44210400048178,frame_fifo_full,,,,,,,,,,,,,,,,,,,,,,,,,,,,,,,,,,,,,,,,,,,,,,,,,,,,,,,,
rsg_object_detection,dropped_oldest,2729,rsg_20260806_177_154899999_002729,dropped,True,fifo_cached_frame,2728,272,0,2454,272,0,1,0.0,111.08817099739099,frame_fifo_full,,,,,,,,,,,,,,,,,,,,,,,,,,,,,,,,,,,,,,,,,,,,,,,,,,,,,,,,
rsg_object_detection,dropped_oldest,2730,rsg_20260806_177_254899999_002730,dropped,True,fifo_cached_frame,2729,272,0,2455,272,0,1,0.0,83.8090520046535,frame_fifo_full,,,,,,,,,,,,,,,,,,,,,,,,,,,,,,,,,,,,,,,,,,,,,,,,,,,,,,,,
rsg_object_detection,dropped_oldest,2731,rsg_20260806_177_354899999_002731,dropped,True,fifo_cached_frame,2730,272,0,2456,272,0,1,0.0,92.92247499979567,frame_fifo_full,,,,,,,,,,,,,,,,,,,,,,,,,,,,,,,,,,,,,,,,,,,,,,,,,,,,,,,,
rsg_object_detection,dropped_oldest,2732,rsg_20260806_177_404899999_002732,dropped,True,fifo_cached_frame,2731,272,0,2457,272,0,1,0.0,4.450860003998969,frame_fifo_full,,,,,,,,,,,,,,,,,,,,,,,,,,,,,,,,,,,,,,,,,,,,,,,,,,,,,,,,
rsg_object_detection,dropped_oldest,2733,rsg_20260806_177_454900000_002733,dropped,True,fifo_cached_frame,2732,272,0,2458,273,0,1,0.0,121.56509100168478,frame_fifo_full,,,,,,,,,,,,,,,,,,,,,,,,,,,,,,,,,,,,,,,,,,,,,,,,,,,,,,,,
rsg_object_detection,frame_trace,2723,rsg_20260806_176_704900000_002723,sent_to_hydra,,,,,,,,,,,824.0250550006749,ok,11.452879996795673,697.1078049973585,111.48731499997666,0.13135400513419881,111.35596099484246,0.0036799974623136222,6.347325994283892,0.20863200188614428,362.95123099989723,24.77592500508763,0.007262999133672565,387.9430510060047,124.90018700918881,40.09805600071559,7.52312099939445,51.654482012963854,24.72533399122767,118.53906899341382,3.1418559956364334,0.898235994100105,0.3235400072298944,1.1931030021514744,0.6671090013696812,0.005695997970178723,249.71522700070636,5.283113998302724,0.12655500177061185,47.6415890007047,0.050942995585501194,6.462810000812169,5.744375004724134,0.10949999705189839,0.608934999036137,4.335311998147517,0.6492219981737435,0.00553599966224283,3.973375009081792,8,0,6,0,0,,,,,,,,,,,,,,
rsg_object_detection,dropped_oldest,2735,rsg_20260806_177_604899999_002735,dropped,True,fifo_cached_frame,2734,273,0,2459,273,0,1,0.0,50.719641003524885,frame_fifo_full,,,,,,,,,,,,,,,,,,,,,,,,,,,,,,,,,,,,,,,,,,,,,,,,,,,,,,,,
rsg_object_detection,dropped_oldest,2736,rsg_20260806_177_654899999_002736,dropped,True,fifo_cached_frame,2735,273,0,2460,273,0,1,0.0,48.83347699797014,frame_fifo_full,,,,,,,,,,,,,,,,,,,,,,,,,,,,,,,,,,,,,,,,,,,,,,,,,,,,,,,,
rsg_object_detection,dropped_oldest,2737,rsg_20260806_177_704900000_002737,dropped,True,fifo_cached_frame,2736,273,0,2461,273,0,1,0.0,52.99039700184949,frame_fifo_full,,,,,,,,,,,,,,,,,,,,,,,,,,,,,,,,,,,,,,,,,,,,,,,,,,,,,,,,
rsg_object_detection,dropped_oldest,2738,rsg_20260806_177_754899999_002738,dropped,True,fifo_cached_frame,2737,273,0,2462,273,0,1,0.0,99.65977100364398,frame_fifo_full,,,,,,,,,,,,,,,,,,,,,,,,,,,,,,,,,,,,,,,,,,,,,,,,,,,,,,,,
rsg_object_detection,dropped_oldest,2739,rsg_20260806_177_854899999_002739,dropped,True,fifo_cached_frame,2738,273,0,2463,273,0,1,0.0,52.71146399900317,frame_fifo_full,,,,,,,,,,,,,,,,,,,,,,,,,,,,,,,,,,,,,,,,,,,,,,,,,,,,,,,,
rsg_object_detection,dropped_oldest,2740,rsg_20260806_177_904899999_002740,dropped,True,fifo_cached_frame,2739,273,0,2464,273,0,1,0.0,49.10287399980007,frame_fifo_full,,,,,,,,,,,,,,,,,,,,,,,,,,,,,,,,,,,,,,,,,,,,,,,,,,,,,,,,
rsg_object_detection,dropped_oldest,2741,rsg_20260806_177_954900000_002741,dropped,True,fifo_cached_frame,2740,273,0,2465,273,0,1,0.0,76.83080699644051,frame_fifo_full,,,,,,,,,,,,,,,,,,,,,,,,,,,,,,,,,,,,,,,,,,,,,,,,,,,,,,,,
rsg_object_detection,dropped_oldest,2742,rsg_20260806_178_004899999_002742,dropped,True,fifo_cached_frame,2741,273,0,2466,273,0,1,0.0,79.7138299967628,frame_fifo_full,,,,,,,,,,,,,,,,,,,,,,,,,,,,,,,,,,,,,,,,,,,,,,,,,,,,,,,,
rsg_object_detection,dropped_oldest,2743,rsg_20260806_178_104899999_002743,dropped,True,fifo_cached_frame,2742,273,0,2467,273,0,1,0.0,40.76516700297361,frame_fifo_full,,,,,,,,,,,,,,,,,,,,,,,,,,,,,,,,,,,,,,,,,,,,,,,,,,,,,,,,
rsg_object_detection,dropped_oldest,2744,rsg_20260806_178_154899999_002744,dropped,True,fifo_cached_frame,2743,273,0,2468,273,0,1,0.0,67.35548399592517,frame_fifo_full,,,,,,,,,,,,,,,,,,,,,,,,,,,,,,,,,,,,,,,,,,,,,,,,,,,,,,,,
rsg_object_detection,dropped_oldest,2745,rsg_20260806_178_204900000_002745,dropped,True,fifo_cached_frame,2744,273,0,2469,274,0,1,0.0,46.99774699838599,frame_fifo_full,,,,,,,,,,,,,,,,,,,,,,,,,,,,,,,,,,,,,,,,,,,,,,,,,,,,,,,,
rsg_object_detection,frame_trace,2734,rsg_20260806_177_554900000_002734,sent_to_hydra,,,,,,,,,,,654.9626900014118,ok,13.329252004041336,630.3237510001054,7.426994998240843,0.1443779983674176,7.282616999873426,0.0036479978007264435,2.3628159979125485,0.2271269986522384,367.16458000591956,22.86317000107374,0.007614995411131531,390.26249200105667,74.1677790065296,29.929955991974566,4.935320008371491,25.167234998662025,13.326340005733073,92.47005100041861,3.3655599982012063,2.569880998635199,0.36808000004384667,1.3784080001641996,0.46193400339689106,0.006016001862008125,174.8062350015971,6.904936999490019,0.15727300342405215,55.78382399835391,0.046173998271115124,8.956084995588753,8.246258999861311,0.09868400229606777,0.6111419934313744,3.739849002158735,0.6284219998633489,0.004896006430499256,3.8790440012235194,8,0,7,0,0,,,,,,,,,,,,,,
rsg_object_detection,dropped_oldest,2747,rsg_20260806_178_354899999_002747,dropped,True,fifo_cached_frame,2746,274,0,2470,274,0,1,0.0,58.90699400333688,frame_fifo_full,,,,,,,,,,,,,,,,,,,,,,,,,,,,,,,,,,,,,,,,,,,,,,,,,,,,,,,,
rsg_object_detection,dropped_oldest,2748,rsg_20260806_178_404899999_002748,dropped,True,fifo_cached_frame,2747,274,0,2471,274,0,1,0.0,96.74757500033593,frame_fifo_full,,,,,,,,,,,,,,,,,,,,,,,,,,,,,,,,,,,,,,,,,,,,,,,,,,,,,,,,
rsg_object_detection,dropped_oldest,2749,rsg_20260806_178_504899999_002749,dropped,True,fifo_cached_frame,2748,274,0,2472,274,0,1,0.0,50.952274999872316,frame_fifo_full,,,,,,,,,,,,,,,,,,,,,,,,,,,,,,,,,,,,,,,,,,,,,,,,,,,,,,,,
rsg_object_detection,dropped_oldest,2750,rsg_20260806_178_554900000_002750,dropped,True,fifo_cached_frame,2749,274,0,2473,274,0,1,0.0,67.38997799402568,frame_fifo_full,,,,,,,,,,,,,,,,,,,,,,,,,,,,,,,,,,,,,,,,,,,,,,,,,,,,,,,,
rsg_object_detection,dropped_oldest,2751,rsg_20260806_178_604899999_002751,dropped,True,fifo_cached_frame,2750,274,0,2474,274,0,1,0.0,68.14687599398894,frame_fifo_full,,,,,,,,,,,,,,,,,,,,,,,,,,,,,,,,,,,,,,,,,,,,,,,,,,,,,,,,
rsg_object_detection,dropped_oldest,2752,rsg_20260806_178_654899999_002752,dropped,True,fifo_cached_frame,2751,274,0,2475,274,0,1,0.0,29.052745005174074,frame_fifo_full,,,,,,,,,,,,,,,,,,,,,,,,,,,,,,,,,,,,,,,,,,,,,,,,,,,,,,,,
rsg_object_detection,dropped_oldest,2753,rsg_20260806_178_704900000_002753,dropped,True,fifo_cached_frame,2752,274,0,2476,274,0,1,0.0,101.57416299625766,frame_fifo_full,,,,,,,,,,,,,,,,,,,,,,,,,,,,,,,,,,,,,,,,,,,,,,,,,,,,,,,,
rsg_object_detection,frame_trace,2746,rsg_20260806_178_254899999_002746,sent_to_hydra,,,,,,,,,,,566.1493229999905,ok,13.391649998084176,543.1671170008485,5.577757998253219,0.16024999786168337,5.4175080003915355,0.004798996087629348,1.961520996701438,0.1776570061338134,285.1944159992854,14.269758001319133,0.0054399934015236795,299.6472710001399,71.55499301006785,22.438485000748187,11.142270006530453,25.24134801205946,11.97919600235764,98.60042799846269,4.003355992608704,1.1828010028693825,0.3547709929989651,1.4093509962549433,0.39403200207743794,0.005503003194462508,177.52232299972093,3.1672000040998682,0.15314600022975355,60.669545993732754,0.04611000622389838,8.952021998993587,8.253682004578877,0.1051479994202964,0.5931919949944131,3.741225002158899,0.6927080030436628,0.005694993888027966,4.007999006717,8,0,8,0,0,,,,,,,,,,,,,,
rsg_object_detection,dropped_oldest,2754,rsg_20260806_178_804900000_002754,dropped,True,fifo_cached_frame,2753,274,0,2477,275,0,1,0.0,56.697514999541454,frame_fifo_full,,,,,,,,,,,,,,,,,,,,,,,,,,,,,,,,,,,,,,,,,,,,,,,,,,,,,,,,
rsg_object_detection,dropped_oldest,2756,rsg_20260806_178_904899999_002756,dropped,True,fifo_cached_frame,2755,275,0,2478,275,0,1,0.0,42.311152996262535,frame_fifo_full,,,,,,,,,,,,,,,,,,,,,,,,,,,,,,,,,,,,,,,,,,,,,,,,,,,,,,,,
rsg_object_detection,dropped_oldest,2757,rsg_20260806_178_954900000_002757,dropped,True,fifo_cached_frame,2756,275,0,2479,275,0,1,0.0,158.49314400111325,frame_fifo_full,,,,,,,,,,,,,,,,,,,,,,,,,,,,,,,,,,,,,,,,,,,,,,,,,,,,,,,,
rsg_object_detection,dropped_oldest,2758,rsg_20260806_179_104899999_002758,dropped,True,fifo_cached_frame,2757,275,0,2480,275,0,1,0.0,43.409862999396864,frame_fifo_full,,,,,,,,,,,,,,,,,,,,,,,,,,,,,,,,,,,,,,,,,,,,,,,,,,,,,,,,
rsg_object_detection,dropped_oldest,2759,rsg_20260806_179_154899999_002759,dropped,True,fifo_cached_frame,2758,275,0,2481,275,0,1,0.0,49.162334005814046,frame_fifo_full,,,,,,,,,,,,,,,,,,,,,,,,,,,,,,,,,,,,,,,,,,,,,,,,,,,,,,,,
rsg_object_detection,dropped_oldest,2760,rsg_20260806_179_204900000_002760,dropped,True,fifo_cached_frame,2759,275,0,2482,275,0,1,0.0,61.65632600459503,frame_fifo_full,,,,,,,,,,,,,,,,,,,,,,,,,,,,,,,,,,,,,,,,,,,,,,,,,,,,,,,,
rsg_object_detection,dropped_oldest,2761,rsg_20260806_179_254899999_002761,dropped,True,fifo_cached_frame,2760,275,0,2483,275,0,1,0.0,41.20531200169353,frame_fifo_full,,,,,,,,,,,,,,,,,,,,,,,,,,,,,,,,,,,,,,,,,,,,,,,,,,,,,,,,
rsg_object_detection,dropped_oldest,2762,rsg_20260806_179_304900000_002762,dropped,True,fifo_cached_frame,2761,275,0,2484,275,0,1,0.0,69.84751599520678,frame_fifo_full,,,,,,,,,,,,,,,,,,,,,,,,,,,,,,,,,,,,,,,,,,,,,,,,,,,,,,,,
rsg_object_detection,dropped_oldest,2763,rsg_20260806_179_354899999_002763,dropped,True,fifo_cached_frame,2762,275,0,2485,275,0,1,0.0,29.146663000574335,frame_fifo_full,,,,,,,,,,,,,,,,,,,,,,,,,,,,,,,,,,,,,,,,,,,,,,,,,,,,,,,,
rsg_object_detection,,590,rsg_20260806_43_354880000_000590,vlm_done,,,,,,,,,,,,ok,,,,,,,,,,,,,,,,,,,,,,,,,,,,,,,,,,,,,,,,,,,rsg_obj_000071,rsg_unknown_rsg_20260806_43_354880000_000590_007_nanosam_000,,,1,0.4528534611682581,ceiling_light,0.98,static,0.99,6165.056244994048,129759.03915600065,qwen_http,Qwen3-VL-8B-Instruct-GGUF
rsg_object_detection,completed,590,rsg_20260806_43_354880000_000590,,,,,,,,,,,123593.98127900204,,vlm_done,,,,,,,,,,,,,,,,,,,,,,,,,,,,,,,,,,,,,,,,,,,rsg_obj_000071,rsg_unknown_rsg_20260806_43_354880000_000590_007_nanosam_000,107,300,1,0.4528534611682581,,,,,,,,
rsg_object_detection,dropped_oldest,2764,rsg_20260806_179_404899999_002764,dropped,True,fifo_cached_frame,2763,275,0,2486,275,0,1,0.0,104.6259509967058,frame_fifo_full,,,,,,,,,,,,,,,,,,,,,,,,,,,,,,,,,,,,,,,,,,,,,,,,,,,,,,,,
rsg_object_detection,dropped_oldest,2765,rsg_20260806_179_454900000_002765,dropped,True,fifo_cached_frame,2764,275,0,2487,275,0,1,0.0,9.80021199939074,frame_fifo_full,,,,,,,,,,,,,,,,,,,,,,,,,,,,,,,,,,,,,,,,,,,,,,,,,,,,,,,,
rsg_object_detection,dropped_oldest,2766,rsg_20260806_179_504899999_002766,dropped,True,fifo_cached_frame,2765,275,0,2488,276,0,1,0.0,52.84845699497964,frame_fifo_full,,,,,,,,,,,,,,,,,,,,,,,,,,,,,,,,,,,,,,,,,,,,,,,,,,,,,,,,
rsg_object_detection,frame_trace,2755,rsg_20260806_178_854899999_002755,sent_to_hydra,,,,,,,,,,,651.6143769986229,ok,15.59047499904409,630.5960579993553,1.6844439960550517,0.19304799934616312,1.4913959967088886,0.0029120055842213333,2.084364001348149,0.25022999761858955,291.4380419970257,22.824262996437028,0.007231006748043001,314.5197659978294,116.86107300192816,21.950761016341858,10.131141993042547,49.03392299456755,34.766819000651594,103.77936099393992,4.2837629953282885,3.2489249933860265,0.42849401506828144,1.3508889969671145,0.652517999697011,0.005152003723196685,230.627070995979,16.311277002387214,0.1420740009052679,66.86632399942027,0.04518200148595497,11.27128900407115,10.650449999957345,0.1011159984045662,0.5197230057092384,3.3934629973373376,0.9209229974658228,0.004800000169780105,3.7404879985842854,8,0,8,0,0,,,,,,,,,,,,,,
rsg_object_detection,dequeued,648,rsg_20260806_47_104880000_000648,,,,,,,,,,,126577.8904369945,,fifo_order,,,,,,,,,,,,,,,,,,,,,,,,,,,,,,,,,,,,,,,,,,,rsg_obj_000080,rsg_unknown_rsg_20260806_47_104880000_000648_004_nanosam_003,106,300,1,0.5547093523884861,,,,,,,,
rsg_object_detection,dropped_oldest,2768,rsg_20260806_179_654899999_002768,dropped,True,fifo_cached_frame,2767,276,0,2489,276,0,1,0.0,48.831915999471676,frame_fifo_full,,,,,,,,,,,,,,,,,,,,,,,,,,,,,,,,,,,,,,,,,,,,,,,,,,,,,,,,
rsg_object_detection,dropped_oldest,2769,rsg_20260806_179_704900000_002769,dropped,True,fifo_cached_frame,2768,276,0,2490,276,0,1,0.0,49.32744800316868,frame_fifo_full,,,,,,,,,,,,,,,,,,,,,,,,,,,,,,,,,,,,,,,,,,,,,,,,,,,,,,,,
rsg_object_detection,dropped_oldest,2770,rsg_20260806_179_754899999_002770,dropped,True,fifo_cached_frame,2769,276,0,2491,276,0,1,0.0,59.73560400161659,frame_fifo_full,,,,,,,,,,,,,,,,,,,,,,,,,,,,,,,,,,,,,,,,,,,,,,,,,,,,,,,,
rsg_object_detection,dropped_oldest,2771,rsg_20260806_179_804900000_002771,dropped,True,fifo_cached_frame,2770,276,0,2492,276,0,1,0.0,166.17508099443512,frame_fifo_full,,,,,,,,,,,,,,,,,,,,,,,,,,,,,,,,,,,,,,,,,,,,,,,,,,,,,,,,
rsg_object_detection,dropped_oldest,2772,rsg_20260806_179_954900000_002772,dropped,True,fifo_cached_frame,2771,276,0,2493,276,0,1,0.0,40.38140900229337,frame_fifo_full,,,,,,,,,,,,,,,,,,,,,,,,,,,,,,,,,,,,,,,,,,,,,,,,,,,,,,,,
rsg_object_detection,dropped_oldest,2773,rsg_20260806_180_004899999_002773,dropped,True,fifo_cached_frame,2772,276,0,2494,276,0,1,0.0,100.9223280052538,frame_fifo_full,,,,,,,,,,,,,,,,,,,,,,,,,,,,,,,,,,,,,,,,,,,,,,,,,,,,,,,,
rsg_object_detection,dropped_oldest,2774,rsg_20260806_180_104899999_002774,dropped,True,fifo_cached_frame,2773,276,0,2495,276,0,1,0.0,36.62006000377005,frame_fifo_full,,,,,,,,,,,,,,,,,,,,,,,,,,,,,,,,,,,,,,,,,,,,,,,,,,,,,,,,
rsg_object_detection,dropped_oldest,2775,rsg_20260806_180_154899999_002775,dropped,True,fifo_cached_frame,2774,276,0,2496,276,0,1,0.0,71.10359799844446,frame_fifo_full,,,,,,,,,,,,,,,,,,,,,,,,,,,,,,,,,,,,,,,,,,,,,,,,,,,,,,,,
rsg_object_detection,frame_trace,2767,rsg_20260806_179_554900000_002767,sent_to_hydra,,,,,,,,,,,662.6208039961057,ok,12.277904999791645,640.0132679991657,6.783181997889187,0.1332419997197576,6.64993999816943,0.005312002031132579,1.2493579997681081,0.19826400239253417,325.4709519969765,19.59463200182654,0.0062399994931183755,345.2700880006887,107.39252600615146,20.495075994404033,8.0534349908703,47.3593670030823,30.705351004144177,115.12671699892962,7.835170996258967,1.5226269897539169,0.36837100196862593,1.2790199980372563,0.40641600207891315,0.005440000677481294,233.9545270006056,3.0740840011276305,0.14946600276743993,56.27053100033663,0.045213993871584535,8.000060995982494,7.3675750027177855,0.0941399994189851,0.5383459938457236,3.640492999693379,0.6322629997157492,0.005088004400022328,3.5411369972280227,8,0,7,0,0,,,,,,,,,,,,,,
rsg_object_detection,dropped_oldest,2777,rsg_20260806_180_354899999_002777,dropped,True,fifo_cached_frame,2776,277,0,2497,277,0,1,0.0,52.77595300140092,frame_fifo_full,,,,,,,,,,,,,,,,,,,,,,,,,,,,,,,,,,,,,,,,,,,,,,,,,,,,,,,,
rsg_object_detection,dropped_oldest,2778,rsg_20260806_180_404899999_002778,dropped,True,fifo_cached_frame,2777,277,0,2498,277,0,1,0.0,50.520491000497714,frame_fifo_full,,,,,,,,,,,,,,,,,,,,,,,,,,,,,,,,,,,,,,,,,,,,,,,,,,,,,,,,
rsg_object_detection,dropped_oldest,2779,rsg_20260806_180_454900000_002779,dropped,True,fifo_cached_frame,2778,277,0,2499,277,0,1,0.0,50.51693900168175,frame_fifo_full,,,,,,,,,,,,,,,,,,,,,,,,,,,,,,,,,,,,,,,,,,,,,,,,,,,,,,,,
rsg_object_detection,dropped_oldest,2780,rsg_20260806_180_504899999_002780,dropped,True,fifo_cached_frame,2779,277,0,2500,277,0,1,0.0,100.6026320028468,frame_fifo_full,,,,,,,,,,,,,,,,,,,,,,,,,,,,,,,,,,,,,,,,,,,,,,,,,,,,,,,,
rsg_object_detection,dropped_oldest,2781,rsg_20260806_180_604899999_002781,dropped,True,fifo_cached_frame,2780,277,0,2501,277,0,1,0.0,77.39947200025199,frame_fifo_full,,,,,,,,,,,,,,,,,,,,,,,,,,,,,,,,,,,,,,,,,,,,,,,,,,,,,,,,
rsg_object_detection,dropped_oldest,2782,rsg_20260806_180_654899999_002782,dropped,True,fifo_cached_frame,2781,277,0,2502,277,0,1,0.0,436.00284100102726,frame_fifo_full,,,,,,,,,,,,,,,,,,,,,,,,,,,,,,,,,,,,,,,,,,,,,,,,,,,,,,,,
rsg_object_detection,dropped_oldest,2783,rsg_20260806_180_754899999_002783,dropped,True,fifo_cached_frame,2782,277,0,2503,277,0,1,0.0,18.547157000284642,frame_fifo_full,,,,,,,,,,,,,,,,,,,,,,,,,,,,,,,,,,,,,,,,,,,,,,,,,,,,,,,,
rsg_object_detection,dropped_oldest,2784,rsg_20260806_180_804900000_002784,dropped,True,fifo_cached_frame,2783,277,0,2504,277,0,1,0.0,3.0338610013131984,frame_fifo_full,,,,,,,,,,,,,,,,,,,,,,,,,,,,,,,,,,,,,,,,,,,,,,,,,,,,,,,,
rsg_object_detection,dropped_oldest,2785,rsg_20260806_180_904899999_002785,dropped,True,fifo_cached_frame,2784,277,0,2505,277,0,1,0.0,2.866668000933714,frame_fifo_full,,,,,,,,,,,,,,,,,,,,,,,,,,,,,,,,,,,,,,,,,,,,,,,,,,,,,,,,
rsg_object_detection,dropped_oldest,2786,rsg_20260806_180_954900000_002786,dropped,True,fifo_cached_frame,2785,277,0,2506,277,0,1,0.0,2.6400850038044155,frame_fifo_full,,,,,,,,,,,,,,,,,,,,,,,,,,,,,,,,,,,,,,,,,,,,,,,,,,,,,,,,
rsg_object_detection,dropped_oldest,2787,rsg_20260806_181_004899999_002787,dropped,True,fifo_cached_frame,2786,277,0,2507,277,0,1,0.0,2.662004997546319,frame_fifo_full,,,,,,,,,,,,,,,,,,,,,,,,,,,,,,,,,,,,,,,,,,,,,,,,,,,,,,,,
rsg_object_detection,dropped_oldest,2788,rsg_20260806_181_104899999_002788,dropped,True,fifo_cached_frame,2787,277,0,2508,277,0,1,0.0,88.5493640016648,frame_fifo_full,,,,,,,,,,,,,,,,,,,,,,,,,,,,,,,,,,,,,,,,,,,,,,,,,,,,,,,,
rsg_object_detection,frame_trace,2776,rsg_20260806_180_204900000_002776,sent_to_hydra,,,,,,,,,,,1020.327290003479,ok,14.143431006232277,954.8199150012806,47.340074997919146,0.13474700244842097,47.205327995470725,0.004064000677317381,1.8366939984844066,0.17519299581181258,301.4037519969861,29.864780000934843,0.008160008292179555,331.45188500202494,102.81844699784415,20.016601010865998,7.046147984510753,56.432445999234915,18.540691999078263,449.88855599513045,3.03082300524693,0.8152950031217188,0.3119219982181676,1.4255740024964325,0.4811649996554479,0.00665500556351617,558.7991729989881,3.0398140006582253,0.14940200344426557,59.49840499670245,0.04454200097825378,9.56857499841135,8.806141995592043,0.1068760029738769,0.6555569998454303,3.8766439975006506,0.6939559971215203,0.0042560131987556815,4.019804997369647,8,0,7,0,0,,,,,,,,,,,,,,
rsg_object_detection,dropped_oldest,2789,rsg_20260806_181_204900000_002789,dropped,True,fifo_cached_frame,2788,277,0,2509,278,0,1,0.0,63.15329799690517,frame_fifo_full,,,,,,,,,,,,,,,,,,,,,,,,,,,,,,,,,,,,,,,,,,,,,,,,,,,,,,,,
rsg_object_detection,dropped_oldest,2791,rsg_20260806_181_304900000_002791,dropped,True,fifo_cached_frame,2790,278,0,2510,278,0,1,0.0,48.11575899657328,frame_fifo_full,,,,,,,,,,,,,,,,,,,,,,,,,,,,,,,,,,,,,,,,,,,,,,,,,,,,,,,,
rsg_object_detection,dropped_oldest,2792,rsg_20260806_181_354899999_002792,dropped,True,fifo_cached_frame,2791,278,0,2511,278,0,1,0.0,99.51669799920637,frame_fifo_full,,,,,,,,,,,,,,,,,,,,,,,,,,,,,,,,,,,,,,,,,,,,,,,,,,,,,,,,
rsg_object_detection,dropped_oldest,2793,rsg_20260806_181_454900000_002793,dropped,True,fifo_cached_frame,2792,278,0,2512,278,0,1,0.0,53.04826499923365,frame_fifo_full,,,,,,,,,,,,,,,,,,,,,,,,,,,,,,,,,,,,,,,,,,,,,,,,,,,,,,,,
rsg_object_detection,dropped_oldest,2794,rsg_20260806_181_504899999_002794,dropped,True,fifo_cached_frame,2793,278,0,2513,278,0,1,0.0,48.619483000948094,frame_fifo_full,,,,,,,,,,,,,,,,,,,,,,,,,,,,,,,,,,,,,,,,,,,,,,,,,,,,,,,,
rsg_object_detection,dropped_oldest,2795,rsg_20260806_181_554900000_002795,dropped,True,fifo_cached_frame,2794,278,0,2514,278,0,1,0.0,64.84532600006787,frame_fifo_full,,,,,,,,,,,,,,,,,,,,,,,,,,,,,,,,,,,,,,,,,,,,,,,,,,,,,,,,
rsg_object_detection,dropped_oldest,2796,rsg_20260806_181_604899999_002796,dropped,True,fifo_cached_frame,2795,278,0,2515,278,0,1,0.0,110.33738200057996,frame_fifo_full,,,,,,,,,,,,,,,,,,,,,,,,,,,,,,,,,,,,,,,,,,,,,,,,,,,,,,,,
rsg_object_detection,dropped_oldest,2797,rsg_20260806_181_654899999_002797,dropped,True,fifo_cached_frame,2796,278,0,2516,278,0,1,0.0,55.31553399487166,frame_fifo_full,,,,,,,,,,,,,,,,,,,,,,,,,,,,,,,,,,,,,,,,,,,,,,,,,,,,,,,,
rsg_object_detection,dropped_oldest,2798,rsg_20260806_181_704900000_002798,dropped,True,fifo_cached_frame,2797,278,0,2517,278,0,1,0.0,19.227897995733656,frame_fifo_full,,,,,,,,,,,,,,,,,,,,,,,,,,,,,,,,,,,,,,,,,,,,,,,,,,,,,,,,
rsg_object_detection,frame_trace,2790,rsg_20260806_181_254899999_002790,sent_to_hydra,,,,,,,,,,,565.1121970004169,ok,10.49452200095402,550.3325360041345,1.679581000644248,0.16732200310798362,1.5122589975362644,0.003807996108662337,5.158576997928321,0.4750849984702654,259.9045150054735,15.429906998178922,0.006813999789301306,275.816321001912,124.88886200299021,18.362651993811596,6.120329999248497,71.58979199448368,28.10328501072945,90.80156100390013,6.7782859987346455,0.33979400905082,0.37313698703655973,1.2764610000886023,0.9193549994961359,0.006112000846769661,225.40382299484918,5.478530998516362,0.14255499991122633,38.29112999665085,0.041599014366511256,5.952913001237903,5.313577996275853,0.08761200297158211,0.5517230019904673,3.8114300041343085,0.7252509967656806,0.00492799881612882,2.601749998575542,8,0,6,0,0,,,,,,,,,,,,,,
rsg_object_detection,dropped_oldest,2800,rsg_20260806_181_904899999_002800,dropped,True,fifo_cached_frame,2799,279,0,2518,279,0,1,0.0,49.82218700024532,frame_fifo_full,,,,,,,,,,,,,,,,,,,,,,,,,,,,,,,,,,,,,,,,,,,,,,,,,,,,,,,,
rsg_object_detection,dropped_oldest,2801,rsg_20260806_181_954900000_002801,dropped,True,fifo_cached_frame,2800,279,0,2519,279,0,1,0.0,51.291823998326436,frame_fifo_full,,,,,,,,,,,,,,,,,,,,,,,,,,,,,,,,,,,,,,,,,,,,,,,,,,,,,,,,
rsg_object_detection,dropped_oldest,2802,rsg_20260806_182_004899999_002802,dropped,True,fifo_cached_frame,2801,279,0,2520,279,0,1,0.0,100.83101600321243,frame_fifo_full,,,,,,,,,,,,,,,,,,,,,,,,,,,,,,,,,,,,,,,,,,,,,,,,,,,,,,,,
rsg_object_detection,dropped_oldest,2803,rsg_20260806_182_104899999_002803,dropped,True,fifo_cached_frame,2802,279,0,2521,279,0,1,0.0,51.56451999937417,frame_fifo_full,,,,,,,,,,,,,,,,,,,,,,,,,,,,,,,,,,,,,,,,,,,,,,,,,,,,,,,,
rsg_object_detection,dropped_oldest,2804,rsg_20260806_182_154899999_002804,dropped,True,fifo_cached_frame,2803,279,0,2522,279,0,1,0.0,51.06905099819414,frame_fifo_full,,,,,,,,,,,,,,,,,,,,,,,,,,,,,,,,,,,,,,,,,,,,,,,,,,,,,,,,
rsg_object_detection,dropped_oldest,2805,rsg_20260806_182_204900000_002805,dropped,True,fifo_cached_frame,2804,279,0,2523,279,0,1,0.0,45.17907999979798,frame_fifo_full,,,,,,,,,,,,,,,,,,,,,,,,,,,,,,,,,,,,,,,,,,,,,,,,,,,,,,,,
rsg_object_detection,dropped_oldest,2806,rsg_20260806_182_254899999_002806,dropped,True,fifo_cached_frame,2805,279,0,2524,279,0,1,0.0,145.3073439988657,frame_fifo_full,,,,,,,,,,,,,,,,,,,,,,,,,,,,,,,,,,,,,,,,,,,,,,,,,,,,,,,,
rsg_object_detection,dropped_oldest,2807,rsg_20260806_182_354899999_002807,dropped,True,fifo_cached_frame,2806,279,0,2525,279,0,1,0.0,45.23162200348452,frame_fifo_full,,,,,,,,,,,,,,,,,,,,,,,,,,,,,,,,,,,,,,,,,,,,,,,,,,,,,,,,
rsg_object_detection,dropped_oldest,2808,rsg_20260806_182_404899999_002808,dropped,True,fifo_cached_frame,2807,279,0,2526,279,0,1,0.0,8.965624001575634,frame_fifo_full,,,,,,,,,,,,,,,,,,,,,,,,,,,,,,,,,,,,,,,,,,,,,,,,,,,,,,,,
rsg_object_detection,frame_trace,2799,rsg_20260806_181_804900000_002799,sent_to_hydra,,,,,,,,,,,731.7741910010227,ok,10.59221399918897,629.7128580044955,87.75451599649386,0.12220299686305225,87.63231299963081,0.003136003215331584,1.3384740013862029,1.5702090022386983,382.0938490025583,15.010821000032593,0.007935996109154075,398.6828150009387,60.016019007889554,15.85641699784901,4.52480999956606,26.37945098831551,12.615493003977463,104.0379309997661,3.150175994960591,1.1599869831115939,0.3214280150132254,1.217486998939421,0.7012519999989308,0.005408001015894115,170.62514299323084,4.555497005640063,0.13177000073483214,54.3356410053093,0.043517997255548835,6.136169002274983,5.499362996488344,0.09884400060400367,0.537962005182635,3.7563929945463315,0.6949480011826381,0.004704001185018569,3.7114669976290315,7,0,7,0,0,,,,,,,,,,,,,,
rsg_object_detection,dropped_oldest,2810,rsg_20260806_182_604899999_002810,dropped,True,fifo_cached_frame,2809,280,0,2527,280,0,1,0.0,99.77198999695247,frame_fifo_full,,,,,,,,,,,,,,,,,,,,,,,,,,,,,,,,,,,,,,,,,,,,,,,,,,,,,,,,
rsg_object_detection,dropped_oldest,2811,rsg_20260806_182_704900000_002811,dropped,True,fifo_cached_frame,2810,280,0,2528,280,0,1,0.0,46.491986999171786,frame_fifo_full,,,,,,,,,,,,,,,,,,,,,,,,,,,,,,,,,,,,,,,,,,,,,,,,,,,,,,,,
rsg_object_detection,dropped_oldest,2812,rsg_20260806_182_754899999_002812,dropped,True,fifo_cached_frame,2811,280,0,2529,280,0,1,0.0,50.46437199780485,frame_fifo_full,,,,,,,,,,,,,,,,,,,,,,,,,,,,,,,,,,,,,,,,,,,,,,,,,,,,,,,,
rsg_object_detection,dropped_oldest,2813,rsg_20260806_182_804900000_002813,dropped,True,fifo_cached_frame,2812,280,0,2530,280,0,1,0.0,215.4536769958213,frame_fifo_full,,,,,,,,,,,,,,,,,,,,,,,,,,,,,,,,,,,,,,,,,,,,,,,,,,,,,,,,
rsg_object_detection,dropped_oldest,2814,rsg_20260806_182_954900000_002814,dropped,True,fifo_cached_frame,2813,280,0,2531,280,0,1,0.0,63.89759300509468,frame_fifo_full,,,,,,,,,,,,,,,,,,,,,,,,,,,,,,,,,,,,,,,,,,,,,,,,,,,,,,,,
rsg_object_detection,dropped_oldest,2815,rsg_20260806_183_004899999_002815,dropped,True,fifo_cached_frame,2814,280,0,2532,280,0,1,0.0,9.163537004496902,frame_fifo_full,,,,,,,,,,,,,,,,,,,,,,,,,,,,,,,,,,,,,,,,,,,,,,,,,,,,,,,,
rsg_object_detection,dropped_oldest,2816,rsg_20260806_183_054900000_002816,dropped,True,fifo_cached_frame,2815,280,0,2533,280,0,1,0.0,15.39083899842808,frame_fifo_full,,,,,,,,,,,,,,,,,,,,,,,,,,,,,,,,,,,,,,,,,,,,,,,,,,,,,,,,
rsg_object_detection,dropped_oldest,2817,rsg_20260806_183_104899999_002817,dropped,True,fifo_cached_frame,2816,280,0,2534,281,0,1,0.0,124.37545799912186,frame_fifo_full,,,,,,,,,,,,,,,,,,,,,,,,,,,,,,,,,,,,,,,,,,,,,,,,,,,,,,,,
rsg_object_detection,frame_trace,2809,rsg_20260806_182_454900000_002809,sent_to_hydra,,,,,,,,,,,738.6959860014031,ok,12.728673005767632,593.7114760017721,128.06973300030222,0.11497100058477372,127.95476199971745,0.004959998477715999,1.3025400039623491,0.19426400103839114,337.55606599879684,13.907152999308892,0.008128001354634762,351.66561100049876,56.62818700511707,13.952879991848022,3.6227030141162686,28.379787006997503,10.06903700181283,112.59781400440261,3.3130200099549256,4.735425995022524,0.36315298348199576,1.306986996496562,0.43111899867653847,0.006496004061773419,179.3990020014462,2.5805039986153133,0.1494980024290271,58.56241800211137,0.05190299270907417,7.738729000266176,6.866092000564095,0.22421500034397468,0.6484219993581064,4.202903000987135,0.7798730002832599,0.007168004231061786,4.181143995083403,7,0,7,0,0,,,,,,,,,,,,,,
rsg_object_detection,dropped_oldest,2819,rsg_20260806_183_254899999_002819,dropped,True,fifo_cached_frame,2818,281,0,2535,281,0,1,0.0,49.37357099697692,frame_fifo_full,,,,,,,,,,,,,,,,,,,,,,,,,,,,,,,,,,,,,,,,,,,,,,,,,,,,,,,,
rsg_object_detection,dropped_oldest,2820,rsg_20260806_183_304900000_002820,dropped,True,fifo_cached_frame,2819,281,0,2536,281,0,1,0.0,52.75305100076366,frame_fifo_full,,,,,,,,,,,,,,,,,,,,,,,,,,,,,,,,,,,,,,,,,,,,,,,,,,,,,,,,
rsg_object_detection,dropped_oldest,2821,rsg_20260806_183_354899999_002821,dropped,True,fifo_cached_frame,2820,281,0,2537,281,0,1,0.0,53.23952800245024,frame_fifo_full,,,,,,,,,,,,,,,,,,,,,,,,,,,,,,,,,,,,,,,,,,,,,,,,,,,,,,,,
rsg_object_detection,dropped_oldest,2822,rsg_20260806_183_404899999_002822,dropped,True,fifo_cached_frame,2821,281,0,2538,281,0,1,0.0,96.453026002564,frame_fifo_full,,,,,,,,,,,,,,,,,,,,,,,,,,,,,,,,,,,,,,,,,,,,,,,,,,,,,,,,
rsg_object_detection,dropped_oldest,2823,rsg_20260806_183_504899999_002823,dropped,True,fifo_cached_frame,2822,281,0,2539,281,0,1,0.0,52.92690100031905,frame_fifo_full,,,,,,,,,,,,,,,,,,,,,,,,,,,,,,,,,,,,,,,,,,,,,,,,,,,,,,,,
rsg_object_detection,dropped_oldest,2824,rsg_20260806_183_554900000_002824,dropped,True,fifo_cached_frame,2823,281,0,2540,281,0,1,0.0,153.56513400183758,frame_fifo_full,,,,,,,,,,,,,,,,,,,,,,,,,,,,,,,,,,,,,,,,,,,,,,,,,,,,,,,,
rsg_object_detection,frame_trace,2818,rsg_20260806_183_204900000_002818,sent_to_hydra,,,,,,,,,,,556.2647849947098,ok,10.638996995112393,534.837133003748,6.6565009983605705,0.1322190000792034,6.524281998281367,0.0030719966161996126,1.0073519952129573,0.18693700258154422,292.68812899681507,14.569399005267769,0.007455993909388781,307.45192099857377,73.15201101300772,15.288283990230411,4.09689200023422,42.17213099764194,10.878122004214674,82.43435699841939,3.451315002166666,0.6973180061322637,0.36174297565594316,1.402216003043577,0.5114040031912737,0.006751994078513235,162.03570699872216,6.69957200443605,0.1453380027669482,57.45235100039281,0.04489200364332646,6.16228100261651,5.468037001264747,0.10406000365037471,0.5901839977013879,3.815270996710751,0.6565820003743283,0.0048629954108037055,4.129082000872586,7,0,7,0,0,,,,,,,,,,,,,,
rsg_object_detection,dropped_oldest,2826,rsg_20260806_183_804900000_002826,dropped,True,fifo_cached_frame,2825,282,0,2541,282,0,1,0.0,27.515631998539902,frame_fifo_full,,,,,,,,,,,,,,,,,,,,,,,,,,,,,,,,,,,,,,,,,,,,,,,,,,,,,,,,
rsg_object_detection,dropped_oldest,2827,rsg_20260806_183_854899999_002827,dropped,True,fifo_cached_frame,2826,282,0,2542,282,0,1,0.0,51.323029001650866,frame_fifo_full,,,,,,,,,,,,,,,,,,,,,,,,,,,,,,,,,,,,,,,,,,,,,,,,,,,,,,,,
rsg_object_detection,dropped_oldest,2828,rsg_20260806_183_904899999_002828,dropped,True,fifo_cached_frame,2827,282,0,2543,282,0,1,0.0,97.89194400218548,frame_fifo_full,,,,,,,,,,,,,,,,,,,,,,,,,,,,,,,,,,,,,,,,,,,,,,,,,,,,,,,,
rsg_object_detection,dropped_oldest,2829,rsg_20260806_184_004899999_002829,dropped,True,fifo_cached_frame,2828,282,0,2544,282,0,1,0.0,97.07002800132614,frame_fifo_full,,,,,,,,,,,,,,,,,,,,,,,,,,,,,,,,,,,,,,,,,,,,,,,,,,,,,,,,
rsg_object_detection,dropped_oldest,2830,rsg_20260806_184_104899999_002830,dropped,True,fifo_cached_frame,2829,282,0,2545,282,0,1,0.0,55.04339499748312,frame_fifo_full,,,,,,,,,,,,,,,,,,,,,,,,,,,,,,,,,,,,,,,,,,,,,,,,,,,,,,,,
rsg_object_detection,dropped_oldest,2831,rsg_20260806_184_154899999_002831,dropped,True,fifo_cached_frame,2830,282,0,2546,282,0,1,0.0,120.72207700111903,frame_fifo_full,,,,,,,,,,,,,,,,,,,,,,,,,,,,,,,,,,,,,,,,,,,,,,,,,,,,,,,,
rsg_object_detection,dropped_oldest,2832,rsg_20260806_184_204900000_002832,dropped,True,fifo_cached_frame,2831,282,0,2547,282,0,1,0.0,76.19045200408436,frame_fifo_full,,,,,,,,,,,,,,,,,,,,,,,,,,,,,,,,,,,,,,,,,,,,,,,,,,,,,,,,
rsg_object_detection,frame_trace,2825,rsg_20260806_183_704900000_002825,sent_to_hydra,,,,,,,,,,,654.0359549981076,ok,14.823245997831691,516.1315020013717,115.99272299645236,0.15138599701458588,115.84133699943777,0.004736000846605748,1.5447699988726526,0.21055200340924785,309.5872310004779,19.93072200275492,0.00889599323272705,329.7374009998748,39.42280500632478,14.925994000805076,3.337179012305569,12.021343005471863,8.626982002169825,86.86327200121013,3.256639000028372,2.250917998026125,0.3382889917702414,1.3805209964630194,0.9299150042352267,0.006622998625971377,134.46648500394076,6.525306998810265,0.15768899902468547,43.650284002069384,0.04956599877914414,10.161992002394982,9.425479001947679,0.11910000466741621,0.6174129957798868,3.9806729982956313,0.6747889929101802,0.005792004230897874,7.083748001605272,7,0,7,0,0,,,,,,,,,,,,,,
rsg_object_detection,dropped_oldest,2834,rsg_20260806_184_404899999_002834,dropped,True,fifo_cached_frame,2833,283,0,2548,283,0,1,0.0,54.19258099573199,frame_fifo_full,,,,,,,,,,,,,,,,,,,,,,,,,,,,,,,,,,,,,,,,,,,,,,,,,,,,,,,,
rsg_object_detection,dropped_oldest,2835,rsg_20260806_184_454900000_002835,dropped,True,fifo_cached_frame,2834,283,0,2549,283,0,1,0.0,43.472337994899135,frame_fifo_full,,,,,,,,,,,,,,,,,,,,,,,,,,,,,,,,,,,,,,,,,,,,,,,,,,,,,,,,
rsg_object_detection,dropped_oldest,2836,rsg_20260806_184_504899999_002836,dropped,True,fifo_cached_frame,2835,283,0,2550,283,0,1,0.0,46.744560000661295,frame_fifo_full,,,,,,,,,,,,,,,,,,,,,,,,,,,,,,,,,,,,,,,,,,,,,,,,,,,,,,,,
rsg_object_detection,dropped_oldest,2837,rsg_20260806_184_554900000_002837,dropped,True,fifo_cached_frame,2836,283,0,2551,283,0,1,0.0,53.37018299906049,frame_fifo_full,,,,,,,,,,,,,,,,,,,,,,,,,,,,,,,,,,,,,,,,,,,,,,,,,,,,,,,,
rsg_object_detection,dropped_oldest,2838,rsg_20260806_184_604899999_002838,dropped,True,fifo_cached_frame,2837,283,0,2552,283,0,1,0.0,98.83245700621046,frame_fifo_full,,,,,,,,,,,,,,,,,,,,,,,,,,,,,,,,,,,,,,,,,,,,,,,,,,,,,,,,
rsg_object_detection,dropped_oldest,2839,rsg_20260806_184_704900000_002839,dropped,True,fifo_cached_frame,2838,283,0,2553,283,0,1,0.0,99.02560100454139,frame_fifo_full,,,,,,,,,,,,,,,,,,,,,,,,,,,,,,,,,,,,,,,,,,,,,,,,,,,,,,,,
rsg_object_detection,dropped_oldest,2840,rsg_20260806_184_804900000_002840,dropped,True,fifo_cached_frame,2839,283,0,2554,283,0,1,0.0,52.97093399713049,frame_fifo_full,,,,,,,,,,,,,,,,,,,,,,,,,,,,,,,,,,,,,,,,,,,,,,,,,,,,,,,,
rsg_object_detection,dropped_oldest,2841,rsg_20260806_184_854899999_002841,dropped,True,fifo_cached_frame,2840,283,0,2555,283,0,1,0.0,54.47208999976283,frame_fifo_full,,,,,,,,,,,,,,,,,,,,,,,,,,,,,,,,,,,,,,,,,,,,,,,,,,,,,,,,
rsg_object_detection,dropped_oldest,2842,rsg_20260806_184_904899999_002842,dropped,True,fifo_cached_frame,2841,283,0,2556,283,0,1,0.0,107.67818299791543,frame_fifo_full,,,,,,,,,,,,,,,,,,,,,,,,,,,,,,,,,,,,,,,,,,,,,,,,,,,,,,,,
rsg_object_detection,,648,rsg_20260806_47_104880000_000648,vlm_failed,,,,,,,,,,,,"{""label"":""unknown_object"",""label_confidence"":0.0,""mobility_class"":""unknown"",""mobility_confidence"":0.0}",,,,,,,,,,,,,,,,,,,,,,,,,,,,,,,,,,,,,,,,,,,rsg_obj_000080,rsg_unknown_rsg_20260806_47_104880000_000648_004_nanosam_003,,,1,0.5547093523884861,unknown_object,0.0,unknown,0.0,5391.3736150061595,131969.26616400015,qwen_http,Qwen3-VL-8B-Instruct-GGUF
rsg_object_detection,completed,648,rsg_20260806_47_104880000_000648,,,,,,,,,,,126577.8904369945,,vlm_failed,,,,,,,,,,,,,,,,,,,,,,,,,,,,,,,,,,,,,,,,,,,rsg_obj_000080,rsg_unknown_rsg_20260806_47_104880000_000648_004_nanosam_003,110,300,1,0.5547093523884861,,,,,,,,
rsg_object_detection,dropped_oldest,2843,rsg_20260806_185_004899999_002843,dropped,True,fifo_cached_frame,2842,283,0,2557,283,0,1,0.0,36.07641099370085,frame_fifo_full,,,,,,,,,,,,,,,,,,,,,,,,,,,,,,,,,,,,,,,,,,,,,,,,,,,,,,,,
rsg_object_detection,dropped_oldest,2844,rsg_20260806_185_054900000_002844,dropped,True,fifo_cached_frame,2843,283,0,2558,283,0,1,0.0,66.97626499953913,frame_fifo_full,,,,,,,,,,,,,,,,,,,,,,,,,,,,,,,,,,,,,,,,,,,,,,,,,,,,,,,,
rsg_object_detection,frame_trace,2833,rsg_20260806_184_354899999_002833,sent_to_hydra,,,,,,,,,,,775.3700329994899,ok,12.844990000303369,719.8747189977439,39.23196400137385,0.15832899953238666,39.07363500184147,0.004704001185018569,1.3125550030963495,0.294707999273669,466.83633999782614,15.644813996914309,0.007327005732804537,482.7831889997469,83.06169899879023,14.269988001615275,4.0075849974527955,39.173249002487864,25.007828007801436,78.7185099979979,8.227125988923945,0.4152149922447279,0.37121702189324424,1.3404269993770868,0.41611100459704176,0.006848000339232385,172.57471899938537,8.470093001960777,0.1575619971845299,54.52610700012883,0.050493996241129935,8.845821997965686,8.248246005678084,0.09161300113191828,0.505962991155684,3.226558997994289,0.7671689963899553,0.005440007953438908,3.413655998883769,7,0,7,0,0,,,,,,,,,,,,,,
rsg_object_detection,dropped_oldest,2846,rsg_20260806_185_154899999_002846,dropped,True,fifo_cached_frame,2845,284,0,2559,284,0,1,0.0,32.32875499816146,frame_fifo_full,,,,,,,,,,,,,,,,,,,,,,,,,,,,,,,,,,,,,,,,,,,,,,,,,,,,,,,,
rsg_object_detection,dequeued,677,rsg_20260806_48_804879999_000677,,,,,,,,,,,130205.96830399882,,fifo_order,,,,,,,,,,,,,,,,,,,,,,,,,,,,,,,,,,,,,,,,,,,rsg_obj_000086,rsg_unknown_rsg_20260806_48_804879999_000677_003_nanosam_007,109,300,1,0.6743462896621459,,,,,,,,
rsg_object_detection,dropped_oldest,2847,rsg_20260806_185_204900000_002847,dropped,True,fifo_cached_frame,2846,284,0,2560,284,0,1,0.0,153.06917399720987,frame_fifo_full,,,,,,,,,,,,,,,,,,,,,,,,,,,,,,,,,,,,,,,,,,,,,,,,,,,,,,,,
rsg_object_detection,dropped_oldest,2848,rsg_20260806_185_354899999_002848,dropped,True,fifo_cached_frame,2847,284,0,2561,284,0,1,0.0,61.45911000203341,frame_fifo_full,,,,,,,,,,,,,,,,,,,,,,,,,,,,,,,,,,,,,,,,,,,,,,,,,,,,,,,,
rsg_object_detection,dropped_oldest,2849,rsg_20260806_185_404899999_002849,dropped,True,fifo_cached_frame,2848,284,0,2562,284,0,1,0.0,64.26987799932249,frame_fifo_full,,,,,,,,,,,,,,,,,,,,,,,,,,,,,,,,,,,,,,,,,,,,,,,,,,,,,,,,
rsg_object_detection,dropped_oldest,2850,rsg_20260806_185_454900000_002850,dropped,True,fifo_cached_frame,2849,284,0,2563,284,0,1,0.0,40.705763996811584,frame_fifo_full,,,,,,,,,,,,,,,,,,,,,,,,,,,,,,,,,,,,,,,,,,,,,,,,,,,,,,,,
rsg_object_detection,dropped_oldest,2851,rsg_20260806_185_504899999_002851,dropped,True,fifo_cached_frame,2850,284,0,2564,284,0,1,0.0,93.3906010031933,frame_fifo_full,,,,,,,,,,,,,,,,,,,,,,,,,,,,,,,,,,,,,,,,,,,,,,,,,,,,,,,,
rsg_object_detection,frame_trace,2845,rsg_20260806_185_104899999_002845,sent_to_hydra,,,,,,,,,,,513.1205989964656,ok,11.814886995125562,449.0660410010605,48.16015400137985,0.1432900025974959,48.016863998782355,0.005055997462477535,4.864317997999024,0.2101680001942441,142.43526400241535,16.055676998803392,0.006591995770577341,158.70770099718357,95.6843329986441,29.95675399142783,5.303564001224004,45.63487799168797,14.248071012843866,107.25471900514094,3.545808998751454,0.4133280017413199,0.3258759970776737,1.8903249947470613,0.7351379972533323,0.005472000339068472,209.87967099790694,7.009478998952545,0.16213799972319975,68.39547299750848,0.0472610117867589,7.396952001727186,6.745234000845812,0.1079319990822114,0.5437860017991625,3.731882003194187,0.6808370017097332,0.005215988494455814,4.074461001437157,8,0,8,0,0,,,,,,,,,,,,,,
rsg_object_detection,dropped_oldest,2852,rsg_20260806_185_554900000_002852,dropped,True,fifo_cached_frame,2851,284,0,2565,285,0,1,0.0,67.44891899870709,frame_fifo_full,,,,,,,,,,,,,,,,,,,,,,,,,,,,,,,,,,,,,,,,,,,,,,,,,,,,,,,,
rsg_object_detection,dropped_oldest,2854,rsg_20260806_185_704900000_002854,dropped,True,fifo_cached_frame,2853,285,0,2566,285,0,1,0.0,52.04214300465537,frame_fifo_full,,,,,,,,,,,,,,,,,,,,,,,,,,,,,,,,,,,,,,,,,,,,,,,,,,,,,,,,
rsg_object_detection,dropped_oldest,2855,rsg_20260806_185_754899999_002855,dropped,True,fifo_cached_frame,2854,285,0,2567,285,0,1,0.0,106.31501200259663,frame_fifo_full,,,,,,,,,,,,,,,,,,,,,,,,,,,,,,,,,,,,,,,,,,,,,,,,,,,,,,,,
rsg_object_detection,dropped_oldest,2856,rsg_20260806_185_854899999_002856,dropped,True,fifo_cached_frame,2855,285,0,2568,285,0,1,0.0,90.76475400070194,frame_fifo_full,,,,,,,,,,,,,,,,,,,,,,,,,,,,,,,,,,,,,,,,,,,,,,,,,,,,,,,,
rsg_object_detection,dropped_oldest,2857,rsg_20260806_185_954900000_002857,dropped,True,fifo_cached_frame,2856,285,0,2569,285,0,1,0.0,61.198415998660494,frame_fifo_full,,,,,,,,,,,,,,,,,,,,,,,,,,,,,,,,,,,,,,,,,,,,,,,,,,,,,,,,
rsg_object_detection,dropped_oldest,2858,rsg_20260806_186_004899999_002858,dropped,True,fifo_cached_frame,2857,285,0,2570,285,0,1,0.0,113.16114300279878,frame_fifo_full,,,,,,,,,,,,,,,,,,,,,,,,,,,,,,,,,,,,,,,,,,,,,,,,,,,,,,,,
rsg_object_detection,dropped_oldest,2859,rsg_20260806_186_054900000_002859,dropped,True,fifo_cached_frame,2858,285,0,2571,285,0,1,0.0,8.705189000465907,frame_fifo_full,,,,,,,,,,,,,,,,,,,,,,,,,,,,,,,,,,,,,,,,,,,,,,,,,,,,,,,,
rsg_object_detection,dropped_oldest,2860,rsg_20260806_186_104899999_002860,dropped,True,fifo_cached_frame,2859,285,0,2572,285,0,1,0.0,52.48520000168355,frame_fifo_full,,,,,,,,,,,,,,,,,,,,,,,,,,,,,,,,,,,,,,,,,,,,,,,,,,,,,,,,
rsg_object_detection,dropped_oldest,2861,rsg_20260806_186_154899999_002861,dropped,True,fifo_cached_frame,2860,285,0,2573,285,0,1,0.0,21.263918999466114,frame_fifo_full,,,,,,,,,,,,,,,,,,,,,,,,,,,,,,,,,,,,,,,,,,,,,,,,,,,,,,,,
rsg_object_detection,dropped_oldest,2862,rsg_20260806_186_204900000_002862,dropped,True,fifo_cached_frame,2861,285,0,2574,285,0,1,0.0,80.44901199900778,frame_fifo_full,,,,,,,,,,,,,,,,,,,,,,,,,,,,,,,,,,,,,,,,,,,,,,,,,,,,,,,,
rsg_object_detection,frame_trace,2853,rsg_20260806_185_654899999_002853,sent_to_hydra,,,,,,,,,,,616.1016160040163,ok,14.77281800180208,595.8487930038245,1.460901003156323,0.15384900325443596,1.307051999901887,0.002335997123736888,2.0635009932448156,0.1920240028994158,317.22923400229774,21.855669998330995,0.007326998456846923,339.284255001985,63.024392002262175,20.62279199162731,7.982595001521986,19.162721990142018,14.510044013150036,113.85439800505992,4.344210006820504,4.8297910107066855,0.40372997318627313,1.3560739971580915,0.40193599852500483,0.007136004569474608,188.23942600283772,2.9658019993803464,0.1695929968263954,63.077129001612775,0.049087007937487215,8.916700004192535,8.283830000436865,0.10255599772790447,0.5303140060277656,4.942234001646284,0.9084119956241921,0.005472000339068472,4.016767998109572,8,0,8,0,0,,,,,,,,,,,,,,
rsg_object_detection,dropped_oldest,2863,rsg_20260806_186_254899999_002863,dropped,True,fifo_cached_frame,2862,286,0,2575,286,0,1,0.0,57.10331999580376,frame_fifo_full,,,,,,,,,,,,,,,,,,,,,,,,,,,,,,,,,,,,,,,,,,,,,,,,,,,,,,,,
rsg_object_detection,dropped_oldest,2865,rsg_20260806_186_354899999_002865,dropped,True,fifo_cached_frame,2864,286,0,2576,286,0,1,0.0,49.789372002123855,frame_fifo_full,,,,,,,,,,,,,,,,,,,,,,,,,,,,,,,,,,,,,,,,,,,,,,,,,,,,,,,,
rsg_object_detection,dropped_oldest,2866,rsg_20260806_186_404899999_002866,dropped,True,fifo_cached_frame,2865,286,0,2577,286,0,1,0.0,104.05350899964105,frame_fifo_full,,,,,,,,,,,,,,,,,,,,,,,,,,,,,,,,,,,,,,,,,,,,,,,,,,,,,,,,
rsg_object_detection,dropped_oldest,2867,rsg_20260806_186_504899999_002867,dropped,True,fifo_cached_frame,2866,286,0,2578,286,0,1,0.0,47.027370004798286,frame_fifo_full,,,,,,,,,,,,,,,,,,,,,,,,,,,,,,,,,,,,,,,,,,,,,,,,,,,,,,,,
rsg_object_detection,dropped_oldest,2868,rsg_20260806_186_554900000_002868,dropped,True,fifo_cached_frame,2867,286,0,2579,286,0,1,0.0,49.06073000165634,frame_fifo_full,,,,,,,,,,,,,,,,,,,,,,,,,,,,,,,,,,,,,,,,,,,,,,,,,,,,,,,,
rsg_object_detection,dropped_oldest,2869,rsg_20260806_186_604899999_002869,dropped,True,fifo_cached_frame,2868,286,0,2580,286,0,1,0.0,50.93073400348658,frame_fifo_full,,,,,,,,,,,,,,,,,,,,,,,,,,,,,,,,,,,,,,,,,,,,,,,,,,,,,,,,
rsg_object_detection,dropped_oldest,2870,rsg_20260806_186_654899999_002870,dropped,True,fifo_cached_frame,2869,286,0,2581,286,0,1,0.0,65.82630000048084,frame_fifo_full,,,,,,,,,,,,,,,,,,,,,,,,,,,,,,,,,,,,,,,,,,,,,,,,,,,,,,,,
rsg_object_detection,dropped_oldest,2871,rsg_20260806_186_704900000_002871,dropped,True,fifo_cached_frame,2870,286,0,2582,286,0,1,0.0,110.89102800178807,frame_fifo_full,,,,,,,,,,,,,,,,,,,,,,,,,,,,,,,,,,,,,,,,,,,,,,,,,,,,,,,,
rsg_object_detection,dropped_oldest,2872,rsg_20260806_186_804900000_002872,dropped,True,fifo_cached_frame,2871,286,0,2583,286,0,1,0.0,23.752203000185546,frame_fifo_full,,,,,,,,,,,,,,,,,,,,,,,,,,,,,,,,,,,,,,,,,,,,,,,,,,,,,,,,
rsg_object_detection,dropped_oldest,2873,rsg_20260806_186_854899999_002873,dropped,True,fifo_cached_frame,2872,286,0,2584,286,0,1,0.0,79.79332599643385,frame_fifo_full,,,,,,,,,,,,,,,,,,,,,,,,,,,,,,,,,,,,,,,,,,,,,,,,,,,,,,,,
rsg_object_detection,frame_trace,2864,rsg_20260806_186_304900000_002864,sent_to_hydra,,,,,,,,,,,597.8852479966008,ok,13.054807001026347,578.3769709960325,2.059212994936388,0.23608600167790428,1.8231269932584837,0.004512003215495497,6.307364994427189,0.805951000074856,274.2854969983455,21.443495999847073,0.011103002179879695,296.5460470004473,97.30369799217442,31.449209003767464,6.579385983059183,30.790355005592573,27.560691007238347,94.71036199829541,3.7803919913130812,1.9357309938641265,0.3563400241546333,1.4773809962207451,0.4189590035821311,0.004992005415260792,200.00683100079186,7.730923003691714,0.1982000030693598,67.54258300497895,0.04502198862610385,8.612040001025889,7.94141100050183,0.0978519965428859,0.572777003981173,3.6782209936063737,0.7593300033477135,0.005216003046371043,4.389745001390111,8,0,8,0,0,,,,,,,,,,,,,,
rsg_object_detection,dropped_oldest,2875,rsg_20260806_187_004899999_002875,dropped,True,fifo_cached_frame,2874,287,0,2585,287,0,1,0.0,99.07271900010528,frame_fifo_full,,,,,,,,,,,,,,,,,,,,,,,,,,,,,,,,,,,,,,,,,,,,,,,,,,,,,,,,
rsg_object_detection,dropped_oldest,2876,rsg_20260806_187_104899999_002876,dropped,True,fifo_cached_frame,2875,287,0,2586,287,0,1,0.0,54.902515999856405,frame_fifo_full,,,,,,,,,,,,,,,,,,,,,,,,,,,,,,,,,,,,,,,,,,,,,,,,,,,,,,,,
rsg_object_detection,dropped_oldest,2877,rsg_20260806_187_154899999_002877,dropped,True,fifo_cached_frame,2876,287,0,2587,287,0,1,0.0,45.62768500181846,frame_fifo_full,,,,,,,,,,,,,,,,,,,,,,,,,,,,,,,,,,,,,,,,,,,,,,,,,,,,,,,,
rsg_object_detection,dropped_oldest,2878,rsg_20260806_187_204900000_002878,dropped,True,fifo_cached_frame,2877,287,0,2588,287,0,1,0.0,52.89587600418599,frame_fifo_full,,,,,,,,,,,,,,,,,,,,,,,,,,,,,,,,,,,,,,,,,,,,,,,,,,,,,,,,
rsg_object_detection,dropped_oldest,2879,rsg_20260806_187_254899999_002879,dropped,True,fifo_cached_frame,2878,287,0,2589,287,0,1,0.0,109.74093800177798,frame_fifo_full,,,,,,,,,,,,,,,,,,,,,,,,,,,,,,,,,,,,,,,,,,,,,,,,,,,,,,,,
rsg_object_detection,dropped_oldest,2880,rsg_20260806_187_354899999_002880,dropped,True,fifo_cached_frame,2879,287,0,2590,287,0,1,0.0,54.63209399749758,frame_fifo_full,,,,,,,,,,,,,,,,,,,,,,,,,,,,,,,,,,,,,,,,,,,,,,,,,,,,,,,,
rsg_object_detection,dropped_oldest,2881,rsg_20260806_187_404899999_002881,dropped,True,fifo_cached_frame,2880,287,0,2591,287,0,1,0.0,107.46803700021701,frame_fifo_full,,,,,,,,,,,,,,,,,,,,,,,,,,,,,,,,,,,,,,,,,,,,,,,,,,,,,,,,
rsg_object_detection,dropped_oldest,2882,rsg_20260806_187_454900000_002882,dropped,True,fifo_cached_frame,2881,287,0,2592,287,0,1,0.0,11.279070997261442,frame_fifo_full,,,,,,,,,,,,,,,,,,,,,,,,,,,,,,,,,,,,,,,,,,,,,,,,,,,,,,,,
rsg_object_detection,dropped_oldest,2883,rsg_20260806_187_504899999_002883,dropped,True,fifo_cached_frame,2882,287,0,2593,288,0,1,0.0,60.42706299922429,frame_fifo_full,,,,,,,,,,,,,,,,,,,,,,,,,,,,,,,,,,,,,,,,,,,,,,,,,,,,,,,,
rsg_object_detection,frame_trace,2874,rsg_20260806_186_904899999_002874,sent_to_hydra,,,,,,,,,,,618.2449150001048,ok,11.694157998135779,539.2364200015436,56.57502100075362,0.13666599988937378,56.43835500086425,0.002335997123736888,1.1925279977731407,0.24754199694143608,276.454222999746,13.840535997587722,0.006688002031296492,290.54898899630643,43.88461999769788,15.600499005813617,3.265981998993084,15.97433899587486,8.23176799895009,107.55372900166549,4.386895991046913,0.8385909968637861,0.4383180130389519,1.7314509968855418,0.5626339989248663,0.006783004209864885,159.42449300200678,4.6950449977885,0.16392899851780385,83.1329110005754,0.07852500857552513,6.839407004008535,6.3176039984682575,0.09724399569677189,0.4245590098435059,3.992161000496708,0.856318001751788,0.00627199187874794,10.73698000254808,8,0,8,0,0,,,,,,,,,,,,,,
rsg_object_detection,dropped_oldest,2885,rsg_20260806_187_604899999_002885,dropped,True,fifo_cached_frame,2884,288,0,2594,288,0,1,0.0,43.0560439999681,frame_fifo_full,,,,,,,,,,,,,,,,,,,,,,,,,,,,,,,,,,,,,,,,,,,,,,,,,,,,,,,,
rsg_object_detection,dropped_oldest,2886,rsg_20260806_187_654899999_002886,dropped,True,fifo_cached_frame,2885,288,0,2595,288,0,1,0.0,48.79463099496206,frame_fifo_full,,,,,,,,,,,,,,,,,,,,,,,,,,,,,,,,,,,,,,,,,,,,,,,,,,,,,,,,
rsg_object_detection,dropped_oldest,2887,rsg_20260806_187_704900000_002887,dropped,True,fifo_cached_frame,2886,288,0,2596,288,0,1,0.0,104.16144799819449,frame_fifo_full,,,,,,,,,,,,,,,,,,,,,,,,,,,,,,,,,,,,,,,,,,,,,,,,,,,,,,,,
rsg_object_detection,dropped_oldest,2888,rsg_20260806_187_804900000_002888,dropped,True,fifo_cached_frame,2887,288,0,2597,288,0,1,0.0,50.729177994071506,frame_fifo_full,,,,,,,,,,,,,,,,,,,,,,,,,,,,,,,,,,,,,,,,,,,,,,,,,,,,,,,,
rsg_object_detection,dropped_oldest,2889,rsg_20260806_187_854899999_002889,dropped,True,fifo_cached_frame,2888,288,0,2598,288,0,1,0.0,46.32122499606339,frame_fifo_full,,,,,,,,,,,,,,,,,,,,,,,,,,,,,,,,,,,,,,,,,,,,,,,,,,,,,,,,
rsg_object_detection,dropped_oldest,2890,rsg_20260806_187_904899999_002890,dropped,True,fifo_cached_frame,2889,288,0,2599,288,0,1,0.0,49.840926003525965,frame_fifo_full,,,,,,,,,,,,,,,,,,,,,,,,,,,,,,,,,,,,,,,,,,,,,,,,,,,,,,,,
rsg_object_detection,dropped_oldest,2891,rsg_20260806_187_954900000_002891,dropped,True,fifo_cached_frame,2890,288,0,2600,288,0,1,0.0,50.3653839987237,frame_fifo_full,,,,,,,,,,,,,,,,,,,,,,,,,,,,,,,,,,,,,,,,,,,,,,,,,,,,,,,,
rsg_object_detection,dropped_oldest,2892,rsg_20260806_188_004899999_002892,dropped,True,fifo_cached_frame,2891,288,0,2601,288,0,1,0.0,222.00629599683452,frame_fifo_full,,,,,,,,,,,,,,,,,,,,,,,,,,,,,,,,,,,,,,,,,,,,,,,,,,,,,,,,
rsg_object_detection,dropped_oldest,2893,rsg_20260806_188_054900000_002893,dropped,True,fifo_cached_frame,2892,288,0,2602,288,0,1,0.0,8.823872994980775,frame_fifo_full,,,,,,,,,,,,,,,,,,,,,,,,,,,,,,,,,,,,,,,,,,,,,,,,,,,,,,,,
rsg_object_detection,dropped_oldest,2894,rsg_20260806_188_154899999_002894,dropped,True,fifo_cached_frame,2893,288,0,2603,288,0,1,0.0,3.9381149981636554,frame_fifo_full,,,,,,,,,,,,,,,,,,,,,,,,,,,,,,,,,,,,,,,,,,,,,,,,,,,,,,,,
rsg_object_detection,frame_trace,2884,rsg_20260806_187_554900000_002884,sent_to_hydra,,,,,,,,,,,648.3012729950133,ok,12.497197996708564,618.5649210019619,8.808384998701513,0.21816699882037938,8.590217999881133,0.0026559937396086752,4.5164600014686584,0.20216799748595804,294.7686019979301,25.228562000847887,0.00828800693852827,320.20762000320246,93.45192299952032,24.37937900685938,7.244764994538855,43.57720900588902,17.393834008544218,110.9703330002958,4.467503997148015,0.8123170046019368,0.41335999412694946,1.4137670004856773,0.5007479994674213,0.007743998139631003,212.05484800157137,4.53770699823508,0.16325799515470862,77.03750999644399,0.04751800588564947,8.110781003779266,7.631567998032551,0.10601199755910784,0.37320100818760693,3.654766005638521,0.7260190031956881,0.0056319840950891376,8.428113003901672,8,0,8,0,0,,,,,,,,,,,,,,
rsg_object_detection,dropped_oldest,2895,rsg_20260806_188_204900000_002895,dropped,True,fifo_cached_frame,2894,288,0,2604,289,0,1,0.0,65.99500599986641,frame_fifo_full,,,,,,,,,,,,,,,,,,,,,,,,,,,,,,,,,,,,,,,,,,,,,,,,,,,,,,,,
rsg_object_detection,dropped_oldest,2897,rsg_20260806_188_304900000_002897,dropped,True,fifo_cached_frame,2896,289,0,2605,289,0,1,0.0,39.97232899564551,frame_fifo_full,,,,,,,,,,,,,,,,,,,,,,,,,,,,,,,,,,,,,,,,,,,,,,,,,,,,,,,,
rsg_object_detection,dropped_oldest,2898,rsg_20260806_188_354899999_002898,dropped,True,fifo_cached_frame,2897,289,0,2606,289,0,1,0.0,100.97018999658758,frame_fifo_full,,,,,,,,,,,,,,,,,,,,,,,,,,,,,,,,,,,,,,,,,,,,,,,,,,,,,,,,
rsg_object_detection,dropped_oldest,2899,rsg_20260806_188_454900000_002899,dropped,True,fifo_cached_frame,2898,289,0,2607,289,0,1,0.0,100.04395499709062,frame_fifo_full,,,,,,,,,,,,,,,,,,,,,,,,,,,,,,,,,,,,,,,,,,,,,,,,,,,,,,,,
rsg_object_detection,dropped_oldest,2900,rsg_20260806_188_554900000_002900,dropped,True,fifo_cached_frame,2899,289,0,2608,289,0,1,0.0,53.20335400028853,frame_fifo_full,,,,,,,,,,,,,,,,,,,,,,,,,,,,,,,,,,,,,,,,,,,,,,,,,,,,,,,,
rsg_object_detection,dropped_oldest,2901,rsg_20260806_188_604899999_002901,dropped,True,fifo_cached_frame,2900,289,0,2609,289,0,1,0.0,134.06333699822426,frame_fifo_full,,,,,,,,,,,,,,,,,,,,,,,,,,,,,,,,,,,,,,,,,,,,,,,,,,,,,,,,
rsg_object_detection,dropped_oldest,2902,rsg_20260806_188_704900000_002902,dropped,True,fifo_cached_frame,2901,289,0,2610,289,0,1,0.0,23.283873000764288,frame_fifo_full,,,,,,,,,,,,,,,,,,,,,,,,,,,,,,,,,,,,,,,,,,,,,,,,,,,,,,,,
rsg_object_detection,dropped_oldest,2903,rsg_20260806_188_754899999_002903,dropped,True,fifo_cached_frame,2902,289,0,2611,289,0,1,0.0,59.325703005015384,frame_fifo_full,,,,,,,,,,,,,,,,,,,,,,,,,,,,,,,,,,,,,,,,,,,,,,,,,,,,,,,,
rsg_object_detection,dropped_oldest,2904,rsg_20260806_188_804900000_002904,dropped,True,fifo_cached_frame,2903,289,0,2612,289,0,1,0.0,100.7286319945706,frame_fifo_full,,,,,,,,,,,,,,,,,,,,,,,,,,,,,,,,,,,,,,,,,,,,,,,,,,,,,,,,
rsg_object_detection,frame_trace,2896,rsg_20260806_188_254899999_002896,sent_to_hydra,,,,,,,,,,,629.4013190054102,ok,13.552388998505194,608.9778769965051,1.4540540068992414,0.14249000378185883,1.3115640031173825,0.0028799986466765404,1.5069800065248273,0.20274400594644248,302.7000180009054,16.842561999510508,0.0071029935497790575,319.75242699991213,59.82078699889826,20.369236975966487,8.137853001244366,18.082097005390096,12.52490900515113,126.59224200615427,3.7300600015441887,1.1503210043883882,0.35246698826085776,1.3045879968558438,0.47857299796305597,0.008928000170271844,193.45431699912297,6.9370999990496784,0.17839299835031852,87.09378100320464,0.054878990340512246,9.403753996593878,8.7990419997368,0.09247600246453658,0.5122359943925403,3.492244999506511,0.6506299978354946,0.005760004569310695,5.414119004854001,8,0,8,0,0,,,,,,,,,,,,,,
rsg_object_detection,dropped_oldest,2905,rsg_20260806_188_854899999_002905,dropped,True,fifo_cached_frame,2904,290,0,2613,290,0,1,0.0,416.8181490022107,frame_fifo_full,,,,,,,,,,,,,,,,,,,,,,,,,,,,,,,,,,,,,,,,,,,,,,,,,,,,,,,,
rsg_object_detection,dropped_oldest,2907,rsg_20260806_189_004899999_002907,dropped,True,fifo_cached_frame,2906,290,0,2614,290,0,1,0.0,5.119827997987159,frame_fifo_full,,,,,,,,,,,,,,,,,,,,,,,,,,,,,,,,,,,,,,,,,,,,,,,,,,,,,,,,
rsg_object_detection,dropped_oldest,2908,rsg_20260806_189_054900000_002908,dropped,True,fifo_cached_frame,2907,290,0,2615,290,0,1,0.0,4.17301800189307,frame_fifo_full,,,,,,,,,,,,,,,,,,,,,,,,,,,,,,,,,,,,,,,,,,,,,,,,,,,,,,,,
rsg_object_detection,dropped_oldest,2909,rsg_20260806_189_104899999_002909,dropped,True,fifo_cached_frame,2908,290,0,2616,290,0,1,0.0,4.187705002550501,frame_fifo_full,,,,,,,,,,,,,,,,,,,,,,,,,,,,,,,,,,,,,,,,,,,,,,,,,,,,,,,,
rsg_object_detection,dropped_oldest,2910,rsg_20260806_189_204900000_002910,dropped,True,fifo_cached_frame,2909,290,0,2617,290,0,1,0.0,3.88848599686753,frame_fifo_full,,,,,,,,,,,,,,,,,,,,,,,,,,,,,,,,,,,,,,,,,,,,,,,,,,,,,,,,
rsg_object_detection,dropped_oldest,2911,rsg_20260806_189_254899999_002911,dropped,True,fifo_cached_frame,2910,290,0,2618,290,0,1,0.0,3.632400002970826,frame_fifo_full,,,,,,,,,,,,,,,,,,,,,,,,,,,,,,,,,,,,,,,,,,,,,,,,,,,,,,,,
rsg_object_detection,dropped_oldest,2912,rsg_20260806_189_354899999_002912,dropped,True,fifo_cached_frame,2911,290,0,2619,290,0,1,0.0,46.37991700292332,frame_fifo_full,,,,,,,,,,,,,,,,,,,,,,,,,,,,,,,,,,,,,,,,,,,,,,,,,,,,,,,,
rsg_object_detection,dropped_oldest,2913,rsg_20260806_189_404899999_002913,dropped,True,fifo_cached_frame,2912,290,0,2620,290,0,1,0.0,40.57691500202054,frame_fifo_full,,,,,,,,,,,,,,,,,,,,,,,,,,,,,,,,,,,,,,,,,,,,,,,,,,,,,,,,
rsg_object_detection,dropped_oldest,2914,rsg_20260806_189_454900000_002914,dropped,True,fifo_cached_frame,2913,290,0,2621,290,0,1,0.0,49.99074999795994,frame_fifo_full,,,,,,,,,,,,,,,,,,,,,,,,,,,,,,,,,,,,,,,,,,,,,,,,,,,,,,,,
rsg_object_detection,dropped_oldest,2915,rsg_20260806_189_504899999_002915,dropped,True,fifo_cached_frame,2914,290,0,2622,290,0,1,0.0,52.952488003938925,frame_fifo_full,,,,,,,,,,,,,,,,,,,,,,,,,,,,,,,,,,,,,,,,,,,,,,,,,,,,,,,,
rsg_object_detection,dropped_oldest,2916,rsg_20260806_189_554900000_002916,dropped,True,fifo_cached_frame,2915,290,0,2623,290,0,1,0.0,49.452147002739366,frame_fifo_full,,,,,,,,,,,,,,,,,,,,,,,,,,,,,,,,,,,,,,,,,,,,,,,,,,,,,,,,
rsg_object_detection,dropped_oldest,2917,rsg_20260806_189_604899999_002917,dropped,True,fifo_cached_frame,2916,290,0,2624,290,0,1,0.0,51.409988998784684,frame_fifo_full,,,,,,,,,,,,,,,,,,,,,,,,,,,,,,,,,,,,,,,,,,,,,,,,,,,,,,,,
rsg_object_detection,dropped_oldest,2918,rsg_20260806_189_654899999_002918,dropped,True,fifo_cached_frame,2917,290,0,2625,290,0,1,0.0,127.65729600505438,frame_fifo_full,,,,,,,,,,,,,,,,,,,,,,,,,,,,,,,,,,,,,,,,,,,,,,,,,,,,,,,,
rsg_object_detection,dropped_oldest,2919,rsg_20260806_189_754899999_002919,dropped,True,fifo_cached_frame,2918,290,0,2626,290,0,1,0.0,37.1439320006175,frame_fifo_full,,,,,,,,,,,,,,,,,,,,,,,,,,,,,,,,,,,,,,,,,,,,,,,,,,,,,,,,
rsg_object_detection,dropped_oldest,2920,rsg_20260806_189_804900000_002920,dropped,True,fifo_cached_frame,2919,290,0,2627,290,0,1,0.0,141.4496759971371,frame_fifo_full,,,,,,,,,,,,,,,,,,,,,,,,,,,,,,,,,,,,,,,,,,,,,,,,,,,,,,,,
rsg_object_detection,,677,rsg_20260806_48_804879999_000677,vlm_failed,,,,,,,,,,,,"{""label"":""unknown_object"",""label_confidence"":0.0,""mobility_class"":""unknown"",""mobility_confidence"":0.0}",,,,,,,,,,,,,,,,,,,,,,,,,,,,,,,,,,,,,,,,,,,rsg_obj_000086,rsg_unknown_rsg_20260806_48_804879999_000677_003_nanosam_007,,,1,0.6743462896621459,unknown_object,0.0,unknown,0.0,4710.201437002979,134916.17182100163,qwen_http,Qwen3-VL-8B-Instruct-GGUF
rsg_object_detection,completed,677,rsg_20260806_48_804879999_000677,,,,,,,,,,,130205.96830399882,,vlm_failed,,,,,,,,,,,,,,,,,,,,,,,,,,,,,,,,,,,,,,,,,,,rsg_obj_000086,rsg_unknown_rsg_20260806_48_804879999_000677_003_nanosam_007,111,300,1,0.6743462896621459,,,,,,,,
rsg_object_detection,frame_trace,2906,rsg_20260806_188_954900000_002906,sent_to_hydra,,,,,,,,,,,635.3696669975761,ok,12.5945399995544,612.2448249952868,1.2125909997848794,0.1754810000420548,1.0371099997428246,0.002016000507865101,10.003410003264435,4.115420997550245,305.8269850007491,22.31364099861821,0.009599003533367068,332.26564600045094,51.86075599340256,18.457573009072803,4.438575000676792,16.087999996670987,12.261495990969706,123.55470700276783,3.7966810050420463,0.9272910028812476,0.33537799754412845,1.2692609961959533,0.41918300121324137,0.005599998985417187,182.18863299989607,3.171137999743223,0.13839500024914742,84.42854899476515,0.049053996917791665,8.333877005497925,7.765260001178831,0.17100200057029724,0.3976150037487969,3.4704219942796044,0.7849929970689118,0.0052480027079582214,9.315695002442226,8,0,8,0,0,,,,,,,,,,,,,,
rsg_object_detection,dropped_oldest,2921,rsg_20260806_189_954900000_002921,dropped,True,fifo_cached_frame,2920,290,0,2628,291,0,1,0.0,75.64496299892198,frame_fifo_full,,,,,,,,,,,,,,,,,,,,,,,,,,,,,,,,,,,,,,,,,,,,,,,,,,,,,,,,
rsg_object_detection,dropped_oldest,2923,rsg_20260806_190_054900000_002923,dropped,True,fifo_cached_frame,2922,291,0,2629,291,0,1,0.0,48.088843999721576,frame_fifo_full,,,,,,,,,,,,,,,,,,,,,,,,,,,,,,,,,,,,,,,,,,,,,,,,,,,,,,,,
rsg_object_detection,dequeued,683,rsg_20260806_49_204880000_000683,,,,,,,,,,,135011.5704980053,,fifo_order,,,,,,,,,,,,,,,,,,,,,,,,,,,,,,,,,,,,,,,,,,,rsg_obj_000090,rsg_unknown_rsg_20260806_49_204880000_000683_006_nanosam_003,110,300,1,0.3646278938826467,,,,,,,,
rsg_object_detection,dropped_oldest,2924,rsg_20260806_190_104899999_002924,dropped,True,fifo_cached_frame,2923,291,0,2630,291,0,1,0.0,104.00838599889539,frame_fifo_full,,,,,,,,,,,,,,,,,,,,,,,,,,,,,,,,,,,,,,,,,,,,,,,,,,,,,,,,
rsg_object_detection,dropped_oldest,2925,rsg_20260806_190_204900000_002925,dropped,True,fifo_cached_frame,2924,291,0,2631,291,0,1,0.0,78.88851899770088,frame_fifo_full,,,,,,,,,,,,,,,,,,,,,,,,,,,,,,,,,,,,,,,,,,,,,,,,,,,,,,,,
rsg_object_detection,dropped_oldest,2926,rsg_20260806_190_254899999_002926,dropped,True,fifo_cached_frame,2925,291,0,2632,291,0,1,0.0,35.574333000113256,frame_fifo_full,,,,,,,,,,,,,,,,,,,,,,,,,,,,,,,,,,,,,,,,,,,,,,,,,,,,,,,,
rsg_object_detection,dropped_oldest,2927,rsg_20260806_190_304900000_002927,dropped,True,fifo_cached_frame,2926,291,0,2633,291,0,1,0.0,134.98091800283873,frame_fifo_full,,,,,,,,,,,,,,,,,,,,,,,,,,,,,,,,,,,,,,,,,,,,,,,,,,,,,,,,
rsg_object_detection,dropped_oldest,2928,rsg_20260806_190_454900000_002928,dropped,True,fifo_cached_frame,2927,291,0,2634,291,0,1,0.0,84.18542799336137,frame_fifo_full,,,,,,,,,,,,,,,,,,,,,,,,,,,,,,,,,,,,,,,,,,,,,,,,,,,,,,,,
rsg_object_detection,dropped_oldest,2929,rsg_20260806_190_504899999_002929,dropped,True,fifo_cached_frame,2928,291,0,2635,292,0,1,0.0,56.295463000424206,frame_fifo_full,,,,,,,,,,,,,,,,,,,,,,,,,,,,,,,,,,,,,,,,,,,,,,,,,,,,,,,,
rsg_object_detection,frame_trace,2922,rsg_20260806_190_004899999_002922,sent_to_hydra,,,,,,,,,,,514.0797329950146,ok,14.621916001487989,493.1733630000963,1.9858089945046231,0.16658499953337014,1.819223994971253,0.0053440016927197576,3.5926900018239394,0.8940760017139837,168.26513200066984,18.131089003873058,0.0073599949246272445,187.2976570011815,106.63964099512668,25.177562980388757,5.380650996812619,45.256314988364466,30.046200001379475,114.12270499567967,3.947301003790926,4.609737006830983,0.3825449966825545,1.2388629984343424,0.43847799679497257,0.006080001185182482,231.40198899636744,2.8575510004884563,0.1510660003987141,67.82649299566401,0.04591700417222455,9.971765000955202,9.267376000934746,0.14924300194252282,0.5551459980779327,4.018592000647914,0.6262789975153282,0.0052800023695454,4.293300997233018,8,0,7,0,0,,,,,,,,,,,,,,
rsg_object_detection,frame_trace,2930,rsg_20260806_190_554900000_002930,sent_to_hydra,,,,,,,,,,,583.1093879969558,ok,9.805051995499525,558.9625370048452,9.18360299692722,0.16146499547176063,9.02213800145546,0.00588800321565941,4.794273998413701,0.196056003915146,287.3909679983626,16.515280993189663,0.007840004400350153,304.11014499986777,86.24723598768469,21.336080993933138,12.835012006689794,37.66551501030335,13.668192994373385,87.87408399803098,3.222273000574205,0.8613419922767207,0.3236650227336213,1.2330070021562278,0.44276699918555096,0.006207999831531197,180.2276360031101,3.0093850000412203,0.146874001075048,66.6115380008705,0.06268500146688893,5.514085998584051,4.707685999164823,0.09826799941947684,0.7081319999997504,3.6211359984008595,0.6644859968218952,0.0053440016927197576,5.152307996468153,8,0,7,0,0,,,,,,,,,,,,,,
rsg_object_detection,frame_trace,2931,rsg_20260806_190_604899999_002931,sent_to_hydra,,,,,,,,,,,1203.0364220045158,ok,9.523943001113366,570.0182569999015,618.2766370038735,0.08118100231513381,618.1954560015583,0.003615998139139265,1.1260039973421954,0.19909600086975843,294.9116160016274,26.919157993688714,0.00790400372352451,322.0377739999094,58.03802300943062,19.058510006288998,5.056084999523591,20.45717300643446,12.925536997499876,102.3831779966713,2.743090008152649,0.7428490062011406,0.35275497793918476,1.2651340002776124,0.43675100459950045,0.006399997801054269,165.98737899767002,2.7298440036247484,0.1336269997409545,77.95118499780074,0.05244400381343439,4.980058998626191,4.273174999980256,0.09807600144995376,0.6088079971959814,3.919556002074387,0.618728001427371,0.005599998985417187,5.2139690014882945,8,0,7,0,0,,,,,,,,,,,,,,
rsg_object_detection,,683,rsg_20260806_49_204880000_000683,vlm_failed,,,,,,,,,,,,"{""label"":""unknown_object"",""label_confidence"":0.0,""mobility_class"":""unknown"",""mobility_confidence"":0.0}",,,,,,,,,,,,,,,,,,,,,,,,,,,,,,,,,,,,,,,,,,,rsg_obj_000090,rsg_unknown_rsg_20260806_49_204880000_000683_006_nanosam_003,,,1,0.3646278938826467,unknown_object,0.0,unknown,0.0,4468.693372000416,139480.26655799913,qwen_http,Qwen3-VL-8B-Instruct-GGUF
rsg_object_detection,completed,683,rsg_20260806_49_204880000_000683,,,,,,,,,,,135011.5704980053,,vlm_failed,,,,,,,,,,,,,,,,,,,,,,,,,,,,,,,,,,,,,,,,,,,rsg_obj_000090,rsg_unknown_rsg_20260806_49_204880000_000683_006_nanosam_003,110,300,1,0.3646278938826467,,,,,,,,
rsg_object_detection,dequeued,706,rsg_20260806_50_454880000_000706,,,,,,,,,,,138175.27503200108,,fifo_order,,,,,,,,,,,,,,,,,,,,,,,,,,,,,,,,,,,,,,,,,,,rsg_obj_000094,rsg_unknown_rsg_20260806_50_454880000_000706_006_nanosam_005,109,300,1,0.46069620748905377,,,,,,,,
rsg_object_detection,,706,rsg_20260806_50_454880000_000706,vlm_failed,,,,,,,,,,,,"{""label"":""unknown_object"",""label_confidence"":0.0,""mobility_class"":""unknown"",""mobility_confidence"":0.0}",,,,,,,,,,,,,,,,,,,,,,,,,,,,,,,,,,,,,,,,,,,rsg_obj_000094,rsg_unknown_rsg_20260806_50_454880000_000706_006_nanosam_005,,,1,0.46069620748905377,unknown_object,0.0,unknown,0.0,4496.101370998076,142671.3791229995,qwen_http,Qwen3-VL-8B-Instruct-GGUF
rsg_object_detection,completed,706,rsg_20260806_50_454880000_000706,,,,,,,,,,,138175.27503200108,,vlm_failed,,,,,,,,,,,,,,,,,,,,,,,,,,,,,,,,,,,,,,,,,,,rsg_obj_000094,rsg_unknown_rsg_20260806_50_454880000_000706_006_nanosam_005,109,300,1,0.46069620748905377,,,,,,,,
rsg_object_detection,dequeued,752,rsg_20260806_52_954880000_000752,,,,,,,,,,,142086.7742440023,,fifo_order,,,,,,,,,,,,,,,,,,,,,,,,,,,,,,,,,,,,,,,,,,,rsg_obj_000096,rsg_unknown_rsg_20260806_52_954880000_000752_000_nanosam_005,108,300,4,0.5318536050752299,,,,,,,,
rsg_object_detection,,752,rsg_20260806_52_954880000_000752,vlm_failed,,,,,,,,,,,,"{""label"":""unknown_object"",""label_confidence"":0.0,""mobility_class"":""unknown"",""mobility_confidence"":0.0}",,,,,,,,,,,,,,,,,,,,,,,,,,,,,,,,,,,,,,,,,,,rsg_obj_000096,rsg_unknown_rsg_20260806_52_954880000_000752_000_nanosam_005,,,4,0.5318536050752299,unknown_object,0.0,unknown,0.0,4179.685229995812,146266.4614259993,qwen_http,Qwen3-VL-8B-Instruct-GGUF
rsg_object_detection,completed,752,rsg_20260806_52_954880000_000752,,,,,,,,,,,142086.7742440023,,vlm_failed,,,,,,,,,,,,,,,,,,,,,,,,,,,,,,,,,,,,,,,,,,,rsg_obj_000096,rsg_unknown_rsg_20260806_52_954880000_000752_000_nanosam_005,108,300,4,0.5318536050752299,,,,,,,,
rsg_object_detection,dequeued,823,rsg_20260806_56_954880000_000823,,,,,,,,,,,142850.7677719972,,fifo_order,,,,,,,,,,,,,,,,,,,,,,,,,,,,,,,,,,,,,,,,,,,rsg_obj_000102,rsg_unknown_rsg_20260806_56_954880000_000823_000_nanosam_001,107,300,4,0.4738444193506638,,,,,,,,
rsg_object_detection,,823,rsg_20260806_56_954880000_000823,vlm_done,,,,,,,,,,,,ok,,,,,,,,,,,,,,,,,,,,,,,,,,,,,,,,,,,,,,,,,,,rsg_obj_000102,rsg_unknown_rsg_20260806_56_954880000_000823_000_nanosam_001,,,4,0.4738444193506638,ceiling_light,0.95,static,0.99,4909.424946003128,147760.1946700015,qwen_http,Qwen3-VL-8B-Instruct-GGUF
rsg_object_detection,completed,823,rsg_20260806_56_954880000_000823,,,,,,,,,,,142850.7677719972,,vlm_done,,,,,,,,,,,,,,,,,,,,,,,,,,,,,,,,,,,,,,,,,,,rsg_obj_000102,rsg_unknown_rsg_20260806_56_954880000_000823_000_nanosam_001,107,300,4,0.4738444193506638,,,,,,,,
rsg_object_detection,dequeued,860,rsg_20260806_59_254880000_000860,,,,,,,,,,,145313.90607799403,,fifo_order,,,,,,,,,,,,,,,,,,,,,,,,,,,,,,,,,,,,,,,,,,,rsg_obj_000107,rsg_unknown_rsg_20260806_59_254880000_000860_003_nanosam_004,106,300,3,0.7106020165919935,,,,,,,,
rsg_object_detection,,860,rsg_20260806_59_254880000_000860,vlm_failed,,,,,,,,,,,,"{""label"":""unknown_object"",""label_confidence"":0.0,""mobility_class"":""unknown"",""mobility_confidence"":0.0}",,,,,,,,,,,,,,,,,,,,,,,,,,,,,,,,,,,,,,,,,,,rsg_obj_000107,rsg_unknown_rsg_20260806_59_254880000_000860_003_nanosam_004,,,3,0.7106020165919935,unknown_object,0.0,unknown,0.0,5332.083052002417,150645.9913699946,qwen_http,Qwen3-VL-8B-Instruct-GGUF
rsg_object_detection,completed,860,rsg_20260806_59_254880000_000860,,,,,,,,,,,145313.90607799403,,vlm_failed,,,,,,,,,,,,,,,,,,,,,,,,,,,,,,,,,,,,,,,,,,,rsg_obj_000107,rsg_unknown_rsg_20260806_59_254880000_000860_003_nanosam_004,106,300,3,0.7106020165919935,,,,,,,,
rsg_object_detection,dequeued,860,rsg_20260806_59_254880000_000860,,,,,,,,,,,150130.1173489992,,fifo_order,,,,,,,,,,,,,,,,,,,,,,,,,,,,,,,,,,,,,,,,,,,rsg_obj_000108,rsg_unknown_rsg_20260806_59_254880000_000860_004_nanosam_003,105,300,3,0.5740328854911955,,,,,,,,
rsg_object_detection,,860,rsg_20260806_59_254880000_000860,vlm_failed,,,,,,,,,,,,"{""label"":""unknown_object"",""label_confidence"":0.0,""mobility_class"":""unknown"",""mobility_confidence"":0.0}",,,,,,,,,,,,,,,,,,,,,,,,,,,,,,,,,,,,,,,,,,,rsg_obj_000108,rsg_unknown_rsg_20260806_59_254880000_000860_004_nanosam_003,,,3,0.5740328854911955,unknown_object,0.0,unknown,0.0,4505.3149679952185,154635.4337889934,qwen_http,Qwen3-VL-8B-Instruct-GGUF
rsg_object_detection,completed,860,rsg_20260806_59_254880000_000860,,,,,,,,,,,150130.1173489992,,vlm_failed,,,,,,,,,,,,,,,,,,,,,,,,,,,,,,,,,,,,,,,,,,,rsg_obj_000108,rsg_unknown_rsg_20260806_59_254880000_000860_004_nanosam_003,105,300,3,0.5740328854911955,,,,,,,,
rsg_object_detection,dequeued,853,rsg_20260806_58_754880000_000853,,,,,,,,,,,154036.0938169979,,fifo_order,,,,,,,,,,,,,,,,,,,,,,,,,,,,,,,,,,,,,,,,,,,rsg_obj_000111,rsg_unknown_rsg_20260806_58_754880000_000853_003_nanosam_003,104,300,2,0.37483587403558494,,,,,,,,
rsg_object_detection,,853,rsg_20260806_58_754880000_000853,vlm_done,,,,,,,,,,,,ok,,,,,,,,,,,,,,,,,,,,,,,,,,,,,,,,,,,,,,,,,,,rsg_obj_000111,rsg_unknown_rsg_20260806_58_754880000_000853_003_nanosam_003,,,2,0.37483587403558494,wall,0.98,static,0.99,4387.194356000691,158423.28980499587,qwen_http,Qwen3-VL-8B-Instruct-GGUF
rsg_object_detection,completed,853,rsg_20260806_58_754880000_000853,,,,,,,,,,,154036.0938169979,,vlm_done,,,,,,,,,,,,,,,,,,,,,,,,,,,,,,,,,,,,,,,,,,,rsg_obj_000111,rsg_unknown_rsg_20260806_58_754880000_000853_003_nanosam_003,104,300,2,0.37483587403558494,,,,,,,,
rsg_object_detection,dequeued,860,rsg_20260806_59_254880000_000860,,,,,,,,,,,157804.24114599737,,fifo_order,,,,,,,,,,,,,,,,,,,,,,,,,,,,,,,,,,,,,,,,,,,rsg_obj_000112,rsg_unknown_rsg_20260806_59_254880000_000860_007_nanosam_000,103,300,1,0.4383222495707859,,,,,,,,
