node,event,sequence,frame_id,status,timing_valid,timing_source,received_count,processed_count,failed_count,dropped_count,hydra_published_count,frame_fifo_size,frame_fifo_max_size,queue_wait_ms,total_delay_ms,reason,coordinator_delay_ms,classifier_delay_ms,sent_to_classifier_delay_ms,callback_enqueue_delay_ms,frame_queue_wait_ms,classifier_debug_record_delay_ms,image_conversion_delay_ms,sam_prepare_ms,sam_inference_ms,sam_restore_ms,sam_other_ms,sam_delay_ms,geometry_metadata_ms,geometry_mask_extract_ms,geometry_depth_gather_ms,geometry_projection_ms,geometry_stats_ms,frame_assignment_ms,track_association_ms,crop_update_ms,run_rap_other_ms,active_segments_publish_ms,semantic_dispatch_ms,quality_deferred_release_ms,rap_delay_ms,label_map_delay_ms,metadata_delay_ms,result_message_build_delay_ms,classifier_other_ms,hydra_build_delay_ms,hydra_depth_filter_ms,hydra_metadata_build_ms,hydra_build_other_ms,hydra_publish_delay_ms,unknown_publish_delay_ms,coordinator_other_ms,pipeline_wait_ms,num_masks,num_known,num_unknown,num_unknown_tracks,num_vlm_queued,unknown_track_id,candidate_id,queue_size,queue_max_size,track_seen_count,best_frame_score,predicted_label,label_confidence,mobility_class,mobility_confidence,vlm_delay_ms,total_age_ms,backend,model
rsg_object_detection,dropped_oldest,2,rsg_20260806_12_654880000_000002,dropped,True,fifo_cached_frame,3,0,0,1,0,0,1,0.0,44.903910005814396,frame_fifo_full,,,,,,,,,,,,,,,,,,,,,,,,,,,,,,,,,,,,,,,,,,,,,,,,,,,,,,,,
rsg_object_detection,dropped_oldest,3,rsg_20260806_12_704879999_000003,dropped,True,fifo_cached_frame,4,0,0,2,0,0,1,0.0,48.65890499786474,frame_fifo_full,,,,,,,,,,,,,,,,,,,,,,,,,,,,,,,,,,,,,,,,,,,,,,,,,,,,,,,,
rsg_object_detection,dropped_oldest,4,rsg_20260806_12_754880000_000004,dropped,True,fifo_cached_frame,5,0,0,3,0,0,1,0.0,50.24320200027432,frame_fifo_full,,,,,,,,,,,,,,,,,,,,,,,,,,,,,,,,,,,,,,,,,,,,,,,,,,,,,,,,
rsg_object_detection,dropped_oldest,5,rsg_20260806_12_804880000_000005,dropped,True,fifo_cached_frame,6,0,0,4,0,0,1,0.0,49.852031996124424,frame_fifo_full,,,,,,,,,,,,,,,,,,,,,,,,,,,,,,,,,,,,,,,,,,,,,,,,,,,,,,,,
rsg_object_detection,dropped_oldest,6,rsg_20260806_12_854879999_000006,dropped,True,fifo_cached_frame,7,0,0,5,0,0,1,0.0,51.35104700457305,frame_fifo_full,,,,,,,,,,,,,,,,,,,,,,,,,,,,,,,,,,,,,,,,,,,,,,,,,,,,,,,,
rsg_object_detection,dropped_oldest,7,rsg_20260806_12_904880000_000007,dropped,True,fifo_cached_frame,8,0,0,6,0,0,1,0.0,51.14614999911282,frame_fifo_full,,,,,,,,,,,,,,,,,,,,,,,,,,,,,,,,,,,,,,,,,,,,,,,,,,,,,,,,
rsg_object_detection,dropped_oldest,8,rsg_20260806_12_954879999_000008,dropped,True,fifo_cached_frame,9,0,0,7,0,0,1,0.0,56.71625799732283,frame_fifo_full,,,,,,,,,,,,,,,,,,,,,,,,,,,,,,,,,,,,,,,,,,,,,,,,,,,,,,,,
rsg_object_detection,dropped_oldest,9,rsg_20260806_13_004879999_000009,dropped,True,fifo_cached_frame,10,0,0,8,0,0,1,0.0,41.34536399214994,frame_fifo_full,,,,,,,,,,,,,,,,,,,,,,,,,,,,,,,,,,,,,,,,,,,,,,,,,,,,,,,,
rsg_object_detection,dropped_oldest,10,rsg_20260806_13_054880000_000010,dropped,True,fifo_cached_frame,11,0,0,9,0,0,1,0.0,58.66989899368491,frame_fifo_full,,,,,,,,,,,,,,,,,,,,,,,,,,,,,,,,,,,,,,,,,,,,,,,,,,,,,,,,
rsg_object_detection,dropped_oldest,11,rsg_20260806_13_104879999_000011,dropped,True,fifo_cached_frame,12,0,0,10,0,0,1,0.0,40.10897201078478,frame_fifo_full,,,,,,,,,,,,,,,,,,,,,,,,,,,,,,,,,,,,,,,,,,,,,,,,,,,,,,,,
rsg_object_detection,frame_trace,1,rsg_20260806_12_604879999_000001,sent_to_hydra,,,,,,,,,,,532.4529329955112,ok,7.146564006689005,524.4362200028263,0.7289639906957746,0.10953699529636651,0.619426995399408,0.0010880030458793044,4.2066140013048425,0.1976649946300313,387.1571839990793,16.733653988922015,0.007936017937026918,404.09643900056835,89.16243899147958,17.57711500977166,10.233683991828002,38.133795009343885,22.637011017650366,7.28560499555897,3.1320160342147574,1.9679469987750053,0.345759981428273,2.9949910094728693,0.044321001041680574,0.004864006768912077,104.95861500385217,7.706183008849621,0.1284809986827895,3.309231993625872,0.030655995942652225,4.126676998566836,3.6612340045394376,0.07910400745458901,0.3863389865728095,2.406284009339288,0.6092190014896914,0.004383997293189168,0.1400969922542572,8,0,8,0,0,,,,,,,,,,,,,,
rsg_object_detection,dropped_oldest,13,rsg_20260806_13_204879999_000013,dropped,True,fifo_cached_frame,14,1,0,11,1,0,1,0.0,23.620343999937177,frame_fifo_full,,,,,,,,,,,,,,,,,,,,,,,,,,,,,,,,,,,,,,,,,,,,,,,,,,,,,,,,
rsg_object_detection,dropped_oldest,14,rsg_20260806_13_254880000_000014,dropped,True,fifo_cached_frame,15,1,0,12,1,0,1,0.0,48.89730500872247,frame_fifo_full,,,,,,,,,,,,,,,,,,,,,,,,,,,,,,,,,,,,,,,,,,,,,,,,,,,,,,,,
rsg_object_detection,dropped_oldest,15,rsg_20260806_13_304880000_000015,dropped,True,fifo_cached_frame,16,1,0,13,1,0,1,0.0,52.436394995311275,frame_fifo_full,,,,,,,,,,,,,,,,,,,,,,,,,,,,,,,,,,,,,,,,,,,,,,,,,,,,,,,,
rsg_object_detection,dropped_oldest,16,rsg_20260806_13_354879999_000016,dropped,True,fifo_cached_frame,17,1,0,14,1,0,1,0.0,49.69625300145708,frame_fifo_full,,,,,,,,,,,,,,,,,,,,,,,,,,,,,,,,,,,,,,,,,,,,,,,,,,,,,,,,
rsg_object_detection,dropped_oldest,17,rsg_20260806_13_404880000_000017,dropped,True,fifo_cached_frame,18,1,0,15,1,0,1,0.0,53.37281599349808,frame_fifo_full,,,,,,,,,,,,,,,,,,,,,,,,,,,,,,,,,,,,,,,,,,,,,,,,,,,,,,,,
rsg_object_detection,dropped_oldest,18,rsg_20260806_13_454879999_000018,dropped,True,fifo_cached_frame,19,1,0,16,1,0,1,0.0,48.206229010247625,frame_fifo_full,,,,,,,,,,,,,,,,,,,,,,,,,,,,,,,,,,,,,,,,,,,,,,,,,,,,,,,,
rsg_object_detection,dropped_oldest,19,rsg_20260806_13_504880000_000019,dropped,True,fifo_cached_frame,20,1,0,17,1,0,1,0.0,48.05822799971793,frame_fifo_full,,,,,,,,,,,,,,,,,,,,,,,,,,,,,,,,,,,,,,,,,,,,,,,,,,,,,,,,
rsg_object_detection,frame_trace,12,rsg_20260806_13_154880000_000012,sent_to_hydra,,,,,,,,,,,446.8827870005043,ok,7.583782004076056,421.6958429897204,17.285463996813633,0.13718400441575795,17.148279992397875,0.0027520000003278255,0.9043559985002503,0.15644899394828826,267.88808399578556,22.206865993211977,0.0047360226744785905,290.2561350056203,101.63773303793278,20.087078024516813,10.839286987902597,44.30342698469758,25.783203018363565,13.933926995377988,2.714223024668172,0.9980520117096603,0.27955292898695916,1.3732549996348098,0.028480993933044374,0.004191999323666096,120.98538399732206,2.8664780111284927,0.103521000710316,6.55084899335634,0.02911998308263719,4.8218159936368465,4.267861004336737,0.08828799764160067,0.4656669916585088,2.153258988982998,0.6043549947207794,0.004352026735432446,0.31494600989390165,8,0,8,0,0,,,,,,,,,,,,,,
rsg_object_detection,dropped_oldest,21,rsg_20260806_13_604879999_000021,dropped,True,fifo_cached_frame,22,2,0,18,2,0,1,0.0,36.987803992815316,frame_fifo_full,,,,,,,,,,,,,,,,,,,,,,,,,,,,,,,,,,,,,,,,,,,,,,,,,,,,,,,,
rsg_object_detection,dropped_oldest,22,rsg_20260806_13_654880000_000022,dropped,True,fifo_cached_frame,23,2,0,19,2,0,1,0.0,52.99527799070347,frame_fifo_full,,,,,,,,,,,,,,,,,,,,,,,,,,,,,,,,,,,,,,,,,,,,,,,,,,,,,,,,
rsg_object_detection,dropped_oldest,23,rsg_20260806_13_704879999_000023,dropped,True,fifo_cached_frame,24,2,0,20,2,0,1,0.0,49.70953401061706,frame_fifo_full,,,,,,,,,,,,,,,,,,,,,,,,,,,,,,,,,,,,,,,,,,,,,,,,,,,,,,,,
rsg_object_detection,dropped_oldest,24,rsg_20260806_13_754880000_000024,dropped,True,fifo_cached_frame,25,2,0,21,2,0,1,0.0,50.8447710017208,frame_fifo_full,,,,,,,,,,,,,,,,,,,,,,,,,,,,,,,,,,,,,,,,,,,,,,,,,,,,,,,,
rsg_object_detection,dropped_oldest,25,rsg_20260806_13_804880000_000025,dropped,True,fifo_cached_frame,26,2,0,22,2,0,1,0.0,50.86553900036961,frame_fifo_full,,,,,,,,,,,,,,,,,,,,,,,,,,,,,,,,,,,,,,,,,,,,,,,,,,,,,,,,
rsg_object_detection,dropped_oldest,26,rsg_20260806_13_854879999_000026,dropped,True,fifo_cached_frame,27,2,0,23,2,0,1,0.0,50.16278299444821,frame_fifo_full,,,,,,,,,,,,,,,,,,,,,,,,,,,,,,,,,,,,,,,,,,,,,,,,,,,,,,,,
rsg_object_detection,frame_trace,20,rsg_20260806_13_554880000_000020,sent_to_hydra,,,,,,,,,,,465.2904649992706,ok,8.702220002305694,407.86207700148225,48.350165990996175,0.13619300443679094,48.213972986559384,0.002176006091758609,0.9066610073205084,0.1460170024074614,287.51035999448504,30.277753990958445,0.008160015568137169,317.9422910034191,56.9805790000828,19.25168200978078,4.622263993951492,11.842972962767817,20.736298014526255,17.201783004566096,2.562699984991923,0.46201997611206025,0.288129027467221,1.23517400061246,0.031200004741549492,0.0036800047382712364,78.78020899079274,2.658765995875001,0.11462401016615331,7.427397998981178,0.032127994927577674,4.136789008043706,3.628050006227568,0.08735999290365726,0.42137900891248137,3.963124006986618,0.5973469960736111,0.004959991201758385,0.37382599839475006,8,0,8,0,0,,,,,,,,,,,,,,
rsg_object_detection,dropped_oldest,28,rsg_20260806_13_954879999_000028,dropped,True,fifo_cached_frame,29,3,0,24,3,0,1,0.0,36.23048699228093,frame_fifo_full,,,,,,,,,,,,,,,,,,,,,,,,,,,,,,,,,,,,,,,,,,,,,,,,,,,,,,,,
rsg_object_detection,dropped_oldest,29,rsg_20260806_14_004879999_000029,dropped,True,fifo_cached_frame,30,3,0,25,3,0,1,0.0,97.49290898616891,frame_fifo_full,,,,,,,,,,,,,,,,,,,,,,,,,,,,,,,,,,,,,,,,,,,,,,,,,,,,,,,,
rsg_object_detection,dropped_oldest,37,rsg_20260806_14_404880000_000037,dropped,True,fifo_cached_frame,31,3,0,26,3,0,1,0.0,59.90283099527005,frame_fifo_full,,,,,,,,,,,,,,,,,,,,,,,,,,,,,,,,,,,,,,,,,,,,,,,,,,,,,,,,
rsg_object_detection,dropped_oldest,38,rsg_20260806_14_454879999_000038,dropped,True,fifo_cached_frame,32,3,0,27,3,0,1,0.0,64.27594200067688,frame_fifo_full,,,,,,,,,,,,,,,,,,,,,,,,,,,,,,,,,,,,,,,,,,,,,,,,,,,,,,,,
rsg_object_detection,dropped_oldest,39,rsg_20260806_14_504880000_000039,dropped,True,fifo_cached_frame,33,3,0,28,3,0,1,0.0,27.178889999049716,frame_fifo_full,,,,,,,,,,,,,,,,,,,,,,,,,,,,,,,,,,,,,,,,,,,,,,,,,,,,,,,,
rsg_object_detection,frame_trace,27,rsg_20260806_13_904880000_000027,sent_to_hydra,,,,,,,,,,,695.0139219989069,ok,10.2650119952159,569.639683002606,114.50381499889772,0.190656995982863,114.31315800291486,0.0021759915398433805,1.000869000563398,0.15568100207019597,300.6137139891507,19.145665006362833,0.006079993909224868,319.92113999149296,169.58226601127535,73.1570100033423,5.458554005599581,48.76751100528054,41.50814798776992,63.5826259967871,2.858608975657262,0.4708489868789911,0.316768026095815,1.2043579918099567,0.033249001717194915,0.00457599526271224,238.06824500206858,2.9162059945520014,0.118113006465137,7.57709400204476,0.0380160054191947,5.793948992504738,5.0954180042026564,0.09772900375537574,0.6008019845467061,3.8102590042399243,0.6562280032085255,0.00457599526271224,0.6032360106473789,8,0,8,0,0,,,,,,,,,,,,,,
rsg_object_detection,dropped_oldest,41,rsg_20260806_14_604879999_000041,dropped,True,fifo_cached_frame,35,4,0,29,4,0,1,0.0,5.498043989064172,frame_fifo_full,,,,,,,,,,,,,,,,,,,,,,,,,,,,,,,,,,,,,,,,,,,,,,,,,,,,,,,,
rsg_object_detection,dropped_oldest,42,rsg_20260806_14_654880000_000042,dropped,True,fifo_cached_frame,36,4,0,30,4,0,1,0.0,40.00848998839501,frame_fifo_full,,,,,,,,,,,,,,,,,,,,,,,,,,,,,,,,,,,,,,,,,,,,,,,,,,,,,,,,
rsg_object_detection,dropped_oldest,43,rsg_20260806_14_704879999_000043,dropped,True,fifo_cached_frame,37,4,0,31,4,0,1,0.0,59.57246100297198,frame_fifo_full,,,,,,,,,,,,,,,,,,,,,,,,,,,,,,,,,,,,,,,,,,,,,,,,,,,,,,,,
rsg_object_detection,dropped_oldest,44,rsg_20260806_14_754880000_000044,dropped,True,fifo_cached_frame,38,4,0,32,4,0,1,0.0,38.32672200223897,frame_fifo_full,,,,,,,,,,,,,,,,,,,,,,,,,,,,,,,,,,,,,,,,,,,,,,,,,,,,,,,,
rsg_object_detection,dropped_oldest,45,rsg_20260806_14_804880000_000045,dropped,True,fifo_cached_frame,39,4,0,33,4,0,1,0.0,51.85539800731931,frame_fifo_full,,,,,,,,,,,,,,,,,,,,,,,,,,,,,,,,,,,,,,,,,,,,,,,,,,,,,,,,
rsg_object_detection,dropped_oldest,46,rsg_20260806_14_854879999_000046,dropped,True,fifo_cached_frame,40,4,0,34,4,0,1,0.0,51.89635799615644,frame_fifo_full,,,,,,,,,,,,,,,,,,,,,,,,,,,,,,,,,,,,,,,,,,,,,,,,,,,,,,,,
rsg_object_detection,dropped_oldest,47,rsg_20260806_14_904880000_000047,dropped,True,fifo_cached_frame,41,4,0,35,4,0,1,0.0,79.34081699931994,frame_fifo_full,,,,,,,,,,,,,,,,,,,,,,,,,,,,,,,,,,,,,,,,,,,,,,,,,,,,,,,,
rsg_object_detection,dropped_oldest,48,rsg_20260806_14_954879999_000048,dropped,True,fifo_cached_frame,42,4,0,36,4,0,1,0.0,33.633129991358146,frame_fifo_full,,,,,,,,,,,,,,,,,,,,,,,,,,,,,,,,,,,,,,,,,,,,,,,,,,,,,,,,
rsg_object_detection,dropped_oldest,49,rsg_20260806_15_004879999_000049,dropped,True,fifo_cached_frame,43,4,0,37,4,0,1,0.0,38.34800199547317,frame_fifo_full,,,,,,,,,,,,,,,,,,,,,,,,,,,,,,,,,,,,,,,,,,,,,,,,,,,,,,,,
rsg_object_detection,frame_trace,40,rsg_20260806_14_554880000_000040,sent_to_hydra,,,,,,,,,,,518.1306860031327,ok,8.32247399375774,460.2715450018877,49.13352901348844,0.14176100376062095,48.99176800972782,0.0012160016922280192,0.9146610100287944,0.1737610000418499,300.99521900410764,14.617034001275897,0.00582398206461221,315.79183798749,97.98347199102864,21.61044599779416,4.706903986516409,45.3807719895849,25.70291697338689,16.59873999597039,2.6837589975912124,0.3714900085469708,0.29574401560239494,1.2497339921537787,0.03244800609536469,0.004191999323666096,119.23513100191485,16.3899390026927,0.11737699969671667,7.790855001076125,0.03174399898853153,4.294165002647787,3.804403997492045,0.08121599967125803,0.40854500548448414,3.39109000924509,0.6318429950624704,0.005375986802391708,0.40192199230659753,8,0,8,0,0,,,,,,,,,,,,,,
rsg_object_detection,dropped_oldest,51,rsg_20260806_15_104879999_000051,dropped,True,fifo_cached_frame,45,5,0,38,5,0,1,0.0,37.43781999219209,frame_fifo_full,,,,,,,,,,,,,,,,,,,,,,,,,,,,,,,,,,,,,,,,,,,,,,,,,,,,,,,,
rsg_object_detection,dropped_oldest,52,rsg_20260806_15_154880000_000052,dropped,True,fifo_cached_frame,46,5,0,39,5,0,1,0.0,51.74429199541919,frame_fifo_full,,,,,,,,,,,,,,,,,,,,,,,,,,,,,,,,,,,,,,,,,,,,,,,,,,,,,,,,
rsg_object_detection,dropped_oldest,53,rsg_20260806_15_204879999_000053,dropped,True,fifo_cached_frame,47,5,0,40,5,0,1,0.0,58.632710002711974,frame_fifo_full,,,,,,,,,,,,,,,,,,,,,,,,,,,,,,,,,,,,,,,,,,,,,,,,,,,,,,,,
rsg_object_detection,dropped_oldest,54,rsg_20260806_15_254880000_000054,dropped,True,fifo_cached_frame,48,5,0,41,5,0,1,0.0,41.126702999463305,frame_fifo_full,,,,,,,,,,,,,,,,,,,,,,,,,,,,,,,,,,,,,,,,,,,,,,,,,,,,,,,,
rsg_object_detection,dropped_oldest,55,rsg_20260806_15_304880000_000055,dropped,True,fifo_cached_frame,49,5,0,42,5,0,1,0.0,73.47732999187429,frame_fifo_full,,,,,,,,,,,,,,,,,,,,,,,,,,,,,,,,,,,,,,,,,,,,,,,,,,,,,,,,
rsg_object_detection,dropped_oldest,56,rsg_20260806_15_354879999_000056,dropped,True,fifo_cached_frame,50,5,0,43,5,0,1,0.0,55.37855099828448,frame_fifo_full,,,,,,,,,,,,,,,,,,,,,,,,,,,,,,,,,,,,,,,,,,,,,,,,,,,,,,,,
rsg_object_detection,dropped_oldest,57,rsg_20260806_15_404880000_000057,dropped,True,fifo_cached_frame,51,5,0,44,5,0,1,0.0,33.99655500834342,frame_fifo_full,,,,,,,,,,,,,,,,,,,,,,,,,,,,,,,,,,,,,,,,,,,,,,,,,,,,,,,,
rsg_object_detection,frame_trace,50,rsg_20260806_15_054880000_000050,sent_to_hydra,,,,,,,,,,,419.15509999671485,ok,8.739179989788681,382.83882100949995,23.70792700094171,0.21728100546170026,23.49064599548001,0.002464003046043217,0.9273320029024035,0.1511690061306581,217.04346001206432,24.574747003498487,0.006399990525096655,241.77577601221856,83.21104299102444,34.07009101647418,4.394102012156509,23.762710989103653,20.367783014080487,36.74056900490541,3.600979005568661,1.8871459760703146,0.3446720220381394,1.325030010775663,0.0400970020564273,0.004768007784150541,127.17123200127389,4.6235109912231565,0.1321609888691455,8.174153001164086,0.03465601184871048,4.641943000024185,4.180788993835449,0.08284799696411937,0.378306009224616,3.432978002820164,0.6587550014955923,0.005503985448740423,3.8667079934384674,8,0,8,0,0,,,,,,,,,,,,,,
rsg_object_detection,dropped_oldest,59,rsg_20260806_15_504880000_000059,dropped,True,fifo_cached_frame,53,6,0,45,6,0,1,0.0,53.00778699165676,frame_fifo_full,,,,,,,,,,,,,,,,,,,,,,,,,,,,,,,,,,,,,,,,,,,,,,,,,,,,,,,,
rsg_object_detection,dropped_oldest,60,rsg_20260806_15_554880000_000060,dropped,True,fifo_cached_frame,54,6,0,46,6,0,1,0.0,50.872256004367955,frame_fifo_full,,,,,,,,,,,,,,,,,,,,,,,,,,,,,,,,,,,,,,,,,,,,,,,,,,,,,,,,
rsg_object_detection,dropped_oldest,61,rsg_20260806_15_604879999_000061,dropped,True,fifo_cached_frame,55,6,0,47,6,0,1,0.0,51.15913700137753,frame_fifo_full,,,,,,,,,,,,,,,,,,,,,,,,,,,,,,,,,,,,,,,,,,,,,,,,,,,,,,,,
rsg_object_detection,dropped_oldest,62,rsg_20260806_15_654880000_000062,dropped,True,fifo_cached_frame,56,6,0,48,6,0,1,0.0,48.40907600009814,frame_fifo_full,,,,,,,,,,,,,,,,,,,,,,,,,,,,,,,,,,,,,,,,,,,,,,,,,,,,,,,,
rsg_object_detection,dropped_oldest,63,rsg_20260806_15_704879999_000063,dropped,True,fifo_cached_frame,57,6,0,49,6,0,1,0.0,51.003616987145506,frame_fifo_full,,,,,,,,,,,,,,,,,,,,,,,,,,,,,,,,,,,,,,,,,,,,,,,,,,,,,,,,
rsg_object_detection,dropped_oldest,64,rsg_20260806_15_754880000_000064,dropped,True,fifo_cached_frame,58,6,0,50,6,0,1,0.0,70.50665900169406,frame_fifo_full,,,,,,,,,,,,,,,,,,,,,,,,,,,,,,,,,,,,,,,,,,,,,,,,,,,,,,,,
rsg_object_detection,dropped_oldest,65,rsg_20260806_15_804880000_000065,dropped,True,fifo_cached_frame,59,6,0,51,6,0,1,0.0,34.26596500503365,frame_fifo_full,,,,,,,,,,,,,,,,,,,,,,,,,,,,,,,,,,,,,,,,,,,,,,,,,,,,,,,,
rsg_object_detection,dropped_oldest,66,rsg_20260806_15_854879999_000066,dropped,True,fifo_cached_frame,60,6,0,52,6,0,1,0.0,49.941819001105614,frame_fifo_full,,,,,,,,,,,,,,,,,,,,,,,,,,,,,,,,,,,,,,,,,,,,,,,,,,,,,,,,
rsg_object_detection,frame_trace,58,rsg_20260806_15_454879999_000058,sent_to_hydra,,,,,,,,,,,452.4606750055682,ok,8.650123010738753,426.36739199224394,13.712101004784927,0.15603299834765494,13.556068006437272,0.0026560010155662894,0.9068530052900314,0.19340899598319083,265.38014999823645,16.96155699028168,0.006272006430663168,282.541387990932,75.51026696455665,20.473192998906597,4.664822990889661,17.351221991702914,32.349891000194475,39.154117010184564,8.088007991318591,0.6069470109650865,0.302851025480777,3.458737992332317,0.04569599695969373,0.004992005415260792,127.18799999856856,6.227262987522408,0.14124899462331086,9.324526996351779,0.03811201895587146,4.65807098953519,4.166452999925241,0.0910399976419285,0.4005779919680208,3.330673003802076,0.6565150106325746,0.004864006768912077,3.7284029967850074,8,0,8,0,0,,,,,,,,,,,,,,
rsg_object_detection,dropped_oldest,68,rsg_20260806_15_954879999_000068,dropped,True,fifo_cached_frame,62,7,0,53,7,0,1,0.0,48.17198599630501,frame_fifo_full,,,,,,,,,,,,,,,,,,,,,,,,,,,,,,,,,,,,,,,,,,,,,,,,,,,,,,,,
rsg_object_detection,dropped_oldest,69,rsg_20260806_16_004879999_000069,dropped,True,fifo_cached_frame,63,7,0,54,7,0,1,0.0,44.36012699443381,frame_fifo_full,,,,,,,,,,,,,,,,,,,,,,,,,,,,,,,,,,,,,,,,,,,,,,,,,,,,,,,,
rsg_object_detection,dropped_oldest,70,rsg_20260806_16_054880000_000070,dropped,True,fifo_cached_frame,64,7,0,55,7,0,1,0.0,49.51979999896139,frame_fifo_full,,,,,,,,,,,,,,,,,,,,,,,,,,,,,,,,,,,,,,,,,,,,,,,,,,,,,,,,
rsg_object_detection,dropped_oldest,71,rsg_20260806_16_104880000_000071,dropped,True,fifo_cached_frame,65,7,0,56,7,0,1,0.0,51.21343900100328,frame_fifo_full,,,,,,,,,,,,,,,,,,,,,,,,,,,,,,,,,,,,,,,,,,,,,,,,,,,,,,,,
rsg_object_detection,dropped_oldest,72,rsg_20260806_16_154879999_000072,dropped,True,fifo_cached_frame,66,7,0,57,7,0,1,0.0,46.36442400806118,frame_fifo_full,,,,,,,,,,,,,,,,,,,,,,,,,,,,,,,,,,,,,,,,,,,,,,,,,,,,,,,,
rsg_object_detection,dropped_oldest,73,rsg_20260806_16_204879999_000073,dropped,True,fifo_cached_frame,67,7,0,58,7,0,1,0.0,68.80389600701164,frame_fifo_full,,,,,,,,,,,,,,,,,,,,,,,,,,,,,,,,,,,,,,,,,,,,,,,,,,,,,,,,
rsg_object_detection,dropped_oldest,74,rsg_20260806_16_254880000_000074,dropped,True,fifo_cached_frame,68,7,0,59,7,0,1,0.0,41.42507098731585,frame_fifo_full,,,,,,,,,,,,,,,,,,,,,,,,,,,,,,,,,,,,,,,,,,,,,,,,,,,,,,,,
rsg_object_detection,dropped_oldest,75,rsg_20260806_16_304880000_000075,dropped,True,fifo_cached_frame,69,7,0,60,7,0,1,0.0,58.551396999973804,frame_fifo_full,,,,,,,,,,,,,,,,,,,,,,,,,,,,,,,,,,,,,,,,,,,,,,,,,,,,,,,,
rsg_object_detection,frame_trace,67,rsg_20260806_15_904880000_000067,sent_to_hydra,,,,,,,,,,,486.18131400144193,ok,9.99777800461743,462.06212100514676,13.687332990230061,0.13833699631504714,13.548995993915014,0.0017279962776228786,0.9023089951369911,0.15952000103425235,266.61583299573977,23.774135013809428,0.0066559878177940845,290.55614399840124,116.40694999368861,18.76278198324144,4.589493997627869,44.573278006282635,47.82865397282876,21.292265999363735,3.797586992732249,0.7497960177715868,16.16967999143526,1.3297029945533723,0.03696000203490257,0.004191999323666096,159.80262200173456,2.9788310057483613,0.11622501187957823,7.671750005101785,0.0342399871442467,6.042398003046401,3.779090999159962,0.09145599324256182,2.171851010643877,3.307568986201659,0.6432670052163303,0.00454401015304029,0.43235400517005473,8,0,8,0,0,,,,,,,,,,,,,,
rsg_object_detection,dropped_oldest,77,rsg_20260806_16_404879999_000077,dropped,True,fifo_cached_frame,71,8,0,61,8,0,1,0.0,47.97153499384876,frame_fifo_full,,,,,,,,,,,,,,,,,,,,,,,,,,,,,,,,,,,,,,,,,,,,,,,,,,,,,,,,
rsg_object_detection,dropped_oldest,78,rsg_20260806_16_454879999_000078,dropped,True,fifo_cached_frame,72,8,0,62,8,0,1,0.0,51.78918699675705,frame_fifo_full,,,,,,,,,,,,,,,,,,,,,,,,,,,,,,,,,,,,,,,,,,,,,,,,,,,,,,,,
rsg_object_detection,dropped_oldest,79,rsg_20260806_16_504880000_000079,dropped,True,fifo_cached_frame,73,8,0,63,8,0,1,0.0,54.24753500847146,frame_fifo_full,,,,,,,,,,,,,,,,,,,,,,,,,,,,,,,,,,,,,,,,,,,,,,,,,,,,,,,,
rsg_object_detection,dropped_oldest,80,rsg_20260806_16_554880000_000080,dropped,True,fifo_cached_frame,74,8,0,64,8,0,1,0.0,52.29165300261229,frame_fifo_full,,,,,,,,,,,,,,,,,,,,,,,,,,,,,,,,,,,,,,,,,,,,,,,,,,,,,,,,
rsg_object_detection,dropped_oldest,81,rsg_20260806_16_604880000_000081,dropped,True,fifo_cached_frame,75,8,0,65,8,0,1,0.0,45.63472399604507,frame_fifo_full,,,,,,,,,,,,,,,,,,,,,,,,,,,,,,,,,,,,,,,,,,,,,,,,,,,,,,,,
rsg_object_detection,dropped_oldest,82,rsg_20260806_16_654879999_000082,dropped,True,fifo_cached_frame,76,8,0,66,8,0,1,0.0,51.63942600484006,frame_fifo_full,,,,,,,,,,,,,,,,,,,,,,,,,,,,,,,,,,,,,,,,,,,,,,,,,,,,,,,,
rsg_object_detection,dropped_oldest,83,rsg_20260806_16_704879999_000083,dropped,True,fifo_cached_frame,77,8,0,67,8,0,1,0.0,47.14852399774827,frame_fifo_full,,,,,,,,,,,,,,,,,,,,,,,,,,,,,,,,,,,,,,,,,,,,,,,,,,,,,,,,
rsg_object_detection,dropped_oldest,84,rsg_20260806_16_754880000_000084,dropped,True,fifo_cached_frame,78,8,0,68,8,0,1,0.0,71.22986001195386,frame_fifo_full,,,,,,,,,,,,,,,,,,,,,,,,,,,,,,,,,,,,,,,,,,,,,,,,,,,,,,,,
rsg_object_detection,frame_trace,76,rsg_20260806_16_354880000_000076,sent_to_hydra,,,,,,,,,,,484.85551099292934,ok,19.440417003352195,435.4871999967145,29.519539995817468,0.12905699259135872,29.39048300322611,0.0020799925550818443,4.802743991604075,0.16144099936354905,288.2872329937527,27.683402004186064,0.006848000339232385,316.13892399764154,65.58023199613672,17.467254991061054,4.055796976899728,26.10777798690833,17.416120012057945,29.61934800259769,3.08971299091354,0.590434021432884,0.4167049773968756,1.2193660077173263,0.03417600237298757,0.0038720027077943087,100.57045400026254,6.059934996301308,0.1259520067833364,7.754247009870596,0.03494399425107986,15.443404990946874,3.808466994087212,0.09686399425845593,11.538074002601206,3.3636650041444227,0.6278429937083274,0.0055040145525708795,0.40627400449011475,8,0,8,0,0,,,,,,,,,,,,,,
rsg_object_detection,dropped_oldest,86,rsg_20260806_16_854880000_000086,dropped,True,fifo_cached_frame,80,9,0,69,9,0,1,0.0,29.63617999921553,frame_fifo_full,,,,,,,,,,,,,,,,,,,,,,,,,,,,,,,,,,,,,,,,,,,,,,,,,,,,,,,,
rsg_object_detection,dropped_oldest,87,rsg_20260806_16_904879999_000087,dropped,True,fifo_cached_frame,81,9,0,70,9,0,1,0.0,61.522772011812776,frame_fifo_full,,,,,,,,,,,,,,,,,,,,,,,,,,,,,,,,,,,,,,,,,,,,,,,,,,,,,,,,
rsg_object_detection,dropped_oldest,88,rsg_20260806_16_954879999_000088,dropped,True,fifo_cached_frame,82,9,0,71,9,0,1,0.0,43.45497000031173,frame_fifo_full,,,,,,,,,,,,,,,,,,,,,,,,,,,,,,,,,,,,,,,,,,,,,,,,,,,,,,,,
rsg_object_detection,dropped_oldest,89,rsg_20260806_17_004879999_000089,dropped,True,fifo_cached_frame,83,9,0,72,9,0,1,0.0,61.055472993757576,frame_fifo_full,,,,,,,,,,,,,,,,,,,,,,,,,,,,,,,,,,,,,,,,,,,,,,,,,,,,,,,,
rsg_object_detection,dropped_oldest,90,rsg_20260806_17_054880000_000090,dropped,True,fifo_cached_frame,84,9,0,73,9,0,1,0.0,36.721238007885404,frame_fifo_full,,,,,,,,,,,,,,,,,,,,,,,,,,,,,,,,,,,,,,,,,,,,,,,,,,,,,,,,
rsg_object_detection,dropped_oldest,91,rsg_20260806_17_104880000_000091,dropped,True,fifo_cached_frame,85,9,0,74,9,0,1,0.0,74.13787199766375,frame_fifo_full,,,,,,,,,,,,,,,,,,,,,,,,,,,,,,,,,,,,,,,,,,,,,,,,,,,,,,,,
rsg_object_detection,dropped_oldest,92,rsg_20260806_17_154879999_000092,dropped,True,fifo_cached_frame,86,9,0,75,9,0,1,0.0,25.975265001761727,frame_fifo_full,,,,,,,,,,,,,,,,,,,,,,,,,,,,,,,,,,,,,,,,,,,,,,,,,,,,,,,,
rsg_object_detection,dropped_oldest,93,rsg_20260806_17_204879999_000093,dropped,True,fifo_cached_frame,87,9,0,76,9,0,1,0.0,48.162991006392986,frame_fifo_full,,,,,,,,,,,,,,,,,,,,,,,,,,,,,,,,,,,,,,,,,,,,,,,,,,,,,,,,
rsg_object_detection,frame_trace,85,rsg_20260806_16_804880000_000085,sent_to_hydra,,,,,,,,,,,436.52483099140227,ok,14.923818001989275,384.5198360068025,36.463158001424745,0.13331299123819917,36.329845010186546,0.0023040047381073236,0.9237810008926317,0.15555300342384726,216.4154799975222,26.977638000971638,0.005216003046371043,243.55388700496405,65.87962301273365,23.32331500656437,4.630008028470911,17.34443697205279,19.922017032513395,58.01392000284977,2.9649439675267786,0.6969939859118313,0.31094602309167385,1.21971798944287,0.031521005439572036,0.004191999323666096,129.13702600053512,2.5688119931146502,0.12224100646562874,8.173864989657886,0.040224011172540486,10.677044992917217,10.088659008033574,0.08880000677891076,0.49958597810473293,3.4580649953568354,0.7836519944248721,0.0050560192903503776,0.6157149764476344,8,0,8,0,0,,,,,,,,,,,,,,
rsg_object_detection,dropped_oldest,95,rsg_20260806_17_304880000_000095,dropped,True,fifo_cached_frame,89,10,0,77,10,0,1,0.0,52.02073900727555,frame_fifo_full,,,,,,,,,,,,,,,,,,,,,,,,,,,,,,,,,,,,,,,,,,,,,,,,,,,,,,,,
rsg_object_detection,dropped_oldest,96,rsg_20260806_17_354880000_000096,dropped,True,fifo_cached_frame,90,10,0,78,10,0,1,0.0,53.40324100689031,frame_fifo_full,,,,,,,,,,,,,,,,,,,,,,,,,,,,,,,,,,,,,,,,,,,,,,,,,,,,,,,,
rsg_object_detection,dropped_oldest,97,rsg_20260806_17_404879999_000097,dropped,True,fifo_cached_frame,91,10,0,79,10,0,1,0.0,49.45541299821343,frame_fifo_full,,,,,,,,,,,,,,,,,,,,,,,,,,,,,,,,,,,,,,,,,,,,,,,,,,,,,,,,
rsg_object_detection,dropped_oldest,98,rsg_20260806_17_454879999_000098,dropped,True,fifo_cached_frame,92,10,0,80,10,0,1,0.0,49.71963900607079,frame_fifo_full,,,,,,,,,,,,,,,,,,,,,,,,,,,,,,,,,,,,,,,,,,,,,,,,,,,,,,,,
rsg_object_detection,dropped_oldest,99,rsg_20260806_17_504880000_000099,dropped,True,fifo_cached_frame,93,10,0,81,10,0,1,0.0,70.93580799119081,frame_fifo_full,,,,,,,,,,,,,,,,,,,,,,,,,,,,,,,,,,,,,,,,,,,,,,,,,,,,,,,,
rsg_object_detection,dropped_oldest,100,rsg_20260806_17_554880000_000100,dropped,True,fifo_cached_frame,94,10,0,82,10,0,1,0.0,25.997761011240073,frame_fifo_full,,,,,,,,,,,,,,,,,,,,,,,,,,,,,,,,,,,,,,,,,,,,,,,,,,,,,,,,
rsg_object_detection,dropped_oldest,101,rsg_20260806_17_604880000_000101,dropped,True,fifo_cached_frame,95,10,0,83,10,0,1,0.0,47.617964999517426,frame_fifo_full,,,,,,,,,,,,,,,,,,,,,,,,,,,,,,,,,,,,,,,,,,,,,,,,,,,,,,,,
rsg_object_detection,frame_trace,94,rsg_20260806_17_254880000_000094,sent_to_hydra,,,,,,,,,,,407.0821170025738,ok,12.567037992994301,380.69440200342797,13.383554003667086,0.16585701087024063,13.217696992796846,0.0025600020308047533,0.8785319951130077,0.15801699191797525,223.821206993307,26.004865008872002,0.006784001016058028,249.99087299511302,91.30813398223836,22.49316500092391,8.19347998185549,39.815237978473306,20.208260975778103,19.11590299278032,6.702688988298178,0.5944680160610005,0.3144000220345333,1.2108539958717301,0.03363299765624106,0.0040000013541430235,119.29860900272615,2.529452001908794,0.11040100071113557,7.848838999052532,0.03769600880332291,8.643850989756174,8.12586399842985,0.08252900443039834,0.4354579868959263,3.284239995991811,0.633506992016919,0.005440015229396522,0.43456300045363605,8,0,8,0,0,,,,,,,,,,,,,,
rsg_object_detection,dropped_oldest,103,rsg_20260806_17_704879999_000103,dropped,True,fifo_cached_frame,97,11,0,84,11,0,1,0.0,53.54368999542203,frame_fifo_full,,,,,,,,,,,,,,,,,,,,,,,,,,,,,,,,,,,,,,,,,,,,,,,,,,,,,,,,
rsg_object_detection,dropped_oldest,104,rsg_20260806_17_754880000_000104,dropped,True,fifo_cached_frame,98,11,0,85,11,0,1,0.0,60.14423399756197,frame_fifo_full,,,,,,,,,,,,,,,,,,,,,,,,,,,,,,,,,,,,,,,,,,,,,,,,,,,,,,,,
rsg_object_detection,dropped_oldest,105,rsg_20260806_17_804880000_000105,dropped,True,fifo_cached_frame,99,11,0,86,11,0,1,0.0,39.1033620107919,frame_fifo_full,,,,,,,,,,,,,,,,,,,,,,,,,,,,,,,,,,,,,,,,,,,,,,,,,,,,,,,,
rsg_object_detection,dropped_oldest,106,rsg_20260806_17_854880000_000106,dropped,True,fifo_cached_frame,100,11,0,87,11,0,1,0.0,48.65422600414604,frame_fifo_full,,,,,,,,,,,,,,,,,,,,,,,,,,,,,,,,,,,,,,,,,,,,,,,,,,,,,,,,
rsg_object_detection,dropped_oldest,107,rsg_20260806_17_904879999_000107,dropped,True,fifo_cached_frame,101,11,0,88,11,0,1,0.0,63.20703400706407,frame_fifo_full,,,,,,,,,,,,,,,,,,,,,,,,,,,,,,,,,,,,,,,,,,,,,,,,,,,,,,,,
rsg_object_detection,frame_trace,102,rsg_20260806_17_654879999_000102,sent_to_hydra,,,,,,,,,,,433.6069520068122,ok,11.279575002845377,409.192463994259,12.642047004192136,0.13212900375947356,12.509918000432663,0.0023999891709536314,0.9600690100342035,0.18022498989012092,235.59332999866456,22.983346003456973,0.007136011845432222,258.7640370038571,99.05588399851695,20.62099997419864,5.245848995400593,43.23023199685849,29.35521698964294,18.0093700037105,3.357360008521937,0.7209320174297318,0.3487369685899466,1.4137669932097197,0.6563869974343106,0.0045439956011250615,123.58250201214105,4.552277998300269,0.12611299462150782,21.16800799558405,0.03945697972085327,7.19353900058195,6.598719992325641,0.09286399290431291,0.5019550153519958,3.378704990609549,0.7025310042081401,0.0048000074457377195,0.4904660163447261,8,0,8,0,0,,,,,,,,,,,,,,
rsg_object_detection,dropped_oldest,109,rsg_20260806_18_004879999_000109,dropped,True,fifo_cached_frame,103,12,0,89,12,0,1,0.0,4.940697006531991,frame_fifo_full,,,,,,,,,,,,,,,,,,,,,,,,,,,,,,,,,,,,,,,,,,,,,,,,,,,,,,,,
rsg_object_detection,dropped_oldest,110,rsg_20260806_18_054880000_000110,dropped,True,fifo_cached_frame,104,12,0,90,12,0,1,0.0,10.818293987540528,frame_fifo_full,,,,,,,,,,,,,,,,,,,,,,,,,,,,,,,,,,,,,,,,,,,,,,,,,,,,,,,,
rsg_object_detection,dropped_oldest,111,rsg_20260806_18_104880000_000111,dropped,True,fifo_cached_frame,105,12,0,91,12,0,1,0.0,28.228651004610583,frame_fifo_full,,,,,,,,,,,,,,,,,,,,,,,,,,,,,,,,,,,,,,,,,,,,,,,,,,,,,,,,
rsg_object_detection,dropped_oldest,112,rsg_20260806_18_154879999_000112,dropped,True,fifo_cached_frame,106,12,0,92,12,0,1,0.0,51.43177400168497,frame_fifo_full,,,,,,,,,,,,,,,,,,,,,,,,,,,,,,,,,,,,,,,,,,,,,,,,,,,,,,,,
rsg_object_detection,dropped_oldest,113,rsg_20260806_18_204879999_000113,dropped,True,fifo_cached_frame,107,12,0,93,12,0,1,0.0,50.21036000107415,frame_fifo_full,,,,,,,,,,,,,,,,,,,,,,,,,,,,,,,,,,,,,,,,,,,,,,,,,,,,,,,,
rsg_object_detection,dropped_oldest,114,rsg_20260806_18_254880000_000114,dropped,True,fifo_cached_frame,108,12,0,94,12,0,1,0.0,50.3177840000717,frame_fifo_full,,,,,,,,,,,,,,,,,,,,,,,,,,,,,,,,,,,,,,,,,,,,,,,,,,,,,,,,
rsg_object_detection,dropped_oldest,115,rsg_20260806_18_304880000_000115,dropped,True,fifo_cached_frame,109,12,0,95,12,0,1,0.0,48.41892700642347,frame_fifo_full,,,,,,,,,,,,,,,,,,,,,,,,,,,,,,,,,,,,,,,,,,,,,,,,,,,,,,,,
rsg_object_detection,dropped_oldest,116,rsg_20260806_18_354880000_000116,dropped,True,fifo_cached_frame,110,12,0,96,12,0,1,0.0,50.1360560010653,frame_fifo_full,,,,,,,,,,,,,,,,,,,,,,,,,,,,,,,,,,,,,,,,,,,,,,,,,,,,,,,,
rsg_object_detection,dropped_oldest,117,rsg_20260806_18_404879999_000117,dropped,True,fifo_cached_frame,111,12,0,97,12,0,1,0.0,50.02821500238497,frame_fifo_full,,,,,,,,,,,,,,,,,,,,,,,,,,,,,,,,,,,,,,,,,,,,,,,,,,,,,,,,
rsg_object_detection,dropped_oldest,118,rsg_20260806_18_454879999_000118,dropped,True,fifo_cached_frame,112,12,0,98,12,0,1,0.0,52.08620900521055,frame_fifo_full,,,,,,,,,,,,,,,,,,,,,,,,,,,,,,,,,,,,,,,,,,,,,,,,,,,,,,,,
rsg_object_detection,dropped_oldest,119,rsg_20260806_18_504880000_000119,dropped,True,fifo_cached_frame,113,12,0,99,12,0,1,0.0,66.44103200233076,frame_fifo_full,,,,,,,,,,,,,,,,,,,,,,,,,,,,,,,,,,,,,,,,,,,,,,,,,,,,,,,,
rsg_object_detection,frame_trace,108,rsg_20260806_17_954879999_000108,sent_to_hydra,,,,,,,,,,,605.1553080033045,ok,12.390429008519277,469.81787000549957,122.42780700034928,0.14028800069354475,122.28751899965573,0.0027520000003278255,0.9331569890491664,0.17136000678874552,330.14713300508447,15.830926000489853,0.005855996278114617,346.1552750086412,79.45396001741756,17.078069009585306,6.697215969325043,30.855160992359743,24.17253699968569,21.935500000836328,3.4381609730189666,1.2097669969080016,0.31174501054920256,1.3122950040269643,0.030975992558524013,0.004064000677317381,107.71234000276309,5.498138998518698,0.1336330024059862,9.344974008854479,0.04035199526697397,4.868856005487032,4.262517002644017,0.07903999357949942,0.5272990092635155,3.315792986541055,4.20014800329227,0.005632013198919594,0.5164499889360741,8,0,8,0,0,,,,,,,,,,,,,,
rsg_object_detection,dropped_oldest,121,rsg_20260806_18_604880000_000121,dropped,True,fifo_cached_frame,115,13,0,100,13,0,1,0.0,61.13326099875849,frame_fifo_full,,,,,,,,,,,,,,,,,,,,,,,,,,,,,,,,,,,,,,,,,,,,,,,,,,,,,,,,
rsg_object_detection,dropped_oldest,122,rsg_20260806_18_654879999_000122,dropped,True,fifo_cached_frame,116,13,0,101,13,0,1,0.0,46.97280800610315,frame_fifo_full,,,,,,,,,,,,,,,,,,,,,,,,,,,,,,,,,,,,,,,,,,,,,,,,,,,,,,,,
rsg_object_detection,dropped_oldest,123,rsg_20260806_18_704879999_000123,dropped,True,fifo_cached_frame,117,13,0,102,13,0,1,0.0,62.88341399340425,frame_fifo_full,,,,,,,,,,,,,,,,,,,,,,,,,,,,,,,,,,,,,,,,,,,,,,,,,,,,,,,,
rsg_object_detection,dropped_oldest,124,rsg_20260806_18_754880000_000124,dropped,True,fifo_cached_frame,118,13,0,103,13,0,1,0.0,33.28774799592793,frame_fifo_full,,,,,,,,,,,,,,,,,,,,,,,,,,,,,,,,,,,,,,,,,,,,,,,,,,,,,,,,
rsg_object_detection,dequeued,1,rsg_20260806_12_604879999_000001,,,,,,,,,,,162.25065701291896,,fifo_order,,,,,,,,,,,,,,,,,,,,,,,,,,,,,,,,,,,,,,,,,,,rsg_obj_000002,rsg_unknown_rsg_20260806_12_604879999_000001_001_nanosam_005,0,300,1,0.6443571203191045,,,,,,,,
rsg_object_detection,,1,rsg_20260806_12_604879999_000001,vlm_failed,,,,,,,,,,,,HTTP Error 503: Service Unavailable,,,,,,,,,,,,,,,,,,,,,,,,,,,,,,,,,,,,,,,,,,,rsg_obj_000002,rsg_unknown_rsg_20260806_12_604879999_000001_001_nanosam_005,,,1,0.6443571203191045,unknown_object,0.0,unknown,0.0,9.148940996965393,171.40167800243944,qwen_http,Qwen3-VL-8B-Instruct-GGUF
rsg_object_detection,completed,1,rsg_20260806_12_604879999_000001,,,,,,,,,,,162.25065701291896,,vlm_failed,,,,,,,,,,,,,,,,,,,,,,,,,,,,,,,,,,,,,,,,,,,rsg_obj_000002,rsg_unknown_rsg_20260806_12_604879999_000001_001_nanosam_005,0,300,1,0.6443571203191045,,,,,,,,
rsg_object_detection,dropped_oldest,125,rsg_20260806_18_804880000_000125,dropped,True,fifo_cached_frame,119,13,0,104,13,0,1,0.0,65.07209698611405,frame_fifo_full,,,,,,,,,,,,,,,,,,,,,,,,,,,,,,,,,,,,,,,,,,,,,,,,,,,,,,,,
rsg_object_detection,dropped_oldest,126,rsg_20260806_18_854880000_000126,dropped,True,fifo_cached_frame,120,13,0,105,13,0,1,0.0,66.43495200842153,frame_fifo_full,,,,,,,,,,,,,,,,,,,,,,,,,,,,,,,,,,,,,,,,,,,,,,,,,,,,,,,,
rsg_object_detection,dropped_oldest,127,rsg_20260806_18_904879999_000127,dropped,True,fifo_cached_frame,121,13,0,106,13,0,1,0.0,24.232727999333292,frame_fifo_full,,,,,,,,,,,,,,,,,,,,,,,,,,,,,,,,,,,,,,,,,,,,,,,,,,,,,,,,
rsg_object_detection,dropped_oldest,128,rsg_20260806_18_954879999_000128,dropped,True,fifo_cached_frame,122,13,0,107,13,0,1,0.0,43.78255200572312,frame_fifo_full,,,,,,,,,,,,,,,,,,,,,,,,,,,,,,,,,,,,,,,,,,,,,,,,,,,,,,,,
rsg_object_detection,frame_trace,120,rsg_20260806_18_554880000_000120,sent_to_hydra,,,,,,,,,,,497.7293989941245,ok,8.647369992104359,481.47741598950233,7.007298001553863,0.1530559966340661,6.854242004919797,0.004608999006450176,1.0228540049865842,0.17535999359097332,269.3609770067269,19.193246989743784,0.006112008122727275,288.7356959981844,142.2882210026728,19.306364993099123,16.872146996320225,59.81693402281962,45.61654401186388,20.01510700210929,12.302621980779804,0.9432669903617352,0.3683550312416628,1.357639004709199,0.17897700308822095,0.004703993909060955,177.47607600176707,5.676443994161673,0.13107199629303068,8.388874004594982,0.04639998951461166,4.535158004728146,3.9830919995438308,0.08217699360102415,0.469889011583291,3.35044800885953,0.757156012696214,0.004607965820468962,0.592706011957489,8,0,8,0,0,,,,,,,,,,,,,,
rsg_object_detection,dropped_oldest,130,rsg_20260806_19_054880000_000130,dropped,True,fifo_cached_frame,124,14,0,108,14,0,1,0.0,28.64625200163573,frame_fifo_full,,,,,,,,,,,,,,,,,,,,,,,,,,,,,,,,,,,,,,,,,,,,,,,,,,,,,,,,
rsg_object_detection,dropped_oldest,131,rsg_20260806_19_104880000_000131,dropped,True,fifo_cached_frame,125,14,0,109,14,0,1,0.0,48.808623003424145,frame_fifo_full,,,,,,,,,,,,,,,,,,,,,,,,,,,,,,,,,,,,,,,,,,,,,,,,,,,,,,,,
rsg_object_detection,dropped_oldest,132,rsg_20260806_19_154879999_000132,dropped,True,fifo_cached_frame,126,14,0,110,14,0,1,0.0,50.07918999763206,frame_fifo_full,,,,,,,,,,,,,,,,,,,,,,,,,,,,,,,,,,,,,,,,,,,,,,,,,,,,,,,,
rsg_object_detection,dequeued,1,rsg_20260806_12_604879999_000001,,,,,,,,,,,118.6903740017442,,fifo_order,,,,,,,,,,,,,,,,,,,,,,,,,,,,,,,,,,,,,,,,,,,rsg_obj_000007,rsg_unknown_rsg_20260806_12_604879999_000001_006_nanosam_007,0,300,1,0.6388392880096709,,,,,,,,
rsg_object_detection,,1,rsg_20260806_12_604879999_000001,vlm_failed,,,,,,,,,,,,HTTP Error 503: Service Unavailable,,,,,,,,,,,,,,,,,,,,,,,,,,,,,,,,,,,,,,,,,,,rsg_obj_000007,rsg_unknown_rsg_20260806_12_604879999_000001_006_nanosam_007,,,1,0.6388392880096709,unknown_object,0.0,unknown,0.0,6.893249999848194,125.58576800802257,qwen_http,Qwen3-VL-8B-Instruct-GGUF
rsg_object_detection,completed,1,rsg_20260806_12_604879999_000001,,,,,,,,,,,118.6903740017442,,vlm_failed,,,,,,,,,,,,,,,,,,,,,,,,,,,,,,,,,,,,,,,,,,,rsg_obj_000007,rsg_unknown_rsg_20260806_12_604879999_000001_006_nanosam_007,0,300,1,0.6388392880096709,,,,,,,,
rsg_object_detection,dropped_oldest,133,rsg_20260806_19_204879999_000133,dropped,True,fifo_cached_frame,127,14,0,111,14,0,1,0.0,62.05131301248912,frame_fifo_full,,,,,,,,,,,,,,,,,,,,,,,,,,,,,,,,,,,,,,,,,,,,,,,,,,,,,,,,
rsg_object_detection,dropped_oldest,134,rsg_20260806_19_254880000_000134,dropped,True,fifo_cached_frame,128,14,0,112,14,0,1,0.0,41.23418599192519,frame_fifo_full,,,,,,,,,,,,,,,,,,,,,,,,,,,,,,,,,,,,,,,,,,,,,,,,,,,,,,,,
rsg_object_detection,dropped_oldest,135,rsg_20260806_19_304880000_000135,dropped,True,fifo_cached_frame,129,14,0,113,14,0,1,0.0,49.85877199214883,frame_fifo_full,,,,,,,,,,,,,,,,,,,,,,,,,,,,,,,,,,,,,,,,,,,,,,,,,,,,,,,,
rsg_object_detection,dropped_oldest,136,rsg_20260806_19_354880000_000136,dropped,True,fifo_cached_frame,130,14,0,114,14,0,1,0.0,52.17433499637991,frame_fifo_full,,,,,,,,,,,,,,,,,,,,,,,,,,,,,,,,,,,,,,,,,,,,,,,,,,,,,,,,
rsg_object_detection,dropped_oldest,137,rsg_20260806_19_404879999_000137,dropped,True,fifo_cached_frame,131,14,0,115,14,0,1,0.0,46.98954201012384,frame_fifo_full,,,,,,,,,,,,,,,,,,,,,,,,,,,,,,,,,,,,,,,,,,,,,,,,,,,,,,,,
rsg_object_detection,dropped_oldest,138,rsg_20260806_19_454879999_000138,dropped,True,fifo_cached_frame,132,14,0,116,14,0,1,0.0,75.53796999854967,frame_fifo_full,,,,,,,,,,,,,,,,,,,,,,,,,,,,,,,,,,,,,,,,,,,,,,,,,,,,,,,,
rsg_object_detection,dropped_oldest,139,rsg_20260806_19_504880000_000139,dropped,True,fifo_cached_frame,133,14,0,117,14,0,1,0.0,22.081421004259028,frame_fifo_full,,,,,,,,,,,,,,,,,,,,,,,,,,,,,,,,,,,,,,,,,,,,,,,,,,,,,,,,
rsg_object_detection,frame_trace,129,rsg_20260806_19_004879999_000129,sent_to_hydra,,,,,,,,,,,566.7895000078715,ok,9.02890799625311,492.0275320037035,65.23510500846896,0.1365770003758371,65.09852800809313,0.0040000013541430235,4.3481169996084645,0.2142409939551726,325.19861801119987,30.405461002374068,0.007071983418427408,355.82539199094754,67.34109797980636,21.495083026820794,5.553627022891305,10.302323003998026,29.238447998068295,21.268679993227124,3.236112999729812,0.3879380237776786,0.320032995659858,1.62218400510028,0.21964900952298194,0.004255998646840453,94.41668700310402,27.729959998396225,0.13417701120488346,9.537486010231078,0.035712990211322904,4.797558998689055,4.107699991436675,0.09583999053575099,0.5940190167166293,3.3603370102355257,0.8658919978188351,0.005119989509694278,0.49395499809179455,8,0,8,0,0,,,,,,,,,,,,,,
rsg_object_detection,dropped_oldest,141,rsg_20260806_19_604880000_000141,dropped,True,fifo_cached_frame,135,15,0,118,15,0,1,0.0,51.34476401144639,frame_fifo_full,,,,,,,,,,,,,,,,,,,,,,,,,,,,,,,,,,,,,,,,,,,,,,,,,,,,,,,,
rsg_object_detection,dropped_oldest,142,rsg_20260806_19_654879999_000142,dropped,True,fifo_cached_frame,136,15,0,119,15,0,1,0.0,52.81129899958614,frame_fifo_full,,,,,,,,,,,,,,,,,,,,,,,,,,,,,,,,,,,,,,,,,,,,,,,,,,,,,,,,
rsg_object_detection,dropped_oldest,143,rsg_20260806_19_704879999_000143,dropped,True,fifo_cached_frame,137,15,0,120,15,0,1,0.0,49.340818004566245,frame_fifo_full,,,,,,,,,,,,,,,,,,,,,,,,,,,,,,,,,,,,,,,,,,,,,,,,,,,,,,,,
rsg_object_detection,dropped_oldest,144,rsg_20260806_19_754880000_000144,dropped,True,fifo_cached_frame,138,15,0,121,15,0,1,0.0,52.16246399504598,frame_fifo_full,,,,,,,,,,,,,,,,,,,,,,,,,,,,,,,,,,,,,,,,,,,,,,,,,,,,,,,,
rsg_object_detection,dropped_oldest,145,rsg_20260806_19_804880000_000145,dropped,True,fifo_cached_frame,139,15,0,122,15,0,1,0.0,50.471544003812596,frame_fifo_full,,,,,,,,,,,,,,,,,,,,,,,,,,,,,,,,,,,,,,,,,,,,,,,,,,,,,,,,
rsg_object_detection,dropped_oldest,146,rsg_20260806_19_854880000_000146,dropped,True,fifo_cached_frame,140,15,0,123,15,0,1,0.0,58.868320993497036,frame_fifo_full,,,,,,,,,,,,,,,,,,,,,,,,,,,,,,,,,,,,,,,,,,,,,,,,,,,,,,,,
rsg_object_detection,dropped_oldest,147,rsg_20260806_19_904879999_000147,dropped,True,fifo_cached_frame,141,15,0,124,15,0,1,0.0,34.74906599149108,frame_fifo_full,,,,,,,,,,,,,,,,,,,,,,,,,,,,,,,,,,,,,,,,,,,,,,,,,,,,,,,,
rsg_object_detection,dropped_oldest,148,rsg_20260806_19_954879999_000148,dropped,True,fifo_cached_frame,142,15,0,125,15,0,1,0.0,49.22299300960731,frame_fifo_full,,,,,,,,,,,,,,,,,,,,,,,,,,,,,,,,,,,,,,,,,,,,,,,,,,,,,,,,
rsg_object_detection,frame_trace,140,rsg_20260806_19_554880000_000140,sent_to_hydra,,,,,,,,,,,492.33262200141326,ok,8.200488999136724,455.39925699995365,28.30618699954357,0.14764899970032275,28.158537999843247,0.0015039986465126276,1.115717997890897,0.1617600064491853,267.5119360064855,27.71648799534887,0.007263995939865708,295.3974480042234,127.06299101409968,28.82500601117499,3.508656009216793,76.30469599098433,17.765749973477796,16.060206995462067,2.9076950304443017,0.4811209946637973,0.3101779584540054,1.3362939935177565,0.0424960016971454,0.0043199979700148106,148.2250140106771,2.623053005663678,0.13798500003758818,7.870086992625147,0.029951988835819066,4.148885011090897,3.652626008260995,0.07990500307641923,0.41635399975348264,3.4206889977212995,0.6263389950618148,0.00457599526271224,0.4251850041327998,8,0,8,0,0,,,,,,,,,,,,,,
rsg_object_detection,dropped_oldest,150,rsg_20260806_20_054880000_000150,dropped,True,fifo_cached_frame,144,16,0,126,16,0,1,0.0,52.228894986910746,frame_fifo_full,,,,,,,,,,,,,,,,,,,,,,,,,,,,,,,,,,,,,,,,,,,,,,,,,,,,,,,,
rsg_object_detection,dropped_oldest,151,rsg_20260806_20_104880000_000151,dropped,True,fifo_cached_frame,145,16,0,127,16,0,1,0.0,52.703073000884615,frame_fifo_full,,,,,,,,,,,,,,,,,,,,,,,,,,,,,,,,,,,,,,,,,,,,,,,,,,,,,,,,
rsg_object_detection,dropped_oldest,152,rsg_20260806_20_154879999_000152,dropped,True,fifo_cached_frame,146,16,0,128,16,0,1,0.0,48.697740989155136,frame_fifo_full,,,,,,,,,,,,,,,,,,,,,,,,,,,,,,,,,,,,,,,,,,,,,,,,,,,,,,,,
rsg_object_detection,dropped_oldest,153,rsg_20260806_20_204879999_000153,dropped,True,fifo_cached_frame,147,16,0,129,16,0,1,0.0,51.39842700737063,frame_fifo_full,,,,,,,,,,,,,,,,,,,,,,,,,,,,,,,,,,,,,,,,,,,,,,,,,,,,,,,,
rsg_object_detection,dropped_oldest,154,rsg_20260806_20_254880000_000154,dropped,True,fifo_cached_frame,148,16,0,130,16,0,1,0.0,49.46164900320582,frame_fifo_full,,,,,,,,,,,,,,,,,,,,,,,,,,,,,,,,,,,,,,,,,,,,,,,,,,,,,,,,
rsg_object_detection,dropped_oldest,155,rsg_20260806_20_304880000_000155,dropped,True,fifo_cached_frame,149,16,0,131,16,0,1,0.0,47.74935299064964,frame_fifo_full,,,,,,,,,,,,,,,,,,,,,,,,,,,,,,,,,,,,,,,,,,,,,,,,,,,,,,,,
rsg_object_detection,dropped_oldest,156,rsg_20260806_20_354880000_000156,dropped,True,fifo_cached_frame,150,16,0,132,16,0,1,0.0,60.711943995556794,frame_fifo_full,,,,,,,,,,,,,,,,,,,,,,,,,,,,,,,,,,,,,,,,,,,,,,,,,,,,,,,,
rsg_object_detection,dropped_oldest,157,rsg_20260806_20_404879999_000157,dropped,True,fifo_cached_frame,151,16,0,133,16,0,1,0.0,47.62272800144274,frame_fifo_full,,,,,,,,,,,,,,,,,,,,,,,,,,,,,,,,,,,,,,,,,,,,,,,,,,,,,,,,
rsg_object_detection,dropped_oldest,158,rsg_20260806_20_454879999_000158,dropped,True,fifo_cached_frame,152,16,0,134,16,0,1,0.0,55.197612993652,frame_fifo_full,,,,,,,,,,,,,,,,,,,,,,,,,,,,,,,,,,,,,,,,,,,,,,,,,,,,,,,,
rsg_object_detection,frame_trace,149,rsg_20260806_20_004879999_000149,sent_to_hydra,,,,,,,,,,,525.2416639996227,ok,11.651256994809955,463.9566279947758,49.099377007223666,0.14374499733094126,48.955632009892724,0.002496002707630396,3.775346005568281,0.1672649959800765,287.7707139996346,33.28867400705349,0.008031987817957997,321.23468499048613,96.36453402345069,23.665139015065506,5.477404018165544,44.333177007501945,22.23569199850317,21.967915003187954,4.535769010544755,0.5981129943393171,0.31311997736338526,1.1797819897765294,0.028672002372331917,0.004735993570648134,125.00838500272948,3.4988970000995323,0.12128100206609815,10.277522000251338,0.040511993574909866,7.59520499559585,7.004193990724161,0.09193600271828473,0.49907500215340406,3.374705003807321,0.67593899439089,0.005408001015894115,0.5319060001056641,8,0,8,0,0,,,,,,,,,,,,,,
rsg_object_detection,dropped_oldest,160,rsg_20260806_20_554880000_000160,dropped,True,fifo_cached_frame,154,17,0,135,17,0,1,0.0,50.59455100854393,frame_fifo_full,,,,,,,,,,,,,,,,,,,,,,,,,,,,,,,,,,,,,,,,,,,,,,,,,,,,,,,,
rsg_object_detection,dropped_oldest,161,rsg_20260806_20_604880000_000161,dropped,True,fifo_cached_frame,155,17,0,136,17,0,1,0.0,52.204799008904956,frame_fifo_full,,,,,,,,,,,,,,,,,,,,,,,,,,,,,,,,,,,,,,,,,,,,,,,,,,,,,,,,
rsg_object_detection,dropped_oldest,162,rsg_20260806_20_654879999_000162,dropped,True,fifo_cached_frame,156,17,0,137,17,0,1,0.0,52.629183992394246,frame_fifo_full,,,,,,,,,,,,,,,,,,,,,,,,,,,,,,,,,,,,,,,,,,,,,,,,,,,,,,,,
rsg_object_detection,dropped_oldest,163,rsg_20260806_20_704879999_000163,dropped,True,fifo_cached_frame,157,17,0,138,17,0,1,0.0,48.67393300810363,frame_fifo_full,,,,,,,,,,,,,,,,,,,,,,,,,,,,,,,,,,,,,,,,,,,,,,,,,,,,,,,,
rsg_object_detection,dropped_oldest,164,rsg_20260806_20_754880000_000164,dropped,True,fifo_cached_frame,158,17,0,139,17,0,1,0.0,49.99458001111634,frame_fifo_full,,,,,,,,,,,,,,,,,,,,,,,,,,,,,,,,,,,,,,,,,,,,,,,,,,,,,,,,
rsg_object_detection,dropped_oldest,165,rsg_20260806_20_804880000_000165,dropped,True,fifo_cached_frame,159,17,0,140,17,0,1,0.0,69.96699700539466,frame_fifo_full,,,,,,,,,,,,,,,,,,,,,,,,,,,,,,,,,,,,,,,,,,,,,,,,,,,,,,,,
rsg_object_detection,dropped_oldest,166,rsg_20260806_20_854880000_000166,dropped,True,fifo_cached_frame,160,17,0,141,17,0,1,0.0,35.256011004094034,frame_fifo_full,,,,,,,,,,,,,,,,,,,,,,,,,,,,,,,,,,,,,,,,,,,,,,,,,,,,,,,,
rsg_object_detection,dropped_oldest,167,rsg_20260806_20_904879999_000167,dropped,True,fifo_cached_frame,161,17,0,142,17,0,1,0.0,65.49484700371977,frame_fifo_full,,,,,,,,,,,,,,,,,,,,,,,,,,,,,,,,,,,,,,,,,,,,,,,,,,,,,,,,
rsg_object_detection,frame_trace,159,rsg_20260806_20_504880000_000159,sent_to_hydra,,,,,,,,,,,461.1047740036156,ok,12.674654004513286,434.3412189919036,13.555106008425355,0.17168100748676807,13.383425000938587,0.003007997293025255,0.9000360005302355,0.16003299970179796,265.40170900989324,25.360379004268907,0.006207978003658354,290.9283289918676,95.72123398538679,35.729520008317195,5.3767609933856875,29.505711994715966,24.484727982780896,22.44081298704259,4.708279957412742,0.9147570090135559,0.3373130602994934,1.2753019982483238,0.030848008464090526,0.004383997293189168,125.45088298793416,3.1938399915816262,0.126144994283095,13.700481998967007,0.04150402673985809,5.0146160065196455,4.106995998881757,0.08716800948604941,0.8204519981518388,6.994433992076665,0.6621799984714016,0.0034240074455738068,0.5307870014803484,8,0,8,0,0,,,,,,,,,,,,,,
rsg_object_detection,dropped_oldest,169,rsg_20260806_21_004879999_000169,dropped,True,fifo_cached_frame,163,18,0,143,18,0,1,0.0,50.68655000650324,frame_fifo_full,,,,,,,,,,,,,,,,,,,,,,,,,,,,,,,,,,,,,,,,,,,,,,,,,,,,,,,,
rsg_object_detection,dropped_oldest,170,rsg_20260806_21_054880000_000170,dropped,True,fifo_cached_frame,164,18,0,144,18,0,1,0.0,52.74540701066144,frame_fifo_full,,,,,,,,,,,,,,,,,,,,,,,,,,,,,,,,,,,,,,,,,,,,,,,,,,,,,,,,
rsg_object_detection,dropped_oldest,171,rsg_20260806_21_104880000_000171,dropped,True,fifo_cached_frame,165,18,0,145,18,0,1,0.0,51.3401200005319,frame_fifo_full,,,,,,,,,,,,,,,,,,,,,,,,,,,,,,,,,,,,,,,,,,,,,,,,,,,,,,,,
rsg_object_detection,dropped_oldest,172,rsg_20260806_21_154879999_000172,dropped,True,fifo_cached_frame,166,18,0,146,18,0,1,0.0,50.69778100005351,frame_fifo_full,,,,,,,,,,,,,,,,,,,,,,,,,,,,,,,,,,,,,,,,,,,,,,,,,,,,,,,,
rsg_object_detection,dropped_oldest,173,rsg_20260806_21_204879999_000173,dropped,True,fifo_cached_frame,167,18,0,147,18,0,1,0.0,56.89176300074905,frame_fifo_full,,,,,,,,,,,,,,,,,,,,,,,,,,,,,,,,,,,,,,,,,,,,,,,,,,,,,,,,
rsg_object_detection,dropped_oldest,174,rsg_20260806_21_254880000_000174,dropped,True,fifo_cached_frame,168,18,0,148,18,0,1,0.0,59.9463380058296,frame_fifo_full,,,,,,,,,,,,,,,,,,,,,,,,,,,,,,,,,,,,,,,,,,,,,,,,,,,,,,,,
rsg_object_detection,dropped_oldest,175,rsg_20260806_21_304880000_000175,dropped,True,fifo_cached_frame,169,18,0,149,18,0,1,0.0,37.70898299990222,frame_fifo_full,,,,,,,,,,,,,,,,,,,,,,,,,,,,,,,,,,,,,,,,,,,,,,,,,,,,,,,,
rsg_object_detection,dropped_oldest,176,rsg_20260806_21_354880000_000176,dropped,True,fifo_cached_frame,170,18,0,150,18,0,1,0.0,53.8262769987341,frame_fifo_full,,,,,,,,,,,,,,,,,,,,,,,,,,,,,,,,,,,,,,,,,,,,,,,,,,,,,,,,
rsg_object_detection,frame_trace,168,rsg_20260806_20_954879999_000168,sent_to_hydra,,,,,,,,,,,448.45522799005266,ok,9.222155989846215,432.2808779979823,6.417087002773769,0.14988800103310496,6.267199001740664,0.0014399993233382702,1.3919749908382073,0.1588809973327443,226.49677799199708,21.096101991133764,0.006368019967339933,247.75812900043093,130.21483800548594,30.56331600237172,6.735456001479179,54.07133400149178,37.9525360185653,28.308520006248727,5.089334983495064,1.0379259765613824,0.35853202280122787,1.254629998584278,0.17366401152685285,0.0035849952837452292,166.45539799355902,4.559701992548071,0.13657599629368633,11.942969998926856,0.036128025385551155,5.15093699505087,4.7181029949570075,0.09043198951985687,0.34240201057400554,3.2816469902172685,0.7843560015317053,0.005216003046371043,0.533667000127025,8,0,8,0,0,,,,,,,,,,,,,,
rsg_object_detection,dropped_oldest,178,rsg_20260806_21_454879999_000178,dropped,True,fifo_cached_frame,172,19,0,151,19,0,1,0.0,55.03041000338271,frame_fifo_full,,,,,,,,,,,,,,,,,,,,,,,,,,,,,,,,,,,,,,,,,,,,,,,,,,,,,,,,
rsg_object_detection,dropped_oldest,179,rsg_20260806_21_504880000_000179,dropped,True,fifo_cached_frame,173,19,0,152,19,0,1,0.0,49.127694001072086,frame_fifo_full,,,,,,,,,,,,,,,,,,,,,,,,,,,,,,,,,,,,,,,,,,,,,,,,,,,,,,,,
rsg_object_detection,dropped_oldest,180,rsg_20260806_21_554880000_000180,dropped,True,fifo_cached_frame,174,19,0,153,19,0,1,0.0,47.43446900101844,frame_fifo_full,,,,,,,,,,,,,,,,,,,,,,,,,,,,,,,,,,,,,,,,,,,,,,,,,,,,,,,,
rsg_object_detection,dequeued,12,rsg_20260806_13_154880000_000012,,,,,,,,,,,108.12650700972881,,fifo_order,,,,,,,,,,,,,,,,,,,,,,,,,,,,,,,,,,,,,,,,,,,rsg_obj_000010,rsg_unknown_rsg_20260806_13_154880000_000012_007_nanosam_003,0,300,1,0.691262678860928,,,,,,,,
rsg_object_detection,,12,rsg_20260806_13_154880000_000012,vlm_failed,,,,,,,,,,,,HTTP Error 503: Service Unavailable,,,,,,,,,,,,,,,,,,,,,,,,,,,,,,,,,,,,,,,,,,,rsg_obj_000010,rsg_unknown_rsg_20260806_13_154880000_000012_007_nanosam_003,,,1,0.691262678860928,unknown_object,0.0,unknown,0.0,4.9871919909492135,113.11593900609296,qwen_http,Qwen3-VL-8B-Instruct-GGUF
rsg_object_detection,completed,12,rsg_20260806_13_154880000_000012,,,,,,,,,,,108.12650700972881,,vlm_failed,,,,,,,,,,,,,,,,,,,,,,,,,,,,,,,,,,,,,,,,,,,rsg_obj_000010,rsg_unknown_rsg_20260806_13_154880000_000012_007_nanosam_003,0,300,1,0.691262678860928,,,,,,,,
rsg_object_detection,dropped_oldest,181,rsg_20260806_21_604880000_000181,dropped,True,fifo_cached_frame,175,19,0,154,19,0,1,0.0,53.513827006099746,frame_fifo_full,,,,,,,,,,,,,,,,,,,,,,,,,,,,,,,,,,,,,,,,,,,,,,,,,,,,,,,,
rsg_object_detection,dropped_oldest,182,rsg_20260806_21_654879999_000182,dropped,True,fifo_cached_frame,176,19,0,155,19,0,1,0.0,75.09495600243099,frame_fifo_full,,,,,,,,,,,,,,,,,,,,,,,,,,,,,,,,,,,,,,,,,,,,,,,,,,,,,,,,
rsg_object_detection,dropped_oldest,183,rsg_20260806_21_704879999_000183,dropped,True,fifo_cached_frame,177,19,0,156,19,0,1,0.0,29.83198399306275,frame_fifo_full,,,,,,,,,,,,,,,,,,,,,,,,,,,,,,,,,,,,,,,,,,,,,,,,,,,,,,,,
rsg_object_detection,dropped_oldest,184,rsg_20260806_21_754880000_000184,dropped,True,fifo_cached_frame,178,19,0,157,19,0,1,0.0,49.28139099502005,frame_fifo_full,,,,,,,,,,,,,,,,,,,,,,,,,,,,,,,,,,,,,,,,,,,,,,,,,,,,,,,,
rsg_object_detection,frame_trace,177,rsg_20260806_21_404879999_000177,sent_to_hydra,,,,,,,,,,,424.23837300157174,ok,8.094758988590911,400.3125290037133,15.362539008492604,0.13772900274489075,15.224810005747713,0.004255998646840453,0.9721329988678917,0.17523200949653983,239.7320410091197,18.927579003502615,0.006719987140968442,258.84157200925983,75.65150198934134,19.38757898460608,6.472257009590976,18.934395018732175,30.160561989760026,35.90087700285949,10.77717098814901,0.323234053212218,0.3415069659240544,1.6250960034085438,0.03456100239418447,0.004640009137801826,124.67564399412367,5.678554996848106,0.15164900105446577,9.95713600423187,0.03583999932743609,4.276309002307244,3.7230900052236393,0.08851299935486168,0.46470599772874266,3.1776789983268827,0.6359390099532902,0.0048319780034944415,0.46429000212810934,8,0,8,0,0,,,,,,,,,,,,,,
rsg_object_detection,dropped_oldest,186,rsg_20260806_21_854880000_000186,dropped,True,fifo_cached_frame,180,20,0,158,20,0,1,0.0,49.1990220034495,frame_fifo_full,,,,,,,,,,,,,,,,,,,,,,,,,,,,,,,,,,,,,,,,,,,,,,,,,,,,,,,,
rsg_object_detection,dropped_oldest,187,rsg_20260806_21_904879999_000187,dropped,True,fifo_cached_frame,181,20,0,159,20,0,1,0.0,49.81659298937302,frame_fifo_full,,,,,,,,,,,,,,,,,,,,,,,,,,,,,,,,,,,,,,,,,,,,,,,,,,,,,,,,
rsg_object_detection,dropped_oldest,188,rsg_20260806_21_954879999_000188,dropped,True,fifo_cached_frame,182,20,0,160,20,0,1,0.0,61.92871600796934,frame_fifo_full,,,,,,,,,,,,,,,,,,,,,,,,,,,,,,,,,,,,,,,,,,,,,,,,,,,,,,,,
rsg_object_detection,dropped_oldest,189,rsg_20260806_22_004879999_000189,dropped,True,fifo_cached_frame,183,20,0,161,20,0,1,0.0,42.62049500539433,frame_fifo_full,,,,,,,,,,,,,,,,,,,,,,,,,,,,,,,,,,,,,,,,,,,,,,,,,,,,,,,,
rsg_object_detection,dropped_oldest,190,rsg_20260806_22_054880000_000190,dropped,True,fifo_cached_frame,184,20,0,162,20,0,1,0.0,59.13205999240745,frame_fifo_full,,,,,,,,,,,,,,,,,,,,,,,,,,,,,,,,,,,,,,,,,,,,,,,,,,,,,,,,
rsg_object_detection,dropped_oldest,191,rsg_20260806_22_104880000_000191,dropped,True,fifo_cached_frame,185,20,0,163,20,0,1,0.0,57.69586100359447,frame_fifo_full,,,,,,,,,,,,,,,,,,,,,,,,,,,,,,,,,,,,,,,,,,,,,,,,,,,,,,,,
rsg_object_detection,dropped_oldest,192,rsg_20260806_22_154879999_000192,dropped,True,fifo_cached_frame,186,20,0,164,20,0,1,0.0,37.02961798990145,frame_fifo_full,,,,,,,,,,,,,,,,,,,,,,,,,,,,,,,,,,,,,,,,,,,,,,,,,,,,,,,,
rsg_object_detection,dropped_oldest,193,rsg_20260806_22_204879999_000193,dropped,True,fifo_cached_frame,187,20,0,165,20,0,1,0.0,54.4157179974718,frame_fifo_full,,,,,,,,,,,,,,,,,,,,,,,,,,,,,,,,,,,,,,,,,,,,,,,,,,,,,,,,
rsg_object_detection,frame_trace,185,rsg_20260806_21_804880000_000185,sent_to_hydra,,,,,,,,,,,477.5792639993597,ok,8.317960004205815,435.21873898862395,33.57101099391002,0.13424099597614259,33.43676999793388,0.001728010829538107,2.17629800317809,0.1720650034258142,263.96575599210337,26.802976994076744,0.005344016244634986,290.94614200585056,83.38168100453913,18.09906402195338,5.137335028848611,36.89067502273247,22.651085004326887,25.85957999690436,10.187570020207204,0.32870400173123926,0.36492997605819255,1.338374990154989,0.030623996281065047,0.004960005753673613,121.51082399941515,9.214764009811915,0.11574500240385532,11.22242200654,0.03254396142438054,4.4164370046928525,3.880210002535023,0.08467200677841902,0.4515549953794107,3.251535992603749,0.6457309937104583,0.0042560131987556815,0.46982600179035217,8,0,8,0,0,,,,,,,,,,,,,,
rsg_object_detection,dropped_oldest,195,rsg_20260806_22_304880000_000195,dropped,True,fifo_cached_frame,189,21,0,166,21,0,1,0.0,50.70721900847275,frame_fifo_full,,,,,,,,,,,,,,,,,,,,,,,,,,,,,,,,,,,,,,,,,,,,,,,,,,,,,,,,
rsg_object_detection,dropped_oldest,196,rsg_20260806_22_354880000_000196,dropped,True,fifo_cached_frame,190,21,0,167,21,0,1,0.0,52.65836500620935,frame_fifo_full,,,,,,,,,,,,,,,,,,,,,,,,,,,,,,,,,,,,,,,,,,,,,,,,,,,,,,,,
rsg_object_detection,dropped_oldest,197,rsg_20260806_22_404879999_000197,dropped,True,fifo_cached_frame,191,21,0,168,21,0,1,0.0,50.815349008189514,frame_fifo_full,,,,,,,,,,,,,,,,,,,,,,,,,,,,,,,,,,,,,,,,,,,,,,,,,,,,,,,,
rsg_object_detection,dropped_oldest,198,rsg_20260806_22_454879999_000198,dropped,True,fifo_cached_frame,192,21,0,169,21,0,1,0.0,47.06512200937141,frame_fifo_full,,,,,,,,,,,,,,,,,,,,,,,,,,,,,,,,,,,,,,,,,,,,,,,,,,,,,,,,
rsg_object_detection,dropped_oldest,199,rsg_20260806_22_504880000_000199,dropped,True,fifo_cached_frame,193,21,0,170,21,0,1,0.0,49.97540800832212,frame_fifo_full,,,,,,,,,,,,,,,,,,,,,,,,,,,,,,,,,,,,,,,,,,,,,,,,,,,,,,,,
rsg_object_detection,dropped_oldest,200,rsg_20260806_22_554880000_000200,dropped,True,fifo_cached_frame,194,21,0,171,21,0,1,0.0,49.65889500454068,frame_fifo_full,,,,,,,,,,,,,,,,,,,,,,,,,,,,,,,,,,,,,,,,,,,,,,,,,,,,,,,,
rsg_object_detection,dropped_oldest,201,rsg_20260806_22_604880000_000201,dropped,True,fifo_cached_frame,195,21,0,172,21,0,1,0.0,62.27860299986787,frame_fifo_full,,,,,,,,,,,,,,,,,,,,,,,,,,,,,,,,,,,,,,,,,,,,,,,,,,,,,,,,
rsg_object_detection,dropped_oldest,202,rsg_20260806_22_654879999_000202,dropped,True,fifo_cached_frame,196,21,0,173,21,0,1,0.0,48.161831000470556,frame_fifo_full,,,,,,,,,,,,,,,,,,,,,,,,,,,,,,,,,,,,,,,,,,,,,,,,,,,,,,,,
rsg_object_detection,dropped_oldest,203,rsg_20260806_22_704879999_000203,dropped,True,fifo_cached_frame,197,21,0,174,21,0,1,0.0,77.14289899740834,frame_fifo_full,,,,,,,,,,,,,,,,,,,,,,,,,,,,,,,,,,,,,,,,,,,,,,,,,,,,,,,,
rsg_object_detection,dropped_oldest,204,rsg_20260806_22_754880000_000204,dropped,True,fifo_cached_frame,198,21,0,175,21,0,1,0.0,12.67897299840115,frame_fifo_full,,,,,,,,,,,,,,,,,,,,,,,,,,,,,,,,,,,,,,,,,,,,,,,,,,,,,,,,
rsg_object_detection,frame_trace,194,rsg_20260806_22_254880000_000194,sent_to_hydra,,,,,,,,,,,570.2647889993386,ok,8.340008003870025,532.7798420039471,28.59552900190465,0.13734400272369385,28.458184999180958,0.0025600020308047533,2.177771006245166,0.18160100444220006,270.5917010025587,22.256971002207138,0.005855996278114617,293.03612900548615,164.66767199744936,49.253324017627165,10.708693007472903,47.189252014504746,56.65796600806061,56.576527989818715,2.8340260323602706,0.27232397405896336,0.29709000955335796,1.283654011785984,0.03311999898869544,0.004960005753673613,225.98428599303588,2.7875659870915115,0.13503999798558652,8.621993998531252,0.03705601557157934,4.292756988434121,3.7580659991363063,0.08422500104643404,0.4504659882513806,3.372719991602935,0.6694109906675294,0.005120033165439963,0.5468499875860289,8,0,8,0,0,,,,,,,,,,,,,,
rsg_object_detection,dropped_oldest,206,rsg_20260806_22_854880000_000206,dropped,True,fifo_cached_frame,200,22,0,176,22,0,1,0.0,38.443481011199765,frame_fifo_full,,,,,,,,,,,,,,,,,,,,,,,,,,,,,,,,,,,,,,,,,,,,,,,,,,,,,,,,
rsg_object_detection,dropped_oldest,207,rsg_20260806_22_904879999_000207,dropped,True,fifo_cached_frame,201,22,0,177,22,0,1,0.0,50.225872997543775,frame_fifo_full,,,,,,,,,,,,,,,,,,,,,,,,,,,,,,,,,,,,,,,,,,,,,,,,,,,,,,,,
rsg_object_detection,dropped_oldest,208,rsg_20260806_22_954879999_000208,dropped,True,fifo_cached_frame,202,22,0,178,22,0,1,0.0,51.851224998245016,frame_fifo_full,,,,,,,,,,,,,,,,,,,,,,,,,,,,,,,,,,,,,,,,,,,,,,,,,,,,,,,,
rsg_object_detection,dropped_oldest,209,rsg_20260806_23_004879999_000209,dropped,True,fifo_cached_frame,203,22,0,179,22,0,1,0.0,49.95096000493504,frame_fifo_full,,,,,,,,,,,,,,,,,,,,,,,,,,,,,,,,,,,,,,,,,,,,,,,,,,,,,,,,
rsg_object_detection,dropped_oldest,210,rsg_20260806_23_054880000_000210,dropped,True,fifo_cached_frame,204,22,0,180,22,0,1,0.0,49.257963997661136,frame_fifo_full,,,,,,,,,,,,,,,,,,,,,,,,,,,,,,,,,,,,,,,,,,,,,,,,,,,,,,,,
rsg_object_detection,dropped_oldest,211,rsg_20260806_23_104880000_000211,dropped,True,fifo_cached_frame,205,22,0,181,22,0,1,0.0,72.19666500168387,frame_fifo_full,,,,,,,,,,,,,,,,,,,,,,,,,,,,,,,,,,,,,,,,,,,,,,,,,,,,,,,,
rsg_object_detection,dropped_oldest,212,rsg_20260806_23_154879999_000212,dropped,True,fifo_cached_frame,206,22,0,182,22,0,1,0.0,32.54905100038741,frame_fifo_full,,,,,,,,,,,,,,,,,,,,,,,,,,,,,,,,,,,,,,,,,,,,,,,,,,,,,,,,
rsg_object_detection,dropped_oldest,213,rsg_20260806_23_204879999_000213,dropped,True,fifo_cached_frame,207,22,0,183,22,0,1,0.0,43.72331200283952,frame_fifo_full,,,,,,,,,,,,,,,,,,,,,,,,,,,,,,,,,,,,,,,,,,,,,,,,,,,,,,,,
rsg_object_detection,dropped_oldest,214,rsg_20260806_23_254880000_000214,dropped,True,fifo_cached_frame,208,22,0,184,22,0,1,0.0,53.357023003627546,frame_fifo_full,,,,,,,,,,,,,,,,,,,,,,,,,,,,,,,,,,,,,,,,,,,,,,,,,,,,,,,,
rsg_object_detection,frame_trace,205,rsg_20260806_22_804880000_000205,sent_to_hydra,,,,,,,,,,,544.4161759951385,ok,8.91229799890425,497.73636800819077,37.178547005169094,0.13443200441543013,37.04411500075366,0.004864006768912077,0.9056039998540655,0.16902500647120178,276.3376149960095,22.17882599506993,0.007136011845432222,298.69260200939607,145.3769820072921,39.06943401671015,4.401462007081136,83.02542199089658,18.217652977909893,26.80646399676334,2.8672149928752333,0.28822405147366226,0.30128195066936314,1.3065660023130476,0.02832000609487295,0.003968001692555845,176.99630100105423,2.6166850002482533,0.13935999595560133,18.34197599964682,0.043840002035722136,4.6123100037220865,4.027604009024799,0.0990410044323653,0.4856649902649224,3.608240993344225,0.6860510038677603,0.005695997970178723,0.5840989761054516,8,0,8,0,0,,,,,,,,,,,,,,
rsg_object_detection,dropped_oldest,216,rsg_20260806_23_354880000_000216,dropped,True,fifo_cached_frame,210,23,0,185,23,0,1,0.0,46.45878200244624,frame_fifo_full,,,,,,,,,,,,,,,,,,,,,,,,,,,,,,,,,,,,,,,,,,,,,,,,,,,,,,,,
rsg_object_detection,dropped_oldest,217,rsg_20260806_23_404879999_000217,dropped,True,fifo_cached_frame,211,23,0,186,23,0,1,0.0,52.06472899590153,frame_fifo_full,,,,,,,,,,,,,,,,,,,,,,,,,,,,,,,,,,,,,,,,,,,,,,,,,,,,,,,,
rsg_object_detection,dropped_oldest,218,rsg_20260806_23_454879999_000218,dropped,True,fifo_cached_frame,212,23,0,187,23,0,1,0.0,51.067987995338626,frame_fifo_full,,,,,,,,,,,,,,,,,,,,,,,,,,,,,,,,,,,,,,,,,,,,,,,,,,,,,,,,
rsg_object_detection,dropped_oldest,219,rsg_20260806_23_504880000_000219,dropped,True,fifo_cached_frame,213,23,0,188,23,0,1,0.0,50.814866001019254,frame_fifo_full,,,,,,,,,,,,,,,,,,,,,,,,,,,,,,,,,,,,,,,,,,,,,,,,,,,,,,,,
rsg_object_detection,dropped_oldest,220,rsg_20260806_23_554880000_000220,dropped,True,fifo_cached_frame,214,23,0,189,23,0,1,0.0,49.34935600613244,frame_fifo_full,,,,,,,,,,,,,,,,,,,,,,,,,,,,,,,,,,,,,,,,,,,,,,,,,,,,,,,,
rsg_object_detection,dropped_oldest,221,rsg_20260806_23_604880000_000221,dropped,True,fifo_cached_frame,215,23,0,190,23,0,1,0.0,48.982666005031206,frame_fifo_full,,,,,,,,,,,,,,,,,,,,,,,,,,,,,,,,,,,,,,,,,,,,,,,,,,,,,,,,
rsg_object_detection,dropped_oldest,222,rsg_20260806_23_654879999_000222,dropped,True,fifo_cached_frame,216,23,0,191,23,0,1,0.0,115.03066199657042,frame_fifo_full,,,,,,,,,,,,,,,,,,,,,,,,,,,,,,,,,,,,,,,,,,,,,,,,,,,,,,,,
rsg_object_detection,dropped_oldest,223,rsg_20260806_23_704879999_000223,dropped,True,fifo_cached_frame,217,23,0,192,23,0,1,0.0,12.188507011160254,frame_fifo_full,,,,,,,,,,,,,,,,,,,,,,,,,,,,,,,,,,,,,,,,,,,,,,,,,,,,,,,,
rsg_object_detection,dropped_oldest,224,rsg_20260806_23_754880000_000224,dropped,True,fifo_cached_frame,218,23,0,193,23,0,1,0.0,30.48545800265856,frame_fifo_full,,,,,,,,,,,,,,,,,,,,,,,,,,,,,,,,,,,,,,,,,,,,,,,,,,,,,,,,
rsg_object_detection,dropped_oldest,225,rsg_20260806_23_804880000_000225,dropped,True,fifo_cached_frame,219,23,0,194,23,0,1,0.0,48.70464900159277,frame_fifo_full,,,,,,,,,,,,,,,,,,,,,,,,,,,,,,,,,,,,,,,,,,,,,,,,,,,,,,,,
rsg_object_detection,dropped_oldest,226,rsg_20260806_23_854880000_000226,dropped,True,fifo_cached_frame,220,23,0,195,23,0,1,0.0,75.76541700109374,frame_fifo_full,,,,,,,,,,,,,,,,,,,,,,,,,,,,,,,,,,,,,,,,,,,,,,,,,,,,,,,,
rsg_object_detection,dropped_oldest,227,rsg_20260806_23_904879999_000227,dropped,True,fifo_cached_frame,221,23,0,196,23,0,1,0.0,18.201878992840648,frame_fifo_full,,,,,,,,,,,,,,,,,,,,,,,,,,,,,,,,,,,,,,,,,,,,,,,,,,,,,,,,
rsg_object_detection,frame_trace,215,rsg_20260806_23_304880000_000215,sent_to_hydra,,,,,,,,,,,670.8617330004927,ok,8.530601000529714,613.1828649959061,48.601353002595715,0.13987300917506218,48.46147999342065,0.0028799986466765404,4.191188010736369,0.23580901324748993,283.5652580106398,31.54306299984455,0.00822398578748107,315.35235400951933,232.6856870058691,35.762250001425855,5.519386992091313,165.02990898152348,25.64578500459902,38.77237699634861,4.086100030690432,0.9030109940795228,0.31245098216459155,1.2355580111034214,0.03199999628122896,0.004064000677317381,278.0490400036797,6.5652159973979,0.12860799324698746,8.858859000611119,0.03759998071473092,4.4413010036805645,3.9098739944165573,0.0876480044098571,0.4437790048541501,3.4401449956931174,0.643938998109661,0.005216003046371043,0.5440340028144419,8,0,8,0,0,,,,,,,,,,,,,,
rsg_object_detection,dropped_oldest,229,rsg_20260806_24_004879999_000229,dropped,True,fifo_cached_frame,223,24,0,197,24,0,1,0.0,50.886003009509295,frame_fifo_full,,,,,,,,,,,,,,,,,,,,,,,,,,,,,,,,,,,,,,,,,,,,,,,,,,,,,,,,
rsg_object_detection,dropped_oldest,230,rsg_20260806_24_054880000_000230,dropped,True,fifo_cached_frame,224,24,0,198,24,0,1,0.0,50.47934399044607,frame_fifo_full,,,,,,,,,,,,,,,,,,,,,,,,,,,,,,,,,,,,,,,,,,,,,,,,,,,,,,,,
rsg_object_detection,dropped_oldest,231,rsg_20260806_24_104880000_000231,dropped,True,fifo_cached_frame,225,24,0,199,24,0,1,0.0,49.21975400066003,frame_fifo_full,,,,,,,,,,,,,,,,,,,,,,,,,,,,,,,,,,,,,,,,,,,,,,,,,,,,,,,,
rsg_object_detection,dropped_oldest,232,rsg_20260806_24_154879999_000232,dropped,True,fifo_cached_frame,226,24,0,200,24,0,1,0.0,52.5048579875147,frame_fifo_full,,,,,,,,,,,,,,,,,,,,,,,,,,,,,,,,,,,,,,,,,,,,,,,,,,,,,,,,
rsg_object_detection,dropped_oldest,233,rsg_20260806_24_204879999_000233,dropped,True,fifo_cached_frame,227,24,0,201,24,0,1,0.0,47.8288349986542,frame_fifo_full,,,,,,,,,,,,,,,,,,,,,,,,,,,,,,,,,,,,,,,,,,,,,,,,,,,,,,,,
rsg_object_detection,dropped_oldest,234,rsg_20260806_24_254880000_000234,dropped,True,fifo_cached_frame,228,24,0,202,24,0,1,0.0,101.2805770005798,frame_fifo_full,,,,,,,,,,,,,,,,,,,,,,,,,,,,,,,,,,,,,,,,,,,,,,,,,,,,,,,,
rsg_object_detection,dropped_oldest,235,rsg_20260806_24_354880000_000235,dropped,True,fifo_cached_frame,229,24,0,203,24,0,1,0.0,60.24902200442739,frame_fifo_full,,,,,,,,,,,,,,,,,,,,,,,,,,,,,,,,,,,,,,,,,,,,,,,,,,,,,,,,
rsg_object_detection,dropped_oldest,236,rsg_20260806_24_404879999_000236,dropped,True,fifo_cached_frame,230,24,0,204,24,0,1,0.0,38.28670900838915,frame_fifo_full,,,,,,,,,,,,,,,,,,,,,,,,,,,,,,,,,,,,,,,,,,,,,,,,,,,,,,,,
rsg_object_detection,dropped_oldest,237,rsg_20260806_24_454879999_000237,dropped,True,fifo_cached_frame,231,24,0,205,24,0,1,0.0,50.56542399688624,frame_fifo_full,,,,,,,,,,,,,,,,,,,,,,,,,,,,,,,,,,,,,,,,,,,,,,,,,,,,,,,,
rsg_object_detection,frame_trace,228,rsg_20260806_23_954879999_000228,sent_to_hydra,,,,,,,,,,,583.5655879927799,ok,9.545997003442608,545.9787849977147,27.39651399315335,0.13183998817112297,27.264674004982226,0.0024320033844560385,1.046596997184679,0.1771849929355085,287.18037299404386,25.37679199303966,0.00764802098274231,312.7419980010018,169.10566700971685,17.87733196397312,11.60568799241446,104.72337598912418,34.18873902410269,34.17020999768283,9.420203015906736,0.30195397266652435,0.3345950099173933,1.718215993605554,0.16048000543378294,0.004224988515488803,215.2316459978465,7.200898005976342,0.1270400098292157,9.58638200245332,0.04422398342285305,5.1582000014605,4.536277003353462,0.09692800813354552,0.5249949899734929,3.7115379964234307,0.6709790031891316,0.0052800023695454,0.6418599950848147,8,0,8,0,0,,,,,,,,,,,,,,
rsg_object_detection,dropped_oldest,239,rsg_20260806_24_554880000_000239,dropped,True,fifo_cached_frame,233,25,0,206,25,0,1,0.0,41.342564989463426,frame_fifo_full,,,,,,,,,,,,,,,,,,,,,,,,,,,,,,,,,,,,,,,,,,,,,,,,,,,,,,,,
rsg_object_detection,dropped_oldest,240,rsg_20260806_24_604880000_000240,dropped,True,fifo_cached_frame,234,25,0,207,25,0,1,0.0,46.106202993541956,frame_fifo_full,,,,,,,,,,,,,,,,,,,,,,,,,,,,,,,,,,,,,,,,,,,,,,,,,,,,,,,,
rsg_object_detection,dropped_oldest,241,rsg_20260806_24_654879999_000241,dropped,True,fifo_cached_frame,235,25,0,208,25,0,1,0.0,55.99021801026538,frame_fifo_full,,,,,,,,,,,,,,,,,,,,,,,,,,,,,,,,,,,,,,,,,,,,,,,,,,,,,,,,
rsg_object_detection,dropped_oldest,242,rsg_20260806_24_704879999_000242,dropped,True,fifo_cached_frame,236,25,0,209,25,0,1,0.0,72.38635901012458,frame_fifo_full,,,,,,,,,,,,,,,,,,,,,,,,,,,,,,,,,,,,,,,,,,,,,,,,,,,,,,,,
rsg_object_detection,dropped_oldest,243,rsg_20260806_24_754880000_000243,dropped,True,fifo_cached_frame,237,25,0,210,25,0,1,0.0,32.70245899329893,frame_fifo_full,,,,,,,,,,,,,,,,,,,,,,,,,,,,,,,,,,,,,,,,,,,,,,,,,,,,,,,,
rsg_object_detection,dropped_oldest,244,rsg_20260806_24_804880000_000244,dropped,True,fifo_cached_frame,238,25,0,211,25,0,1,0.0,66.88610999844968,frame_fifo_full,,,,,,,,,,,,,,,,,,,,,,,,,,,,,,,,,,,,,,,,,,,,,,,,,,,,,,,,
rsg_object_detection,dropped_oldest,245,rsg_20260806_24_854880000_000245,dropped,True,fifo_cached_frame,239,25,0,212,25,0,1,0.0,36.2827649951214,frame_fifo_full,,,,,,,,,,,,,,,,,,,,,,,,,,,,,,,,,,,,,,,,,,,,,,,,,,,,,,,,
rsg_object_detection,dropped_oldest,246,rsg_20260806_24_904879999_000246,dropped,True,fifo_cached_frame,240,25,0,213,25,0,1,0.0,40.17487900273409,frame_fifo_full,,,,,,,,,,,,,,,,,,,,,,,,,,,,,,,,,,,,,,,,,,,,,,,,,,,,,,,,
rsg_object_detection,dropped_oldest,247,rsg_20260806_24_954879999_000247,dropped,True,fifo_cached_frame,241,25,0,214,25,0,1,0.0,47.73843499424402,frame_fifo_full,,,,,,,,,,,,,,,,,,,,,,,,,,,,,,,,,,,,,,,,,,,,,,,,,,,,,,,,
rsg_object_detection,frame_trace,238,rsg_20260806_24_504880000_000238,sent_to_hydra,,,,,,,,,,,509.3980660021771,ok,12.52777200716082,456.97922399267554,39.19781799777411,0.13728099293075502,39.060537004843354,0.002207991201430559,2.150410000467673,0.6341469998005778,195.63600000401493,16.41873399785254,0.007903989171609282,212.69678499083966,171.46222198789474,28.742791997501627,9.840720013016835,97.8416159923654,34.26080297504086,45.922617995529436,3.926097007934004,1.7367780092172325,0.383297010557726,1.3693500077351928,0.030912007787264884,0.0052800023695454,224.87703499791678,5.189464995055459,0.1384650095133111,11.883831990417093,0.04323200846556574,7.8659890132257715,7.251233997521922,0.0959679891820997,0.5187870265217498,3.754706005565822,0.901573002920486,0.005503985448740423,0.6910440133651718,8,0,8,0,0,,,,,,,,,,,,,,
rsg_object_detection,dequeued,238,rsg_20260806_24_504880000_000238,,,,,,,,,,,106.37307999422774,,fifo_order,,,,,,,,,,,,,,,,,,,,,,,,,,,,,,,,,,,,,,,,,,,rsg_obj_000001,rsg_unknown_rsg_20260806_24_504880000_000238_001_nanosam_001,1,300,23,0.6109761056490802,,,,,,,,
rsg_object_detection,,238,rsg_20260806_24_504880000_000238,vlm_failed,,,,,,,,,,,,HTTP Error 503: Service Unavailable,,,,,,,,,,,,,,,,,,,,,,,,,,,,,,,,,,,,,,,,,,,rsg_obj_000001,rsg_unknown_rsg_20260806_24_504880000_000238_001_nanosam_001,,,23,0.6109761056490802,unknown_object,0.0,unknown,0.0,6.07382100133691,112.44946099759545,qwen_http,Qwen3-VL-8B-Instruct-GGUF
rsg_object_detection,completed,238,rsg_20260806_24_504880000_000238,,,,,,,,,,,106.37307999422774,,vlm_failed,,,,,,,,,,,,,,,,,,,,,,,,,,,,,,,,,,,,,,,,,,,rsg_obj_000001,rsg_unknown_rsg_20260806_24_504880000_000238_001_nanosam_001,1,300,23,0.6109761056490802,,,,,,,,
rsg_object_detection,dropped_oldest,249,rsg_20260806_25_054880000_000249,dropped,True,fifo_cached_frame,243,26,0,215,26,0,1,0.0,54.54236999503337,frame_fifo_full,,,,,,,,,,,,,,,,,,,,,,,,,,,,,,,,,,,,,,,,,,,,,,,,,,,,,,,,
rsg_object_detection,dequeued,238,rsg_20260806_24_504880000_000238,,,,,,,,,,,216.98857699811924,,fifo_order,,,,,,,,,,,,,,,,,,,,,,,,,,,,,,,,,,,,,,,,,,,rsg_obj_000005,rsg_unknown_rsg_20260806_24_504880000_000238_006_nanosam_008,0,300,19,0.6347578933437871,,,,,,,,
rsg_object_detection,,238,rsg_20260806_24_504880000_000238,vlm_failed,,,,,,,,,,,,HTTP Error 503: Service Unavailable,,,,,,,,,,,,,,,,,,,,,,,,,,,,,,,,,,,,,,,,,,,rsg_obj_000005,rsg_unknown_rsg_20260806_24_504880000_000238_006_nanosam_008,,,19,0.6347578933437871,unknown_object,0.0,unknown,0.0,6.589566997718066,223.58006400463637,qwen_http,Qwen3-VL-8B-Instruct-GGUF
rsg_object_detection,completed,238,rsg_20260806_24_504880000_000238,,,,,,,,,,,216.98857699811924,,vlm_failed,,,,,,,,,,,,,,,,,,,,,,,,,,,,,,,,,,,,,,,,,,,rsg_obj_000005,rsg_unknown_rsg_20260806_24_504880000_000238_006_nanosam_008,0,300,19,0.6347578933437871,,,,,,,,
rsg_object_detection,dropped_oldest,250,rsg_20260806_25_104880000_000250,dropped,True,fifo_cached_frame,244,26,0,216,26,0,1,0.0,101.56095901038498,frame_fifo_full,,,,,,,,,,,,,,,,,,,,,,,,,,,,,,,,,,,,,,,,,,,,,,,,,,,,,,,,
rsg_object_detection,dropped_oldest,251,rsg_20260806_25_154879999_000251,dropped,True,fifo_cached_frame,245,26,0,217,26,0,1,0.0,5.5804420117056,frame_fifo_full,,,,,,,,,,,,,,,,,,,,,,,,,,,,,,,,,,,,,,,,,,,,,,,,,,,,,,,,
rsg_object_detection,dropped_oldest,252,rsg_20260806_25_204879999_000252,dropped,True,fifo_cached_frame,246,26,0,218,26,0,1,0.0,38.87813599430956,frame_fifo_full,,,,,,,,,,,,,,,,,,,,,,,,,,,,,,,,,,,,,,,,,,,,,,,,,,,,,,,,
rsg_object_detection,dropped_oldest,253,rsg_20260806_25_254880000_000253,dropped,True,fifo_cached_frame,247,26,0,219,26,0,1,0.0,50.28526100795716,frame_fifo_full,,,,,,,,,,,,,,,,,,,,,,,,,,,,,,,,,,,,,,,,,,,,,,,,,,,,,,,,
rsg_object_detection,dropped_oldest,254,rsg_20260806_25_304880000_000254,dropped,True,fifo_cached_frame,248,26,0,220,26,0,1,0.0,56.150728996726684,frame_fifo_full,,,,,,,,,,,,,,,,,,,,,,,,,,,,,,,,,,,,,,,,,,,,,,,,,,,,,,,,
rsg_object_detection,dropped_oldest,255,rsg_20260806_25_354880000_000255,dropped,True,fifo_cached_frame,249,26,0,221,26,0,1,0.0,55.82714299089275,frame_fifo_full,,,,,,,,,,,,,,,,,,,,,,,,,,,,,,,,,,,,,,,,,,,,,,,,,,,,,,,,
rsg_object_detection,dropped_oldest,256,rsg_20260806_25_404879999_000256,dropped,True,fifo_cached_frame,250,26,0,222,26,0,1,0.0,47.874146010144614,frame_fifo_full,,,,,,,,,,,,,,,,,,,,,,,,,,,,,,,,,,,,,,,,,,,,,,,,,,,,,,,,
rsg_object_detection,frame_trace,248,rsg_20260806_25_004879999_000248,sent_to_hydra,,,,,,,,,,,489.3128360126866,ok,12.454651005100459,461.0335339966696,15.381705001345836,0.1341760071227327,15.247528994223103,0.0042239989852532744,0.9193320001941174,0.1717770064715296,264.8912340082461,19.783709009061567,0.0058559817261993885,284.8525760055054,132.27700801508036,17.553619982209057,5.465273032314144,78.3687860093778,30.24270299647469,22.224872998776846,6.859297005576082,0.5153629899723455,0.30527998751495034,1.1835569894174114,0.028896000003442168,0.00384000304620713,163.41532999649644,2.90951800707262,0.12611300917342305,8.774153000558726,0.036511977668851614,4.449461004696786,3.8881140062585473,0.09167999087367207,0.46966700756456703,7.384195007034577,0.6157790048746392,0.005215988494455814,0.43872201058547944,8,0,7,0,0,,,,,,,,,,,,,,
rsg_object_detection,dropped_oldest,258,rsg_20260806_25_504880000_000258,dropped,True,fifo_cached_frame,252,27,0,223,27,0,1,0.0,51.427890997729264,frame_fifo_full,,,,,,,,,,,,,,,,,,,,,,,,,,,,,,,,,,,,,,,,,,,,,,,,,,,,,,,,
rsg_object_detection,dropped_oldest,259,rsg_20260806_25_554880000_000259,dropped,True,fifo_cached_frame,253,27,0,224,27,0,1,0.0,60.18879600742366,frame_fifo_full,,,,,,,,,,,,,,,,,,,,,,,,,,,,,,,,,,,,,,,,,,,,,,,,,,,,,,,,
rsg_object_detection,dropped_oldest,260,rsg_20260806_25_604880000_000260,dropped,True,fifo_cached_frame,254,27,0,225,27,0,1,0.0,42.72967399447225,frame_fifo_full,,,,,,,,,,,,,,,,,,,,,,,,,,,,,,,,,,,,,,,,,,,,,,,,,,,,,,,,
rsg_object_detection,dropped_oldest,261,rsg_20260806_25_654879999_000261,dropped,True,fifo_cached_frame,255,27,0,226,27,0,1,0.0,48.531077001825906,frame_fifo_full,,,,,,,,,,,,,,,,,,,,,,,,,,,,,,,,,,,,,,,,,,,,,,,,,,,,,,,,
rsg_object_detection,dropped_oldest,262,rsg_20260806_25_704879999_000262,dropped,True,fifo_cached_frame,256,27,0,227,27,0,1,0.0,48.15776299801655,frame_fifo_full,,,,,,,,,,,,,,,,,,,,,,,,,,,,,,,,,,,,,,,,,,,,,,,,,,,,,,,,
rsg_object_detection,dropped_oldest,263,rsg_20260806_25_754880000_000263,dropped,True,fifo_cached_frame,257,27,0,228,27,0,1,0.0,70.75643001007847,frame_fifo_full,,,,,,,,,,,,,,,,,,,,,,,,,,,,,,,,,,,,,,,,,,,,,,,,,,,,,,,,
rsg_object_detection,dropped_oldest,264,rsg_20260806_25_804880000_000264,dropped,True,fifo_cached_frame,258,27,0,229,27,0,1,0.0,90.44282599643338,frame_fifo_full,,,,,,,,,,,,,,,,,,,,,,,,,,,,,,,,,,,,,,,,,,,,,,,,,,,,,,,,
rsg_object_detection,dropped_oldest,265,rsg_20260806_25_854880000_000265,dropped,True,fifo_cached_frame,259,27,0,230,28,0,1,0.0,16.081451991340145,frame_fifo_full,,,,,,,,,,,,,,,,,,,,,,,,,,,,,,,,,,,,,,,,,,,,,,,,,,,,,,,,
rsg_object_detection,frame_trace,257,rsg_20260806_25_454879999_000257,sent_to_hydra,,,,,,,,,,,457.8452300047502,ok,12.149657006375492,408.60518999397755,35.46723899489734,0.13305699394550174,35.33418200095184,0.002592001692391932,4.047570997499861,0.17612800002098083,258.3133779990021,14.055713996640407,0.006016009137965739,272.55123600480147,86.58063101756852,15.120101990760304,14.578371963580139,36.64612700231373,19.623931002570316,26.424636991578154,3.3608480007387698,0.41843403596431017,0.30672195134684443,1.3057339965598658,0.03264000406488776,0.0048000074457377195,118.45115099276882,4.182356002274901,0.13174400373827666,9.203052002703771,0.03807999019045383,8.154759008903056,7.6141799945617095,0.0875850091688335,0.4529940051725134,3.3287830010522157,0.6610270065721124,0.0050879898481070995,1.6205520078074187,8,0,8,0,0,,,,,,,,,,,,,,
rsg_object_detection,dropped_oldest,267,rsg_20260806_25_954879999_000267,dropped,True,fifo_cached_frame,261,28,0,231,28,0,1,0.0,62.41101399064064,frame_fifo_full,,,,,,,,,,,,,,,,,,,,,,,,,,,,,,,,,,,,,,,,,,,,,,,,,,,,,,,,
rsg_object_detection,dropped_oldest,268,rsg_20260806_26_004879999_000268,dropped,True,fifo_cached_frame,262,28,0,232,28,0,1,0.0,35.708551993593574,frame_fifo_full,,,,,,,,,,,,,,,,,,,,,,,,,,,,,,,,,,,,,,,,,,,,,,,,,,,,,,,,
rsg_object_detection,dropped_oldest,269,rsg_20260806_26_054880000_000269,dropped,True,fifo_cached_frame,263,28,0,233,28,0,1,0.0,51.16231899592094,frame_fifo_full,,,,,,,,,,,,,,,,,,,,,,,,,,,,,,,,,,,,,,,,,,,,,,,,,,,,,,,,
rsg_object_detection,dropped_oldest,270,rsg_20260806_26_104880000_000270,dropped,True,fifo_cached_frame,264,28,0,234,28,0,1,0.0,50.20084300485905,frame_fifo_full,,,,,,,,,,,,,,,,,,,,,,,,,,,,,,,,,,,,,,,,,,,,,,,,,,,,,,,,
rsg_object_detection,dropped_oldest,271,rsg_20260806_26_154879999_000271,dropped,True,fifo_cached_frame,265,28,0,235,28,0,1,0.0,51.226192008471116,frame_fifo_full,,,,,,,,,,,,,,,,,,,,,,,,,,,,,,,,,,,,,,,,,,,,,,,,,,,,,,,,
rsg_object_detection,dropped_oldest,272,rsg_20260806_26_204879999_000272,dropped,True,fifo_cached_frame,266,28,0,236,28,0,1,0.0,70.68330699985381,frame_fifo_full,,,,,,,,,,,,,,,,,,,,,,,,,,,,,,,,,,,,,,,,,,,,,,,,,,,,,,,,
rsg_object_detection,dropped_oldest,273,rsg_20260806_26_254880000_000273,dropped,True,fifo_cached_frame,267,28,0,237,28,0,1,0.0,32.34373600571416,frame_fifo_full,,,,,,,,,,,,,,,,,,,,,,,,,,,,,,,,,,,,,,,,,,,,,,,,,,,,,,,,
rsg_object_detection,dropped_oldest,274,rsg_20260806_26_304880000_000274,dropped,True,fifo_cached_frame,268,28,0,238,28,0,1,0.0,44.626577000599355,frame_fifo_full,,,,,,,,,,,,,,,,,,,,,,,,,,,,,,,,,,,,,,,,,,,,,,,,,,,,,,,,
rsg_object_detection,frame_trace,266,rsg_20260806_25_904879999_000266,sent_to_hydra,,,,,,,,,,,466.31041199725587,ok,9.539532999042422,454.6163089980837,1.5180549962678924,0.1403849892085418,1.3776700070593506,0.005376001354306936,1.2707260029856116,0.15312100003939122,259.9923890084028,27.308064003591426,0.006719987140968442,287.4602939991746,99.15540801011957,16.626767013804056,4.206067998893559,55.053377014701255,22.528841975145042,47.366014012368396,4.104211984667927,0.4237770044710487,0.3432340017752722,1.6003920027287677,0.03817600372713059,0.0042239989852532744,153.0545410059858,2.848589007044211,0.13673699868377298,9.803854001802392,0.04156798240728676,4.75096600712277,4.132499001570977,0.11766400712076575,0.5008029984310269,4.110674999537878,0.6729640008416027,0.004927991540171206,0.6311390025075525,8,0,8,0,0,,,,,,,,,,,,,,
rsg_object_detection,dropped_oldest,276,rsg_20260806_26_404879999_000276,dropped,True,fifo_cached_frame,270,29,0,239,29,0,1,0.0,55.79002101148944,frame_fifo_full,,,,,,,,,,,,,,,,,,,,,,,,,,,,,,,,,,,,,,,,,,,,,,,,,,,,,,,,
rsg_object_detection,dropped_oldest,277,rsg_20260806_26_454879999_000277,dropped,True,fifo_cached_frame,271,29,0,240,29,0,1,0.0,55.53974899521563,frame_fifo_full,,,,,,,,,,,,,,,,,,,,,,,,,,,,,,,,,,,,,,,,,,,,,,,,,,,,,,,,
rsg_object_detection,dropped_oldest,278,rsg_20260806_26_504880000_000278,dropped,True,fifo_cached_frame,272,29,0,241,29,0,1,0.0,41.95021199120674,frame_fifo_full,,,,,,,,,,,,,,,,,,,,,,,,,,,,,,,,,,,,,,,,,,,,,,,,,,,,,,,,
rsg_object_detection,dropped_oldest,279,rsg_20260806_26_554880000_000279,dropped,True,fifo_cached_frame,273,29,0,242,29,0,1,0.0,45.220308005809784,frame_fifo_full,,,,,,,,,,,,,,,,,,,,,,,,,,,,,,,,,,,,,,,,,,,,,,,,,,,,,,,,
rsg_object_detection,dropped_oldest,280,rsg_20260806_26_604880000_000280,dropped,True,fifo_cached_frame,274,29,0,243,29,0,1,0.0,49.71386500983499,frame_fifo_full,,,,,,,,,,,,,,,,,,,,,,,,,,,,,,,,,,,,,,,,,,,,,,,,,,,,,,,,
rsg_object_detection,dropped_oldest,281,rsg_20260806_26_654879999_000281,dropped,True,fifo_cached_frame,275,29,0,244,29,0,1,0.0,61.632288998225704,frame_fifo_full,,,,,,,,,,,,,,,,,,,,,,,,,,,,,,,,,,,,,,,,,,,,,,,,,,,,,,,,
rsg_object_detection,dropped_oldest,282,rsg_20260806_26_704879999_000282,dropped,True,fifo_cached_frame,276,29,0,245,29,0,1,0.0,38.62754101282917,frame_fifo_full,,,,,,,,,,,,,,,,,,,,,,,,,,,,,,,,,,,,,,,,,,,,,,,,,,,,,,,,
rsg_object_detection,dropped_oldest,283,rsg_20260806_26_754880000_000283,dropped,True,fifo_cached_frame,277,29,0,246,29,0,1,0.0,70.65284300188068,frame_fifo_full,,,,,,,,,,,,,,,,,,,,,,,,,,,,,,,,,,,,,,,,,,,,,,,,,,,,,,,,
rsg_object_detection,dropped_oldest,284,rsg_20260806_26_804880000_000284,dropped,True,fifo_cached_frame,278,29,0,247,29,0,1,0.0,47.252446005586535,frame_fifo_full,,,,,,,,,,,,,,,,,,,,,,,,,,,,,,,,,,,,,,,,,,,,,,,,,,,,,,,,
rsg_object_detection,dropped_oldest,285,rsg_20260806_26_854880000_000285,dropped,True,fifo_cached_frame,279,29,0,248,29,0,1,0.0,34.33616099937353,frame_fifo_full,,,,,,,,,,,,,,,,,,,,,,,,,,,,,,,,,,,,,,,,,,,,,,,,,,,,,,,,
rsg_object_detection,dropped_oldest,286,rsg_20260806_26_904879999_000286,dropped,True,fifo_cached_frame,280,29,0,249,29,0,1,0.0,48.01097699964885,frame_fifo_full,,,,,,,,,,,,,,,,,,,,,,,,,,,,,,,,,,,,,,,,,,,,,,,,,,,,,,,,
rsg_object_detection,frame_trace,275,rsg_20260806_26_354880000_000275,sent_to_hydra,,,,,,,,,,,636.0860190034145,ok,8.665289002237841,580.6706550065428,46.11503200430889,0.14937699597794563,45.96565500833094,0.0016319972928613424,4.917366997688077,0.17276899598073214,335.494851009571,20.37238300545141,0.006975984433665872,356.0469789954368,169.46472896961495,36.52673299075104,5.039222014602274,99.21912199934013,27.966883004410192,29.14554500603117,3.097070017247461,0.21308903524186462,0.30502596928272396,1.2715900084003806,0.18963200272992253,0.004128000000491738,203.7055929977214,5.468985997140408,0.13478500477503985,10.363760011387058,0.03318500239402056,4.351732000941411,3.81467399711255,0.08032000914681703,0.4567379946820438,3.425295988563448,0.8823729876894504,0.005888025043532252,0.6334109930321574,8,0,8,0,0,,,,,,,,,,,,,,
rsg_object_detection,dropped_oldest,288,rsg_20260806_27_004879999_000288,dropped,True,fifo_cached_frame,282,30,0,250,30,0,1,0.0,48.195776995271444,frame_fifo_full,,,,,,,,,,,,,,,,,,,,,,,,,,,,,,,,,,,,,,,,,,,,,,,,,,,,,,,,
rsg_object_detection,dropped_oldest,289,rsg_20260806_27_054880000_000289,dropped,True,fifo_cached_frame,283,30,0,251,30,0,1,0.0,61.61523099581245,frame_fifo_full,,,,,,,,,,,,,,,,,,,,,,,,,,,,,,,,,,,,,,,,,,,,,,,,,,,,,,,,
rsg_object_detection,dropped_oldest,290,rsg_20260806_27_104880000_000290,dropped,True,fifo_cached_frame,284,30,0,252,30,0,1,0.0,39.90453800361138,frame_fifo_full,,,,,,,,,,,,,,,,,,,,,,,,,,,,,,,,,,,,,,,,,,,,,,,,,,,,,,,,
rsg_object_detection,dequeued,248,rsg_20260806_25_004879999_000248,,,,,,,,,,,67.37170599808451,,fifo_order,,,,,,,,,,,,,,,,,,,,,,,,,,,,,,,,,,,,,,,,,,,rsg_obj_000015,rsg_unknown_rsg_20260806_25_004879999_000248_005_nanosam_002,0,300,9,0.4886500767805425,,,,,,,,
rsg_object_detection,,248,rsg_20260806_25_004879999_000248,vlm_failed,,,,,,,,,,,,HTTP Error 503: Service Unavailable,,,,,,,,,,,,,,,,,,,,,,,,,,,,,,,,,,,,,,,,,,,rsg_obj_000015,rsg_unknown_rsg_20260806_25_004879999_000248_005_nanosam_002,,,9,0.4886500767805425,unknown_object,0.0,unknown,0.0,4.468149010790512,71.84257500921376,qwen_http,Qwen3-VL-8B-Instruct-GGUF
rsg_object_detection,completed,248,rsg_20260806_25_004879999_000248,,,,,,,,,,,67.37170599808451,,vlm_failed,,,,,,,,,,,,,,,,,,,,,,,,,,,,,,,,,,,,,,,,,,,rsg_obj_000015,rsg_unknown_rsg_20260806_25_004879999_000248_005_nanosam_002,0,300,9,0.4886500767805425,,,,,,,,
rsg_object_detection,dropped_oldest,291,rsg_20260806_27_154879999_000291,dropped,True,fifo_cached_frame,285,30,0,253,30,0,1,0.0,48.74214700248558,frame_fifo_full,,,,,,,,,,,,,,,,,,,,,,,,,,,,,,,,,,,,,,,,,,,,,,,,,,,,,,,,
rsg_object_detection,dropped_oldest,292,rsg_20260806_27_204879999_000292,dropped,True,fifo_cached_frame,286,30,0,254,30,0,1,0.0,50.43594600283541,frame_fifo_full,,,,,,,,,,,,,,,,,,,,,,,,,,,,,,,,,,,,,,,,,,,,,,,,,,,,,,,,
rsg_object_detection,dropped_oldest,293,rsg_20260806_27_254880000_000293,dropped,True,fifo_cached_frame,287,30,0,255,30,0,1,0.0,54.5941739983391,frame_fifo_full,,,,,,,,,,,,,,,,,,,,,,,,,,,,,,,,,,,,,,,,,,,,,,,,,,,,,,,,
rsg_object_detection,dropped_oldest,294,rsg_20260806_27_304880000_000294,dropped,True,fifo_cached_frame,288,30,0,256,30,0,1,0.0,63.11264599207789,frame_fifo_full,,,,,,,,,,,,,,,,,,,,,,,,,,,,,,,,,,,,,,,,,,,,,,,,,,,,,,,,
rsg_object_detection,dropped_oldest,295,rsg_20260806_27_354880000_000295,dropped,True,fifo_cached_frame,289,30,0,257,30,0,1,0.0,39.56351200758945,frame_fifo_full,,,,,,,,,,,,,,,,,,,,,,,,,,,,,,,,,,,,,,,,,,,,,,,,,,,,,,,,
rsg_object_detection,frame_trace,287,rsg_20260806_26_954879999_000287,sent_to_hydra,,,,,,,,,,,485.05595499591436,ok,8.668295995448716,427.4750789918471,47.400445997482166,0.29776099836453795,47.10268499911763,0.0047679932322353125,4.888470997684635,4.357045007054694,221.66858399577904,21.97584700479638,0.00790400372352451,248.00938001135364,125.94119398272596,17.464752003434114,20.92419398832135,65.06820699723903,21.86570200137794,33.14188199874479,2.6546370063442737,0.1062720111804083,0.25776099937502295,1.1625330080278218,0.03488000947982073,0.004255998646840453,163.32437499659136,2.414731992757879,0.13292799121700227,8.668105001561344,0.03708800068125129,4.50760500098113,3.9372339961118996,0.08518400136381388,0.4851870035054162,3.494799995678477,0.6603869987884536,0.005504000000655651,1.5073660179041326,8,0,7,0,0,,,,,,,,,,,,,,
rsg_object_detection,dropped_oldest,297,rsg_20260806_27_454879999_000297,dropped,True,fifo_cached_frame,291,31,0,258,31,0,1,0.0,54.934367988607846,frame_fifo_full,,,,,,,,,,,,,,,,,,,,,,,,,,,,,,,,,,,,,,,,,,,,,,,,,,,,,,,,
rsg_object_detection,dropped_oldest,298,rsg_20260806_27_504880000_000298,dropped,True,fifo_cached_frame,292,31,0,259,31,0,1,0.0,47.506972987321205,frame_fifo_full,,,,,,,,,,,,,,,,,,,,,,,,,,,,,,,,,,,,,,,,,,,,,,,,,,,,,,,,
rsg_object_detection,dropped_oldest,299,rsg_20260806_27_554880000_000299,dropped,True,fifo_cached_frame,293,31,0,260,31,0,1,0.0,59.232531988527626,frame_fifo_full,,,,,,,,,,,,,,,,,,,,,,,,,,,,,,,,,,,,,,,,,,,,,,,,,,,,,,,,
rsg_object_detection,dropped_oldest,300,rsg_20260806_27_604880000_000300,dropped,True,fifo_cached_frame,294,31,0,261,31,0,1,0.0,42.484710007556714,frame_fifo_full,,,,,,,,,,,,,,,,,,,,,,,,,,,,,,,,,,,,,,,,,,,,,,,,,,,,,,,,
rsg_object_detection,dropped_oldest,301,rsg_20260806_27_654879999_000301,dropped,True,fifo_cached_frame,295,31,0,262,31,0,1,0.0,50.345866999123245,frame_fifo_full,,,,,,,,,,,,,,,,,,,,,,,,,,,,,,,,,,,,,,,,,,,,,,,,,,,,,,,,
rsg_object_detection,dropped_oldest,302,rsg_20260806_27_704879999_000302,dropped,True,fifo_cached_frame,296,31,0,263,31,0,1,0.0,57.21412200364284,frame_fifo_full,,,,,,,,,,,,,,,,,,,,,,,,,,,,,,,,,,,,,,,,,,,,,,,,,,,,,,,,
rsg_object_detection,dropped_oldest,303,rsg_20260806_27_754880000_000303,dropped,True,fifo_cached_frame,297,31,0,264,31,0,1,0.0,44.96952099725604,frame_fifo_full,,,,,,,,,,,,,,,,,,,,,,,,,,,,,,,,,,,,,,,,,,,,,,,,,,,,,,,,
rsg_object_detection,frame_trace,296,rsg_20260806_27_404879999_000296,sent_to_hydra,,,,,,,,,,,407.02970199345145,ok,11.524309986270964,361.20449600275606,33.62380499311257,0.13872100680600852,33.48508398630656,0.001471998984925449,2.5307000032626092,0.20265700004529208,255.51267599803396,17.295632991590537,0.006688002031296492,273.0176539917011,45.84664398862515,14.79719000053592,2.894956007367,11.32968500314746,16.15879498422146,20.098365988815203,3.088877987465821,0.4850260156672448,0.28803502209484577,1.3029180117882788,0.029663991881534457,0.003936002030968666,71.157130994834,2.757324997219257,0.16784000035841018,11.538261998794042,0.03558401658665389,7.3288979911012575,6.793694992666133,0.0879360013641417,0.44726699707098305,3.4877599973697215,0.7015400042291731,0.0061119935708120465,0.6756190123269334,8,0,8,0,0,,,,,,,,,,,,,,
rsg_object_detection,dropped_oldest,305,rsg_20260806_27_854880000_000305,dropped,True,fifo_cached_frame,299,32,0,265,32,0,1,0.0,48.00575900299009,frame_fifo_full,,,,,,,,,,,,,,,,,,,,,,,,,,,,,,,,,,,,,,,,,,,,,,,,,,,,,,,,
rsg_object_detection,dropped_oldest,306,rsg_20260806_27_904879999_000306,dropped,True,fifo_cached_frame,300,32,0,266,32,0,1,0.0,42.124675994273275,frame_fifo_full,,,,,,,,,,,,,,,,,,,,,,,,,,,,,,,,,,,,,,,,,,,,,,,,,,,,,,,,
rsg_object_detection,dropped_oldest,307,rsg_20260806_27_954879999_000307,dropped,True,fifo_cached_frame,301,32,0,267,32,0,1,0.0,51.21178999252152,frame_fifo_full,,,,,,,,,,,,,,,,,,,,,,,,,,,,,,,,,,,,,,,,,,,,,,,,,,,,,,,,
rsg_object_detection,dropped_oldest,308,rsg_20260806_28_004879999_000308,dropped,True,fifo_cached_frame,302,32,0,268,32,0,1,0.0,49.07088399340864,frame_fifo_full,,,,,,,,,,,,,,,,,,,,,,,,,,,,,,,,,,,,,,,,,,,,,,,,,,,,,,,,
rsg_object_detection,dropped_oldest,309,rsg_20260806_28_054880000_000309,dropped,True,fifo_cached_frame,303,32,0,269,32,0,1,0.0,48.25686299591325,frame_fifo_full,,,,,,,,,,,,,,,,,,,,,,,,,,,,,,,,,,,,,,,,,,,,,,,,,,,,,,,,
rsg_object_detection,dropped_oldest,310,rsg_20260806_28_104880000_000310,dropped,True,fifo_cached_frame,304,32,0,270,32,0,1,0.0,63.42301300901454,frame_fifo_full,,,,,,,,,,,,,,,,,,,,,,,,,,,,,,,,,,,,,,,,,,,,,,,,,,,,,,,,
rsg_object_detection,frame_trace,304,rsg_20260806_27_804880000_000304,sent_to_hydra,,,,,,,,,,,358.8151689909864,ok,11.660245989332907,332.2144710109569,14.289409999037161,0.14009600272402167,14.14931399631314,0.001887994585558772,0.8985000022221357,0.15926499327179044,212.50146899546962,14.539810988935642,0.006816015229560435,227.20736099290662,64.50314600078855,18.157489990699105,2.7214849833399057,31.584272990585305,11.49832499504555,19.35365700046532,2.6850029826164246,0.6633309676544741,0.28602004749700427,1.1813169985543936,0.03219299833290279,0.0042239989852532744,88.72447499015834,2.4779630039120093,0.13600099191535264,12.732826988212764,0.0373440416296944,4.518804998951964,3.965875002904795,0.09056000271812081,0.46236999332904816,3.358384012244642,0.6195549940457568,3.1635019840905443,0.6491539970738813,8,0,8,0,0,,,,,,,,,,,,,,
rsg_object_detection,dropped_oldest,312,rsg_20260806_28_204879999_000312,dropped,True,fifo_cached_frame,306,33,0,271,33,0,1,0.0,28.747844000463374,frame_fifo_full,,,,,,,,,,,,,,,,,,,,,,,,,,,,,,,,,,,,,,,,,,,,,,,,,,,,,,,,
rsg_object_detection,dropped_oldest,313,rsg_20260806_28_254880000_000313,dropped,True,fifo_cached_frame,307,33,0,272,33,0,1,0.0,52.15483299980406,frame_fifo_full,,,,,,,,,,,,,,,,,,,,,,,,,,,,,,,,,,,,,,,,,,,,,,,,,,,,,,,,
rsg_object_detection,dropped_oldest,314,rsg_20260806_28_304880000_000314,dropped,True,fifo_cached_frame,308,33,0,273,33,0,1,0.0,48.56412799563259,frame_fifo_full,,,,,,,,,,,,,,,,,,,,,,,,,,,,,,,,,,,,,,,,,,,,,,,,,,,,,,,,
rsg_object_detection,dropped_oldest,315,rsg_20260806_28_354880000_000315,dropped,True,fifo_cached_frame,309,33,0,274,33,0,1,0.0,50.82353000761941,frame_fifo_full,,,,,,,,,,,,,,,,,,,,,,,,,,,,,,,,,,,,,,,,,,,,,,,,,,,,,,,,
rsg_object_detection,dropped_oldest,316,rsg_20260806_28_404879999_000316,dropped,True,fifo_cached_frame,310,33,0,275,33,0,1,0.0,68.57929300167598,frame_fifo_full,,,,,,,,,,,,,,,,,,,,,,,,,,,,,,,,,,,,,,,,,,,,,,,,,,,,,,,,
rsg_object_detection,dropped_oldest,317,rsg_20260806_28_454879999_000317,dropped,True,fifo_cached_frame,311,33,0,276,33,0,1,0.0,30.99147199827712,frame_fifo_full,,,,,,,,,,,,,,,,,,,,,,,,,,,,,,,,,,,,,,,,,,,,,,,,,,,,,,,,
rsg_object_detection,frame_trace,311,rsg_20260806_28_154879999_000311,sent_to_hydra,,,,,,,,,,,390.3306040010648,ok,10.355760008678772,372.1066790021723,7.052640998153947,0.1362249895464629,6.916416008607484,0.0023040047381073236,0.9118760062847286,0.3206100082024932,248.3738830051152,15.333542993175797,0.007647991878911853,264.0356839983724,49.148163947393186,15.293348027626052,2.6810389972524717,18.166356036090292,12.44888901419472,36.66109699406661,2.882509012124501,0.24345798010472208,0.2936000673798844,1.2281009985599667,3.8540660025319085,0.007040012860670686,94.3351879977854,2.5184439873555675,0.11673600238282233,10.148303001187742,0.04044800880365074,6.033308003679849,5.399128989665769,0.10355199628975242,0.5306270177243277,3.5420319909462705,0.7747239869786426,0.00569602707400918,0.813219987321645,8,0,8,0,0,,,,,,,,,,,,,,
rsg_object_detection,dropped_oldest,319,rsg_20260806_28_554880000_000319,dropped,True,fifo_cached_frame,313,34,0,277,34,0,1,0.0,39.729495998471975,frame_fifo_full,,,,,,,,,,,,,,,,,,,,,,,,,,,,,,,,,,,,,,,,,,,,,,,,,,,,,,,,
rsg_object_detection,dropped_oldest,320,rsg_20260806_28_604880000_000320,dropped,True,fifo_cached_frame,314,34,0,278,34,0,1,0.0,47.28655400685966,frame_fifo_full,,,,,,,,,,,,,,,,,,,,,,,,,,,,,,,,,,,,,,,,,,,,,,,,,,,,,,,,
rsg_object_detection,dropped_oldest,321,rsg_20260806_28_654879999_000321,dropped,True,fifo_cached_frame,315,34,0,279,34,0,1,0.0,54.87810900376644,frame_fifo_full,,,,,,,,,,,,,,,,,,,,,,,,,,,,,,,,,,,,,,,,,,,,,,,,,,,,,,,,
rsg_object_detection,dropped_oldest,322,rsg_20260806_28_704879999_000322,dropped,True,fifo_cached_frame,316,34,0,280,34,0,1,0.0,51.232076992164366,frame_fifo_full,,,,,,,,,,,,,,,,,,,,,,,,,,,,,,,,,,,,,,,,,,,,,,,,,,,,,,,,
rsg_object_detection,dropped_oldest,323,rsg_20260806_28_754880000_000323,dropped,True,fifo_cached_frame,317,34,0,281,34,0,1,0.0,47.36921099538449,frame_fifo_full,,,,,,,,,,,,,,,,,,,,,,,,,,,,,,,,,,,,,,,,,,,,,,,,,,,,,,,,
rsg_object_detection,dropped_oldest,324,rsg_20260806_28_804880000_000324,dropped,True,fifo_cached_frame,318,34,0,282,34,0,1,0.0,64.67121100286022,frame_fifo_full,,,,,,,,,,,,,,,,,,,,,,,,,,,,,,,,,,,,,,,,,,,,,,,,,,,,,,,,
rsg_object_detection,dropped_oldest,325,rsg_20260806_28_854880000_000325,dropped,True,fifo_cached_frame,319,34,0,283,34,0,1,0.0,32.83660000306554,frame_fifo_full,,,,,,,,,,,,,,,,,,,,,,,,,,,,,,,,,,,,,,,,,,,,,,,,,,,,,,,,
rsg_object_detection,frame_trace,318,rsg_20260806_28_504880000_000318,sent_to_hydra,,,,,,,,,,,433.6568840080872,ok,8.557255001505837,365.2934320125496,59.13659400539473,0.1385930081596598,58.99800099723507,0.0020800071069970727,4.341716005001217,0.17667301290202886,221.5673600003356,19.85036299447529,0.005472000339068472,241.599868008052,73.78405300551094,27.0939490001183,3.0065730097703636,13.42729403404519,29.70141799596604,27.263709998806007,3.1718239770270884,0.243135989876464,0.29395302408374846,1.3276550016598776,0.03964800271205604,0.004864006768912077,106.14401100610849,2.5148910062853247,0.1300810108659789,10.523953009396791,0.038911966839805245,4.42827599181328,3.8949939917074516,0.07977600034791976,0.4535059997579083,3.456207996350713,0.6681310042040423,0.004640009137801826,0.6675229815300554,8,0,8,0,0,,,,,,,,,,,,,,
rsg_object_detection,dropped_oldest,327,rsg_20260806_28_954879999_000327,dropped,True,fifo_cached_frame,321,35,0,284,35,0,1,0.0,60.05528500827495,frame_fifo_full,,,,,,,,,,,,,,,,,,,,,,,,,,,,,,,,,,,,,,,,,,,,,,,,,,,,,,,,
rsg_object_detection,dropped_oldest,328,rsg_20260806_29_004879999_000328,dropped,True,fifo_cached_frame,322,35,0,285,35,0,1,0.0,43.28407200227957,frame_fifo_full,,,,,,,,,,,,,,,,,,,,,,,,,,,,,,,,,,,,,,,,,,,,,,,,,,,,,,,,
rsg_object_detection,dropped_oldest,329,rsg_20260806_29_054880000_000329,dropped,True,fifo_cached_frame,323,35,0,286,35,0,1,0.0,69.81439999071881,frame_fifo_full,,,,,,,,,,,,,,,,,,,,,,,,,,,,,,,,,,,,,,,,,,,,,,,,,,,,,,,,
rsg_object_detection,dropped_oldest,330,rsg_20260806_29_104880000_000330,dropped,True,fifo_cached_frame,324,35,0,287,35,0,1,0.0,29.934794001746923,frame_fifo_full,,,,,,,,,,,,,,,,,,,,,,,,,,,,,,,,,,,,,,,,,,,,,,,,,,,,,,,,
rsg_object_detection,dropped_oldest,331,rsg_20260806_29_154879999_000331,dropped,True,fifo_cached_frame,325,35,0,288,35,0,1,0.0,48.863841002457775,frame_fifo_full,,,,,,,,,,,,,,,,,,,,,,,,,,,,,,,,,,,,,,,,,,,,,,,,,,,,,,,,
rsg_object_detection,dropped_oldest,332,rsg_20260806_29_204879999_000332,dropped,True,fifo_cached_frame,326,35,0,289,35,0,1,0.0,66.28526399435941,frame_fifo_full,,,,,,,,,,,,,,,,,,,,,,,,,,,,,,,,,,,,,,,,,,,,,,,,,,,,,,,,
rsg_object_detection,dropped_oldest,333,rsg_20260806_29_254880000_000333,dropped,True,fifo_cached_frame,327,35,0,290,35,0,1,0.0,36.9559460086748,frame_fifo_full,,,,,,,,,,,,,,,,,,,,,,,,,,,,,,,,,,,,,,,,,,,,,,,,,,,,,,,,
rsg_object_detection,frame_trace,326,rsg_20260806_28_904879999_000326,sent_to_hydra,,,,,,,,,,,413.8839520019246,ok,12.695450001046993,359.8930470034247,40.655546996276826,0.14489599561784416,40.51065100065898,0.0020800071069970727,0.9669799910625443,0.18953700782731175,244.97904800227843,22.151173994643614,0.005887995939701796,267.32564700068906,44.626604998484254,15.234565988066606,5.008917971281335,9.787885006517172,13.974110974231735,26.630234002368525,3.2655180111760274,0.5783410160802305,0.32598397228866816,1.4947269955882803,0.03840000135824084,0.004128000000491738,76.98112099024002,2.7553089894354343,0.13219199900049716,11.691669991705567,0.040128041291609406,8.498055001837201,7.91741200373508,0.0909770024009049,0.48966599570121616,3.4517280000727624,0.7400350004900247,0.005631998647004366,0.6378279940690845,8,0,8,0,0,,,,,,,,,,,,,,
rsg_object_detection,dropped_oldest,335,rsg_20260806_29_354880000_000335,dropped,True,fifo_cached_frame,329,36,0,291,36,0,1,0.0,48.69987099664286,frame_fifo_full,,,,,,,,,,,,,,,,,,,,,,,,,,,,,,,,,,,,,,,,,,,,,,,,,,,,,,,,
rsg_object_detection,dropped_oldest,336,rsg_20260806_29_404879999_000336,dropped,True,fifo_cached_frame,330,36,0,292,36,0,1,0.0,52.454737000516616,frame_fifo_full,,,,,,,,,,,,,,,,,,,,,,,,,,,,,,,,,,,,,,,,,,,,,,,,,,,,,,,,
rsg_object_detection,dropped_oldest,337,rsg_20260806_29_454879999_000337,dropped,True,fifo_cached_frame,331,36,0,293,36,0,1,0.0,48.3051179908216,frame_fifo_full,,,,,,,,,,,,,,,,,,,,,,,,,,,,,,,,,,,,,,,,,,,,,,,,,,,,,,,,
rsg_object_detection,dropped_oldest,338,rsg_20260806_29_504880000_000338,dropped,True,fifo_cached_frame,332,36,0,294,36,0,1,0.0,51.030763002927415,frame_fifo_full,,,,,,,,,,,,,,,,,,,,,,,,,,,,,,,,,,,,,,,,,,,,,,,,,,,,,,,,
rsg_object_detection,dropped_oldest,339,rsg_20260806_29_554880000_000339,dropped,True,fifo_cached_frame,333,36,0,295,36,0,1,0.0,55.831392004620284,frame_fifo_full,,,,,,,,,,,,,,,,,,,,,,,,,,,,,,,,,,,,,,,,,,,,,,,,,,,,,,,,
rsg_object_detection,dropped_oldest,340,rsg_20260806_29_604880000_000340,dropped,True,fifo_cached_frame,334,36,0,296,36,0,1,0.0,55.948481007362716,frame_fifo_full,,,,,,,,,,,,,,,,,,,,,,,,,,,,,,,,,,,,,,,,,,,,,,,,,,,,,,,,
rsg_object_detection,dropped_oldest,341,rsg_20260806_29_654879999_000341,dropped,True,fifo_cached_frame,335,36,0,297,36,0,1,0.0,49.11148999235593,frame_fifo_full,,,,,,,,,,,,,,,,,,,,,,,,,,,,,,,,,,,,,,,,,,,,,,,,,,,,,,,,
rsg_object_detection,dropped_oldest,342,rsg_20260806_29_704879999_000342,dropped,True,fifo_cached_frame,336,36,0,298,36,0,1,0.0,51.75447798683308,frame_fifo_full,,,,,,,,,,,,,,,,,,,,,,,,,,,,,,,,,,,,,,,,,,,,,,,,,,,,,,,,
rsg_object_detection,dropped_oldest,343,rsg_20260806_29_754880000_000343,dropped,True,fifo_cached_frame,337,36,0,299,36,0,1,0.0,37.651884005754255,frame_fifo_full,,,,,,,,,,,,,,,,,,,,,,,,,,,,,,,,,,,,,,,,,,,,,,,,,,,,,,,,
rsg_object_detection,frame_trace,334,rsg_20260806_29_304880000_000334,sent_to_hydra,,,,,,,,,,,505.13255900295917,ok,16.606700999545865,473.35951701097656,13.844479995896108,0.14816100883763283,13.696318987058476,0.006784001016058028,0.9179879998555407,0.16064100782386959,210.57111000118311,23.39268400100991,0.007071997970342636,234.13150700798724,181.96064299263526,50.42432699701749,7.83219603181351,94.93480500532314,27.7699829894118,37.730508993263356,2.942187013104558,0.5154279933776706,0.29648201598320156,1.5008710033725947,0.05280101322568953,0.005695997970178723,225.02247299416922,2.579338994110003,0.13593699259217829,10.517807997530326,0.05446502473205328,11.854166994453408,11.094963003415614,0.09408099867869169,0.6651229923591018,4.066737994435243,0.6807399913668633,0.0050560192903503776,1.3150769955245778,8,0,7,0,0,,,,,,,,,,,,,,
rsg_object_detection,dropped_oldest,345,rsg_20260806_29_854880000_000345,dropped,True,fifo_cached_frame,339,37,0,300,37,0,1,0.0,41.52659000828862,frame_fifo_full,,,,,,,,,,,,,,,,,,,,,,,,,,,,,,,,,,,,,,,,,,,,,,,,,,,,,,,,
rsg_object_detection,dropped_oldest,346,rsg_20260806_29_904879999_000346,dropped,True,fifo_cached_frame,340,37,0,301,37,0,1,0.0,49.49520299851429,frame_fifo_full,,,,,,,,,,,,,,,,,,,,,,,,,,,,,,,,,,,,,,,,,,,,,,,,,,,,,,,,
rsg_object_detection,dropped_oldest,347,rsg_20260806_29_954879999_000347,dropped,True,fifo_cached_frame,341,37,0,302,37,0,1,0.0,47.742587004904635,frame_fifo_full,,,,,,,,,,,,,,,,,,,,,,,,,,,,,,,,,,,,,,,,,,,,,,,,,,,,,,,,
rsg_object_detection,dropped_oldest,348,rsg_20260806_30_004879999_000348,dropped,True,fifo_cached_frame,342,37,0,303,37,0,1,0.0,57.56183199991938,frame_fifo_full,,,,,,,,,,,,,,,,,,,,,,,,,,,,,,,,,,,,,,,,,,,,,,,,,,,,,,,,
rsg_object_detection,dropped_oldest,349,rsg_20260806_30_054880000_000349,dropped,True,fifo_cached_frame,343,37,0,304,37,0,1,0.0,92.81539899529889,frame_fifo_full,,,,,,,,,,,,,,,,,,,,,,,,,,,,,,,,,,,,,,,,,,,,,,,,,,,,,,,,
rsg_object_detection,dropped_oldest,350,rsg_20260806_30_154879999_000350,dropped,True,fifo_cached_frame,344,37,0,305,37,0,1,0.0,104.02837800211273,frame_fifo_full,,,,,,,,,,,,,,,,,,,,,,,,,,,,,,,,,,,,,,,,,,,,,,,,,,,,,,,,
rsg_object_detection,frame_trace,344,rsg_20260806_29_804880000_000344,sent_to_hydra,,,,,,,,,,,460.8354210067773,ok,12.881882998044603,432.9198690102203,14.302754003438167,0.30592200346291065,13.996831999975257,0.0021759915398433805,1.1790779972216114,0.22192100004758686,213.74946100695524,18.236852003610693,0.006143993232399225,232.21437800384592,144.03560101345647,16.271976986899972,20.22329297324177,82.61480800865684,24.33431998360902,33.975067010032944,3.346926998347044,0.3965789801441133,0.3367999888723716,1.2472699891077355,0.049600013880990446,0.004383997293189168,183.4105960006127,2.849644995876588,0.13574500917457044,13.091034998069517,0.03939200541935861,8.82813699718099,8.243717995355837,0.09372900240123272,0.4906899994239211,3.351790990564041,0.6967070075916126,0.0052480027079582214,0.7287390035344288,8,0,8,0,0,,,,,,,,,,,,,,
rsg_object_detection,dropped_oldest,352,rsg_20260806_30_304880000_000352,dropped,True,fifo_cached_frame,346,38,0,306,38,0,1,0.0,38.84696100431029,frame_fifo_full,,,,,,,,,,,,,,,,,,,,,,,,,,,,,,,,,,,,,,,,,,,,,,,,,,,,,,,,
rsg_object_detection,dropped_oldest,353,rsg_20260806_30_354880000_000353,dropped,True,fifo_cached_frame,347,38,0,307,38,0,1,0.0,52.356142012286,frame_fifo_full,,,,,,,,,,,,,,,,,,,,,,,,,,,,,,,,,,,,,,,,,,,,,,,,,,,,,,,,
rsg_object_detection,dropped_oldest,354,rsg_20260806_30_404879999_000354,dropped,True,fifo_cached_frame,348,38,0,308,38,0,1,0.0,49.49609699542634,frame_fifo_full,,,,,,,,,,,,,,,,,,,,,,,,,,,,,,,,,,,,,,,,,,,,,,,,,,,,,,,,
rsg_object_detection,dropped_oldest,355,rsg_20260806_30_454879999_000355,dropped,True,fifo_cached_frame,349,38,0,309,38,0,1,0.0,72.45655400038231,frame_fifo_full,,,,,,,,,,,,,,,,,,,,,,,,,,,,,,,,,,,,,,,,,,,,,,,,,,,,,,,,
rsg_object_detection,dropped_oldest,356,rsg_20260806_30_504880000_000356,dropped,True,fifo_cached_frame,350,38,0,310,38,0,1,0.0,25.91128599306103,frame_fifo_full,,,,,,,,,,,,,,,,,,,,,,,,,,,,,,,,,,,,,,,,,,,,,,,,,,,,,,,,
rsg_object_detection,dropped_oldest,357,rsg_20260806_30_554880000_000357,dropped,True,fifo_cached_frame,351,38,0,311,38,0,1,0.0,49.259231993346475,frame_fifo_full,,,,,,,,,,,,,,,,,,,,,,,,,,,,,,,,,,,,,,,,,,,,,,,,,,,,,,,,
rsg_object_detection,frame_trace,351,rsg_20260806_30_254880000_000351,sent_to_hydra,,,,,,,,,,,381.86042799497955,ok,9.592171001713723,355.868022001232,15.564901987090707,0.19561599765438586,15.369285989436321,0.0032959942473098636,0.9369000035803765,0.18256099428981543,196.45055900036823,17.177710993564688,0.006624017260037363,213.81745500548277,83.28130800509825,19.549721997464076,4.888948998996057,35.62384401448071,22.50813400314655,37.36935400229413,3.428080992307514,0.6504030025098473,0.30454400985036045,1.3759100111201406,0.043904001358896494,0.004799992893822491,126.47315200592857,3.179310995619744,0.12633598817046732,11.28997199703008,0.04489600542001426,5.0467749970266595,4.405843996210024,0.09820899867918342,0.5427220021374524,3.9114090031944215,0.6289620068855584,0.005024994607083499,0.8320370106957853,8,0,8,0,0,,,,,,,,,,,,,,
rsg_object_detection,dropped_oldest,359,rsg_20260806_30_654879999_000359,dropped,True,fifo_cached_frame,353,39,0,312,39,0,1,0.0,62.12767599208746,frame_fifo_full,,,,,,,,,,,,,,,,,,,,,,,,,,,,,,,,,,,,,,,,,,,,,,,,,,,,,,,,
rsg_object_detection,dropped_oldest,360,rsg_20260806_30_704879999_000360,dropped,True,fifo_cached_frame,354,39,0,313,39,0,1,0.0,39.20101100811735,frame_fifo_full,,,,,,,,,,,,,,,,,,,,,,,,,,,,,,,,,,,,,,,,,,,,,,,,,,,,,,,,
rsg_object_detection,dropped_oldest,361,rsg_20260806_30_754880000_000361,dropped,True,fifo_cached_frame,355,39,0,314,39,0,1,0.0,49.931556000956334,frame_fifo_full,,,,,,,,,,,,,,,,,,,,,,,,,,,,,,,,,,,,,,,,,,,,,,,,,,,,,,,,
rsg_object_detection,dropped_oldest,362,rsg_20260806_30_804880000_000362,dropped,True,fifo_cached_frame,356,39,0,315,39,0,1,0.0,50.53722200682387,frame_fifo_full,,,,,,,,,,,,,,,,,,,,,,,,,,,,,,,,,,,,,,,,,,,,,,,,,,,,,,,,
rsg_object_detection,dropped_oldest,363,rsg_20260806_30_854880000_000363,dropped,True,fifo_cached_frame,357,39,0,316,39,0,1,0.0,71.89379900228232,frame_fifo_full,,,,,,,,,,,,,,,,,,,,,,,,,,,,,,,,,,,,,,,,,,,,,,,,,,,,,,,,
rsg_object_detection,dropped_oldest,364,rsg_20260806_30_904879999_000364,dropped,True,fifo_cached_frame,358,39,0,317,39,0,1,0.0,35.30310500354972,frame_fifo_full,,,,,,,,,,,,,,,,,,,,,,,,,,,,,,,,,,,,,,,,,,,,,,,,,,,,,,,,
rsg_object_detection,dropped_oldest,365,rsg_20260806_30_954879999_000365,dropped,True,fifo_cached_frame,359,39,0,318,39,0,1,0.0,59.551951999310404,frame_fifo_full,,,,,,,,,,,,,,,,,,,,,,,,,,,,,,,,,,,,,,,,,,,,,,,,,,,,,,,,
rsg_object_detection,dropped_oldest,366,rsg_20260806_31_004879999_000366,dropped,True,fifo_cached_frame,360,39,0,319,39,0,1,0.0,33.071477999328636,frame_fifo_full,,,,,,,,,,,,,,,,,,,,,,,,,,,,,,,,,,,,,,,,,,,,,,,,,,,,,,,,
rsg_object_detection,frame_trace,358,rsg_20260806_30_604880000_000358,sent_to_hydra,,,,,,,,,,,463.0539820063859,ok,9.302474005380645,409.3745700083673,43.63658299553208,0.14073599595576525,43.495846999576315,0.0024000037228688598,2.542634989367798,0.19961700309067965,190.20694799837656,23.719596007140353,0.006431990186683834,214.13259299879428,141.89066302787978,41.521214006934315,5.543318984564394,72.5292909773998,21.63289999589324,24.812368996208534,2.991501984070055,0.46422598825301975,0.2970890054712072,1.199844991788268,0.1899210037663579,0.004191999323666096,171.86455900082365,4.695830008131452,0.1322879979852587,15.967817002092488,0.03884801117237657,5.160728003829718,4.638004989828914,0.09148899698629975,0.4312340170145035,3.4033109986921772,0.7334749971050769,0.004960005753673613,0.7379549933830276,8,0,8,0,0,,,,,,,,,,,,,,
rsg_object_detection,dropped_oldest,368,rsg_20260806_31_104880000_000368,dropped,True,fifo_cached_frame,362,40,0,320,40,0,1,0.0,81.54129701142665,frame_fifo_full,,,,,,,,,,,,,,,,,,,,,,,,,,,,,,,,,,,,,,,,,,,,,,,,,,,,,,,,
rsg_object_detection,dropped_oldest,369,rsg_20260806_31_154879999_000369,dropped,True,fifo_cached_frame,363,40,0,321,40,0,1,0.0,5.93516300432384,frame_fifo_full,,,,,,,,,,,,,,,,,,,,,,,,,,,,,,,,,,,,,,,,,,,,,,,,,,,,,,,,
rsg_object_detection,dropped_oldest,370,rsg_20260806_31_204879999_000370,dropped,True,fifo_cached_frame,364,40,0,322,40,0,1,0.0,37.809707995620556,frame_fifo_full,,,,,,,,,,,,,,,,,,,,,,,,,,,,,,,,,,,,,,,,,,,,,,,,,,,,,,,,
rsg_object_detection,dropped_oldest,371,rsg_20260806_31_254880000_000371,dropped,True,fifo_cached_frame,365,40,0,323,40,0,1,0.0,50.596773013239726,frame_fifo_full,,,,,,,,,,,,,,,,,,,,,,,,,,,,,,,,,,,,,,,,,,,,,,,,,,,,,,,,
rsg_object_detection,dropped_oldest,372,rsg_20260806_31_304880000_000372,dropped,True,fifo_cached_frame,366,40,0,324,40,0,1,0.0,70.63907200063113,frame_fifo_full,,,,,,,,,,,,,,,,,,,,,,,,,,,,,,,,,,,,,,,,,,,,,,,,,,,,,,,,
rsg_object_detection,dropped_oldest,373,rsg_20260806_31_354880000_000373,dropped,True,fifo_cached_frame,367,40,0,325,40,0,1,0.0,37.87998000916559,frame_fifo_full,,,,,,,,,,,,,,,,,,,,,,,,,,,,,,,,,,,,,,,,,,,,,,,,,,,,,,,,
rsg_object_detection,dropped_oldest,374,rsg_20260806_31_404879999_000374,dropped,True,fifo_cached_frame,368,40,0,326,40,0,1,0.0,91.11666900571436,frame_fifo_full,,,,,,,,,,,,,,,,,,,,,,,,,,,,,,,,,,,,,,,,,,,,,,,,,,,,,,,,
rsg_object_detection,frame_trace,367,rsg_20260806_31_054880000_000367,sent_to_hydra,,,,,,,,,,,458.78345299570356,ok,11.502035995363258,429.14066300727427,17.421487005776726,0.13616100477520376,17.285326001001522,0.002368004061281681,0.9056679991772398,0.15814499056432396,212.31116900162306,16.35866599099245,0.006176007445901632,228.83415599062573,152.66149102535564,22.99613603099715,4.495093002333306,103.3973969751969,21.110301997396164,26.19055099785328,3.367280005477369,0.416417999076657,0.3188489790773019,1.3839419989380985,0.04332799289841205,0.0048000074457377195,184.40265899698716,2.8702529962174594,0.1346889912383631,11.951605993090197,0.041632039938122034,7.326242004637606,6.784286990296096,0.0855999969644472,0.45635501737706363,3.4977430041180924,0.6730270106345415,0.005023975973017514,0.7168989832280204,8,0,8,0,0,,,,,,,,,,,,,,
rsg_object_detection,dropped_oldest,376,rsg_20260806_31_554880000_000376,dropped,True,fifo_cached_frame,370,41,0,327,41,0,1,0.0,28.538529004435986,frame_fifo_full,,,,,,,,,,,,,,,,,,,,,,,,,,,,,,,,,,,,,,,,,,,,,,,,,,,,,,,,
rsg_object_detection,dropped_oldest,377,rsg_20260806_31_604880000_000377,dropped,True,fifo_cached_frame,371,41,0,328,41,0,1,0.0,52.3867970041465,frame_fifo_full,,,,,,,,,,,,,,,,,,,,,,,,,,,,,,,,,,,,,,,,,,,,,,,,,,,,,,,,
rsg_object_detection,dropped_oldest,378,rsg_20260806_31_654879999_000378,dropped,True,fifo_cached_frame,372,41,0,329,41,0,1,0.0,50.10393899283372,frame_fifo_full,,,,,,,,,,,,,,,,,,,,,,,,,,,,,,,,,,,,,,,,,,,,,,,,,,,,,,,,
rsg_object_detection,dropped_oldest,379,rsg_20260806_31_704879999_000379,dropped,True,fifo_cached_frame,373,41,0,330,41,0,1,0.0,50.25923599896487,frame_fifo_full,,,,,,,,,,,,,,,,,,,,,,,,,,,,,,,,,,,,,,,,,,,,,,,,,,,,,,,,
rsg_object_detection,dropped_oldest,380,rsg_20260806_31_754880000_000380,dropped,True,fifo_cached_frame,374,41,0,331,41,0,1,0.0,49.462080001831055,frame_fifo_full,,,,,,,,,,,,,,,,,,,,,,,,,,,,,,,,,,,,,,,,,,,,,,,,,,,,,,,,
rsg_object_detection,dropped_oldest,381,rsg_20260806_31_804880000_000381,dropped,True,fifo_cached_frame,375,41,0,332,41,0,1,0.0,81.2594720046036,frame_fifo_full,,,,,,,,,,,,,,,,,,,,,,,,,,,,,,,,,,,,,,,,,,,,,,,,,,,,,,,,
rsg_object_detection,dropped_oldest,382,rsg_20260806_31_854880000_000382,dropped,True,fifo_cached_frame,376,41,0,333,41,0,1,0.0,41.88409399648663,frame_fifo_full,,,,,,,,,,,,,,,,,,,,,,,,,,,,,,,,,,,,,,,,,,,,,,,,,,,,,,,,
rsg_object_detection,dropped_oldest,383,rsg_20260806_31_904879999_000383,dropped,True,fifo_cached_frame,377,41,0,334,41,0,1,0.0,29.625637995195575,frame_fifo_full,,,,,,,,,,,,,,,,,,,,,,,,,,,,,,,,,,,,,,,,,,,,,,,,,,,,,,,,
rsg_object_detection,dropped_oldest,384,rsg_20260806_31_954879999_000384,dropped,True,fifo_cached_frame,378,41,0,335,41,0,1,0.0,61.908952993690036,frame_fifo_full,,,,,,,,,,,,,,,,,,,,,,,,,,,,,,,,,,,,,,,,,,,,,,,,,,,,,,,,
rsg_object_detection,frame_trace,375,rsg_20260806_31_504880000_000375,sent_to_hydra,,,,,,,,,,,539.4133859954309,ok,10.92340900504496,512.649808995775,15.032675990369171,0.1423359935870394,14.890339996782131,0.002943997969850898,0.9330600005341694,0.18070499936584383,289.80982399662025,22.791815994423814,0.007744005415588617,312.7900889958255,148.9544020150788,30.40836202853825,6.377693978720345,60.02139099291526,51.36480797955301,24.972721002995968,3.6549590004142374,1.0041649802587926,0.3148830001009628,1.4705339999636635,0.053409006795845926,0.004672008799389005,180.44718500459567,7.6921630097785965,0.1211199996760115,10.629359996528365,0.03683198883663863,5.5351929913740605,4.960310994647443,0.08780900679994375,0.48707298992667347,4.5807889982825145,0.8022429974516854,0.005184017936699092,0.8045480062719434,8,0,8,0,0,,,,,,,,,,,,,,
rsg_object_detection,dropped_oldest,386,rsg_20260806_32_054879999_000386,dropped,True,fifo_cached_frame,380,42,0,336,42,0,1,0.0,42.00354899512604,frame_fifo_full,,,,,,,,,,,,,,,,,,,,,,,,,,,,,,,,,,,,,,,,,,,,,,,,,,,,,,,,
rsg_object_detection,dropped_oldest,387,rsg_20260806_32_104880000_000387,dropped,True,fifo_cached_frame,381,42,0,337,42,0,1,0.0,50.239554009749554,frame_fifo_full,,,,,,,,,,,,,,,,,,,,,,,,,,,,,,,,,,,,,,,,,,,,,,,,,,,,,,,,
rsg_object_detection,dropped_oldest,388,rsg_20260806_32_154879999_000388,dropped,True,fifo_cached_frame,382,42,0,338,42,0,1,0.0,59.1687779960921,frame_fifo_full,,,,,,,,,,,,,,,,,,,,,,,,,,,,,,,,,,,,,,,,,,,,,,,,,,,,,,,,
rsg_object_detection,dropped_oldest,389,rsg_20260806_32_204880000_000389,dropped,True,fifo_cached_frame,383,42,0,339,42,0,1,0.0,39.78005000681151,frame_fifo_full,,,,,,,,,,,,,,,,,,,,,,,,,,,,,,,,,,,,,,,,,,,,,,,,,,,,,,,,
rsg_object_detection,dropped_oldest,390,rsg_20260806_32_254880000_000390,dropped,True,fifo_cached_frame,384,42,0,340,42,0,1,0.0,50.19340998842381,frame_fifo_full,,,,,,,,,,,,,,,,,,,,,,,,,,,,,,,,,,,,,,,,,,,,,,,,,,,,,,,,
rsg_object_detection,dropped_oldest,391,rsg_20260806_32_304879999_000391,dropped,True,fifo_cached_frame,385,42,0,341,42,0,1,0.0,68.27416300075129,frame_fifo_full,,,,,,,,,,,,,,,,,,,,,,,,,,,,,,,,,,,,,,,,,,,,,,,,,,,,,,,,
rsg_object_detection,dropped_oldest,392,rsg_20260806_32_354880000_000392,dropped,True,fifo_cached_frame,386,42,0,342,43,0,1,0.0,70.76396601041779,frame_fifo_full,,,,,,,,,,,,,,,,,,,,,,,,,,,,,,,,,,,,,,,,,,,,,,,,,,,,,,,,
rsg_object_detection,frame_trace,385,rsg_20260806_32_004879999_000385,sent_to_hydra,,,,,,,,,,,415.9497759974329,ok,10.064140995382331,371.5968070027884,33.62898500927258,0.13040100748185068,33.49858400179073,0.004895991878584027,1.2670140131376684,0.14799999189563096,230.50990099727642,21.1290870065568,0.0052800023695454,251.7922679980984,80.53431501321029,16.553866982576437,3.235567011870444,48.88889199355617,11.274514021351933,19.434807007201016,3.0247499962570146,0.8014760242076591,0.2996799594257027,1.3673979992745444,0.049184003728441894,0.00457599526271224,105.532666988438,2.5517549947835505,0.14086499868426472,10.2745740005048,0.03766400914173573,5.630617000861093,5.08591000107117,0.08736000745557249,0.45734699233435094,3.7008169892942533,0.7271710055647418,0.00553599966224283,0.6549469981109723,8,0,8,0,0,,,,,,,,,,,,,,
rsg_object_detection,dropped_oldest,394,rsg_20260806_32_454880000_000394,dropped,True,fifo_cached_frame,388,43,0,343,43,0,1,0.0,52.11850600608159,frame_fifo_full,,,,,,,,,,,,,,,,,,,,,,,,,,,,,,,,,,,,,,,,,,,,,,,,,,,,,,,,
rsg_object_detection,dropped_oldest,395,rsg_20260806_32_504880000_000395,dropped,True,fifo_cached_frame,389,43,0,344,43,0,1,0.0,47.34187599387951,frame_fifo_full,,,,,,,,,,,,,,,,,,,,,,,,,,,,,,,,,,,,,,,,,,,,,,,,,,,,,,,,
rsg_object_detection,dropped_oldest,396,rsg_20260806_32_554879999_000396,dropped,True,fifo_cached_frame,390,43,0,345,43,0,1,0.0,50.8249970007455,frame_fifo_full,,,,,,,,,,,,,,,,,,,,,,,,,,,,,,,,,,,,,,,,,,,,,,,,,,,,,,,,
rsg_object_detection,dropped_oldest,397,rsg_20260806_32_604880000_000397,dropped,True,fifo_cached_frame,391,43,0,346,43,0,1,0.0,52.44490799668711,frame_fifo_full,,,,,,,,,,,,,,,,,,,,,,,,,,,,,,,,,,,,,,,,,,,,,,,,,,,,,,,,
rsg_object_detection,dropped_oldest,398,rsg_20260806_32_654879999_000398,dropped,True,fifo_cached_frame,392,43,0,347,43,0,1,0.0,102.13607498735655,frame_fifo_full,,,,,,,,,,,,,,,,,,,,,,,,,,,,,,,,,,,,,,,,,,,,,,,,,,,,,,,,
rsg_object_detection,dropped_oldest,399,rsg_20260806_32_754880000_000399,dropped,True,fifo_cached_frame,393,43,0,348,43,0,1,0.0,51.046756998403,frame_fifo_full,,,,,,,,,,,,,,,,,,,,,,,,,,,,,,,,,,,,,,,,,,,,,,,,,,,,,,,,
rsg_object_detection,dropped_oldest,400,rsg_20260806_32_804879999_000400,dropped,True,fifo_cached_frame,394,43,0,349,43,0,1,0.0,144.2572240048321,frame_fifo_full,,,,,,,,,,,,,,,,,,,,,,,,,,,,,,,,,,,,,,,,,,,,,,,,,,,,,,,,
rsg_object_detection,frame_trace,393,rsg_20260806_32_404879999_000393,sent_to_hydra,,,,,,,,,,,537.2065440024016,ok,9.337993993540294,524.9835130089195,2.0675289997598156,0.14697600272484124,1.9205529970349744,0.0023360043996945024,2.5523320073261857,0.72253099642694,352.4480490013957,28.73523300513625,0.007840993930585682,381.9136539968895,70.63350200769491,18.886133999330923,5.699609013390727,26.52242402837146,18.87336299114395,22.814885989646427,3.3119519939646125,1.1000689846696332,0.3249280125601217,1.2567420053528622,0.2799689973471686,0.0040000013541430235,99.74240000883583,27.4012110021431,0.13968099665362388,13.190970988944173,0.04326400812715292,4.680885002017021,4.112882001209073,0.08649699157103896,0.48150600923690945,4.019441999844275,0.6327070004772395,0.004959991201758385,0.8151719957822934,8,0,8,0,0,,,,,,,,,,,,,,
rsg_object_detection,dropped_oldest,402,rsg_20260806_32_954880000_000402,dropped,True,fifo_cached_frame,396,44,0,350,44,0,1,0.0,8.49686999572441,frame_fifo_full,,,,,,,,,,,,,,,,,,,,,,,,,,,,,,,,,,,,,,,,,,,,,,,,,,,,,,,,
rsg_object_detection,dropped_oldest,403,rsg_20260806_33_004879999_000403,dropped,True,fifo_cached_frame,397,44,0,351,44,0,1,0.0,29.900294000981376,frame_fifo_full,,,,,,,,,,,,,,,,,,,,,,,,,,,,,,,,,,,,,,,,,,,,,,,,,,,,,,,,
rsg_object_detection,dropped_oldest,404,rsg_20260806_33_054879999_000404,dropped,True,fifo_cached_frame,398,44,0,352,44,0,1,0.0,50.42070499621332,frame_fifo_full,,,,,,,,,,,,,,,,,,,,,,,,,,,,,,,,,,,,,,,,,,,,,,,,,,,,,,,,
rsg_object_detection,dropped_oldest,405,rsg_20260806_33_104880000_000405,dropped,True,fifo_cached_frame,399,44,0,353,44,0,1,0.0,48.53228099818807,frame_fifo_full,,,,,,,,,,,,,,,,,,,,,,,,,,,,,,,,,,,,,,,,,,,,,,,,,,,,,,,,
rsg_object_detection,dropped_oldest,406,rsg_20260806_33_154879999_000406,dropped,True,fifo_cached_frame,400,44,0,354,44,0,1,0.0,49.497341009555385,frame_fifo_full,,,,,,,,,,,,,,,,,,,,,,,,,,,,,,,,,,,,,,,,,,,,,,,,,,,,,,,,
rsg_object_detection,dequeued,304,rsg_20260806_27_804880000_000304,,,,,,,,,,,57.67907400149852,,fifo_order,,,,,,,,,,,,,,,,,,,,,,,,,,,,,,,,,,,,,,,,,,,rsg_obj_000019,rsg_unknown_rsg_20260806_27_804880000_000304_002_nanosam_005,0,300,2,0.41230761728617826,,,,,,,,
rsg_object_detection,,304,rsg_20260806_27_804880000_000304,vlm_failed,,,,,,,,,,,,HTTP Error 503: Service Unavailable,,,,,,,,,,,,,,,,,,,,,,,,,,,,,,,,,,,,,,,,,,,rsg_obj_000019,rsg_unknown_rsg_20260806_27_804880000_000304_002_nanosam_005,,,2,0.41230761728617826,unknown_object,0.0,unknown,0.0,3.969904995756224,61.651123003684916,qwen_http,Qwen3-VL-8B-Instruct-GGUF
rsg_object_detection,completed,304,rsg_20260806_27_804880000_000304,,,,,,,,,,,57.67907400149852,,vlm_failed,,,,,,,,,,,,,,,,,,,,,,,,,,,,,,,,,,,,,,,,,,,rsg_obj_000019,rsg_unknown_rsg_20260806_27_804880000_000304_002_nanosam_005,0,300,2,0.41230761728617826,,,,,,,,
rsg_object_detection,dropped_oldest,407,rsg_20260806_33_204880000_000407,dropped,True,fifo_cached_frame,401,44,0,355,44,0,1,0.0,68.81323498964775,frame_fifo_full,,,,,,,,,,,,,,,,,,,,,,,,,,,,,,,,,,,,,,,,,,,,,,,,,,,,,,,,
rsg_object_detection,dropped_oldest,408,rsg_20260806_33_254880000_000408,dropped,True,fifo_cached_frame,402,44,0,356,44,0,1,0.0,57.833441998809576,frame_fifo_full,,,,,,,,,,,,,,,,,,,,,,,,,,,,,,,,,,,,,,,,,,,,,,,,,,,,,,,,
rsg_object_detection,dropped_oldest,409,rsg_20260806_33_304879999_000409,dropped,True,fifo_cached_frame,403,44,0,357,44,0,1,0.0,29.399523002211936,frame_fifo_full,,,,,,,,,,,,,,,,,,,,,,,,,,,,,,,,,,,,,,,,,,,,,,,,,,,,,,,,
rsg_object_detection,dropped_oldest,410,rsg_20260806_33_354880000_000410,dropped,True,fifo_cached_frame,404,44,0,358,44,0,1,0.0,45.34397801035084,frame_fifo_full,,,,,,,,,,,,,,,,,,,,,,,,,,,,,,,,,,,,,,,,,,,,,,,,,,,,,,,,
rsg_object_detection,frame_trace,401,rsg_20260806_32_904879999_000401,sent_to_hydra,,,,,,,,,,,468.5908319952432,ok,20.26108199788723,414.01433100691065,33.45678999903612,0.1373450068058446,33.319444992230274,0.004448011168278754,0.9833320073084906,0.19795300613623112,236.26352098654024,15.757927001686767,0.005440015229396522,252.22484100959264,81.46167598897591,20.261660029063933,5.975225998554379,26.96360897971317,27.560955990338698,42.303356996853836,3.8191849453141913,0.9868530032690614,0.31177706841845065,3.167246002703905,0.28240100073162466,0.004255998646840453,132.35287900897674,12.883161994977854,0.136160000693053,15.392676999908872,0.041279985453002155,9.578666009474546,8.950920004281215,0.0944319908739999,0.5333140143193305,9.862924998742528,0.8132829971145838,0.006207992555573583,0.8541809802409261,8,0,8,0,0,,,,,,,,,,,,,,
rsg_object_detection,dropped_oldest,412,rsg_20260806_33_454880000_000412,dropped,True,fifo_cached_frame,406,45,0,359,45,0,1,0.0,24.96244799112901,frame_fifo_full,,,,,,,,,,,,,,,,,,,,,,,,,,,,,,,,,,,,,,,,,,,,,,,,,,,,,,,,
rsg_object_detection,dequeued,304,rsg_20260806_27_804880000_000304,,,,,,,,,,,20.796349010197446,,fifo_order,,,,,,,,,,,,,,,,,,,,,,,,,,,,,,,,,,,,,,,,,,,rsg_obj_000020,rsg_unknown_rsg_20260806_27_804880000_000304_005_nanosam_000,0,300,1,0.35963240466881974,,,,,,,,
rsg_object_detection,,304,rsg_20260806_27_804880000_000304,vlm_failed,,,,,,,,,,,,HTTP Error 503: Service Unavailable,,,,,,,,,,,,,,,,,,,,,,,,,,,,,,,,,,,,,,,,,,,rsg_obj_000020,rsg_unknown_rsg_20260806_27_804880000_000304_005_nanosam_000,,,1,0.35963240466881974,unknown_object,0.0,unknown,0.0,3.375310989213176,24.17383600550238,qwen_http,Qwen3-VL-8B-Instruct-GGUF
rsg_object_detection,completed,304,rsg_20260806_27_804880000_000304,,,,,,,,,,,20.796349010197446,,vlm_failed,,,,,,,,,,,,,,,,,,,,,,,,,,,,,,,,,,,,,,,,,,,rsg_obj_000020,rsg_unknown_rsg_20260806_27_804880000_000304_005_nanosam_000,0,300,1,0.35963240466881974,,,,,,,,
rsg_object_detection,dropped_oldest,413,rsg_20260806_33_504880000_000413,dropped,True,fifo_cached_frame,407,45,0,360,45,0,1,0.0,51.1986929923296,frame_fifo_full,,,,,,,,,,,,,,,,,,,,,,,,,,,,,,,,,,,,,,,,,,,,,,,,,,,,,,,,
rsg_object_detection,dropped_oldest,414,rsg_20260806_33_554879999_000414,dropped,True,fifo_cached_frame,408,45,0,361,45,0,1,0.0,102.21472900593653,frame_fifo_full,,,,,,,,,,,,,,,,,,,,,,,,,,,,,,,,,,,,,,,,,,,,,,,,,,,,,,,,
rsg_object_detection,dropped_oldest,415,rsg_20260806_33_654879999_000415,dropped,True,fifo_cached_frame,409,45,0,362,45,0,1,0.0,52.260009993915446,frame_fifo_full,,,,,,,,,,,,,,,,,,,,,,,,,,,,,,,,,,,,,,,,,,,,,,,,,,,,,,,,
rsg_object_detection,dropped_oldest,416,rsg_20260806_33_704880000_000416,dropped,True,fifo_cached_frame,410,45,0,363,45,0,1,0.0,60.476430007838644,frame_fifo_full,,,,,,,,,,,,,,,,,,,,,,,,,,,,,,,,,,,,,,,,,,,,,,,,,,,,,,,,
rsg_object_detection,dropped_oldest,417,rsg_20260806_33_754880000_000417,dropped,True,fifo_cached_frame,411,45,0,364,45,0,1,0.0,83.83666300505865,frame_fifo_full,,,,,,,,,,,,,,,,,,,,,,,,,,,,,,,,,,,,,,,,,,,,,,,,,,,,,,,,
rsg_object_detection,frame_trace,411,rsg_20260806_33_404879999_000411,sent_to_hydra,,,,,,,,,,,474.01059699768666,ok,8.772039000177756,439.14573699294124,25.225937002687715,0.14444800035562366,25.08148900233209,0.005376001354306936,1.1178610002389178,0.477250010590069,262.9892389959423,23.183399011031725,0.009023991879075766,286.65891200944316,94.83923998777755,21.476159992744215,4.071409028256312,36.93754099367652,21.355742996092886,25.90280400181655,4.404785999213345,1.091462982003577,0.5540180281968787,1.5467269986402243,0.232224992942065,0.005440000677481294,128.594110996346,8.628613999462686,0.15203299699351192,13.949341999250464,0.044863991206511855,4.461427990463562,3.87000098999124,0.08934499055612832,0.5020820099161938,3.619440001784824,0.6854109960841015,0.005760011845268309,0.8615080005256459,8,0,8,0,0,,,,,,,,,,,,,,
rsg_object_detection,dropped_oldest,419,rsg_20260806_33_904879999_000419,dropped,True,fifo_cached_frame,413,46,0,365,46,0,1,0.0,35.40607799368445,frame_fifo_full,,,,,,,,,,,,,,,,,,,,,,,,,,,,,,,,,,,,,,,,,,,,,,,,,,,,,,,,
rsg_object_detection,dropped_oldest,420,rsg_20260806_33_954880000_000420,dropped,True,fifo_cached_frame,414,46,0,366,46,0,1,0.0,47.875830001430586,frame_fifo_full,,,,,,,,,,,,,,,,,,,,,,,,,,,,,,,,,,,,,,,,,,,,,,,,,,,,,,,,
rsg_object_detection,dropped_oldest,421,rsg_20260806_34_004879999_000421,dropped,True,fifo_cached_frame,415,46,0,367,46,0,1,0.0,52.1404250030173,frame_fifo_full,,,,,,,,,,,,,,,,,,,,,,,,,,,,,,,,,,,,,,,,,,,,,,,,,,,,,,,,
rsg_object_detection,dropped_oldest,422,rsg_20260806_34_054879999_000422,dropped,True,fifo_cached_frame,416,46,0,368,46,0,1,0.0,91.608118993463,frame_fifo_full,,,,,,,,,,,,,,,,,,,,,,,,,,,,,,,,,,,,,,,,,,,,,,,,,,,,,,,,
rsg_object_detection,dropped_oldest,423,rsg_20260806_34_154879999_000423,dropped,True,fifo_cached_frame,417,46,0,369,46,0,1,0.0,67.935981991468,frame_fifo_full,,,,,,,,,,,,,,,,,,,,,,,,,,,,,,,,,,,,,,,,,,,,,,,,,,,,,,,,
rsg_object_detection,dropped_oldest,424,rsg_20260806_34_204880000_000424,dropped,True,fifo_cached_frame,418,46,0,370,46,0,1,0.0,63.751099005457945,frame_fifo_full,,,,,,,,,,,,,,,,,,,,,,,,,,,,,,,,,,,,,,,,,,,,,,,,,,,,,,,,
rsg_object_detection,dropped_oldest,425,rsg_20260806_34_254880000_000425,dropped,True,fifo_cached_frame,419,46,0,371,46,0,1,0.0,83.3065449987771,frame_fifo_full,,,,,,,,,,,,,,,,,,,,,,,,,,,,,,,,,,,,,,,,,,,,,,,,,,,,,,,,
rsg_object_detection,frame_trace,418,rsg_20260806_33_854880000_000418,sent_to_hydra,,,,,,,,,,,795.2583500009496,ok,18.05991999572143,740.3587460139534,34.88146800373215,0.13747300545219332,34.74399499827996,0.0028799986466765404,0.9502439934294671,0.18064100004266948,279.364253001404,15.816581988474354,0.007007998647168279,295.3684839885682,257.40654999390244,99.83800999179948,13.677980998181738,88.02522400219459,54.662770009599626,100.92230400186963,23.451945002307184,9.347275001346134,1.7970930057344958,1.647015000344254,0.07472099969163537,0.005184003384783864,394.68082299572416,9.304200997576118,0.8047719893511385,39.17057299986482,0.07964904943946749,8.950696006650105,7.7683869894826785,0.21417699463199824,0.9681320225354284,6.945695000467822,2.156457005185075,0.007071983418427408,1.9553359888959676,8,0,8,0,0,,,,,,,,,,,,,,
rsg_object_detection,dequeued,418,rsg_20260806_33_854880000_000418,,,,,,,,,,,262.15517899254337,,fifo_order,,,,,,,,,,,,,,,,,,,,,,,,,,,,,,,,,,,,,,,,,,,rsg_obj_000006,rsg_unknown_rsg_20260806_33_854880000_000418_004_nanosam_007,0,300,37,0.6302398389319444,,,,,,,,
rsg_object_detection,,418,rsg_20260806_33_854880000_000418,vlm_failed,,,,,,,,,,,,HTTP Error 503: Service Unavailable,,,,,,,,,,,,,,,,,,,,,,,,,,,,,,,,,,,,,,,,,,,rsg_obj_000006,rsg_unknown_rsg_20260806_33_854880000_000418_004_nanosam_007,,,37,0.6302398389319444,unknown_object,0.0,unknown,0.0,9.947979997377843,272.1057829912752,qwen_http,Qwen3-VL-8B-Instruct-GGUF
rsg_object_detection,completed,418,rsg_20260806_33_854880000_000418,,,,,,,,,,,262.15517899254337,,vlm_failed,,,,,,,,,,,,,,,,,,,,,,,,,,,,,,,,,,,,,,,,,,,rsg_obj_000006,rsg_unknown_rsg_20260806_33_854880000_000418_004_nanosam_007,0,300,37,0.6302398389319444,,,,,,,,
rsg_object_detection,dropped_oldest,438,rsg_20260806_35_054879999_000438,dropped,True,fifo_cached_frame,421,47,0,372,47,0,1,0.0,95.73719000036363,frame_fifo_full,,,,,,,,,,,,,,,,,,,,,,,,,,,,,,,,,,,,,,,,,,,,,,,,,,,,,,,,
rsg_object_detection,dropped_oldest,439,rsg_20260806_35_154879999_000439,dropped,True,fifo_cached_frame,422,47,0,373,47,0,1,0.0,52.42323900165502,frame_fifo_full,,,,,,,,,,,,,,,,,,,,,,,,,,,,,,,,,,,,,,,,,,,,,,,,,,,,,,,,
rsg_object_detection,dropped_oldest,440,rsg_20260806_35_204880000_000440,dropped,True,fifo_cached_frame,423,47,0,374,47,0,1,0.0,68.82801599567756,frame_fifo_full,,,,,,,,,,,,,,,,,,,,,,,,,,,,,,,,,,,,,,,,,,,,,,,,,,,,,,,,
rsg_object_detection,frame_trace,426,rsg_20260806_34_304879999_000426,sent_to_hydra,,,,,,,,,,,970.2090950013371,ok,8.875270999851637,663.4237029938959,296.7588520114077,0.14384000678546727,296.61501200462226,0.004928006092086434,4.945238004438579,0.5640349991153926,397.6632679987233,23.754855996230617,0.05584000609815121,422.0379990001675,157.41272599552758,16.94570701511111,5.177047016331926,98.11182499106508,36.507744021946564,53.134697998757474,5.218360951403156,0.940354002523236,0.3551370609784499,1.3936700124759227,0.23715299903415143,0.0038080033846199512,218.71523599838838,4.1743859910639,0.13020899496041238,13.377019000472501,0.043616004404611886,4.644499989808537,3.9841779944254085,0.08889599121175706,0.5714260041713715,3.5554399946704507,0.670691006234847,0.004640009137801826,1.1463409900898114,8,0,8,0,0,,,,,,,,,,,,,,
rsg_object_detection,dropped_oldest,442,rsg_20260806_35_354880000_000442,dropped,True,fifo_cached_frame,425,48,0,375,48,0,1,0.0,61.47447900730185,frame_fifo_full,,,,,,,,,,,,,,,,,,,,,,,,,,,,,,,,,,,,,,,,,,,,,,,,,,,,,,,,
rsg_object_detection,dropped_oldest,443,rsg_20260806_35_404879999_000443,dropped,True,fifo_cached_frame,426,48,0,376,48,0,1,0.0,58.42944201140199,frame_fifo_full,,,,,,,,,,,,,,,,,,,,,,,,,,,,,,,,,,,,,,,,,,,,,,,,,,,,,,,,
rsg_object_detection,dropped_oldest,444,rsg_20260806_35_454880000_000444,dropped,True,fifo_cached_frame,427,48,0,377,48,0,1,0.0,37.3621810140321,frame_fifo_full,,,,,,,,,,,,,,,,,,,,,,,,,,,,,,,,,,,,,,,,,,,,,,,,,,,,,,,,
rsg_object_detection,dequeued,418,rsg_20260806_33_854880000_000418,,,,,,,,,,,84.25745900603943,,fifo_order,,,,,,,,,,,,,,,,,,,,,,,,,,,,,,,,,,,,,,,,,,,rsg_obj_000022,rsg_unknown_rsg_20260806_33_854880000_000418_007_nanosam_006,0,300,2,0.5850028913091836,,,,,,,,
rsg_object_detection,,418,rsg_20260806_33_854880000_000418,vlm_failed,,,,,,,,,,,,HTTP Error 503: Service Unavailable,,,,,,,,,,,,,,,,,,,,,,,,,,,,,,,,,,,,,,,,,,,rsg_obj_000022,rsg_unknown_rsg_20260806_33_854880000_000418_007_nanosam_006,,,2,0.5850028913091836,unknown_object,0.0,unknown,0.0,4.795190005097538,89.05495300132316,qwen_http,Qwen3-VL-8B-Instruct-GGUF
rsg_object_detection,completed,418,rsg_20260806_33_854880000_000418,,,,,,,,,,,84.25745900603943,,vlm_failed,,,,,,,,,,,,,,,,,,,,,,,,,,,,,,,,,,,,,,,,,,,rsg_obj_000022,rsg_unknown_rsg_20260806_33_854880000_000418_007_nanosam_006,0,300,2,0.5850028913091836,,,,,,,,
rsg_object_detection,dropped_oldest,445,rsg_20260806_35_504880000_000445,dropped,True,fifo_cached_frame,428,48,0,378,48,0,1,0.0,41.72802400717046,frame_fifo_full,,,,,,,,,,,,,,,,,,,,,,,,,,,,,,,,,,,,,,,,,,,,,,,,,,,,,,,,
rsg_object_detection,dropped_oldest,446,rsg_20260806_35_554879999_000446,dropped,True,fifo_cached_frame,429,48,0,379,48,0,1,0.0,51.20860900206026,frame_fifo_full,,,,,,,,,,,,,,,,,,,,,,,,,,,,,,,,,,,,,,,,,,,,,,,,,,,,,,,,
rsg_object_detection,dropped_oldest,447,rsg_20260806_35_604880000_000447,dropped,True,fifo_cached_frame,430,48,0,380,48,0,1,0.0,71.71010799356736,frame_fifo_full,,,,,,,,,,,,,,,,,,,,,,,,,,,,,,,,,,,,,,,,,,,,,,,,,,,,,,,,
rsg_object_detection,dropped_oldest,448,rsg_20260806_35_654879999_000448,dropped,True,fifo_cached_frame,431,48,0,381,48,0,1,0.0,91.39134699944407,frame_fifo_full,,,,,,,,,,,,,,,,,,,,,,,,,,,,,,,,,,,,,,,,,,,,,,,,,,,,,,,,
rsg_object_detection,dropped_oldest,449,rsg_20260806_35_704880000_000449,dropped,True,fifo_cached_frame,432,48,0,382,48,0,1,0.0,12.439286001608707,frame_fifo_full,,,,,,,,,,,,,,,,,,,,,,,,,,,,,,,,,,,,,,,,,,,,,,,,,,,,,,,,
rsg_object_detection,frame_trace,441,rsg_20260806_35_254880000_000441,sent_to_hydra,,,,,,,,,,,500.70908600173425,ok,16.952331003267318,411.82859799300786,70.90565699036233,0.13449699326884001,70.77115999709349,0.005663998308591545,4.8034129868028685,0.7913959998404607,241.55428000085521,18.172815995058045,0.007808004738762975,260.5263000004925,63.3906470175134,14.910242971382104,3.3170689857797697,17.55735999904573,27.08382997661829,53.465164004592225,3.804209001827985,0.9639399941079319,0.331744973664172,1.392549995216541,0.4650579940062016,0.004992005415260792,123.83616100123618,8.179395998013206,0.1379209861624986,14.29894300235901,0.046464017941616476,8.88659899646882,8.264676012913696,0.11145600001327693,0.5104669835418463,7.30732899683062,0.7537950004916638,0.004608009476214647,1.0168360167881474,8,0,8,0,0,,,,,,,,,,,,,,
rsg_object_detection,dropped_oldest,451,rsg_20260806_35_804879999_000451,dropped,True,fifo_cached_frame,434,49,0,383,49,0,1,0.0,39.413966005668044,frame_fifo_full,,,,,,,,,,,,,,,,,,,,,,,,,,,,,,,,,,,,,,,,,,,,,,,,,,,,,,,,
rsg_object_detection,dropped_oldest,452,rsg_20260806_35_854880000_000452,dropped,True,fifo_cached_frame,435,49,0,384,49,0,1,0.0,51.30736199498642,frame_fifo_full,,,,,,,,,,,,,,,,,,,,,,,,,,,,,,,,,,,,,,,,,,,,,,,,,,,,,,,,
rsg_object_detection,dropped_oldest,453,rsg_20260806_35_904879999_000453,dropped,True,fifo_cached_frame,436,49,0,385,49,0,1,0.0,59.705606996431015,frame_fifo_full,,,,,,,,,,,,,,,,,,,,,,,,,,,,,,,,,,,,,,,,,,,,,,,,,,,,,,,,
rsg_object_detection,dequeued,385,rsg_20260806_32_004879999_000385,,,,,,,,,,,30.040707002626732,,fifo_order,,,,,,,,,,,,,,,,,,,,,,,,,,,,,,,,,,,,,,,,,,,rsg_obj_000025,rsg_unknown_rsg_20260806_32_004879999_000385_007_nanosam_002,0,300,4,0.3797876832631797,,,,,,,,
rsg_object_detection,,385,rsg_20260806_32_004879999_000385,vlm_failed,,,,,,,,,,,,HTTP Error 503: Service Unavailable,,,,,,,,,,,,,,,,,,,,,,,,,,,,,,,,,,,,,,,,,,,rsg_obj_000025,rsg_unknown_rsg_20260806_32_004879999_000385_007_nanosam_002,,,4,0.3797876832631797,unknown_object,0.0,unknown,0.0,8.404036998399533,38.447464001365006,qwen_http,Qwen3-VL-8B-Instruct-GGUF
rsg_object_detection,completed,385,rsg_20260806_32_004879999_000385,,,,,,,,,,,30.040707002626732,,vlm_failed,,,,,,,,,,,,,,,,,,,,,,,,,,,,,,,,,,,,,,,,,,,rsg_obj_000025,rsg_unknown_rsg_20260806_32_004879999_000385_007_nanosam_002,0,300,4,0.3797876832631797,,,,,,,,
rsg_object_detection,dropped_oldest,454,rsg_20260806_35_954880000_000454,dropped,True,fifo_cached_frame,437,49,0,386,49,0,1,0.0,162.50887300702743,frame_fifo_full,,,,,,,,,,,,,,,,,,,,,,,,,,,,,,,,,,,,,,,,,,,,,,,,,,,,,,,,
rsg_object_detection,dropped_oldest,455,rsg_20260806_36_104880000_000455,dropped,True,fifo_cached_frame,438,49,0,387,49,0,1,0.0,56.471798990969546,frame_fifo_full,,,,,,,,,,,,,,,,,,,,,,,,,,,,,,,,,,,,,,,,,,,,,,,,,,,,,,,,
rsg_object_detection,dropped_oldest,456,rsg_20260806_36_154879999_000456,dropped,True,fifo_cached_frame,439,49,0,388,49,0,1,0.0,19.891126998118125,frame_fifo_full,,,,,,,,,,,,,,,,,,,,,,,,,,,,,,,,,,,,,,,,,,,,,,,,,,,,,,,,
rsg_object_detection,frame_trace,450,rsg_20260806_35_754880000_000450,sent_to_hydra,,,,,,,,,,,449.61202298873104,ok,8.543812989955768,428.2462650007801,11.87326799845323,0.14358499902300537,11.729682999430224,0.00457599526271224,1.2948530056746677,4.6341650013346225,264.0324590029195,14.949792996048927,0.009408002370037138,283.6258250026731,82.45043999340851,40.073968018987216,2.420810007606633,29.137887991964817,10.174541035667062,32.19364500546362,4.0830260259099305,2.7698680059984326,0.40096296288538724,1.3241010019555688,0.0695369963068515,0.004128000000491738,123.31282800005283,6.2955789908301085,0.1288330095121637,13.547738999477588,0.0406079925596714,4.414866998558864,3.8479530048789456,0.08502400305587798,0.48188999062404037,3.4467040095478296,0.6773460045224056,0.004895977326668799,0.9441010042792186,8,0,8,0,0,,,,,,,,,,,,,,
rsg_object_detection,dropped_oldest,458,rsg_20260806_36_254880000_000458,dropped,True,fifo_cached_frame,441,50,0,389,50,0,1,0.0,62.6852020068327,frame_fifo_full,,,,,,,,,,,,,,,,,,,,,,,,,,,,,,,,,,,,,,,,,,,,,,,,,,,,,,,,
rsg_object_detection,dropped_oldest,459,rsg_20260806_36_304879999_000459,dropped,True,fifo_cached_frame,442,50,0,390,50,0,1,0.0,37.070530001074076,frame_fifo_full,,,,,,,,,,,,,,,,,,,,,,,,,,,,,,,,,,,,,,,,,,,,,,,,,,,,,,,,
rsg_object_detection,dropped_oldest,460,rsg_20260806_36_354880000_000460,dropped,True,fifo_cached_frame,443,50,0,391,50,0,1,0.0,52.40938099450432,frame_fifo_full,,,,,,,,,,,,,,,,,,,,,,,,,,,,,,,,,,,,,,,,,,,,,,,,,,,,,,,,
rsg_object_detection,dropped_oldest,461,rsg_20260806_36_404879999_000461,dropped,True,fifo_cached_frame,444,50,0,392,50,0,1,0.0,48.56181298964657,frame_fifo_full,,,,,,,,,,,,,,,,,,,,,,,,,,,,,,,,,,,,,,,,,,,,,,,,,,,,,,,,
rsg_object_detection,dropped_oldest,462,rsg_20260806_36_454880000_000462,dropped,True,fifo_cached_frame,445,50,0,393,50,0,1,0.0,49.24965600366704,frame_fifo_full,,,,,,,,,,,,,,,,,,,,,,,,,,,,,,,,,,,,,,,,,,,,,,,,,,,,,,,,
rsg_object_detection,dropped_oldest,463,rsg_20260806_36_504880000_000463,dropped,True,fifo_cached_frame,446,50,0,394,50,0,1,0.0,54.13137300638482,frame_fifo_full,,,,,,,,,,,,,,,,,,,,,,,,,,,,,,,,,,,,,,,,,,,,,,,,,,,,,,,,
rsg_object_detection,dropped_oldest,464,rsg_20260806_36_554879999_000464,dropped,True,fifo_cached_frame,447,50,0,395,50,0,1,0.0,49.38559199217707,frame_fifo_full,,,,,,,,,,,,,,,,,,,,,,,,,,,,,,,,,,,,,,,,,,,,,,,,,,,,,,,,
rsg_object_detection,dropped_oldest,465,rsg_20260806_36_604880000_000465,dropped,True,fifo_cached_frame,448,50,0,396,50,0,1,0.0,56.1099100013962,frame_fifo_full,,,,,,,,,,,,,,,,,,,,,,,,,,,,,,,,,,,,,,,,,,,,,,,,,,,,,,,,
rsg_object_detection,dropped_oldest,466,rsg_20260806_36_654879999_000466,dropped,True,fifo_cached_frame,449,50,0,397,50,0,1,0.0,43.67449499841314,frame_fifo_full,,,,,,,,,,,,,,,,,,,,,,,,,,,,,,,,,,,,,,,,,,,,,,,,,,,,,,,,
rsg_object_detection,frame_trace,457,rsg_20260806_36_204880000_000457,sent_to_hydra,,,,,,,,,,,514.2219620029209,ok,15.442340009030886,462.7866329974495,34.95189700333867,0.13907300308346748,34.812824000255205,0.002048007445409894,0.9284200059482828,0.17158500850200653,339.1625720105367,15.461635994142853,0.006559988833032548,354.80235300201457,44.35904198908247,22.438304993556812,3.0747980199521407,5.697017986676656,12.619286993867718,33.06971299753059,3.5471829905873165,0.9745970164658502,0.29840001661796123,1.1730609985534102,0.22470499970950186,0.0042239989852532744,83.66788600687869,4.918132995953783,0.11875299969688058,18.309520004549995,0.04156798240728676,11.148656994919293,10.559693997493014,0.08876799256540835,0.5001950048608705,3.514734999043867,0.773539999499917,0.005408015567809343,1.0390439856564626,8,0,8,0,0,,,,,,,,,,,,,,
rsg_object_detection,dropped_oldest,468,rsg_20260806_36_754880000_000468,dropped,True,fifo_cached_frame,451,51,0,398,51,0,1,0.0,37.77335000631865,frame_fifo_full,,,,,,,,,,,,,,,,,,,,,,,,,,,,,,,,,,,,,,,,,,,,,,,,,,,,,,,,
rsg_object_detection,dropped_oldest,469,rsg_20260806_36_804879999_000469,dropped,True,fifo_cached_frame,452,51,0,399,51,0,1,0.0,49.6579769969685,frame_fifo_full,,,,,,,,,,,,,,,,,,,,,,,,,,,,,,,,,,,,,,,,,,,,,,,,,,,,,,,,
rsg_object_detection,dropped_oldest,470,rsg_20260806_36_854880000_000470,dropped,True,fifo_cached_frame,453,51,0,400,51,0,1,0.0,52.14489999343641,frame_fifo_full,,,,,,,,,,,,,,,,,,,,,,,,,,,,,,,,,,,,,,,,,,,,,,,,,,,,,,,,
rsg_object_detection,dropped_oldest,471,rsg_20260806_36_904879999_000471,dropped,True,fifo_cached_frame,454,51,0,401,51,0,1,0.0,49.71048899460584,frame_fifo_full,,,,,,,,,,,,,,,,,,,,,,,,,,,,,,,,,,,,,,,,,,,,,,,,,,,,,,,,
rsg_object_detection,dropped_oldest,472,rsg_20260806_36_954880000_000472,dropped,True,fifo_cached_frame,455,51,0,402,51,0,1,0.0,53.77786701137666,frame_fifo_full,,,,,,,,,,,,,,,,,,,,,,,,,,,,,,,,,,,,,,,,,,,,,,,,,,,,,,,,
rsg_object_detection,frame_trace,467,rsg_20260806_36_704880000_000467,sent_to_hydra,,,,,,,,,,,345.10957400198095,ok,9.710378988529555,313.82226799905766,20.38053701107856,0.18182500207331032,20.19871200900525,0.0031999952625483274,0.9151720005320385,0.2280970074934885,194.27099300082773,13.715516004594974,0.006815986125729978,208.22142199904192,38.01629399822559,17.467755984398536,2.603210014058277,5.076469999039546,12.308597026276402,42.124920000787824,3.441776003455743,1.026723999530077,0.32947400177363306,1.3922939979238436,0.07270500645972788,0.005088004400022328,86.42629899259191,2.4676899920450523,0.14425700646825135,15.607908004312776,0.039520004065707326,5.290007989970036,4.664213003707118,0.09875299292616546,0.5270419933367521,3.634959997725673,0.7807389920344576,0.004672008799389005,1.1931900080526248,8,0,8,0,0,,,,,,,,,,,,,,
rsg_object_detection,dropped_oldest,474,rsg_20260806_37_054879999_000474,dropped,True,fifo_cached_frame,457,52,0,403,52,0,1,0.0,44.13587201270275,frame_fifo_full,,,,,,,,,,,,,,,,,,,,,,,,,,,,,,,,,,,,,,,,,,,,,,,,,,,,,,,,
rsg_object_detection,dropped_oldest,475,rsg_20260806_37_104880000_000475,dropped,True,fifo_cached_frame,458,52,0,404,52,0,1,0.0,41.00344199105166,frame_fifo_full,,,,,,,,,,,,,,,,,,,,,,,,,,,,,,,,,,,,,,,,,,,,,,,,,,,,,,,,
rsg_object_detection,dropped_oldest,476,rsg_20260806_37_154879999_000476,dropped,True,fifo_cached_frame,459,52,0,405,52,0,1,0.0,49.52674300875515,frame_fifo_full,,,,,,,,,,,,,,,,,,,,,,,,,,,,,,,,,,,,,,,,,,,,,,,,,,,,,,,,
rsg_object_detection,dropped_oldest,477,rsg_20260806_37_204880000_000477,dropped,True,fifo_cached_frame,460,52,0,406,52,0,1,0.0,53.60931999166496,frame_fifo_full,,,,,,,,,,,,,,,,,,,,,,,,,,,,,,,,,,,,,,,,,,,,,,,,,,,,,,,,
rsg_object_detection,dropped_oldest,478,rsg_20260806_37_254880000_000478,dropped,True,fifo_cached_frame,461,52,0,407,52,0,1,0.0,106.78692799410783,frame_fifo_full,,,,,,,,,,,,,,,,,,,,,,,,,,,,,,,,,,,,,,,,,,,,,,,,,,,,,,,,
rsg_object_detection,dropped_oldest,479,rsg_20260806_37_354880000_000479,dropped,True,fifo_cached_frame,462,52,0,408,52,0,1,0.0,66.86995500058401,frame_fifo_full,,,,,,,,,,,,,,,,,,,,,,,,,,,,,,,,,,,,,,,,,,,,,,,,,,,,,,,,
rsg_object_detection,frame_trace,473,rsg_20260806_37_004879999_000473,sent_to_hydra,,,,,,,,,,,469.5324419881217,ok,9.52848998713307,401.6372640035115,57.37471499014646,0.14899300003889948,57.22572199010756,0.005312002031132579,6.758813004125841,0.17836899496614933,201.5229229873512,19.95349499338772,0.006336020305752754,221.66112299601082,90.42596101062372,18.262608005898073,5.474392994074151,38.56173501117155,27.554327985853888,59.385794011177495,2.419982018182054,0.8134090021485463,0.27910394419450313,1.169157010735944,0.4015059967059642,0.004863992216996849,154.91536101035308,4.416658994159661,0.12780899123754352,13.719898997806013,0.037600009818561375,5.415735999122262,4.860661007114686,0.08614499529358,0.46892999671399593,3.3897430112119764,0.7187870069174096,0.004223969881422818,0.9866610052995384,8,0,7,0,0,,,,,,,,,,,,,,
rsg_object_detection,dropped_oldest,481,rsg_20260806_37_504880000_000481,dropped,True,fifo_cached_frame,464,53,0,409,53,0,1,0.0,58.468254006584175,frame_fifo_full,,,,,,,,,,,,,,,,,,,,,,,,,,,,,,,,,,,,,,,,,,,,,,,,,,,,,,,,
rsg_object_detection,dropped_oldest,482,rsg_20260806_37_554879999_000482,dropped,True,fifo_cached_frame,465,53,0,410,53,0,1,0.0,93.76517499913462,frame_fifo_full,,,,,,,,,,,,,,,,,,,,,,,,,,,,,,,,,,,,,,,,,,,,,,,,,,,,,,,,
rsg_object_detection,dropped_oldest,483,rsg_20260806_37_654879999_000483,dropped,True,fifo_cached_frame,466,53,0,411,53,0,1,0.0,56.11208399932366,frame_fifo_full,,,,,,,,,,,,,,,,,,,,,,,,,,,,,,,,,,,,,,,,,,,,,,,,,,,,,,,,
rsg_object_detection,dropped_oldest,484,rsg_20260806_37_704880000_000484,dropped,True,fifo_cached_frame,467,53,0,412,53,0,1,0.0,47.16414099675603,frame_fifo_full,,,,,,,,,,,,,,,,,,,,,,,,,,,,,,,,,,,,,,,,,,,,,,,,,,,,,,,,
rsg_object_detection,dequeued,426,rsg_20260806_34_304879999_000426,,,,,,,,,,,96.74672399705742,,fifo_order,,,,,,,,,,,,,,,,,,,,,,,,,,,,,,,,,,,,,,,,,,,rsg_obj_000029,rsg_unknown_rsg_20260806_34_304879999_000426_005_nanosam_004,0,300,5,0.7073103621058817,,,,,,,,
rsg_object_detection,dropped_oldest,485,rsg_20260806_37_754880000_000485,dropped,True,fifo_cached_frame,468,53,0,413,53,0,1,0.0,114.18241600040346,frame_fifo_full,,,,,,,,,,,,,,,,,,,,,,,,,,,,,,,,,,,,,,,,,,,,,,,,,,,,,,,,
rsg_object_detection,dropped_oldest,486,rsg_20260806_37_854880000_000486,dropped,True,fifo_cached_frame,469,53,0,414,53,0,1,0.0,50.86975698941387,frame_fifo_full,,,,,,,,,,,,,,,,,,,,,,,,,,,,,,,,,,,,,,,,,,,,,,,,,,,,,,,,
rsg_object_detection,dropped_oldest,487,rsg_20260806_37_904879999_000487,dropped,True,fifo_cached_frame,470,53,0,415,53,0,1,0.0,46.086856003967114,frame_fifo_full,,,,,,,,,,,,,,,,,,,,,,,,,,,,,,,,,,,,,,,,,,,,,,,,,,,,,,,,
rsg_object_detection,dropped_oldest,488,rsg_20260806_37_954880000_000488,dropped,True,fifo_cached_frame,471,53,0,416,53,0,1,0.0,36.071005000849254,frame_fifo_full,,,,,,,,,,,,,,,,,,,,,,,,,,,,,,,,,,,,,,,,,,,,,,,,,,,,,,,,
rsg_object_detection,frame_trace,480,rsg_20260806_37_404879999_000480,sent_to_hydra,,,,,,,,,,,583.2729340036167,ok,13.260153005830944,514.1938180022407,54.79178999667056,0.1364170020679012,54.65537299460266,0.003231994924135506,1.0578279907349497,0.18585700308904052,317.4020830047084,22.38230500370264,0.00700798409525305,339.97725299559534,89.5369009958813,28.98594900034368,4.64901200029999,32.88753402011935,22.39372998883482,58.682110990048386,2.5829870137386024,1.1841629893751815,0.3155240119667724,1.2099570012651384,0.3071699902648106,0.004383997293189168,153.8377890101401,3.6068310000700876,0.14038500376045704,15.534563004621305,0.03916899731848389,8.869189987308346,8.225283003412187,0.10137599019799381,0.5425309936981648,3.7579049967462197,0.6281300011323765,0.004928020644001663,1.0239410039503127,7,0,7,0,0,,,,,,,,,,,,,,
rsg_object_detection,dropped_oldest,490,rsg_20260806_38_104880000_000490,dropped,True,fifo_cached_frame,473,54,0,417,54,0,1,0.0,45.19120299664792,frame_fifo_full,,,,,,,,,,,,,,,,,,,,,,,,,,,,,,,,,,,,,,,,,,,,,,,,,,,,,,,,
rsg_object_detection,dropped_oldest,491,rsg_20260806_38_154879999_000491,dropped,True,fifo_cached_frame,474,54,0,418,54,0,1,0.0,50.50402598863002,frame_fifo_full,,,,,,,,,,,,,,,,,,,,,,,,,,,,,,,,,,,,,,,,,,,,,,,,,,,,,,,,
rsg_object_detection,dropped_oldest,492,rsg_20260806_38_204880000_000492,dropped,True,fifo_cached_frame,475,54,0,419,54,0,1,0.0,53.85197598661762,frame_fifo_full,,,,,,,,,,,,,,,,,,,,,,,,,,,,,,,,,,,,,,,,,,,,,,,,,,,,,,,,
rsg_object_detection,dropped_oldest,493,rsg_20260806_38_254880000_000493,dropped,True,fifo_cached_frame,476,54,0,420,54,0,1,0.0,110.7505889958702,frame_fifo_full,,,,,,,,,,,,,,,,,,,,,,,,,,,,,,,,,,,,,,,,,,,,,,,,,,,,,,,,
rsg_object_detection,dropped_oldest,494,rsg_20260806_38_354880000_000494,dropped,True,fifo_cached_frame,477,54,0,421,54,0,1,0.0,90.06317199964542,frame_fifo_full,,,,,,,,,,,,,,,,,,,,,,,,,,,,,,,,,,,,,,,,,,,,,,,,,,,,,,,,
rsg_object_detection,dropped_oldest,495,rsg_20260806_38_404879999_000495,dropped,True,fifo_cached_frame,478,54,0,422,54,0,1,0.0,5.582711994065903,frame_fifo_full,,,,,,,,,,,,,,,,,,,,,,,,,,,,,,,,,,,,,,,,,,,,,,,,,,,,,,,,
rsg_object_detection,dropped_oldest,496,rsg_20260806_38_454880000_000496,dropped,True,fifo_cached_frame,479,54,0,423,54,0,1,0.0,127.24566899123602,frame_fifo_full,,,,,,,,,,,,,,,,,,,,,,,,,,,,,,,,,,,,,,,,,,,,,,,,,,,,,,,,
rsg_object_detection,dropped_oldest,497,rsg_20260806_38_504880000_000497,dropped,True,fifo_cached_frame,480,54,0,424,54,0,1,0.0,3.098510002018884,frame_fifo_full,,,,,,,,,,,,,,,,,,,,,,,,,,,,,,,,,,,,,,,,,,,,,,,,,,,,,,,,
rsg_object_detection,dropped_oldest,498,rsg_20260806_38_554879999_000498,dropped,True,fifo_cached_frame,481,54,0,425,54,0,1,0.0,7.478399988031015,frame_fifo_full,,,,,,,,,,,,,,,,,,,,,,,,,,,,,,,,,,,,,,,,,,,,,,,,,,,,,,,,
rsg_object_detection,frame_trace,489,rsg_20260806_38_004879999_000489,sent_to_hydra,,,,,,,,,,,637.0423979969928,ok,9.084167002583854,608.0575360101648,18.92577800026629,0.14470500173047185,18.78107299853582,0.0023039901861920953,1.0171879985136911,0.1956169871846214,417.04973600280937,19.282067005406134,0.005823996616527438,436.53324399201665,105.20304599776864,33.54705598030705,3.852720998111181,35.22824801621027,32.00116202060599,39.98766100266948,2.563690999522805,0.6681640079477802,0.25795199326239526,1.3958780036773533,0.24662500072736293,0.004255998646840453,150.34234499034937,5.41989499470219,0.1334409898845479,14.571774998330511,0.039648046367801726,4.9231890006922185,4.364819003967568,0.0940160098252818,0.46435398689936846,3.46606298990082,0.6893150130053982,0.005599998985417187,0.9726129937916994,7,0,7,0,0,,,,,,,,,,,,,,
rsg_object_detection,dropped_oldest,500,rsg_20260806_38_654879999_000500,dropped,True,fifo_cached_frame,483,55,0,426,55,0,1,0.0,47.26711600960698,frame_fifo_full,,,,,,,,,,,,,,,,,,,,,,,,,,,,,,,,,,,,,,,,,,,,,,,,,,,,,,,,
rsg_object_detection,dropped_oldest,501,rsg_20260806_38_704880000_000501,dropped,True,fifo_cached_frame,484,55,0,427,55,0,1,0.0,51.42006199457683,frame_fifo_full,,,,,,,,,,,,,,,,,,,,,,,,,,,,,,,,,,,,,,,,,,,,,,,,,,,,,,,,
rsg_object_detection,dropped_oldest,502,rsg_20260806_38_754880000_000502,dropped,True,fifo_cached_frame,485,55,0,428,55,0,1,0.0,52.12291299540084,frame_fifo_full,,,,,,,,,,,,,,,,,,,,,,,,,,,,,,,,,,,,,,,,,,,,,,,,,,,,,,,,
rsg_object_detection,dropped_oldest,503,rsg_20260806_38_804879999_000503,dropped,True,fifo_cached_frame,486,55,0,429,55,0,1,0.0,51.741119008511305,frame_fifo_full,,,,,,,,,,,,,,,,,,,,,,,,,,,,,,,,,,,,,,,,,,,,,,,,,,,,,,,,
rsg_object_detection,dropped_oldest,504,rsg_20260806_38_854880000_000504,dropped,True,fifo_cached_frame,487,55,0,430,55,0,1,0.0,45.83491799712647,frame_fifo_full,,,,,,,,,,,,,,,,,,,,,,,,,,,,,,,,,,,,,,,,,,,,,,,,,,,,,,,,
rsg_object_detection,dropped_oldest,505,rsg_20260806_38_904879999_000505,dropped,True,fifo_cached_frame,488,55,0,431,55,0,1,0.0,101.42459798953496,frame_fifo_full,,,,,,,,,,,,,,,,,,,,,,,,,,,,,,,,,,,,,,,,,,,,,,,,,,,,,,,,
rsg_object_detection,dropped_oldest,506,rsg_20260806_39_004879999_000506,dropped,True,fifo_cached_frame,489,55,0,432,55,0,1,0.0,70.95141000172589,frame_fifo_full,,,,,,,,,,,,,,,,,,,,,,,,,,,,,,,,,,,,,,,,,,,,,,,,,,,,,,,,
rsg_object_detection,dropped_oldest,507,rsg_20260806_39_054879999_000507,dropped,True,fifo_cached_frame,490,55,0,433,55,0,1,0.0,30.42557099252008,frame_fifo_full,,,,,,,,,,,,,,,,,,,,,,,,,,,,,,,,,,,,,,,,,,,,,,,,,,,,,,,,
rsg_object_detection,dropped_oldest,508,rsg_20260806_39_104880000_000508,dropped,True,fifo_cached_frame,491,55,0,434,55,0,1,0.0,52.92413099959958,frame_fifo_full,,,,,,,,,,,,,,,,,,,,,,,,,,,,,,,,,,,,,,,,,,,,,,,,,,,,,,,,
rsg_object_detection,frame_trace,499,rsg_20260806_38_604880000_000499,sent_to_hydra,,,,,,,,,,,591.8654289998813,ok,8.382788000744767,532.3585159931099,50.136439997004345,0.11324899969622493,50.02319099730812,0.0019519939087331295,4.4305790070211515,0.18089701188728213,357.0945640094578,17.131882006651722,0.007071983418427408,374.41441501141526,78.22641602251679,22.88537898857612,3.451567012234591,28.895835974253714,22.430623983382247,52.988834999268875,2.5691310002002865,0.7841940096113831,0.31277097878046334,1.240325000253506,0.0727360020391643,0.0043199979700148106,136.21700000658166,2.317898004548624,0.15763301053084433,14.784671002416871,0.036319950595498085,4.29883498873096,3.7403680034913123,0.08716899901628494,0.4712979862233624,3.4502869966672733,0.6285140116233379,0.005152003723196685,0.9857330151135102,7,0,7,0,0,,,,,,,,,,,,,,
rsg_object_detection,dropped_oldest,510,rsg_20260806_39_204880000_000510,dropped,True,fifo_cached_frame,493,56,0,435,56,0,1,0.0,45.5380189960124,frame_fifo_full,,,,,,,,,,,,,,,,,,,,,,,,,,,,,,,,,,,,,,,,,,,,,,,,,,,,,,,,
rsg_object_detection,dropped_oldest,511,rsg_20260806_39_254880000_000511,dropped,True,fifo_cached_frame,494,56,0,436,56,0,1,0.0,153.4721130010439,frame_fifo_full,,,,,,,,,,,,,,,,,,,,,,,,,,,,,,,,,,,,,,,,,,,,,,,,,,,,,,,,
rsg_object_detection,dropped_oldest,512,rsg_20260806_39_404879999_000512,dropped,True,fifo_cached_frame,495,56,0,437,56,0,1,0.0,49.87406999862287,frame_fifo_full,,,,,,,,,,,,,,,,,,,,,,,,,,,,,,,,,,,,,,,,,,,,,,,,,,,,,,,,
rsg_object_detection,dropped_oldest,513,rsg_20260806_39_454880000_000513,dropped,True,fifo_cached_frame,496,56,0,438,56,0,1,0.0,49.28440299408976,frame_fifo_full,,,,,,,,,,,,,,,,,,,,,,,,,,,,,,,,,,,,,,,,,,,,,,,,,,,,,,,,
rsg_object_detection,dropped_oldest,514,rsg_20260806_39_504880000_000514,dropped,True,fifo_cached_frame,497,56,0,439,56,0,1,0.0,53.049634996568784,frame_fifo_full,,,,,,,,,,,,,,,,,,,,,,,,,,,,,,,,,,,,,,,,,,,,,,,,,,,,,,,,
rsg_object_detection,dropped_oldest,515,rsg_20260806_39_554879999_000515,dropped,True,fifo_cached_frame,498,56,0,440,56,0,1,0.0,63.14923000172712,frame_fifo_full,,,,,,,,,,,,,,,,,,,,,,,,,,,,,,,,,,,,,,,,,,,,,,,,,,,,,,,,
rsg_object_detection,dropped_oldest,516,rsg_20260806_39_604880000_000516,dropped,True,fifo_cached_frame,499,56,0,441,56,0,1,0.0,57.83039100060705,frame_fifo_full,,,,,,,,,,,,,,,,,,,,,,,,,,,,,,,,,,,,,,,,,,,,,,,,,,,,,,,,
rsg_object_detection,dropped_oldest,517,rsg_20260806_39_654879999_000517,dropped,True,fifo_cached_frame,500,56,0,442,56,0,1,0.0,26.69691399205476,frame_fifo_full,,,,,,,,,,,,,,,,,,,,,,,,,,,,,,,,,,,,,,,,,,,,,,,,,,,,,,,,
rsg_object_detection,frame_trace,509,rsg_20260806_39_154879999_000509,sent_to_hydra,,,,,,,,,,,573.4792570001446,ok,8.645892987260595,516.9592710008146,47.07543400581926,0.13696101086679846,46.93847299495246,0.002176006091758609,4.812340994249098,0.1793609990272671,354.4462220015703,14.84236799296923,0.007167996955104172,369.4751189905219,72.0898129948182,15.63910701952409,7.992099010152742,24.870090011972934,23.02240303833969,35.37346300436184,5.738743027905002,2.4344120029127225,0.30649696418549865,1.5556230064248666,0.34524900547694415,0.0052810064516961575,117.8741690091556,12.096467005903833,0.12633699225261807,12.535029993159696,0.03980801557190716,4.412626993143931,3.8571370096178725,0.08592101221438497,0.4695689713116735,3.4184139949502423,0.8092520001810044,0.005599998985417187,0.7964830001583323,6,0,6,0,0,,,,,,,,,,,,,,
rsg_object_detection,dropped_oldest,519,rsg_20260806_39_754880000_000519,dropped,True,fifo_cached_frame,502,57,0,443,57,0,1,0.0,109.99413501122035,frame_fifo_full,,,,,,,,,,,,,,,,,,,,,,,,,,,,,,,,,,,,,,,,,,,,,,,,,,,,,,,,
rsg_object_detection,dropped_oldest,520,rsg_20260806_39_854880000_000520,dropped,True,fifo_cached_frame,503,57,0,444,57,0,1,0.0,41.35041800327599,frame_fifo_full,,,,,,,,,,,,,,,,,,,,,,,,,,,,,,,,,,,,,,,,,,,,,,,,,,,,,,,,
rsg_object_detection,dropped_oldest,521,rsg_20260806_39_904879999_000521,dropped,True,fifo_cached_frame,504,57,0,445,57,0,1,0.0,48.36068699660245,frame_fifo_full,,,,,,,,,,,,,,,,,,,,,,,,,,,,,,,,,,,,,,,,,,,,,,,,,,,,,,,,
rsg_object_detection,dropped_oldest,522,rsg_20260806_39_954880000_000522,dropped,True,fifo_cached_frame,505,57,0,446,57,0,1,0.0,57.8408879955532,frame_fifo_full,,,,,,,,,,,,,,,,,,,,,,,,,,,,,,,,,,,,,,,,,,,,,,,,,,,,,,,,
rsg_object_detection,dropped_oldest,523,rsg_20260806_40_004879999_000523,dropped,True,fifo_cached_frame,506,57,0,447,57,0,1,0.0,40.78801500145346,frame_fifo_full,,,,,,,,,,,,,,,,,,,,,,,,,,,,,,,,,,,,,,,,,,,,,,,,,,,,,,,,
rsg_object_detection,dropped_oldest,524,rsg_20260806_40_054879999_000524,dropped,True,fifo_cached_frame,507,57,0,448,57,0,1,0.0,64.6488830097951,frame_fifo_full,,,,,,,,,,,,,,,,,,,,,,,,,,,,,,,,,,,,,,,,,,,,,,,,,,,,,,,,
rsg_object_detection,dropped_oldest,525,rsg_20260806_40_104880000_000525,dropped,True,fifo_cached_frame,508,57,0,449,57,0,1,0.0,83.86218099622056,frame_fifo_full,,,,,,,,,,,,,,,,,,,,,,,,,,,,,,,,,,,,,,,,,,,,,,,,,,,,,,,,
rsg_object_detection,frame_trace,518,rsg_20260806_39_704880000_000518,sent_to_hydra,,,,,,,,,,,505.4195039992919,ok,11.38107200677041,458.8714969868306,33.11633400153369,0.1421449996996671,32.97418900183402,0.0033600081223994493,2.39600999339018,0.23248099023476243,309.4514380063629,15.141248004510999,0.006367990863509476,324.83153499197215,63.13207601488102,12.634741986403242,5.051284999353811,25.032170000486076,19.934773023123853,41.159439002512954,4.675125019275583,0.6295060011325404,0.35299397131893784,1.0218609968433157,0.07356800779234618,0.004672008799389005,111.06648900022265,1.8826320010703057,0.16742499428801239,18.486317989300005,0.04108801658730954,7.473536010365933,6.899196989252232,0.09318500815425068,0.4811540129594505,3.4079500037478283,0.4938260099152103,0.005759982741437852,2.047240996034816,5,0,5,0,0,,,,,,,,,,,,,,
rsg_object_detection,dropped_oldest,527,rsg_20260806_40_254880000_000527,dropped,True,fifo_cached_frame,510,58,0,450,58,0,1,0.0,39.51559199776966,frame_fifo_full,,,,,,,,,,,,,,,,,,,,,,,,,,,,,,,,,,,,,,,,,,,,,,,,,,,,,,,,
rsg_object_detection,dropped_oldest,528,rsg_20260806_40_304879999_000528,dropped,True,fifo_cached_frame,511,58,0,451,58,0,1,0.0,39.6693850052543,frame_fifo_full,,,,,,,,,,,,,,,,,,,,,,,,,,,,,,,,,,,,,,,,,,,,,,,,,,,,,,,,
rsg_object_detection,dropped_oldest,529,rsg_20260806_40_354880000_000529,dropped,True,fifo_cached_frame,512,58,0,452,58,0,1,0.0,52.448735004873015,frame_fifo_full,,,,,,,,,,,,,,,,,,,,,,,,,,,,,,,,,,,,,,,,,,,,,,,,,,,,,,,,
rsg_object_detection,dropped_oldest,530,rsg_20260806_40_404879999_000530,dropped,True,fifo_cached_frame,513,58,0,453,58,0,1,0.0,51.278970000566915,frame_fifo_full,,,,,,,,,,,,,,,,,,,,,,,,,,,,,,,,,,,,,,,,,,,,,,,,,,,,,,,,
rsg_object_detection,dropped_oldest,531,rsg_20260806_40_454880000_000531,dropped,True,fifo_cached_frame,514,58,0,454,58,0,1,0.0,98.257570003625,frame_fifo_full,,,,,,,,,,,,,,,,,,,,,,,,,,,,,,,,,,,,,,,,,,,,,,,,,,,,,,,,
rsg_object_detection,dropped_oldest,532,rsg_20260806_40_554879999_000532,dropped,True,fifo_cached_frame,515,58,0,455,58,0,1,0.0,57.432692003203556,frame_fifo_full,,,,,,,,,,,,,,,,,,,,,,,,,,,,,,,,,,,,,,,,,,,,,,,,,,,,,,,,
rsg_object_detection,dropped_oldest,533,rsg_20260806_40_604880000_000533,dropped,True,fifo_cached_frame,516,58,0,456,58,0,1,0.0,67.5933430029545,frame_fifo_full,,,,,,,,,,,,,,,,,,,,,,,,,,,,,,,,,,,,,,,,,,,,,,,,,,,,,,,,
rsg_object_detection,dropped_oldest,534,rsg_20260806_40_654879999_000534,dropped,True,fifo_cached_frame,517,58,0,457,58,0,1,0.0,27.99151100043673,frame_fifo_full,,,,,,,,,,,,,,,,,,,,,,,,,,,,,,,,,,,,,,,,,,,,,,,,,,,,,,,,
rsg_object_detection,frame_trace,526,rsg_20260806_40_204880000_000526,sent_to_hydra,,,,,,,,,,,514.2804909992265,ok,13.330873000086285,484.11322699394077,16.08077199489344,0.13068800035398453,15.950083994539455,0.0019199942471459508,0.9892840025713667,0.17753698921296746,343.4700369980419,11.385392004740424,0.007328999345190823,355.0402949913405,58.87679397710599,21.545019990298897,3.954800995416008,13.583129009930417,19.35541098646354,50.487575004808605,2.145194011973217,0.41286500345449895,0.22428900410886854,0.9002909937407821,0.07046500104479492,0.003936002030968666,113.13638499996159,1.982824003789574,0.129601001390256,12.789173997589387,0.04566399729810655,8.989861991722137,8.369956005481072,0.10115199256688356,0.5187539936741814,3.7978409964125603,0.5371220031520352,0.0060480087995529175,0.7536990160588175,5,0,5,0,0,,,,,,,,,,,,,,
rsg_object_detection,dropped_oldest,536,rsg_20260806_40_754880000_000536,dropped,True,fifo_cached_frame,519,59,0,458,59,0,1,0.0,47.897611002554186,frame_fifo_full,,,,,,,,,,,,,,,,,,,,,,,,,,,,,,,,,,,,,,,,,,,,,,,,,,,,,,,,
rsg_object_detection,dropped_oldest,537,rsg_20260806_40_804879999_000537,dropped,True,fifo_cached_frame,520,59,0,459,59,0,1,0.0,100.49153100408148,frame_fifo_full,,,,,,,,,,,,,,,,,,,,,,,,,,,,,,,,,,,,,,,,,,,,,,,,,,,,,,,,
rsg_object_detection,dropped_oldest,538,rsg_20260806_40_904879999_000538,dropped,True,fifo_cached_frame,521,59,0,460,59,0,1,0.0,102.37957099161576,frame_fifo_full,,,,,,,,,,,,,,,,,,,,,,,,,,,,,,,,,,,,,,,,,,,,,,,,,,,,,,,,
rsg_object_detection,dropped_oldest,539,rsg_20260806_41_004879999_000539,dropped,True,fifo_cached_frame,522,59,0,461,59,0,1,0.0,49.12584100384265,frame_fifo_full,,,,,,,,,,,,,,,,,,,,,,,,,,,,,,,,,,,,,,,,,,,,,,,,,,,,,,,,
rsg_object_detection,dropped_oldest,540,rsg_20260806_41_054879999_000540,dropped,True,fifo_cached_frame,523,59,0,462,59,0,1,0.0,120.76566200994421,frame_fifo_full,,,,,,,,,,,,,,,,,,,,,,,,,,,,,,,,,,,,,,,,,,,,,,,,,,,,,,,,
rsg_object_detection,dropped_oldest,541,rsg_20260806_41_154879999_000541,dropped,True,fifo_cached_frame,524,59,0,463,59,0,1,0.0,40.819628004101105,frame_fifo_full,,,,,,,,,,,,,,,,,,,,,,,,,,,,,,,,,,,,,,,,,,,,,,,,,,,,,,,,
rsg_object_detection,frame_trace,535,rsg_20260806_40_704880000_000535,sent_to_hydra,,,,,,,,,,,520.4793919983786,ok,9.910729990224354,493.79396700533107,15.93456300906837,0.1625279983272776,15.772035010741092,0.0017279962776228786,1.0115240002050996,0.17555299564264715,333.14912900095806,12.831797997932881,0.006560003384947777,346.16303999791853,83.61657700152136,14.51615798578132,4.523956042248756,44.199834010214545,19.818355998722836,28.187958989292383,5.785078988992609,0.5904369900235906,1.4062770351301879,2.1678170014638454,0.4776659916387871,0.0050240050768479705,122.25305999163538,8.767428997089155,0.1660169946262613,15.38118498865515,0.051712035201489925,5.866520994459279,5.365557997720316,0.08508800237905234,0.4158749943599105,3.3490700006950647,0.690531000145711,0.004607994924299419,0.838403997477144,6,0,6,0,0,,,,,,,,,,,,,,
rsg_object_detection,dropped_oldest,543,rsg_20260806_41_304879999_000543,dropped,True,fifo_cached_frame,526,60,0,464,60,0,1,0.0,40.59188300743699,frame_fifo_full,,,,,,,,,,,,,,,,,,,,,,,,,,,,,,,,,,,,,,,,,,,,,,,,,,,,,,,,
rsg_object_detection,dropped_oldest,544,rsg_20260806_41_354880000_000544,dropped,True,fifo_cached_frame,527,60,0,465,60,0,1,0.0,52.70063799980562,frame_fifo_full,,,,,,,,,,,,,,,,,,,,,,,,,,,,,,,,,,,,,,,,,,,,,,,,,,,,,,,,
rsg_object_detection,dropped_oldest,545,rsg_20260806_41_404879999_000545,dropped,True,fifo_cached_frame,528,60,0,466,60,0,1,0.0,52.891390994773246,frame_fifo_full,,,,,,,,,,,,,,,,,,,,,,,,,,,,,,,,,,,,,,,,,,,,,,,,,,,,,,,,
rsg_object_detection,dropped_oldest,546,rsg_20260806_41_454880000_000546,dropped,True,fifo_cached_frame,529,60,0,467,60,0,1,0.0,48.359052001615055,frame_fifo_full,,,,,,,,,,,,,,,,,,,,,,,,,,,,,,,,,,,,,,,,,,,,,,,,,,,,,,,,
rsg_object_detection,dropped_oldest,547,rsg_20260806_41_504880000_000547,dropped,True,fifo_cached_frame,530,60,0,468,60,0,1,0.0,49.9729469884187,frame_fifo_full,,,,,,,,,,,,,,,,,,,,,,,,,,,,,,,,,,,,,,,,,,,,,,,,,,,,,,,,
rsg_object_detection,dropped_oldest,548,rsg_20260806_41_554879999_000548,dropped,True,fifo_cached_frame,531,60,0,469,60,0,1,0.0,96.78162500495091,frame_fifo_full,,,,,,,,,,,,,,,,,,,,,,,,,,,,,,,,,,,,,,,,,,,,,,,,,,,,,,,,
rsg_object_detection,dropped_oldest,549,rsg_20260806_41_654879999_000549,dropped,True,fifo_cached_frame,532,60,0,470,60,0,1,0.0,59.02469699503854,frame_fifo_full,,,,,,,,,,,,,,,,,,,,,,,,,,,,,,,,,,,,,,,,,,,,,,,,,,,,,,,,
rsg_object_detection,dropped_oldest,550,rsg_20260806_41_704880000_000550,dropped,True,fifo_cached_frame,533,60,0,471,60,0,1,0.0,80.6201489904197,frame_fifo_full,,,,,,,,,,,,,,,,,,,,,,,,,,,,,,,,,,,,,,,,,,,,,,,,,,,,,,,,
rsg_object_detection,frame_trace,542,rsg_20260806_41_204880000_000542,sent_to_hydra,,,,,,,,,,,669.9581889988622,ok,10.18596300855279,639.7724620037479,18.95825599785894,0.16979299834929407,18.788462999509647,0.001983993570320308,1.3970619911560789,0.22950500715523958,463.6465980001958,20.168500996078365,0.007360009476542473,484.05196401290596,96.03394201258197,15.404096004203893,4.655955999623984,53.38982600369491,21.982972990372218,33.189292007591575,2.8501589986262843,1.0024020302807912,0.2979199489345774,1.260581993847154,0.508769997395575,0.005759997293353081,135.16514700313564,5.565207000472583,0.17558499530423433,13.374393005506136,0.0431039952673018,5.778520004241727,5.154262005817145,0.09417600813321769,0.5300819902913645,3.526254993630573,0.8761320059420541,0.005056004738435149,1.0395239951321855,7,0,7,0,0,,,,,,,,,,,,,,
rsg_object_detection,dropped_oldest,553,rsg_20260806_41_904879999_000553,dropped,True,fifo_cached_frame,535,61,0,472,61,0,1,0.0,54.630119004286826,frame_fifo_full,,,,,,,,,,,,,,,,,,,,,,,,,,,,,,,,,,,,,,,,,,,,,,,,,,,,,,,,
rsg_object_detection,dropped_oldest,554,rsg_20260806_41_954880000_000554,dropped,True,fifo_cached_frame,536,61,0,473,61,0,1,0.0,41.84948898910079,frame_fifo_full,,,,,,,,,,,,,,,,,,,,,,,,,,,,,,,,,,,,,,,,,,,,,,,,,,,,,,,,
rsg_object_detection,dropped_oldest,555,rsg_20260806_42_004879999_000555,dropped,True,fifo_cached_frame,537,61,0,474,61,0,1,0.0,103.7388370023109,frame_fifo_full,,,,,,,,,,,,,,,,,,,,,,,,,,,,,,,,,,,,,,,,,,,,,,,,,,,,,,,,
rsg_object_detection,dropped_oldest,556,rsg_20260806_42_104880000_000556,dropped,True,fifo_cached_frame,538,61,0,475,61,0,1,0.0,97.66210599627811,frame_fifo_full,,,,,,,,,,,,,,,,,,,,,,,,,,,,,,,,,,,,,,,,,,,,,,,,,,,,,,,,
rsg_object_detection,dropped_oldest,557,rsg_20260806_42_204880000_000557,dropped,True,fifo_cached_frame,539,61,0,476,61,0,1,0.0,103.14036899944767,frame_fifo_full,,,,,,,,,,,,,,,,,,,,,,,,,,,,,,,,,,,,,,,,,,,,,,,,,,,,,,,,
rsg_object_detection,dropped_oldest,558,rsg_20260806_42_304879999_000558,dropped,True,fifo_cached_frame,540,61,0,477,61,0,1,0.0,50.442995998309925,frame_fifo_full,,,,,,,,,,,,,,,,,,,,,,,,,,,,,,,,,,,,,,,,,,,,,,,,,,,,,,,,
rsg_object_detection,dropped_oldest,559,rsg_20260806_42_354880000_000559,dropped,True,fifo_cached_frame,541,61,0,478,61,0,1,0.0,58.80389398953412,frame_fifo_full,,,,,,,,,,,,,,,,,,,,,,,,,,,,,,,,,,,,,,,,,,,,,,,,,,,,,,,,
rsg_object_detection,dropped_oldest,560,rsg_20260806_42_404879999_000560,dropped,True,fifo_cached_frame,542,61,0,479,61,0,1,0.0,38.10639900621027,frame_fifo_full,,,,,,,,,,,,,,,,,,,,,,,,,,,,,,,,,,,,,,,,,,,,,,,,,,,,,,,,
rsg_object_detection,frame_trace,551,rsg_20260806_41_754880000_000551,sent_to_hydra,,,,,,,,,,,752.2071940038586,ok,9.700073002022691,638.6149059981108,102.86737899878062,0.13910500274505466,102.72827399603557,0.003039996954612434,1.6641670081298798,0.38051400042604655,440.30495500192046,33.1888109940337,0.008096001693047583,473.88237599807326,105.20482504216488,35.99621701869182,9.9204889847897,26.91601699916646,31.667012997786514,34.761169998091646,3.1707340094726533,1.2175720185041428,0.314496923238039,1.2696699996013194,0.07027199899312109,0.004447996616363525,146.03082000394352,2.941579994512722,0.12998499732930213,13.923737991717644,0.04224000440444797,4.632755997590721,3.967985001509078,0.12697700003627688,0.5377939960453659,4.370321999886073,0.6920349987922236,0.004960005753673613,1.0217960079899058,8,0,8,0,0,,,,,,,,,,,,,,
rsg_object_detection,dropped_oldest,562,rsg_20260806_42_554879999_000562,dropped,True,fifo_cached_frame,544,62,0,480,62,0,1,0.0,42.724371000076644,frame_fifo_full,,,,,,,,,,,,,,,,,,,,,,,,,,,,,,,,,,,,,,,,,,,,,,,,,,,,,,,,
rsg_object_detection,dropped_oldest,563,rsg_20260806_42_604880000_000563,dropped,True,fifo_cached_frame,545,62,0,481,62,0,1,0.0,49.23591800616123,frame_fifo_full,,,,,,,,,,,,,,,,,,,,,,,,,,,,,,,,,,,,,,,,,,,,,,,,,,,,,,,,
rsg_object_detection,dropped_oldest,564,rsg_20260806_42_654879999_000564,dropped,True,fifo_cached_frame,546,62,0,482,62,0,1,0.0,100.75795800366905,frame_fifo_full,,,,,,,,,,,,,,,,,,,,,,,,,,,,,,,,,,,,,,,,,,,,,,,,,,,,,,,,
rsg_object_detection,dropped_oldest,565,rsg_20260806_42_754880000_000565,dropped,True,fifo_cached_frame,547,62,0,483,62,0,1,0.0,52.033818006748334,frame_fifo_full,,,,,,,,,,,,,,,,,,,,,,,,,,,,,,,,,,,,,,,,,,,,,,,,,,,,,,,,
rsg_object_detection,dropped_oldest,566,rsg_20260806_42_804879999_000566,dropped,True,fifo_cached_frame,548,62,0,484,62,0,1,0.0,49.52571200556122,frame_fifo_full,,,,,,,,,,,,,,,,,,,,,,,,,,,,,,,,,,,,,,,,,,,,,,,,,,,,,,,,
rsg_object_detection,dropped_oldest,567,rsg_20260806_42_854880000_000567,dropped,True,fifo_cached_frame,549,62,0,485,62,0,1,0.0,50.022000999888405,frame_fifo_full,,,,,,,,,,,,,,,,,,,,,,,,,,,,,,,,,,,,,,,,,,,,,,,,,,,,,,,,
rsg_object_detection,dropped_oldest,568,rsg_20260806_42_904879999_000568,dropped,True,fifo_cached_frame,550,62,0,486,62,0,1,0.0,117.78164601128083,frame_fifo_full,,,,,,,,,,,,,,,,,,,,,,,,,,,,,,,,,,,,,,,,,,,,,,,,,,,,,,,,
rsg_object_detection,dropped_oldest,569,rsg_20260806_43_004879999_000569,dropped,True,fifo_cached_frame,551,62,0,487,62,0,1,0.0,42.22280099929776,frame_fifo_full,,,,,,,,,,,,,,,,,,,,,,,,,,,,,,,,,,,,,,,,,,,,,,,,,,,,,,,,
rsg_object_detection,dropped_oldest,570,rsg_20260806_43_054879999_000570,dropped,True,fifo_cached_frame,552,62,0,488,62,0,1,0.0,50.18008100159932,frame_fifo_full,,,,,,,,,,,,,,,,,,,,,,,,,,,,,,,,,,,,,,,,,,,,,,,,,,,,,,,,
rsg_object_detection,frame_trace,561,rsg_20260806_42_454880000_000561,sent_to_hydra,,,,,,,,,,,671.4435169997159,ok,13.496952000423335,553.4456150053302,103.4214899991639,0.141632990562357,103.27985700860154,0.002048007445409894,6.253273997572251,0.17689699598122388,330.83181899564806,23.806276003597304,0.007520007784478366,354.82251200301107,116.41296795278322,18.361837006523274,5.731383978854865,53.65769698983058,38.04051199404057,45.59542299830355,5.6715749960858375,1.6274940280709416,0.4382750194054097,1.435814003343694,0.08547199831809849,0.005312002031132579,171.29079699225258,3.2126540027093142,0.1782400067895651,17.646345993853174,0.04179200914222747,8.729763998417184,8.085057997959666,0.09852800576481968,0.5461779946926981,4.0680810052435845,0.6942430045455694,0.004863992216996849,1.0774119873531163,8,0,8,0,0,,,,,,,,,,,,,,
rsg_object_detection,dropped_oldest,572,rsg_20260806_43_254880000_000572,dropped,True,fifo_cached_frame,554,63,0,489,63,0,1,0.0,57.996593008283526,frame_fifo_full,,,,,,,,,,,,,,,,,,,,,,,,,,,,,,,,,,,,,,,,,,,,,,,,,,,,,,,,
rsg_object_detection,dropped_oldest,573,rsg_20260806_43_304879999_000573,dropped,True,fifo_cached_frame,555,63,0,490,63,0,1,0.0,41.222027997719124,frame_fifo_full,,,,,,,,,,,,,,,,,,,,,,,,,,,,,,,,,,,,,,,,,,,,,,,,,,,,,,,,
rsg_object_detection,dropped_oldest,574,rsg_20260806_43_354880000_000574,dropped,True,fifo_cached_frame,556,63,0,491,63,0,1,0.0,50.874804001068696,frame_fifo_full,,,,,,,,,,,,,,,,,,,,,,,,,,,,,,,,,,,,,,,,,,,,,,,,,,,,,,,,
rsg_object_detection,dropped_oldest,575,rsg_20260806_43_404879999_000575,dropped,True,fifo_cached_frame,557,63,0,492,63,0,1,0.0,48.153511990676634,frame_fifo_full,,,,,,,,,,,,,,,,,,,,,,,,,,,,,,,,,,,,,,,,,,,,,,,,,,,,,,,,
rsg_object_detection,dropped_oldest,576,rsg_20260806_43_454880000_000576,dropped,True,fifo_cached_frame,558,63,0,493,63,0,1,0.0,82.5642150011845,frame_fifo_full,,,,,,,,,,,,,,,,,,,,,,,,,,,,,,,,,,,,,,,,,,,,,,,,,,,,,,,,
rsg_object_detection,dropped_oldest,577,rsg_20260806_43_504880000_000577,dropped,True,fifo_cached_frame,559,63,0,494,63,0,1,0.0,28.655511006945744,frame_fifo_full,,,,,,,,,,,,,,,,,,,,,,,,,,,,,,,,,,,,,,,,,,,,,,,,,,,,,,,,
rsg_object_detection,frame_trace,571,rsg_20260806_43_104880000_000571,sent_to_hydra,,,,,,,,,,,516.524135004147,ok,9.273158997530118,485.6530289980583,20.68523899652064,0.14592100342269987,20.53931799309794,0.0024320033844560385,1.1982129944954067,0.1820170000428334,332.4751439940883,16.371748002711684,0.007263995939865708,349.03617299278267,82.60322402929887,16.78551101940684,4.355376018793322,42.67694700683933,18.12516497739125,27.559731010114774,3.187182024703361,0.8047069859458134,0.29785594961140305,1.6023749922169372,0.33312098821625113,0.004159999662078917,116.4080680027837,6.114778007031418,0.14326399832498282,12.70821300568059,0.04431999695952982,4.99771699833218,4.465170000912622,0.07795299461577088,0.4545940028037876,3.5387989919399843,0.7313950045499951,0.0052480027079582214,0.9102760086534545,7,0,7,0,0,,,,,,,,,,,,,,
rsg_object_detection,dropped_oldest,579,rsg_20260806_43_654879999_000579,dropped,True,fifo_cached_frame,561,64,0,495,64,0,1,0.0,40.192935994127765,frame_fifo_full,,,,,,,,,,,,,,,,,,,,,,,,,,,,,,,,,,,,,,,,,,,,,,,,,,,,,,,,
rsg_object_detection,dropped_oldest,580,rsg_20260806_43_704880000_000580,dropped,True,fifo_cached_frame,562,64,0,496,64,0,1,0.0,50.33710600400809,frame_fifo_full,,,,,,,,,,,,,,,,,,,,,,,,,,,,,,,,,,,,,,,,,,,,,,,,,,,,,,,,
rsg_object_detection,dropped_oldest,581,rsg_20260806_43_754880000_000581,dropped,True,fifo_cached_frame,563,64,0,497,64,0,1,0.0,59.36965500586666,frame_fifo_full,,,,,,,,,,,,,,,,,,,,,,,,,,,,,,,,,,,,,,,,,,,,,,,,,,,,,,,,
rsg_object_detection,dropped_oldest,582,rsg_20260806_43_804879999_000582,dropped,True,fifo_cached_frame,564,64,0,498,64,0,1,0.0,40.59975300333463,frame_fifo_full,,,,,,,,,,,,,,,,,,,,,,,,,,,,,,,,,,,,,,,,,,,,,,,,,,,,,,,,
rsg_object_detection,dropped_oldest,583,rsg_20260806_43_854880000_000583,dropped,True,fifo_cached_frame,565,64,0,499,64,0,1,0.0,50.353137994534336,frame_fifo_full,,,,,,,,,,,,,,,,,,,,,,,,,,,,,,,,,,,,,,,,,,,,,,,,,,,,,,,,
rsg_object_detection,dropped_oldest,584,rsg_20260806_43_904879999_000584,dropped,True,fifo_cached_frame,566,64,0,500,64,0,1,0.0,104.24712199892383,frame_fifo_full,,,,,,,,,,,,,,,,,,,,,,,,,,,,,,,,,,,,,,,,,,,,,,,,,,,,,,,,
rsg_object_detection,dropped_oldest,585,rsg_20260806_44_004879999_000585,dropped,True,fifo_cached_frame,567,64,0,501,64,0,1,0.0,135.76577900676057,frame_fifo_full,,,,,,,,,,,,,,,,,,,,,,,,,,,,,,,,,,,,,,,,,,,,,,,,,,,,,,,,
rsg_object_detection,dropped_oldest,586,rsg_20260806_44_104880000_000586,dropped,True,fifo_cached_frame,568,64,0,502,64,0,1,0.0,19.29595199180767,frame_fifo_full,,,,,,,,,,,,,,,,,,,,,,,,,,,,,,,,,,,,,,,,,,,,,,,,,,,,,,,,
rsg_object_detection,frame_trace,578,rsg_20260806_43_554879999_000578,sent_to_hydra,,,,,,,,,,,627.7262250077911,ok,8.816677000140771,543.7986759934574,74.19822800147813,0.1847360108513385,74.01349199062679,0.0024320033844560385,1.0320039873477072,0.3824339946731925,385.77581399295013,22.208891998161562,0.0088640081230551,408.37600399390794,69.11187000514474,14.799614014918916,4.081040984601714,34.08103699621279,15.65545801713597,38.53974300727714,7.877922020270489,0.9153950231848285,0.35900893271900713,1.2814130022889003,0.08812900341581553,0.004672008799389005,118.19447300513275,2.4894180096453056,0.12448099732864648,13.544120010919869,0.038175989175215364,4.411985995830037,3.845071987598203,0.08896000508684665,0.4779540031449869,3.767279995372519,0.6317789957392961,0.005632013198919594,0.9102120093302801,7,0,7,0,0,,,,,,,,,,,,,,
rsg_object_detection,dropped_oldest,588,rsg_20260806_44_204880000_000588,dropped,True,fifo_cached_frame,570,65,0,503,65,0,1,0.0,107.42361200391315,frame_fifo_full,,,,,,,,,,,,,,,,,,,,,,,,,,,,,,,,,,,,,,,,,,,,,,,,,,,,,,,,
rsg_object_detection,dropped_oldest,589,rsg_20260806_44_304879999_000589,dropped,True,fifo_cached_frame,571,65,0,504,65,0,1,0.0,38.970592999248765,frame_fifo_full,,,,,,,,,,,,,,,,,,,,,,,,,,,,,,,,,,,,,,,,,,,,,,,,,,,,,,,,
rsg_object_detection,dropped_oldest,590,rsg_20260806_44_354880000_000590,dropped,True,fifo_cached_frame,572,65,0,505,65,0,1,0.0,153.07643999403808,frame_fifo_full,,,,,,,,,,,,,,,,,,,,,,,,,,,,,,,,,,,,,,,,,,,,,,,,,,,,,,,,
rsg_object_detection,dropped_oldest,591,rsg_20260806_44_504880000_000591,dropped,True,fifo_cached_frame,573,65,0,506,65,0,1,0.0,49.93553399981465,frame_fifo_full,,,,,,,,,,,,,,,,,,,,,,,,,,,,,,,,,,,,,,,,,,,,,,,,,,,,,,,,
rsg_object_detection,dropped_oldest,592,rsg_20260806_44_554879999_000592,dropped,True,fifo_cached_frame,574,65,0,507,65,0,1,0.0,61.803327000234276,frame_fifo_full,,,,,,,,,,,,,,,,,,,,,,,,,,,,,,,,,,,,,,,,,,,,,,,,,,,,,,,,
rsg_object_detection,dropped_oldest,593,rsg_20260806_44_604880000_000593,dropped,True,fifo_cached_frame,575,65,0,508,65,0,1,0.0,101.25603400229011,frame_fifo_full,,,,,,,,,,,,,,,,,,,,,,,,,,,,,,,,,,,,,,,,,,,,,,,,,,,,,,,,
rsg_object_detection,frame_trace,587,rsg_20260806_44_154879999_000587,sent_to_hydra,,,,,,,,,,,567.7788580069318,ok,10.493579000467435,515.5383550008992,40.70730399689637,0.14496000949293375,40.56234398740344,0.0036479905247688293,4.537619010079652,0.16956900071818382,318.3427229960216,18.151882992242463,0.010912015568464994,336.67508700455073,95.70138799608685,19.34993804024998,5.181812986847945,38.12303698214237,32.24531801242847,35.03160100081004,3.704816961544566,1.3868520181858912,0.34563303051982075,1.5877830010140315,0.2854729973478243,0.004415996954776347,138.06425100483466,16.99379799538292,0.14710499090142548,19.075821997830644,0.04467299731913954,5.8674479951150715,5.368886006181128,0.09296101052314043,0.4056009784108028,3.5530390014173463,1.0667559981811792,0.006336005753837526,1.0359720181440935,8,0,8,0,0,,,,,,,,,,,,,,
rsg_object_detection,dropped_oldest,595,rsg_20260806_44_754880000_000595,dropped,True,fifo_cached_frame,577,66,0,509,66,0,1,0.0,39.7126439929707,frame_fifo_full,,,,,,,,,,,,,,,,,,,,,,,,,,,,,,,,,,,,,,,,,,,,,,,,,,,,,,,,
rsg_object_detection,dropped_oldest,596,rsg_20260806_44_804879999_000596,dropped,True,fifo_cached_frame,578,66,0,510,66,0,1,0.0,110.56858500523958,frame_fifo_full,,,,,,,,,,,,,,,,,,,,,,,,,,,,,,,,,,,,,,,,,,,,,,,,,,,,,,,,
rsg_object_detection,dropped_oldest,597,rsg_20260806_44_904879999_000597,dropped,True,fifo_cached_frame,579,66,0,511,66,0,1,0.0,92.62847900390625,frame_fifo_full,,,,,,,,,,,,,,,,,,,,,,,,,,,,,,,,,,,,,,,,,,,,,,,,,,,,,,,,
rsg_object_detection,dropped_oldest,598,rsg_20260806_45_004879999_000598,dropped,True,fifo_cached_frame,580,66,0,512,66,0,1,0.0,59.25672499870416,frame_fifo_full,,,,,,,,,,,,,,,,,,,,,,,,,,,,,,,,,,,,,,,,,,,,,,,,,,,,,,,,
rsg_object_detection,dropped_oldest,599,rsg_20260806_45_054879999_000599,dropped,True,fifo_cached_frame,581,66,0,513,66,0,1,0.0,40.83824800909497,frame_fifo_full,,,,,,,,,,,,,,,,,,,,,,,,,,,,,,,,,,,,,,,,,,,,,,,,,,,,,,,,
rsg_object_detection,frame_trace,594,rsg_20260806_44_704880000_000594,sent_to_hydra,,,,,,,,,,,547.1890390035696,ok,9.095653003896587,513.4236200101441,23.451425004168414,0.1418250030837953,23.30960000108462,0.0025280023692175746,1.22118899889756,0.23644899192731827,342.86701600649394,21.777082001790404,0.007839989848434925,364.8883869900601,73.67249400704168,16.317986010108143,4.2503539880272,34.129195992136374,18.353291001403704,47.08601700258441,3.423117013880983,0.8324209920829162,0.30188898381311446,1.3193010090617463,0.08448099833913147,0.0045439956011250615,126.73971999902278,2.7311470039421692,0.13561599189415574,17.667369000264443,0.040192026062868536,5.0473159935791045,4.426417988725007,0.09673599561210722,0.5241620092419907,3.375949992914684,0.6681629893137142,0.004224028089083731,1.2158129829913378,8,0,8,0,0,,,,,,,,,,,,,,
rsg_object_detection,dropped_oldest,601,rsg_20260806_45_154879999_000601,dropped,True,fifo_cached_frame,583,67,0,514,67,0,1,0.0,6.035640006302856,frame_fifo_full,,,,,,,,,,,,,,,,,,,,,,,,,,,,,,,,,,,,,,,,,,,,,,,,,,,,,,,,
rsg_object_detection,dropped_oldest,602,rsg_20260806_45_204880000_000602,dropped,True,fifo_cached_frame,584,67,0,515,67,0,1,0.0,6.222969008376822,frame_fifo_full,,,,,,,,,,,,,,,,,,,,,,,,,,,,,,,,,,,,,,,,,,,,,,,,,,,,,,,,
rsg_object_detection,dropped_oldest,603,rsg_20260806_45_304879999_000603,dropped,True,fifo_cached_frame,585,67,0,516,67,0,1,0.0,28.61823000421282,frame_fifo_full,,,,,,,,,,,,,,,,,,,,,,,,,,,,,,,,,,,,,,,,,,,,,,,,,,,,,,,,
rsg_object_detection,dropped_oldest,604,rsg_20260806_45_354880000_000604,dropped,True,fifo_cached_frame,586,67,0,517,67,0,1,0.0,152.26721699582413,frame_fifo_full,,,,,,,,,,,,,,,,,,,,,,,,,,,,,,,,,,,,,,,,,,,,,,,,,,,,,,,,
rsg_object_detection,dropped_oldest,605,rsg_20260806_45_504880000_000605,dropped,True,fifo_cached_frame,587,67,0,518,67,0,1,0.0,49.36570700374432,frame_fifo_full,,,,,,,,,,,,,,,,,,,,,,,,,,,,,,,,,,,,,,,,,,,,,,,,,,,,,,,,
rsg_object_detection,dropped_oldest,606,rsg_20260806_45_554879999_000606,dropped,True,fifo_cached_frame,588,67,0,519,67,0,1,0.0,49.33543399965856,frame_fifo_full,,,,,,,,,,,,,,,,,,,,,,,,,,,,,,,,,,,,,,,,,,,,,,,,,,,,,,,,
rsg_object_detection,dropped_oldest,607,rsg_20260806_45_604880000_000607,dropped,True,fifo_cached_frame,589,67,0,520,67,0,1,0.0,70.89693000307307,frame_fifo_full,,,,,,,,,,,,,,,,,,,,,,,,,,,,,,,,,,,,,,,,,,,,,,,,,,,,,,,,
rsg_object_detection,dropped_oldest,608,rsg_20260806_45_654879999_000608,dropped,True,fifo_cached_frame,590,67,0,521,67,0,1,0.0,37.85890698782168,frame_fifo_full,,,,,,,,,,,,,,,,,,,,,,,,,,,,,,,,,,,,,,,,,,,,,,,,,,,,,,,,
rsg_object_detection,dropped_oldest,609,rsg_20260806_45_704880000_000609,dropped,True,fifo_cached_frame,591,67,0,522,67,0,1,0.0,44.029045006027445,frame_fifo_full,,,,,,,,,,,,,,,,,,,,,,,,,,,,,,,,,,,,,,,,,,,,,,,,,,,,,,,,
rsg_object_detection,dropped_oldest,610,rsg_20260806_45_754880000_000610,dropped,True,fifo_cached_frame,592,67,0,523,67,0,1,0.0,66.12369600043166,frame_fifo_full,,,,,,,,,,,,,,,,,,,,,,,,,,,,,,,,,,,,,,,,,,,,,,,,,,,,,,,,
rsg_object_detection,dropped_oldest,611,rsg_20260806_45_804879999_000611,dropped,True,fifo_cached_frame,593,67,0,524,67,0,1,0.0,37.92863601120189,frame_fifo_full,,,,,,,,,,,,,,,,,,,,,,,,,,,,,,,,,,,,,,,,,,,,,,,,,,,,,,,,
rsg_object_detection,frame_trace,600,rsg_20260806_45_104880000_000600,sent_to_hydra,,,,,,,,,,,763.6482529924251,ok,12.378961997455917,580.6489749957109,169.58479200548027,0.3640020004240796,169.2207900050562,0.0019519939087331295,1.0363890032749623,0.18608001118991524,332.31477200752124,17.478055000538006,0.005664987838827074,349.984572007088,152.47742501378525,16.271298038191162,4.429843043908477,63.94256401108578,67.1069660311332,51.19221001223195,3.4251960169058293,0.6417309923563153,0.31097895407583565,1.4071740006329492,0.09548799425829202,0.004672008799389005,209.5731470035389,2.6491629978409037,0.13865700748283416,17.231398000149056,0.03564897633623332,7.90835201041773,7.2222379967570305,0.11596900003496557,0.5701450136257336,3.7107350071892142,0.755043001845479,0.0048319780034944415,1.0335719998693094,8,0,8,0,0,,,,,,,,,,,,,,
rsg_object_detection,dropped_oldest,613,rsg_20260806_45_904879999_000613,dropped,True,fifo_cached_frame,595,68,0,525,68,0,1,0.0,46.376701997360215,frame_fifo_full,,,,,,,,,,,,,,,,,,,,,,,,,,,,,,,,,,,,,,,,,,,,,,,,,,,,,,,,
rsg_object_detection,dropped_oldest,614,rsg_20260806_45_954880000_000614,dropped,True,fifo_cached_frame,596,68,0,526,68,0,1,0.0,50.045613999827765,frame_fifo_full,,,,,,,,,,,,,,,,,,,,,,,,,,,,,,,,,,,,,,,,,,,,,,,,,,,,,,,,
rsg_object_detection,dropped_oldest,615,rsg_20260806_46_004879999_000615,dropped,True,fifo_cached_frame,597,68,0,527,68,0,1,0.0,51.47937999572605,frame_fifo_full,,,,,,,,,,,,,,,,,,,,,,,,,,,,,,,,,,,,,,,,,,,,,,,,,,,,,,,,
rsg_object_detection,dropped_oldest,616,rsg_20260806_46_054879999_000616,dropped,True,fifo_cached_frame,598,68,0,528,68,0,1,0.0,50.01613999775145,frame_fifo_full,,,,,,,,,,,,,,,,,,,,,,,,,,,,,,,,,,,,,,,,,,,,,,,,,,,,,,,,
rsg_object_detection,dropped_oldest,617,rsg_20260806_46_104880000_000617,dropped,True,fifo_cached_frame,599,68,0,529,68,0,1,0.0,110.94659600348677,frame_fifo_full,,,,,,,,,,,,,,,,,,,,,,,,,,,,,,,,,,,,,,,,,,,,,,,,,,,,,,,,
rsg_object_detection,dropped_oldest,618,rsg_20260806_46_204880000_000618,dropped,True,fifo_cached_frame,600,68,0,530,68,0,1,0.0,92.11215100367554,frame_fifo_full,,,,,,,,,,,,,,,,,,,,,,,,,,,,,,,,,,,,,,,,,,,,,,,,,,,,,,,,
rsg_object_detection,dropped_oldest,619,rsg_20260806_46_254880000_000619,dropped,True,fifo_cached_frame,601,68,0,531,68,0,1,0.0,29.851065002731048,frame_fifo_full,,,,,,,,,,,,,,,,,,,,,,,,,,,,,,,,,,,,,,,,,,,,,,,,,,,,,,,,
rsg_object_detection,dropped_oldest,620,rsg_20260806_46_304879999_000620,dropped,True,fifo_cached_frame,602,68,0,532,68,0,1,0.0,15.538302992354147,frame_fifo_full,,,,,,,,,,,,,,,,,,,,,,,,,,,,,,,,,,,,,,,,,,,,,,,,,,,,,,,,
rsg_object_detection,,426,rsg_20260806_34_304879999_000426,vlm_failed,,,,,,,,,,,,"{""label"":""unknown_object"",""label_confidence"":0.0,""mobility_class"":""unknown"",""mobility_confidence"":0.0}",,,,,,,,,,,,,,,,,,,,,,,,,,,,,,,,,,,,,,,,,,,rsg_obj_000029,rsg_unknown_rsg_20260806_34_304879999_000426_005_nanosam_004,,,5,0.7073103621058817,unknown_object,0.0,unknown,0.0,8550.347337994026,8647.096045999206,qwen_http,Qwen3-VL-8B-Instruct-GGUF
rsg_object_detection,completed,426,rsg_20260806_34_304879999_000426,,,,,,,,,,,96.74672399705742,,vlm_failed,,,,,,,,,,,,,,,,,,,,,,,,,,,,,,,,,,,,,,,,,,,rsg_obj_000029,rsg_unknown_rsg_20260806_34_304879999_000426_005_nanosam_004,8,300,5,0.7073103621058817,,,,,,,,
rsg_object_detection,frame_trace,612,rsg_20260806_45_854880000_000612,sent_to_hydra,,,,,,,,,,,538.2399259979138,ok,11.0501250019297,507.0638950128341,19.19572699989658,0.13881700579077005,19.05690999410581,0.0020800071069970727,0.9462760062888265,0.18256100884173065,330.16368599783164,21.258774999296293,0.007487993570975959,351.61250999954063,79.77270899573341,14.444924017880112,4.25064102455508,39.24182201444637,21.316792990546674,49.28448899590876,4.114864976145327,0.5418259825091809,0.2800960501190275,1.027973004966043,0.3845769970212132,0.0040000013541430235,135.42602300003637,5.043445009505376,0.12454400712158531,13.87276100285817,0.03833598748315126,5.100820999359712,4.5056500093778595,0.09299200610257685,0.5021789838792756,5.273269998724572,0.6707540014758706,0.0052800023695454,0.9280989761464298,7,0,6,0,0,,,,,,,,,,,,,,
rsg_object_detection,dequeued,393,rsg_20260806_32_404879999_000393,,,,,,,,,,,8249.937643995509,,fifo_order,,,,,,,,,,,,,,,,,,,,,,,,,,,,,,,,,,,,,,,,,,,rsg_obj_000034,rsg_unknown_rsg_20260806_32_404879999_000393_006_nanosam_008,7,300,1,0.6089296901873422,,,,,,,,
rsg_object_detection,dropped_oldest,622,rsg_20260806_46_404879999_000622,dropped,True,fifo_cached_frame,604,69,0,533,69,0,1,0.0,97.75982199062128,frame_fifo_full,,,,,,,,,,,,,,,,,,,,,,,,,,,,,,,,,,,,,,,,,,,,,,,,,,,,,,,,
rsg_object_detection,dropped_oldest,623,rsg_20260806_46_504880000_000623,dropped,True,fifo_cached_frame,605,69,0,534,69,0,1,0.0,45.68988201208413,frame_fifo_full,,,,,,,,,,,,,,,,,,,,,,,,,,,,,,,,,,,,,,,,,,,,,,,,,,,,,,,,
rsg_object_detection,dropped_oldest,624,rsg_20260806_46_554879999_000624,dropped,True,fifo_cached_frame,606,69,0,535,69,0,1,0.0,50.12167600216344,frame_fifo_full,,,,,,,,,,,,,,,,,,,,,,,,,,,,,,,,,,,,,,,,,,,,,,,,,,,,,,,,
rsg_object_detection,dropped_oldest,625,rsg_20260806_46_604880000_000625,dropped,True,fifo_cached_frame,607,69,0,536,69,0,1,0.0,49.723019008524716,frame_fifo_full,,,,,,,,,,,,,,,,,,,,,,,,,,,,,,,,,,,,,,,,,,,,,,,,,,,,,,,,
rsg_object_detection,dropped_oldest,626,rsg_20260806_46_654879999_000626,dropped,True,fifo_cached_frame,608,69,0,537,69,0,1,0.0,49.79085800005123,frame_fifo_full,,,,,,,,,,,,,,,,,,,,,,,,,,,,,,,,,,,,,,,,,,,,,,,,,,,,,,,,
rsg_object_detection,dropped_oldest,627,rsg_20260806_46_704880000_000627,dropped,True,fifo_cached_frame,609,69,0,538,69,0,1,0.0,97.21783599525224,frame_fifo_full,,,,,,,,,,,,,,,,,,,,,,,,,,,,,,,,,,,,,,,,,,,,,,,,,,,,,,,,
rsg_object_detection,frame_trace,621,rsg_20260806_46_354880000_000621,sent_to_hydra,,,,,,,,,,,494.2391009972198,ok,10.92865300597623,427.1082670020405,55.13315199641511,0.13295999087858945,55.00019200553652,0.004928006092086434,5.754070996772498,0.2524170122342184,253.94458600203507,15.760255992063321,0.007872004061937332,269.96513101039454,87.20393896510359,25.1874300010968,5.7133690133923665,31.677056016633287,23.849281016737223,38.359004000085406,2.983341008075513,0.7545939733972773,0.30038606200832874,1.2229809944983572,0.10409699461888522,0.0055679993238300085,130.95093399169855,5.882327997824177,0.15091199020389467,14.36357900092844,0.04131201421841979,5.577847012318671,4.843091999646276,0.12086500646546483,0.6138900062069297,4.712114998255856,0.6333790079224855,0.0053119874792173505,1.0641009866958484,8,0,7,0,0,,,,,,,,,,,,,,
rsg_object_detection,dropped_oldest,629,rsg_20260806_46_854880000_000629,dropped,True,fifo_cached_frame,611,70,0,539,70,0,1,0.0,90.96664299431723,frame_fifo_full,,,,,,,,,,,,,,,,,,,,,,,,,,,,,,,,,,,,,,,,,,,,,,,,,,,,,,,,
rsg_object_detection,dropped_oldest,630,rsg_20260806_46_954880000_000630,dropped,True,fifo_cached_frame,612,70,0,540,70,0,1,0.0,104.75556300661992,frame_fifo_full,,,,,,,,,,,,,,,,,,,,,,,,,,,,,,,,,,,,,,,,,,,,,,,,,,,,,,,,
rsg_object_detection,dropped_oldest,631,rsg_20260806_47_054879999_000631,dropped,True,fifo_cached_frame,613,70,0,541,70,0,1,0.0,49.08848700870294,frame_fifo_full,,,,,,,,,,,,,,,,,,,,,,,,,,,,,,,,,,,,,,,,,,,,,,,,,,,,,,,,
rsg_object_detection,dropped_oldest,632,rsg_20260806_47_104880000_000632,dropped,True,fifo_cached_frame,614,70,0,542,70,0,1,0.0,49.33642399555538,frame_fifo_full,,,,,,,,,,,,,,,,,,,,,,,,,,,,,,,,,,,,,,,,,,,,,,,,,,,,,,,,
rsg_object_detection,dropped_oldest,633,rsg_20260806_47_154879999_000633,dropped,True,fifo_cached_frame,615,70,0,543,70,0,1,0.0,48.208674998022616,frame_fifo_full,,,,,,,,,,,,,,,,,,,,,,,,,,,,,,,,,,,,,,,,,,,,,,,,,,,,,,,,
rsg_object_detection,dropped_oldest,634,rsg_20260806_47_204880000_000634,dropped,True,fifo_cached_frame,616,70,0,544,70,0,1,0.0,116.89036000461783,frame_fifo_full,,,,,,,,,,,,,,,,,,,,,,,,,,,,,,,,,,,,,,,,,,,,,,,,,,,,,,,,
rsg_object_detection,dropped_oldest,635,rsg_20260806_47_304879999_000635,dropped,True,fifo_cached_frame,617,70,0,545,70,0,1,0.0,35.36996700859163,frame_fifo_full,,,,,,,,,,,,,,,,,,,,,,,,,,,,,,,,,,,,,,,,,,,,,,,,,,,,,,,,
rsg_object_detection,frame_trace,628,rsg_20260806_46_804879999_000628,sent_to_hydra,,,,,,,,,,,592.3423070053104,ok,10.24913000583183,523.5048100003041,57.4026340036653,0.16172899631783366,57.240905007347465,0.0040000013541430235,5.317140996339731,0.20921700343023986,313.18939999619033,20.10395299294032,0.006624002708122134,333.509193995269,99.56254597636871,18.87572300620377,10.978474994772114,44.895477971294895,24.118721994454972,42.48126001039054,17.70813498296775,1.0052510187961161,0.37670801975764334,1.3454449945129454,0.5688989913323894,0.0061119935708120465,163.0716040090192,4.88264299929142,0.11894499766640365,16.56608300982043,0.03919999289792031,4.485843004658818,3.927311990992166,0.09049600339494646,0.4680350102717057,3.6046859895577654,2.1526810014620423,0.005920010153204203,1.181732994155027,8,0,8,0,0,,,,,,,,,,,,,,
rsg_object_detection,dropped_oldest,637,rsg_20260806_47_454880000_000637,dropped,True,fifo_cached_frame,619,71,0,546,71,0,1,0.0,49.27853599656373,frame_fifo_full,,,,,,,,,,,,,,,,,,,,,,,,,,,,,,,,,,,,,,,,,,,,,,,,,,,,,,,,
rsg_object_detection,dropped_oldest,638,rsg_20260806_47_504880000_000638,dropped,True,fifo_cached_frame,620,71,0,547,71,0,1,0.0,50.583852993440814,frame_fifo_full,,,,,,,,,,,,,,,,,,,,,,,,,,,,,,,,,,,,,,,,,,,,,,,,,,,,,,,,
rsg_object_detection,dropped_oldest,639,rsg_20260806_47_554879999_000639,dropped,True,fifo_cached_frame,621,71,0,548,71,0,1,0.0,52.363794995471835,frame_fifo_full,,,,,,,,,,,,,,,,,,,,,,,,,,,,,,,,,,,,,,,,,,,,,,,,,,,,,,,,
rsg_object_detection,dropped_oldest,640,rsg_20260806_47_604880000_000640,dropped,True,fifo_cached_frame,622,71,0,549,71,0,1,0.0,100.29672500968445,frame_fifo_full,,,,,,,,,,,,,,,,,,,,,,,,,,,,,,,,,,,,,,,,,,,,,,,,,,,,,,,,
rsg_object_detection,dropped_oldest,641,rsg_20260806_47_704880000_000641,dropped,True,fifo_cached_frame,623,71,0,550,71,0,1,0.0,47.13475100288633,frame_fifo_full,,,,,,,,,,,,,,,,,,,,,,,,,,,,,,,,,,,,,,,,,,,,,,,,,,,,,,,,
rsg_object_detection,dropped_oldest,642,rsg_20260806_47_754880000_000642,dropped,True,fifo_cached_frame,624,71,0,551,71,0,1,0.0,50.16890699334908,frame_fifo_full,,,,,,,,,,,,,,,,,,,,,,,,,,,,,,,,,,,,,,,,,,,,,,,,,,,,,,,,
rsg_object_detection,frame_trace,636,rsg_20260806_47_354880000_000636,sent_to_hydra,,,,,,,,,,,607.7012080058921,ok,9.784359004697762,547.1036829985678,49.90525700850412,0.14108800678513944,49.76416900171898,0.0021439918782562017,1.9079750054515898,0.26755299768410623,390.0833369989414,21.126261999597773,0.006943999323993921,411.48409599554725,76.34434096689802,16.84547695913352,4.99720401421655,31.860064016655087,21.898905994021334,28.518899009213783,5.578133976086974,1.0056370228994638,0.44812902342528105,1.6010309918783605,0.11347199324518442,0.006367990863509476,113.63386700395495,3.0108600039966404,0.1982730027521029,16.82160400378052,0.04700798308476806,5.396918000769801,4.812756000319496,0.09411299834027886,0.4900490021100268,3.7381589936558157,0.6448979984270409,0.004384011845104396,0.9057650022441521,7,0,7,0,0,,,,,,,,,,,,,,
rsg_object_detection,dropped_oldest,644,rsg_20260806_47_854880000_000644,dropped,True,fifo_cached_frame,626,72,0,552,72,0,1,0.0,4.415218005306087,frame_fifo_full,,,,,,,,,,,,,,,,,,,,,,,,,,,,,,,,,,,,,,,,,,,,,,,,,,,,,,,,
rsg_object_detection,dropped_oldest,645,rsg_20260806_47_904879999_000645,dropped,True,fifo_cached_frame,627,72,0,553,72,0,1,0.0,3.211372997611761,frame_fifo_full,,,,,,,,,,,,,,,,,,,,,,,,,,,,,,,,,,,,,,,,,,,,,,,,,,,,,,,,
rsg_object_detection,dropped_oldest,646,rsg_20260806_47_954880000_000646,dropped,True,fifo_cached_frame,628,72,0,554,72,0,1,0.0,21.619095001369715,frame_fifo_full,,,,,,,,,,,,,,,,,,,,,,,,,,,,,,,,,,,,,,,,,,,,,,,,,,,,,,,,
rsg_object_detection,dropped_oldest,647,rsg_20260806_48_004879999_000647,dropped,True,fifo_cached_frame,629,72,0,555,72,0,1,0.0,49.10598999413196,frame_fifo_full,,,,,,,,,,,,,,,,,,,,,,,,,,,,,,,,,,,,,,,,,,,,,,,,,,,,,,,,
rsg_object_detection,dropped_oldest,648,rsg_20260806_48_054879999_000648,dropped,True,fifo_cached_frame,630,72,0,556,72,0,1,0.0,56.49024300510064,frame_fifo_full,,,,,,,,,,,,,,,,,,,,,,,,,,,,,,,,,,,,,,,,,,,,,,,,,,,,,,,,
rsg_object_detection,dropped_oldest,649,rsg_20260806_48_104880000_000649,dropped,True,fifo_cached_frame,631,72,0,557,72,0,1,0.0,41.8551120092161,frame_fifo_full,,,,,,,,,,,,,,,,,,,,,,,,,,,,,,,,,,,,,,,,,,,,,,,,,,,,,,,,
rsg_object_detection,dropped_oldest,650,rsg_20260806_48_154879999_000650,dropped,True,fifo_cached_frame,632,72,0,558,72,0,1,0.0,54.02978499478195,frame_fifo_full,,,,,,,,,,,,,,,,,,,,,,,,,,,,,,,,,,,,,,,,,,,,,,,,,,,,,,,,
rsg_object_detection,dropped_oldest,651,rsg_20260806_48_204880000_000651,dropped,True,fifo_cached_frame,633,72,0,559,72,0,1,0.0,48.83315600454807,frame_fifo_full,,,,,,,,,,,,,,,,,,,,,,,,,,,,,,,,,,,,,,,,,,,,,,,,,,,,,,,,
rsg_object_detection,dropped_oldest,652,rsg_20260806_48_254880000_000652,dropped,True,fifo_cached_frame,634,72,0,560,72,0,1,0.0,53.34555800072849,frame_fifo_full,,,,,,,,,,,,,,,,,,,,,,,,,,,,,,,,,,,,,,,,,,,,,,,,,,,,,,,,
rsg_object_detection,dropped_oldest,653,rsg_20260806_48_304879999_000653,dropped,True,fifo_cached_frame,635,72,0,561,72,0,1,0.0,57.94404099287931,frame_fifo_full,,,,,,,,,,,,,,,,,,,,,,,,,,,,,,,,,,,,,,,,,,,,,,,,,,,,,,,,
rsg_object_detection,dropped_oldest,654,rsg_20260806_48_354880000_000654,dropped,True,fifo_cached_frame,636,72,0,562,72,0,1,0.0,74.55230000778101,frame_fifo_full,,,,,,,,,,,,,,,,,,,,,,,,,,,,,,,,,,,,,,,,,,,,,,,,,,,,,,,,
rsg_object_detection,dropped_oldest,655,rsg_20260806_48_404879999_000655,dropped,True,fifo_cached_frame,637,72,0,563,72,0,1,0.0,26.261738006724045,frame_fifo_full,,,,,,,,,,,,,,,,,,,,,,,,,,,,,,,,,,,,,,,,,,,,,,,,,,,,,,,,
rsg_object_detection,dropped_oldest,656,rsg_20260806_48_454880000_000656,dropped,True,fifo_cached_frame,638,72,0,564,72,0,1,0.0,110.51093999412842,frame_fifo_full,,,,,,,,,,,,,,,,,,,,,,,,,,,,,,,,,,,,,,,,,,,,,,,,,,,,,,,,
rsg_object_detection,dropped_oldest,657,rsg_20260806_48_554879999_000657,dropped,True,fifo_cached_frame,639,72,0,565,72,0,1,0.0,32.33929800626356,frame_fifo_full,,,,,,,,,,,,,,,,,,,,,,,,,,,,,,,,,,,,,,,,,,,,,,,,,,,,,,,,
rsg_object_detection,frame_trace,643,rsg_20260806_47_804879999_000643,sent_to_hydra,,,,,,,,,,,818.0646979890298,ok,10.15712899970822,637.3139520001132,169.51044499001,0.16038399189710617,169.3500609981129,0.0023679895093664527,8.49667500006035,2.905899003962986,388.6012099974323,15.68713499000296,0.008064002031460404,407.2023079934297,142.12690699787345,17.948649008758366,32.19869203167036,72.27340900863055,18.94705199811142,40.16736100311391,5.381591006880626,5.1701299962587655,0.46787499741185457,1.7229829973075539,0.5080659902887419,0.005312002031132579,195.57028901181184,5.029460007790476,0.14729599934071302,20.82347600662615,0.044447981053963304,5.926231999183074,5.393876999733038,0.0916800054255873,0.4406749940244481,3.4636299969861284,0.7619550015078858,0.005312002031132579,1.0808040096890181,8,0,8,0,0,,,,,,,,,,,,,,
rsg_object_detection,dropped_oldest,659,rsg_20260806_48_654879999_000659,dropped,True,fifo_cached_frame,641,73,0,566,73,0,1,0.0,48.308609999367036,frame_fifo_full,,,,,,,,,,,,,,,,,,,,,,,,,,,,,,,,,,,,,,,,,,,,,,,,,,,,,,,,
rsg_object_detection,dropped_oldest,660,rsg_20260806_48_704880000_000660,dropped,True,fifo_cached_frame,642,73,0,567,73,0,1,0.0,97.5094790046569,frame_fifo_full,,,,,,,,,,,,,,,,,,,,,,,,,,,,,,,,,,,,,,,,,,,,,,,,,,,,,,,,
rsg_object_detection,dropped_oldest,661,rsg_20260806_48_804879999_000661,dropped,True,fifo_cached_frame,643,73,0,568,73,0,1,0.0,123.99451300734654,frame_fifo_full,,,,,,,,,,,,,,,,,,,,,,,,,,,,,,,,,,,,,,,,,,,,,,,,,,,,,,,,
rsg_object_detection,dropped_oldest,662,rsg_20260806_48_904879999_000662,dropped,True,fifo_cached_frame,644,73,0,569,73,0,1,0.0,29.351318007684313,frame_fifo_full,,,,,,,,,,,,,,,,,,,,,,,,,,,,,,,,,,,,,,,,,,,,,,,,,,,,,,,,
rsg_object_detection,dropped_oldest,663,rsg_20260806_48_954880000_000663,dropped,True,fifo_cached_frame,645,73,0,570,73,0,1,0.0,55.92764899483882,frame_fifo_full,,,,,,,,,,,,,,,,,,,,,,,,,,,,,,,,,,,,,,,,,,,,,,,,,,,,,,,,
rsg_object_detection,dropped_oldest,664,rsg_20260806_49_004879999_000664,dropped,True,fifo_cached_frame,646,73,0,571,73,0,1,0.0,41.462375011178665,frame_fifo_full,,,,,,,,,,,,,,,,,,,,,,,,,,,,,,,,,,,,,,,,,,,,,,,,,,,,,,,,
rsg_object_detection,dropped_oldest,665,rsg_20260806_49_054879999_000665,dropped,True,fifo_cached_frame,647,73,0,572,73,0,1,0.0,63.20556400169153,frame_fifo_full,,,,,,,,,,,,,,,,,,,,,,,,,,,,,,,,,,,,,,,,,,,,,,,,,,,,,,,,
rsg_object_detection,frame_trace,658,rsg_20260806_48_604880000_000658,sent_to_hydra,,,,,,,,,,,633.860169997206,ok,12.289136997424066,597.7447610057425,22.339192990330048,0.16991999291349202,22.169272997416556,0.004576009814627469,1.005539990728721,0.19737600814551115,425.15773900959175,14.161079991026781,0.0057919969549402595,439.521987005719,85.14782697602641,15.732062005554326,4.519795009400696,45.463798014679924,18.897835005191155,32.70502699888311,6.86348402814474,0.5543050356209278,1.0468839609529823,1.7173189989989623,0.43091400584671646,0.004960005753673613,128.48723199567758,8.729955006856471,0.31174499599728733,19.642286002635956,0.046016008127480745,6.171191998873837,5.451414006529376,0.10275199019815773,0.6170260021463037,4.901524007436819,1.2107890070183203,0.0056319840950891376,1.482502993894741,8,0,8,0,0,,,,,,,,,,,,,,
rsg_object_detection,dropped_oldest,667,rsg_20260806_49_204880000_000667,dropped,True,fifo_cached_frame,649,74,0,573,74,0,1,0.0,3.2227649935521185,frame_fifo_full,,,,,,,,,,,,,,,,,,,,,,,,,,,,,,,,,,,,,,,,,,,,,,,,,,,,,,,,
rsg_object_detection,dropped_oldest,668,rsg_20260806_49_254880000_000668,dropped,True,fifo_cached_frame,650,74,0,574,74,0,1,0.0,43.4819649963174,frame_fifo_full,,,,,,,,,,,,,,,,,,,,,,,,,,,,,,,,,,,,,,,,,,,,,,,,,,,,,,,,
rsg_object_detection,dropped_oldest,669,rsg_20260806_49_304879999_000669,dropped,True,fifo_cached_frame,651,74,0,575,74,0,1,0.0,44.392465002601966,frame_fifo_full,,,,,,,,,,,,,,,,,,,,,,,,,,,,,,,,,,,,,,,,,,,,,,,,,,,,,,,,
rsg_object_detection,dropped_oldest,670,rsg_20260806_49_354880000_000670,dropped,True,fifo_cached_frame,652,74,0,576,74,0,1,0.0,51.11364400363527,frame_fifo_full,,,,,,,,,,,,,,,,,,,,,,,,,,,,,,,,,,,,,,,,,,,,,,,,,,,,,,,,
rsg_object_detection,dropped_oldest,671,rsg_20260806_49_404879999_000671,dropped,True,fifo_cached_frame,653,74,0,577,74,0,1,0.0,60.624785008258186,frame_fifo_full,,,,,,,,,,,,,,,,,,,,,,,,,,,,,,,,,,,,,,,,,,,,,,,,,,,,,,,,
rsg_object_detection,dropped_oldest,672,rsg_20260806_49_454880000_000672,dropped,True,fifo_cached_frame,654,74,0,578,74,0,1,0.0,90.41306399740279,frame_fifo_full,,,,,,,,,,,,,,,,,,,,,,,,,,,,,,,,,,,,,,,,,,,,,,,,,,,,,,,,
rsg_object_detection,dropped_oldest,673,rsg_20260806_49_554879999_000673,dropped,True,fifo_cached_frame,655,74,0,579,74,0,1,0.0,51.14542000228539,frame_fifo_full,,,,,,,,,,,,,,,,,,,,,,,,,,,,,,,,,,,,,,,,,,,,,,,,,,,,,,,,
rsg_object_detection,dropped_oldest,674,rsg_20260806_49_604880000_000674,dropped,True,fifo_cached_frame,656,74,0,580,74,0,1,0.0,58.3053519949317,frame_fifo_full,,,,,,,,,,,,,,,,,,,,,,,,,,,,,,,,,,,,,,,,,,,,,,,,,,,,,,,,
rsg_object_detection,dropped_oldest,675,rsg_20260806_49_654879999_000675,dropped,True,fifo_cached_frame,657,74,0,581,74,0,1,0.0,42.71578599582426,frame_fifo_full,,,,,,,,,,,,,,,,,,,,,,,,,,,,,,,,,,,,,,,,,,,,,,,,,,,,,,,,
rsg_object_detection,dropped_oldest,676,rsg_20260806_49_704880000_000676,dropped,True,fifo_cached_frame,658,74,0,582,74,0,1,0.0,49.272645002929494,frame_fifo_full,,,,,,,,,,,,,,,,,,,,,,,,,,,,,,,,,,,,,,,,,,,,,,,,,,,,,,,,
rsg_object_detection,dropped_oldest,677,rsg_20260806_49_754880000_000677,dropped,True,fifo_cached_frame,659,74,0,583,74,0,1,0.0,57.39344500761945,frame_fifo_full,,,,,,,,,,,,,,,,,,,,,,,,,,,,,,,,,,,,,,,,,,,,,,,,,,,,,,,,
rsg_object_detection,dropped_oldest,678,rsg_20260806_49_804879999_000678,dropped,True,fifo_cached_frame,660,74,0,584,74,0,1,0.0,69.2616519954754,frame_fifo_full,,,,,,,,,,,,,,,,,,,,,,,,,,,,,,,,,,,,,,,,,,,,,,,,,,,,,,,,
rsg_object_detection,dropped_oldest,679,rsg_20260806_49_854880000_000679,dropped,True,fifo_cached_frame,661,74,0,585,74,0,1,0.0,22.59634601068683,frame_fifo_full,,,,,,,,,,,,,,,,,,,,,,,,,,,,,,,,,,,,,,,,,,,,,,,,,,,,,,,,
rsg_object_detection,frame_trace,666,rsg_20260806_49_104880000_000666,sent_to_hydra,,,,,,,,,,,826.2290190032218,ok,11.908080006833188,671.4692990062758,141.6993480088422,0.14124800509307534,141.55810000374913,0.0034240074455738068,5.005780010833405,6.370873990817927,421.1875970067922,23.95913600048516,0.009568000677973032,451.52717499877326,118.12216698308475,17.917637029313482,16.14739201613702,52.32520301069599,29.43733199208509,60.01927900069859,4.511187013122253,1.8225989915663376,0.39635201392229646,1.6129989962792024,0.3344650031067431,0.005088004400022328,186.84554399806075,9.836102995905094,0.142304998007603,18.068744000629522,0.043648004066199064,6.417497992515564,5.691511003533378,0.1483530068071559,0.5776339821750298,4.535186002613045,0.9476520062889904,0.007744005415588617,1.148867973824963,8,0,7,0,0,,,,,,,,,,,,,,
rsg_object_detection,dropped_oldest,681,rsg_20260806_49_954880000_000681,dropped,True,fifo_cached_frame,663,75,0,586,75,0,1,0.0,43.952110994723625,frame_fifo_full,,,,,,,,,,,,,,,,,,,,,,,,,,,,,,,,,,,,,,,,,,,,,,,,,,,,,,,,
rsg_object_detection,dropped_oldest,682,rsg_20260806_50_004879999_000682,dropped,True,fifo_cached_frame,664,75,0,587,75,0,1,0.0,50.24906400649343,frame_fifo_full,,,,,,,,,,,,,,,,,,,,,,,,,,,,,,,,,,,,,,,,,,,,,,,,,,,,,,,,
rsg_object_detection,dropped_oldest,683,rsg_20260806_50_054879999_000683,dropped,True,fifo_cached_frame,665,75,0,588,75,0,1,0.0,50.11495099461172,frame_fifo_full,,,,,,,,,,,,,,,,,,,,,,,,,,,,,,,,,,,,,,,,,,,,,,,,,,,,,,,,
rsg_object_detection,dropped_oldest,684,rsg_20260806_50_104880000_000684,dropped,True,fifo_cached_frame,666,75,0,589,75,0,1,0.0,52.906001001247205,frame_fifo_full,,,,,,,,,,,,,,,,,,,,,,,,,,,,,,,,,,,,,,,,,,,,,,,,,,,,,,,,
rsg_object_detection,dropped_oldest,685,rsg_20260806_50_154879999_000685,dropped,True,fifo_cached_frame,667,75,0,590,75,0,1,0.0,51.782092996290885,frame_fifo_full,,,,,,,,,,,,,,,,,,,,,,,,,,,,,,,,,,,,,,,,,,,,,,,,,,,,,,,,
rsg_object_detection,dropped_oldest,686,rsg_20260806_50_204880000_000686,dropped,True,fifo_cached_frame,668,75,0,591,75,0,1,0.0,100.65767799096648,frame_fifo_full,,,,,,,,,,,,,,,,,,,,,,,,,,,,,,,,,,,,,,,,,,,,,,,,,,,,,,,,
rsg_object_detection,dropped_oldest,687,rsg_20260806_50_304879999_000687,dropped,True,fifo_cached_frame,669,75,0,592,75,0,1,0.0,49.56771599245258,frame_fifo_full,,,,,,,,,,,,,,,,,,,,,,,,,,,,,,,,,,,,,,,,,,,,,,,,,,,,,,,,
rsg_object_detection,dropped_oldest,688,rsg_20260806_50_354880000_000688,dropped,True,fifo_cached_frame,670,75,0,593,75,0,1,0.0,54.16834200150333,frame_fifo_full,,,,,,,,,,,,,,,,,,,,,,,,,,,,,,,,,,,,,,,,,,,,,,,,,,,,,,,,
rsg_object_detection,dropped_oldest,689,rsg_20260806_50_404879999_000689,dropped,True,fifo_cached_frame,671,75,0,594,75,0,1,0.0,53.48482000408694,frame_fifo_full,,,,,,,,,,,,,,,,,,,,,,,,,,,,,,,,,,,,,,,,,,,,,,,,,,,,,,,,
rsg_object_detection,frame_trace,680,rsg_20260806_49_904879999_000680,sent_to_hydra,,,,,,,,,,,570.9225810132921,ok,13.50168501085136,504.9266710120719,51.28932400839403,0.1988480071304366,51.090476001263596,0.0021439918782562017,4.835858999285847,0.34313800279051065,328.9856549963588,21.890870993956923,0.008256014552898705,351.2279200076591,88.05266799754463,18.582187010906637,3.355884022312239,46.76706601458136,18.795305979438126,31.532412991509773,3.1458999874303117,0.8850919984979555,0.30483302543871105,1.2535089917946607,0.4051529977004975,0.00409600033890456,125.59915200108662,3.712623001774773,0.16089700511656702,19.35159599815961,0.038623998989351094,9.446564989048056,8.853699007886462,0.10639999527484179,0.4864659858867526,3.4328780020587146,0.61587399977725,0.006368019967339933,1.2027569900965318,7,0,7,0,0,,,,,,,,,,,,,,
rsg_object_detection,dropped_oldest,691,rsg_20260806_50_504880000_000691,dropped,True,fifo_cached_frame,673,76,0,595,76,0,1,0.0,44.210061998455785,frame_fifo_full,,,,,,,,,,,,,,,,,,,,,,,,,,,,,,,,,,,,,,,,,,,,,,,,,,,,,,,,
rsg_object_detection,dropped_oldest,692,rsg_20260806_50_554879999_000692,dropped,True,fifo_cached_frame,674,76,0,596,76,0,1,0.0,49.52157200023066,frame_fifo_full,,,,,,,,,,,,,,,,,,,,,,,,,,,,,,,,,,,,,,,,,,,,,,,,,,,,,,,,
rsg_object_detection,dropped_oldest,693,rsg_20260806_50_604880000_000693,dropped,True,fifo_cached_frame,675,76,0,597,76,0,1,0.0,51.683947996934876,frame_fifo_full,,,,,,,,,,,,,,,,,,,,,,,,,,,,,,,,,,,,,,,,,,,,,,,,,,,,,,,,
rsg_object_detection,dropped_oldest,694,rsg_20260806_50_654879999_000694,dropped,True,fifo_cached_frame,676,76,0,598,76,0,1,0.0,50.39066400786396,frame_fifo_full,,,,,,,,,,,,,,,,,,,,,,,,,,,,,,,,,,,,,,,,,,,,,,,,,,,,,,,,
rsg_object_detection,dropped_oldest,695,rsg_20260806_50_704880000_000695,dropped,True,fifo_cached_frame,677,76,0,599,76,0,1,0.0,49.37840400089044,frame_fifo_full,,,,,,,,,,,,,,,,,,,,,,,,,,,,,,,,,,,,,,,,,,,,,,,,,,,,,,,,
rsg_object_detection,dropped_oldest,696,rsg_20260806_50_754880000_000696,dropped,True,fifo_cached_frame,678,76,0,600,76,0,1,0.0,52.901521004969254,frame_fifo_full,,,,,,,,,,,,,,,,,,,,,,,,,,,,,,,,,,,,,,,,,,,,,,,,,,,,,,,,
rsg_object_detection,dropped_oldest,697,rsg_20260806_50_804879999_000697,dropped,True,fifo_cached_frame,679,76,0,601,76,0,1,0.0,51.80788500001654,frame_fifo_full,,,,,,,,,,,,,,,,,,,,,,,,,,,,,,,,,,,,,,,,,,,,,,,,,,,,,,,,
rsg_object_detection,dropped_oldest,698,rsg_20260806_50_854880000_000698,dropped,True,fifo_cached_frame,680,76,0,602,76,0,1,0.0,56.809121000696905,frame_fifo_full,,,,,,,,,,,,,,,,,,,,,,,,,,,,,,,,,,,,,,,,,,,,,,,,,,,,,,,,
rsg_object_detection,dropped_oldest,699,rsg_20260806_50_904879999_000699,dropped,True,fifo_cached_frame,681,76,0,603,76,0,1,0.0,53.36491500202101,frame_fifo_full,,,,,,,,,,,,,,,,,,,,,,,,,,,,,,,,,,,,,,,,,,,,,,,,,,,,,,,,
rsg_object_detection,dropped_oldest,700,rsg_20260806_50_954880000_000700,dropped,True,fifo_cached_frame,682,76,0,604,76,0,1,0.0,45.8479249937227,frame_fifo_full,,,,,,,,,,,,,,,,,,,,,,,,,,,,,,,,,,,,,,,,,,,,,,,,,,,,,,,,
rsg_object_detection,dropped_oldest,701,rsg_20260806_51_004879999_000701,dropped,True,fifo_cached_frame,683,76,0,605,76,0,1,0.0,46.883288989192806,frame_fifo_full,,,,,,,,,,,,,,,,,,,,,,,,,,,,,,,,,,,,,,,,,,,,,,,,,,,,,,,,
rsg_object_detection,dropped_oldest,702,rsg_20260806_51_054879999_000702,dropped,True,fifo_cached_frame,684,76,0,606,76,0,1,0.0,48.40940599387977,frame_fifo_full,,,,,,,,,,,,,,,,,,,,,,,,,,,,,,,,,,,,,,,,,,,,,,,,,,,,,,,,
rsg_object_detection,frame_trace,690,rsg_20260806_50_454880000_000690,sent_to_hydra,,,,,,,,,,,681.9332220038632,ok,9.156675994745456,649.2238439968787,22.316119997412898,0.1436809980077669,22.17243899940513,0.0027520000003278255,1.1584679887164384,0.1967370044440031,415.9689090010943,25.188483006786555,0.007071983418427408,441.3612009957433,112.49074900115374,27.467851992696524,7.577055002911948,45.05336200236343,31.747069995617494,60.27194899797905,4.6444359759334475,4.51432098634541,0.32140804978553206,1.3934779999544844,0.11702399933710694,0.005056004738435149,183.77477300236933,3.074475986068137,0.1644809963181615,19.64887700160034,0.04156802606303245,4.740145988762379,4.154864000156522,0.10086399561259896,0.48441799299325794,3.7864469923079014,0.6251229933695868,0.0049600203055888414,1.2338300148257986,7,0,7,0,0,,,,,,,,,,,,,,
rsg_object_detection,dropped_oldest,704,rsg_20260806_51_154879999_000704,dropped,True,fifo_cached_frame,686,77,0,607,77,0,1,0.0,38.86373600107618,frame_fifo_full,,,,,,,,,,,,,,,,,,,,,,,,,,,,,,,,,,,,,,,,,,,,,,,,,,,,,,,,
rsg_object_detection,dropped_oldest,705,rsg_20260806_51_204880000_000705,dropped,True,fifo_cached_frame,687,77,0,608,77,0,1,0.0,59.80429900228046,frame_fifo_full,,,,,,,,,,,,,,,,,,,,,,,,,,,,,,,,,,,,,,,,,,,,,,,,,,,,,,,,
rsg_object_detection,dropped_oldest,706,rsg_20260806_51_254880000_000706,dropped,True,fifo_cached_frame,688,77,0,609,77,0,1,0.0,92.77517998998519,frame_fifo_full,,,,,,,,,,,,,,,,,,,,,,,,,,,,,,,,,,,,,,,,,,,,,,,,,,,,,,,,
rsg_object_detection,dropped_oldest,707,rsg_20260806_51_354880000_000707,dropped,True,fifo_cached_frame,689,77,0,610,77,0,1,0.0,52.879566996125504,frame_fifo_full,,,,,,,,,,,,,,,,,,,,,,,,,,,,,,,,,,,,,,,,,,,,,,,,,,,,,,,,
rsg_object_detection,dropped_oldest,708,rsg_20260806_51_404879999_000708,dropped,True,fifo_cached_frame,690,77,0,611,77,0,1,0.0,100.97070000483654,frame_fifo_full,,,,,,,,,,,,,,,,,,,,,,,,,,,,,,,,,,,,,,,,,,,,,,,,,,,,,,,,
rsg_object_detection,dropped_oldest,709,rsg_20260806_51_504880000_000709,dropped,True,fifo_cached_frame,691,77,0,612,77,0,1,0.0,62.0326599891996,frame_fifo_full,,,,,,,,,,,,,,,,,,,,,,,,,,,,,,,,,,,,,,,,,,,,,,,,,,,,,,,,
rsg_object_detection,dropped_oldest,710,rsg_20260806_51_554879999_000710,dropped,True,fifo_cached_frame,692,77,0,613,77,0,1,0.0,41.01017699576914,frame_fifo_full,,,,,,,,,,,,,,,,,,,,,,,,,,,,,,,,,,,,,,,,,,,,,,,,,,,,,,,,
rsg_object_detection,dropped_oldest,711,rsg_20260806_51_604880000_000711,dropped,True,fifo_cached_frame,693,77,0,614,77,0,1,0.0,46.49234199314378,frame_fifo_full,,,,,,,,,,,,,,,,,,,,,,,,,,,,,,,,,,,,,,,,,,,,,,,,,,,,,,,,
rsg_object_detection,frame_trace,703,rsg_20260806_51_104880000_000703,sent_to_hydra,,,,,,,,,,,584.9786480102921,ok,9.442373004276305,521.5326390025439,52.6316309988033,0.15296100173145533,52.47866999707185,0.0025600020308047533,5.1088519976474345,0.207137010875158,335.76435800932813,23.984797997400165,0.007199982064776123,359.96349299966823,80.68681300210301,17.908616035128944,4.279921005945653,39.616570007638074,18.21405602095183,41.97494800610002,3.8951820170041174,0.8036210056161508,0.33228896791115403,1.3818930019624531,0.12924900511279702,0.0055679993238300085,129.2273870058125,7.010811008512974,0.13187300646677613,20.046511010150425,0.043711974285542965,4.775121997226961,4.169009000179358,0.09206400136463344,0.5140489956829697,3.9019679970806465,0.7575070048915222,0.007776005077175796,1.3694450026378036,7,0,7,0,0,,,,,,,,,,,,,,
rsg_object_detection,dropped_oldest,713,rsg_20260806_51_754880000_000713,dropped,True,fifo_cached_frame,695,78,0,615,78,0,1,0.0,49.173792998772115,frame_fifo_full,,,,,,,,,,,,,,,,,,,,,,,,,,,,,,,,,,,,,,,,,,,,,,,,,,,,,,,,
rsg_object_detection,dropped_oldest,714,rsg_20260806_51_804879999_000714,dropped,True,fifo_cached_frame,696,78,0,616,78,0,1,0.0,52.575951005565,frame_fifo_full,,,,,,,,,,,,,,,,,,,,,,,,,,,,,,,,,,,,,,,,,,,,,,,,,,,,,,,,
rsg_object_detection,dropped_oldest,715,rsg_20260806_51_854880000_000715,dropped,True,fifo_cached_frame,697,78,0,617,78,0,1,0.0,49.4424339995021,frame_fifo_full,,,,,,,,,,,,,,,,,,,,,,,,,,,,,,,,,,,,,,,,,,,,,,,,,,,,,,,,
rsg_object_detection,dropped_oldest,716,rsg_20260806_51_904879999_000716,dropped,True,fifo_cached_frame,698,78,0,618,78,0,1,0.0,51.60833000263665,frame_fifo_full,,,,,,,,,,,,,,,,,,,,,,,,,,,,,,,,,,,,,,,,,,,,,,,,,,,,,,,,
rsg_object_detection,dropped_oldest,717,rsg_20260806_51_954880000_000717,dropped,True,fifo_cached_frame,699,78,0,619,78,0,1,0.0,50.94003900012467,frame_fifo_full,,,,,,,,,,,,,,,,,,,,,,,,,,,,,,,,,,,,,,,,,,,,,,,,,,,,,,,,
rsg_object_detection,dropped_oldest,718,rsg_20260806_52_004879999_000718,dropped,True,fifo_cached_frame,700,78,0,620,78,0,1,0.0,49.74537900125142,frame_fifo_full,,,,,,,,,,,,,,,,,,,,,,,,,,,,,,,,,,,,,,,,,,,,,,,,,,,,,,,,
rsg_object_detection,dropped_oldest,719,rsg_20260806_52_054879999_000719,dropped,True,fifo_cached_frame,701,78,0,621,78,0,1,0.0,62.9907410038868,frame_fifo_full,,,,,,,,,,,,,,,,,,,,,,,,,,,,,,,,,,,,,,,,,,,,,,,,,,,,,,,,
rsg_object_detection,dropped_oldest,720,rsg_20260806_52_104880000_000720,dropped,True,fifo_cached_frame,702,78,0,622,78,0,1,0.0,70.34037000266835,frame_fifo_full,,,,,,,,,,,,,,,,,,,,,,,,,,,,,,,,,,,,,,,,,,,,,,,,,,,,,,,,
rsg_object_detection,dropped_oldest,721,rsg_20260806_52_154879999_000721,dropped,True,fifo_cached_frame,703,78,0,623,78,0,1,0.0,13.40718800202012,frame_fifo_full,,,,,,,,,,,,,,,,,,,,,,,,,,,,,,,,,,,,,,,,,,,,,,,,,,,,,,,,
rsg_object_detection,dropped_oldest,722,rsg_20260806_52_204880000_000722,dropped,True,fifo_cached_frame,704,78,0,624,79,0,1,0.0,65.89139300922398,frame_fifo_full,,,,,,,,,,,,,,,,,,,,,,,,,,,,,,,,,,,,,,,,,,,,,,,,,,,,,,,,
rsg_object_detection,frame_trace,712,rsg_20260806_51_654879999_000712,sent_to_hydra,,,,,,,,,,,593.8490120024653,ok,12.787216997821815,529.9533380020875,49.32845001167152,0.1390410034218803,49.18940900824964,0.0026560010155662894,1.5941499877953902,0.17539299733471125,333.67388499027584,22.933209998882376,0.009056006092578173,356.7915439925855,81.45158100523986,17.613157993764617,5.174004007130861,35.008744001970626,22.920058021554723,50.7568700122647,3.851660992950201,4.2690110130934045,0.3140159824397415,1.1378920025890693,0.2486729936208576,0.0045439956011250615,142.04903300560545,5.606165999779478,0.18524800543673337,23.68239600036759,0.04480101051740348,8.049887008382939,7.332701003178954,0.09299299563281238,0.6241930095711723,4.115375995752402,0.6170259875943884,0.004928006092086434,1.7773509898688644,7,0,7,0,0,,,,,,,,,,,,,,
rsg_object_detection,dropped_oldest,724,rsg_20260806_52_304879999_000724,dropped,True,fifo_cached_frame,706,79,0,625,79,0,1,0.0,46.85659900133032,frame_fifo_full,,,,,,,,,,,,,,,,,,,,,,,,,,,,,,,,,,,,,,,,,,,,,,,,,,,,,,,,
rsg_object_detection,dropped_oldest,725,rsg_20260806_52_354880000_000725,dropped,True,fifo_cached_frame,707,79,0,626,79,0,1,0.0,51.50448900531046,frame_fifo_full,,,,,,,,,,,,,,,,,,,,,,,,,,,,,,,,,,,,,,,,,,,,,,,,,,,,,,,,
rsg_object_detection,dropped_oldest,726,rsg_20260806_52_404879999_000726,dropped,True,fifo_cached_frame,708,79,0,627,79,0,1,0.0,50.64304600819014,frame_fifo_full,,,,,,,,,,,,,,,,,,,,,,,,,,,,,,,,,,,,,,,,,,,,,,,,,,,,,,,,
rsg_object_detection,dropped_oldest,727,rsg_20260806_52_454880000_000727,dropped,True,fifo_cached_frame,709,79,0,628,79,0,1,0.0,103.02548900654074,frame_fifo_full,,,,,,,,,,,,,,,,,,,,,,,,,,,,,,,,,,,,,,,,,,,,,,,,,,,,,,,,
rsg_object_detection,dropped_oldest,728,rsg_20260806_52_554879999_000728,dropped,True,fifo_cached_frame,710,79,0,629,79,0,1,0.0,48.252252003294416,frame_fifo_full,,,,,,,,,,,,,,,,,,,,,,,,,,,,,,,,,,,,,,,,,,,,,,,,,,,,,,,,
rsg_object_detection,dropped_oldest,729,rsg_20260806_52_604880000_000729,dropped,True,fifo_cached_frame,711,79,0,630,79,0,1,0.0,62.98866200086195,frame_fifo_full,,,,,,,,,,,,,,,,,,,,,,,,,,,,,,,,,,,,,,,,,,,,,,,,,,,,,,,,
rsg_object_detection,dropped_oldest,730,rsg_20260806_52_654879999_000730,dropped,True,fifo_cached_frame,712,79,0,631,79,0,1,0.0,45.45534501085058,frame_fifo_full,,,,,,,,,,,,,,,,,,,,,,,,,,,,,,,,,,,,,,,,,,,,,,,,,,,,,,,,
rsg_object_detection,dropped_oldest,731,rsg_20260806_52_704880000_000731,dropped,True,fifo_cached_frame,713,79,0,632,79,0,1,0.0,66.13795300654601,frame_fifo_full,,,,,,,,,,,,,,,,,,,,,,,,,,,,,,,,,,,,,,,,,,,,,,,,,,,,,,,,
rsg_object_detection,dropped_oldest,732,rsg_20260806_52_754880000_000732,dropped,True,fifo_cached_frame,714,79,0,633,79,0,1,0.0,38.10878899821546,frame_fifo_full,,,,,,,,,,,,,,,,,,,,,,,,,,,,,,,,,,,,,,,,,,,,,,,,,,,,,,,,
rsg_object_detection,dropped_oldest,733,rsg_20260806_52_804879999_000733,dropped,True,fifo_cached_frame,715,79,0,634,79,0,1,0.0,35.6849709933158,frame_fifo_full,,,,,,,,,,,,,,,,,,,,,,,,,,,,,,,,,,,,,,,,,,,,,,,,,,,,,,,,
rsg_object_detection,frame_trace,723,rsg_20260806_52_254880000_000723,sent_to_hydra,,,,,,,,,,,595.9228970023105,ok,16.994242003420368,574.4612449925626,3.0994039989309385,0.17171299259644002,2.9276910063344985,0.002720000338740647,2.7194980066269636,0.1824970095185563,350.1248190004844,15.831997996428981,0.005759997293353081,366.1450740037253,106.86595299921464,27.14231301797554,6.158554009743966,32.34127801260911,39.39304898085538,60.305866005364805,4.480914984014817,0.8161939913406968,0.3521610196912661,2.5273380015278235,0.14112099597696215,0.005216003046371043,175.51226798968855,6.665305991191417,0.14140800340101123,23.231579005368985,0.04611199256032705,10.918378000496887,10.272775994963013,0.13516799663193524,0.5104340089019388,4.904499000986107,1.1652849934762344,0.006080008461140096,1.3652860070578754,7,0,7,0,0,,,,,,,,,,,,,,
rsg_object_detection,dropped_oldest,735,rsg_20260806_52_904879999_000735,dropped,True,fifo_cached_frame,717,80,0,635,80,0,1,0.0,44.40698798862286,frame_fifo_full,,,,,,,,,,,,,,,,,,,,,,,,,,,,,,,,,,,,,,,,,,,,,,,,,,,,,,,,
rsg_object_detection,dropped_oldest,736,rsg_20260806_52_954880000_000736,dropped,True,fifo_cached_frame,718,80,0,636,80,0,1,0.0,50.94682199705858,frame_fifo_full,,,,,,,,,,,,,,,,,,,,,,,,,,,,,,,,,,,,,,,,,,,,,,,,,,,,,,,,
rsg_object_detection,dropped_oldest,737,rsg_20260806_53_004879999_000737,dropped,True,fifo_cached_frame,719,80,0,637,80,0,1,0.0,59.95684099616483,frame_fifo_full,,,,,,,,,,,,,,,,,,,,,,,,,,,,,,,,,,,,,,,,,,,,,,,,,,,,,,,,
rsg_object_detection,dropped_oldest,738,rsg_20260806_53_054879999_000738,dropped,True,fifo_cached_frame,720,80,0,638,80,0,1,0.0,42.86838999541942,frame_fifo_full,,,,,,,,,,,,,,,,,,,,,,,,,,,,,,,,,,,,,,,,,,,,,,,,,,,,,,,,
rsg_object_detection,dropped_oldest,739,rsg_20260806_53_104880000_000739,dropped,True,fifo_cached_frame,721,80,0,639,80,0,1,0.0,49.3429749913048,frame_fifo_full,,,,,,,,,,,,,,,,,,,,,,,,,,,,,,,,,,,,,,,,,,,,,,,,,,,,,,,,
rsg_object_detection,dropped_oldest,740,rsg_20260806_53_154879999_000740,dropped,True,fifo_cached_frame,722,80,0,640,80,0,1,0.0,49.97401799482759,frame_fifo_full,,,,,,,,,,,,,,,,,,,,,,,,,,,,,,,,,,,,,,,,,,,,,,,,,,,,,,,,
rsg_object_detection,dropped_oldest,741,rsg_20260806_53_204880000_000741,dropped,True,fifo_cached_frame,723,80,0,641,80,0,1,0.0,105.74133699992672,frame_fifo_full,,,,,,,,,,,,,,,,,,,,,,,,,,,,,,,,,,,,,,,,,,,,,,,,,,,,,,,,
rsg_object_detection,dropped_oldest,742,rsg_20260806_53_254880000_000742,dropped,True,fifo_cached_frame,724,80,0,642,80,0,1,0.0,12.886096999864094,frame_fifo_full,,,,,,,,,,,,,,,,,,,,,,,,,,,,,,,,,,,,,,,,,,,,,,,,,,,,,,,,
rsg_object_detection,dropped_oldest,743,rsg_20260806_53_304879999_000743,dropped,True,fifo_cached_frame,725,80,0,643,80,0,1,0.0,31.00488799100276,frame_fifo_full,,,,,,,,,,,,,,,,,,,,,,,,,,,,,,,,,,,,,,,,,,,,,,,,,,,,,,,,
rsg_object_detection,,393,rsg_20260806_32_404879999_000393,vlm_failed,,,,,,,,,,,,"{""label"":""unknown_object"",""label_confidence"":0.0,""mobility_class"":""unknown"",""mobility_confidence"":0.0}",,,,,,,,,,,,,,,,,,,,,,,,,,,,,,,,,,,,,,,,,,,rsg_obj_000034,rsg_unknown_rsg_20260806_32_404879999_000393_006_nanosam_008,,,1,0.6089296901873422,unknown_object,0.0,unknown,0.0,6856.849766001687,15106.788945995504,qwen_http,Qwen3-VL-8B-Instruct-GGUF
rsg_object_detection,completed,393,rsg_20260806_32_404879999_000393,,,,,,,,,,,8249.937643995509,,vlm_failed,,,,,,,,,,,,,,,,,,,,,,,,,,,,,,,,,,,,,,,,,,,rsg_obj_000034,rsg_unknown_rsg_20260806_32_404879999_000393_006_nanosam_008,14,300,1,0.6089296901873422,,,,,,,,
rsg_object_detection,dropped_oldest,744,rsg_20260806_53_354880000_000744,dropped,True,fifo_cached_frame,726,80,0,644,80,0,1,0.0,47.7097200055141,frame_fifo_full,,,,,,,,,,,,,,,,,,,,,,,,,,,,,,,,,,,,,,,,,,,,,,,,,,,,,,,,
rsg_object_detection,dropped_oldest,745,rsg_20260806_53_404879999_000745,dropped,True,fifo_cached_frame,727,80,0,645,81,0,1,0.0,65.85596699733287,frame_fifo_full,,,,,,,,,,,,,,,,,,,,,,,,,,,,,,,,,,,,,,,,,,,,,,,,,,,,,,,,
rsg_object_detection,frame_trace,734,rsg_20260806_52_854880000_000734,sent_to_hydra,,,,,,,,,,,600.7223590131616,ok,11.069322004914284,561.6498239978682,26.71236000605859,0.17203199968207628,26.540328006376512,0.002815999323502183,1.1441329988883808,0.17759999900590628,335.10664499772247,16.40323099854868,0.00694401387590915,351.69442000915296,128.94254698767327,38.5332370060496,5.197236998355947,47.83484102517832,36.55303796404041,48.69775600673165,4.389201974845491,0.8477140363538638,0.33884900039993227,1.4614779938710853,0.390785004128702,0.004191999323666096,185.08810699859168,4.029007992357947,0.11689600069075823,19.53722799953539,0.040031998651102185,6.874842001707293,6.299832006334327,0.09670399595052004,0.4783059994224459,3.3024129952536896,0.8869790035532787,0.005088004400022328,1.2880370049970224,8,0,8,0,0,,,,,,,,,,,,,,
rsg_object_detection,dropped_oldest,747,rsg_20260806_53_504880000_000747,dropped,True,fifo_cached_frame,729,81,0,646,81,0,1,0.0,29.093967998051085,frame_fifo_full,,,,,,,,,,,,,,,,,,,,,,,,,,,,,,,,,,,,,,,,,,,,,,,,,,,,,,,,
rsg_object_detection,dequeued,418,rsg_20260806_33_854880000_000418,,,,,,,,,,,13759.612693000236,,fifo_order,,,,,,,,,,,,,,,,,,,,,,,,,,,,,,,,,,,,,,,,,,,rsg_obj_000038,rsg_unknown_rsg_20260806_33_854880000_000418_005_nanosam_000,14,300,1,0.5971506021278427,,,,,,,,
rsg_object_detection,dropped_oldest,748,rsg_20260806_53_554879999_000748,dropped,True,fifo_cached_frame,730,81,0,647,81,0,1,0.0,55.87720799667295,frame_fifo_full,,,,,,,,,,,,,,,,,,,,,,,,,,,,,,,,,,,,,,,,,,,,,,,,,,,,,,,,
rsg_object_detection,dropped_oldest,749,rsg_20260806_53_604880000_000749,dropped,True,fifo_cached_frame,731,81,0,648,81,0,1,0.0,53.356301999883726,frame_fifo_full,,,,,,,,,,,,,,,,,,,,,,,,,,,,,,,,,,,,,,,,,,,,,,,,,,,,,,,,
rsg_object_detection,dropped_oldest,750,rsg_20260806_53_654879999_000750,dropped,True,fifo_cached_frame,732,81,0,649,81,0,1,0.0,42.87110899167601,frame_fifo_full,,,,,,,,,,,,,,,,,,,,,,,,,,,,,,,,,,,,,,,,,,,,,,,,,,,,,,,,
rsg_object_detection,dropped_oldest,751,rsg_20260806_53_704880000_000751,dropped,True,fifo_cached_frame,733,81,0,650,81,0,1,0.0,68.69351300701965,frame_fifo_full,,,,,,,,,,,,,,,,,,,,,,,,,,,,,,,,,,,,,,,,,,,,,,,,,,,,,,,,
rsg_object_detection,dropped_oldest,752,rsg_20260806_53_754880000_000752,dropped,True,fifo_cached_frame,734,81,0,651,81,0,1,0.0,32.19852400070522,frame_fifo_full,,,,,,,,,,,,,,,,,,,,,,,,,,,,,,,,,,,,,,,,,,,,,,,,,,,,,,,,
rsg_object_detection,dropped_oldest,753,rsg_20260806_53_804879999_000753,dropped,True,fifo_cached_frame,735,81,0,652,81,0,1,0.0,65.29001200397033,frame_fifo_full,,,,,,,,,,,,,,,,,,,,,,,,,,,,,,,,,,,,,,,,,,,,,,,,,,,,,,,,
rsg_object_detection,dropped_oldest,754,rsg_20260806_53_854880000_000754,dropped,True,fifo_cached_frame,736,81,0,653,81,0,1,0.0,46.69777999515645,frame_fifo_full,,,,,,,,,,,,,,,,,,,,,,,,,,,,,,,,,,,,,,,,,,,,,,,,,,,,,,,,
rsg_object_detection,frame_trace,746,rsg_20260806_53_454880000_000746,sent_to_hydra,,,,,,,,,,,458.06071399420034,ok,11.867725988849998,442.31246200797614,2.477097004884854,0.14118400576990098,2.335912999114953,0.004735993570648134,4.249104997143149,0.18342499970458448,226.08167299767956,24.73993600870017,0.007327995263040066,251.01236200134736,99.79341000143904,20.17447800608352,10.94353299413342,48.1175920140231,19.923245985410176,53.96171200845856,4.032591998111457,0.8653150143800303,0.3146569797536358,1.3687419996131212,0.09158399188891053,0.004479996277950704,160.44775598857086,2.736651003942825,0.11580799764487892,23.71260400104802,0.03817601827904582,7.655901994439773,7.078875001752749,0.09321700781583786,0.4838099848711863,3.538316988851875,0.6683549872832373,0.005152018275111914,1.3986929989187047,8,0,8,0,0,,,,,,,,,,,,,,
rsg_object_detection,dropped_oldest,756,rsg_20260806_53_954880000_000756,dropped,True,fifo_cached_frame,738,82,0,654,82,0,1,0.0,48.26860201137606,frame_fifo_full,,,,,,,,,,,,,,,,,,,,,,,,,,,,,,,,,,,,,,,,,,,,,,,,,,,,,,,,
rsg_object_detection,dropped_oldest,757,rsg_20260806_54_004879999_000757,dropped,True,fifo_cached_frame,739,82,0,655,82,0,1,0.0,52.51850700005889,frame_fifo_full,,,,,,,,,,,,,,,,,,,,,,,,,,,,,,,,,,,,,,,,,,,,,,,,,,,,,,,,
rsg_object_detection,dropped_oldest,758,rsg_20260806_54_054879999_000758,dropped,True,fifo_cached_frame,740,82,0,656,82,0,1,0.0,100.31347199401353,frame_fifo_full,,,,,,,,,,,,,,,,,,,,,,,,,,,,,,,,,,,,,,,,,,,,,,,,,,,,,,,,
rsg_object_detection,dropped_oldest,759,rsg_20260806_54_154879999_000759,dropped,True,fifo_cached_frame,741,82,0,657,82,0,1,0.0,97.8969190036878,frame_fifo_full,,,,,,,,,,,,,,,,,,,,,,,,,,,,,,,,,,,,,,,,,,,,,,,,,,,,,,,,
rsg_object_detection,dropped_oldest,760,rsg_20260806_54_254880000_000760,dropped,True,fifo_cached_frame,742,82,0,658,82,0,1,0.0,79.24260800064076,frame_fifo_full,,,,,,,,,,,,,,,,,,,,,,,,,,,,,,,,,,,,,,,,,,,,,,,,,,,,,,,,
rsg_object_detection,dropped_oldest,761,rsg_20260806_54_304879999_000761,dropped,True,fifo_cached_frame,743,82,0,659,82,0,1,0.0,76.72090201231185,frame_fifo_full,,,,,,,,,,,,,,,,,,,,,,,,,,,,,,,,,,,,,,,,,,,,,,,,,,,,,,,,
rsg_object_detection,dropped_oldest,762,rsg_20260806_54_404879999_000762,dropped,True,fifo_cached_frame,744,82,0,660,82,0,1,0.0,54.59035400417633,frame_fifo_full,,,,,,,,,,,,,,,,,,,,,,,,,,,,,,,,,,,,,,,,,,,,,,,,,,,,,,,,
rsg_object_detection,dropped_oldest,763,rsg_20260806_54_454880000_000763,dropped,True,fifo_cached_frame,745,82,0,661,83,0,1,0.0,59.61475599906407,frame_fifo_full,,,,,,,,,,,,,,,,,,,,,,,,,,,,,,,,,,,,,,,,,,,,,,,,,,,,,,,,
rsg_object_detection,frame_trace,755,rsg_20260806_53_904879999_000755,sent_to_hydra,,,,,,,,,,,590.211515998817,ok,10.729225003160536,555.9414950112114,22.090196987846866,0.13254499936010689,21.95765198848676,0.0024320033844560385,0.9456669940846041,0.16838499868754297,308.22675400122534,19.25476099131629,0.006464004400186241,327.65636399562936,132.29093901463784,42.426881002029404,5.837846008944325,34.79581500869244,48.46325801918283,54.228879991569556,3.8038869824958965,0.6987870146986097,0.3385929885553196,1.3627260050270706,0.31014499836601317,0.00553599966224283,193.05654900381342,9.844454005360603,0.1400640030624345,24.255292999441735,0.043104009819217026,6.387255998561159,5.767670008935966,0.08928000170271844,0.5303059879224747,3.5382539936108515,0.7994909974513575,0.004224013537168503,1.4481669932138175,8,0,8,0,0,,,,,,,,,,,,,,
rsg_object_detection,dropped_oldest,765,rsg_20260806_54_554879999_000765,dropped,True,fifo_cached_frame,747,83,0,662,83,0,1,0.0,62.19636701280251,frame_fifo_full,,,,,,,,,,,,,,,,,,,,,,,,,,,,,,,,,,,,,,,,,,,,,,,,,,,,,,,,
rsg_object_detection,dropped_oldest,766,rsg_20260806_54_604880000_000766,dropped,True,fifo_cached_frame,748,83,0,663,83,0,1,0.0,97.4780370015651,frame_fifo_full,,,,,,,,,,,,,,,,,,,,,,,,,,,,,,,,,,,,,,,,,,,,,,,,,,,,,,,,
rsg_object_detection,dropped_oldest,767,rsg_20260806_54_704880000_000767,dropped,True,fifo_cached_frame,749,83,0,664,83,0,1,0.0,41.88416100805625,frame_fifo_full,,,,,,,,,,,,,,,,,,,,,,,,,,,,,,,,,,,,,,,,,,,,,,,,,,,,,,,,
rsg_object_detection,dropped_oldest,768,rsg_20260806_54_754880000_000768,dropped,True,fifo_cached_frame,750,83,0,665,83,0,1,0.0,52.61725799937267,frame_fifo_full,,,,,,,,,,,,,,,,,,,,,,,,,,,,,,,,,,,,,,,,,,,,,,,,,,,,,,,,
rsg_object_detection,dropped_oldest,769,rsg_20260806_54_804879999_000769,dropped,True,fifo_cached_frame,751,83,0,666,83,0,1,0.0,56.74872900999617,frame_fifo_full,,,,,,,,,,,,,,,,,,,,,,,,,,,,,,,,,,,,,,,,,,,,,,,,,,,,,,,,
rsg_object_detection,dropped_oldest,770,rsg_20260806_54_854880000_000770,dropped,True,fifo_cached_frame,752,83,0,667,83,0,1,0.0,41.86601599212736,frame_fifo_full,,,,,,,,,,,,,,,,,,,,,,,,,,,,,,,,,,,,,,,,,,,,,,,,,,,,,,,,
rsg_object_detection,dropped_oldest,771,rsg_20260806_54_904879999_000771,dropped,True,fifo_cached_frame,753,83,0,668,83,0,1,0.0,49.75183900387492,frame_fifo_full,,,,,,,,,,,,,,,,,,,,,,,,,,,,,,,,,,,,,,,,,,,,,,,,,,,,,,,,
rsg_object_detection,dropped_oldest,772,rsg_20260806_54_954880000_000772,dropped,True,fifo_cached_frame,754,83,0,669,84,0,1,0.0,155.2421609958401,frame_fifo_full,,,,,,,,,,,,,,,,,,,,,,,,,,,,,,,,,,,,,,,,,,,,,,,,,,,,,,,,
rsg_object_detection,frame_trace,764,rsg_20260806_54_504880000_000764,sent_to_hydra,,,,,,,,,,,569.4749190006405,ok,8.843746007187292,556.499733007513,2.733353991061449,0.14121599087957293,2.592138000181876,0.002368004061281681,1.6443899949081242,0.17558499530423433,343.8692540075863,17.423970988602377,0.007167996955104172,361.475977988448,98.42402601498179,23.219290014822036,7.381178991636261,45.68040095909964,21.3481770188082,63.48478700965643,3.909580977051519,0.4803870106115937,0.33068998891394585,1.3644859864143655,0.14931200712453574,0.007167996955104172,168.16960500727873,2.9709869995713234,0.164928991580382,22.026292004738934,0.04755202098749578,4.484977005631663,3.899215007550083,0.08886400610208511,0.4968979919794947,3.740781990927644,0.612963005551137,0.0050240050768479705,1.3957179908175021,8,0,7,0,0,,,,,,,,,,,,,,
rsg_object_detection,dropped_oldest,774,rsg_20260806_55_154879999_000774,dropped,True,fifo_cached_frame,756,84,0,670,84,0,1,0.0,52.25242300366517,frame_fifo_full,,,,,,,,,,,,,,,,,,,,,,,,,,,,,,,,,,,,,,,,,,,,,,,,,,,,,,,,
rsg_object_detection,dropped_oldest,775,rsg_20260806_55_204880000_000775,dropped,True,fifo_cached_frame,757,84,0,671,84,0,1,0.0,50.62979299691506,frame_fifo_full,,,,,,,,,,,,,,,,,,,,,,,,,,,,,,,,,,,,,,,,,,,,,,,,,,,,,,,,
rsg_object_detection,dropped_oldest,776,rsg_20260806_55_254880000_000776,dropped,True,fifo_cached_frame,758,84,0,672,84,0,1,0.0,47.620789002394304,frame_fifo_full,,,,,,,,,,,,,,,,,,,,,,,,,,,,,,,,,,,,,,,,,,,,,,,,,,,,,,,,
rsg_object_detection,dropped_oldest,777,rsg_20260806_55_304879999_000777,dropped,True,fifo_cached_frame,759,84,0,673,84,0,1,0.0,52.50909501046408,frame_fifo_full,,,,,,,,,,,,,,,,,,,,,,,,,,,,,,,,,,,,,,,,,,,,,,,,,,,,,,,,
rsg_object_detection,dropped_oldest,778,rsg_20260806_55_354880000_000778,dropped,True,fifo_cached_frame,760,84,0,674,84,0,1,0.0,49.81359800149221,frame_fifo_full,,,,,,,,,,,,,,,,,,,,,,,,,,,,,,,,,,,,,,,,,,,,,,,,,,,,,,,,
rsg_object_detection,dropped_oldest,779,rsg_20260806_55_404879999_000779,dropped,True,fifo_cached_frame,761,84,0,675,84,0,1,0.0,48.80226599925663,frame_fifo_full,,,,,,,,,,,,,,,,,,,,,,,,,,,,,,,,,,,,,,,,,,,,,,,,,,,,,,,,
rsg_object_detection,dropped_oldest,780,rsg_20260806_55_454880000_000780,dropped,True,fifo_cached_frame,762,84,0,676,84,0,1,0.0,58.14153300889302,frame_fifo_full,,,,,,,,,,,,,,,,,,,,,,,,,,,,,,,,,,,,,,,,,,,,,,,,,,,,,,,,
rsg_object_detection,dropped_oldest,781,rsg_20260806_55_504880000_000781,dropped,True,fifo_cached_frame,763,84,0,677,84,0,1,0.0,82.32188101101201,frame_fifo_full,,,,,,,,,,,,,,,,,,,,,,,,,,,,,,,,,,,,,,,,,,,,,,,,,,,,,,,,
rsg_object_detection,dropped_oldest,782,rsg_20260806_55_554879999_000782,dropped,True,fifo_cached_frame,764,84,0,678,84,0,1,0.0,15.24271399830468,frame_fifo_full,,,,,,,,,,,,,,,,,,,,,,,,,,,,,,,,,,,,,,,,,,,,,,,,,,,,,,,,
rsg_object_detection,dropped_oldest,783,rsg_20260806_55_604880000_000783,dropped,True,fifo_cached_frame,765,84,0,679,84,0,1,0.0,43.03731599065941,frame_fifo_full,,,,,,,,,,,,,,,,,,,,,,,,,,,,,,,,,,,,,,,,,,,,,,,,,,,,,,,,
rsg_object_detection,frame_trace,773,rsg_20260806_55_104880000_000773,sent_to_hydra,,,,,,,,,,,552.2903899982339,ok,15.316505989176221,532.8946679946966,2.7549860096769407,0.16662500274833292,2.588361006928608,0.0026560010155662894,2.187175996368751,0.19219299429096282,323.47524700162467,24.131291997036897,0.008064002031460404,347.806795994984,78.22964200749993,17.24329698481597,11.730602986062877,22.784759989008307,25.78284802439157,65.84383400331717,7.846270018490031,1.7878799844766036,0.36694397567771375,1.457253994885832,0.37052900006528944,0.005376001354306936,155.92507300607394,5.9659749967977405,0.13747200137004256,20.796655997401103,0.07552000170107931,11.042122001526877,10.462664009537548,0.09481600136496127,0.4846419906243682,3.4945730003528297,0.7745949988020584,0.005215988494455814,1.321574003668502,8,0,8,0,0,,,,,,,,,,,,,,
rsg_object_detection,dropped_oldest,785,rsg_20260806_55_704880000_000785,dropped,True,fifo_cached_frame,767,85,0,680,85,0,1,0.0,48.76101699483115,frame_fifo_full,,,,,,,,,,,,,,,,,,,,,,,,,,,,,,,,,,,,,,,,,,,,,,,,,,,,,,,,
rsg_object_detection,dropped_oldest,786,rsg_20260806_55_754880000_000786,dropped,True,fifo_cached_frame,768,85,0,681,85,0,1,0.0,57.47868299658876,frame_fifo_full,,,,,,,,,,,,,,,,,,,,,,,,,,,,,,,,,,,,,,,,,,,,,,,,,,,,,,,,
rsg_object_detection,dropped_oldest,787,rsg_20260806_55_804879999_000787,dropped,True,fifo_cached_frame,769,85,0,682,85,0,1,0.0,39.8831920028897,frame_fifo_full,,,,,,,,,,,,,,,,,,,,,,,,,,,,,,,,,,,,,,,,,,,,,,,,,,,,,,,,
rsg_object_detection,dropped_oldest,788,rsg_20260806_55_854880000_000788,dropped,True,fifo_cached_frame,770,85,0,683,85,0,1,0.0,62.3241729917936,frame_fifo_full,,,,,,,,,,,,,,,,,,,,,,,,,,,,,,,,,,,,,,,,,,,,,,,,,,,,,,,,
rsg_object_detection,dropped_oldest,789,rsg_20260806_55_904879999_000789,dropped,True,fifo_cached_frame,771,85,0,684,85,0,1,0.0,41.2346850062022,frame_fifo_full,,,,,,,,,,,,,,,,,,,,,,,,,,,,,,,,,,,,,,,,,,,,,,,,,,,,,,,,
rsg_object_detection,dropped_oldest,790,rsg_20260806_55_954880000_000790,dropped,True,fifo_cached_frame,772,85,0,685,85,0,1,0.0,46.467153006233275,frame_fifo_full,,,,,,,,,,,,,,,,,,,,,,,,,,,,,,,,,,,,,,,,,,,,,,,,,,,,,,,,
rsg_object_detection,dropped_oldest,791,rsg_20260806_56_004879999_000791,dropped,True,fifo_cached_frame,773,85,0,686,85,0,1,0.0,104.40871599712409,frame_fifo_full,,,,,,,,,,,,,,,,,,,,,,,,,,,,,,,,,,,,,,,,,,,,,,,,,,,,,,,,
rsg_object_detection,dropped_oldest,792,rsg_20260806_56_104880000_000792,dropped,True,fifo_cached_frame,774,85,0,687,85,0,1,0.0,76.42048099660315,frame_fifo_full,,,,,,,,,,,,,,,,,,,,,,,,,,,,,,,,,,,,,,,,,,,,,,,,,,,,,,,,
rsg_object_detection,dropped_oldest,793,rsg_20260806_56_154879999_000793,dropped,True,fifo_cached_frame,775,85,0,688,85,0,1,0.0,78.60938500380144,frame_fifo_full,,,,,,,,,,,,,,,,,,,,,,,,,,,,,,,,,,,,,,,,,,,,,,,,,,,,,,,,
rsg_object_detection,dropped_oldest,794,rsg_20260806_56_204880000_000794,dropped,True,fifo_cached_frame,776,85,0,689,85,0,1,0.0,2.984267004649155,frame_fifo_full,,,,,,,,,,,,,,,,,,,,,,,,,,,,,,,,,,,,,,,,,,,,,,,,,,,,,,,,
rsg_object_detection,frame_trace,784,rsg_20260806_55_654879999_000784,sent_to_hydra,,,,,,,,,,,620.3013940103119,ok,16.551453998545185,580.506106998655,21.342129010008648,0.16224100545514375,21.179888004553504,0.003359993570484221,1.0102110099978745,0.15910499496385455,403.5709110030439,16.412157987360843,0.006720016244798899,420.14889400161337,59.95251503190957,15.307066030800343,3.2826999813551083,16.123740017064847,24.719326989725232,63.29755100887269,4.032303972053342,1.008003018796444,0.34326496825087816,1.4249009982449934,0.29315399297047406,0.006144007784314454,130.3734849934699,5.24219500948675,0.14099301188252866,23.542137001641095,0.04819197056349367,12.369614996714517,11.699755996232852,0.09088100341614336,0.5789779970655218,3.415500992559828,0.7608980085933581,0.005440000677481294,1.8983440095325932,8,0,8,0,0,,,,,,,,,,,,,,
rsg_object_detection,dropped_oldest,796,rsg_20260806_56_404879999_000796,dropped,True,fifo_cached_frame,778,86,0,690,86,0,1,0.0,43.94602200773079,frame_fifo_full,,,,,,,,,,,,,,,,,,,,,,,,,,,,,,,,,,,,,,,,,,,,,,,,,,,,,,,,
rsg_object_detection,dropped_oldest,797,rsg_20260806_56_454880000_000797,dropped,True,fifo_cached_frame,779,86,0,691,86,0,1,0.0,50.35727799986489,frame_fifo_full,,,,,,,,,,,,,,,,,,,,,,,,,,,,,,,,,,,,,,,,,,,,,,,,,,,,,,,,
rsg_object_detection,dropped_oldest,798,rsg_20260806_56_504880000_000798,dropped,True,fifo_cached_frame,780,86,0,692,86,0,1,0.0,50.29007799748797,frame_fifo_full,,,,,,,,,,,,,,,,,,,,,,,,,,,,,,,,,,,,,,,,,,,,,,,,,,,,,,,,
rsg_object_detection,dropped_oldest,799,rsg_20260806_56_554879999_000799,dropped,True,fifo_cached_frame,781,86,0,693,86,0,1,0.0,51.15219300205354,frame_fifo_full,,,,,,,,,,,,,,,,,,,,,,,,,,,,,,,,,,,,,,,,,,,,,,,,,,,,,,,,
rsg_object_detection,dropped_oldest,800,rsg_20260806_56_604880000_000800,dropped,True,fifo_cached_frame,782,86,0,694,86,0,1,0.0,59.12361499213148,frame_fifo_full,,,,,,,,,,,,,,,,,,,,,,,,,,,,,,,,,,,,,,,,,,,,,,,,,,,,,,,,
rsg_object_detection,dropped_oldest,801,rsg_20260806_56_654879999_000801,dropped,True,fifo_cached_frame,783,86,0,695,86,0,1,0.0,100.15432999352925,frame_fifo_full,,,,,,,,,,,,,,,,,,,,,,,,,,,,,,,,,,,,,,,,,,,,,,,,,,,,,,,,
rsg_object_detection,dropped_oldest,802,rsg_20260806_56_704880000_000802,dropped,True,fifo_cached_frame,784,86,0,696,86,0,1,0.0,14.610487007303163,frame_fifo_full,,,,,,,,,,,,,,,,,,,,,,,,,,,,,,,,,,,,,,,,,,,,,,,,,,,,,,,,
rsg_object_detection,dropped_oldest,803,rsg_20260806_56_754880000_000803,dropped,True,fifo_cached_frame,785,86,0,697,86,0,1,0.0,37.38618901115842,frame_fifo_full,,,,,,,,,,,,,,,,,,,,,,,,,,,,,,,,,,,,,,,,,,,,,,,,,,,,,,,,
rsg_object_detection,dropped_oldest,804,rsg_20260806_56_804879999_000804,dropped,True,fifo_cached_frame,786,86,0,698,86,0,1,0.0,33.80643199488986,frame_fifo_full,,,,,,,,,,,,,,,,,,,,,,,,,,,,,,,,,,,,,,,,,,,,,,,,,,,,,,,,
rsg_object_detection,dropped_oldest,805,rsg_20260806_56_854880000_000805,dropped,True,fifo_cached_frame,787,86,0,699,86,0,1,0.0,79.11386599880643,frame_fifo_full,,,,,,,,,,,,,,,,,,,,,,,,,,,,,,,,,,,,,,,,,,,,,,,,,,,,,,,,
rsg_object_detection,dropped_oldest,806,rsg_20260806_56_904879999_000806,dropped,True,fifo_cached_frame,788,86,0,700,86,0,1,0.0,22.085106989834458,frame_fifo_full,,,,,,,,,,,,,,,,,,,,,,,,,,,,,,,,,,,,,,,,,,,,,,,,,,,,,,,,
rsg_object_detection,frame_trace,795,rsg_20260806_56_254880000_000795,sent_to_hydra,,,,,,,,,,,729.369857988786,ok,10.068645991850644,694.7632640076336,23.203254997497424,0.11641599121503532,23.08683900628239,0.0019200087990611792,6.279704000917263,0.20841699733864516,358.78321100608446,27.922440989641473,0.009984010830521584,386.9240530038951,211.7515830177581,24.933951019193046,5.687636017682962,120.70461599796545,59.60697797127068,46.64708899508696,5.364531971281394,2.5627619615988806,0.4323860484873876,1.704166003037244,0.49792199570219964,0.006784001016058028,268.9888239983702,11.597356002312154,0.145088997669518,20.784590000403114,0.043648004066199064,4.8448500019731,4.269649012712762,0.09254399628844112,0.4826569929718971,4.282160007278435,0.934563999180682,0.007071983418427408,1.3327729830052704,8,0,8,0,0,,,,,,,,,,,,,,
rsg_object_detection,dropped_oldest,808,rsg_20260806_57_004879999_000808,dropped,True,fifo_cached_frame,790,87,0,701,87,0,1,0.0,48.27947799640242,frame_fifo_full,,,,,,,,,,,,,,,,,,,,,,,,,,,,,,,,,,,,,,,,,,,,,,,,,,,,,,,,
rsg_object_detection,dropped_oldest,809,rsg_20260806_57_054879999_000809,dropped,True,fifo_cached_frame,791,87,0,702,87,0,1,0.0,41.063098004087806,frame_fifo_full,,,,,,,,,,,,,,,,,,,,,,,,,,,,,,,,,,,,,,,,,,,,,,,,,,,,,,,,
rsg_object_detection,dropped_oldest,810,rsg_20260806_57_104880000_000810,dropped,True,fifo_cached_frame,792,87,0,703,87,0,1,0.0,102.14236700267065,frame_fifo_full,,,,,,,,,,,,,,,,,,,,,,,,,,,,,,,,,,,,,,,,,,,,,,,,,,,,,,,,
rsg_object_detection,dropped_oldest,811,rsg_20260806_57_204880000_000811,dropped,True,fifo_cached_frame,793,87,0,704,87,0,1,0.0,51.59424099838361,frame_fifo_full,,,,,,,,,,,,,,,,,,,,,,,,,,,,,,,,,,,,,,,,,,,,,,,,,,,,,,,,
rsg_object_detection,dropped_oldest,812,rsg_20260806_57_254880000_000812,dropped,True,fifo_cached_frame,794,87,0,705,87,0,1,0.0,50.51657299918588,frame_fifo_full,,,,,,,,,,,,,,,,,,,,,,,,,,,,,,,,,,,,,,,,,,,,,,,,,,,,,,,,
rsg_object_detection,dropped_oldest,813,rsg_20260806_57_304879999_000813,dropped,True,fifo_cached_frame,795,87,0,706,87,0,1,0.0,51.35174500173889,frame_fifo_full,,,,,,,,,,,,,,,,,,,,,,,,,,,,,,,,,,,,,,,,,,,,,,,,,,,,,,,,
rsg_object_detection,dropped_oldest,814,rsg_20260806_57_354880000_000814,dropped,True,fifo_cached_frame,796,87,0,707,87,0,1,0.0,154.33923499949742,frame_fifo_full,,,,,,,,,,,,,,,,,,,,,,,,,,,,,,,,,,,,,,,,,,,,,,,,,,,,,,,,
rsg_object_detection,dropped_oldest,815,rsg_20260806_57_504880000_000815,dropped,True,fifo_cached_frame,797,87,0,708,87,0,1,0.0,76.59894300741144,frame_fifo_full,,,,,,,,,,,,,,,,,,,,,,,,,,,,,,,,,,,,,,,,,,,,,,,,,,,,,,,,
rsg_object_detection,dropped_oldest,816,rsg_20260806_57_554879999_000816,dropped,True,fifo_cached_frame,798,87,0,709,87,0,1,0.0,14.693399003590457,frame_fifo_full,,,,,,,,,,,,,,,,,,,,,,,,,,,,,,,,,,,,,,,,,,,,,,,,,,,,,,,,
rsg_object_detection,dropped_oldest,817,rsg_20260806_57_604880000_000817,dropped,True,fifo_cached_frame,799,87,0,710,88,0,1,0.0,65.17144400277175,frame_fifo_full,,,,,,,,,,,,,,,,,,,,,,,,,,,,,,,,,,,,,,,,,,,,,,,,,,,,,,,,
rsg_object_detection,frame_trace,807,rsg_20260806_56_954880000_000807,sent_to_hydra,,,,,,,,,,,700.628228005371,ok,10.66173599974718,631.2549750000471,56.80287099676207,0.1512970047770068,56.65157399198506,0.004479996277950704,6.9476419885177165,0.20195300749037415,369.8723629931919,17.106272003729828,0.007071997970342636,387.1876600023825,142.97800802160054,19.679273013025522,4.600848027621396,99.47371702583041,18.552579975221306,60.94787699112203,4.627279995474964,1.0120679653482512,0.3513940318953246,1.3848689995938912,0.10528000711929053,0.004255998646840453,211.4270320016658,3.0783480033278465,0.13465600204654038,22.425684001063928,0.053953001042827964,5.999991000862792,5.311540007824078,0.08780798816587776,0.6006430048728362,3.927375000785105,0.7297940028365701,0.00457599526271224,1.9041660125367343,8,0,8,0,0,,,,,,,,,,,,,,
rsg_object_detection,dropped_oldest,819,rsg_20260806_57_754880000_000819,dropped,True,fifo_cached_frame,801,88,0,711,88,0,1,0.0,48.56245400151238,frame_fifo_full,,,,,,,,,,,,,,,,,,,,,,,,,,,,,,,,,,,,,,,,,,,,,,,,,,,,,,,,
rsg_object_detection,dropped_oldest,820,rsg_20260806_57_804879999_000820,dropped,True,fifo_cached_frame,802,88,0,712,88,0,1,0.0,50.92927899386268,frame_fifo_full,,,,,,,,,,,,,,,,,,,,,,,,,,,,,,,,,,,,,,,,,,,,,,,,,,,,,,,,
rsg_object_detection,dropped_oldest,821,rsg_20260806_57_854880000_000821,dropped,True,fifo_cached_frame,803,88,0,713,88,0,1,0.0,52.709412993863225,frame_fifo_full,,,,,,,,,,,,,,,,,,,,,,,,,,,,,,,,,,,,,,,,,,,,,,,,,,,,,,,,
rsg_object_detection,dropped_oldest,822,rsg_20260806_57_904879999_000822,dropped,True,fifo_cached_frame,804,88,0,714,88,0,1,0.0,46.508589992299676,frame_fifo_full,,,,,,,,,,,,,,,,,,,,,,,,,,,,,,,,,,,,,,,,,,,,,,,,,,,,,,,,
rsg_object_detection,dropped_oldest,823,rsg_20260806_57_954880000_000823,dropped,True,fifo_cached_frame,805,88,0,715,88,0,1,0.0,60.161856992635876,frame_fifo_full,,,,,,,,,,,,,,,,,,,,,,,,,,,,,,,,,,,,,,,,,,,,,,,,,,,,,,,,
rsg_object_detection,dropped_oldest,824,rsg_20260806_58_004879999_000824,dropped,True,fifo_cached_frame,806,88,0,716,88,0,1,0.0,98.31364700221457,frame_fifo_full,,,,,,,,,,,,,,,,,,,,,,,,,,,,,,,,,,,,,,,,,,,,,,,,,,,,,,,,
rsg_object_detection,dropped_oldest,825,rsg_20260806_58_104880000_000825,dropped,True,fifo_cached_frame,807,88,0,717,88,0,1,0.0,40.40437399817165,frame_fifo_full,,,,,,,,,,,,,,,,,,,,,,,,,,,,,,,,,,,,,,,,,,,,,,,,,,,,,,,,
rsg_object_detection,dropped_oldest,826,rsg_20260806_58_154879999_000826,dropped,True,fifo_cached_frame,808,88,0,718,88,0,1,0.0,62.60858500900213,frame_fifo_full,,,,,,,,,,,,,,,,,,,,,,,,,,,,,,,,,,,,,,,,,,,,,,,,,,,,,,,,
rsg_object_detection,dropped_oldest,827,rsg_20260806_58_204880000_000827,dropped,True,fifo_cached_frame,809,88,0,719,88,0,1,0.0,50.34853899269365,frame_fifo_full,,,,,,,,,,,,,,,,,,,,,,,,,,,,,,,,,,,,,,,,,,,,,,,,,,,,,,,,
rsg_object_detection,frame_trace,818,rsg_20260806_57_654879999_000818,sent_to_hydra,,,,,,,,,,,607.4697570002172,ok,14.577141992049292,588.1885660055559,3.109643002972007,0.14832000306341797,2.961322999908589,0.0029759976314380765,0.9437160042580217,0.20227300410624593,354.3561109981965,20.937262001098134,0.006784990546293557,375.5024309939472,119.03740299749188,22.449426003731787,4.949268986820243,67.48216997948475,23.46939899143763,55.988912004977465,3.8681099977111444,1.1560369894141331,0.31561701325699687,1.3924529921496287,0.3285769926151261,0.005376001354306936,182.10790900047868,4.85291400400456,0.11936099326703697,24.62306700181216,0.03916800778824836,9.613027999876067,9.052128996700048,0.0832009973237291,0.4776980058522895,4.09799900080543,0.8595870021963492,0.00652798917144537,1.5914300020085648,8,0,8,0,0,,,,,,,,,,,,,,
rsg_object_detection,dropped_oldest,829,rsg_20260806_58_304879999_000829,dropped,True,fifo_cached_frame,811,89,0,720,89,0,1,0.0,40.90124000504147,frame_fifo_full,,,,,,,,,,,,,,,,,,,,,,,,,,,,,,,,,,,,,,,,,,,,,,,,,,,,,,,,
rsg_object_detection,dropped_oldest,830,rsg_20260806_58_354880000_000830,dropped,True,fifo_cached_frame,812,89,0,721,89,0,1,0.0,38.49687898764387,frame_fifo_full,,,,,,,,,,,,,,,,,,,,,,,,,,,,,,,,,,,,,,,,,,,,,,,,,,,,,,,,
rsg_object_detection,dropped_oldest,831,rsg_20260806_58_404879999_000831,dropped,True,fifo_cached_frame,813,89,0,722,89,0,1,0.0,51.65238500921987,frame_fifo_full,,,,,,,,,,,,,,,,,,,,,,,,,,,,,,,,,,,,,,,,,,,,,,,,,,,,,,,,
rsg_object_detection,dropped_oldest,832,rsg_20260806_58_454880000_000832,dropped,True,fifo_cached_frame,814,89,0,723,89,0,1,0.0,51.834944999427535,frame_fifo_full,,,,,,,,,,,,,,,,,,,,,,,,,,,,,,,,,,,,,,,,,,,,,,,,,,,,,,,,
rsg_object_detection,dropped_oldest,833,rsg_20260806_58_504880000_000833,dropped,True,fifo_cached_frame,815,89,0,724,89,0,1,0.0,49.09707899787463,frame_fifo_full,,,,,,,,,,,,,,,,,,,,,,,,,,,,,,,,,,,,,,,,,,,,,,,,,,,,,,,,
rsg_object_detection,dropped_oldest,834,rsg_20260806_58_554879999_000834,dropped,True,fifo_cached_frame,816,89,0,725,89,0,1,0.0,112.91734701080713,frame_fifo_full,,,,,,,,,,,,,,,,,,,,,,,,,,,,,,,,,,,,,,,,,,,,,,,,,,,,,,,,
rsg_object_detection,dropped_oldest,835,rsg_20260806_58_654879999_000835,dropped,True,fifo_cached_frame,817,89,0,726,89,0,1,0.0,37.31530701043084,frame_fifo_full,,,,,,,,,,,,,,,,,,,,,,,,,,,,,,,,,,,,,,,,,,,,,,,,,,,,,,,,
rsg_object_detection,dropped_oldest,836,rsg_20260806_58_704880000_000836,dropped,True,fifo_cached_frame,818,89,0,727,89,0,1,0.0,60.18729601055384,frame_fifo_full,,,,,,,,,,,,,,,,,,,,,,,,,,,,,,,,,,,,,,,,,,,,,,,,,,,,,,,,
rsg_object_detection,frame_trace,828,rsg_20260806_58_254880000_000828,sent_to_hydra,,,,,,,,,,,603.3593309985008,ok,9.540355007629842,560.578019998502,31.897174994810484,0.19273700308986008,31.704437991720624,0.0016319972928613424,6.162839010357857,0.2508809993742034,394.38300199981313,19.08595899294596,0.02211199898738414,413.7419539911207,66.41051797487307,15.388792991871014,12.683406996075064,20.958765991963446,16.786206993856467,40.56011899956502,3.8058699865359813,1.2581490154843777,0.3183060325682163,1.4139889972284436,0.34608200076036155,0.004032001015730202,114.13316099788062,4.78353699145373,0.13638500240631402,21.583440000540577,0.03670400474220514,5.231186994933523,4.636081997887231,0.0991360138868913,0.4959689831594005,3.5335819993633777,0.7707859913352877,0.004800021997652948,1.3421490002656356,8,0,8,0,0,,,,,,,,,,,,,,
rsg_object_detection,dropped_oldest,838,rsg_20260806_58_904879999_000838,dropped,True,fifo_cached_frame,820,90,0,728,90,0,1,0.0,14.578453992726281,frame_fifo_full,,,,,,,,,,,,,,,,,,,,,,,,,,,,,,,,,,,,,,,,,,,,,,,,,,,,,,,,
rsg_object_detection,dropped_oldest,839,rsg_20260806_58_954880000_000839,dropped,True,fifo_cached_frame,821,90,0,729,90,0,1,0.0,24.3682180007454,frame_fifo_full,,,,,,,,,,,,,,,,,,,,,,,,,,,,,,,,,,,,,,,,,,,,,,,,,,,,,,,,
rsg_object_detection,dropped_oldest,840,rsg_20260806_59_004879999_000840,dropped,True,fifo_cached_frame,822,90,0,730,90,0,1,0.0,49.21189500601031,frame_fifo_full,,,,,,,,,,,,,,,,,,,,,,,,,,,,,,,,,,,,,,,,,,,,,,,,,,,,,,,,
rsg_object_detection,dropped_oldest,841,rsg_20260806_59_054879999_000841,dropped,True,fifo_cached_frame,823,90,0,731,90,0,1,0.0,103.77014298865106,frame_fifo_full,,,,,,,,,,,,,,,,,,,,,,,,,,,,,,,,,,,,,,,,,,,,,,,,,,,,,,,,
rsg_object_detection,dropped_oldest,842,rsg_20260806_59_154879999_000842,dropped,True,fifo_cached_frame,824,90,0,732,90,0,1,0.0,49.16418099310249,frame_fifo_full,,,,,,,,,,,,,,,,,,,,,,,,,,,,,,,,,,,,,,,,,,,,,,,,,,,,,,,,
rsg_object_detection,dropped_oldest,843,rsg_20260806_59_204880000_000843,dropped,True,fifo_cached_frame,825,90,0,733,90,0,1,0.0,49.24382900935598,frame_fifo_full,,,,,,,,,,,,,,,,,,,,,,,,,,,,,,,,,,,,,,,,,,,,,,,,,,,,,,,,
rsg_object_detection,frame_trace,837,rsg_20260806_58_754880000_000837,sent_to_hydra,,,,,,,,,,,737.3226639901986,ok,10.592102989903651,607.6212549960474,117.83733399352059,0.1507199922343716,117.68661400128622,0.0021120067685842514,1.0739239951362833,0.19827298820018768,421.0942619974958,17.523040995001793,0.0063040206441655755,438.8218800013419,88.04013300687075,18.020256989984773,5.32350898720324,41.02299902297091,23.037845006911084,49.98469600104727,4.0707350126467645,0.9244839893653989,0.3339209797559306,1.3994610053487122,0.10191999899689108,0.004159999662078917,144.87509400350973,2.7673709992086515,0.13443200441543013,19.90317700256128,0.04537698987405747,6.115670999861322,5.481940999743529,0.10566400305833668,0.528065997059457,3.68519700714387,0.7860829937271774,0.005151989171281457,1.2698600039584562,8,0,8,0,0,,,,,,,,,,,,,,
rsg_object_detection,dropped_oldest,845,rsg_20260806_59_404879999_000845,dropped,True,fifo_cached_frame,827,91,0,734,91,0,1,0.0,4.50311999884434,frame_fifo_full,,,,,,,,,,,,,,,,,,,,,,,,,,,,,,,,,,,,,,,,,,,,,,,,,,,,,,,,
rsg_object_detection,dropped_oldest,846,rsg_20260806_59_454880000_000846,dropped,True,fifo_cached_frame,828,91,0,735,91,0,1,0.0,6.491608000942506,frame_fifo_full,,,,,,,,,,,,,,,,,,,,,,,,,,,,,,,,,,,,,,,,,,,,,,,,,,,,,,,,
rsg_object_detection,dropped_oldest,847,rsg_20260806_59_554879999_000847,dropped,True,fifo_cached_frame,829,91,0,736,91,0,1,0.0,32.119094001245685,frame_fifo_full,,,,,,,,,,,,,,,,,,,,,,,,,,,,,,,,,,,,,,,,,,,,,,,,,,,,,,,,
rsg_object_detection,dropped_oldest,848,rsg_20260806_59_604880000_000848,dropped,True,fifo_cached_frame,830,91,0,737,91,0,1,0.0,51.419805007753894,frame_fifo_full,,,,,,,,,,,,,,,,,,,,,,,,,,,,,,,,,,,,,,,,,,,,,,,,,,,,,,,,
rsg_object_detection,dropped_oldest,849,rsg_20260806_59_654879999_000849,dropped,True,fifo_cached_frame,831,91,0,738,91,0,1,0.0,103.18335700139869,frame_fifo_full,,,,,,,,,,,,,,,,,,,,,,,,,,,,,,,,,,,,,,,,,,,,,,,,,,,,,,,,
rsg_object_detection,dropped_oldest,850,rsg_20260806_59_754880000_000850,dropped,True,fifo_cached_frame,832,91,0,739,91,0,1,0.0,48.22414599766489,frame_fifo_full,,,,,,,,,,,,,,,,,,,,,,,,,,,,,,,,,,,,,,,,,,,,,,,,,,,,,,,,
rsg_object_detection,dropped_oldest,851,rsg_20260806_59_804879999_000851,dropped,True,fifo_cached_frame,833,91,0,740,91,0,1,0.0,101.76911098824348,frame_fifo_full,,,,,,,,,,,,,,,,,,,,,,,,,,,,,,,,,,,,,,,,,,,,,,,,,,,,,,,,
rsg_object_detection,dropped_oldest,852,rsg_20260806_59_904879999_000852,dropped,True,fifo_cached_frame,834,91,0,741,91,0,1,0.0,46.94391701195855,frame_fifo_full,,,,,,,,,,,,,,,,,,,,,,,,,,,,,,,,,,,,,,,,,,,,,,,,,,,,,,,,
rsg_object_detection,dropped_oldest,853,rsg_20260806_59_954880000_000853,dropped,True,fifo_cached_frame,835,91,0,742,91,0,1,0.0,76.53545000357553,frame_fifo_full,,,,,,,,,,,,,,,,,,,,,,,,,,,,,,,,,,,,,,,,,,,,,,,,,,,,,,,,
rsg_object_detection,frame_trace,844,rsg_20260806_59_254880000_000844,sent_to_hydra,,,,,,,,,,,826.4732240058947,ok,9.255010008928366,556.5509809966898,259.4496930105379,0.17776100139599293,259.2719320091419,0.005151989171281457,0.9869479981716722,0.2295689919264987,340.59872799844015,19.501448012306355,0.009439987479709089,360.3391849901527,122.64176498865709,16.627774020889774,4.332273994805291,76.81701898400206,24.145815972588025,41.50773699802812,5.0097780040232465,2.4390170146944,0.3628810081863776,1.4366460090968758,0.11606399493757635,0.00483199255540967,173.53369599732105,2.658761994098313,0.14089600881561637,18.851750006433576,0.03974400169681758,4.422063997481018,3.8265420007519424,0.09129600948654115,0.5042259872425348,4.003535010269843,0.8233950065914541,0.00601599458605051,1.2123880005674437,8,0,8,0,0,,,,,,,,,,,,,,
rsg_object_detection,dropped_oldest,855,rsg_20260806_60_104880000_000855,dropped,True,fifo_cached_frame,837,92,0,743,92,0,1,0.0,52.40656000387389,frame_fifo_full,,,,,,,,,,,,,,,,,,,,,,,,,,,,,,,,,,,,,,,,,,,,,,,,,,,,,,,,
rsg_object_detection,dropped_oldest,856,rsg_20260806_60_154879999_000856,dropped,True,fifo_cached_frame,838,92,0,744,92,0,1,0.0,97.58586199313868,frame_fifo_full,,,,,,,,,,,,,,,,,,,,,,,,,,,,,,,,,,,,,,,,,,,,,,,,,,,,,,,,
rsg_object_detection,dropped_oldest,857,rsg_20260806_60_254880000_000857,dropped,True,fifo_cached_frame,839,92,0,745,92,0,1,0.0,50.37336800887715,frame_fifo_full,,,,,,,,,,,,,,,,,,,,,,,,,,,,,,,,,,,,,,,,,,,,,,,,,,,,,,,,
rsg_object_detection,dropped_oldest,858,rsg_20260806_60_304879999_000858,dropped,True,fifo_cached_frame,840,92,0,746,92,0,1,0.0,52.15817500720732,frame_fifo_full,,,,,,,,,,,,,,,,,,,,,,,,,,,,,,,,,,,,,,,,,,,,,,,,,,,,,,,,
rsg_object_detection,dropped_oldest,859,rsg_20260806_60_354880000_000859,dropped,True,fifo_cached_frame,841,92,0,747,92,0,1,0.0,48.28379199898336,frame_fifo_full,,,,,,,,,,,,,,,,,,,,,,,,,,,,,,,,,,,,,,,,,,,,,,,,,,,,,,,,
rsg_object_detection,,418,rsg_20260806_33_854880000_000418,vlm_done,,,,,,,,,,,,ok,,,,,,,,,,,,,,,,,,,,,,,,,,,,,,,,,,,,,,,,,,,rsg_obj_000038,rsg_unknown_rsg_20260806_33_854880000_000418_005_nanosam_000,,,1,0.5971506021278427,door,0.97,static,0.99,6890.738826012239,20650.353247008752,qwen_http,Qwen3-VL-8B-Instruct-GGUF
rsg_object_detection,completed,418,rsg_20260806_33_854880000_000418,,,,,,,,,,,13759.612693000236,,vlm_done,,,,,,,,,,,,,,,,,,,,,,,,,,,,,,,,,,,,,,,,,,,rsg_obj_000038,rsg_unknown_rsg_20260806_33_854880000_000418_005_nanosam_000,17,300,1,0.5971506021278427,,,,,,,,
rsg_object_detection,dropped_oldest,860,rsg_20260806_60_404879999_000860,dropped,True,fifo_cached_frame,842,92,0,748,92,0,1,0.0,107.64733800897375,frame_fifo_full,,,,,,,,,,,,,,,,,,,,,,,,,,,,,,,,,,,,,,,,,,,,,,,,,,,,,,,,
rsg_object_detection,dequeued,441,rsg_20260806_35_254880000_000441,,,,,,,,,,,19137.4747689988,,fifo_order,,,,,,,,,,,,,,,,,,,,,,,,,,,,,,,,,,,,,,,,,,,rsg_obj_000042,rsg_unknown_rsg_20260806_35_254880000_000441_002_nanosam_002,16,300,1,0.4743668023786466,,,,,,,,
rsg_object_detection,dropped_oldest,861,rsg_20260806_60_504880000_000861,dropped,True,fifo_cached_frame,843,92,0,749,92,0,1,0.0,45.04547700344119,frame_fifo_full,,,,,,,,,,,,,,,,,,,,,,,,,,,,,,,,,,,,,,,,,,,,,,,,,,,,,,,,
rsg_object_detection,dropped_oldest,862,rsg_20260806_60_554879999_000862,dropped,True,fifo_cached_frame,844,92,0,750,92,0,1,0.0,52.02067000209354,frame_fifo_full,,,,,,,,,,,,,,,,,,,,,,,,,,,,,,,,,,,,,,,,,,,,,,,,,,,,,,,,
rsg_object_detection,dropped_oldest,863,rsg_20260806_60_604880000_000863,dropped,True,fifo_cached_frame,845,92,0,751,92,0,1,0.0,102.60034399107099,frame_fifo_full,,,,,,,,,,,,,,,,,,,,,,,,,,,,,,,,,,,,,,,,,,,,,,,,,,,,,,,,
rsg_object_detection,frame_trace,854,rsg_20260806_60_004879999_000854,sent_to_hydra,,,,,,,,,,,689.3894669919973,ok,12.092043994925916,612.729890999617,63.338087988086045,0.17206399934366345,63.16602398874238,0.003712004399858415,2.9928750009275973,0.25836899294517934,343.10541598824784,21.13486098824069,0.005824025720357895,364.50446999515407,161.0409100103425,36.75498299708124,8.286270021926612,65.17521401110571,50.045080002746545,54.953225000645034,3.972175996750593,0.39715298044029623,0.30563201289623976,1.4056050131330267,0.10646400914993137,0.00457599526271224,222.20222100440878,3.054988002986647,0.12892800441477448,19.806025011348538,0.04038398037664592,8.015516999876127,7.4004750058520585,0.0997119932435453,0.5153300007805228,3.3475639938842505,0.723715013009496,0.005247988156042993,1.2257320049684495,8,0,8,0,0,,,,,,,,,,,,,,
rsg_object_detection,dropped_oldest,865,rsg_20260806_60_754880000_000865,dropped,True,fifo_cached_frame,847,93,0,752,93,0,1,0.0,37.138760002562776,frame_fifo_full,,,,,,,,,,,,,,,,,,,,,,,,,,,,,,,,,,,,,,,,,,,,,,,,,,,,,,,,
rsg_object_detection,dropped_oldest,866,rsg_20260806_60_804879999_000866,dropped,True,fifo_cached_frame,848,93,0,753,93,0,1,0.0,52.03206300211605,frame_fifo_full,,,,,,,,,,,,,,,,,,,,,,,,,,,,,,,,,,,,,,,,,,,,,,,,,,,,,,,,
rsg_object_detection,dropped_oldest,867,rsg_20260806_60_854880000_000867,dropped,True,fifo_cached_frame,849,93,0,754,93,0,1,0.0,48.04667200369295,frame_fifo_full,,,,,,,,,,,,,,,,,,,,,,,,,,,,,,,,,,,,,,,,,,,,,,,,,,,,,,,,
rsg_object_detection,dropped_oldest,868,rsg_20260806_60_904879999_000868,dropped,True,fifo_cached_frame,850,93,0,755,93,0,1,0.0,102.14638999605086,frame_fifo_full,,,,,,,,,,,,,,,,,,,,,,,,,,,,,,,,,,,,,,,,,,,,,,,,,,,,,,,,
rsg_object_detection,dropped_oldest,869,rsg_20260806_61_004879999_000869,dropped,True,fifo_cached_frame,851,93,0,756,93,0,1,0.0,120.15243800124153,frame_fifo_full,,,,,,,,,,,,,,,,,,,,,,,,,,,,,,,,,,,,,,,,,,,,,,,,,,,,,,,,
rsg_object_detection,dropped_oldest,870,rsg_20260806_61_104880000_000870,dropped,True,fifo_cached_frame,852,93,0,757,93,0,1,0.0,29.7497399878921,frame_fifo_full,,,,,,,,,,,,,,,,,,,,,,,,,,,,,,,,,,,,,,,,,,,,,,,,,,,,,,,,
rsg_object_detection,dropped_oldest,871,rsg_20260806_61_154879999_000871,dropped,True,fifo_cached_frame,853,93,0,758,93,0,1,0.0,105.24383799929637,frame_fifo_full,,,,,,,,,,,,,,,,,,,,,,,,,,,,,,,,,,,,,,,,,,,,,,,,,,,,,,,,
rsg_object_detection,dropped_oldest,872,rsg_20260806_61_204880000_000872,dropped,True,fifo_cached_frame,854,93,0,759,93,0,1,0.0,26.329215004807338,frame_fifo_full,,,,,,,,,,,,,,,,,,,,,,,,,,,,,,,,,,,,,,,,,,,,,,,,,,,,,,,,
rsg_object_detection,frame_trace,864,rsg_20260806_60_704880000_000864,sent_to_hydra,,,,,,,,,,,590.4437860008329,ok,12.402861000737175,556.2175800005207,20.520842997939326,0.1499210047768429,20.370921993162483,0.00214400643017143,0.9259549988200888,0.1656969980103895,337.9822920105653,23.033395991660655,0.00723199627827853,361.1886169965146,109.83972600661218,25.11567302281037,8.21289602026809,47.77418897720054,28.049862012267113,40.43016200012062,4.396048010676168,1.6993650060612708,0.33021198760252446,1.3655090006068349,0.4153609916102141,0.0042239989852532744,158.49529500701465,10.4327419976471,0.1456320023862645,24.984667004900984,0.04467199323698878,7.423546994687058,6.803289012168534,0.1136009959736839,0.50665698654484,4.12254300317727,0.8511390042258427,0.005631998647004366,1.3003579952055588,8,0,8,0,0,,,,,,,,,,,,,,
rsg_object_detection,dropped_oldest,874,rsg_20260806_61_404879999_000874,dropped,True,fifo_cached_frame,856,94,0,760,94,0,1,0.0,49.21358700084966,frame_fifo_full,,,,,,,,,,,,,,,,,,,,,,,,,,,,,,,,,,,,,,,,,,,,,,,,,,,,,,,,
rsg_object_detection,dropped_oldest,875,rsg_20260806_61_454880000_000875,dropped,True,fifo_cached_frame,857,94,0,761,94,0,1,0.0,40.43073899811134,frame_fifo_full,,,,,,,,,,,,,,,,,,,,,,,,,,,,,,,,,,,,,,,,,,,,,,,,,,,,,,,,
rsg_object_detection,dropped_oldest,876,rsg_20260806_61_504880000_000876,dropped,True,fifo_cached_frame,858,94,0,762,94,0,1,0.0,62.106529003358446,frame_fifo_full,,,,,,,,,,,,,,,,,,,,,,,,,,,,,,,,,,,,,,,,,,,,,,,,,,,,,,,,
rsg_object_detection,dropped_oldest,877,rsg_20260806_61_554879999_000877,dropped,True,fifo_cached_frame,859,94,0,763,94,0,1,0.0,39.55179199692793,frame_fifo_full,,,,,,,,,,,,,,,,,,,,,,,,,,,,,,,,,,,,,,,,,,,,,,,,,,,,,,,,
rsg_object_detection,dropped_oldest,878,rsg_20260806_61_604880000_000878,dropped,True,fifo_cached_frame,860,94,0,764,94,0,1,0.0,58.978869987186044,frame_fifo_full,,,,,,,,,,,,,,,,,,,,,,,,,,,,,,,,,,,,,,,,,,,,,,,,,,,,,,,,
rsg_object_detection,dropped_oldest,879,rsg_20260806_61_654879999_000879,dropped,True,fifo_cached_frame,861,94,0,765,94,0,1,0.0,64.39792999299243,frame_fifo_full,,,,,,,,,,,,,,,,,,,,,,,,,,,,,,,,,,,,,,,,,,,,,,,,,,,,,,,,
rsg_object_detection,dropped_oldest,880,rsg_20260806_61_704880000_000880,dropped,True,fifo_cached_frame,862,94,0,766,94,0,1,0.0,26.64400100184139,frame_fifo_full,,,,,,,,,,,,,,,,,,,,,,,,,,,,,,,,,,,,,,,,,,,,,,,,,,,,,,,,
rsg_object_detection,dropped_oldest,881,rsg_20260806_61_754880000_000881,dropped,True,fifo_cached_frame,863,94,0,767,94,0,1,0.0,65.7646229956299,frame_fifo_full,,,,,,,,,,,,,,,,,,,,,,,,,,,,,,,,,,,,,,,,,,,,,,,,,,,,,,,,
rsg_object_detection,dropped_oldest,882,rsg_20260806_61_804879999_000882,dropped,True,fifo_cached_frame,864,94,0,768,94,0,1,0.0,33.15135301090777,frame_fifo_full,,,,,,,,,,,,,,,,,,,,,,,,,,,,,,,,,,,,,,,,,,,,,,,,,,,,,,,,
rsg_object_detection,dropped_oldest,883,rsg_20260806_61_854880000_000883,dropped,True,fifo_cached_frame,865,94,0,769,94,0,1,0.0,76.01509201049339,frame_fifo_full,,,,,,,,,,,,,,,,,,,,,,,,,,,,,,,,,,,,,,,,,,,,,,,,,,,,,,,,
rsg_object_detection,frame_trace,873,rsg_20260806_61_254880000_000873,sent_to_hydra,,,,,,,,,,,654.0239419991849,ok,9.537281992379576,614.319478001562,28.89008900092449,0.15430500207003206,28.73578399885446,0.0016319972928613424,1.1440679954830557,0.21571299294009805,403.09602400520816,20.321992997196503,0.009280003723688424,423.64300999906845,120.50405298941769,21.01236402813811,4.732689980301075,35.3985280089546,58.584116006386466,35.97987499961164,4.38276598288212,0.9926770144375041,0.33869002072606236,1.4259570016292855,0.1269450003746897,0.004639994585886598,163.7706750043435,2.9604269948322326,0.13888000103179365,22.62273798987735,0.03968001692555845,5.354770997655578,4.825330004678108,0.10656000813469291,0.42288098484277725,3.4954369912156835,0.682497993693687,0.004576009814627469,1.2754610070260242,8,0,8,0,0,,,,,,,,,,,,,,
rsg_object_detection,dropped_oldest,885,rsg_20260806_61_954880000_000885,dropped,True,fifo_cached_frame,867,95,0,770,95,0,1,0.0,39.9627050064737,frame_fifo_full,,,,,,,,,,,,,,,,,,,,,,,,,,,,,,,,,,,,,,,,,,,,,,,,,,,,,,,,
rsg_object_detection,dropped_oldest,886,rsg_20260806_62_004879999_000886,dropped,True,fifo_cached_frame,868,95,0,771,95,0,1,0.0,50.367830001050606,frame_fifo_full,,,,,,,,,,,,,,,,,,,,,,,,,,,,,,,,,,,,,,,,,,,,,,,,,,,,,,,,
rsg_object_detection,dropped_oldest,887,rsg_20260806_62_054879999_000887,dropped,True,fifo_cached_frame,869,95,0,772,95,0,1,0.0,50.43477300205268,frame_fifo_full,,,,,,,,,,,,,,,,,,,,,,,,,,,,,,,,,,,,,,,,,,,,,,,,,,,,,,,,
rsg_object_detection,dropped_oldest,888,rsg_20260806_62_104880000_000888,dropped,True,fifo_cached_frame,870,95,0,773,95,0,1,0.0,51.82933900505304,frame_fifo_full,,,,,,,,,,,,,,,,,,,,,,,,,,,,,,,,,,,,,,,,,,,,,,,,,,,,,,,,
rsg_object_detection,dropped_oldest,889,rsg_20260806_62_154879999_000889,dropped,True,fifo_cached_frame,871,95,0,774,95,0,1,0.0,50.30546200578101,frame_fifo_full,,,,,,,,,,,,,,,,,,,,,,,,,,,,,,,,,,,,,,,,,,,,,,,,,,,,,,,,
rsg_object_detection,dropped_oldest,890,rsg_20260806_62_204880000_000890,dropped,True,fifo_cached_frame,872,95,0,775,95,0,1,0.0,51.31804100528825,frame_fifo_full,,,,,,,,,,,,,,,,,,,,,,,,,,,,,,,,,,,,,,,,,,,,,,,,,,,,,,,,
rsg_object_detection,dropped_oldest,891,rsg_20260806_62_254880000_000891,dropped,True,fifo_cached_frame,873,95,0,776,95,0,1,0.0,50.70891800278332,frame_fifo_full,,,,,,,,,,,,,,,,,,,,,,,,,,,,,,,,,,,,,,,,,,,,,,,,,,,,,,,,
rsg_object_detection,dropped_oldest,892,rsg_20260806_62_304879999_000892,dropped,True,fifo_cached_frame,874,95,0,777,95,0,1,0.0,121.1374280101154,frame_fifo_full,,,,,,,,,,,,,,,,,,,,,,,,,,,,,,,,,,,,,,,,,,,,,,,,,,,,,,,,
rsg_object_detection,dropped_oldest,893,rsg_20260806_62_404879999_000893,dropped,True,fifo_cached_frame,875,95,0,778,95,0,1,0.0,28.673958993749693,frame_fifo_full,,,,,,,,,,,,,,,,,,,,,,,,,,,,,,,,,,,,,,,,,,,,,,,,,,,,,,,,
rsg_object_detection,frame_trace,884,rsg_20260806_61_904879999_000884,sent_to_hydra,,,,,,,,,,,568.962213001214,ok,9.338018004200421,532.2666560095968,26.060062999022193,0.15299199731089175,25.9070710017113,0.0020799925550818443,2.2759440034860745,0.29174500377848744,354.49615999823436,22.880657998030074,0.006304006092250347,377.6748670061352,66.86852898565121,20.645963959395885,5.559027005801909,17.6178239780711,22.23739201144781,50.65589500009082,6.4477690029889345,4.430381988640875,0.48361701192334294,1.683110007434152,0.11660900781862438,0.005055990186519921,130.7086950109806,2.967979002278298,0.13689600746147335,18.455523008015007,0.0467519712401554,5.257683005766012,4.5845279964851215,0.09273600880987942,0.5804190004710108,3.3016119996318594,0.7731869991403073,0.00553599966224283,1.295395995839499,8,0,8,0,0,,,,,,,,,,,,,,
rsg_object_detection,dropped_oldest,895,rsg_20260806_62_554879999_000895,dropped,True,fifo_cached_frame,877,96,0,779,96,0,1,0.0,47.733419996802695,frame_fifo_full,,,,,,,,,,,,,,,,,,,,,,,,,,,,,,,,,,,,,,,,,,,,,,,,,,,,,,,,
rsg_object_detection,dropped_oldest,896,rsg_20260806_62_604880000_000896,dropped,True,fifo_cached_frame,878,96,0,780,96,0,1,0.0,40.5303220031783,frame_fifo_full,,,,,,,,,,,,,,,,,,,,,,,,,,,,,,,,,,,,,,,,,,,,,,,,,,,,,,,,
rsg_object_detection,dropped_oldest,897,rsg_20260806_62_654879999_000897,dropped,True,fifo_cached_frame,879,96,0,781,96,0,1,0.0,52.2362530027749,frame_fifo_full,,,,,,,,,,,,,,,,,,,,,,,,,,,,,,,,,,,,,,,,,,,,,,,,,,,,,,,,
rsg_object_detection,dropped_oldest,898,rsg_20260806_62_704880000_000898,dropped,True,fifo_cached_frame,880,96,0,782,96,0,1,0.0,102.5709929963341,frame_fifo_full,,,,,,,,,,,,,,,,,,,,,,,,,,,,,,,,,,,,,,,,,,,,,,,,,,,,,,,,
rsg_object_detection,dropped_oldest,899,rsg_20260806_62_804879999_000899,dropped,True,fifo_cached_frame,881,96,0,783,96,0,1,0.0,112.85394200240262,frame_fifo_full,,,,,,,,,,,,,,,,,,,,,,,,,,,,,,,,,,,,,,,,,,,,,,,,,,,,,,,,
rsg_object_detection,dropped_oldest,900,rsg_20260806_62_904879999_000900,dropped,True,fifo_cached_frame,882,96,0,784,96,0,1,0.0,191.5088800014928,frame_fifo_full,,,,,,,,,,,,,,,,,,,,,,,,,,,,,,,,,,,,,,,,,,,,,,,,,,,,,,,,
rsg_object_detection,dropped_oldest,901,rsg_20260806_62_954880000_000901,dropped,True,fifo_cached_frame,883,96,0,785,96,0,1,0.0,3.010731001268141,frame_fifo_full,,,,,,,,,,,,,,,,,,,,,,,,,,,,,,,,,,,,,,,,,,,,,,,,,,,,,,,,
rsg_object_detection,dropped_oldest,902,rsg_20260806_63_004879999_000902,dropped,True,fifo_cached_frame,884,96,0,786,96,0,1,0.0,5.481715998030268,frame_fifo_full,,,,,,,,,,,,,,,,,,,,,,,,,,,,,,,,,,,,,,,,,,,,,,,,,,,,,,,,
rsg_object_detection,frame_trace,894,rsg_20260806_62_454880000_000894,sent_to_hydra,,,,,,,,,,,672.1013299975311,ok,20.01293499779422,599.3887490039924,51.55733699211851,0.1296319969696924,51.427704995148815,0.0015999976312741637,0.9981149923987687,0.16220900579355657,349.4618659897242,20.07607299310621,0.00764802098274231,369.7077960096067,137.34679900517222,38.904139000806026,5.66001700644847,41.18671000469476,49.28398600895889,62.31961499725003,3.2010660361265764,0.9915570117300376,0.32678495335858315,1.385380994179286,0.31184099498204887,0.005920010153204203,205.90598799753934,4.911282012471929,0.14147300680633634,17.687742991256528,0.03635199391283095,16.108889001770876,15.493976010475308,0.09113599662669003,0.5237769946688786,3.271116001997143,0.6287059950409457,0.0042239989852532744,1.1407090059947222,8,0,7,0,0,,,,,,,,,,,,,,
rsg_object_detection,dropped_oldest,904,rsg_20260806_63_154879999_000904,dropped,True,fifo_cached_frame,886,97,0,787,97,0,1,0.0,46.733990995562635,frame_fifo_full,,,,,,,,,,,,,,,,,,,,,,,,,,,,,,,,,,,,,,,,,,,,,,,,,,,,,,,,
rsg_object_detection,dropped_oldest,905,rsg_20260806_63_204880000_000905,dropped,True,fifo_cached_frame,887,97,0,788,97,0,1,0.0,51.20543099474162,frame_fifo_full,,,,,,,,,,,,,,,,,,,,,,,,,,,,,,,,,,,,,,,,,,,,,,,,,,,,,,,,
rsg_object_detection,dropped_oldest,906,rsg_20260806_63_254880000_000906,dropped,True,fifo_cached_frame,888,97,0,789,97,0,1,0.0,111.09287700674031,frame_fifo_full,,,,,,,,,,,,,,,,,,,,,,,,,,,,,,,,,,,,,,,,,,,,,,,,,,,,,,,,
rsg_object_detection,dropped_oldest,907,rsg_20260806_63_354880000_000907,dropped,True,fifo_cached_frame,889,97,0,790,97,0,1,0.0,39.7341259958921,frame_fifo_full,,,,,,,,,,,,,,,,,,,,,,,,,,,,,,,,,,,,,,,,,,,,,,,,,,,,,,,,
rsg_object_detection,dropped_oldest,908,rsg_20260806_63_404879999_000908,dropped,True,fifo_cached_frame,890,97,0,791,97,0,1,0.0,52.01359400234651,frame_fifo_full,,,,,,,,,,,,,,,,,,,,,,,,,,,,,,,,,,,,,,,,,,,,,,,,,,,,,,,,
rsg_object_detection,dropped_oldest,909,rsg_20260806_63_454880000_000909,dropped,True,fifo_cached_frame,891,97,0,792,97,0,1,0.0,48.54164501011837,frame_fifo_full,,,,,,,,,,,,,,,,,,,,,,,,,,,,,,,,,,,,,,,,,,,,,,,,,,,,,,,,
rsg_object_detection,dropped_oldest,910,rsg_20260806_63_504880000_000910,dropped,True,fifo_cached_frame,892,97,0,793,97,0,1,0.0,168.95359499903861,frame_fifo_full,,,,,,,,,,,,,,,,,,,,,,,,,,,,,,,,,,,,,,,,,,,,,,,,,,,,,,,,
rsg_object_detection,frame_trace,903,rsg_20260806_63_104880000_000903,sent_to_hydra,,,,,,,,,,,565.1064980047522,ok,9.583905994077213,535.0176869978895,19.21901199966669,0.13737600238528103,19.08163599728141,0.0019200087990611792,1.0745950130512938,0.3037770075025037,356.47138599597383,23.146067003835924,0.006207992555573583,379.92743799986783,65.15629700152203,15.995737019693479,4.417262971401215,26.40108799096197,17.77001700247638,35.14642899972387,3.4624440013431013,0.3541770129231736,0.2920019760495052,1.8870140047511086,0.3817940014414489,0.005088004400022328,106.70274900621735,21.145995007827878,0.16409700037911534,25.963004998629913,0.03980797191616148,5.233074989519082,4.736432994832285,0.09539299935568124,0.401248995331116,3.4513400023570284,0.8943069988163188,0.005184003384783864,1.283973004319705,7,0,7,0,0,,,,,,,,,,,,,,
rsg_object_detection,dropped_oldest,912,rsg_20260806_63_704880000_000912,dropped,True,fifo_cached_frame,894,98,0,794,98,0,1,0.0,51.84444099722896,frame_fifo_full,,,,,,,,,,,,,,,,,,,,,,,,,,,,,,,,,,,,,,,,,,,,,,,,,,,,,,,,
rsg_object_detection,dropped_oldest,913,rsg_20260806_63_754880000_000913,dropped,True,fifo_cached_frame,895,98,0,795,98,0,1,0.0,48.23146900162101,frame_fifo_full,,,,,,,,,,,,,,,,,,,,,,,,,,,,,,,,,,,,,,,,,,,,,,,,,,,,,,,,
rsg_object_detection,dropped_oldest,914,rsg_20260806_63_804879999_000914,dropped,True,fifo_cached_frame,896,98,0,796,98,0,1,0.0,51.24703199544456,frame_fifo_full,,,,,,,,,,,,,,,,,,,,,,,,,,,,,,,,,,,,,,,,,,,,,,,,,,,,,,,,
rsg_object_detection,dropped_oldest,915,rsg_20260806_63_854880000_000915,dropped,True,fifo_cached_frame,897,98,0,797,98,0,1,0.0,48.65185399830807,frame_fifo_full,,,,,,,,,,,,,,,,,,,,,,,,,,,,,,,,,,,,,,,,,,,,,,,,,,,,,,,,
rsg_object_detection,dropped_oldest,916,rsg_20260806_63_904879999_000916,dropped,True,fifo_cached_frame,898,98,0,798,98,0,1,0.0,50.770517002092674,frame_fifo_full,,,,,,,,,,,,,,,,,,,,,,,,,,,,,,,,,,,,,,,,,,,,,,,,,,,,,,,,
rsg_object_detection,dropped_oldest,917,rsg_20260806_63_954880000_000917,dropped,True,fifo_cached_frame,899,98,0,799,98,0,1,0.0,51.9803770002909,frame_fifo_full,,,,,,,,,,,,,,,,,,,,,,,,,,,,,,,,,,,,,,,,,,,,,,,,,,,,,,,,
rsg_object_detection,dropped_oldest,918,rsg_20260806_64_004879999_000918,dropped,True,fifo_cached_frame,900,98,0,800,98,0,1,0.0,47.06394400272984,frame_fifo_full,,,,,,,,,,,,,,,,,,,,,,,,,,,,,,,,,,,,,,,,,,,,,,,,,,,,,,,,
rsg_object_detection,dropped_oldest,919,rsg_20260806_64_054879999_000919,dropped,True,fifo_cached_frame,901,98,0,801,98,0,1,0.0,50.47003501385916,frame_fifo_full,,,,,,,,,,,,,,,,,,,,,,,,,,,,,,,,,,,,,,,,,,,,,,,,,,,,,,,,
rsg_object_detection,dropped_oldest,920,rsg_20260806_64_104879999_000920,dropped,True,fifo_cached_frame,902,98,0,802,98,0,1,0.0,49.459535992355086,frame_fifo_full,,,,,,,,,,,,,,,,,,,,,,,,,,,,,,,,,,,,,,,,,,,,,,,,,,,,,,,,
rsg_object_detection,dropped_oldest,921,rsg_20260806_64_154880000_000921,dropped,True,fifo_cached_frame,903,98,0,803,98,0,1,0.0,74.60624900704715,frame_fifo_full,,,,,,,,,,,,,,,,,,,,,,,,,,,,,,,,,,,,,,,,,,,,,,,,,,,,,,,,
rsg_object_detection,dropped_oldest,922,rsg_20260806_64_204880000_000922,dropped,True,fifo_cached_frame,904,98,0,804,98,0,1,0.0,37.10102800687309,frame_fifo_full,,,,,,,,,,,,,,,,,,,,,,,,,,,,,,,,,,,,,,,,,,,,,,,,,,,,,,,,
rsg_object_detection,dropped_oldest,923,rsg_20260806_64_254880000_000923,dropped,True,fifo_cached_frame,905,98,0,805,98,0,1,0.0,38.747850005165674,frame_fifo_full,,,,,,,,,,,,,,,,,,,,,,,,,,,,,,,,,,,,,,,,,,,,,,,,,,,,,,,,
rsg_object_detection,frame_trace,911,rsg_20260806_63_654879999_000911,sent_to_hydra,,,,,,,,,,,639.7359099937603,ok,12.129643000662327,595.8070490014507,28.40915700653568,0.2324170054635033,28.176740001072176,0.003231994924135506,5.320595009834506,0.20611198851838708,402.70294100628234,15.847417002078146,0.00723199627827853,418.76370199315716,71.52610900811851,17.86307099973783,4.708817970822565,28.09210000850726,20.20080597139895,62.978847010526806,3.8878189807292074,5.33179500780534,0.37923599302303046,1.315973000600934,0.11689600069075823,0.004384011845104396,145.55606700014323,2.6787620008690283,0.15635199088137597,23.284434995730408,0.04713601083494723,7.914779998827726,7.295834002434276,0.0977609888650477,0.5211850075284019,3.5019640054088086,0.7080349896568805,0.004864006768912077,3.386828990187496,8,0,8,0,0,,,,,,,,,,,,,,
rsg_object_detection,dropped_oldest,925,rsg_20260806_64_354879999_000925,dropped,True,fifo_cached_frame,907,99,0,806,99,0,1,0.0,33.37736599496566,frame_fifo_full,,,,,,,,,,,,,,,,,,,,,,,,,,,,,,,,,,,,,,,,,,,,,,,,,,,,,,,,
rsg_object_detection,dropped_oldest,926,rsg_20260806_64_404880000_000926,dropped,True,fifo_cached_frame,908,99,0,807,99,0,1,0.0,50.79045199090615,frame_fifo_full,,,,,,,,,,,,,,,,,,,,,,,,,,,,,,,,,,,,,,,,,,,,,,,,,,,,,,,,
rsg_object_detection,dropped_oldest,927,rsg_20260806_64_454880000_000927,dropped,True,fifo_cached_frame,909,99,0,808,99,0,1,0.0,52.54165800579358,frame_fifo_full,,,,,,,,,,,,,,,,,,,,,,,,,,,,,,,,,,,,,,,,,,,,,,,,,,,,,,,,
rsg_object_detection,dropped_oldest,928,rsg_20260806_64_504880000_000928,dropped,True,fifo_cached_frame,910,99,0,809,99,0,1,0.0,51.179317000787705,frame_fifo_full,,,,,,,,,,,,,,,,,,,,,,,,,,,,,,,,,,,,,,,,,,,,,,,,,,,,,,,,
rsg_object_detection,dropped_oldest,929,rsg_20260806_64_554879999_000929,dropped,True,fifo_cached_frame,911,99,0,810,99,0,1,0.0,65.95261800976004,frame_fifo_full,,,,,,,,,,,,,,,,,,,,,,,,,,,,,,,,,,,,,,,,,,,,,,,,,,,,,,,,
rsg_object_detection,dropped_oldest,930,rsg_20260806_64_604879999_000930,dropped,True,fifo_cached_frame,912,99,0,811,99,0,1,0.0,31.91713801061269,frame_fifo_full,,,,,,,,,,,,,,,,,,,,,,,,,,,,,,,,,,,,,,,,,,,,,,,,,,,,,,,,
rsg_object_detection,dropped_oldest,931,rsg_20260806_64_654880000_000931,dropped,True,fifo_cached_frame,913,99,0,812,99,0,1,0.0,75.74670099711511,frame_fifo_full,,,,,,,,,,,,,,,,,,,,,,,,,,,,,,,,,,,,,,,,,,,,,,,,,,,,,,,,
rsg_object_detection,dropped_oldest,932,rsg_20260806_64_704880000_000932,dropped,True,fifo_cached_frame,914,99,0,813,99,0,1,0.0,35.36143701057881,frame_fifo_full,,,,,,,,,,,,,,,,,,,,,,,,,,,,,,,,,,,,,,,,,,,,,,,,,,,,,,,,
rsg_object_detection,dropped_oldest,933,rsg_20260806_64_754880000_000933,dropped,True,fifo_cached_frame,915,99,0,814,99,0,1,0.0,39.070922997780144,frame_fifo_full,,,,,,,,,,,,,,,,,,,,,,,,,,,,,,,,,,,,,,,,,,,,,,,,,,,,,,,,
rsg_object_detection,dropped_oldest,934,rsg_20260806_64_804879999_000934,dropped,True,fifo_cached_frame,916,99,0,815,99,0,1,0.0,68.94357300188858,frame_fifo_full,,,,,,,,,,,,,,,,,,,,,,,,,,,,,,,,,,,,,,,,,,,,,,,,,,,,,,,,
rsg_object_detection,frame_trace,924,rsg_20260806_64_304879999_000924,sent_to_hydra,,,,,,,,,,,579.4589490105864,ok,13.276911005959846,541.2959979876177,23.424755010637455,0.12777600204572082,23.296979008591734,0.0029759976314380765,0.9866910113487393,0.1785930071491748,347.8113440069137,24.27211799658835,0.008224000339396298,372.27027901099063,84.14423400245141,17.455164983402938,4.262192000169307,41.359730981639586,20.378471992444247,47.16867899696808,3.667949029477313,1.2931239907629788,0.3500829770928249,1.5492529928451404,0.1357449946226552,0.004191999323666096,138.33565899403766,3.015593989402987,0.2221449976786971,26.424317999044433,0.041311985114589334,8.828831007122062,8.179037002264522,0.09465600305702537,0.5551380018005148,3.7364290037658066,0.7065310055622831,0.005119989509694278,1.4583090087398887,8,0,8,0,0,,,,,,,,,,,,,,
rsg_object_detection,dropped_oldest,936,rsg_20260806_64_904880000_000936,dropped,True,fifo_cached_frame,918,100,0,816,100,0,1,0.0,39.844076993176714,frame_fifo_full,,,,,,,,,,,,,,,,,,,,,,,,,,,,,,,,,,,,,,,,,,,,,,,,,,,,,,,,
rsg_object_detection,dropped_oldest,937,rsg_20260806_64_954880000_000937,dropped,True,fifo_cached_frame,919,100,0,817,100,0,1,0.0,50.40216300403699,frame_fifo_full,,,,,,,,,,,,,,,,,,,,,,,,,,,,,,,,,,,,,,,,,,,,,,,,,,,,,,,,
rsg_object_detection,dropped_oldest,938,rsg_20260806_65_004879999_000938,dropped,True,fifo_cached_frame,920,100,0,818,100,0,1,0.0,51.213973987614736,frame_fifo_full,,,,,,,,,,,,,,,,,,,,,,,,,,,,,,,,,,,,,,,,,,,,,,,,,,,,,,,,
rsg_object_detection,dropped_oldest,939,rsg_20260806_65_054879999_000939,dropped,True,fifo_cached_frame,921,100,0,819,100,0,1,0.0,53.59743699955288,frame_fifo_full,,,,,,,,,,,,,,,,,,,,,,,,,,,,,,,,,,,,,,,,,,,,,,,,,,,,,,,,
rsg_object_detection,dropped_oldest,940,rsg_20260806_65_104879999_000940,dropped,True,fifo_cached_frame,922,100,0,820,100,0,1,0.0,45.62220899970271,frame_fifo_full,,,,,,,,,,,,,,,,,,,,,,,,,,,,,,,,,,,,,,,,,,,,,,,,,,,,,,,,
rsg_object_detection,dropped_oldest,941,rsg_20260806_65_154880000_000941,dropped,True,fifo_cached_frame,923,100,0,821,100,0,1,0.0,52.14207200333476,frame_fifo_full,,,,,,,,,,,,,,,,,,,,,,,,,,,,,,,,,,,,,,,,,,,,,,,,,,,,,,,,
rsg_object_detection,dropped_oldest,942,rsg_20260806_65_204880000_000942,dropped,True,fifo_cached_frame,924,100,0,822,100,0,1,0.0,51.38213299505878,frame_fifo_full,,,,,,,,,,,,,,,,,,,,,,,,,,,,,,,,,,,,,,,,,,,,,,,,,,,,,,,,
rsg_object_detection,dropped_oldest,943,rsg_20260806_65_254880000_000943,dropped,True,fifo_cached_frame,925,100,0,823,100,0,1,0.0,58.97012699279003,frame_fifo_full,,,,,,,,,,,,,,,,,,,,,,,,,,,,,,,,,,,,,,,,,,,,,,,,,,,,,,,,
rsg_object_detection,dropped_oldest,944,rsg_20260806_65_304879999_000944,dropped,True,fifo_cached_frame,926,100,0,824,100,0,1,0.0,63.351742006489076,frame_fifo_full,,,,,,,,,,,,,,,,,,,,,,,,,,,,,,,,,,,,,,,,,,,,,,,,,,,,,,,,
rsg_object_detection,dropped_oldest,945,rsg_20260806_65_354879999_000945,dropped,True,fifo_cached_frame,927,100,0,825,100,0,1,0.0,66.25325701315887,frame_fifo_full,,,,,,,,,,,,,,,,,,,,,,,,,,,,,,,,,,,,,,,,,,,,,,,,,,,,,,,,
rsg_object_detection,dropped_oldest,946,rsg_20260806_65_404880000_000946,dropped,True,fifo_cached_frame,928,100,0,826,100,0,1,0.0,7.777147009619512,frame_fifo_full,,,,,,,,,,,,,,,,,,,,,,,,,,,,,,,,,,,,,,,,,,,,,,,,,,,,,,,,
rsg_object_detection,dropped_oldest,947,rsg_20260806_65_454880000_000947,dropped,True,fifo_cached_frame,929,100,0,827,100,0,1,0.0,51.60968498967122,frame_fifo_full,,,,,,,,,,,,,,,,,,,,,,,,,,,,,,,,,,,,,,,,,,,,,,,,,,,,,,,,
rsg_object_detection,frame_trace,935,rsg_20260806_64_854879999_000935,sent_to_hydra,,,,,,,,,,,639.9682070041308,ok,18.247583997435868,593.6851949954871,26.294524999684654,0.13078500342089683,26.163739996263757,0.0025280023692175746,2.0581510034389794,0.16627299191895872,344.70966400112957,23.321522006881423,0.007391994586214423,368.20485099451616,134.02130299073178,23.93832305097021,12.773294016369618,47.24557300505694,49.47223901399411,55.36214599851519,4.142350997426547,1.2047400086885318,0.3321289987070486,1.4363570080604404,0.1298889983445406,0.005727997631765902,196.65080300183035,3.1178349890979007,0.16291200881823897,23.446259001502767,0.044383996282704175,12.664299996686168,12.00449001044035,0.1120000088121742,0.5478099774336442,4.820144997211173,0.7581469981232658,0.004992005415260792,1.7383750091539696,8,0,8,0,0,,,,,,,,,,,,,,
rsg_object_detection,dropped_oldest,949,rsg_20260806_65_554879999_000949,dropped,True,fifo_cached_frame,931,101,0,828,101,0,1,0.0,51.08539600041695,frame_fifo_full,,,,,,,,,,,,,,,,,,,,,,,,,,,,,,,,,,,,,,,,,,,,,,,,,,,,,,,,
rsg_object_detection,dropped_oldest,950,rsg_20260806_65_604879999_000950,dropped,True,fifo_cached_frame,932,101,0,829,101,0,1,0.0,39.875980000942945,frame_fifo_full,,,,,,,,,,,,,,,,,,,,,,,,,,,,,,,,,,,,,,,,,,,,,,,,,,,,,,,,
rsg_object_detection,dropped_oldest,951,rsg_20260806_65_654880000_000951,dropped,True,fifo_cached_frame,933,101,0,830,101,0,1,0.0,62.2396750113694,frame_fifo_full,,,,,,,,,,,,,,,,,,,,,,,,,,,,,,,,,,,,,,,,,,,,,,,,,,,,,,,,
rsg_object_detection,dropped_oldest,952,rsg_20260806_65_704880000_000952,dropped,True,fifo_cached_frame,934,101,0,831,101,0,1,0.0,42.26846800884232,frame_fifo_full,,,,,,,,,,,,,,,,,,,,,,,,,,,,,,,,,,,,,,,,,,,,,,,,,,,,,,,,
rsg_object_detection,dropped_oldest,953,rsg_20260806_65_754880000_000953,dropped,True,fifo_cached_frame,935,101,0,832,101,0,1,0.0,50.96792300173547,frame_fifo_full,,,,,,,,,,,,,,,,,,,,,,,,,,,,,,,,,,,,,,,,,,,,,,,,,,,,,,,,
rsg_object_detection,dropped_oldest,954,rsg_20260806_65_804879999_000954,dropped,True,fifo_cached_frame,936,101,0,833,101,0,1,0.0,46.86774899892043,frame_fifo_full,,,,,,,,,,,,,,,,,,,,,,,,,,,,,,,,,,,,,,,,,,,,,,,,,,,,,,,,
rsg_object_detection,dropped_oldest,955,rsg_20260806_65_854879999_000955,dropped,True,fifo_cached_frame,937,101,0,834,101,0,1,0.0,75.37495299766306,frame_fifo_full,,,,,,,,,,,,,,,,,,,,,,,,,,,,,,,,,,,,,,,,,,,,,,,,,,,,,,,,
rsg_object_detection,dropped_oldest,956,rsg_20260806_65_904880000_000956,dropped,True,fifo_cached_frame,938,101,0,835,101,0,1,0.0,24.148789001628757,frame_fifo_full,,,,,,,,,,,,,,,,,,,,,,,,,,,,,,,,,,,,,,,,,,,,,,,,,,,,,,,,
rsg_object_detection,dropped_oldest,957,rsg_20260806_65_954880000_000957,dropped,True,fifo_cached_frame,939,101,0,836,101,0,1,0.0,91.65478700015228,frame_fifo_full,,,,,,,,,,,,,,,,,,,,,,,,,,,,,,,,,,,,,,,,,,,,,,,,,,,,,,,,
rsg_object_detection,dropped_oldest,958,rsg_20260806_66_004879999_000958,dropped,True,fifo_cached_frame,940,101,0,837,101,0,1,0.0,7.176824990892783,frame_fifo_full,,,,,,,,,,,,,,,,,,,,,,,,,,,,,,,,,,,,,,,,,,,,,,,,,,,,,,,,
rsg_object_detection,frame_trace,948,rsg_20260806_65_504880000_000948,sent_to_hydra,,,,,,,,,,,596.3811989931855,ok,11.42839199746959,560.3501599980518,23.320465988945216,0.20518500241450965,23.115280986530706,0.0019519939087331295,1.0500190110178664,0.209600999369286,340.10900399880484,19.21277100336738,0.006911985110491514,359.538287986652,100.50918598426506,34.86457100370899,8.771229986450635,32.1241770288907,23.939892009366304,68.8211050000973,3.9206220099003986,0.912579009309411,0.3125449875369668,1.3745649921474978,0.12041599256917834,0.0042239989852532744,175.9919460018864,2.973034992464818,0.15993599663488567,20.596935995854437,0.040000013541430235,5.025042002671398,4.433582987985574,0.09308800508733839,0.4983710095984861,3.9761100051691756,2.421544006210752,0.005695983418263495,1.2802290148101747,8,0,8,0,0,,,,,,,,,,,,,,
rsg_object_detection,dropped_oldest,960,rsg_20260806_66_104879999_000960,dropped,True,fifo_cached_frame,942,102,0,838,102,0,1,0.0,45.87312000512611,frame_fifo_full,,,,,,,,,,,,,,,,,,,,,,,,,,,,,,,,,,,,,,,,,,,,,,,,,,,,,,,,
rsg_object_detection,dropped_oldest,961,rsg_20260806_66_154880000_000961,dropped,True,fifo_cached_frame,943,102,0,839,102,0,1,0.0,54.675806997693144,frame_fifo_full,,,,,,,,,,,,,,,,,,,,,,,,,,,,,,,,,,,,,,,,,,,,,,,,,,,,,,,,
rsg_object_detection,dropped_oldest,962,rsg_20260806_66_204880000_000962,dropped,True,fifo_cached_frame,944,102,0,840,102,0,1,0.0,33.67448499193415,frame_fifo_full,,,,,,,,,,,,,,,,,,,,,,,,,,,,,,,,,,,,,,,,,,,,,,,,,,,,,,,,
rsg_object_detection,dropped_oldest,963,rsg_20260806_66_254880000_000963,dropped,True,fifo_cached_frame,945,102,0,841,102,0,1,0.0,61.69976700039115,frame_fifo_full,,,,,,,,,,,,,,,,,,,,,,,,,,,,,,,,,,,,,,,,,,,,,,,,,,,,,,,,
rsg_object_detection,dropped_oldest,964,rsg_20260806_66_304879999_000964,dropped,True,fifo_cached_frame,946,102,0,842,102,0,1,0.0,42.810646002180874,frame_fifo_full,,,,,,,,,,,,,,,,,,,,,,,,,,,,,,,,,,,,,,,,,,,,,,,,,,,,,,,,
rsg_object_detection,dropped_oldest,965,rsg_20260806_66_354879999_000965,dropped,True,fifo_cached_frame,947,102,0,843,102,0,1,0.0,56.34829300106503,frame_fifo_full,,,,,,,,,,,,,,,,,,,,,,,,,,,,,,,,,,,,,,,,,,,,,,,,,,,,,,,,
rsg_object_detection,dropped_oldest,966,rsg_20260806_66_404880000_000966,dropped,True,fifo_cached_frame,948,102,0,844,102,0,1,0.0,40.46241300238762,frame_fifo_full,,,,,,,,,,,,,,,,,,,,,,,,,,,,,,,,,,,,,,,,,,,,,,,,,,,,,,,,
rsg_object_detection,dropped_oldest,967,rsg_20260806_66_454880000_000967,dropped,True,fifo_cached_frame,949,102,0,845,102,0,1,0.0,62.066937010968104,frame_fifo_full,,,,,,,,,,,,,,,,,,,,,,,,,,,,,,,,,,,,,,,,,,,,,,,,,,,,,,,,
rsg_object_detection,dropped_oldest,968,rsg_20260806_66_504880000_000968,dropped,True,fifo_cached_frame,950,102,0,846,102,0,1,0.0,76.05626499571372,frame_fifo_full,,,,,,,,,,,,,,,,,,,,,,,,,,,,,,,,,,,,,,,,,,,,,,,,,,,,,,,,
rsg_object_detection,dropped_oldest,969,rsg_20260806_66_554879999_000969,dropped,True,fifo_cached_frame,951,102,0,847,102,0,1,0.0,12.423755004419945,frame_fifo_full,,,,,,,,,,,,,,,,,,,,,,,,,,,,,,,,,,,,,,,,,,,,,,,,,,,,,,,,
rsg_object_detection,dropped_oldest,970,rsg_20260806_66_604879999_000970,dropped,True,fifo_cached_frame,952,102,0,848,103,0,1,0.0,67.21972201194149,frame_fifo_full,,,,,,,,,,,,,,,,,,,,,,,,,,,,,,,,,,,,,,,,,,,,,,,,,,,,,,,,
rsg_object_detection,frame_trace,959,rsg_20260806_66_054879999_000959,sent_to_hydra,,,,,,,,,,,602.0541309990222,ok,11.685896999551915,525.9272410039557,62.61496999650262,0.13875200238544494,62.47621799411718,0.003039996954612434,5.79141199705191,0.18937599088530988,342.0234969962621,13.846863992512226,0.006560017936863005,356.0662969975965,64.9467229959555,17.64453900977969,3.5220939898863435,27.64527898398228,14.934036007616669,65.80406900320668,3.775182005483657,1.03645097988192,0.34156901529058814,1.3194600032875314,0.13014499563723803,0.005152003723196685,137.37353499163873,2.8704739961540326,0.14223999460227787,23.636147001525387,0.04713602538686246,6.960120008443482,6.325813999865204,0.11776000610552728,0.5165460024727508,4.001421999419108,0.7194909994723275,0.004863992216996849,1.822983002057299,8,0,8,0,0,,,,,,,,,,,,,,
rsg_object_detection,dropped_oldest,972,rsg_20260806_66_704880000_000972,dropped,True,fifo_cached_frame,954,103,0,849,103,0,1,0.0,55.657826000242494,frame_fifo_full,,,,,,,,,,,,,,,,,,,,,,,,,,,,,,,,,,,,,,,,,,,,,,,,,,,,,,,,
rsg_object_detection,dropped_oldest,973,rsg_20260806_66_754880000_000973,dropped,True,fifo_cached_frame,955,103,0,850,103,0,1,0.0,41.699698005686514,frame_fifo_full,,,,,,,,,,,,,,,,,,,,,,,,,,,,,,,,,,,,,,,,,,,,,,,,,,,,,,,,
rsg_object_detection,dropped_oldest,974,rsg_20260806_66_804879999_000974,dropped,True,fifo_cached_frame,956,103,0,851,103,0,1,0.0,50.84920200170018,frame_fifo_full,,,,,,,,,,,,,,,,,,,,,,,,,,,,,,,,,,,,,,,,,,,,,,,,,,,,,,,,
rsg_object_detection,dropped_oldest,975,rsg_20260806_66_854879999_000975,dropped,True,fifo_cached_frame,957,103,0,852,103,0,1,0.0,49.76801399607211,frame_fifo_full,,,,,,,,,,,,,,,,,,,,,,,,,,,,,,,,,,,,,,,,,,,,,,,,,,,,,,,,
rsg_object_detection,dropped_oldest,976,rsg_20260806_66_904880000_000976,dropped,True,fifo_cached_frame,958,103,0,853,103,0,1,0.0,49.58596499636769,frame_fifo_full,,,,,,,,,,,,,,,,,,,,,,,,,,,,,,,,,,,,,,,,,,,,,,,,,,,,,,,,
rsg_object_detection,dropped_oldest,977,rsg_20260806_66_954880000_000977,dropped,True,fifo_cached_frame,959,103,0,854,103,0,1,0.0,49.891853996086866,frame_fifo_full,,,,,,,,,,,,,,,,,,,,,,,,,,,,,,,,,,,,,,,,,,,,,,,,,,,,,,,,
rsg_object_detection,dropped_oldest,978,rsg_20260806_67_004879999_000978,dropped,True,fifo_cached_frame,960,103,0,855,103,0,1,0.0,49.91985400556587,frame_fifo_full,,,,,,,,,,,,,,,,,,,,,,,,,,,,,,,,,,,,,,,,,,,,,,,,,,,,,,,,
rsg_object_detection,dropped_oldest,979,rsg_20260806_67_054879999_000979,dropped,True,fifo_cached_frame,961,103,0,856,103,0,1,0.0,54.61721299798228,frame_fifo_full,,,,,,,,,,,,,,,,,,,,,,,,,,,,,,,,,,,,,,,,,,,,,,,,,,,,,,,,
rsg_object_detection,,441,rsg_20260806_35_254880000_000441,vlm_done,,,,,,,,,,,,ok,,,,,,,,,,,,,,,,,,,,,,,,,,,,,,,,,,,,,,,,,,,rsg_obj_000042,rsg_unknown_rsg_20260806_35_254880000_000441_002_nanosam_002,,,1,0.4743668023786466,ceiling_light,0.95,static,0.99,6573.4181870066095,25710.894843999995,qwen_http,Qwen3-VL-8B-Instruct-GGUF
rsg_object_detection,completed,441,rsg_20260806_35_254880000_000441,,,,,,,,,,,19137.4747689988,,vlm_done,,,,,,,,,,,,,,,,,,,,,,,,,,,,,,,,,,,,,,,,,,,rsg_obj_000042,rsg_unknown_rsg_20260806_35_254880000_000441_002_nanosam_002,22,300,1,0.4743668023786466,,,,,,,,
rsg_object_detection,dropped_oldest,980,rsg_20260806_67_104879999_000980,dropped,True,fifo_cached_frame,962,103,0,857,103,0,1,0.0,43.24363698833622,frame_fifo_full,,,,,,,,,,,,,,,,,,,,,,,,,,,,,,,,,,,,,,,,,,,,,,,,,,,,,,,,
rsg_object_detection,dropped_oldest,981,rsg_20260806_67_154880000_000981,dropped,True,fifo_cached_frame,963,103,0,858,103,0,1,0.0,65.5817630031379,frame_fifo_full,,,,,,,,,,,,,,,,,,,,,,,,,,,,,,,,,,,,,,,,,,,,,,,,,,,,,,,,
rsg_object_detection,dequeued,473,rsg_20260806_37_004879999_000473,,,,,,,,,,,25088.406404000125,,fifo_order,,,,,,,,,,,,,,,,,,,,,,,,,,,,,,,,,,,,,,,,,,,rsg_obj_000048,rsg_unknown_rsg_20260806_37_004879999_000473_003_nanosam_001,21,300,3,0.5140486441306518,,,,,,,,
rsg_object_detection,dropped_oldest,982,rsg_20260806_67_204880000_000982,dropped,True,fifo_cached_frame,964,103,0,859,103,0,1,0.0,50.26190201169811,frame_fifo_full,,,,,,,,,,,,,,,,,,,,,,,,,,,,,,,,,,,,,,,,,,,,,,,,,,,,,,,,
rsg_object_detection,frame_trace,971,rsg_20260806_66_654880000_000971,sent_to_hydra,,,,,,,,,,,609.269413005677,ok,10.23293100297451,592.4850349983899,4.986833009752445,0.15193600847851485,4.83489700127393,0.0033600081223994493,1.2606439995579422,0.2099209959851578,345.129970999551,19.308194998302497,0.0073920091381296515,364.6554790029768,123.01028199726716,41.40657502284739,10.400195023976266,40.51838000304997,29.925798997282982,60.67659400287084,4.0239499940071255,0.957634998485446,0.33241701021324843,1.3934129965491593,0.3679369983728975,0.004159999662078917,190.78152399742976,4.930352995870635,0.12566499935928732,30.689097999129444,0.04227200406603515,6.098037003539503,5.588242987869307,0.10284800373483449,0.40694601193536073,3.4421239979565144,0.6876179977552965,0.005152003723196685,1.561253986437805,8,0,8,0,0,,,,,,,,,,,,,,
rsg_object_detection,dropped_oldest,984,rsg_20260806_67_304879999_000984,dropped,True,fifo_cached_frame,966,104,0,860,104,0,1,0.0,47.74266100139357,frame_fifo_full,,,,,,,,,,,,,,,,,,,,,,,,,,,,,,,,,,,,,,,,,,,,,,,,,,,,,,,,
rsg_object_detection,dropped_oldest,985,rsg_20260806_67_354879999_000985,dropped,True,fifo_cached_frame,967,104,0,861,104,0,1,0.0,52.7387099864427,frame_fifo_full,,,,,,,,,,,,,,,,,,,,,,,,,,,,,,,,,,,,,,,,,,,,,,,,,,,,,,,,
rsg_object_detection,dropped_oldest,986,rsg_20260806_67_404880000_000986,dropped,True,fifo_cached_frame,968,104,0,862,104,0,1,0.0,52.27208399446681,frame_fifo_full,,,,,,,,,,,,,,,,,,,,,,,,,,,,,,,,,,,,,,,,,,,,,,,,,,,,,,,,
rsg_object_detection,dropped_oldest,987,rsg_20260806_67_454880000_000987,dropped,True,fifo_cached_frame,969,104,0,863,104,0,1,0.0,73.85475099727046,frame_fifo_full,,,,,,,,,,,,,,,,,,,,,,,,,,,,,,,,,,,,,,,,,,,,,,,,,,,,,,,,
rsg_object_detection,dropped_oldest,988,rsg_20260806_67_504880000_000988,dropped,True,fifo_cached_frame,970,104,0,864,104,0,1,0.0,22.42887699685525,frame_fifo_full,,,,,,,,,,,,,,,,,,,,,,,,,,,,,,,,,,,,,,,,,,,,,,,,,,,,,,,,
rsg_object_detection,dropped_oldest,989,rsg_20260806_67_554879999_000989,dropped,True,fifo_cached_frame,971,104,0,865,104,0,1,0.0,49.768876007874496,frame_fifo_full,,,,,,,,,,,,,,,,,,,,,,,,,,,,,,,,,,,,,,,,,,,,,,,,,,,,,,,,
rsg_object_detection,dropped_oldest,990,rsg_20260806_67_604879999_000990,dropped,True,fifo_cached_frame,972,104,0,866,104,0,1,0.0,49.78557999129407,frame_fifo_full,,,,,,,,,,,,,,,,,,,,,,,,,,,,,,,,,,,,,,,,,,,,,,,,,,,,,,,,
rsg_object_detection,dropped_oldest,991,rsg_20260806_67_654880000_000991,dropped,True,fifo_cached_frame,973,104,0,867,104,0,1,0.0,60.82776200491935,frame_fifo_full,,,,,,,,,,,,,,,,,,,,,,,,,,,,,,,,,,,,,,,,,,,,,,,,,,,,,,,,
rsg_object_detection,dropped_oldest,992,rsg_20260806_67_704880000_000992,dropped,True,fifo_cached_frame,974,104,0,868,104,0,1,0.0,63.282906005042605,frame_fifo_full,,,,,,,,,,,,,,,,,,,,,,,,,,,,,,,,,,,,,,,,,,,,,,,,,,,,,,,,
rsg_object_detection,dropped_oldest,993,rsg_20260806_67_754880000_000993,dropped,True,fifo_cached_frame,975,104,0,869,104,0,1,0.0,43.78283899859525,frame_fifo_full,,,,,,,,,,,,,,,,,,,,,,,,,,,,,,,,,,,,,,,,,,,,,,,,,,,,,,,,
rsg_object_detection,dropped_oldest,994,rsg_20260806_67_804879999_000994,dropped,True,fifo_cached_frame,976,104,0,870,104,0,1,0.0,118.23877699498553,frame_fifo_full,,,,,,,,,,,,,,,,,,,,,,,,,,,,,,,,,,,,,,,,,,,,,,,,,,,,,,,,
rsg_object_detection,dropped_oldest,995,rsg_20260806_67_854879999_000995,dropped,True,fifo_cached_frame,977,104,0,871,104,0,1,0.0,6.870678989798762,frame_fifo_full,,,,,,,,,,,,,,,,,,,,,,,,,,,,,,,,,,,,,,,,,,,,,,,,,,,,,,,,
rsg_object_detection,dropped_oldest,996,rsg_20260806_67_904880000_000996,dropped,True,fifo_cached_frame,978,104,0,872,105,0,1,0.0,27.453438990050927,frame_fifo_full,,,,,,,,,,,,,,,,,,,,,,,,,,,,,,,,,,,,,,,,,,,,,,,,,,,,,,,,
rsg_object_detection,frame_trace,983,rsg_20260806_67_254880000_000983,sent_to_hydra,,,,,,,,,,,688.9467340079136,ok,15.963287005433813,641.8705070100259,29.628133997903205,0.1374080020468682,29.490725995856337,0.0023360043996945024,2.1760390081908554,0.20006499835290015,400.5928409897024,24.116467000567354,0.008064002031460404,424.9174369906541,108.8216889911564,35.63084501365665,4.855278966715559,36.194719999912195,31.499307995545678,62.421239010291174,5.367602003389038,3.05233099788893,0.3632969892350957,1.8031420040642843,0.5560660065384582,0.006399990525096655,182.41285500698723,3.718988999025896,0.1990080054383725,28.402914002072066,0.04326499765738845,11.815976002253592,11.223174995393492,0.10220801050309092,0.4905929963570088,3.336491994559765,0.8057310042204335,0.005088004400022328,1.482469990151003,8,0,8,0,0,,,,,,,,,,,,,,
rsg_object_detection,dropped_oldest,998,rsg_20260806_68_004879999_000998,dropped,True,fifo_cached_frame,980,105,0,873,105,0,1,0.0,57.3965180083178,frame_fifo_full,,,,,,,,,,,,,,,,,,,,,,,,,,,,,,,,,,,,,,,,,,,,,,,,,,,,,,,,
rsg_object_detection,dropped_oldest,999,rsg_20260806_68_054879999_000999,dropped,True,fifo_cached_frame,981,105,0,874,105,0,1,0.0,91.58738599217031,frame_fifo_full,,,,,,,,,,,,,,,,,,,,,,,,,,,,,,,,,,,,,,,,,,,,,,,,,,,,,,,,
rsg_object_detection,dropped_oldest,1000,rsg_20260806_68_154880000_001000,dropped,True,fifo_cached_frame,982,105,0,875,105,0,1,0.0,50.75127800228074,frame_fifo_full,,,,,,,,,,,,,,,,,,,,,,,,,,,,,,,,,,,,,,,,,,,,,,,,,,,,,,,,
rsg_object_detection,dropped_oldest,1001,rsg_20260806_68_204880000_001001,dropped,True,fifo_cached_frame,983,105,0,876,105,0,1,0.0,100.25324000162072,frame_fifo_full,,,,,,,,,,,,,,,,,,,,,,,,,,,,,,,,,,,,,,,,,,,,,,,,,,,,,,,,
rsg_object_detection,dropped_oldest,1002,rsg_20260806_68_304879999_001002,dropped,True,fifo_cached_frame,984,105,0,877,105,0,1,0.0,107.8400490077911,frame_fifo_full,,,,,,,,,,,,,,,,,,,,,,,,,,,,,,,,,,,,,,,,,,,,,,,,,,,,,,,,
rsg_object_detection,dropped_oldest,1003,rsg_20260806_68_404880000_001003,dropped,True,fifo_cached_frame,985,105,0,878,105,0,1,0.0,66.10864300455432,frame_fifo_full,,,,,,,,,,,,,,,,,,,,,,,,,,,,,,,,,,,,,,,,,,,,,,,,,,,,,,,,
rsg_object_detection,dropped_oldest,1004,rsg_20260806_68_454880000_001004,dropped,True,fifo_cached_frame,986,105,0,879,105,0,1,0.0,90.41288599837571,frame_fifo_full,,,,,,,,,,,,,,,,,,,,,,,,,,,,,,,,,,,,,,,,,,,,,,,,,,,,,,,,
rsg_object_detection,dropped_oldest,1005,rsg_20260806_68_554879999_001005,dropped,True,fifo_cached_frame,987,105,0,880,105,0,1,0.0,52.705301000969484,frame_fifo_full,,,,,,,,,,,,,,,,,,,,,,,,,,,,,,,,,,,,,,,,,,,,,,,,,,,,,,,,
rsg_object_detection,frame_trace,997,rsg_20260806_67_954880000_000997,sent_to_hydra,,,,,,,,,,,658.904309006175,ok,13.271118004922755,641.0501679929439,2.963338003610261,0.14060801186133176,2.822729991748929,0.0026240013539791107,2.396711992332712,0.24768098955973983,371.0670669970568,15.140306990360841,0.007008013199083507,386.4620629901765,136.6674439923372,19.416033988818526,10.55642100982368,63.445561987464316,42.424273007782176,76.82564000424463,3.7947659729979932,0.6569620309164748,0.30726499971933663,1.3618600059999153,0.42841800313908607,0.0040000013541430235,220.06177900766488,4.09361399943009,0.1558090007165447,27.830559003632516,0.049631998990662396,9.342080011265352,8.727581996936351,0.09958399459719658,0.5149140197318047,3.2499320077477023,0.6745939899701625,0.004511995939537883,1.6170610033441335,8,0,8,0,0,,,,,,,,,,,,,,
rsg_object_detection,dropped_oldest,1007,rsg_20260806_68_654880000_001007,dropped,True,fifo_cached_frame,989,106,0,881,106,0,1,0.0,46.6652159957448,frame_fifo_full,,,,,,,,,,,,,,,,,,,,,,,,,,,,,,,,,,,,,,,,,,,,,,,,,,,,,,,,
rsg_object_detection,dropped_oldest,1008,rsg_20260806_68_704880000_001008,dropped,True,fifo_cached_frame,990,106,0,882,106,0,1,0.0,50.45009299647063,frame_fifo_full,,,,,,,,,,,,,,,,,,,,,,,,,,,,,,,,,,,,,,,,,,,,,,,,,,,,,,,,
rsg_object_detection,dropped_oldest,1009,rsg_20260806_68_754880000_001009,dropped,True,fifo_cached_frame,991,106,0,883,106,0,1,0.0,162.1232759935083,frame_fifo_full,,,,,,,,,,,,,,,,,,,,,,,,,,,,,,,,,,,,,,,,,,,,,,,,,,,,,,,,
rsg_object_detection,dropped_oldest,1010,rsg_20260806_68_904880000_001010,dropped,True,fifo_cached_frame,992,106,0,884,106,0,1,0.0,38.51008400670253,frame_fifo_full,,,,,,,,,,,,,,,,,,,,,,,,,,,,,,,,,,,,,,,,,,,,,,,,,,,,,,,,
rsg_object_detection,dropped_oldest,1011,rsg_20260806_68_954880000_001011,dropped,True,fifo_cached_frame,993,106,0,885,106,0,1,0.0,49.77732298721094,frame_fifo_full,,,,,,,,,,,,,,,,,,,,,,,,,,,,,,,,,,,,,,,,,,,,,,,,,,,,,,,,
rsg_object_detection,dropped_oldest,1012,rsg_20260806_69_004879999_001012,dropped,True,fifo_cached_frame,994,106,0,886,106,0,1,0.0,131.52768099098466,frame_fifo_full,,,,,,,,,,,,,,,,,,,,,,,,,,,,,,,,,,,,,,,,,,,,,,,,,,,,,,,,
rsg_object_detection,dropped_oldest,1013,rsg_20260806_69_104879999_001013,dropped,True,fifo_cached_frame,995,106,0,887,106,0,1,0.0,28.853313997387886,frame_fifo_full,,,,,,,,,,,,,,,,,,,,,,,,,,,,,,,,,,,,,,,,,,,,,,,,,,,,,,,,
rsg_object_detection,dropped_oldest,1014,rsg_20260806_69_154880000_001014,dropped,True,fifo_cached_frame,996,106,0,888,106,0,1,0.0,51.07182099891361,frame_fifo_full,,,,,,,,,,,,,,,,,,,,,,,,,,,,,,,,,,,,,,,,,,,,,,,,,,,,,,,,
rsg_object_detection,dropped_oldest,1015,rsg_20260806_69_204880000_001015,dropped,True,fifo_cached_frame,997,106,0,889,106,0,1,0.0,49.02042300091125,frame_fifo_full,,,,,,,,,,,,,,,,,,,,,,,,,,,,,,,,,,,,,,,,,,,,,,,,,,,,,,,,
rsg_object_detection,dropped_oldest,1016,rsg_20260806_69_254880000_001016,dropped,True,fifo_cached_frame,998,106,0,890,106,0,1,0.0,42.2752160084201,frame_fifo_full,,,,,,,,,,,,,,,,,,,,,,,,,,,,,,,,,,,,,,,,,,,,,,,,,,,,,,,,
rsg_object_detection,frame_trace,1006,rsg_20260806_68_604879999_001006,sent_to_hydra,,,,,,,,,,,692.8893449949101,ok,12.246121987118386,647.724965994712,31.32497200567741,0.16265700105577707,31.162315004621632,0.0024000037228688598,4.586959999869578,0.21052800002507865,410.8565130009083,18.78915200359188,0.008128001354634762,429.8643210058799,128.49525299679954,25.140055004158057,14.130734984064475,42.42513702774886,46.109243980026804,54.237495991401374,3.6745740071637556,0.8852500177454203,0.3121919871773571,1.4892530016368255,0.13887998647987843,0.004959991201758385,189.25376300467178,2.6159130065934733,0.1525129919173196,21.204167991527356,0.04732799425255507,7.926042992039584,7.327225001063198,0.0901769963093102,0.5086409946670756,3.666220000013709,0.6491870008176193,0.004671994247473776,1.590885003679432,7,0,7,0,0,,,,,,,,,,,,,,
rsg_object_detection,dropped_oldest,1018,rsg_20260806_69_354879999_001018,dropped,True,fifo_cached_frame,1000,107,0,891,107,0,1,0.0,97.69018800579943,frame_fifo_full,,,,,,,,,,,,,,,,,,,,,,,,,,,,,,,,,,,,,,,,,,,,,,,,,,,,,,,,
rsg_object_detection,dropped_oldest,1019,rsg_20260806_69_454880000_001019,dropped,True,fifo_cached_frame,1001,107,0,892,107,0,1,0.0,49.14547900261823,frame_fifo_full,,,,,,,,,,,,,,,,,,,,,,,,,,,,,,,,,,,,,,,,,,,,,,,,,,,,,,,,
rsg_object_detection,dropped_oldest,1020,rsg_20260806_69_504880000_001020,dropped,True,fifo_cached_frame,1002,107,0,893,107,0,1,0.0,51.283470005728304,frame_fifo_full,,,,,,,,,,,,,,,,,,,,,,,,,,,,,,,,,,,,,,,,,,,,,,,,,,,,,,,,
rsg_object_detection,dropped_oldest,1021,rsg_20260806_69_554879999_001021,dropped,True,fifo_cached_frame,1003,107,0,894,107,0,1,0.0,50.344843009952456,frame_fifo_full,,,,,,,,,,,,,,,,,,,,,,,,,,,,,,,,,,,,,,,,,,,,,,,,,,,,,,,,
rsg_object_detection,dropped_oldest,1022,rsg_20260806_69_604879999_001022,dropped,True,fifo_cached_frame,1004,107,0,895,107,0,1,0.0,50.34049099776894,frame_fifo_full,,,,,,,,,,,,,,,,,,,,,,,,,,,,,,,,,,,,,,,,,,,,,,,,,,,,,,,,
rsg_object_detection,dropped_oldest,1023,rsg_20260806_69_654880000_001023,dropped,True,fifo_cached_frame,1005,107,0,896,107,0,1,0.0,52.292722000856884,frame_fifo_full,,,,,,,,,,,,,,,,,,,,,,,,,,,,,,,,,,,,,,,,,,,,,,,,,,,,,,,,
rsg_object_detection,dropped_oldest,1024,rsg_20260806_69_704880000_001024,dropped,True,fifo_cached_frame,1006,107,0,897,107,0,1,0.0,49.6234329912113,frame_fifo_full,,,,,,,,,,,,,,,,,,,,,,,,,,,,,,,,,,,,,,,,,,,,,,,,,,,,,,,,
rsg_object_detection,dropped_oldest,1025,rsg_20260806_69_754880000_001025,dropped,True,fifo_cached_frame,1007,107,0,898,107,0,1,0.0,48.239267998724245,frame_fifo_full,,,,,,,,,,,,,,,,,,,,,,,,,,,,,,,,,,,,,,,,,,,,,,,,,,,,,,,,
rsg_object_detection,dropped_oldest,1026,rsg_20260806_69_804879999_001026,dropped,True,fifo_cached_frame,1008,107,0,899,107,0,1,0.0,76.95978200354148,frame_fifo_full,,,,,,,,,,,,,,,,,,,,,,,,,,,,,,,,,,,,,,,,,,,,,,,,,,,,,,,,
rsg_object_detection,dropped_oldest,1027,rsg_20260806_69_854879999_001027,dropped,True,fifo_cached_frame,1009,107,0,900,108,0,1,0.0,30.427176010562107,frame_fifo_full,,,,,,,,,,,,,,,,,,,,,,,,,,,,,,,,,,,,,,,,,,,,,,,,,,,,,,,,
rsg_object_detection,frame_trace,1017,rsg_20260806_69_304879999_001017,sent_to_hydra,,,,,,,,,,,589.0006900008302,ok,10.678659993573092,555.5887049995363,21.311080010491423,0.13411200779955834,21.176968002691865,0.001791995600797236,1.0539559880271554,0.19139300275128335,339.48169799987227,18.390814002486877,0.006656002369709313,358.07056100748014,97.16410702094436,27.014779014280066,11.090119005530141,37.601182993967086,20.73322399519384,60.99844700656831,3.7294529902283102,1.6880689945537597,0.3140809858450666,1.233123999554664,0.3042250027647242,0.004607994924299419,165.4524030018365,4.9581930070417,0.138944000354968,25.872472004266456,0.04217599052935839,4.983505001291633,4.459823001525365,0.1086089905584231,0.41507300920784473,3.834604998701252,1.853670008131303,0.0068799854489043355,1.4204530016286299,7,0,7,0,0,,,,,,,,,,,,,,
rsg_object_detection,dropped_oldest,1029,rsg_20260806_69_954880000_001029,dropped,True,fifo_cached_frame,1011,108,0,901,108,0,1,0.0,43.214771008933894,frame_fifo_full,,,,,,,,,,,,,,,,,,,,,,,,,,,,,,,,,,,,,,,,,,,,,,,,,,,,,,,,
rsg_object_detection,dropped_oldest,1030,rsg_20260806_70_004879999_001030,dropped,True,fifo_cached_frame,1012,108,0,902,108,0,1,0.0,52.278257004218176,frame_fifo_full,,,,,,,,,,,,,,,,,,,,,,,,,,,,,,,,,,,,,,,,,,,,,,,,,,,,,,,,
rsg_object_detection,dropped_oldest,1031,rsg_20260806_70_054879999_001031,dropped,True,fifo_cached_frame,1013,108,0,903,108,0,1,0.0,48.044802009826526,frame_fifo_full,,,,,,,,,,,,,,,,,,,,,,,,,,,,,,,,,,,,,,,,,,,,,,,,,,,,,,,,
rsg_object_detection,dropped_oldest,1032,rsg_20260806_70_104879999_001032,dropped,True,fifo_cached_frame,1014,108,0,904,108,0,1,0.0,52.02481499873102,frame_fifo_full,,,,,,,,,,,,,,,,,,,,,,,,,,,,,,,,,,,,,,,,,,,,,,,,,,,,,,,,
rsg_object_detection,dropped_oldest,1033,rsg_20260806_70_154880000_001033,dropped,True,fifo_cached_frame,1015,108,0,905,108,0,1,0.0,53.15518700808752,frame_fifo_full,,,,,,,,,,,,,,,,,,,,,,,,,,,,,,,,,,,,,,,,,,,,,,,,,,,,,,,,
rsg_object_detection,dropped_oldest,1034,rsg_20260806_70_204880000_001034,dropped,True,fifo_cached_frame,1016,108,0,906,108,0,1,0.0,48.49769899738021,frame_fifo_full,,,,,,,,,,,,,,,,,,,,,,,,,,,,,,,,,,,,,,,,,,,,,,,,,,,,,,,,
rsg_object_detection,dropped_oldest,1035,rsg_20260806_70_254880000_001035,dropped,True,fifo_cached_frame,1017,108,0,907,108,0,1,0.0,48.158689998672344,frame_fifo_full,,,,,,,,,,,,,,,,,,,,,,,,,,,,,,,,,,,,,,,,,,,,,,,,,,,,,,,,
rsg_object_detection,dropped_oldest,1036,rsg_20260806_70_304879999_001036,dropped,True,fifo_cached_frame,1018,108,0,908,108,0,1,0.0,57.05555199529044,frame_fifo_full,,,,,,,,,,,,,,,,,,,,,,,,,,,,,,,,,,,,,,,,,,,,,,,,,,,,,,,,
rsg_object_detection,dropped_oldest,1037,rsg_20260806_70_354879999_001037,dropped,True,fifo_cached_frame,1019,108,0,909,108,0,1,0.0,51.90299099194817,frame_fifo_full,,,,,,,,,,,,,,,,,,,,,,,,,,,,,,,,,,,,,,,,,,,,,,,,,,,,,,,,
rsg_object_detection,dropped_oldest,1038,rsg_20260806_70_404880000_001038,dropped,True,fifo_cached_frame,1020,108,0,910,108,0,1,0.0,39.74157400080003,frame_fifo_full,,,,,,,,,,,,,,,,,,,,,,,,,,,,,,,,,,,,,,,,,,,,,,,,,,,,,,,,
rsg_object_detection,frame_trace,1028,rsg_20260806_69_904880000_001028,sent_to_hydra,,,,,,,,,,,551.5193040046142,ok,14.615952997701243,530.6931210070616,4.817392997210845,0.14249699597712606,4.674896001233719,0.004639994585886598,1.145859991083853,0.7866590021876618,357.20338398823515,13.089323998428881,0.008768009138293564,371.08813499799,85.66083300684113,21.182568001677282,4.053838012623601,36.681147990748286,23.20372599933762,43.212242002482526,2.5216720096068457,0.40112101123668253,0.24755297636147588,1.0691240022424608,0.29558499227277935,0.004448011168278754,133.42835400544573,5.129425000632182,0.11318399629089981,19.75520298583433,0.032960029784590006,10.451843001646921,9.834977012360469,0.10659299732651561,0.5102729919599369,3.538188000675291,0.6208020058693364,0.005119989509694278,1.3881970080547035,6,0,6,0,0,,,,,,,,,,,,,,
rsg_object_detection,dropped_oldest,1040,rsg_20260806_70_504880000_001040,dropped,True,fifo_cached_frame,1022,109,0,911,109,0,1,0.0,49.8692560067866,frame_fifo_full,,,,,,,,,,,,,,,,,,,,,,,,,,,,,,,,,,,,,,,,,,,,,,,,,,,,,,,,
rsg_object_detection,dropped_oldest,1041,rsg_20260806_70_554879999_001041,dropped,True,fifo_cached_frame,1023,109,0,912,109,0,1,0.0,49.395142996218055,frame_fifo_full,,,,,,,,,,,,,,,,,,,,,,,,,,,,,,,,,,,,,,,,,,,,,,,,,,,,,,,,
rsg_object_detection,dropped_oldest,1042,rsg_20260806_70_604879999_001042,dropped,True,fifo_cached_frame,1024,109,0,913,109,0,1,0.0,50.954506994457915,frame_fifo_full,,,,,,,,,,,,,,,,,,,,,,,,,,,,,,,,,,,,,,,,,,,,,,,,,,,,,,,,
rsg_object_detection,dropped_oldest,1043,rsg_20260806_70_654880000_001043,dropped,True,fifo_cached_frame,1025,109,0,914,109,0,1,0.0,53.17473899049219,frame_fifo_full,,,,,,,,,,,,,,,,,,,,,,,,,,,,,,,,,,,,,,,,,,,,,,,,,,,,,,,,
rsg_object_detection,dropped_oldest,1044,rsg_20260806_70_704880000_001044,dropped,True,fifo_cached_frame,1026,109,0,915,109,0,1,0.0,51.4309249992948,frame_fifo_full,,,,,,,,,,,,,,,,,,,,,,,,,,,,,,,,,,,,,,,,,,,,,,,,,,,,,,,,
rsg_object_detection,dropped_oldest,1045,rsg_20260806_70_754880000_001045,dropped,True,fifo_cached_frame,1027,109,0,916,109,0,1,0.0,49.92349600070156,frame_fifo_full,,,,,,,,,,,,,,,,,,,,,,,,,,,,,,,,,,,,,,,,,,,,,,,,,,,,,,,,
rsg_object_detection,dropped_oldest,1046,rsg_20260806_70_804879999_001046,dropped,True,fifo_cached_frame,1028,109,0,917,109,0,1,0.0,124.24509100674186,frame_fifo_full,,,,,,,,,,,,,,,,,,,,,,,,,,,,,,,,,,,,,,,,,,,,,,,,,,,,,,,,
rsg_object_detection,dropped_oldest,1047,rsg_20260806_70_904880000_001047,dropped,True,fifo_cached_frame,1029,109,0,918,109,0,1,0.0,25.603895002859645,frame_fifo_full,,,,,,,,,,,,,,,,,,,,,,,,,,,,,,,,,,,,,,,,,,,,,,,,,,,,,,,,
rsg_object_detection,frame_trace,1039,rsg_20260806_70_454880000_001039,sent_to_hydra,,,,,,,,,,,624.6478969987947,ok,8.89343699964229,588.8175690051867,25.503349999780767,0.13296100951265544,25.37038899026811,0.002688000677153468,1.1264360073255375,0.2633929980220273,368.0398649885319,19.143807992804796,0.007072027074173093,387.4541380064329,129.082259038114,24.50616100395564,12.750537993269973,54.647513999952935,36.31061801570468,38.492865991429426,3.078153997194022,0.7718430133536458,0.3182089567417279,1.2609650002559647,0.1371200050925836,0.005055990186519921,173.16522399778478,4.762127995491028,0.14281700714491308,22.119593995739706,0.047231995267793536,4.443597994395532,3.833741007838398,0.09516799764242023,0.5146889889147133,3.709420998347923,0.7336980052059516,0.00672000169288367,1.4308529935078695,8,0,7,0,0,,,,,,,,,,,,,,
rsg_object_detection,dropped_oldest,1049,rsg_20260806_71_104879999_001049,dropped,True,fifo_cached_frame,1031,110,0,919,110,0,1,0.0,50.69856900081504,frame_fifo_full,,,,,,,,,,,,,,,,,,,,,,,,,,,,,,,,,,,,,,,,,,,,,,,,,,,,,,,,
rsg_object_detection,dropped_oldest,1050,rsg_20260806_71_154880000_001050,dropped,True,fifo_cached_frame,1032,110,0,920,110,0,1,0.0,48.990180002874695,frame_fifo_full,,,,,,,,,,,,,,,,,,,,,,,,,,,,,,,,,,,,,,,,,,,,,,,,,,,,,,,,
rsg_object_detection,dropped_oldest,1051,rsg_20260806_71_204880000_001051,dropped,True,fifo_cached_frame,1033,110,0,921,110,0,1,0.0,53.870133007876575,frame_fifo_full,,,,,,,,,,,,,,,,,,,,,,,,,,,,,,,,,,,,,,,,,,,,,,,,,,,,,,,,
rsg_object_detection,dropped_oldest,1052,rsg_20260806_71_254880000_001052,dropped,True,fifo_cached_frame,1034,110,0,922,110,0,1,0.0,51.901645987527445,frame_fifo_full,,,,,,,,,,,,,,,,,,,,,,,,,,,,,,,,,,,,,,,,,,,,,,,,,,,,,,,,
rsg_object_detection,dropped_oldest,1053,rsg_20260806_71_304879999_001053,dropped,True,fifo_cached_frame,1035,110,0,923,110,0,1,0.0,47.321887002908625,frame_fifo_full,,,,,,,,,,,,,,,,,,,,,,,,,,,,,,,,,,,,,,,,,,,,,,,,,,,,,,,,
rsg_object_detection,dropped_oldest,1054,rsg_20260806_71_354879999_001054,dropped,True,fifo_cached_frame,1036,110,0,924,110,0,1,0.0,49.407332990085706,frame_fifo_full,,,,,,,,,,,,,,,,,,,,,,,,,,,,,,,,,,,,,,,,,,,,,,,,,,,,,,,,
rsg_object_detection,dropped_oldest,1055,rsg_20260806_71_404880000_001055,dropped,True,fifo_cached_frame,1037,110,0,925,110,0,1,0.0,65.93660400540102,frame_fifo_full,,,,,,,,,,,,,,,,,,,,,,,,,,,,,,,,,,,,,,,,,,,,,,,,,,,,,,,,
rsg_object_detection,dropped_oldest,1056,rsg_20260806_71_454880000_001056,dropped,True,fifo_cached_frame,1038,110,0,926,110,0,1,0.0,57.76467300893273,frame_fifo_full,,,,,,,,,,,,,,,,,,,,,,,,,,,,,,,,,,,,,,,,,,,,,,,,,,,,,,,,
rsg_object_detection,dropped_oldest,1057,rsg_20260806_71_504880000_001057,dropped,True,fifo_cached_frame,1039,110,0,927,110,0,1,0.0,43.68987400084734,frame_fifo_full,,,,,,,,,,,,,,,,,,,,,,,,,,,,,,,,,,,,,,,,,,,,,,,,,,,,,,,,
rsg_object_detection,dropped_oldest,1058,rsg_20260806_71_554879999_001058,dropped,True,fifo_cached_frame,1040,110,0,928,110,0,1,0.0,59.77693600289058,frame_fifo_full,,,,,,,,,,,,,,,,,,,,,,,,,,,,,,,,,,,,,,,,,,,,,,,,,,,,,,,,
rsg_object_detection,dropped_oldest,1059,rsg_20260806_71_604879999_001059,dropped,True,fifo_cached_frame,1041,110,0,929,110,0,1,0.0,40.011686010984704,frame_fifo_full,,,,,,,,,,,,,,,,,,,,,,,,,,,,,,,,,,,,,,,,,,,,,,,,,,,,,,,,
rsg_object_detection,dropped_oldest,1060,rsg_20260806_71_654880000_001060,dropped,True,fifo_cached_frame,1042,110,0,930,110,0,1,0.0,47.76361500262283,frame_fifo_full,,,,,,,,,,,,,,,,,,,,,,,,,,,,,,,,,,,,,,,,,,,,,,,,,,,,,,,,
rsg_object_detection,frame_trace,1048,rsg_20260806_70_954880000_001048,sent_to_hydra,,,,,,,,,,,770.7431880116928,ok,12.307306009461172,622.2960640006931,134.35363600729033,0.1437130122212693,134.20992299506906,0.0039040023693814874,1.0981149971485138,0.20793700241483748,347.496554008103,31.29642400017474,0.0481919851154089,379.04910699580796,146.86401101062074,21.802792995003983,7.1388060168828815,87.6811249909224,29.440867001540028,58.645636003348045,3.8042380328988656,0.9578259923728183,0.3043849574169144,1.37942899891641,0.32816099701449275,0.0058240111684426665,212.30621400172822,4.543151007965207,0.13846499496139586,25.121683996985666,0.039328006096184254,7.990298996446654,7.388696991256438,0.09036799019668251,0.5112340149935335,3.501036000670865,0.8113630028674379,0.004608009476214647,1.7822779918788,8,0,8,0,0,,,,,,,,,,,,,,
rsg_object_detection,dropped_oldest,1062,rsg_20260806_71_754880000_001062,dropped,True,fifo_cached_frame,1044,111,0,931,111,0,1,0.0,44.28008399554528,frame_fifo_full,,,,,,,,,,,,,,,,,,,,,,,,,,,,,,,,,,,,,,,,,,,,,,,,,,,,,,,,
rsg_object_detection,dropped_oldest,1063,rsg_20260806_71_804879999_001063,dropped,True,fifo_cached_frame,1045,111,0,932,111,0,1,0.0,61.595277991727926,frame_fifo_full,,,,,,,,,,,,,,,,,,,,,,,,,,,,,,,,,,,,,,,,,,,,,,,,,,,,,,,,
rsg_object_detection,dropped_oldest,1064,rsg_20260806_71_854879999_001064,dropped,True,fifo_cached_frame,1046,111,0,933,111,0,1,0.0,48.578273999737576,frame_fifo_full,,,,,,,,,,,,,,,,,,,,,,,,,,,,,,,,,,,,,,,,,,,,,,,,,,,,,,,,
rsg_object_detection,dropped_oldest,1065,rsg_20260806_71_904880000_001065,dropped,True,fifo_cached_frame,1047,111,0,934,111,0,1,0.0,41.430985991610214,frame_fifo_full,,,,,,,,,,,,,,,,,,,,,,,,,,,,,,,,,,,,,,,,,,,,,,,,,,,,,,,,
rsg_object_detection,dropped_oldest,1066,rsg_20260806_71_954880000_001066,dropped,True,fifo_cached_frame,1048,111,0,935,111,0,1,0.0,50.873833999503404,frame_fifo_full,,,,,,,,,,,,,,,,,,,,,,,,,,,,,,,,,,,,,,,,,,,,,,,,,,,,,,,,
rsg_object_detection,dropped_oldest,1067,rsg_20260806_72_004879999_001067,dropped,True,fifo_cached_frame,1049,111,0,936,111,0,1,0.0,48.105601003044285,frame_fifo_full,,,,,,,,,,,,,,,,,,,,,,,,,,,,,,,,,,,,,,,,,,,,,,,,,,,,,,,,
rsg_object_detection,dropped_oldest,1068,rsg_20260806_72_054879999_001068,dropped,True,fifo_cached_frame,1050,111,0,937,111,0,1,0.0,51.076906005619094,frame_fifo_full,,,,,,,,,,,,,,,,,,,,,,,,,,,,,,,,,,,,,,,,,,,,,,,,,,,,,,,,
rsg_object_detection,dropped_oldest,1069,rsg_20260806_72_104879999_001069,dropped,True,fifo_cached_frame,1051,111,0,938,111,0,1,0.0,51.13066600461025,frame_fifo_full,,,,,,,,,,,,,,,,,,,,,,,,,,,,,,,,,,,,,,,,,,,,,,,,,,,,,,,,
rsg_object_detection,dropped_oldest,1070,rsg_20260806_72_154880000_001070,dropped,True,fifo_cached_frame,1052,111,0,939,111,0,1,0.0,114.16834600095171,frame_fifo_full,,,,,,,,,,,,,,,,,,,,,,,,,,,,,,,,,,,,,,,,,,,,,,,,,,,,,,,,
rsg_object_detection,dropped_oldest,1071,rsg_20260806_72_204880000_001071,dropped,True,fifo_cached_frame,1053,111,0,940,111,0,1,0.0,12.173352006357163,frame_fifo_full,,,,,,,,,,,,,,,,,,,,,,,,,,,,,,,,,,,,,,,,,,,,,,,,,,,,,,,,
rsg_object_detection,dropped_oldest,1072,rsg_20260806_72_254880000_001072,dropped,True,fifo_cached_frame,1054,111,0,941,111,0,1,0.0,32.20941800100263,frame_fifo_full,,,,,,,,,,,,,,,,,,,,,,,,,,,,,,,,,,,,,,,,,,,,,,,,,,,,,,,,
rsg_object_detection,dropped_oldest,1073,rsg_20260806_72_304879999_001073,dropped,True,fifo_cached_frame,1055,111,0,942,111,0,1,0.0,49.013730997103266,frame_fifo_full,,,,,,,,,,,,,,,,,,,,,,,,,,,,,,,,,,,,,,,,,,,,,,,,,,,,,,,,
rsg_object_detection,dropped_oldest,1074,rsg_20260806_72_354879999_001074,dropped,True,fifo_cached_frame,1056,111,0,943,111,0,1,0.0,47.81043100228999,frame_fifo_full,,,,,,,,,,,,,,,,,,,,,,,,,,,,,,,,,,,,,,,,,,,,,,,,,,,,,,,,
rsg_object_detection,frame_trace,1061,rsg_20260806_71_704880000_001061,sent_to_hydra,,,,,,,,,,,701.5766070107929,ok,13.856397999916226,661.1432250065263,25.1534600101877,0.1223050057888031,25.031155004398897,0.003039996954612434,2.9256099951453507,0.20704099733848125,378.4007189969998,19.978273994638585,0.007360009476542473,398.5933939984534,179.82565199781675,34.122545999707654,4.925711997202598,90.92599897121545,49.213283011340536,43.52289700182155,3.583881974918768,1.0110459988936782,0.3227840206818655,1.454052995541133,0.40956899465527385,0.005952009814791381,230.15122700599022,7.358840011875145,0.1404490030836314,21.933479991275817,0.040225000702776015,9.795488993404433,9.218399005476385,0.09619200136512518,0.4808979865629226,3.355082997586578,0.700546006555669,0.0052800023695454,1.4204839972080663,8,0,8,0,0,,,,,,,,,,,,,,
rsg_object_detection,dropped_oldest,1076,rsg_20260806_72_454880000_001076,dropped,True,fifo_cached_frame,1058,112,0,944,112,0,1,0.0,48.96595400350634,frame_fifo_full,,,,,,,,,,,,,,,,,,,,,,,,,,,,,,,,,,,,,,,,,,,,,,,,,,,,,,,,
rsg_object_detection,dropped_oldest,1077,rsg_20260806_72_504880000_001077,dropped,True,fifo_cached_frame,1059,112,0,945,112,0,1,0.0,60.81828101014253,frame_fifo_full,,,,,,,,,,,,,,,,,,,,,,,,,,,,,,,,,,,,,,,,,,,,,,,,,,,,,,,,
rsg_object_detection,dropped_oldest,1078,rsg_20260806_72_554879999_001078,dropped,True,fifo_cached_frame,1060,112,0,946,112,0,1,0.0,45.7240880059544,frame_fifo_full,,,,,,,,,,,,,,,,,,,,,,,,,,,,,,,,,,,,,,,,,,,,,,,,,,,,,,,,
rsg_object_detection,dropped_oldest,1079,rsg_20260806_72_604879999_001079,dropped,True,fifo_cached_frame,1061,112,0,947,112,0,1,0.0,45.41499899642076,frame_fifo_full,,,,,,,,,,,,,,,,,,,,,,,,,,,,,,,,,,,,,,,,,,,,,,,,,,,,,,,,
rsg_object_detection,dropped_oldest,1080,rsg_20260806_72_654880000_001080,dropped,True,fifo_cached_frame,1062,112,0,948,112,0,1,0.0,53.20216099789832,frame_fifo_full,,,,,,,,,,,,,,,,,,,,,,,,,,,,,,,,,,,,,,,,,,,,,,,,,,,,,,,,
rsg_object_detection,dropped_oldest,1081,rsg_20260806_72_704880000_001081,dropped,True,fifo_cached_frame,1063,112,0,949,112,0,1,0.0,50.00282199762296,frame_fifo_full,,,,,,,,,,,,,,,,,,,,,,,,,,,,,,,,,,,,,,,,,,,,,,,,,,,,,,,,
rsg_object_detection,dropped_oldest,1082,rsg_20260806_72_754880000_001082,dropped,True,fifo_cached_frame,1064,112,0,950,112,0,1,0.0,48.5336970014032,frame_fifo_full,,,,,,,,,,,,,,,,,,,,,,,,,,,,,,,,,,,,,,,,,,,,,,,,,,,,,,,,
rsg_object_detection,dropped_oldest,1083,rsg_20260806_72_804879999_001083,dropped,True,fifo_cached_frame,1065,112,0,951,112,0,1,0.0,62.35281500266865,frame_fifo_full,,,,,,,,,,,,,,,,,,,,,,,,,,,,,,,,,,,,,,,,,,,,,,,,,,,,,,,,
rsg_object_detection,dropped_oldest,1084,rsg_20260806_72_854879999_001084,dropped,True,fifo_cached_frame,1066,112,0,952,112,0,1,0.0,91.3511179969646,frame_fifo_full,,,,,,,,,,,,,,,,,,,,,,,,,,,,,,,,,,,,,,,,,,,,,,,,,,,,,,,,
rsg_object_detection,dropped_oldest,1085,rsg_20260806_72_904880000_001085,dropped,True,fifo_cached_frame,1067,112,0,953,112,0,1,0.0,55.462167991208844,frame_fifo_full,,,,,,,,,,,,,,,,,,,,,,,,,,,,,,,,,,,,,,,,,,,,,,,,,,,,,,,,
rsg_object_detection,frame_trace,1075,rsg_20260806_72_404880000_001075,sent_to_hydra,,,,,,,,,,,612.880655011395,ok,13.194188009947538,574.6517920051701,23.884655005531386,0.13174400373827666,23.75291100179311,0.0025280023692175746,1.0128669964615256,0.17628900241106749,356.1909080017358,21.425287006422877,0.00556798477191478,377.79805199534167,119.1656110167969,29.586081989691593,6.67695100128185,51.14925697853323,31.174343021120876,47.31916400487535,3.1321710121119395,0.6055050034774467,0.2725459635257721,1.1662760080071166,0.39446599839720875,0.0043199979700148106,172.07413898722734,4.314734003855847,0.13644799764733762,19.278719992144033,0.036832032492384315,8.93158199323807,8.389659997192211,0.08841700037010014,0.4535049956757575,3.5809399996651337,0.6764179997844622,0.00524801725987345,1.1474919883767143,6,0,6,0,0,,,,,,,,,,,,,,
rsg_object_detection,dropped_oldest,1087,rsg_20260806_73_054879999_001087,dropped,True,fifo_cached_frame,1069,113,0,954,113,0,1,0.0,58.05062300350983,frame_fifo_full,,,,,,,,,,,,,,,,,,,,,,,,,,,,,,,,,,,,,,,,,,,,,,,,,,,,,,,,
rsg_object_detection,dropped_oldest,1088,rsg_20260806_73_104879999_001088,dropped,True,fifo_cached_frame,1070,113,0,955,113,0,1,0.0,39.77830600342713,frame_fifo_full,,,,,,,,,,,,,,,,,,,,,,,,,,,,,,,,,,,,,,,,,,,,,,,,,,,,,,,,
rsg_object_detection,dropped_oldest,1089,rsg_20260806_73_154880000_001089,dropped,True,fifo_cached_frame,1071,113,0,956,113,0,1,0.0,47.41359599574935,frame_fifo_full,,,,,,,,,,,,,,,,,,,,,,,,,,,,,,,,,,,,,,,,,,,,,,,,,,,,,,,,
rsg_object_detection,dropped_oldest,1090,rsg_20260806_73_204880000_001090,dropped,True,fifo_cached_frame,1072,113,0,957,113,0,1,0.0,50.65866200311575,frame_fifo_full,,,,,,,,,,,,,,,,,,,,,,,,,,,,,,,,,,,,,,,,,,,,,,,,,,,,,,,,
rsg_object_detection,dropped_oldest,1091,rsg_20260806_73_254880000_001091,dropped,True,fifo_cached_frame,1073,113,0,958,113,0,1,0.0,70.80762399709783,frame_fifo_full,,,,,,,,,,,,,,,,,,,,,,,,,,,,,,,,,,,,,,,,,,,,,,,,,,,,,,,,
rsg_object_detection,dropped_oldest,1092,rsg_20260806_73_304879999_001092,dropped,True,fifo_cached_frame,1074,113,0,959,113,0,1,0.0,30.72829300072044,frame_fifo_full,,,,,,,,,,,,,,,,,,,,,,,,,,,,,,,,,,,,,,,,,,,,,,,,,,,,,,,,
rsg_object_detection,dropped_oldest,1093,rsg_20260806_73_354879999_001093,dropped,True,fifo_cached_frame,1075,113,0,960,113,0,1,0.0,49.539330997504294,frame_fifo_full,,,,,,,,,,,,,,,,,,,,,,,,,,,,,,,,,,,,,,,,,,,,,,,,,,,,,,,,
rsg_object_detection,dropped_oldest,1094,rsg_20260806_73_404880000_001094,dropped,True,fifo_cached_frame,1076,113,0,961,113,0,1,0.0,47.289596011978574,frame_fifo_full,,,,,,,,,,,,,,,,,,,,,,,,,,,,,,,,,,,,,,,,,,,,,,,,,,,,,,,,
rsg_object_detection,frame_trace,1086,rsg_20260806_73_004879999_001086,sent_to_hydra,,,,,,,,,,,622.3783339955844,ok,9.143838004092686,591.2017520022346,20.68771599442698,0.12649600103031844,20.561219993396662,0.0025919871404767036,1.0156839998671785,0.31174499599728733,404.5308339991607,21.515174012165517,0.007807990186847746,426.36556099751033,82.30974200705532,18.727964998106472,5.963861010968685,32.50852299970575,24.344272023881786,39.548002008814365,3.9947649784153327,0.9003240120364353,0.32320099126081914,1.3386599894147366,0.4965779953636229,0.004639994585886598,128.93047201214358,14.501840007142164,0.13958400813862681,20.19856299739331,0.05004798003938049,4.696014992077835,4.05310200585518,0.08956799865700305,0.5533449875656515,3.682251990539953,0.7607389998156577,0.004832021659240127,1.3424360076896846,7,0,7,0,0,,,,,,,,,,,,,,
rsg_object_detection,dropped_oldest,1096,rsg_20260806_73_504880000_001096,dropped,True,fifo_cached_frame,1078,114,0,962,114,0,1,0.0,18.022938995272852,frame_fifo_full,,,,,,,,,,,,,,,,,,,,,,,,,,,,,,,,,,,,,,,,,,,,,,,,,,,,,,,,
rsg_object_detection,dropped_oldest,1097,rsg_20260806_73_654880000_001097,dropped,True,fifo_cached_frame,1079,114,0,963,114,0,1,0.0,32.49021800002083,frame_fifo_full,,,,,,,,,,,,,,,,,,,,,,,,,,,,,,,,,,,,,,,,,,,,,,,,,,,,,,,,
rsg_object_detection,dropped_oldest,1098,rsg_20260806_73_704880000_001098,dropped,True,fifo_cached_frame,1080,114,0,964,114,0,1,0.0,50.19862900371663,frame_fifo_full,,,,,,,,,,,,,,,,,,,,,,,,,,,,,,,,,,,,,,,,,,,,,,,,,,,,,,,,
rsg_object_detection,,473,rsg_20260806_37_004879999_000473,vlm_done,,,,,,,,,,,,ok,,,,,,,,,,,,,,,,,,,,,,,,,,,,,,,,,,,,,,,,,,,rsg_obj_000048,rsg_unknown_rsg_20260806_37_004879999_000473_003_nanosam_001,,,3,0.5140486441306518,ceiling_light,0.95,static,0.99,6574.987197003793,31663.396864998504,qwen_http,Qwen3-VL-8B-Instruct-GGUF
rsg_object_detection,completed,473,rsg_20260806_37_004879999_000473,,,,,,,,,,,25088.406404000125,,vlm_done,,,,,,,,,,,,,,,,,,,,,,,,,,,,,,,,,,,,,,,,,,,rsg_obj_000048,rsg_unknown_rsg_20260806_37_004879999_000473_003_nanosam_001,27,300,3,0.5140486441306518,,,,,,,,
rsg_object_detection,dropped_oldest,1099,rsg_20260806_73_754880000_001099,dropped,True,fifo_cached_frame,1081,114,0,965,114,0,1,0.0,49.33177800558042,frame_fifo_full,,,,,,,,,,,,,,,,,,,,,,,,,,,,,,,,,,,,,,,,,,,,,,,,,,,,,,,,
rsg_object_detection,dropped_oldest,1100,rsg_20260806_73_804879999_001100,dropped,True,fifo_cached_frame,1082,114,0,966,114,0,1,0.0,50.13891600538045,frame_fifo_full,,,,,,,,,,,,,,,,,,,,,,,,,,,,,,,,,,,,,,,,,,,,,,,,,,,,,,,,
rsg_object_detection,dequeued,561,rsg_20260806_42_454880000_000561,,,,,,,,,,,31680.726592996507,,fifo_order,,,,,,,,,,,,,,,,,,,,,,,,,,,,,,,,,,,,,,,,,,,rsg_obj_000049,rsg_unknown_rsg_20260806_42_454880000_000561_007_nanosam_003,26,300,6,0.6241699838624831,,,,,,,,
rsg_object_detection,dropped_oldest,1101,rsg_20260806_73_854879999_001101,dropped,True,fifo_cached_frame,1083,114,0,967,114,0,1,0.0,122.542835000786,frame_fifo_full,,,,,,,,,,,,,,,,,,,,,,,,,,,,,,,,,,,,,,,,,,,,,,,,,,,,,,,,
rsg_object_detection,dropped_oldest,1102,rsg_20260806_73_904880000_001102,dropped,True,fifo_cached_frame,1084,114,0,968,114,0,1,0.0,9.720032001496293,frame_fifo_full,,,,,,,,,,,,,,,,,,,,,,,,,,,,,,,,,,,,,,,,,,,,,,,,,,,,,,,,
rsg_object_detection,dropped_oldest,1103,rsg_20260806_73_954880000_001103,dropped,True,fifo_cached_frame,1085,114,0,969,114,0,1,0.0,7.737273001112044,frame_fifo_full,,,,,,,,,,,,,,,,,,,,,,,,,,,,,,,,,,,,,,,,,,,,,,,,,,,,,,,,
rsg_object_detection,dropped_oldest,1104,rsg_20260806_74_004879999_001104,dropped,True,fifo_cached_frame,1086,114,0,970,114,0,1,0.0,64.66958799865097,frame_fifo_full,,,,,,,,,,,,,,,,,,,,,,,,,,,,,,,,,,,,,,,,,,,,,,,,,,,,,,,,
rsg_object_detection,dropped_oldest,1105,rsg_20260806_74_054879999_001105,dropped,True,fifo_cached_frame,1087,114,0,971,114,0,1,0.0,43.29342101118527,frame_fifo_full,,,,,,,,,,,,,,,,,,,,,,,,,,,,,,,,,,,,,,,,,,,,,,,,,,,,,,,,
rsg_object_detection,dropped_oldest,1106,rsg_20260806_74_104879999_001106,dropped,True,fifo_cached_frame,1088,114,0,972,114,0,1,0.0,91.14912900258787,frame_fifo_full,,,,,,,,,,,,,,,,,,,,,,,,,,,,,,,,,,,,,,,,,,,,,,,,,,,,,,,,
rsg_object_detection,dropped_oldest,1107,rsg_20260806_74_154880000_001107,dropped,True,fifo_cached_frame,1089,114,0,973,114,0,1,0.0,3.2972589979181066,frame_fifo_full,,,,,,,,,,,,,,,,,,,,,,,,,,,,,,,,,,,,,,,,,,,,,,,,,,,,,,,,
rsg_object_detection,dropped_oldest,1108,rsg_20260806_74_204880000_001108,dropped,True,fifo_cached_frame,1090,114,0,974,114,0,1,0.0,49.5542410062626,frame_fifo_full,,,,,,,,,,,,,,,,,,,,,,,,,,,,,,,,,,,,,,,,,,,,,,,,,,,,,,,,
rsg_object_detection,frame_trace,1095,rsg_20260806_73_454880000_001095,sent_to_hydra,,,,,,,,,,,813.5251630010316,ok,16.73035800922662,596.2975379952695,198.75562899687793,0.1381129986839369,198.617515998194,0.004415996954776347,1.7391089932061732,0.2906890003941953,358.85877900000196,13.272684009280056,0.005919995601288974,372.4280720052775,129.58791099663358,32.985547004500404,8.13894001476001,49.21795299742371,38.506972006871365,58.39295900659636,3.5511469905031845,0.9415080421604216,0.2954559604404494,1.1944040015805513,0.13472000136971474,0.0048000074457377195,194.11813699116465,2.436199996736832,0.1544010010547936,25.376242003403604,0.0453770044259727,10.924803995294496,10.195745999226347,0.13180899259168655,0.5972490034764633,5.067440011771396,0.7312340021599084,0.006880000000819564,1.7372220027027652,7,0,7,0,0,,,,,,,,,,,,,,
rsg_object_detection,dropped_oldest,1110,rsg_20260806_74_304879999_001110,dropped,True,fifo_cached_frame,1092,115,0,975,115,0,1,0.0,41.958920992328785,frame_fifo_full,,,,,,,,,,,,,,,,,,,,,,,,,,,,,,,,,,,,,,,,,,,,,,,,,,,,,,,,
rsg_object_detection,dropped_oldest,1111,rsg_20260806_74_354879999_001111,dropped,True,fifo_cached_frame,1093,115,0,976,115,0,1,0.0,50.92650199367199,frame_fifo_full,,,,,,,,,,,,,,,,,,,,,,,,,,,,,,,,,,,,,,,,,,,,,,,,,,,,,,,,
rsg_object_detection,dropped_oldest,1112,rsg_20260806_74_404880000_001112,dropped,True,fifo_cached_frame,1094,115,0,977,115,0,1,0.0,49.59734600561205,frame_fifo_full,,,,,,,,,,,,,,,,,,,,,,,,,,,,,,,,,,,,,,,,,,,,,,,,,,,,,,,,
rsg_object_detection,dropped_oldest,1113,rsg_20260806_74_454880000_001113,dropped,True,fifo_cached_frame,1095,115,0,978,115,0,1,0.0,59.16812899522483,frame_fifo_full,,,,,,,,,,,,,,,,,,,,,,,,,,,,,,,,,,,,,,,,,,,,,,,,,,,,,,,,
rsg_object_detection,dropped_oldest,1114,rsg_20260806_74_504880000_001114,dropped,True,fifo_cached_frame,1096,115,0,979,115,0,1,0.0,42.11744898930192,frame_fifo_full,,,,,,,,,,,,,,,,,,,,,,,,,,,,,,,,,,,,,,,,,,,,,,,,,,,,,,,,
rsg_object_detection,dropped_oldest,1115,rsg_20260806_74_554879999_001115,dropped,True,fifo_cached_frame,1097,115,0,980,115,0,1,0.0,131.61585199122783,frame_fifo_full,,,,,,,,,,,,,,,,,,,,,,,,,,,,,,,,,,,,,,,,,,,,,,,,,,,,,,,,
rsg_object_detection,dropped_oldest,1116,rsg_20260806_74_604879999_001116,dropped,True,fifo_cached_frame,1098,115,0,981,115,0,1,0.0,3.1103780056582764,frame_fifo_full,,,,,,,,,,,,,,,,,,,,,,,,,,,,,,,,,,,,,,,,,,,,,,,,,,,,,,,,
rsg_object_detection,dropped_oldest,1117,rsg_20260806_74_654880000_001117,dropped,True,fifo_cached_frame,1099,115,0,982,115,0,1,0.0,14.893616986228153,frame_fifo_full,,,,,,,,,,,,,,,,,,,,,,,,,,,,,,,,,,,,,,,,,,,,,,,,,,,,,,,,
rsg_object_detection,dropped_oldest,1118,rsg_20260806_74_704880000_001118,dropped,True,fifo_cached_frame,1100,115,0,983,115,0,1,0.0,53.98919999424834,frame_fifo_full,,,,,,,,,,,,,,,,,,,,,,,,,,,,,,,,,,,,,,,,,,,,,,,,,,,,,,,,
rsg_object_detection,frame_trace,1109,rsg_20260806_74_254880000_001109,sent_to_hydra,,,,,,,,,,,503.8365209911717,ok,15.940596000291407,457.5786109926412,28.147835997515358,0.13974499597679824,28.00809100153856,0.004447996616363525,1.0874919971683994,0.18876799731515348,272.1855910058366,14.589294994948432,0.0073920091381296515,286.97104600723833,69.89273898943793,15.01723199908156,3.414667007746175,35.87061299185734,15.025839966256171,58.63164699985646,7.515160017646849,1.5414130029967055,0.3247069980716333,1.1778920015785843,0.3813130024354905,0.0043199979700148106,139.48429501033388,4.79908699344378,0.16710501222405583,25.029746000654995,0.039839971577748656,7.3582639888627455,6.657429999904707,0.09388799662701786,0.6069459923310205,7.951417996082455,0.6273940089158714,0.003520006430335343,2.1650300041073933,8,0,7,0,0,,,,,,,,,,,,,,
rsg_object_detection,dropped_oldest,1120,rsg_20260806_74_854879999_001120,dropped,True,fifo_cached_frame,1102,116,0,984,116,0,1,0.0,34.461999995983206,frame_fifo_full,,,,,,,,,,,,,,,,,,,,,,,,,,,,,,,,,,,,,,,,,,,,,,,,,,,,,,,,
rsg_object_detection,dropped_oldest,1121,rsg_20260806_74_904880000_001121,dropped,True,fifo_cached_frame,1103,116,0,985,116,0,1,0.0,49.63862500153482,frame_fifo_full,,,,,,,,,,,,,,,,,,,,,,,,,,,,,,,,,,,,,,,,,,,,,,,,,,,,,,,,
rsg_object_detection,dropped_oldest,1122,rsg_20260806_74_954880000_001122,dropped,True,fifo_cached_frame,1104,116,0,986,116,0,1,0.0,52.0490650087595,frame_fifo_full,,,,,,,,,,,,,,,,,,,,,,,,,,,,,,,,,,,,,,,,,,,,,,,,,,,,,,,,
rsg_object_detection,dropped_oldest,1123,rsg_20260806_75_004879999_001123,dropped,True,fifo_cached_frame,1105,116,0,987,116,0,1,0.0,49.46435299643781,frame_fifo_full,,,,,,,,,,,,,,,,,,,,,,,,,,,,,,,,,,,,,,,,,,,,,,,,,,,,,,,,
rsg_object_detection,dropped_oldest,1124,rsg_20260806_75_054879999_001124,dropped,True,fifo_cached_frame,1106,116,0,988,116,0,1,0.0,49.734241008991376,frame_fifo_full,,,,,,,,,,,,,,,,,,,,,,,,,,,,,,,,,,,,,,,,,,,,,,,,,,,,,,,,
rsg_object_detection,dropped_oldest,1125,rsg_20260806_75_104879999_001125,dropped,True,fifo_cached_frame,1107,116,0,989,116,0,1,0.0,60.563716004253365,frame_fifo_full,,,,,,,,,,,,,,,,,,,,,,,,,,,,,,,,,,,,,,,,,,,,,,,,,,,,,,,,
rsg_object_detection,dropped_oldest,1126,rsg_20260806_75_154880000_001126,dropped,True,fifo_cached_frame,1108,116,0,990,116,0,1,0.0,112.20967400004156,frame_fifo_full,,,,,,,,,,,,,,,,,,,,,,,,,,,,,,,,,,,,,,,,,,,,,,,,,,,,,,,,
rsg_object_detection,dropped_oldest,1127,rsg_20260806_75_204880000_001127,dropped,True,fifo_cached_frame,1109,116,0,991,116,0,1,0.0,78.9963510032976,frame_fifo_full,,,,,,,,,,,,,,,,,,,,,,,,,,,,,,,,,,,,,,,,,,,,,,,,,,,,,,,,
rsg_object_detection,dropped_oldest,1128,rsg_20260806_75_254880000_001128,dropped,True,fifo_cached_frame,1110,116,0,992,116,0,1,0.0,8.367579008336179,frame_fifo_full,,,,,,,,,,,,,,,,,,,,,,,,,,,,,,,,,,,,,,,,,,,,,,,,,,,,,,,,
rsg_object_detection,dropped_oldest,1129,rsg_20260806_75_304879999_001129,dropped,True,fifo_cached_frame,1111,116,0,993,116,0,1,0.0,3.163018001941964,frame_fifo_full,,,,,,,,,,,,,,,,,,,,,,,,,,,,,,,,,,,,,,,,,,,,,,,,,,,,,,,,
rsg_object_detection,dropped_oldest,1130,rsg_20260806_75_354879999_001130,dropped,True,fifo_cached_frame,1112,116,0,994,116,0,1,0.0,57.51647398574278,frame_fifo_full,,,,,,,,,,,,,,,,,,,,,,,,,,,,,,,,,,,,,,,,,,,,,,,,,,,,,,,,
rsg_object_detection,frame_trace,1119,rsg_20260806_74_754880000_001119,sent_to_hydra,,,,,,,,,,,676.6673770034686,ok,13.448715006234124,639.623801005655,21.77155899698846,0.14771199494134635,21.623847002047114,0.0024000037228688598,1.3367079955060035,0.21321700478438288,289.941455994267,21.138371987035498,0.007297014235518873,311.3003420003224,200.11411799350753,33.121098997071385,5.204880013479851,98.91142402193509,61.99805399228353,84.16673600731883,3.4844889887608588,1.0129019938176498,0.32787202508188784,1.4914289931766689,0.348896996001713,0.004832007107324898,290.96929100342095,6.361109000863507,0.2239359891973436,29.38790300686378,0.04451200948096812,9.006748994579539,8.346331000211649,0.09584000508766621,0.5645779892802238,3.8356600125553086,0.6015699909767136,0.004736008122563362,1.8209019908681512,8,0,7,0,0,,,,,,,,,,,,,,
rsg_object_detection,dropped_oldest,1132,rsg_20260806_75_454880000_001132,dropped,True,fifo_cached_frame,1114,117,0,995,117,0,1,0.0,40.61008400458377,frame_fifo_full,,,,,,,,,,,,,,,,,,,,,,,,,,,,,,,,,,,,,,,,,,,,,,,,,,,,,,,,
rsg_object_detection,dropped_oldest,1133,rsg_20260806_75_504880000_001133,dropped,True,fifo_cached_frame,1115,117,0,996,117,0,1,0.0,49.50729600386694,frame_fifo_full,,,,,,,,,,,,,,,,,,,,,,,,,,,,,,,,,,,,,,,,,,,,,,,,,,,,,,,,
rsg_object_detection,dropped_oldest,1134,rsg_20260806_75_554879999_001134,dropped,True,fifo_cached_frame,1116,117,0,997,117,0,1,0.0,48.343739996198565,frame_fifo_full,,,,,,,,,,,,,,,,,,,,,,,,,,,,,,,,,,,,,,,,,,,,,,,,,,,,,,,,
rsg_object_detection,dropped_oldest,1135,rsg_20260806_75_604879999_001135,dropped,True,fifo_cached_frame,1117,117,0,998,117,0,1,0.0,52.22656800469849,frame_fifo_full,,,,,,,,,,,,,,,,,,,,,,,,,,,,,,,,,,,,,,,,,,,,,,,,,,,,,,,,
rsg_object_detection,dropped_oldest,1136,rsg_20260806_75_654880000_001136,dropped,True,fifo_cached_frame,1118,117,0,999,117,0,1,0.0,52.78404199634679,frame_fifo_full,,,,,,,,,,,,,,,,,,,,,,,,,,,,,,,,,,,,,,,,,,,,,,,,,,,,,,,,
rsg_object_detection,dropped_oldest,1137,rsg_20260806_75_704880000_001137,dropped,True,fifo_cached_frame,1119,117,0,1000,117,0,1,0.0,52.658153988886625,frame_fifo_full,,,,,,,,,,,,,,,,,,,,,,,,,,,,,,,,,,,,,,,,,,,,,,,,,,,,,,,,
rsg_object_detection,dropped_oldest,1138,rsg_20260806_75_754880000_001138,dropped,True,fifo_cached_frame,1120,117,0,1001,117,0,1,0.0,147.4277399975108,frame_fifo_full,,,,,,,,,,,,,,,,,,,,,,,,,,,,,,,,,,,,,,,,,,,,,,,,,,,,,,,,
rsg_object_detection,dropped_oldest,1139,rsg_20260806_75_904880000_001139,dropped,True,fifo_cached_frame,1121,117,0,1002,117,0,1,0.0,64.94971399661154,frame_fifo_full,,,,,,,,,,,,,,,,,,,,,,,,,,,,,,,,,,,,,,,,,,,,,,,,,,,,,,,,
rsg_object_detection,dropped_oldest,1140,rsg_20260806_75_954880000_001140,dropped,True,fifo_cached_frame,1122,117,0,1003,117,0,1,0.0,30.287234010756947,frame_fifo_full,,,,,,,,,,,,,,,,,,,,,,,,,,,,,,,,,,,,,,,,,,,,,,,,,,,,,,,,
rsg_object_detection,dropped_oldest,1141,rsg_20260806_76_004879999_001141,dropped,True,fifo_cached_frame,1123,117,0,1004,117,0,1,0.0,52.14029700437095,frame_fifo_full,,,,,,,,,,,,,,,,,,,,,,,,,,,,,,,,,,,,,,,,,,,,,,,,,,,,,,,,
rsg_object_detection,frame_trace,1131,rsg_20260806_75_404880000_001131,sent_to_hydra,,,,,,,,,,,641.6376550041605,ok,15.240337001159787,589.442863012664,34.86398400855251,0.12710400915239006,34.73687999940012,0.003455992555245757,1.1860829981742427,0.21763300173915923,319.3479109904729,18.905661010649055,0.009279989171773195,338.48048499203287,134.6205620211549,24.35198100283742,8.589369972469285,61.727272026473656,38.95967698190361,76.09723800851498,3.70343700342346,0.9609940025256947,0.3837459662463516,1.2146280059823766,0.3757450031116605,0.005952009814791381,217.38246199674904,4.647087000194006,0.16780900477897376,27.522777003468946,0.05616001726593822,10.246529011055827,9.525214991299435,0.12476799020078033,0.5965460295556113,4.372718001832254,0.6153620051918551,0.005727983079850674,2.087014989228919,7,0,6,0,0,,,,,,,,,,,,,,
rsg_object_detection,dropped_oldest,1143,rsg_20260806_76_104879999_001143,dropped,True,fifo_cached_frame,1125,118,0,1005,118,0,1,0.0,38.80809299880639,frame_fifo_full,,,,,,,,,,,,,,,,,,,,,,,,,,,,,,,,,,,,,,,,,,,,,,,,,,,,,,,,
rsg_object_detection,dropped_oldest,1144,rsg_20260806_76_154880000_001144,dropped,True,fifo_cached_frame,1126,118,0,1006,118,0,1,0.0,100.31308900215663,frame_fifo_full,,,,,,,,,,,,,,,,,,,,,,,,,,,,,,,,,,,,,,,,,,,,,,,,,,,,,,,,
rsg_object_detection,dropped_oldest,1145,rsg_20260806_76_254880000_001145,dropped,True,fifo_cached_frame,1127,118,0,1007,118,0,1,0.0,60.90125101036392,frame_fifo_full,,,,,,,,,,,,,,,,,,,,,,,,,,,,,,,,,,,,,,,,,,,,,,,,,,,,,,,,
rsg_object_detection,dropped_oldest,1146,rsg_20260806_76_304879999_001146,dropped,True,fifo_cached_frame,1128,118,0,1008,118,0,1,0.0,41.01830700528808,frame_fifo_full,,,,,,,,,,,,,,,,,,,,,,,,,,,,,,,,,,,,,,,,,,,,,,,,,,,,,,,,
rsg_object_detection,dropped_oldest,1147,rsg_20260806_76_354879999_001147,dropped,True,fifo_cached_frame,1129,118,0,1009,118,0,1,0.0,49.02937199221924,frame_fifo_full,,,,,,,,,,,,,,,,,,,,,,,,,,,,,,,,,,,,,,,,,,,,,,,,,,,,,,,,
rsg_object_detection,dropped_oldest,1148,rsg_20260806_76_404880000_001148,dropped,True,fifo_cached_frame,1130,118,0,1010,118,0,1,0.0,62.508039991371334,frame_fifo_full,,,,,,,,,,,,,,,,,,,,,,,,,,,,,,,,,,,,,,,,,,,,,,,,,,,,,,,,
rsg_object_detection,dropped_oldest,1149,rsg_20260806_76_454880000_001149,dropped,True,fifo_cached_frame,1131,118,0,1011,118,0,1,0.0,194.52561500656884,frame_fifo_full,,,,,,,,,,,,,,,,,,,,,,,,,,,,,,,,,,,,,,,,,,,,,,,,,,,,,,,,
rsg_object_detection,dropped_oldest,1150,rsg_20260806_76_554879999_001150,dropped,True,fifo_cached_frame,1132,118,0,1012,118,0,1,0.0,4.017516999738291,frame_fifo_full,,,,,,,,,,,,,,,,,,,,,,,,,,,,,,,,,,,,,,,,,,,,,,,,,,,,,,,,
rsg_object_detection,frame_trace,1142,rsg_20260806_76_054879999_001142,sent_to_hydra,,,,,,,,,,,623.3096759970067,ok,20.844195008976385,568.4507479891181,31.725957989692688,0.16124898684211075,31.564709002850577,0.004415996954776347,1.4251569955376908,0.2763849915936589,327.87890499457717,14.536558999679983,0.008192015229724348,342.70004100108054,105.00849600066431,25.498322982457466,9.10949899116531,27.69058701233007,41.95846999937203,68.57458798913285,5.744597016018815,1.2486099876696244,0.44319999869912863,1.4430449955398217,0.6053460092516616,0.006880000000819564,183.09498598682694,7.662616000743583,0.15056099800858647,33.3748909906717,0.04249601624906063,15.18609699269291,14.493839000351727,0.12102400069124997,0.5712339916499332,4.978607001248747,0.6739230011589825,0.005568013875745237,2.2843590122647583,8,0,8,0,0,,,,,,,,,,,,,,
rsg_object_detection,dropped_oldest,1152,rsg_20260806_76_754880000_001152,dropped,True,fifo_cached_frame,1134,119,0,1013,119,0,1,0.0,49.77836699981708,frame_fifo_full,,,,,,,,,,,,,,,,,,,,,,,,,,,,,,,,,,,,,,,,,,,,,,,,,,,,,,,,
rsg_object_detection,dropped_oldest,1153,rsg_20260806_76_804879999_001153,dropped,True,fifo_cached_frame,1135,119,0,1014,119,0,1,0.0,48.87010900711175,frame_fifo_full,,,,,,,,,,,,,,,,,,,,,,,,,,,,,,,,,,,,,,,,,,,,,,,,,,,,,,,,
rsg_object_detection,dropped_oldest,1154,rsg_20260806_76_854879999_001154,dropped,True,fifo_cached_frame,1136,119,0,1015,119,0,1,0.0,102.43600800458807,frame_fifo_full,,,,,,,,,,,,,,,,,,,,,,,,,,,,,,,,,,,,,,,,,,,,,,,,,,,,,,,,
rsg_object_detection,dropped_oldest,1155,rsg_20260806_76_954880000_001155,dropped,True,fifo_cached_frame,1137,119,0,1016,119,0,1,0.0,118.97967600089032,frame_fifo_full,,,,,,,,,,,,,,,,,,,,,,,,,,,,,,,,,,,,,,,,,,,,,,,,,,,,,,,,
rsg_object_detection,dropped_oldest,1156,rsg_20260806_77_054879999_001156,dropped,True,fifo_cached_frame,1138,119,0,1017,119,0,1,0.0,54.45825299830176,frame_fifo_full,,,,,,,,,,,,,,,,,,,,,,,,,,,,,,,,,,,,,,,,,,,,,,,,,,,,,,,,
rsg_object_detection,dropped_oldest,1157,rsg_20260806_77_104879999_001157,dropped,True,fifo_cached_frame,1139,119,0,1018,119,0,1,0.0,39.941663009813055,frame_fifo_full,,,,,,,,,,,,,,,,,,,,,,,,,,,,,,,,,,,,,,,,,,,,,,,,,,,,,,,,
rsg_object_detection,dropped_oldest,1158,rsg_20260806_77_154880000_001158,dropped,True,fifo_cached_frame,1140,119,0,1019,119,0,1,0.0,35.96440200635698,frame_fifo_full,,,,,,,,,,,,,,,,,,,,,,,,,,,,,,,,,,,,,,,,,,,,,,,,,,,,,,,,
rsg_object_detection,dropped_oldest,1159,rsg_20260806_77_204880000_001159,dropped,True,fifo_cached_frame,1141,119,0,1020,119,0,1,0.0,126.24126400623936,frame_fifo_full,,,,,,,,,,,,,,,,,,,,,,,,,,,,,,,,,,,,,,,,,,,,,,,,,,,,,,,,
rsg_object_detection,frame_trace,1151,rsg_20260806_76_654880000_001151,sent_to_hydra,,,,,,,,,,,674.1234619985335,ok,12.725673004752025,623.7079410057049,35.52523399412166,0.10822400508914143,35.41700998903252,0.002496002707630396,2.017894003074616,0.19635299395304173,348.43471500789747,16.0421309992671,0.007871989510022104,364.68107099062763,138.1803740077885,25.800881019677036,8.43199499649927,50.308254998526536,51.34195397840813,74.31415599421598,2.932329007307999,0.9823069995036349,0.32060999365057796,1.172995995148085,0.1472000003559515,0.005056004738435149,218.0700680037262,2.674344999832101,0.1223680010298267,36.09675500774756,0.0454399996669963,8.473530993796885,7.843480998417363,0.09235199831891805,0.5376979970606044,3.658572008134797,0.5886099970666692,0.004960005753673613,2.1621179912472144,8,0,7,0,0,,,,,,,,,,,,,,
rsg_object_detection,dropped_oldest,1161,rsg_20260806_77_354879999_001161,dropped,True,fifo_cached_frame,1143,120,0,1021,120,0,1,0.0,85.61614400241524,frame_fifo_full,,,,,,,,,,,,,,,,,,,,,,,,,,,,,,,,,,,,,,,,,,,,,,,,,,,,,,,,
rsg_object_detection,dropped_oldest,1162,rsg_20260806_77_454880000_001162,dropped,True,fifo_cached_frame,1144,120,0,1022,120,0,1,0.0,51.19981100142468,frame_fifo_full,,,,,,,,,,,,,,,,,,,,,,,,,,,,,,,,,,,,,,,,,,,,,,,,,,,,,,,,
rsg_object_detection,dropped_oldest,1163,rsg_20260806_77_504880000_001163,dropped,True,fifo_cached_frame,1145,120,0,1023,120,0,1,0.0,59.71091000537854,frame_fifo_full,,,,,,,,,,,,,,,,,,,,,,,,,,,,,,,,,,,,,,,,,,,,,,,,,,,,,,,,
rsg_object_detection,dropped_oldest,1164,rsg_20260806_77_554879999_001164,dropped,True,fifo_cached_frame,1146,120,0,1024,120,0,1,0.0,42.50064700318035,frame_fifo_full,,,,,,,,,,,,,,,,,,,,,,,,,,,,,,,,,,,,,,,,,,,,,,,,,,,,,,,,
rsg_object_detection,dropped_oldest,1165,rsg_20260806_77_604879999_001165,dropped,True,fifo_cached_frame,1147,120,0,1025,120,0,1,0.0,50.86892899998929,frame_fifo_full,,,,,,,,,,,,,,,,,,,,,,,,,,,,,,,,,,,,,,,,,,,,,,,,,,,,,,,,
rsg_object_detection,dropped_oldest,1166,rsg_20260806_77_654880000_001166,dropped,True,fifo_cached_frame,1148,120,0,1026,120,0,1,0.0,83.95959399058484,frame_fifo_full,,,,,,,,,,,,,,,,,,,,,,,,,,,,,,,,,,,,,,,,,,,,,,,,,,,,,,,,
rsg_object_detection,dropped_oldest,1167,rsg_20260806_77_704880000_001167,dropped,True,fifo_cached_frame,1149,120,0,1027,120,0,1,0.0,39.74610999284778,frame_fifo_full,,,,,,,,,,,,,,,,,,,,,,,,,,,,,,,,,,,,,,,,,,,,,,,,,,,,,,,,
rsg_object_detection,dropped_oldest,1168,rsg_20260806_77_754880000_001168,dropped,True,fifo_cached_frame,1150,120,0,1028,120,0,1,0.0,40.1961269963067,frame_fifo_full,,,,,,,,,,,,,,,,,,,,,,,,,,,,,,,,,,,,,,,,,,,,,,,,,,,,,,,,
rsg_object_detection,dropped_oldest,1169,rsg_20260806_77_804879999_001169,dropped,True,fifo_cached_frame,1151,120,0,1029,120,0,1,0.0,103.20439100905787,frame_fifo_full,,,,,,,,,,,,,,,,,,,,,,,,,,,,,,,,,,,,,,,,,,,,,,,,,,,,,,,,
rsg_object_detection,dropped_oldest,1170,rsg_20260806_77_854879999_001170,dropped,True,fifo_cached_frame,1152,120,0,1030,120,0,1,0.0,17.840600994531997,frame_fifo_full,,,,,,,,,,,,,,,,,,,,,,,,,,,,,,,,,,,,,,,,,,,,,,,,,,,,,,,,
rsg_object_detection,dropped_oldest,1171,rsg_20260806_77_904880000_001171,dropped,True,fifo_cached_frame,1153,120,0,1031,120,0,1,0.0,21.782693002023734,frame_fifo_full,,,,,,,,,,,,,,,,,,,,,,,,,,,,,,,,,,,,,,,,,,,,,,,,,,,,,,,,
rsg_object_detection,dropped_oldest,1172,rsg_20260806_77_954880000_001172,dropped,True,fifo_cached_frame,1154,120,0,1032,120,0,1,0.0,49.15951599832624,frame_fifo_full,,,,,,,,,,,,,,,,,,,,,,,,,,,,,,,,,,,,,,,,,,,,,,,,,,,,,,,,
rsg_object_detection,frame_trace,1160,rsg_20260806_77_304879999_001160,sent_to_hydra,,,,,,,,,,,692.2870600101305,ok,14.237645009416156,642.7074469975196,33.57306700490881,0.1304320030612871,33.44263500184752,0.003296008799225092,5.514928998309188,0.2156489936169237,292.0745590090519,16.02334600465838,0.007391994586214423,308.3209460019134,172.24921798333526,29.661116015631706,38.90754900930915,52.05565498908982,50.76159903546795,108.12440699373838,7.749432988930494,1.1982439900748432,0.38291304372251034,1.0683869913918898,0.2978890115628019,0.004671994247473776,291.0909389902372,4.575694998493418,0.136160000693053,33.023689000401646,0.04508900747168809,9.727678989293054,9.112284998991527,0.08902398985810578,0.5263700004434213,3.8290359952952713,0.6757780065527186,0.005152018275111914,1.7656049894867465,8,0,6,0,0,,,,,,,,,,,,,,
rsg_object_detection,dropped_oldest,1174,rsg_20260806_78_104879999_001174,dropped,True,fifo_cached_frame,1156,121,0,1033,121,0,1,0.0,4.31339000351727,frame_fifo_full,,,,,,,,,,,,,,,,,,,,,,,,,,,,,,,,,,,,,,,,,,,,,,,,,,,,,,,,
rsg_object_detection,dropped_oldest,1175,rsg_20260806_78_154880000_001175,dropped,True,fifo_cached_frame,1157,121,0,1034,121,0,1,0.0,3.6511479993350804,frame_fifo_full,,,,,,,,,,,,,,,,,,,,,,,,,,,,,,,,,,,,,,,,,,,,,,,,,,,,,,,,
rsg_object_detection,dropped_oldest,1176,rsg_20260806_78_204880000_001176,dropped,True,fifo_cached_frame,1158,121,0,1035,121,0,1,0.0,4.630766998161562,frame_fifo_full,,,,,,,,,,,,,,,,,,,,,,,,,,,,,,,,,,,,,,,,,,,,,,,,,,,,,,,,
rsg_object_detection,dropped_oldest,1177,rsg_20260806_78_254880000_001177,dropped,True,fifo_cached_frame,1159,121,0,1036,121,0,1,0.0,3.786059998674318,frame_fifo_full,,,,,,,,,,,,,,,,,,,,,,,,,,,,,,,,,,,,,,,,,,,,,,,,,,,,,,,,
rsg_object_detection,dropped_oldest,1178,rsg_20260806_78_354879999_001178,dropped,True,fifo_cached_frame,1160,121,0,1037,121,0,1,0.0,4.959311991115101,frame_fifo_full,,,,,,,,,,,,,,,,,,,,,,,,,,,,,,,,,,,,,,,,,,,,,,,,,,,,,,,,
rsg_object_detection,dropped_oldest,1179,rsg_20260806_78_404880000_001179,dropped,True,fifo_cached_frame,1161,121,0,1038,121,0,1,0.0,49.99452500487678,frame_fifo_full,,,,,,,,,,,,,,,,,,,,,,,,,,,,,,,,,,,,,,,,,,,,,,,,,,,,,,,,
rsg_object_detection,dropped_oldest,1180,rsg_20260806_78_454880000_001180,dropped,True,fifo_cached_frame,1162,121,0,1039,121,0,1,0.0,106.56971100252122,frame_fifo_full,,,,,,,,,,,,,,,,,,,,,,,,,,,,,,,,,,,,,,,,,,,,,,,,,,,,,,,,
rsg_object_detection,dropped_oldest,1181,rsg_20260806_78_554879999_001181,dropped,True,fifo_cached_frame,1163,121,0,1040,121,0,1,0.0,44.35978799301665,frame_fifo_full,,,,,,,,,,,,,,,,,,,,,,,,,,,,,,,,,,,,,,,,,,,,,,,,,,,,,,,,
rsg_object_detection,dropped_oldest,1182,rsg_20260806_78_604879999_001182,dropped,True,fifo_cached_frame,1164,121,0,1041,121,0,1,0.0,50.10633300116751,frame_fifo_full,,,,,,,,,,,,,,,,,,,,,,,,,,,,,,,,,,,,,,,,,,,,,,,,,,,,,,,,
rsg_object_detection,dropped_oldest,1183,rsg_20260806_78_654880000_001183,dropped,True,fifo_cached_frame,1165,121,0,1042,121,0,1,0.0,60.162396999658085,frame_fifo_full,,,,,,,,,,,,,,,,,,,,,,,,,,,,,,,,,,,,,,,,,,,,,,,,,,,,,,,,
rsg_object_detection,dropped_oldest,1184,rsg_20260806_78_704880000_001184,dropped,True,fifo_cached_frame,1166,121,0,1043,121,0,1,0.0,89.05880799284205,frame_fifo_full,,,,,,,,,,,,,,,,,,,,,,,,,,,,,,,,,,,,,,,,,,,,,,,,,,,,,,,,
rsg_object_detection,dropped_oldest,1185,rsg_20260806_78_804879999_001185,dropped,True,fifo_cached_frame,1167,121,0,1044,121,0,1,0.0,130.52415499987546,frame_fifo_full,,,,,,,,,,,,,,,,,,,,,,,,,,,,,,,,,,,,,,,,,,,,,,,,,,,,,,,,
rsg_object_detection,dropped_oldest,1186,rsg_20260806_78_854879999_001186,dropped,True,fifo_cached_frame,1168,121,0,1045,121,0,1,0.0,3.2439140049973503,frame_fifo_full,,,,,,,,,,,,,,,,,,,,,,,,,,,,,,,,,,,,,,,,,,,,,,,,,,,,,,,,
rsg_object_detection,dropped_oldest,1187,rsg_20260806_78_904880000_001187,dropped,True,fifo_cached_frame,1169,121,0,1046,121,0,1,0.0,17.890263989102095,frame_fifo_full,,,,,,,,,,,,,,,,,,,,,,,,,,,,,,,,,,,,,,,,,,,,,,,,,,,,,,,,
rsg_object_detection,frame_trace,1173,rsg_20260806_78_004879999_001173,sent_to_hydra,,,,,,,,,,,998.0088669981342,ok,9.279612990212627,619.1875789954793,367.45261200121604,0.15830399934202433,367.294308001874,0.002496002707630396,8.449945991742425,5.46206500439439,312.861783997505,26.07713799807243,0.008639995940029621,344.4096269959118,122.59155401261523,19.041340026888065,5.854066999745555,71.93254498997703,25.167823972878978,94.39370500331279,3.309578023618087,4.3766210146714,0.3481619496596977,1.0956189944408834,0.4131539899390191,0.004640009137801826,226.5497369953664,3.9232760027516633,0.13935999595560133,35.680368993780576,0.0352640199707821,5.38155299727805,4.749197993078269,0.08870400779414922,0.5436509964056313,3.3356590138282627,0.5572490044869483,0.005151974619366229,2.086567008518614,8,0,6,0,0,,,,,,,,,,,,,,
rsg_object_detection,dropped_oldest,1189,rsg_20260806_79_054879999_001189,dropped,True,fifo_cached_frame,1171,122,0,1047,122,0,1,0.0,36.34216099453624,frame_fifo_full,,,,,,,,,,,,,,,,,,,,,,,,,,,,,,,,,,,,,,,,,,,,,,,,,,,,,,,,
rsg_object_detection,dropped_oldest,1190,rsg_20260806_79_104879999_001190,dropped,True,fifo_cached_frame,1172,122,0,1048,122,0,1,0.0,50.35900500661228,frame_fifo_full,,,,,,,,,,,,,,,,,,,,,,,,,,,,,,,,,,,,,,,,,,,,,,,,,,,,,,,,
rsg_object_detection,dropped_oldest,1191,rsg_20260806_79_154880000_001191,dropped,True,fifo_cached_frame,1173,122,0,1049,122,0,1,0.0,50.43868499342352,frame_fifo_full,,,,,,,,,,,,,,,,,,,,,,,,,,,,,,,,,,,,,,,,,,,,,,,,,,,,,,,,
rsg_object_detection,dropped_oldest,1192,rsg_20260806_79_204880000_001192,dropped,True,fifo_cached_frame,1174,122,0,1050,122,0,1,0.0,53.17223000747617,frame_fifo_full,,,,,,,,,,,,,,,,,,,,,,,,,,,,,,,,,,,,,,,,,,,,,,,,,,,,,,,,
rsg_object_detection,dropped_oldest,1193,rsg_20260806_79_254880000_001193,dropped,True,fifo_cached_frame,1175,122,0,1051,122,0,1,0.0,49.79321100108791,frame_fifo_full,,,,,,,,,,,,,,,,,,,,,,,,,,,,,,,,,,,,,,,,,,,,,,,,,,,,,,,,
rsg_object_detection,dropped_oldest,1194,rsg_20260806_79_304879999_001194,dropped,True,fifo_cached_frame,1176,122,0,1052,122,0,1,0.0,49.046201005694456,frame_fifo_full,,,,,,,,,,,,,,,,,,,,,,,,,,,,,,,,,,,,,,,,,,,,,,,,,,,,,,,,
rsg_object_detection,,561,rsg_20260806_42_454880000_000561,vlm_failed,,,,,,,,,,,,"{""label"":""unknown_object"",""label_confidence"":0.0,""mobility_class"":""unknown"",""mobility_confidence"":0.0}",,,,,,,,,,,,,,,,,,,,,,,,,,,,,,,,,,,,,,,,,,,rsg_obj_000049,rsg_unknown_rsg_20260806_42_454880000_000561_007_nanosam_003,,,6,0.6241699838624831,unknown_object,0.0,unknown,0.0,5471.242265004548,37151.970970007824,qwen_http,Qwen3-VL-8B-Instruct-GGUF
rsg_object_detection,completed,561,rsg_20260806_42_454880000_000561,,,,,,,,,,,31680.726592996507,,vlm_failed,,,,,,,,,,,,,,,,,,,,,,,,,,,,,,,,,,,,,,,,,,,rsg_obj_000049,rsg_unknown_rsg_20260806_42_454880000_000561_007_nanosam_003,32,300,6,0.6241699838624831,,,,,,,,
rsg_object_detection,dropped_oldest,1195,rsg_20260806_79_354879999_001195,dropped,True,fifo_cached_frame,1177,122,0,1053,122,0,1,0.0,51.94435399607755,frame_fifo_full,,,,,,,,,,,,,,,,,,,,,,,,,,,,,,,,,,,,,,,,,,,,,,,,,,,,,,,,
rsg_object_detection,dropped_oldest,1196,rsg_20260806_79_404880000_001196,dropped,True,fifo_cached_frame,1178,122,0,1054,122,0,1,0.0,59.32578499778174,frame_fifo_full,,,,,,,,,,,,,,,,,,,,,,,,,,,,,,,,,,,,,,,,,,,,,,,,,,,,,,,,
rsg_object_detection,dequeued,518,rsg_20260806_39_704880000_000518,,,,,,,,,,,37147.58011799131,,fifo_order,,,,,,,,,,,,,,,,,,,,,,,,,,,,,,,,,,,,,,,,,,,rsg_obj_000050,rsg_unknown_rsg_20260806_39_704880000_000518_002_nanosam_007,31,300,8,0.6921152427357817,,,,,,,,
rsg_object_detection,dropped_oldest,1197,rsg_20260806_79_454880000_001197,dropped,True,fifo_cached_frame,1179,122,0,1055,122,0,1,0.0,134.7295389859937,frame_fifo_full,,,,,,,,,,,,,,,,,,,,,,,,,,,,,,,,,,,,,,,,,,,,,,,,,,,,,,,,
rsg_object_detection,dropped_oldest,1198,rsg_20260806_79_554879999_001198,dropped,True,fifo_cached_frame,1180,122,0,1056,122,0,1,0.0,3.0789859883952886,frame_fifo_full,,,,,,,,,,,,,,,,,,,,,,,,,,,,,,,,,,,,,,,,,,,,,,,,,,,,,,,,
rsg_object_detection,dropped_oldest,1199,rsg_20260806_79_604879999_001199,dropped,True,fifo_cached_frame,1181,122,0,1057,122,0,1,0.0,68.5164370079292,frame_fifo_full,,,,,,,,,,,,,,,,,,,,,,,,,,,,,,,,,,,,,,,,,,,,,,,,,,,,,,,,
rsg_object_detection,frame_trace,1188,rsg_20260806_78_954880000_001188,sent_to_hydra,,,,,,,,,,,727.5046380091226,ok,13.586699002189562,633.5992880049162,78.115541007719,0.1257920084754005,77.9897489992436,0.003231994924135506,1.1887719883816317,0.19606499699875712,339.3976980005391,29.50156400038395,0.007007998647168279,369.10233499656897,137.69124500686303,26.326769002480432,9.258236023015343,58.05778100329917,43.30899899650831,71.76287900074385,3.8872779987286776,0.8265939832199365,0.3371530183358118,1.3638439995702356,0.36832099431194365,0.004351997631601989,216.25766600482166,6.031762997736223,0.150752006447874,40.82662399741821,0.04137601354159415,9.238876999006607,8.668699010740966,0.09353600034955889,0.47664198791608214,3.4042029874399304,0.9387870086356997,0.004832007107324898,2.1998779993737116,8,0,8,0,0,,,,,,,,,,,,,,
rsg_object_detection,dropped_oldest,1201,rsg_20260806_79_754880000_001201,dropped,True,fifo_cached_frame,1183,123,0,1058,123,0,1,0.0,50.802910001948476,frame_fifo_full,,,,,,,,,,,,,,,,,,,,,,,,,,,,,,,,,,,,,,,,,,,,,,,,,,,,,,,,
rsg_object_detection,dropped_oldest,1202,rsg_20260806_79_804879999_001202,dropped,True,fifo_cached_frame,1184,123,0,1059,123,0,1,0.0,99.12933300074656,frame_fifo_full,,,,,,,,,,,,,,,,,,,,,,,,,,,,,,,,,,,,,,,,,,,,,,,,,,,,,,,,
rsg_object_detection,dropped_oldest,1203,rsg_20260806_79_904880000_001203,dropped,True,fifo_cached_frame,1185,123,0,1060,123,0,1,0.0,59.06283999502193,frame_fifo_full,,,,,,,,,,,,,,,,,,,,,,,,,,,,,,,,,,,,,,,,,,,,,,,,,,,,,,,,
rsg_object_detection,dropped_oldest,1204,rsg_20260806_79_954880000_001204,dropped,True,fifo_cached_frame,1186,123,0,1061,123,0,1,0.0,43.2407750049606,frame_fifo_full,,,,,,,,,,,,,,,,,,,,,,,,,,,,,,,,,,,,,,,,,,,,,,,,,,,,,,,,
rsg_object_detection,dropped_oldest,1205,rsg_20260806_80_004879999_001205,dropped,True,fifo_cached_frame,1187,123,0,1062,123,0,1,0.0,48.883415991440415,frame_fifo_full,,,,,,,,,,,,,,,,,,,,,,,,,,,,,,,,,,,,,,,,,,,,,,,,,,,,,,,,
rsg_object_detection,dropped_oldest,1206,rsg_20260806_80_054879999_001206,dropped,True,fifo_cached_frame,1188,123,0,1063,123,0,1,0.0,63.5505319951335,frame_fifo_full,,,,,,,,,,,,,,,,,,,,,,,,,,,,,,,,,,,,,,,,,,,,,,,,,,,,,,,,
rsg_object_detection,dropped_oldest,1207,rsg_20260806_80_104879999_001207,dropped,True,fifo_cached_frame,1189,123,0,1064,123,0,1,0.0,108.94059200654738,frame_fifo_full,,,,,,,,,,,,,,,,,,,,,,,,,,,,,,,,,,,,,,,,,,,,,,,,,,,,,,,,
rsg_object_detection,dropped_oldest,1208,rsg_20260806_80_154880000_001208,dropped,True,fifo_cached_frame,1190,123,0,1065,123,0,1,0.0,18.506841006455943,frame_fifo_full,,,,,,,,,,,,,,,,,,,,,,,,,,,,,,,,,,,,,,,,,,,,,,,,,,,,,,,,
rsg_object_detection,dropped_oldest,1209,rsg_20260806_80_204880000_001209,dropped,True,fifo_cached_frame,1191,123,0,1066,123,0,1,0.0,6.769845000235364,frame_fifo_full,,,,,,,,,,,,,,,,,,,,,,,,,,,,,,,,,,,,,,,,,,,,,,,,,,,,,,,,
rsg_object_detection,dropped_oldest,1210,rsg_20260806_80_254880000_001210,dropped,True,fifo_cached_frame,1192,123,0,1067,123,0,1,0.0,58.700182009488344,frame_fifo_full,,,,,,,,,,,,,,,,,,,,,,,,,,,,,,,,,,,,,,,,,,,,,,,,,,,,,,,,
rsg_object_detection,frame_trace,1200,rsg_20260806_79_654880000_001200,sent_to_hydra,,,,,,,,,,,652.7645230089547,ok,10.896770007093437,603.9196990022901,35.57367900793906,0.13612800103146583,35.4375510069076,0.006112008122727275,1.7432049935450777,0.2069449983537197,325.1791250077076,27.26421300030779,0.007775990525260568,352.6580589968944,123.02617200475652,19.615580007666722,21.01884897274431,47.401137999258935,34.419337986037135,73.65075599227566,4.106698979740031,0.5909470055485144,0.3395850071683526,1.3252200005808845,0.4517460038186982,0.004415996954776347,203.51013299659826,2.9728410008829087,0.14912000915501267,42.84214900690131,0.0441919983131811,6.841524998890236,6.271635997109115,0.10028798715211451,0.4696010146290064,3.3509549975860864,0.6984979991102591,0.005792011506855488,2.3682629835093394,8,0,8,0,0,,,,,,,,,,,,,,
rsg_object_detection,dropped_oldest,1212,rsg_20260806_80_404880000_001212,dropped,True,fifo_cached_frame,1194,124,0,1068,124,0,1,0.0,50.611996994121,frame_fifo_full,,,,,,,,,,,,,,,,,,,,,,,,,,,,,,,,,,,,,,,,,,,,,,,,,,,,,,,,
rsg_object_detection,dropped_oldest,1213,rsg_20260806_80_454880000_001213,dropped,True,fifo_cached_frame,1195,124,0,1069,124,0,1,0.0,108.24478301219642,frame_fifo_full,,,,,,,,,,,,,,,,,,,,,,,,,,,,,,,,,,,,,,,,,,,,,,,,,,,,,,,,
rsg_object_detection,dropped_oldest,1214,rsg_20260806_80_554879999_001214,dropped,True,fifo_cached_frame,1196,124,0,1070,124,0,1,0.0,44.53914599434938,frame_fifo_full,,,,,,,,,,,,,,,,,,,,,,,,,,,,,,,,,,,,,,,,,,,,,,,,,,,,,,,,
rsg_object_detection,dropped_oldest,1215,rsg_20260806_80_604879999_001215,dropped,True,fifo_cached_frame,1197,124,0,1071,124,0,1,0.0,100.41359000024386,frame_fifo_full,,,,,,,,,,,,,,,,,,,,,,,,,,,,,,,,,,,,,,,,,,,,,,,,,,,,,,,,
rsg_object_detection,dropped_oldest,1216,rsg_20260806_80_704880000_001216,dropped,True,fifo_cached_frame,1198,124,0,1072,124,0,1,0.0,48.51192599744536,frame_fifo_full,,,,,,,,,,,,,,,,,,,,,,,,,,,,,,,,,,,,,,,,,,,,,,,,,,,,,,,,
rsg_object_detection,dropped_oldest,1217,rsg_20260806_80_754880000_001217,dropped,True,fifo_cached_frame,1199,124,0,1073,124,0,1,0.0,56.810990994563326,frame_fifo_full,,,,,,,,,,,,,,,,,,,,,,,,,,,,,,,,,,,,,,,,,,,,,,,,,,,,,,,,
rsg_object_detection,dropped_oldest,1218,rsg_20260806_80_804879999_001218,dropped,True,fifo_cached_frame,1200,124,0,1074,124,0,1,0.0,91.8273879942717,frame_fifo_full,,,,,,,,,,,,,,,,,,,,,,,,,,,,,,,,,,,,,,,,,,,,,,,,,,,,,,,,
rsg_object_detection,dropped_oldest,1219,rsg_20260806_80_854879999_001219,dropped,True,fifo_cached_frame,1201,124,0,1075,124,0,1,0.0,3.0993059917818755,frame_fifo_full,,,,,,,,,,,,,,,,,,,,,,,,,,,,,,,,,,,,,,,,,,,,,,,,,,,,,,,,
rsg_object_detection,dropped_oldest,1220,rsg_20260806_80_904880000_001220,dropped,True,fifo_cached_frame,1202,124,0,1076,124,0,1,0.0,60.78076400444843,frame_fifo_full,,,,,,,,,,,,,,,,,,,,,,,,,,,,,,,,,,,,,,,,,,,,,,,,,,,,,,,,
rsg_object_detection,frame_trace,1211,rsg_20260806_80_304879999_001211,sent_to_hydra,,,,,,,,,,,669.1274430049816,ok,9.679549999418668,617.681428004289,39.393850005581044,0.15590501425322145,39.23794499132782,0.001983993570320308,1.1029479937860742,0.1988159929169342,348.827285997686,28.593943992746063,0.008096016244962811,377.62814199959394,92.98956800193992,25.59444701182656,6.449747001170181,29.502078003133647,30.50278197042644,92.93193499615882,3.907051999703981,0.604736982495524,0.3928980295313522,1.3849000097252429,0.2953289949800819,0.00454401015304029,192.52712299930863,5.7200170122087,0.1191689952975139,40.543196999351494,0.04083200474269688,5.166928007383831,4.612525997799821,0.104191989521496,0.45021002006251365,3.7841720040887594,0.7225300068967044,0.005919981049373746,2.3706310021225363,8,0,8,0,0,,,,,,,,,,,,,,
rsg_object_detection,dropped_oldest,1222,rsg_20260806_81_004879999_001222,dropped,True,fifo_cached_frame,1204,125,0,1077,125,0,1,0.0,40.40588499628939,frame_fifo_full,,,,,,,,,,,,,,,,,,,,,,,,,,,,,,,,,,,,,,,,,,,,,,,,,,,,,,,,
rsg_object_detection,dropped_oldest,1223,rsg_20260806_81_054879999_001223,dropped,True,fifo_cached_frame,1205,125,0,1078,125,0,1,0.0,50.87810799886938,frame_fifo_full,,,,,,,,,,,,,,,,,,,,,,,,,,,,,,,,,,,,,,,,,,,,,,,,,,,,,,,,
rsg_object_detection,dropped_oldest,1224,rsg_20260806_81_104879999_001224,dropped,True,fifo_cached_frame,1206,125,0,1079,125,0,1,0.0,50.53269900963642,frame_fifo_full,,,,,,,,,,,,,,,,,,,,,,,,,,,,,,,,,,,,,,,,,,,,,,,,,,,,,,,,
rsg_object_detection,dropped_oldest,1225,rsg_20260806_81_154880000_001225,dropped,True,fifo_cached_frame,1207,125,0,1080,125,0,1,0.0,51.14780500298366,frame_fifo_full,,,,,,,,,,,,,,,,,,,,,,,,,,,,,,,,,,,,,,,,,,,,,,,,,,,,,,,,
rsg_object_detection,dropped_oldest,1226,rsg_20260806_81_204880000_001226,dropped,True,fifo_cached_frame,1208,125,0,1081,125,0,1,0.0,51.0993240022799,frame_fifo_full,,,,,,,,,,,,,,,,,,,,,,,,,,,,,,,,,,,,,,,,,,,,,,,,,,,,,,,,
rsg_object_detection,dropped_oldest,1227,rsg_20260806_81_254880000_001227,dropped,True,fifo_cached_frame,1209,125,0,1082,125,0,1,0.0,51.743998992606066,frame_fifo_full,,,,,,,,,,,,,,,,,,,,,,,,,,,,,,,,,,,,,,,,,,,,,,,,,,,,,,,,
rsg_object_detection,dropped_oldest,1228,rsg_20260806_81_304879999_001228,dropped,True,fifo_cached_frame,1210,125,0,1083,125,0,1,0.0,64.43603700608946,frame_fifo_full,,,,,,,,,,,,,,,,,,,,,,,,,,,,,,,,,,,,,,,,,,,,,,,,,,,,,,,,
rsg_object_detection,dropped_oldest,1229,rsg_20260806_81_354879999_001229,dropped,True,fifo_cached_frame,1211,125,0,1084,125,0,1,0.0,33.02013300708495,frame_fifo_full,,,,,,,,,,,,,,,,,,,,,,,,,,,,,,,,,,,,,,,,,,,,,,,,,,,,,,,,
rsg_object_detection,dropped_oldest,1230,rsg_20260806_81_404880000_001230,dropped,True,fifo_cached_frame,1212,125,0,1085,125,0,1,0.0,102.32344899850432,frame_fifo_full,,,,,,,,,,,,,,,,,,,,,,,,,,,,,,,,,,,,,,,,,,,,,,,,,,,,,,,,
rsg_object_detection,dropped_oldest,1231,rsg_20260806_81_504880000_001231,dropped,True,fifo_cached_frame,1213,125,0,1086,125,0,1,0.0,55.33575298613869,frame_fifo_full,,,,,,,,,,,,,,,,,,,,,,,,,,,,,,,,,,,,,,,,,,,,,,,,,,,,,,,,
rsg_object_detection,frame_trace,1221,rsg_20260806_80_954880000_001221,sent_to_hydra,,,,,,,,,,,606.9185319938697,ok,15.198829991277307,549.8655559931649,39.21372100012377,0.13011299597565085,39.08360800414812,0.0026560010155662894,8.055608996073715,0.770978003856726,294.91219999908935,26.74568200018257,0.00960000033956021,322.4384600034682,91.16562301642261,17.058420009561814,4.352140007540584,51.462304007145576,17.620854021515697,73.67043300473597,4.012429009890184,3.7919469905318692,0.3486409696051851,1.4142440049909055,0.3881299926433712,0.004512010491453111,174.8128230101429,6.7502599995350465,0.12809700274374336,37.6325950055616,0.04771197563968599,10.752992995548993,10.03619100083597,0.13552099699154496,0.5812809977214783,3.6203630006639287,0.8197779970942065,0.005695997970178723,2.63776900828816,8,0,8,0,0,,,,,,,,,,,,,,
rsg_object_detection,dropped_oldest,1233,rsg_20260806_81_604879999_001233,dropped,True,fifo_cached_frame,1215,126,0,1087,126,0,1,0.0,62.50393499794882,frame_fifo_full,,,,,,,,,,,,,,,,,,,,,,,,,,,,,,,,,,,,,,,,,,,,,,,,,,,,,,,,
rsg_object_detection,dropped_oldest,1234,rsg_20260806_81_654880000_001234,dropped,True,fifo_cached_frame,1216,126,0,1088,126,0,1,0.0,86.25728799961507,frame_fifo_full,,,,,,,,,,,,,,,,,,,,,,,,,,,,,,,,,,,,,,,,,,,,,,,,,,,,,,,,
rsg_object_detection,dropped_oldest,1235,rsg_20260806_81_754880000_001235,dropped,True,fifo_cached_frame,1217,126,0,1089,126,0,1,0.0,49.50165499758441,frame_fifo_full,,,,,,,,,,,,,,,,,,,,,,,,,,,,,,,,,,,,,,,,,,,,,,,,,,,,,,,,
rsg_object_detection,dropped_oldest,1236,rsg_20260806_81_804879999_001236,dropped,True,fifo_cached_frame,1218,126,0,1090,126,0,1,0.0,100.43921899341512,frame_fifo_full,,,,,,,,,,,,,,,,,,,,,,,,,,,,,,,,,,,,,,,,,,,,,,,,,,,,,,,,
rsg_object_detection,dropped_oldest,1237,rsg_20260806_81_904880000_001237,dropped,True,fifo_cached_frame,1219,126,0,1091,126,0,1,0.0,68.81886698829476,frame_fifo_full,,,,,,,,,,,,,,,,,,,,,,,,,,,,,,,,,,,,,,,,,,,,,,,,,,,,,,,,
rsg_object_detection,dropped_oldest,1238,rsg_20260806_81_954880000_001238,dropped,True,fifo_cached_frame,1220,126,0,1092,126,0,1,0.0,48.01550699630752,frame_fifo_full,,,,,,,,,,,,,,,,,,,,,,,,,,,,,,,,,,,,,,,,,,,,,,,,,,,,,,,,
rsg_object_detection,dropped_oldest,1239,rsg_20260806_82_004879999_001239,dropped,True,fifo_cached_frame,1221,126,0,1093,126,0,1,0.0,38.90683900681324,frame_fifo_full,,,,,,,,,,,,,,,,,,,,,,,,,,,,,,,,,,,,,,,,,,,,,,,,,,,,,,,,
rsg_object_detection,dropped_oldest,1240,rsg_20260806_82_054879999_001240,dropped,True,fifo_cached_frame,1222,126,0,1094,126,0,1,0.0,43.40713900455739,frame_fifo_full,,,,,,,,,,,,,,,,,,,,,,,,,,,,,,,,,,,,,,,,,,,,,,,,,,,,,,,,
rsg_object_detection,dropped_oldest,1241,rsg_20260806_82_104879999_001241,dropped,True,fifo_cached_frame,1223,126,0,1095,126,0,1,0.0,62.96415899123531,frame_fifo_full,,,,,,,,,,,,,,,,,,,,,,,,,,,,,,,,,,,,,,,,,,,,,,,,,,,,,,,,
rsg_object_detection,dropped_oldest,1242,rsg_20260806_82_154880000_001242,dropped,True,fifo_cached_frame,1224,126,0,1096,126,0,1,0.0,62.32313301006798,frame_fifo_full,,,,,,,,,,,,,,,,,,,,,,,,,,,,,,,,,,,,,,,,,,,,,,,,,,,,,,,,
rsg_object_detection,frame_trace,1232,rsg_20260806_81_554879999_001232,sent_to_hydra,,,,,,,,,,,674.3303469993407,ok,11.88595600251574,622.1309550019214,38.12974899483379,0.15702399832662195,37.97272499650717,0.002688000677153468,6.38395499845501,0.19945700478274375,355.61574398889206,21.183233009651303,0.00601599458605051,377.00444999791216,120.90097699547186,28.443636998417787,5.580462995567359,44.915882986970246,35.94637999776751,69.41803499648813,3.6069539783056825,0.9140510082943365,0.33625701325945556,1.362883995170705,0.4753300017910078,0.005504000000655651,197.0375599921681,4.549069999484345,0.1230080088134855,36.98811199865304,0.044800006435252726,7.830614995327778,7.24530199659057,0.09116799628827721,0.49414500244893134,3.2943779951892793,0.7557469944003969,0.005216017598286271,2.1809989993926138,8,0,8,0,0,,,,,,,,,,,,,,
rsg_object_detection,dropped_oldest,1244,rsg_20260806_82_254880000_001244,dropped,True,fifo_cached_frame,1226,127,0,1097,127,0,1,0.0,38.60971701215021,frame_fifo_full,,,,,,,,,,,,,,,,,,,,,,,,,,,,,,,,,,,,,,,,,,,,,,,,,,,,,,,,
rsg_object_detection,dropped_oldest,1245,rsg_20260806_82_304879999_001245,dropped,True,fifo_cached_frame,1227,127,0,1098,127,0,1,0.0,49.12571700697299,frame_fifo_full,,,,,,,,,,,,,,,,,,,,,,,,,,,,,,,,,,,,,,,,,,,,,,,,,,,,,,,,
rsg_object_detection,dropped_oldest,1246,rsg_20260806_82_354879999_001246,dropped,True,fifo_cached_frame,1228,127,0,1099,127,0,1,0.0,50.21119199227542,frame_fifo_full,,,,,,,,,,,,,,,,,,,,,,,,,,,,,,,,,,,,,,,,,,,,,,,,,,,,,,,,
rsg_object_detection,dropped_oldest,1247,rsg_20260806_82_404880000_001247,dropped,True,fifo_cached_frame,1229,127,0,1100,127,0,1,0.0,104.38460500154179,frame_fifo_full,,,,,,,,,,,,,,,,,,,,,,,,,,,,,,,,,,,,,,,,,,,,,,,,,,,,,,,,
rsg_object_detection,dropped_oldest,1248,rsg_20260806_82_504880000_001248,dropped,True,fifo_cached_frame,1230,127,0,1101,127,0,1,0.0,50.03042399766855,frame_fifo_full,,,,,,,,,,,,,,,,,,,,,,,,,,,,,,,,,,,,,,,,,,,,,,,,,,,,,,,,
rsg_object_detection,dropped_oldest,1249,rsg_20260806_82_554879999_001249,dropped,True,fifo_cached_frame,1231,127,0,1102,127,0,1,0.0,97.74490399286151,frame_fifo_full,,,,,,,,,,,,,,,,,,,,,,,,,,,,,,,,,,,,,,,,,,,,,,,,,,,,,,,,
rsg_object_detection,dropped_oldest,1250,rsg_20260806_82_654880000_001250,dropped,True,fifo_cached_frame,1232,127,0,1103,127,0,1,0.0,59.22187499527354,frame_fifo_full,,,,,,,,,,,,,,,,,,,,,,,,,,,,,,,,,,,,,,,,,,,,,,,,,,,,,,,,
rsg_object_detection,dropped_oldest,1251,rsg_20260806_82_704880000_001251,dropped,True,fifo_cached_frame,1233,127,0,1104,127,0,1,0.0,37.669042008928955,frame_fifo_full,,,,,,,,,,,,,,,,,,,,,,,,,,,,,,,,,,,,,,,,,,,,,,,,,,,,,,,,
rsg_object_detection,dropped_oldest,1252,rsg_20260806_82_754880000_001252,dropped,True,fifo_cached_frame,1234,127,0,1105,127,0,1,0.0,52.854527995805256,frame_fifo_full,,,,,,,,,,,,,,,,,,,,,,,,,,,,,,,,,,,,,,,,,,,,,,,,,,,,,,,,
rsg_object_detection,dropped_oldest,1253,rsg_20260806_82_804879999_001253,dropped,True,fifo_cached_frame,1235,127,0,1106,127,0,1,0.0,119.98046000371687,frame_fifo_full,,,,,,,,,,,,,,,,,,,,,,,,,,,,,,,,,,,,,,,,,,,,,,,,,,,,,,,,
rsg_object_detection,frame_trace,1243,rsg_20260806_82_204880000_001243,sent_to_hydra,,,,,,,,,,,706.9101110100746,ok,13.42925601056777,656.5765190025559,34.56186399853323,0.12726400746032596,34.4345999910729,0.0022719905246049166,6.420018995413557,0.2302409993717447,380.02172800770495,22.886822000145912,0.006847985787317157,403.1456389930099,118.99559303128626,36.842704997980036,8.247191974078305,43.52409999410156,29.64978598174639,76.86528899648692,3.6002030392410234,0.7888979889685288,0.3254409530200064,1.8621180061018094,0.43580899364314973,0.005056004738435149,202.8936069982592,5.134224003995769,0.15920000441838056,38.784374002716504,0.03945600474253297,9.265788001357578,8.587225995142944,0.09382500138599426,0.5847370048286393,3.41255399689544,0.746114004869014,0.0048000074457377195,2.340200007893145,8,0,8,0,0,,,,,,,,,,,,,,
rsg_object_detection,dropped_oldest,1255,rsg_20260806_82_954880000_001255,dropped,True,fifo_cached_frame,1237,128,0,1107,128,0,1,0.0,38.93163800239563,frame_fifo_full,,,,,,,,,,,,,,,,,,,,,,,,,,,,,,,,,,,,,,,,,,,,,,,,,,,,,,,,
rsg_object_detection,dropped_oldest,1256,rsg_20260806_83_004879999_001256,dropped,True,fifo_cached_frame,1238,128,0,1108,128,0,1,0.0,49.48571800196078,frame_fifo_full,,,,,,,,,,,,,,,,,,,,,,,,,,,,,,,,,,,,,,,,,,,,,,,,,,,,,,,,
rsg_object_detection,dropped_oldest,1257,rsg_20260806_83_054879999_001257,dropped,True,fifo_cached_frame,1239,128,0,1109,128,0,1,0.0,103.80325600272045,frame_fifo_full,,,,,,,,,,,,,,,,,,,,,,,,,,,,,,,,,,,,,,,,,,,,,,,,,,,,,,,,
rsg_object_detection,dropped_oldest,1258,rsg_20260806_83_154880000_001258,dropped,True,fifo_cached_frame,1240,128,0,1110,128,0,1,0.0,49.497268002596684,frame_fifo_full,,,,,,,,,,,,,,,,,,,,,,,,,,,,,,,,,,,,,,,,,,,,,,,,,,,,,,,,
rsg_object_detection,dropped_oldest,1259,rsg_20260806_83_204880000_001259,dropped,True,fifo_cached_frame,1241,128,0,1111,128,0,1,0.0,97.37578099884558,frame_fifo_full,,,,,,,,,,,,,,,,,,,,,,,,,,,,,,,,,,,,,,,,,,,,,,,,,,,,,,,,
rsg_object_detection,dropped_oldest,1260,rsg_20260806_83_304879999_001260,dropped,True,fifo_cached_frame,1242,128,0,1112,128,0,1,0.0,124.61087098927237,frame_fifo_full,,,,,,,,,,,,,,,,,,,,,,,,,,,,,,,,,,,,,,,,,,,,,,,,,,,,,,,,
rsg_object_detection,dropped_oldest,1261,rsg_20260806_83_404880000_001261,dropped,True,fifo_cached_frame,1243,128,0,1113,128,0,1,0.0,28.395638000802137,frame_fifo_full,,,,,,,,,,,,,,,,,,,,,,,,,,,,,,,,,,,,,,,,,,,,,,,,,,,,,,,,
rsg_object_detection,dropped_oldest,1262,rsg_20260806_83_454880000_001262,dropped,True,fifo_cached_frame,1244,128,0,1114,128,0,1,0.0,60.935991001315415,frame_fifo_full,,,,,,,,,,,,,,,,,,,,,,,,,,,,,,,,,,,,,,,,,,,,,,,,,,,,,,,,
rsg_object_detection,frame_trace,1254,rsg_20260806_82_904880000_001254,sent_to_hydra,,,,,,,,,,,602.4577820062404,ok,12.915175000671297,549.0791889897082,38.107795000541955,0.13568000576924533,37.97211499477271,0.0023039901861920953,4.7515670012217015,0.1996159990085289,307.6961589977145,19.11064999876544,0.007744005415588617,327.0141690009041,105.35074801009614,29.34651898976881,3.511979026370682,54.92502999550197,16.97109099768568,64.8569310142193,5.460305997985415,0.39091201324481517,0.3035209665540606,1.2593639985425398,0.1512320013716817,0.005056004738435149,177.79480598983355,2.515335989301093,0.142400007462129,36.816559004364535,0.044351996621116996,8.656122008687817,8.04242400045041,0.090817004092969,0.5228810041444376,3.5951150057371706,0.6592979916604236,0.004639994585886598,2.353319025132805,7,0,7,0,0,,,,,,,,,,,,,,
rsg_object_detection,dropped_oldest,1264,rsg_20260806_83_554879999_001264,dropped,True,fifo_cached_frame,1246,129,0,1115,129,0,1,0.0,44.8181499959901,frame_fifo_full,,,,,,,,,,,,,,,,,,,,,,,,,,,,,,,,,,,,,,,,,,,,,,,,,,,,,,,,
rsg_object_detection,dropped_oldest,1265,rsg_20260806_83_604879999_001265,dropped,True,fifo_cached_frame,1247,129,0,1116,129,0,1,0.0,51.471259008394554,frame_fifo_full,,,,,,,,,,,,,,,,,,,,,,,,,,,,,,,,,,,,,,,,,,,,,,,,,,,,,,,,
rsg_object_detection,dropped_oldest,1266,rsg_20260806_83_654880000_001266,dropped,True,fifo_cached_frame,1248,129,0,1117,129,0,1,0.0,50.72194500826299,frame_fifo_full,,,,,,,,,,,,,,,,,,,,,,,,,,,,,,,,,,,,,,,,,,,,,,,,,,,,,,,,
rsg_object_detection,dropped_oldest,1267,rsg_20260806_83_704880000_001267,dropped,True,fifo_cached_frame,1249,129,0,1118,129,0,1,0.0,51.78466699726414,frame_fifo_full,,,,,,,,,,,,,,,,,,,,,,,,,,,,,,,,,,,,,,,,,,,,,,,,,,,,,,,,
rsg_object_detection,dropped_oldest,1268,rsg_20260806_83_754880000_001268,dropped,True,fifo_cached_frame,1250,129,0,1119,129,0,1,0.0,51.18242600292433,frame_fifo_full,,,,,,,,,,,,,,,,,,,,,,,,,,,,,,,,,,,,,,,,,,,,,,,,,,,,,,,,
rsg_object_detection,dropped_oldest,1269,rsg_20260806_83_804879999_001269,dropped,True,fifo_cached_frame,1251,129,0,1120,129,0,1,0.0,49.98242300644051,frame_fifo_full,,,,,,,,,,,,,,,,,,,,,,,,,,,,,,,,,,,,,,,,,,,,,,,,,,,,,,,,
rsg_object_detection,dropped_oldest,1270,rsg_20260806_83_854879999_001270,dropped,True,fifo_cached_frame,1252,129,0,1121,129,0,1,0.0,46.68983600276988,frame_fifo_full,,,,,,,,,,,,,,,,,,,,,,,,,,,,,,,,,,,,,,,,,,,,,,,,,,,,,,,,
rsg_object_detection,dropped_oldest,1271,rsg_20260806_83_904880000_001271,dropped,True,fifo_cached_frame,1253,129,0,1122,129,0,1,0.0,49.64862899214495,frame_fifo_full,,,,,,,,,,,,,,,,,,,,,,,,,,,,,,,,,,,,,,,,,,,,,,,,,,,,,,,,
rsg_object_detection,dropped_oldest,1272,rsg_20260806_83_954880000_001272,dropped,True,fifo_cached_frame,1254,129,0,1123,129,0,1,0.0,63.91289600287564,frame_fifo_full,,,,,,,,,,,,,,,,,,,,,,,,,,,,,,,,,,,,,,,,,,,,,,,,,,,,,,,,
rsg_object_detection,dropped_oldest,1273,rsg_20260806_84_004879999_001273,dropped,True,fifo_cached_frame,1255,129,0,1124,129,0,1,0.0,43.5967709927354,frame_fifo_full,,,,,,,,,,,,,,,,,,,,,,,,,,,,,,,,,,,,,,,,,,,,,,,,,,,,,,,,
rsg_object_detection,dropped_oldest,1274,rsg_20260806_84_054879999_001274,dropped,True,fifo_cached_frame,1256,129,0,1125,129,0,1,0.0,71.05691499600653,frame_fifo_full,,,,,,,,,,,,,,,,,,,,,,,,,,,,,,,,,,,,,,,,,,,,,,,,,,,,,,,,
rsg_object_detection,frame_trace,1263,rsg_20260806_83_504880000_001263,sent_to_hydra,,,,,,,,,,,623.1473419902613,ok,13.973320994409733,571.8729810032528,34.15015099744778,0.1300169969908893,34.02013400045689,0.003455992555245757,5.942802003119141,0.6573779974132776,278.80483800254297,20.47964499797672,0.008575996616855264,299.9504369945498,138.10511899646372,25.974445015890524,4.110795984161086,89.1981559980195,18.246486011776142,75.1541770005133,4.576397986966185,0.9493459947407246,0.39763402310200036,1.4444529952015728,0.18560000171419233,0.007647991878911853,220.8370789885521,3.011528999195434,0.16272100037895143,41.916732996469364,0.05168002098798752,9.555676006129943,8.807866994175129,0.09916799899656326,0.6486410129582509,3.7314350047381595,0.6816340028308332,0.004575980710797012,3.1474330025957897,8,0,8,0,0,,,,,,,,,,,,,,
rsg_object_detection,dropped_oldest,1276,rsg_20260806_84_154880000_001276,dropped,True,fifo_cached_frame,1258,130,0,1126,130,0,1,0.0,34.09783000824973,frame_fifo_full,,,,,,,,,,,,,,,,,,,,,,,,,,,,,,,,,,,,,,,,,,,,,,,,,,,,,,,,
rsg_object_detection,dropped_oldest,1277,rsg_20260806_84_204880000_001277,dropped,True,fifo_cached_frame,1259,130,0,1127,130,0,1,0.0,60.2517309889663,frame_fifo_full,,,,,,,,,,,,,,,,,,,,,,,,,,,,,,,,,,,,,,,,,,,,,,,,,,,,,,,,
rsg_object_detection,dropped_oldest,1278,rsg_20260806_84_254880000_001278,dropped,True,fifo_cached_frame,1260,130,0,1128,130,0,1,0.0,87.14016299927607,frame_fifo_full,,,,,,,,,,,,,,,,,,,,,,,,,,,,,,,,,,,,,,,,,,,,,,,,,,,,,,,,
rsg_object_detection,dropped_oldest,1279,rsg_20260806_84_354879999_001279,dropped,True,fifo_cached_frame,1261,130,0,1129,130,0,1,0.0,50.10597300133668,frame_fifo_full,,,,,,,,,,,,,,,,,,,,,,,,,,,,,,,,,,,,,,,,,,,,,,,,,,,,,,,,
rsg_object_detection,dropped_oldest,1280,rsg_20260806_84_404880000_001280,dropped,True,fifo_cached_frame,1262,130,0,1130,130,0,1,0.0,52.74057299538981,frame_fifo_full,,,,,,,,,,,,,,,,,,,,,,,,,,,,,,,,,,,,,,,,,,,,,,,,,,,,,,,,
rsg_object_detection,dropped_oldest,1281,rsg_20260806_84_454880000_001281,dropped,True,fifo_cached_frame,1263,130,0,1131,130,0,1,0.0,106.9617260072846,frame_fifo_full,,,,,,,,,,,,,,,,,,,,,,,,,,,,,,,,,,,,,,,,,,,,,,,,,,,,,,,,
rsg_object_detection,dropped_oldest,1282,rsg_20260806_84_554879999_001282,dropped,True,fifo_cached_frame,1264,130,0,1132,130,0,1,0.0,101.03175599942915,frame_fifo_full,,,,,,,,,,,,,,,,,,,,,,,,,,,,,,,,,,,,,,,,,,,,,,,,,,,,,,,,
rsg_object_detection,dropped_oldest,1283,rsg_20260806_84_654880000_001283,dropped,True,fifo_cached_frame,1265,130,0,1133,130,0,1,0.0,58.80603101104498,frame_fifo_full,,,,,,,,,,,,,,,,,,,,,,,,,,,,,,,,,,,,,,,,,,,,,,,,,,,,,,,,
rsg_object_detection,frame_trace,1275,rsg_20260806_84_104879999_001275,sent_to_hydra,,,,,,,,,,,600.8748449967243,ok,12.691654002992436,548.5665610030992,37.224974992568605,0.17468800069764256,37.05028699187096,0.003968001692555845,5.050926993135363,0.2002560067921877,320.2365059987642,15.277452999725938,0.005408001015894115,335.7196230062982,102.30958498141263,21.50627100490965,4.524652977124788,51.793626000289805,23.816102009732276,57.82993200409692,3.7441379972733557,0.854882993735373,0.3400020214030519,1.4132520009297878,0.190431994269602,0.005055990186519921,166.7038560117362,2.8620570083148777,0.14508799358736724,38.04478599340655,0.04022399662062526,8.371609001187608,7.691127000725828,0.10038500477094203,0.5800969956908375,3.4980899945367128,0.8149150089593604,0.007039998308755457,2.3876869963714853,8,0,8,0,0,,,,,,,,,,,,,,
rsg_object_detection,dropped_oldest,1285,rsg_20260806_84_754880000_001285,dropped,True,fifo_cached_frame,1267,131,0,1134,131,0,1,0.0,52.29113099630922,frame_fifo_full,,,,,,,,,,,,,,,,,,,,,,,,,,,,,,,,,,,,,,,,,,,,,,,,,,,,,,,,
rsg_object_detection,dropped_oldest,1286,rsg_20260806_84_804879999_001286,dropped,True,fifo_cached_frame,1268,131,0,1135,131,0,1,0.0,41.73007598728873,frame_fifo_full,,,,,,,,,,,,,,,,,,,,,,,,,,,,,,,,,,,,,,,,,,,,,,,,,,,,,,,,
rsg_object_detection,,518,rsg_20260806_39_704880000_000518,vlm_done,,,,,,,,,,,,ok,,,,,,,,,,,,,,,,,,,,,,,,,,,,,,,,,,,,,,,,,,,rsg_obj_000050,rsg_unknown_rsg_20260806_39_704880000_000518_002_nanosam_007,,,8,0.6921152427357817,floor,0.98,static,0.99,5458.689728009631,42606.27198999282,qwen_http,Qwen3-VL-8B-Instruct-GGUF
rsg_object_detection,completed,518,rsg_20260806_39_704880000_000518,,,,,,,,,,,37147.58011799131,,vlm_done,,,,,,,,,,,,,,,,,,,,,,,,,,,,,,,,,,,,,,,,,,,rsg_obj_000050,rsg_unknown_rsg_20260806_39_704880000_000518_002_nanosam_007,33,300,8,0.6921152427357817,,,,,,,,
rsg_object_detection,dropped_oldest,1287,rsg_20260806_84_854879999_001287,dropped,True,fifo_cached_frame,1269,131,0,1136,131,0,1,0.0,111.48989999492187,frame_fifo_full,,,,,,,,,,,,,,,,,,,,,,,,,,,,,,,,,,,,,,,,,,,,,,,,,,,,,,,,
rsg_object_detection,dropped_oldest,1288,rsg_20260806_84_954880000_001288,dropped,True,fifo_cached_frame,1270,131,0,1137,131,0,1,0.0,40.18123900459614,frame_fifo_full,,,,,,,,,,,,,,,,,,,,,,,,,,,,,,,,,,,,,,,,,,,,,,,,,,,,,,,,
rsg_object_detection,dequeued,489,rsg_20260806_38_004879999_000489,,,,,,,,,,,41229.68888800824,,fifo_order,,,,,,,,,,,,,,,,,,,,,,,,,,,,,,,,,,,,,,,,,,,rsg_obj_000052,rsg_unknown_rsg_20260806_38_004879999_000489_005_nanosam_003,32,300,1,0.4588520692749455,,,,,,,,
rsg_object_detection,dropped_oldest,1289,rsg_20260806_85_004879999_001289,dropped,True,fifo_cached_frame,1271,131,0,1138,131,0,1,0.0,73.24629698996432,frame_fifo_full,,,,,,,,,,,,,,,,,,,,,,,,,,,,,,,,,,,,,,,,,,,,,,,,,,,,,,,,
rsg_object_detection,dropped_oldest,1290,rsg_20260806_85_054879999_001290,dropped,True,fifo_cached_frame,1272,131,0,1139,131,0,1,0.0,29.852983992896043,frame_fifo_full,,,,,,,,,,,,,,,,,,,,,,,,,,,,,,,,,,,,,,,,,,,,,,,,,,,,,,,,
rsg_object_detection,dropped_oldest,1291,rsg_20260806_85_104879999_001291,dropped,True,fifo_cached_frame,1273,131,0,1140,131,0,1,0.0,51.41115999140311,frame_fifo_full,,,,,,,,,,,,,,,,,,,,,,,,,,,,,,,,,,,,,,,,,,,,,,,,,,,,,,,,
rsg_object_detection,dropped_oldest,1292,rsg_20260806_85_154880000_001292,dropped,True,fifo_cached_frame,1274,131,0,1141,131,0,1,0.0,100.94833000039216,frame_fifo_full,,,,,,,,,,,,,,,,,,,,,,,,,,,,,,,,,,,,,,,,,,,,,,,,,,,,,,,,
rsg_object_detection,frame_trace,1284,rsg_20260806_84_704880000_001284,sent_to_hydra,,,,,,,,,,,551.316899000085,ok,9.579675999702886,504.5970170031069,34.92736800399143,0.14576000103261322,34.78160800295882,0.003359993570484221,5.21540800400544,0.20457599021028727,248.4321959927911,17.591059993719682,0.00739202369004488,266.2352240004111,111.47037797491066,24.68458299699705,8.581658999901265,50.72878900682554,26.322829973651096,70.85720098984893,3.2579290273133665,0.8778920018812642,0.29164800071157515,1.1481949914013967,0.2863690024241805,0.004351997631601989,188.2098359928932,5.076206987723708,0.1312969980062917,39.684820992988534,0.04422402707859874,4.966574997524731,4.457900999113917,0.08918500680010766,0.41948899161070585,3.6498659901553765,0.9580189944244921,0.005216017598286271,2.209477999713272,7,0,7,0,0,,,,,,,,,,,,,,
rsg_object_detection,dropped_oldest,1294,rsg_20260806_85_304879999_001294,dropped,True,fifo_cached_frame,1276,132,0,1142,132,0,1,0.0,48.58132699155249,frame_fifo_full,,,,,,,,,,,,,,,,,,,,,,,,,,,,,,,,,,,,,,,,,,,,,,,,,,,,,,,,
rsg_object_detection,dropped_oldest,1295,rsg_20260806_85_354879999_001295,dropped,True,fifo_cached_frame,1277,132,0,1143,132,0,1,0.0,100.19360699516255,frame_fifo_full,,,,,,,,,,,,,,,,,,,,,,,,,,,,,,,,,,,,,,,,,,,,,,,,,,,,,,,,
rsg_object_detection,dropped_oldest,1296,rsg_20260806_85_454880000_001296,dropped,True,fifo_cached_frame,1278,132,0,1144,132,0,1,0.0,48.99704000854399,frame_fifo_full,,,,,,,,,,,,,,,,,,,,,,,,,,,,,,,,,,,,,,,,,,,,,,,,,,,,,,,,
rsg_object_detection,dropped_oldest,1297,rsg_20260806_85_504880000_001297,dropped,True,fifo_cached_frame,1279,132,0,1145,132,0,1,0.0,52.329882004414685,frame_fifo_full,,,,,,,,,,,,,,,,,,,,,,,,,,,,,,,,,,,,,,,,,,,,,,,,,,,,,,,,
rsg_object_detection,dropped_oldest,1298,rsg_20260806_85_554879999_001298,dropped,True,fifo_cached_frame,1280,132,0,1146,132,0,1,0.0,48.852848005481064,frame_fifo_full,,,,,,,,,,,,,,,,,,,,,,,,,,,,,,,,,,,,,,,,,,,,,,,,,,,,,,,,
rsg_object_detection,dropped_oldest,1299,rsg_20260806_85_604879999_001299,dropped,True,fifo_cached_frame,1281,132,0,1147,132,0,1,0.0,68.63274599891156,frame_fifo_full,,,,,,,,,,,,,,,,,,,,,,,,,,,,,,,,,,,,,,,,,,,,,,,,,,,,,,,,
rsg_object_detection,dropped_oldest,1300,rsg_20260806_85_654880000_001300,dropped,True,fifo_cached_frame,1282,132,0,1148,132,0,1,0.0,38.33480100729503,frame_fifo_full,,,,,,,,,,,,,,,,,,,,,,,,,,,,,,,,,,,,,,,,,,,,,,,,,,,,,,,,
rsg_object_detection,dropped_oldest,1301,rsg_20260806_85_704880000_001301,dropped,True,fifo_cached_frame,1283,132,0,1149,132,0,1,0.0,103.40036900015548,frame_fifo_full,,,,,,,,,,,,,,,,,,,,,,,,,,,,,,,,,,,,,,,,,,,,,,,,,,,,,,,,
rsg_object_detection,dropped_oldest,1302,rsg_20260806_85_804879999_001302,dropped,True,fifo_cached_frame,1284,132,0,1150,132,0,1,0.0,41.73295499640517,frame_fifo_full,,,,,,,,,,,,,,,,,,,,,,,,,,,,,,,,,,,,,,,,,,,,,,,,,,,,,,,,
rsg_object_detection,frame_trace,1293,rsg_20260806_85_254880000_001293,sent_to_hydra,,,,,,,,,,,604.1221979976399,ok,13.808105009957217,548.4303209959762,39.56373299297411,0.13503999798558652,39.42869299498852,0.003487992216832936,5.785457004094496,0.9055710106622428,291.39625100651756,23.50157299952116,0.006751986802555621,315.8101470035035,133.79037898266688,14.470156005700119,9.245466004358605,65.11359999421984,44.43942701618653,48.290253995219246,2.5622160028433427,0.9213450102834031,0.26841800718102604,1.0371550015406683,0.16396900173276663,0.004896006430499256,187.0543760014698,5.3616479999618605,0.1189760077977553,34.25891700317152,0.040799975977279246,9.371962994919159,8.69192999380175,0.10611199832055718,0.5739210027968511,3.8260919973254204,0.6045460031600669,0.0055040145525708795,2.3165510065155104,6,0,6,0,0,,,,,,,,,,,,,,
rsg_object_detection,dropped_oldest,1304,rsg_20260806_85_904880000_001304,dropped,True,fifo_cached_frame,1286,133,0,1151,133,0,1,0.0,93.29893099493347,frame_fifo_full,,,,,,,,,,,,,,,,,,,,,,,,,,,,,,,,,,,,,,,,,,,,,,,,,,,,,,,,
rsg_object_detection,dropped_oldest,1305,rsg_20260806_86_004879999_001305,dropped,True,fifo_cached_frame,1287,133,0,1152,133,0,1,0.0,102.5179010030115,frame_fifo_full,,,,,,,,,,,,,,,,,,,,,,,,,,,,,,,,,,,,,,,,,,,,,,,,,,,,,,,,
rsg_object_detection,dropped_oldest,1306,rsg_20260806_86_104879999_001306,dropped,True,fifo_cached_frame,1288,133,0,1153,133,0,1,0.0,52.0205680077197,frame_fifo_full,,,,,,,,,,,,,,,,,,,,,,,,,,,,,,,,,,,,,,,,,,,,,,,,,,,,,,,,
rsg_object_detection,dropped_oldest,1307,rsg_20260806_86_154880000_001307,dropped,True,fifo_cached_frame,1289,133,0,1154,133,0,1,0.0,66.0632970102597,frame_fifo_full,,,,,,,,,,,,,,,,,,,,,,,,,,,,,,,,,,,,,,,,,,,,,,,,,,,,,,,,
rsg_object_detection,dropped_oldest,1308,rsg_20260806_86_204880000_001308,dropped,True,fifo_cached_frame,1290,133,0,1155,133,0,1,0.0,30.827290000161156,frame_fifo_full,,,,,,,,,,,,,,,,,,,,,,,,,,,,,,,,,,,,,,,,,,,,,,,,,,,,,,,,
rsg_object_detection,dropped_oldest,1309,rsg_20260806_86_254880000_001309,dropped,True,fifo_cached_frame,1291,133,0,1156,133,0,1,0.0,65.4731829999946,frame_fifo_full,,,,,,,,,,,,,,,,,,,,,,,,,,,,,,,,,,,,,,,,,,,,,,,,,,,,,,,,
rsg_object_detection,dropped_oldest,1310,rsg_20260806_86_304879999_001310,dropped,True,fifo_cached_frame,1292,133,0,1157,133,0,1,0.0,48.5522060043877,frame_fifo_full,,,,,,,,,,,,,,,,,,,,,,,,,,,,,,,,,,,,,,,,,,,,,,,,,,,,,,,,
rsg_object_detection,dropped_oldest,1311,rsg_20260806_86_354879999_001311,dropped,True,fifo_cached_frame,1293,133,0,1158,133,0,1,0.0,50.53365200001281,frame_fifo_full,,,,,,,,,,,,,,,,,,,,,,,,,,,,,,,,,,,,,,,,,,,,,,,,,,,,,,,,
rsg_object_detection,frame_trace,1303,rsg_20260806_85_854879999_001303,sent_to_hydra,,,,,,,,,,,573.4227690118132,ok,13.195782012189738,527.1349209942855,31.091868004295975,0.14553700748365372,30.94633099681232,0.0018880091374740005,0.9529950038995594,0.1638730027480051,295.4263709980296,11.402178002754226,0.007743990863673389,307.0001659943955,105.10859498754144,13.184869996621273,12.309156998526305,47.010825990582816,32.09932500612922,74.44623300398234,2.63623300998006,0.8124489977490157,0.2583050081739202,1.0542109957896173,0.18204899970442057,0.006560003384947777,184.52047499886248,1.9842939946101978,0.15257600171025842,32.48511900892481,0.03929599188268185,8.983002000604756,8.400920007261448,0.096160001703538,0.48592199163977057,3.646987010142766,0.5589130014413968,0.006880000000819564,1.9983099919045344,5,0,5,0,0,,,,,,,,,,,,,,
rsg_object_detection,dropped_oldest,1313,rsg_20260806_86_454880000_001313,dropped,True,fifo_cached_frame,1295,134,0,1159,134,0,1,0.0,46.17450300429482,frame_fifo_full,,,,,,,,,,,,,,,,,,,,,,,,,,,,,,,,,,,,,,,,,,,,,,,,,,,,,,,,
rsg_object_detection,dropped_oldest,1314,rsg_20260806_86_504880000_001314,dropped,True,fifo_cached_frame,1296,134,0,1160,134,0,1,0.0,51.2500379991252,frame_fifo_full,,,,,,,,,,,,,,,,,,,,,,,,,,,,,,,,,,,,,,,,,,,,,,,,,,,,,,,,
rsg_object_detection,dropped_oldest,1315,rsg_20260806_86_554879999_001315,dropped,True,fifo_cached_frame,1297,134,0,1161,134,0,1,0.0,49.86526600259822,frame_fifo_full,,,,,,,,,,,,,,,,,,,,,,,,,,,,,,,,,,,,,,,,,,,,,,,,,,,,,,,,
rsg_object_detection,dropped_oldest,1316,rsg_20260806_86_604879999_001316,dropped,True,fifo_cached_frame,1298,134,0,1162,134,0,1,0.0,52.30728900642134,frame_fifo_full,,,,,,,,,,,,,,,,,,,,,,,,,,,,,,,,,,,,,,,,,,,,,,,,,,,,,,,,
rsg_object_detection,dropped_oldest,1317,rsg_20260806_86_654880000_001317,dropped,True,fifo_cached_frame,1299,134,0,1163,134,0,1,0.0,49.76414599514101,frame_fifo_full,,,,,,,,,,,,,,,,,,,,,,,,,,,,,,,,,,,,,,,,,,,,,,,,,,,,,,,,
rsg_object_detection,dropped_oldest,1318,rsg_20260806_86_704880000_001318,dropped,True,fifo_cached_frame,1300,134,0,1164,134,0,1,0.0,51.15711000689771,frame_fifo_full,,,,,,,,,,,,,,,,,,,,,,,,,,,,,,,,,,,,,,,,,,,,,,,,,,,,,,,,
rsg_object_detection,dropped_oldest,1319,rsg_20260806_86_754880000_001319,dropped,True,fifo_cached_frame,1301,134,0,1165,134,0,1,0.0,138.7547099875519,frame_fifo_full,,,,,,,,,,,,,,,,,,,,,,,,,,,,,,,,,,,,,,,,,,,,,,,,,,,,,,,,
rsg_object_detection,dropped_oldest,1320,rsg_20260806_86_804879999_001320,dropped,True,fifo_cached_frame,1302,134,0,1166,134,0,1,0.0,13.288069996633567,frame_fifo_full,,,,,,,,,,,,,,,,,,,,,,,,,,,,,,,,,,,,,,,,,,,,,,,,,,,,,,,,
rsg_object_detection,dropped_oldest,1321,rsg_20260806_86_854879999_001321,dropped,True,fifo_cached_frame,1303,134,0,1167,134,0,1,0.0,34.66486900288146,frame_fifo_full,,,,,,,,,,,,,,,,,,,,,,,,,,,,,,,,,,,,,,,,,,,,,,,,,,,,,,,,
rsg_object_detection,dropped_oldest,1322,rsg_20260806_86_904880000_001322,dropped,True,fifo_cached_frame,1304,134,0,1168,135,0,1,0.0,31.934556987835094,frame_fifo_full,,,,,,,,,,,,,,,,,,,,,,,,,,,,,,,,,,,,,,,,,,,,,,,,,,,,,,,,
rsg_object_detection,frame_trace,1312,rsg_20260806_86_404880000_001312,sent_to_hydra,,,,,,,,,,,538.7732859962853,ok,10.921248001977801,495.750631991541,30.05868000036571,0.165024001034908,29.893655999330804,0.0029759976314380765,2.6400389906484634,0.2226570068160072,315.0154800096061,9.647325001424178,0.007135982741601765,324.8925980005879,78.87722201121505,12.585926000610925,4.0154669841285795,41.7512580024777,20.06316299957689,46.69783300778363,2.286342016304843,0.5011860193917528,0.24579193268436939,1.010178995784372,0.18438500410411507,0.0057919969549402595,129.82636300148442,5.8234089956386015,0.16479998885188252,32.35913500247989,0.04428801184985787,6.470195003203116,5.864977007149719,0.08844900003168732,0.5167689960217103,3.7892589898547158,0.6545299984281883,0.007264010491780937,2.039750004769303,5,0,5,0,0,,,,,,,,,,,,,,
rsg_object_detection,dropped_oldest,1324,rsg_20260806_87_004879999_001324,dropped,True,fifo_cached_frame,1306,135,0,1169,135,0,1,0.0,35.52647199830972,frame_fifo_full,,,,,,,,,,,,,,,,,,,,,,,,,,,,,,,,,,,,,,,,,,,,,,,,,,,,,,,,
rsg_object_detection,dropped_oldest,1325,rsg_20260806_87_054879999_001325,dropped,True,fifo_cached_frame,1307,135,0,1170,135,0,1,0.0,51.97154200868681,frame_fifo_full,,,,,,,,,,,,,,,,,,,,,,,,,,,,,,,,,,,,,,,,,,,,,,,,,,,,,,,,
rsg_object_detection,dropped_oldest,1326,rsg_20260806_87_104879999_001326,dropped,True,fifo_cached_frame,1308,135,0,1171,135,0,1,0.0,48.89201300102286,frame_fifo_full,,,,,,,,,,,,,,,,,,,,,,,,,,,,,,,,,,,,,,,,,,,,,,,,,,,,,,,,
rsg_object_detection,dropped_oldest,1327,rsg_20260806_87_154880000_001327,dropped,True,fifo_cached_frame,1309,135,0,1172,135,0,1,0.0,50.75544300780166,frame_fifo_full,,,,,,,,,,,,,,,,,,,,,,,,,,,,,,,,,,,,,,,,,,,,,,,,,,,,,,,,
rsg_object_detection,dropped_oldest,1328,rsg_20260806_87_204880000_001328,dropped,True,fifo_cached_frame,1310,135,0,1173,135,0,1,0.0,51.93451799277682,frame_fifo_full,,,,,,,,,,,,,,,,,,,,,,,,,,,,,,,,,,,,,,,,,,,,,,,,,,,,,,,,
rsg_object_detection,dropped_oldest,1329,rsg_20260806_87_254880000_001329,dropped,True,fifo_cached_frame,1311,135,0,1174,135,0,1,0.0,52.415607002330944,frame_fifo_full,,,,,,,,,,,,,,,,,,,,,,,,,,,,,,,,,,,,,,,,,,,,,,,,,,,,,,,,
rsg_object_detection,dropped_oldest,1330,rsg_20260806_87_304879999_001330,dropped,True,fifo_cached_frame,1312,135,0,1175,135,0,1,0.0,106.77150900301058,frame_fifo_full,,,,,,,,,,,,,,,,,,,,,,,,,,,,,,,,,,,,,,,,,,,,,,,,,,,,,,,,
rsg_object_detection,dropped_oldest,1331,rsg_20260806_87_404880000_001331,dropped,True,fifo_cached_frame,1313,135,0,1176,135,0,1,0.0,38.88155199820176,frame_fifo_full,,,,,,,,,,,,,,,,,,,,,,,,,,,,,,,,,,,,,,,,,,,,,,,,,,,,,,,,
rsg_object_detection,frame_trace,1323,rsg_20260806_86_954880000_001323,sent_to_hydra,,,,,,,,,,,488.44589600048494,ok,14.098633007961325,468.8116629986325,3.9769080030964687,0.13747300545219332,3.8394349976442754,0.0027839996619150043,1.8564209894975647,0.21993700647726655,300.6959119957173,11.39395299833268,0.008032002369873226,312.31783400289714,77.85846600017976,13.822598979459144,4.146956984186545,40.850390010746196,18.541334007750265,37.592556996969506,2.8652869950747117,4.465260994038545,0.3421780129428953,1.200547005282715,0.5239380116108805,0.004927991540171206,124.88049000967294,4.925005996483378,0.15545598580501974,24.630984000395983,0.04547201388049871,9.891388996038586,9.225529996911064,0.09318500815425068,0.5726739909732714,3.6045860033482313,0.5978260014671832,0.004832007107324898,1.555907991132699,6,0,5,0,0,,,,,,,,,,,,,,
rsg_object_detection,dropped_oldest,1333,rsg_20260806_87_504880000_001333,dropped,True,fifo_cached_frame,1315,136,0,1177,136,0,1,0.0,56.74582900246605,frame_fifo_full,,,,,,,,,,,,,,,,,,,,,,,,,,,,,,,,,,,,,,,,,,,,,,,,,,,,,,,,
rsg_object_detection,dropped_oldest,1334,rsg_20260806_87_554879999_001334,dropped,True,fifo_cached_frame,1316,136,0,1178,136,0,1,0.0,40.53147800732404,frame_fifo_full,,,,,,,,,,,,,,,,,,,,,,,,,,,,,,,,,,,,,,,,,,,,,,,,,,,,,,,,
rsg_object_detection,dropped_oldest,1335,rsg_20260806_87_604879999_001335,dropped,True,fifo_cached_frame,1317,136,0,1179,136,0,1,0.0,48.50762900605332,frame_fifo_full,,,,,,,,,,,,,,,,,,,,,,,,,,,,,,,,,,,,,,,,,,,,,,,,,,,,,,,,
rsg_object_detection,dropped_oldest,1336,rsg_20260806_87_654880000_001336,dropped,True,fifo_cached_frame,1318,136,0,1180,136,0,1,0.0,52.7239930088399,frame_fifo_full,,,,,,,,,,,,,,,,,,,,,,,,,,,,,,,,,,,,,,,,,,,,,,,,,,,,,,,,
rsg_object_detection,dropped_oldest,1337,rsg_20260806_87_704880000_001337,dropped,True,fifo_cached_frame,1319,136,0,1181,136,0,1,0.0,52.450328003033064,frame_fifo_full,,,,,,,,,,,,,,,,,,,,,,,,,,,,,,,,,,,,,,,,,,,,,,,,,,,,,,,,
rsg_object_detection,dropped_oldest,1338,rsg_20260806_87_754880000_001338,dropped,True,fifo_cached_frame,1320,136,0,1182,136,0,1,0.0,152.92703500017524,frame_fifo_full,,,,,,,,,,,,,,,,,,,,,,,,,,,,,,,,,,,,,,,,,,,,,,,,,,,,,,,,
rsg_object_detection,dropped_oldest,1339,rsg_20260806_87_904880000_001339,dropped,True,fifo_cached_frame,1321,136,0,1183,136,0,1,0.0,63.01711000560317,frame_fifo_full,,,,,,,,,,,,,,,,,,,,,,,,,,,,,,,,,,,,,,,,,,,,,,,,,,,,,,,,
rsg_object_detection,frame_trace,1332,rsg_20260806_87_454880000_001332,sent_to_hydra,,,,,,,,,,,532.2761959978379,ok,10.258812995743938,496.4753880049102,23.929029004648328,0.13638500240631402,23.792644002242014,0.0015999976312741637,1.0601630056044087,0.2788479905575514,324.4230510026682,14.043016999494284,0.006400005077011883,338.75131599779706,60.26071902306285,17.192531013279222,4.878606021520682,15.025003012851812,22.517087985761464,57.63818199920934,3.5767449880950153,0.7311710214708,0.3091859689448029,1.3737000117544085,0.4292490048101172,0.006880000000819564,124.34551199839916,6.928051996510476,0.12294399493839592,25.228712998796254,0.03868801286444068,5.609647996607237,5.048366001574323,0.09804799628909677,0.4632339987438172,3.997804000391625,0.6441290024667978,0.00723199627827853,1.6113659949041903,7,0,6,0,0,,,,,,,,,,,,,,
rsg_object_detection,dropped_oldest,1341,rsg_20260806_88_004879999_001341,dropped,True,fifo_cached_frame,1323,137,0,1184,137,0,1,0.0,38.73905599175487,frame_fifo_full,,,,,,,,,,,,,,,,,,,,,,,,,,,,,,,,,,,,,,,,,,,,,,,,,,,,,,,,
rsg_object_detection,dropped_oldest,1342,rsg_20260806_88_054879999_001342,dropped,True,fifo_cached_frame,1324,137,0,1185,137,0,1,0.0,51.321906998055056,frame_fifo_full,,,,,,,,,,,,,,,,,,,,,,,,,,,,,,,,,,,,,,,,,,,,,,,,,,,,,,,,
rsg_object_detection,dropped_oldest,1343,rsg_20260806_88_104879999_001343,dropped,True,fifo_cached_frame,1325,137,0,1186,137,0,1,0.0,49.56081400450785,frame_fifo_full,,,,,,,,,,,,,,,,,,,,,,,,,,,,,,,,,,,,,,,,,,,,,,,,,,,,,,,,
rsg_object_detection,dropped_oldest,1344,rsg_20260806_88_154880000_001344,dropped,True,fifo_cached_frame,1326,137,0,1187,137,0,1,0.0,51.512659003492445,frame_fifo_full,,,,,,,,,,,,,,,,,,,,,,,,,,,,,,,,,,,,,,,,,,,,,,,,,,,,,,,,
rsg_object_detection,dropped_oldest,1345,rsg_20260806_88_204880000_001345,dropped,True,fifo_cached_frame,1327,137,0,1188,137,0,1,0.0,52.85490400274284,frame_fifo_full,,,,,,,,,,,,,,,,,,,,,,,,,,,,,,,,,,,,,,,,,,,,,,,,,,,,,,,,
rsg_object_detection,dropped_oldest,1346,rsg_20260806_88_254880000_001346,dropped,True,fifo_cached_frame,1328,137,0,1189,137,0,1,0.0,48.68957999860868,frame_fifo_full,,,,,,,,,,,,,,,,,,,,,,,,,,,,,,,,,,,,,,,,,,,,,,,,,,,,,,,,
rsg_object_detection,dropped_oldest,1347,rsg_20260806_88_304879999_001347,dropped,True,fifo_cached_frame,1329,137,0,1190,137,0,1,0.0,47.28867900848854,frame_fifo_full,,,,,,,,,,,,,,,,,,,,,,,,,,,,,,,,,,,,,,,,,,,,,,,,,,,,,,,,
rsg_object_detection,dropped_oldest,1348,rsg_20260806_88_354879999_001348,dropped,True,fifo_cached_frame,1330,137,0,1191,137,0,1,0.0,50.39495999517385,frame_fifo_full,,,,,,,,,,,,,,,,,,,,,,,,,,,,,,,,,,,,,,,,,,,,,,,,,,,,,,,,
rsg_object_detection,dropped_oldest,1349,rsg_20260806_88_404880000_001349,dropped,True,fifo_cached_frame,1331,137,0,1192,137,0,1,0.0,50.19342398736626,frame_fifo_full,,,,,,,,,,,,,,,,,,,,,,,,,,,,,,,,,,,,,,,,,,,,,,,,,,,,,,,,
rsg_object_detection,dropped_oldest,1350,rsg_20260806_88_454880000_001350,dropped,True,fifo_cached_frame,1332,137,0,1193,137,0,1,0.0,75.76360899838619,frame_fifo_full,,,,,,,,,,,,,,,,,,,,,,,,,,,,,,,,,,,,,,,,,,,,,,,,,,,,,,,,
rsg_object_detection,dropped_oldest,1351,rsg_20260806_88_504880000_001351,dropped,True,fifo_cached_frame,1333,137,0,1194,137,0,1,0.0,47.843337000813335,frame_fifo_full,,,,,,,,,,,,,,,,,,,,,,,,,,,,,,,,,,,,,,,,,,,,,,,,,,,,,,,,
rsg_object_detection,frame_trace,1340,rsg_20260806_87_954880000_001340,sent_to_hydra,,,,,,,,,,,617.4732280051103,ok,10.34937400254421,576.3266459980514,29.2366280045826,0.13456000306177884,29.10206800152082,0.0033280084608122706,2.9465369880199432,0.19664099090732634,323.12787100090645,17.082288992241956,0.00694401387590915,340.41374499793164,133.74003201897722,23.71456399851013,20.231995018548332,42.30348100827541,46.856421016855165,56.60281800373923,3.6900270060868934,0.7732819649390876,0.30915200477465987,1.905701996292919,0.21344100241549313,0.006528003723360598,197.26258200535085,4.679724996094592,0.20643300376832485,30.775064005865715,0.04256000102031976,5.858033007825725,5.248974994174205,0.09692799358163029,0.5121300200698897,3.8792749983258545,0.6059859879314899,0.006080008461140096,1.5572519914712757,6,0,6,0,0,,,,,,,,,,,,,,
rsg_object_detection,dropped_oldest,1353,rsg_20260806_88_604879999_001353,dropped,True,fifo_cached_frame,1335,138,0,1195,138,0,1,0.0,88.30582100199535,frame_fifo_full,,,,,,,,,,,,,,,,,,,,,,,,,,,,,,,,,,,,,,,,,,,,,,,,,,,,,,,,
rsg_object_detection,dropped_oldest,1354,rsg_20260806_88_704880000_001354,dropped,True,fifo_cached_frame,1336,138,0,1196,138,0,1,0.0,52.07218098803423,frame_fifo_full,,,,,,,,,,,,,,,,,,,,,,,,,,,,,,,,,,,,,,,,,,,,,,,,,,,,,,,,
rsg_object_detection,dropped_oldest,1355,rsg_20260806_88_754880000_001355,dropped,True,fifo_cached_frame,1337,138,0,1197,138,0,1,0.0,50.072398997144774,frame_fifo_full,,,,,,,,,,,,,,,,,,,,,,,,,,,,,,,,,,,,,,,,,,,,,,,,,,,,,,,,
rsg_object_detection,dropped_oldest,1356,rsg_20260806_88_804879999_001356,dropped,True,fifo_cached_frame,1338,138,0,1198,138,0,1,0.0,52.99250398820732,frame_fifo_full,,,,,,,,,,,,,,,,,,,,,,,,,,,,,,,,,,,,,,,,,,,,,,,,,,,,,,,,
rsg_object_detection,dropped_oldest,1357,rsg_20260806_88_854879999_001357,dropped,True,fifo_cached_frame,1339,138,0,1199,138,0,1,0.0,48.65492299722973,frame_fifo_full,,,,,,,,,,,,,,,,,,,,,,,,,,,,,,,,,,,,,,,,,,,,,,,,,,,,,,,,
rsg_object_detection,dropped_oldest,1358,rsg_20260806_88_904880000_001358,dropped,True,fifo_cached_frame,1340,138,0,1200,138,0,1,0.0,110.17481199814938,frame_fifo_full,,,,,,,,,,,,,,,,,,,,,,,,,,,,,,,,,,,,,,,,,,,,,,,,,,,,,,,,
rsg_object_detection,dropped_oldest,1359,rsg_20260806_89_004879999_001359,dropped,True,fifo_cached_frame,1341,138,0,1201,138,0,1,0.0,97.31634199852124,frame_fifo_full,,,,,,,,,,,,,,,,,,,,,,,,,,,,,,,,,,,,,,,,,,,,,,,,,,,,,,,,
rsg_object_detection,frame_trace,1352,rsg_20260806_88_554879999_001352,sent_to_hydra,,,,,,,,,,,596.168937991024,ok,10.192125002504326,552.9694219876546,31.190713998512365,0.17833699530456215,31.012377003207803,0.002015993231907487,6.845940006314777,0.25584099057596177,320.18907699966803,18.713173994910903,0.007840018952265382,339.16593200410716,118.53265897661913,14.56653600325808,4.184974008239806,76.19813797646202,22.948674028157257,46.31226000492461,3.335561996209435,0.9916830167640001,0.2961919963127002,1.3520359934773296,0.5505930021172389,0.004864006768912077,171.39232900808565,5.421136011136696,0.13391999527812004,29.962164990138263,0.0479999725939706,5.968048993963748,5.362287993193604,0.09760000102687627,0.5081609997432679,3.5241699952166528,0.6951700052013621,0.004736008122563362,1.814661009120755,7,0,7,0,0,,,,,,,,,,,,,,
rsg_object_detection,dropped_oldest,1361,rsg_20260806_89_204880000_001361,dropped,True,fifo_cached_frame,1343,139,0,1202,139,0,1,0.0,41.497780999634415,frame_fifo_full,,,,,,,,,,,,,,,,,,,,,,,,,,,,,,,,,,,,,,,,,,,,,,,,,,,,,,,,
rsg_object_detection,dropped_oldest,1362,rsg_20260806_89_254880000_001362,dropped,True,fifo_cached_frame,1344,139,0,1203,139,0,1,0.0,49.354123999364674,frame_fifo_full,,,,,,,,,,,,,,,,,,,,,,,,,,,,,,,,,,,,,,,,,,,,,,,,,,,,,,,,
rsg_object_detection,dropped_oldest,1363,rsg_20260806_89_304879999_001363,dropped,True,fifo_cached_frame,1345,139,0,1204,139,0,1,0.0,110.27183300757315,frame_fifo_full,,,,,,,,,,,,,,,,,,,,,,,,,,,,,,,,,,,,,,,,,,,,,,,,,,,,,,,,
rsg_object_detection,dropped_oldest,1364,rsg_20260806_89_404880000_001364,dropped,True,fifo_cached_frame,1346,139,0,1205,139,0,1,0.0,40.777075992082246,frame_fifo_full,,,,,,,,,,,,,,,,,,,,,,,,,,,,,,,,,,,,,,,,,,,,,,,,,,,,,,,,
rsg_object_detection,dropped_oldest,1365,rsg_20260806_89_454880000_001365,dropped,True,fifo_cached_frame,1347,139,0,1206,139,0,1,0.0,49.21674799697939,frame_fifo_full,,,,,,,,,,,,,,,,,,,,,,,,,,,,,,,,,,,,,,,,,,,,,,,,,,,,,,,,
rsg_object_detection,dropped_oldest,1366,rsg_20260806_89_504880000_001366,dropped,True,fifo_cached_frame,1348,139,0,1207,139,0,1,0.0,49.88366100587882,frame_fifo_full,,,,,,,,,,,,,,,,,,,,,,,,,,,,,,,,,,,,,,,,,,,,,,,,,,,,,,,,
rsg_object_detection,dropped_oldest,1367,rsg_20260806_89_554879999_001367,dropped,True,fifo_cached_frame,1349,139,0,1208,139,0,1,0.0,76.11336800619029,frame_fifo_full,,,,,,,,,,,,,,,,,,,,,,,,,,,,,,,,,,,,,,,,,,,,,,,,,,,,,,,,
rsg_object_detection,dropped_oldest,1368,rsg_20260806_89_604879999_001368,dropped,True,fifo_cached_frame,1350,139,0,1209,139,0,1,0.0,28.40264000406023,frame_fifo_full,,,,,,,,,,,,,,,,,,,,,,,,,,,,,,,,,,,,,,,,,,,,,,,,,,,,,,,,
rsg_object_detection,dropped_oldest,1369,rsg_20260806_89_654880000_001369,dropped,True,fifo_cached_frame,1351,139,0,1210,139,0,1,0.0,89.80985499511007,frame_fifo_full,,,,,,,,,,,,,,,,,,,,,,,,,,,,,,,,,,,,,,,,,,,,,,,,,,,,,,,,
rsg_object_detection,dropped_oldest,1370,rsg_20260806_89_704880000_001370,dropped,True,fifo_cached_frame,1352,139,0,1211,139,0,1,0.0,15.483692011912353,frame_fifo_full,,,,,,,,,,,,,,,,,,,,,,,,,,,,,,,,,,,,,,,,,,,,,,,,,,,,,,,,
rsg_object_detection,dropped_oldest,1371,rsg_20260806_89_754880000_001371,dropped,True,fifo_cached_frame,1353,139,0,1212,139,0,1,0.0,49.341995996655896,frame_fifo_full,,,,,,,,,,,,,,,,,,,,,,,,,,,,,,,,,,,,,,,,,,,,,,,,,,,,,,,,
rsg_object_detection,frame_trace,1360,rsg_20260806_89_104879999_001360,sent_to_hydra,,,,,,,,,,,709.1219169960823,ok,12.215682989335619,611.0806789947674,83.97527800116222,0.13356799900066108,83.84171000216156,0.002015993231907487,3.770155002712272,0.20492900512181222,363.01664599159267,17.998323004576378,0.007840004400350153,381.2277380056912,130.81509098992683,32.69430101499893,7.90603800851386,49.8062539845705,39.51758300536312,58.16710898943711,3.4985050006071106,1.434466990758665,0.32195601670537144,1.4059239911148325,0.17375999595969915,0.005120004061609507,195.8392759988783,2.44570299400948,0.12703999527730048,27.628206997178495,0.04256000102031976,8.012823003809899,7.42978100606706,0.09536099969409406,0.4876809980487451,3.429577001952566,0.7678109977860004,0.005471985787153244,1.8482610175851732,7,0,7,0,0,,,,,,,,,,,,,,
rsg_object_detection,dropped_oldest,1373,rsg_20260806_89_854879999_001373,dropped,True,fifo_cached_frame,1355,140,0,1213,140,0,1,0.0,48.83860200061463,frame_fifo_full,,,,,,,,,,,,,,,,,,,,,,,,,,,,,,,,,,,,,,,,,,,,,,,,,,,,,,,,
rsg_object_detection,dropped_oldest,1374,rsg_20260806_89_904880000_001374,dropped,True,fifo_cached_frame,1356,140,0,1214,140,0,1,0.0,49.432075989898294,frame_fifo_full,,,,,,,,,,,,,,,,,,,,,,,,,,,,,,,,,,,,,,,,,,,,,,,,,,,,,,,,
rsg_object_detection,dropped_oldest,1375,rsg_20260806_89_954880000_001375,dropped,True,fifo_cached_frame,1357,140,0,1215,140,0,1,0.0,50.802672005374916,frame_fifo_full,,,,,,,,,,,,,,,,,,,,,,,,,,,,,,,,,,,,,,,,,,,,,,,,,,,,,,,,
rsg_object_detection,dropped_oldest,1376,rsg_20260806_90_004879999_001376,dropped,True,fifo_cached_frame,1358,140,0,1216,140,0,1,0.0,50.73867199826054,frame_fifo_full,,,,,,,,,,,,,,,,,,,,,,,,,,,,,,,,,,,,,,,,,,,,,,,,,,,,,,,,
rsg_object_detection,dropped_oldest,1377,rsg_20260806_90_054879999_001377,dropped,True,fifo_cached_frame,1359,140,0,1217,140,0,1,0.0,58.971909995307215,frame_fifo_full,,,,,,,,,,,,,,,,,,,,,,,,,,,,,,,,,,,,,,,,,,,,,,,,,,,,,,,,
rsg_object_detection,dropped_oldest,1378,rsg_20260806_90_104879999_001378,dropped,True,fifo_cached_frame,1360,140,0,1218,140,0,1,0.0,44.65359800087754,frame_fifo_full,,,,,,,,,,,,,,,,,,,,,,,,,,,,,,,,,,,,,,,,,,,,,,,,,,,,,,,,
rsg_object_detection,,489,rsg_20260806_38_004879999_000489,vlm_failed,,,,,,,,,,,,"{""label"":""unknown_object"",""label_confidence"":0.0,""mobility_class"":""unknown"",""mobility_confidence"":0.0}",,,,,,,,,,,,,,,,,,,,,,,,,,,,,,,,,,,,,,,,,,,rsg_obj_000052,rsg_unknown_rsg_20260806_38_004879999_000489_005_nanosam_003,,,1,0.4588520692749455,unknown_object,0.0,unknown,0.0,5157.118497998454,46386.80930600094,qwen_http,Qwen3-VL-8B-Instruct-GGUF
rsg_object_detection,completed,489,rsg_20260806_38_004879999_000489,,,,,,,,,,,41229.68888800824,,vlm_failed,,,,,,,,,,,,,,,,,,,,,,,,,,,,,,,,,,,,,,,,,,,rsg_obj_000052,rsg_unknown_rsg_20260806_38_004879999_000489_005_nanosam_003,33,300,1,0.4588520692749455,,,,,,,,
rsg_object_detection,dropped_oldest,1379,rsg_20260806_90_154880000_001379,dropped,True,fifo_cached_frame,1361,140,0,1219,140,0,1,0.0,66.07183298910968,frame_fifo_full,,,,,,,,,,,,,,,,,,,,,,,,,,,,,,,,,,,,,,,,,,,,,,,,,,,,,,,,
rsg_object_detection,dropped_oldest,1380,rsg_20260806_90_204880000_001380,dropped,True,fifo_cached_frame,1362,140,0,1220,140,0,1,0.0,32.98777299642097,frame_fifo_full,,,,,,,,,,,,,,,,,,,,,,,,,,,,,,,,,,,,,,,,,,,,,,,,,,,,,,,,
rsg_object_detection,dropped_oldest,1381,rsg_20260806_90_254880000_001381,dropped,True,fifo_cached_frame,1363,140,0,1221,140,0,1,0.0,43.889947002753615,frame_fifo_full,,,,,,,,,,,,,,,,,,,,,,,,,,,,,,,,,,,,,,,,,,,,,,,,,,,,,,,,
rsg_object_detection,dropped_oldest,1382,rsg_20260806_90_304879999_001382,dropped,True,fifo_cached_frame,1364,140,0,1222,140,0,1,0.0,70.92957499844488,frame_fifo_full,,,,,,,,,,,,,,,,,,,,,,,,,,,,,,,,,,,,,,,,,,,,,,,,,,,,,,,,
rsg_object_detection,dropped_oldest,1383,rsg_20260806_90_354879999_001383,dropped,True,fifo_cached_frame,1365,140,0,1223,140,0,1,0.0,56.871199994930066,frame_fifo_full,,,,,,,,,,,,,,,,,,,,,,,,,,,,,,,,,,,,,,,,,,,,,,,,,,,,,,,,
rsg_object_detection,frame_trace,1372,rsg_20260806_89_804879999_001372,sent_to_hydra,,,,,,,,,,,625.6059899897082,ok,12.437346988008358,586.726102992543,24.61869399121497,0.13929700071457773,24.47939699050039,0.0028479989850893617,1.0043540096376091,0.19571300072129816,302.17781600367744,23.905346999526955,0.1747839996824041,326.4536600036081,154.71752302255481,28.39787202537991,8.47749698732514,61.91626800864469,52.81317300978117,60.002921003615484,3.1831120140850544,0.6182089855428785,0.3119059692835435,1.2083239998901263,0.31500899058301,0.004608009476214647,220.37726000417024,6.339921994367614,0.12374400102999061,32.383291007135995,0.04387197259347886,8.178966993000358,7.567637003376149,0.08886400610208511,0.5224659835221246,3.4281699918210506,0.8243859920185059,0.0058240111684426665,1.8209980189567432,7,0,7,0,0,,,,,,,,,,,,,,
rsg_object_detection,dequeued,509,rsg_20260806_39_154879999_000509,,,,,,,,,,,45669.022369009326,,fifo_order,,,,,,,,,,,,,,,,,,,,,,,,,,,,,,,,,,,,,,,,,,,rsg_obj_000054,rsg_unknown_rsg_20260806_39_154879999_000509_004_nanosam_001,32,300,1,0.8776312346181905,,,,,,,,
rsg_object_detection,dropped_oldest,1385,rsg_20260806_90_454880000_001385,dropped,True,fifo_cached_frame,1367,141,0,1224,141,0,1,0.0,57.91654701170046,frame_fifo_full,,,,,,,,,,,,,,,,,,,,,,,,,,,,,,,,,,,,,,,,,,,,,,,,,,,,,,,,
rsg_object_detection,dropped_oldest,1386,rsg_20260806_90_504880000_001386,dropped,True,fifo_cached_frame,1368,141,0,1225,141,0,1,0.0,80.41708999371622,frame_fifo_full,,,,,,,,,,,,,,,,,,,,,,,,,,,,,,,,,,,,,,,,,,,,,,,,,,,,,,,,
rsg_object_detection,dropped_oldest,1387,rsg_20260806_90_604879999_001387,dropped,True,fifo_cached_frame,1369,141,0,1226,141,0,1,0.0,51.14951900031883,frame_fifo_full,,,,,,,,,,,,,,,,,,,,,,,,,,,,,,,,,,,,,,,,,,,,,,,,,,,,,,,,
rsg_object_detection,dropped_oldest,1388,rsg_20260806_90_654880000_001388,dropped,True,fifo_cached_frame,1370,141,0,1227,141,0,1,0.0,52.352882994455285,frame_fifo_full,,,,,,,,,,,,,,,,,,,,,,,,,,,,,,,,,,,,,,,,,,,,,,,,,,,,,,,,
rsg_object_detection,dropped_oldest,1389,rsg_20260806_90_704880000_001389,dropped,True,fifo_cached_frame,1371,141,0,1228,141,0,1,0.0,51.223183996626176,frame_fifo_full,,,,,,,,,,,,,,,,,,,,,,,,,,,,,,,,,,,,,,,,,,,,,,,,,,,,,,,,
rsg_object_detection,dropped_oldest,1390,rsg_20260806_90_754880000_001390,dropped,True,fifo_cached_frame,1372,141,0,1229,141,0,1,0.0,58.388995996210724,frame_fifo_full,,,,,,,,,,,,,,,,,,,,,,,,,,,,,,,,,,,,,,,,,,,,,,,,,,,,,,,,
rsg_object_detection,dropped_oldest,1391,rsg_20260806_90_804879999_001391,dropped,True,fifo_cached_frame,1373,141,0,1230,141,0,1,0.0,47.704485987196676,frame_fifo_full,,,,,,,,,,,,,,,,,,,,,,,,,,,,,,,,,,,,,,,,,,,,,,,,,,,,,,,,
rsg_object_detection,dropped_oldest,1392,rsg_20260806_90_854879999_001392,dropped,True,fifo_cached_frame,1374,141,0,1231,141,0,1,0.0,69.73926800128538,frame_fifo_full,,,,,,,,,,,,,,,,,,,,,,,,,,,,,,,,,,,,,,,,,,,,,,,,,,,,,,,,
rsg_object_detection,frame_trace,1384,rsg_20260806_90_404880000_001384,sent_to_hydra,,,,,,,,,,,515.3791440097848,ok,9.778842999367043,472.389328002464,31.174358999123797,0.1374080020468682,31.03695099707693,0.005759997293353081,5.056718990090303,0.32310398819390684,277.0006509963423,24.92003800580278,0.008447997970506549,302.2522409883095,61.945806999574415,20.749626026372425,6.608369978494011,14.174985975841992,19.72847200522665,58.364836004329845,3.4091930283466354,0.9713309991639107,0.32793697027955204,1.579716001288034,0.20982499700039625,0.006080008461140096,126.83450100303162,4.105002997675911,0.16323300951626152,33.93465498811565,0.04297602572478354,5.129837998538278,4.559724999126047,0.08431999594904482,0.4857930034631863,3.9512429939350113,0.6919700099388137,0.0057919969549402595,2.030854011536576,7,0,7,0,0,,,,,,,,,,,,,,
rsg_object_detection,dropped_oldest,1394,rsg_20260806_91_004879999_001394,dropped,True,fifo_cached_frame,1376,142,0,1232,142,0,1,0.0,100.07727199990768,frame_fifo_full,,,,,,,,,,,,,,,,,,,,,,,,,,,,,,,,,,,,,,,,,,,,,,,,,,,,,,,,
rsg_object_detection,dropped_oldest,1395,rsg_20260806_91_104879999_001395,dropped,True,fifo_cached_frame,1377,142,0,1233,142,0,1,0.0,49.917962998733856,frame_fifo_full,,,,,,,,,,,,,,,,,,,,,,,,,,,,,,,,,,,,,,,,,,,,,,,,,,,,,,,,
rsg_object_detection,dropped_oldest,1396,rsg_20260806_91_154880000_001396,dropped,True,fifo_cached_frame,1378,142,0,1234,142,0,1,0.0,55.02143299963791,frame_fifo_full,,,,,,,,,,,,,,,,,,,,,,,,,,,,,,,,,,,,,,,,,,,,,,,,,,,,,,,,
rsg_object_detection,dropped_oldest,1397,rsg_20260806_91_204880000_001397,dropped,True,fifo_cached_frame,1379,142,0,1235,142,0,1,0.0,53.79973399976734,frame_fifo_full,,,,,,,,,,,,,,,,,,,,,,,,,,,,,,,,,,,,,,,,,,,,,,,,,,,,,,,,
rsg_object_detection,dropped_oldest,1398,rsg_20260806_91_254880000_001398,dropped,True,fifo_cached_frame,1380,142,0,1236,142,0,1,0.0,62.435341998934746,frame_fifo_full,,,,,,,,,,,,,,,,,,,,,,,,,,,,,,,,,,,,,,,,,,,,,,,,,,,,,,,,
rsg_object_detection,dropped_oldest,1399,rsg_20260806_91_304879999_001399,dropped,True,fifo_cached_frame,1381,142,0,1237,142,0,1,0.0,29.05739299603738,frame_fifo_full,,,,,,,,,,,,,,,,,,,,,,,,,,,,,,,,,,,,,,,,,,,,,,,,,,,,,,,,
rsg_object_detection,dropped_oldest,1400,rsg_20260806_91_354879999_001400,dropped,True,fifo_cached_frame,1382,142,0,1238,142,0,1,0.0,53.08008399151731,frame_fifo_full,,,,,,,,,,,,,,,,,,,,,,,,,,,,,,,,,,,,,,,,,,,,,,,,,,,,,,,,
rsg_object_detection,frame_trace,1393,rsg_20260806_90_904880000_001393,sent_to_hydra,,,,,,,,,,,524.4384560064645,ok,12.618691005627625,475.4908300092211,33.76844699960202,0.13980900985188782,33.62863798975013,0.004736008122563362,2.0677809952758253,0.18518499564379454,308.01065199193545,16.22522900288459,0.0076160067692399025,324.42868199723307,72.54957797704265,14.804968988755718,4.060170991579071,36.19113998138346,16.979888008791022,36.27462899021339,8.287383010610938,0.9411229839315638,0.3186250396538526,2.354854004806839,0.46153699804563075,0.006016009137965739,121.21166499855462,5.80001701018773,0.14643199392594397,21.766396996099502,0.06985601794440299,7.967126002768055,7.165171991800889,0.12457699631340802,0.6773770146537572,4.045451001729816,0.6010579963913187,0.005056004738435149,2.5557519838912413,6,0,6,0,0,,,,,,,,,,,,,,
rsg_object_detection,dropped_oldest,1402,rsg_20260806_91_454880000_001402,dropped,True,fifo_cached_frame,1384,143,0,1239,143,0,1,0.0,43.71308200643398,frame_fifo_full,,,,,,,,,,,,,,,,,,,,,,,,,,,,,,,,,,,,,,,,,,,,,,,,,,,,,,,,
rsg_object_detection,dropped_oldest,1403,rsg_20260806_91_504880000_001403,dropped,True,fifo_cached_frame,1385,143,0,1240,143,0,1,0.0,31.95196099113673,frame_fifo_full,,,,,,,,,,,,,,,,,,,,,,,,,,,,,,,,,,,,,,,,,,,,,,,,,,,,,,,,
rsg_object_detection,dropped_oldest,1404,rsg_20260806_91_554879999_001404,dropped,True,fifo_cached_frame,1386,143,0,1241,143,0,1,0.0,53.40242100646719,frame_fifo_full,,,,,,,,,,,,,,,,,,,,,,,,,,,,,,,,,,,,,,,,,,,,,,,,,,,,,,,,
rsg_object_detection,dropped_oldest,1405,rsg_20260806_91_604879999_001405,dropped,True,fifo_cached_frame,1387,143,0,1242,143,0,1,0.0,48.08755799604114,frame_fifo_full,,,,,,,,,,,,,,,,,,,,,,,,,,,,,,,,,,,,,,,,,,,,,,,,,,,,,,,,
rsg_object_detection,dropped_oldest,1406,rsg_20260806_91_654880000_001406,dropped,True,fifo_cached_frame,1388,143,0,1243,143,0,1,0.0,50.462924991734326,frame_fifo_full,,,,,,,,,,,,,,,,,,,,,,,,,,,,,,,,,,,,,,,,,,,,,,,,,,,,,,,,
rsg_object_detection,dropped_oldest,1407,rsg_20260806_91_704880000_001407,dropped,True,fifo_cached_frame,1389,143,0,1244,143,0,1,0.0,53.70546199264936,frame_fifo_full,,,,,,,,,,,,,,,,,,,,,,,,,,,,,,,,,,,,,,,,,,,,,,,,,,,,,,,,
rsg_object_detection,dropped_oldest,1408,rsg_20260806_91_754880000_001408,dropped,True,fifo_cached_frame,1390,143,0,1245,143,0,1,0.0,47.210274991812184,frame_fifo_full,,,,,,,,,,,,,,,,,,,,,,,,,,,,,,,,,,,,,,,,,,,,,,,,,,,,,,,,
rsg_object_detection,dropped_oldest,1409,rsg_20260806_91_804879999_001409,dropped,True,fifo_cached_frame,1391,143,0,1246,143,0,1,0.0,48.99008800566662,frame_fifo_full,,,,,,,,,,,,,,,,,,,,,,,,,,,,,,,,,,,,,,,,,,,,,,,,,,,,,,,,
rsg_object_detection,dropped_oldest,1410,rsg_20260806_91_854879999_001410,dropped,True,fifo_cached_frame,1392,143,0,1247,143,0,1,0.0,67.39378700149246,frame_fifo_full,,,,,,,,,,,,,,,,,,,,,,,,,,,,,,,,,,,,,,,,,,,,,,,,,,,,,,,,
rsg_object_detection,frame_trace,1401,rsg_20260806_91_404880000_001401,sent_to_hydra,,,,,,,,,,,611.5882620069897,ok,12.286498007597402,528.6126400023932,68.79343900072854,0.12815999798476696,68.66527900274377,0.003007997293025255,4.775597990374081,0.2186559868277982,320.7335010083625,20.4266170039773,0.005183988832868636,341.3839579880005,83.98416997806635,26.77953100646846,6.15620898315683,27.91313498164527,22.480319006717764,57.37062401021831,3.7369690253399312,0.7980200171004981,0.30009596957825124,1.333827996859327,0.4072009905939922,0.005823996616527438,147.95349999621976,4.692332993727177,0.2107849868480116,29.557041998486966,0.039424048736691475,7.871189998695627,7.244531996548176,0.09484800102654845,0.5318100011209026,3.673737999633886,0.6530579994432628,0.08851200982462615,1.8926769989775494,7,0,7,0,0,,,,,,,,,,,,,,
rsg_object_detection,dropped_oldest,1412,rsg_20260806_91_954880000_001412,dropped,True,fifo_cached_frame,1394,144,0,1248,144,0,1,0.0,3.5207780019845814,frame_fifo_full,,,,,,,,,,,,,,,,,,,,,,,,,,,,,,,,,,,,,,,,,,,,,,,,,,,,,,,,
rsg_object_detection,dropped_oldest,1413,rsg_20260806_92_054879999_001413,dropped,True,fifo_cached_frame,1395,144,0,1249,144,0,1,0.0,28.610351000679657,frame_fifo_full,,,,,,,,,,,,,,,,,,,,,,,,,,,,,,,,,,,,,,,,,,,,,,,,,,,,,,,,
rsg_object_detection,dropped_oldest,1414,rsg_20260806_92_104879999_001414,dropped,True,fifo_cached_frame,1396,144,0,1250,144,0,1,0.0,51.01639601343777,frame_fifo_full,,,,,,,,,,,,,,,,,,,,,,,,,,,,,,,,,,,,,,,,,,,,,,,,,,,,,,,,
rsg_object_detection,dropped_oldest,1415,rsg_20260806_92_154880000_001415,dropped,True,fifo_cached_frame,1397,144,0,1251,144,0,1,0.0,48.761382000520825,frame_fifo_full,,,,,,,,,,,,,,,,,,,,,,,,,,,,,,,,,,,,,,,,,,,,,,,,,,,,,,,,
rsg_object_detection,dropped_oldest,1416,rsg_20260806_92_204880000_001416,dropped,True,fifo_cached_frame,1398,144,0,1252,144,0,1,0.0,51.3720140006626,frame_fifo_full,,,,,,,,,,,,,,,,,,,,,,,,,,,,,,,,,,,,,,,,,,,,,,,,,,,,,,,,
rsg_object_detection,dropped_oldest,1417,rsg_20260806_92_254880000_001417,dropped,True,fifo_cached_frame,1399,144,0,1253,144,0,1,0.0,61.63917800586205,frame_fifo_full,,,,,,,,,,,,,,,,,,,,,,,,,,,,,,,,,,,,,,,,,,,,,,,,,,,,,,,,
rsg_object_detection,dropped_oldest,1418,rsg_20260806_92_304879999_001418,dropped,True,fifo_cached_frame,1400,144,0,1254,144,0,1,0.0,39.250636007636786,frame_fifo_full,,,,,,,,,,,,,,,,,,,,,,,,,,,,,,,,,,,,,,,,,,,,,,,,,,,,,,,,
rsg_object_detection,dropped_oldest,1419,rsg_20260806_92_354879999_001419,dropped,True,fifo_cached_frame,1401,144,0,1255,144,0,1,0.0,107.04035899834707,frame_fifo_full,,,,,,,,,,,,,,,,,,,,,,,,,,,,,,,,,,,,,,,,,,,,,,,,,,,,,,,,
rsg_object_detection,dropped_oldest,1420,rsg_20260806_92_404880000_001420,dropped,True,fifo_cached_frame,1402,144,0,1256,144,0,1,0.0,3.206409004633315,frame_fifo_full,,,,,,,,,,,,,,,,,,,,,,,,,,,,,,,,,,,,,,,,,,,,,,,,,,,,,,,,
rsg_object_detection,dropped_oldest,1421,rsg_20260806_92_454880000_001421,dropped,True,fifo_cached_frame,1403,144,0,1257,144,0,1,0.0,48.047845004475676,frame_fifo_full,,,,,,,,,,,,,,,,,,,,,,,,,,,,,,,,,,,,,,,,,,,,,,,,,,,,,,,,
rsg_object_detection,frame_trace,1411,rsg_20260806_91_904880000_001411,sent_to_hydra,,,,,,,,,,,656.443093001144,ok,9.58796200575307,528.9700020075543,115.69798599521164,0.15152100240811706,115.54646499280352,0.0025600020308047533,1.1417950008763,0.22198399528861046,324.3405749963131,19.53384600346908,0.008928007446229458,344.105333002517,91.62790101254359,17.766449018381536,10.74937399243936,34.800288020051084,27.664396999171004,53.59429100644775,2.618949976749718,0.3066589997615665,0.28883200138807297,1.0888029937632382,0.17820899665821344,0.005056004738435149,149.72671699069906,2.0647729979828,0.14681699394714087,31.74171899445355,0.042848027078434825,5.025197999202646,4.383755993330851,0.13212900375947356,0.5093130021123216,3.9173230034066364,0.6396809912985191,0.005760011845268309,2.1845829905942082,7,0,6,0,0,,,,,,,,,,,,,,
rsg_object_detection,dropped_oldest,1423,rsg_20260806_92_704880000_001423,dropped,True,fifo_cached_frame,1405,145,0,1258,145,0,1,0.0,51.14218899689149,frame_fifo_full,,,,,,,,,,,,,,,,,,,,,,,,,,,,,,,,,,,,,,,,,,,,,,,,,,,,,,,,
rsg_object_detection,dropped_oldest,1424,rsg_20260806_92_754880000_001424,dropped,True,fifo_cached_frame,1406,145,0,1259,145,0,1,0.0,52.598225011024624,frame_fifo_full,,,,,,,,,,,,,,,,,,,,,,,,,,,,,,,,,,,,,,,,,,,,,,,,,,,,,,,,
rsg_object_detection,dropped_oldest,1425,rsg_20260806_92_804879999_001425,dropped,True,fifo_cached_frame,1407,145,0,1260,145,0,1,0.0,49.54234500473831,frame_fifo_full,,,,,,,,,,,,,,,,,,,,,,,,,,,,,,,,,,,,,,,,,,,,,,,,,,,,,,,,
rsg_object_detection,dropped_oldest,1426,rsg_20260806_92_854879999_001426,dropped,True,fifo_cached_frame,1408,145,0,1261,145,0,1,0.0,49.17181500059087,frame_fifo_full,,,,,,,,,,,,,,,,,,,,,,,,,,,,,,,,,,,,,,,,,,,,,,,,,,,,,,,,
rsg_object_detection,dropped_oldest,1427,rsg_20260806_92_904880000_001427,dropped,True,fifo_cached_frame,1409,145,0,1262,145,0,1,0.0,106.56589400605299,frame_fifo_full,,,,,,,,,,,,,,,,,,,,,,,,,,,,,,,,,,,,,,,,,,,,,,,,,,,,,,,,
rsg_object_detection,dropped_oldest,1428,rsg_20260806_93_004879999_001428,dropped,True,fifo_cached_frame,1410,145,0,1263,145,0,1,0.0,78.64386400615331,frame_fifo_full,,,,,,,,,,,,,,,,,,,,,,,,,,,,,,,,,,,,,,,,,,,,,,,,,,,,,,,,
rsg_object_detection,dropped_oldest,1429,rsg_20260806_93_054879999_001429,dropped,True,fifo_cached_frame,1411,145,0,1264,146,0,1,0.0,39.35969099984504,frame_fifo_full,,,,,,,,,,,,,,,,,,,,,,,,,,,,,,,,,,,,,,,,,,,,,,,,,,,,,,,,
rsg_object_detection,frame_trace,1422,rsg_20260806_92_504880000_001422,sent_to_hydra,,,,,,,,,,,588.9990300056525,ok,14.457544006290846,485.21506499673706,86.62033399741631,0.13347200001589954,86.48686199740041,0.003487992216832936,1.5418289985973388,0.17702400509733707,293.0483280069893,23.65868900960777,0.007295981049537659,316.89133700274397,43.773336976300925,17.985072030569427,3.9082359726307914,6.1917620041640475,15.087208012118936,66.09000600292347,3.916620000381954,1.7754599830368534,0.3951050457544625,1.2691869924310595,0.20083300478290766,0.004992005415260792,117.44096399343107,3.0524239991791546,0.13632100308313966,46.10678199969698,0.04540800000540912,9.575962991220877,8.90139999683015,0.10441600170452148,0.5701469926862046,4.132362999371253,0.7447380048688501,0.0044800108298659325,2.7025990129914135,8,0,8,0,0,,,,,,,,,,,,,,
rsg_object_detection,dropped_oldest,1431,rsg_20260806_93_204880000_001431,dropped,True,fifo_cached_frame,1413,146,0,1265,146,0,1,0.0,49.70122399390675,frame_fifo_full,,,,,,,,,,,,,,,,,,,,,,,,,,,,,,,,,,,,,,,,,,,,,,,,,,,,,,,,
rsg_object_detection,dropped_oldest,1432,rsg_20260806_93_254880000_001432,dropped,True,fifo_cached_frame,1414,146,0,1266,146,0,1,0.0,102.23691900318954,frame_fifo_full,,,,,,,,,,,,,,,,,,,,,,,,,,,,,,,,,,,,,,,,,,,,,,,,,,,,,,,,
rsg_object_detection,dropped_oldest,1433,rsg_20260806_93_354879999_001433,dropped,True,fifo_cached_frame,1415,146,0,1267,146,0,1,0.0,49.69389499456156,frame_fifo_full,,,,,,,,,,,,,,,,,,,,,,,,,,,,,,,,,,,,,,,,,,,,,,,,,,,,,,,,
rsg_object_detection,dropped_oldest,1434,rsg_20260806_93_404880000_001434,dropped,True,fifo_cached_frame,1416,146,0,1268,146,0,1,0.0,59.83798700617626,frame_fifo_full,,,,,,,,,,,,,,,,,,,,,,,,,,,,,,,,,,,,,,,,,,,,,,,,,,,,,,,,
rsg_object_detection,dropped_oldest,1435,rsg_20260806_93_454880000_001435,dropped,True,fifo_cached_frame,1417,146,0,1269,146,0,1,0.0,48.69530099676922,frame_fifo_full,,,,,,,,,,,,,,,,,,,,,,,,,,,,,,,,,,,,,,,,,,,,,,,,,,,,,,,,
rsg_object_detection,dropped_oldest,1436,rsg_20260806_93_504880000_001436,dropped,True,fifo_cached_frame,1418,146,0,1270,146,0,1,0.0,48.45933199976571,frame_fifo_full,,,,,,,,,,,,,,,,,,,,,,,,,,,,,,,,,,,,,,,,,,,,,,,,,,,,,,,,
rsg_object_detection,dropped_oldest,1437,rsg_20260806_93_554879999_001437,dropped,True,fifo_cached_frame,1419,146,0,1271,146,0,1,0.0,68.6845070013078,frame_fifo_full,,,,,,,,,,,,,,,,,,,,,,,,,,,,,,,,,,,,,,,,,,,,,,,,,,,,,,,,
rsg_object_detection,frame_trace,1430,rsg_20260806_93_104879999_001430,sent_to_hydra,,,,,,,,,,,513.851034003892,ok,16.35770799475722,490.1494340010686,4.781101000844501,0.17353700241073966,4.607563998433761,0.004735993570648134,2.0635260007111356,0.18486499902792275,311.9722749979701,18.87176300806459,0.00601599458605051,331.03491899964865,36.03836998809129,15.95009102311451,2.6524560089455917,4.614764999132603,12.145824992330745,67.58226400415879,3.340007984661497,1.550595014123246,0.3535410069162026,1.589572013472207,0.4104649997316301,0.004159999662078917,110.88897500303574,7.396212007733993,0.4346890054875985,38.28314499696717,0.047967987484298646,10.297884000465274,9.581274003721774,0.11811200238298625,0.598497994360514,5.273806003970094,0.7801300089340657,0.005887981387786567,2.5580550136510283,8,0,8,0,0,,,,,,,,,,,,,,
rsg_object_detection,dropped_oldest,1439,rsg_20260806_93_704880000_001439,dropped,True,fifo_cached_frame,1421,147,0,1272,147,0,1,0.0,42.64750900620129,frame_fifo_full,,,,,,,,,,,,,,,,,,,,,,,,,,,,,,,,,,,,,,,,,,,,,,,,,,,,,,,,
rsg_object_detection,dropped_oldest,1440,rsg_20260806_93_754880000_001440,dropped,True,fifo_cached_frame,1422,147,0,1273,147,0,1,0.0,56.5118340018671,frame_fifo_full,,,,,,,,,,,,,,,,,,,,,,,,,,,,,,,,,,,,,,,,,,,,,,,,,,,,,,,,
rsg_object_detection,dropped_oldest,1441,rsg_20260806_93_804879999_001441,dropped,True,fifo_cached_frame,1423,147,0,1274,147,0,1,0.0,65.04612999560777,frame_fifo_full,,,,,,,,,,,,,,,,,,,,,,,,,,,,,,,,,,,,,,,,,,,,,,,,,,,,,,,,
rsg_object_detection,dropped_oldest,1442,rsg_20260806_93_854879999_001442,dropped,True,fifo_cached_frame,1424,147,0,1275,147,0,1,0.0,31.469078006921336,frame_fifo_full,,,,,,,,,,,,,,,,,,,,,,,,,,,,,,,,,,,,,,,,,,,,,,,,,,,,,,,,
rsg_object_detection,dropped_oldest,1443,rsg_20260806_93_904880000_001443,dropped,True,fifo_cached_frame,1425,147,0,1276,147,0,1,0.0,50.315689004492015,frame_fifo_full,,,,,,,,,,,,,,,,,,,,,,,,,,,,,,,,,,,,,,,,,,,,,,,,,,,,,,,,
rsg_object_detection,dropped_oldest,1444,rsg_20260806_93_954880000_001444,dropped,True,fifo_cached_frame,1426,147,0,1277,147,0,1,0.0,66.81999001011718,frame_fifo_full,,,,,,,,,,,,,,,,,,,,,,,,,,,,,,,,,,,,,,,,,,,,,,,,,,,,,,,,
rsg_object_detection,dropped_oldest,1445,rsg_20260806_94_004879999_001445,dropped,True,fifo_cached_frame,1427,147,0,1278,147,0,1,0.0,43.01250098797027,frame_fifo_full,,,,,,,,,,,,,,,,,,,,,,,,,,,,,,,,,,,,,,,,,,,,,,,,,,,,,,,,
rsg_object_detection,dropped_oldest,1446,rsg_20260806_94_054879999_001446,dropped,True,fifo_cached_frame,1428,147,0,1279,147,0,1,0.0,36.955556002794765,frame_fifo_full,,,,,,,,,,,,,,,,,,,,,,,,,,,,,,,,,,,,,,,,,,,,,,,,,,,,,,,,
rsg_object_detection,dropped_oldest,1447,rsg_20260806_94_104879999_001447,dropped,True,fifo_cached_frame,1429,147,0,1280,147,0,1,0.0,122.1402980008861,frame_fifo_full,,,,,,,,,,,,,,,,,,,,,,,,,,,,,,,,,,,,,,,,,,,,,,,,,,,,,,,,
rsg_object_detection,frame_trace,1438,rsg_20260806_93_604879999_001438,sent_to_hydra,,,,,,,,,,,604.0025070105912,ok,15.527306008152664,545.4389250080567,40.09921300166752,0.14204801118467003,39.95716499048285,0.006688002031296492,1.1771560093620792,0.19372798851691186,331.5244569967035,20.05311100219842,0.005792011506855488,351.7770879989257,82.74595200782642,26.0624079965055,6.9810109998798,21.840028013684787,27.1574809885351,57.80655700073112,2.618534999783151,0.8301470224978402,0.30179196619428694,1.1556190002011135,0.43888099025934935,0.004576009814627469,145.916939000017,4.819885012693703,0.157888003741391,41.538833000231534,0.051135983085259795,11.202814988791943,10.60838000557851,0.08803298987913877,0.5064019933342934,3.5618010006146505,0.757953996071592,0.0047360226744785905,2.930374990683049,8,0,8,0,0,,,,,,,,,,,,,,
rsg_object_detection,dropped_oldest,1448,rsg_20260806_94_204880000_001448,dropped,True,fifo_cached_frame,1430,147,0,1281,148,0,1,0.0,49.0495409903815,frame_fifo_full,,,,,,,,,,,,,,,,,,,,,,,,,,,,,,,,,,,,,,,,,,,,,,,,,,,,,,,,
rsg_object_detection,dropped_oldest,1450,rsg_20260806_94_304879999_001450,dropped,True,fifo_cached_frame,1432,148,0,1282,148,0,1,0.0,49.6321020036703,frame_fifo_full,,,,,,,,,,,,,,,,,,,,,,,,,,,,,,,,,,,,,,,,,,,,,,,,,,,,,,,,
rsg_object_detection,dropped_oldest,1451,rsg_20260806_94_354879999_001451,dropped,True,fifo_cached_frame,1433,148,0,1283,148,0,1,0.0,48.6407069984125,frame_fifo_full,,,,,,,,,,,,,,,,,,,,,,,,,,,,,,,,,,,,,,,,,,,,,,,,,,,,,,,,
rsg_object_detection,dropped_oldest,1452,rsg_20260806_94_404880000_001452,dropped,True,fifo_cached_frame,1434,148,0,1284,148,0,1,0.0,53.10100800124928,frame_fifo_full,,,,,,,,,,,,,,,,,,,,,,,,,,,,,,,,,,,,,,,,,,,,,,,,,,,,,,,,
rsg_object_detection,dropped_oldest,1453,rsg_20260806_94_454880000_001453,dropped,True,fifo_cached_frame,1435,148,0,1285,148,0,1,0.0,48.67673999979161,frame_fifo_full,,,,,,,,,,,,,,,,,,,,,,,,,,,,,,,,,,,,,,,,,,,,,,,,,,,,,,,,
rsg_object_detection,dropped_oldest,1454,rsg_20260806_94_504880000_001454,dropped,True,fifo_cached_frame,1436,148,0,1286,148,0,1,0.0,102.70418200525455,frame_fifo_full,,,,,,,,,,,,,,,,,,,,,,,,,,,,,,,,,,,,,,,,,,,,,,,,,,,,,,,,
rsg_object_detection,dropped_oldest,1455,rsg_20260806_94_604879999_001455,dropped,True,fifo_cached_frame,1437,148,0,1287,148,0,1,0.0,46.30079699563794,frame_fifo_full,,,,,,,,,,,,,,,,,,,,,,,,,,,,,,,,,,,,,,,,,,,,,,,,,,,,,,,,
rsg_object_detection,dropped_oldest,1456,rsg_20260806_94_654880000_001456,dropped,True,fifo_cached_frame,1438,148,0,1288,148,0,1,0.0,74.19380100327544,frame_fifo_full,,,,,,,,,,,,,,,,,,,,,,,,,,,,,,,,,,,,,,,,,,,,,,,,,,,,,,,,
rsg_object_detection,dropped_oldest,1457,rsg_20260806_94_704880000_001457,dropped,True,fifo_cached_frame,1439,148,0,1289,148,0,1,0.0,25.009507007780485,frame_fifo_full,,,,,,,,,,,,,,,,,,,,,,,,,,,,,,,,,,,,,,,,,,,,,,,,,,,,,,,,
rsg_object_detection,dropped_oldest,1458,rsg_20260806_94_754880000_001458,dropped,True,fifo_cached_frame,1440,148,0,1290,148,0,1,0.0,55.93279098684434,frame_fifo_full,,,,,,,,,,,,,,,,,,,,,,,,,,,,,,,,,,,,,,,,,,,,,,,,,,,,,,,,
rsg_object_detection,frame_trace,1449,rsg_20260806_94_254880000_001449,sent_to_hydra,,,,,,,,,,,549.787757001468,ok,10.558363996096887,535.4277189908316,1.6841640026541427,0.15622400678694248,1.5279399958672002,0.001567997969686985,2.0932859915774316,0.22534499294124544,341.88281100068707,22.620860996539705,0.008832008461467922,364.7378489986295,56.087926976033486,27.979851001873612,3.9461879641748965,6.381393992342055,17.076110001653433,64.73182298941538,4.286889990908094,1.5497960266657174,0.4068520211149007,1.4406440022867173,0.5619529983960092,0.005312002031132579,129.0910049865488,4.197100002784282,0.14371200813911855,35.126399001455866,0.038368001696653664,5.418254004325718,4.854029000853188,0.09718400542624295,0.4670409980462864,3.971979007474147,1.1631709930952638,0.004959991201758385,2.115942013915628,7,0,7,0,0,,,,,,,,,,,,,,
rsg_object_detection,dropped_oldest,1460,rsg_20260806_94_854879999_001460,dropped,True,fifo_cached_frame,1442,149,0,1291,149,0,1,0.0,96.58048501296435,frame_fifo_full,,,,,,,,,,,,,,,,,,,,,,,,,,,,,,,,,,,,,,,,,,,,,,,,,,,,,,,,
rsg_object_detection,dropped_oldest,1461,rsg_20260806_94_954880000_001461,dropped,True,fifo_cached_frame,1443,149,0,1292,149,0,1,0.0,50.90173800999764,frame_fifo_full,,,,,,,,,,,,,,,,,,,,,,,,,,,,,,,,,,,,,,,,,,,,,,,,,,,,,,,,
rsg_object_detection,dropped_oldest,1462,rsg_20260806_95_004879999_001462,dropped,True,fifo_cached_frame,1444,149,0,1293,149,0,1,0.0,102.47054698993452,frame_fifo_full,,,,,,,,,,,,,,,,,,,,,,,,,,,,,,,,,,,,,,,,,,,,,,,,,,,,,,,,
rsg_object_detection,dropped_oldest,1463,rsg_20260806_95_104879999_001463,dropped,True,fifo_cached_frame,1445,149,0,1294,149,0,1,0.0,50.50909500278067,frame_fifo_full,,,,,,,,,,,,,,,,,,,,,,,,,,,,,,,,,,,,,,,,,,,,,,,,,,,,,,,,
rsg_object_detection,dropped_oldest,1464,rsg_20260806_95_154880000_001464,dropped,True,fifo_cached_frame,1446,149,0,1295,149,0,1,0.0,49.03888300759718,frame_fifo_full,,,,,,,,,,,,,,,,,,,,,,,,,,,,,,,,,,,,,,,,,,,,,,,,,,,,,,,,
rsg_object_detection,dropped_oldest,1465,rsg_20260806_95_204880000_001465,dropped,True,fifo_cached_frame,1447,149,0,1296,149,0,1,0.0,75.16663298883941,frame_fifo_full,,,,,,,,,,,,,,,,,,,,,,,,,,,,,,,,,,,,,,,,,,,,,,,,,,,,,,,,
rsg_object_detection,frame_trace,1459,rsg_20260806_94_804879999_001459,sent_to_hydra,,,,,,,,,,,561.5042279969202,ok,10.232347005512565,512.5880010018591,35.76924800290726,0.1344319898635149,35.634816013043746,0.004384011845104396,5.219405997195281,0.21145599021110684,325.0309550057864,18.664913994143717,0.009248004062101245,343.9165729942033,44.61215200717561,23.14623699930962,3.8418350013671443,4.964366016793065,11.910977016668767,67.80597299803048,3.341800984344445,1.537507981993258,0.36348903086036444,1.5090280066942796,0.2589130017440766,0.0061119935708120465,119.45628801186103,2.828935001161881,0.14934501086827368,40.97425300278701,0.04320098378229886,6.013679987518117,5.282894999254495,0.1059200003510341,0.6248649879125878,3.5569379979278892,0.6568009994225577,0.004928020644001663,2.9102479747962207,8,0,8,0,0,,,,,,,,,,,,,,
rsg_object_detection,dropped_oldest,1467,rsg_20260806_95_404880000_001467,dropped,True,fifo_cached_frame,1449,150,0,1297,150,0,1,0.0,54.141585002071224,frame_fifo_full,,,,,,,,,,,,,,,,,,,,,,,,,,,,,,,,,,,,,,,,,,,,,,,,,,,,,,,,
rsg_object_detection,dropped_oldest,1468,rsg_20260806_95_454880000_001468,dropped,True,fifo_cached_frame,1450,150,0,1298,150,0,1,0.0,41.27767799946014,frame_fifo_full,,,,,,,,,,,,,,,,,,,,,,,,,,,,,,,,,,,,,,,,,,,,,,,,,,,,,,,,
rsg_object_detection,dropped_oldest,1469,rsg_20260806_95_504880000_001469,dropped,True,fifo_cached_frame,1451,150,0,1299,150,0,1,0.0,53.36225499922875,frame_fifo_full,,,,,,,,,,,,,,,,,,,,,,,,,,,,,,,,,,,,,,,,,,,,,,,,,,,,,,,,
rsg_object_detection,dropped_oldest,1470,rsg_20260806_95_554879999_001470,dropped,True,fifo_cached_frame,1452,150,0,1300,150,0,1,0.0,100.35434798919596,frame_fifo_full,,,,,,,,,,,,,,,,,,,,,,,,,,,,,,,,,,,,,,,,,,,,,,,,,,,,,,,,
rsg_object_detection,dropped_oldest,1471,rsg_20260806_95_654880000_001471,dropped,True,fifo_cached_frame,1453,150,0,1301,150,0,1,0.0,70.86332500330172,frame_fifo_full,,,,,,,,,,,,,,,,,,,,,,,,,,,,,,,,,,,,,,,,,,,,,,,,,,,,,,,,
rsg_object_detection,,509,rsg_20260806_39_154879999_000509,vlm_failed,,,,,,,,,,,,"{""label"":""unknown_object"",""label_confidence"":0.0,""mobility_class"":""unknown"",""mobility_confidence"":0.0}",,,,,,,,,,,,,,,,,,,,,,,,,,,,,,,,,,,,,,,,,,,rsg_obj_000054,rsg_unknown_rsg_20260806_39_154879999_000509_004_nanosam_001,,,1,0.8776312346181905,unknown_object,0.0,unknown,0.0,5378.933649990358,51047.95861100138,qwen_http,Qwen3-VL-8B-Instruct-GGUF
rsg_object_detection,completed,509,rsg_20260806_39_154879999_000509,,,,,,,,,,,45669.022369009326,,vlm_failed,,,,,,,,,,,,,,,,,,,,,,,,,,,,,,,,,,,,,,,,,,,rsg_obj_000054,rsg_unknown_rsg_20260806_39_154879999_000509_004_nanosam_001,36,300,1,0.8776312346181905,,,,,,,,
rsg_object_detection,dropped_oldest,1472,rsg_20260806_95_704880000_001472,dropped,True,fifo_cached_frame,1454,150,0,1302,150,0,1,0.0,147.88279600907117,frame_fifo_full,,,,,,,,,,,,,,,,,,,,,,,,,,,,,,,,,,,,,,,,,,,,,,,,,,,,,,,,
rsg_object_detection,frame_trace,1466,rsg_20260806_95_254880000_001466,sent_to_hydra,,,,,,,,,,,598.0785910069244,ok,18.7961460032966,459.72932600125205,117.25183299859054,0.1383680064463988,117.11346499214415,0.002688000677153468,3.535529991495423,0.20499200036283582,271.95765599026345,14.20730201061815,0.005983994924463332,286.3759339961689,80.90805598476436,20.94888901046943,9.840409984462894,19.576307997340336,29.853296000510454,45.92354700434953,2.881257008993998,1.5820190164959058,0.3554889844963327,1.233411006978713,0.2015369973378256,0.004511995939537883,133.10595600341912,2.481254006852396,0.13305699394550174,34.05996299989056,0.037632009480148554,9.175063998554833,8.511159001500346,0.12230400170665234,0.5416009953478351,8.926775990403257,0.6882899906486273,0.006016023689880967,2.2985980031080544,7,0,7,0,0,,,,,,,,,,,,,,
rsg_object_detection,dequeued,535,rsg_20260806_40_704880000_000535,,,,,,,,,,,49272.812039998826,,fifo_order,,,,,,,,,,,,,,,,,,,,,,,,,,,,,,,,,,,,,,,,,,,rsg_obj_000058,rsg_unknown_rsg_20260806_40_704880000_000535_004_nanosam_001,35,300,1,0.3803080266040688,,,,,,,,
rsg_object_detection,dropped_oldest,1474,rsg_20260806_95_854879999_001474,dropped,True,fifo_cached_frame,1456,151,0,1303,151,0,1,0.0,46.26313199696597,frame_fifo_full,,,,,,,,,,,,,,,,,,,,,,,,,,,,,,,,,,,,,,,,,,,,,,,,,,,,,,,,
rsg_object_detection,dropped_oldest,1475,rsg_20260806_95_954880000_001475,dropped,True,fifo_cached_frame,1457,151,0,1304,151,0,1,0.0,49.16771600255743,frame_fifo_full,,,,,,,,,,,,,,,,,,,,,,,,,,,,,,,,,,,,,,,,,,,,,,,,,,,,,,,,
rsg_object_detection,dropped_oldest,1476,rsg_20260806_96_004879999_001476,dropped,True,fifo_cached_frame,1458,151,0,1305,151,0,1,0.0,60.570785994059406,frame_fifo_full,,,,,,,,,,,,,,,,,,,,,,,,,,,,,,,,,,,,,,,,,,,,,,,,,,,,,,,,
rsg_object_detection,dropped_oldest,1477,rsg_20260806_96_054879999_001477,dropped,True,fifo_cached_frame,1459,151,0,1306,151,0,1,0.0,94.46332199149765,frame_fifo_full,,,,,,,,,,,,,,,,,,,,,,,,,,,,,,,,,,,,,,,,,,,,,,,,,,,,,,,,
rsg_object_detection,dropped_oldest,1478,rsg_20260806_96_154880000_001478,dropped,True,fifo_cached_frame,1460,151,0,1307,151,0,1,0.0,132.592095003929,frame_fifo_full,,,,,,,,,,,,,,,,,,,,,,,,,,,,,,,,,,,,,,,,,,,,,,,,,,,,,,,,
rsg_object_detection,dropped_oldest,1479,rsg_20260806_96_254880000_001479,dropped,True,fifo_cached_frame,1461,151,0,1308,151,0,1,0.0,13.585092005087063,frame_fifo_full,,,,,,,,,,,,,,,,,,,,,,,,,,,,,,,,,,,,,,,,,,,,,,,,,,,,,,,,
rsg_object_detection,frame_trace,1473,rsg_20260806_95_754880000_001473,sent_to_hydra,,,,,,,,,,,472.91287301050033,ok,10.215835005510598,432.9688630095916,28.049867003574036,0.17894500342663378,27.870922000147402,0.006016009137965739,6.256496999412775,0.23088099260348827,239.38863800140098,24.263647996122018,0.006688002031296492,263.8898549921578,65.21543698909227,23.019581014523283,3.1301839917432517,14.292613996076398,24.149538032361306,61.10765000630636,3.3154959965031594,4.5330689899856225,0.31398401188198477,1.2997470039408654,0.21139299497008324,0.0053440016927197576,136.01815199945122,2.399589997367002,0.13385700003709644,24.229792004916817,0.04112001624889672,5.67681499524042,5.058542010374367,0.09984000644180924,0.5184329784242436,3.842313992208801,0.691522000124678,0.005184017936699092,1.672291982686147,7,0,7,0,0,,,,,,,,,,,,,,
rsg_object_detection,dropped_oldest,1481,rsg_20260806_96_354879999_001481,dropped,True,fifo_cached_frame,1463,152,0,1309,152,0,1,0.0,41.64260599645786,frame_fifo_full,,,,,,,,,,,,,,,,,,,,,,,,,,,,,,,,,,,,,,,,,,,,,,,,,,,,,,,,
rsg_object_detection,dropped_oldest,1482,rsg_20260806_96_404880000_001482,dropped,True,fifo_cached_frame,1464,152,0,1310,152,0,1,0.0,96.42844699556008,frame_fifo_full,,,,,,,,,,,,,,,,,,,,,,,,,,,,,,,,,,,,,,,,,,,,,,,,,,,,,,,,
rsg_object_detection,dropped_oldest,1483,rsg_20260806_96_504880000_001483,dropped,True,fifo_cached_frame,1465,152,0,1311,152,0,1,0.0,100.61258600035217,frame_fifo_full,,,,,,,,,,,,,,,,,,,,,,,,,,,,,,,,,,,,,,,,,,,,,,,,,,,,,,,,
rsg_object_detection,dropped_oldest,1484,rsg_20260806_96_604879999_001484,dropped,True,fifo_cached_frame,1466,152,0,1312,152,0,1,0.0,111.02627799846232,frame_fifo_full,,,,,,,,,,,,,,,,,,,,,,,,,,,,,,,,,,,,,,,,,,,,,,,,,,,,,,,,
rsg_object_detection,dropped_oldest,1485,rsg_20260806_96_704880000_001485,dropped,True,fifo_cached_frame,1467,152,0,1313,152,0,1,0.0,39.32432799774688,frame_fifo_full,,,,,,,,,,,,,,,,,,,,,,,,,,,,,,,,,,,,,,,,,,,,,,,,,,,,,,,,
rsg_object_detection,dropped_oldest,1486,rsg_20260806_96_754880000_001486,dropped,True,fifo_cached_frame,1468,152,0,1314,152,0,1,0.0,59.24406100530177,frame_fifo_full,,,,,,,,,,,,,,,,,,,,,,,,,,,,,,,,,,,,,,,,,,,,,,,,,,,,,,,,
rsg_object_detection,dropped_oldest,1487,rsg_20260806_96_804879999_001487,dropped,True,fifo_cached_frame,1469,152,0,1315,152,0,1,0.0,86.15978099987842,frame_fifo_full,,,,,,,,,,,,,,,,,,,,,,,,,,,,,,,,,,,,,,,,,,,,,,,,,,,,,,,,
rsg_object_detection,dropped_oldest,1488,rsg_20260806_96_854879999_001488,dropped,True,fifo_cached_frame,1470,152,0,1316,152,0,1,0.0,16.592683998169377,frame_fifo_full,,,,,,,,,,,,,,,,,,,,,,,,,,,,,,,,,,,,,,,,,,,,,,,,,,,,,,,,
rsg_object_detection,dropped_oldest,1489,rsg_20260806_96_904880000_001489,dropped,True,fifo_cached_frame,1471,152,0,1317,152,0,1,0.0,63.43943199317437,frame_fifo_full,,,,,,,,,,,,,,,,,,,,,,,,,,,,,,,,,,,,,,,,,,,,,,,,,,,,,,,,
rsg_object_detection,frame_trace,1480,rsg_20260806_96_304879999_001480,sent_to_hydra,,,,,,,,,,,692.8799779998371,ok,11.502973997266963,617.8028189897304,61.427234002621844,0.12224000238347799,61.304994000238366,0.001791995600797236,5.063692995463498,0.21385699801612645,281.5990489907563,23.295678009162657,0.008319999324157834,305.1169039972592,174.30494201835245,33.65916199982166,7.352947010076605,92.6710939820623,39.889864972792566,77.43121299427003,3.7491620023502037,1.1812179873231798,0.3722889960044995,1.554021000629291,0.6019529973855242,0.0073599949246272445,259.22154998988844,13.956356997368857,0.14694398851133883,34.25701899686828,0.04035202437080443,6.120431993622333,5.575693998252973,0.0891840027179569,0.45555399265140295,4.720555996755138,0.6566420051967725,0.0053440016927197576,2.145159014617093,7,0,7,0,0,,,,,,,,,,,,,,
rsg_object_detection,dropped_oldest,1491,rsg_20260806_97_104879999_001491,dropped,True,fifo_cached_frame,1473,153,0,1318,153,0,1,0.0,40.36679399723653,frame_fifo_full,,,,,,,,,,,,,,,,,,,,,,,,,,,,,,,,,,,,,,,,,,,,,,,,,,,,,,,,
rsg_object_detection,dropped_oldest,1492,rsg_20260806_97_154880000_001492,dropped,True,fifo_cached_frame,1474,153,0,1319,153,0,1,0.0,52.526666011544876,frame_fifo_full,,,,,,,,,,,,,,,,,,,,,,,,,,,,,,,,,,,,,,,,,,,,,,,,,,,,,,,,
rsg_object_detection,dropped_oldest,1493,rsg_20260806_97_204880000_001493,dropped,True,fifo_cached_frame,1475,153,0,1320,153,0,1,0.0,59.766492995549925,frame_fifo_full,,,,,,,,,,,,,,,,,,,,,,,,,,,,,,,,,,,,,,,,,,,,,,,,,,,,,,,,
rsg_object_detection,dropped_oldest,1494,rsg_20260806_97_254880000_001494,dropped,True,fifo_cached_frame,1476,153,0,1321,153,0,1,0.0,91.14369499729946,frame_fifo_full,,,,,,,,,,,,,,,,,,,,,,,,,,,,,,,,,,,,,,,,,,,,,,,,,,,,,,,,
rsg_object_detection,dropped_oldest,1495,rsg_20260806_97_354879999_001495,dropped,True,fifo_cached_frame,1477,153,0,1322,153,0,1,0.0,74.50883599813096,frame_fifo_full,,,,,,,,,,,,,,,,,,,,,,,,,,,,,,,,,,,,,,,,,,,,,,,,,,,,,,,,
rsg_object_detection,dropped_oldest,1496,rsg_20260806_97_404880000_001496,dropped,True,fifo_cached_frame,1478,153,0,1323,153,0,1,0.0,53.16401200252585,frame_fifo_full,,,,,,,,,,,,,,,,,,,,,,,,,,,,,,,,,,,,,,,,,,,,,,,,,,,,,,,,
rsg_object_detection,dropped_oldest,1497,rsg_20260806_97_454880000_001497,dropped,True,fifo_cached_frame,1479,153,0,1324,153,0,1,0.0,147.35561799898278,frame_fifo_full,,,,,,,,,,,,,,,,,,,,,,,,,,,,,,,,,,,,,,,,,,,,,,,,,,,,,,,,
rsg_object_detection,dropped_oldest,1498,rsg_20260806_97_504880000_001498,dropped,True,fifo_cached_frame,1480,153,0,1325,153,0,1,0.0,3.142407993436791,frame_fifo_full,,,,,,,,,,,,,,,,,,,,,,,,,,,,,,,,,,,,,,,,,,,,,,,,,,,,,,,,
rsg_object_detection,dropped_oldest,1499,rsg_20260806_97_554879999_001499,dropped,True,fifo_cached_frame,1481,153,0,1326,153,0,1,0.0,3.161897009704262,frame_fifo_full,,,,,,,,,,,,,,,,,,,,,,,,,,,,,,,,,,,,,,,,,,,,,,,,,,,,,,,,
rsg_object_detection,frame_trace,1490,rsg_20260806_96_954880000_001490,sent_to_hydra,,,,,,,,,,,663.9847179903882,ok,18.646320997504517,604.943825994269,38.20003700093366,0.14803199155721813,38.052005009376444,0.0028479989850893617,1.4836199989076704,0.2653769915923476,304.366206008126,14.581126000848599,0.007615992217324674,319.2203249927843,173.74103101610672,24.87827198638115,13.085537997540087,90.430861004279,44.60863099666312,68.13502599834464,3.5875620087608695,0.9789460018509999,0.31113797740545124,1.2874270032625645,0.196897002751939,0.004479996277950704,248.2587629929185,2.9191759967943653,0.17561599088367075,32.840758009115234,0.04556801286526024,14.39008500892669,13.719620008487254,0.12271999730728567,0.5477450031321496,3.5798179887933657,0.6707220018142834,0.005695997970178723,2.1916859986959025,7,0,7,0,0,,,,,,,,,,,,,,
rsg_object_detection,dropped_oldest,1501,rsg_20260806_97_654880000_001501,dropped,True,fifo_cached_frame,1483,154,0,1327,154,0,1,0.0,86.78761999181006,frame_fifo_full,,,,,,,,,,,,,,,,,,,,,,,,,,,,,,,,,,,,,,,,,,,,,,,,,,,,,,,,
rsg_object_detection,dropped_oldest,1502,rsg_20260806_97_754880000_001502,dropped,True,fifo_cached_frame,1484,154,0,1328,154,0,1,0.0,41.77815798902884,frame_fifo_full,,,,,,,,,,,,,,,,,,,,,,,,,,,,,,,,,,,,,,,,,,,,,,,,,,,,,,,,
rsg_object_detection,dropped_oldest,1503,rsg_20260806_97_804879999_001503,dropped,True,fifo_cached_frame,1485,154,0,1329,154,0,1,0.0,52.51636100001633,frame_fifo_full,,,,,,,,,,,,,,,,,,,,,,,,,,,,,,,,,,,,,,,,,,,,,,,,,,,,,,,,
rsg_object_detection,dropped_oldest,1504,rsg_20260806_97_854879999_001504,dropped,True,fifo_cached_frame,1486,154,0,1330,154,0,1,0.0,103.02324600343127,frame_fifo_full,,,,,,,,,,,,,,,,,,,,,,,,,,,,,,,,,,,,,,,,,,,,,,,,,,,,,,,,
rsg_object_detection,dropped_oldest,1505,rsg_20260806_97_954880000_001505,dropped,True,fifo_cached_frame,1487,154,0,1331,154,0,1,0.0,97.02006200677715,frame_fifo_full,,,,,,,,,,,,,,,,,,,,,,,,,,,,,,,,,,,,,,,,,,,,,,,,,,,,,,,,
rsg_object_detection,dropped_oldest,1506,rsg_20260806_98_054879999_001506,dropped,True,fifo_cached_frame,1488,154,0,1332,154,0,1,0.0,51.322020997758955,frame_fifo_full,,,,,,,,,,,,,,,,,,,,,,,,,,,,,,,,,,,,,,,,,,,,,,,,,,,,,,,,
rsg_object_detection,dropped_oldest,1507,rsg_20260806_98_104879999_001507,dropped,True,fifo_cached_frame,1489,154,0,1333,154,0,1,0.0,107.0478609908605,frame_fifo_full,,,,,,,,,,,,,,,,,,,,,,,,,,,,,,,,,,,,,,,,,,,,,,,,,,,,,,,,
rsg_object_detection,dropped_oldest,1508,rsg_20260806_98_204880000_001508,dropped,True,fifo_cached_frame,1490,154,0,1334,154,0,1,0.0,61.13395100692287,frame_fifo_full,,,,,,,,,,,,,,,,,,,,,,,,,,,,,,,,,,,,,,,,,,,,,,,,,,,,,,,,
rsg_object_detection,frame_trace,1500,rsg_20260806_97_604879999_001500,sent_to_hydra,,,,,,,,,,,646.907864997047,ok,13.664419006090611,598.001018006471,33.14130299258977,0.1077130000339821,33.03358999255579,0.002592001692391932,5.393487008404918,0.1869120023911819,274.7718239988899,23.063261003699154,0.007391994586214423,298.02938899956644,164.3355640117079,32.019634963944554,12.101343018002808,64.4877830054611,54.81208000855986,84.82885999546852,3.2093529880512506,1.2064350012224168,0.32870400173123926,1.3485800009220839,0.564161004149355,0.005408001015894115,255.84351299039554,6.218607988557778,0.15504099428653717,32.317587989382446,0.04339203587733209,9.409976002643816,8.794102992396802,0.08454399358015507,0.5313290166668594,3.5522979887900874,0.698080999427475,0.004064015229232609,2.098532990203239,8,0,7,0,0,,,,,,,,,,,,,,
rsg_object_detection,dropped_oldest,1510,rsg_20260806_98_304879999_001510,dropped,True,fifo_cached_frame,1492,155,0,1335,155,0,1,0.0,89.7700560017256,frame_fifo_full,,,,,,,,,,,,,,,,,,,,,,,,,,,,,,,,,,,,,,,,,,,,,,,,,,,,,,,,
rsg_object_detection,dropped_oldest,1511,rsg_20260806_98_404880000_001511,dropped,True,fifo_cached_frame,1493,155,0,1336,155,0,1,0.0,62.10870499489829,frame_fifo_full,,,,,,,,,,,,,,,,,,,,,,,,,,,,,,,,,,,,,,,,,,,,,,,,,,,,,,,,
rsg_object_detection,dropped_oldest,1512,rsg_20260806_98_454880000_001512,dropped,True,fifo_cached_frame,1494,155,0,1337,155,0,1,0.0,104.18836600729264,frame_fifo_full,,,,,,,,,,,,,,,,,,,,,,,,,,,,,,,,,,,,,,,,,,,,,,,,,,,,,,,,
rsg_object_detection,dropped_oldest,1513,rsg_20260806_98_554879999_001513,dropped,True,fifo_cached_frame,1495,155,0,1338,155,0,1,0.0,49.54915199778043,frame_fifo_full,,,,,,,,,,,,,,,,,,,,,,,,,,,,,,,,,,,,,,,,,,,,,,,,,,,,,,,,
rsg_object_detection,dropped_oldest,1514,rsg_20260806_98_604879999_001514,dropped,True,fifo_cached_frame,1496,155,0,1339,155,0,1,0.0,39.4297659950098,frame_fifo_full,,,,,,,,,,,,,,,,,,,,,,,,,,,,,,,,,,,,,,,,,,,,,,,,,,,,,,,,
rsg_object_detection,dropped_oldest,1515,rsg_20260806_98_654880000_001515,dropped,True,fifo_cached_frame,1497,155,0,1340,155,0,1,0.0,59.13240899099037,frame_fifo_full,,,,,,,,,,,,,,,,,,,,,,,,,,,,,,,,,,,,,,,,,,,,,,,,,,,,,,,,
rsg_object_detection,dropped_oldest,1516,rsg_20260806_98_704880000_001516,dropped,True,fifo_cached_frame,1498,155,0,1341,155,0,1,0.0,227.97998299938627,frame_fifo_full,,,,,,,,,,,,,,,,,,,,,,,,,,,,,,,,,,,,,,,,,,,,,,,,,,,,,,,,
rsg_object_detection,dropped_oldest,1517,rsg_20260806_98_754880000_001517,dropped,True,fifo_cached_frame,1499,155,0,1342,155,0,1,0.0,7.352499000262469,frame_fifo_full,,,,,,,,,,,,,,,,,,,,,,,,,,,,,,,,,,,,,,,,,,,,,,,,,,,,,,,,
rsg_object_detection,dropped_oldest,1518,rsg_20260806_98_854879999_001518,dropped,True,fifo_cached_frame,1500,155,0,1343,155,0,1,0.0,3.7694500060752034,frame_fifo_full,,,,,,,,,,,,,,,,,,,,,,,,,,,,,,,,,,,,,,,,,,,,,,,,,,,,,,,,
rsg_object_detection,frame_trace,1509,rsg_20260806_98_254880000_001509,sent_to_hydra,,,,,,,,,,,691.6178899991792,ok,17.457516994909383,637.354548991425,34.20085700054187,0.13174500782042742,34.069111992721446,0.0027520000003278255,5.711182995582931,0.5567059997702017,323.50906200008467,30.283086991403252,0.007744005415588617,354.3565989966737,136.65011402918026,19.79755499633029,9.41874501586426,74.5296020177193,32.185298012336716,86.00115100853145,4.270379009540193,3.0355589842656627,0.4531549784587696,1.4544349978677928,0.55257799976971,0.004672008799389005,232.44021899881773,5.355469998903573,0.15737600915599614,39.283878009882756,0.04982398240827024,13.222146008047275,12.604319999809377,0.10038400068879128,0.5174420075491071,3.4712409978965297,0.7584660052089021,0.005663983756676316,2.602215012302622,8,0,8,0,0,,,,,,,,,,,,,,
rsg_object_detection,dropped_oldest,1520,rsg_20260806_99_004879999_001520,dropped,True,fifo_cached_frame,1502,156,0,1344,156,0,1,0.0,3.736362006748095,frame_fifo_full,,,,,,,,,,,,,,,,,,,,,,,,,,,,,,,,,,,,,,,,,,,,,,,,,,,,,,,,
rsg_object_detection,dropped_oldest,1521,rsg_20260806_99_054879999_001521,dropped,True,fifo_cached_frame,1503,156,0,1345,156,0,1,0.0,3.313640001579188,frame_fifo_full,,,,,,,,,,,,,,,,,,,,,,,,,,,,,,,,,,,,,,,,,,,,,,,,,,,,,,,,
rsg_object_detection,dropped_oldest,1522,rsg_20260806_99_104879999_001522,dropped,True,fifo_cached_frame,1504,156,0,1346,156,0,1,0.0,2.9369349940679967,frame_fifo_full,,,,,,,,,,,,,,,,,,,,,,,,,,,,,,,,,,,,,,,,,,,,,,,,,,,,,,,,
rsg_object_detection,dropped_oldest,1523,rsg_20260806_99_154880000_001523,dropped,True,fifo_cached_frame,1505,156,0,1347,156,0,1,0.0,2.7779909869423136,frame_fifo_full,,,,,,,,,,,,,,,,,,,,,,,,,,,,,,,,,,,,,,,,,,,,,,,,,,,,,,,,
rsg_object_detection,dropped_oldest,1524,rsg_20260806_99_204880000_001524,dropped,True,fifo_cached_frame,1506,156,0,1348,156,0,1,0.0,2.55053500586655,frame_fifo_full,,,,,,,,,,,,,,,,,,,,,,,,,,,,,,,,,,,,,,,,,,,,,,,,,,,,,,,,
rsg_object_detection,dropped_oldest,1525,rsg_20260806_99_254880000_001525,dropped,True,fifo_cached_frame,1507,156,0,1349,156,0,1,0.0,3.613897002651356,frame_fifo_full,,,,,,,,,,,,,,,,,,,,,,,,,,,,,,,,,,,,,,,,,,,,,,,,,,,,,,,,
rsg_object_detection,dropped_oldest,1526,rsg_20260806_99_304879999_001526,dropped,True,fifo_cached_frame,1508,156,0,1350,156,0,1,0.0,13.132897001923993,frame_fifo_full,,,,,,,,,,,,,,,,,,,,,,,,,,,,,,,,,,,,,,,,,,,,,,,,,,,,,,,,
rsg_object_detection,dropped_oldest,1527,rsg_20260806_99_354879999_001527,dropped,True,fifo_cached_frame,1509,156,0,1351,156,0,1,0.0,49.32134300179314,frame_fifo_full,,,,,,,,,,,,,,,,,,,,,,,,,,,,,,,,,,,,,,,,,,,,,,,,,,,,,,,,
rsg_object_detection,dropped_oldest,1528,rsg_20260806_99_404880000_001528,dropped,True,fifo_cached_frame,1510,156,0,1352,156,0,1,0.0,50.04851199919358,frame_fifo_full,,,,,,,,,,,,,,,,,,,,,,,,,,,,,,,,,,,,,,,,,,,,,,,,,,,,,,,,
rsg_object_detection,dropped_oldest,1529,rsg_20260806_99_454880000_001529,dropped,True,fifo_cached_frame,1511,156,0,1353,156,0,1,0.0,52.12243700225372,frame_fifo_full,,,,,,,,,,,,,,,,,,,,,,,,,,,,,,,,,,,,,,,,,,,,,,,,,,,,,,,,
rsg_object_detection,dropped_oldest,1530,rsg_20260806_99_504880000_001530,dropped,True,fifo_cached_frame,1512,156,0,1354,156,0,1,0.0,47.483834001468495,frame_fifo_full,,,,,,,,,,,,,,,,,,,,,,,,,,,,,,,,,,,,,,,,,,,,,,,,,,,,,,,,
rsg_object_detection,dropped_oldest,1531,rsg_20260806_99_554879999_001531,dropped,True,fifo_cached_frame,1513,156,0,1355,156,0,1,0.0,50.77814600372221,frame_fifo_full,,,,,,,,,,,,,,,,,,,,,,,,,,,,,,,,,,,,,,,,,,,,,,,,,,,,,,,,
rsg_object_detection,dropped_oldest,1532,rsg_20260806_99_604879999_001532,dropped,True,fifo_cached_frame,1514,156,0,1356,156,0,1,0.0,49.94243200053461,frame_fifo_full,,,,,,,,,,,,,,,,,,,,,,,,,,,,,,,,,,,,,,,,,,,,,,,,,,,,,,,,
rsg_object_detection,dropped_oldest,1533,rsg_20260806_99_654880000_001533,dropped,True,fifo_cached_frame,1515,156,0,1357,156,0,1,0.0,120.44709299516398,frame_fifo_full,,,,,,,,,,,,,,,,,,,,,,,,,,,,,,,,,,,,,,,,,,,,,,,,,,,,,,,,
rsg_object_detection,dropped_oldest,1534,rsg_20260806_99_754880000_001534,dropped,True,fifo_cached_frame,1516,156,0,1358,156,0,1,0.0,30.85329600435216,frame_fifo_full,,,,,,,,,,,,,,,,,,,,,,,,,,,,,,,,,,,,,,,,,,,,,,,,,,,,,,,,
rsg_object_detection,dropped_oldest,1535,rsg_20260806_99_804879999_001535,dropped,True,fifo_cached_frame,1517,156,0,1359,156,0,1,0.0,98.74870200292207,frame_fifo_full,,,,,,,,,,,,,,,,,,,,,,,,,,,,,,,,,,,,,,,,,,,,,,,,,,,,,,,,
rsg_object_detection,dropped_oldest,1536,rsg_20260806_99_904880000_001536,dropped,True,fifo_cached_frame,1518,156,0,1360,156,0,1,0.0,56.10203200194519,frame_fifo_full,,,,,,,,,,,,,,,,,,,,,,,,,,,,,,,,,,,,,,,,,,,,,,,,,,,,,,,,
rsg_object_detection,frame_trace,1519,rsg_20260806_98_904880000_001519,sent_to_hydra,,,,,,,,,,,1015.1597929943819,ok,13.406690995907411,633.8673230056884,365.72094199073035,0.13808099902234972,365.582860991708,0.0022080057533457875,7.511026997235604,2.9320720059331506,358.6459759972058,23.126204003347084,0.006047994247637689,384.7103000007337,121.41535100818146,21.26338199013844,6.731344998115674,36.201980998157524,56.23735999688506,79.45415598805994,3.020582997123711,0.735234993044287,0.30636902374681085,1.3039710029261187,0.3556489973561838,0.00428801286034286,206.61256200401112,4.610315998434089,0.12291199527680874,30.25956600322388,0.04064000677317381,9.283959996537305,8.673078002175316,0.09824000881053507,0.5126419855514541,3.3816409995779395,0.7359379960689694,0.005152003723196685,2.1626289963023737,8,0,7,0,0,,,,,,,,,,,,,,
rsg_object_detection,dropped_oldest,1538,rsg_20260806_100_004900000_001538,dropped,True,fifo_cached_frame,1520,157,0,1361,157,0,1,0.0,42.113260002224706,frame_fifo_full,,,,,,,,,,,,,,,,,,,,,,,,,,,,,,,,,,,,,,,,,,,,,,,,,,,,,,,,
rsg_object_detection,dropped_oldest,1539,rsg_20260806_100_054900000_001539,dropped,True,fifo_cached_frame,1521,157,0,1362,157,0,1,0.0,52.09517299954314,frame_fifo_full,,,,,,,,,,,,,,,,,,,,,,,,,,,,,,,,,,,,,,,,,,,,,,,,,,,,,,,,
rsg_object_detection,dropped_oldest,1540,rsg_20260806_100_104900000_001540,dropped,True,fifo_cached_frame,1522,157,0,1363,157,0,1,0.0,152.97190799901728,frame_fifo_full,,,,,,,,,,,,,,,,,,,,,,,,,,,,,,,,,,,,,,,,,,,,,,,,,,,,,,,,
rsg_object_detection,dropped_oldest,1541,rsg_20260806_100_254900000_001541,dropped,True,fifo_cached_frame,1523,157,0,1364,157,0,1,0.0,58.20683599449694,frame_fifo_full,,,,,,,,,,,,,,,,,,,,,,,,,,,,,,,,,,,,,,,,,,,,,,,,,,,,,,,,
rsg_object_detection,dropped_oldest,1542,rsg_20260806_100_304900000_001542,dropped,True,fifo_cached_frame,1524,157,0,1365,157,0,1,0.0,37.69612799806055,frame_fifo_full,,,,,,,,,,,,,,,,,,,,,,,,,,,,,,,,,,,,,,,,,,,,,,,,,,,,,,,,
rsg_object_detection,dropped_oldest,1543,rsg_20260806_100_354900000_001543,dropped,True,fifo_cached_frame,1525,157,0,1366,157,0,1,0.0,66.61716099188197,frame_fifo_full,,,,,,,,,,,,,,,,,,,,,,,,,,,,,,,,,,,,,,,,,,,,,,,,,,,,,,,,
rsg_object_detection,dropped_oldest,1544,rsg_20260806_100_404899999_001544,dropped,True,fifo_cached_frame,1526,157,0,1367,157,0,1,0.0,35.29327300202567,frame_fifo_full,,,,,,,,,,,,,,,,,,,,,,,,,,,,,,,,,,,,,,,,,,,,,,,,,,,,,,,,
rsg_object_detection,dropped_oldest,1545,rsg_20260806_100_454899999_001545,dropped,True,fifo_cached_frame,1527,157,0,1368,157,0,1,0.0,50.44972799078096,frame_fifo_full,,,,,,,,,,,,,,,,,,,,,,,,,,,,,,,,,,,,,,,,,,,,,,,,,,,,,,,,
rsg_object_detection,frame_trace,1537,rsg_20260806_99_954880000_001537,sent_to_hydra,,,,,,,,,,,556.6860569961136,ok,17.35789999656845,502.7155190036865,34.1909039998427,0.18019300478044897,34.010710995062254,0.004735993570648134,2.893927987315692,0.22950400307308882,288.5084470035508,16.70858600118663,0.008096001693047583,305.4546330095036,88.73600198421627,16.628778976155445,5.135245010023937,43.31003098923247,22.454072008258663,59.80088700016495,4.101227008504793,5.153228994458914,0.3980490146204829,1.40787499549333,0.472898012958467,0.005088004400022328,160.09160700195935,3.479720005998388,0.1626250013941899,30.586797001888044,0.046208995627239347,13.021121005294845,12.327199001447298,0.09020899597089738,0.6037130078766495,3.6047450121259317,0.7255059899762273,0.00652798917144537,2.4169980024453253,8,0,8,0,0,,,,,,,,,,,,,,
rsg_object_detection,dropped_oldest,1547,rsg_20260806_100_554900000_001547,dropped,True,fifo_cached_frame,1529,158,0,1369,158,0,1,0.0,100.8933760022046,frame_fifo_full,,,,,,,,,,,,,,,,,,,,,,,,,,,,,,,,,,,,,,,,,,,,,,,,,,,,,,,,
rsg_object_detection,,535,rsg_20260806_40_704880000_000535,vlm_done,,,,,,,,,,,,ok,,,,,,,,,,,,,,,,,,,,,,,,,,,,,,,,,,,,,,,,,,,rsg_obj_000058,rsg_unknown_rsg_20260806_40_704880000_000535_004_nanosam_001,,,1,0.3803080266040688,ceiling_light,0.98,static,0.99,4736.567995001678,54009.38189099543,qwen_http,Qwen3-VL-8B-Instruct-GGUF
rsg_object_detection,completed,535,rsg_20260806_40_704880000_000535,,,,,,,,,,,49272.812039998826,,vlm_done,,,,,,,,,,,,,,,,,,,,,,,,,,,,,,,,,,,,,,,,,,,rsg_obj_000058,rsg_unknown_rsg_20260806_40_704880000_000535_004_nanosam_001,42,300,1,0.3803080266040688,,,,,,,,
rsg_object_detection,dropped_oldest,1548,rsg_20260806_100_654899999_001548,dropped,True,fifo_cached_frame,1530,158,0,1370,158,0,1,0.0,51.1313299939502,frame_fifo_full,,,,,,,,,,,,,,,,,,,,,,,,,,,,,,,,,,,,,,,,,,,,,,,,,,,,,,,,
rsg_object_detection,dropped_oldest,1549,rsg_20260806_100_704899999_001549,dropped,True,fifo_cached_frame,1531,158,0,1371,158,0,1,0.0,51.34320199431386,frame_fifo_full,,,,,,,,,,,,,,,,,,,,,,,,,,,,,,,,,,,,,,,,,,,,,,,,,,,,,,,,
rsg_object_detection,dequeued,587,rsg_20260806_44_154879999_000587,,,,,,,,,,,53287.05643898866,,fifo_order,,,,,,,,,,,,,,,,,,,,,,,,,,,,,,,,,,,,,,,,,,,rsg_obj_000060,rsg_unknown_rsg_20260806_44_154879999_000587_000_nanosam_001,42,300,5,0.5404250041419053,,,,,,,,
rsg_object_detection,dropped_oldest,1550,rsg_20260806_100_754900000_001550,dropped,True,fifo_cached_frame,1532,158,0,1372,158,0,1,0.0,72.56629699259065,frame_fifo_full,,,,,,,,,,,,,,,,,,,,,,,,,,,,,,,,,,,,,,,,,,,,,,,,,,,,,,,,
rsg_object_detection,dropped_oldest,1551,rsg_20260806_100_804900000_001551,dropped,True,fifo_cached_frame,1533,158,0,1373,158,0,1,0.0,31.59979300107807,frame_fifo_full,,,,,,,,,,,,,,,,,,,,,,,,,,,,,,,,,,,,,,,,,,,,,,,,,,,,,,,,
rsg_object_detection,dropped_oldest,1552,rsg_20260806_100_854900000_001552,dropped,True,fifo_cached_frame,1534,158,0,1374,158,0,1,0.0,68.99067199265119,frame_fifo_full,,,,,,,,,,,,,,,,,,,,,,,,,,,,,,,,,,,,,,,,,,,,,,,,,,,,,,,,
rsg_object_detection,dropped_oldest,1553,rsg_20260806_100_904899999_001553,dropped,True,fifo_cached_frame,1535,158,0,1375,158,0,1,0.0,62.699551999685355,frame_fifo_full,,,,,,,,,,,,,,,,,,,,,,,,,,,,,,,,,,,,,,,,,,,,,,,,,,,,,,,,
rsg_object_detection,frame_trace,1546,rsg_20260806_100_504900000_001546,sent_to_hydra,,,,,,,,,,,501.6315139946528,ok,12.375519989291206,454.50275400071405,31.836688998737372,0.18009600171353668,31.656592997023836,0.006880000000819564,1.3356839917832986,0.18239999189972878,227.4035209993599,18.22292699944228,0.005663998308591545,245.8145119890105,80.61188497231342,17.376842952216975,5.280844008666463,32.73185899888631,24.517661004210822,72.56079200305976,4.510572980507277,1.4130899944575503,0.4284170572645962,1.4646760100731626,0.588896989938803,0.005887995939701796,161.60396199848037,6.020303000696003,0.14025700511410832,39.541188001749106,0.04684801388066262,7.831668001017533,7.1062899951357394,0.11142400035168976,0.613954005530104,3.899657996953465,0.6392020004568622,0.004991990863345563,2.909671005909331,8,0,8,0,0,,,,,,,,,,,,,,
rsg_object_detection,dropped_oldest,1555,rsg_20260806_101_054900000_001555,dropped,True,fifo_cached_frame,1537,159,0,1376,159,0,1,0.0,49.304412008496,frame_fifo_full,,,,,,,,,,,,,,,,,,,,,,,,,,,,,,,,,,,,,,,,,,,,,,,,,,,,,,,,
rsg_object_detection,dropped_oldest,1556,rsg_20260806_101_104900000_001556,dropped,True,fifo_cached_frame,1538,159,0,1377,159,0,1,0.0,40.43670899409335,frame_fifo_full,,,,,,,,,,,,,,,,,,,,,,,,,,,,,,,,,,,,,,,,,,,,,,,,,,,,,,,,
rsg_object_detection,dropped_oldest,1557,rsg_20260806_101_154899999_001557,dropped,True,fifo_cached_frame,1539,159,0,1378,159,0,1,0.0,101.06326198729221,frame_fifo_full,,,,,,,,,,,,,,,,,,,,,,,,,,,,,,,,,,,,,,,,,,,,,,,,,,,,,,,,
rsg_object_detection,dropped_oldest,1558,rsg_20260806_101_254900000_001558,dropped,True,fifo_cached_frame,1540,159,0,1379,159,0,1,0.0,104.80602299503516,frame_fifo_full,,,,,,,,,,,,,,,,,,,,,,,,,,,,,,,,,,,,,,,,,,,,,,,,,,,,,,,,
rsg_object_detection,dropped_oldest,1559,rsg_20260806_101_354900000_001559,dropped,True,fifo_cached_frame,1541,159,0,1380,159,0,1,0.0,48.32316101237666,frame_fifo_full,,,,,,,,,,,,,,,,,,,,,,,,,,,,,,,,,,,,,,,,,,,,,,,,,,,,,,,,
rsg_object_detection,dropped_oldest,1560,rsg_20260806_101_404899999_001560,dropped,True,fifo_cached_frame,1542,159,0,1381,159,0,1,0.0,49.958525007241406,frame_fifo_full,,,,,,,,,,,,,,,,,,,,,,,,,,,,,,,,,,,,,,,,,,,,,,,,,,,,,,,,
rsg_object_detection,frame_trace,1554,rsg_20260806_100_954899999_001554,sent_to_hydra,,,,,,,,,,,634.5249240112025,ok,10.708347006584518,576.1244559980696,45.168019001721404,0.13040100748185068,45.037617994239554,0.0026240013539791107,5.635470006382093,0.2126400067936629,330.4036789922975,19.420623997575603,0.008992006769403815,350.04593500343617,107.96638295869343,24.660381008288823,6.576944957487285,43.218188991886564,32.89166698232293,63.55036799504887,3.5969009768450633,1.0709170019254088,0.352643066435121,1.399556000251323,0.38662500446662307,0.005855996278114617,178.3453450043453,3.7184730026638135,0.14735999866388738,38.18092800793238,0.05094497464597225,6.751057007932104,6.105038992245682,0.09606400271877646,0.5499540129676461,3.2823770015966147,0.6704970001010224,0.004415996954776347,2.521478003473021,8,0,8,0,0,,,,,,,,,,,,,,
rsg_object_detection,dropped_oldest,1562,rsg_20260806_101_554900000_001562,dropped,True,fifo_cached_frame,1544,160,0,1382,160,0,1,0.0,8.819606009637937,frame_fifo_full,,,,,,,,,,,,,,,,,,,,,,,,,,,,,,,,,,,,,,,,,,,,,,,,,,,,,,,,
rsg_object_detection,dropped_oldest,1563,rsg_20260806_101_654899999_001563,dropped,True,fifo_cached_frame,1545,160,0,1383,160,0,1,0.0,33.63854800409172,frame_fifo_full,,,,,,,,,,,,,,,,,,,,,,,,,,,,,,,,,,,,,,,,,,,,,,,,,,,,,,,,
rsg_object_detection,dropped_oldest,1564,rsg_20260806_101_704899999_001564,dropped,True,fifo_cached_frame,1546,160,0,1384,160,0,1,0.0,49.169435995281674,frame_fifo_full,,,,,,,,,,,,,,,,,,,,,,,,,,,,,,,,,,,,,,,,,,,,,,,,,,,,,,,,
rsg_object_detection,dropped_oldest,1565,rsg_20260806_101_754900000_001565,dropped,True,fifo_cached_frame,1547,160,0,1385,160,0,1,0.0,101.25353500188794,frame_fifo_full,,,,,,,,,,,,,,,,,,,,,,,,,,,,,,,,,,,,,,,,,,,,,,,,,,,,,,,,
rsg_object_detection,dropped_oldest,1566,rsg_20260806_101_854900000_001566,dropped,True,fifo_cached_frame,1548,160,0,1386,160,0,1,0.0,51.73292999097612,frame_fifo_full,,,,,,,,,,,,,,,,,,,,,,,,,,,,,,,,,,,,,,,,,,,,,,,,,,,,,,,,
rsg_object_detection,dropped_oldest,1567,rsg_20260806_101_904899999_001567,dropped,True,fifo_cached_frame,1549,160,0,1387,160,0,1,0.0,116.00218000239693,frame_fifo_full,,,,,,,,,,,,,,,,,,,,,,,,,,,,,,,,,,,,,,,,,,,,,,,,,,,,,,,,
rsg_object_detection,dropped_oldest,1568,rsg_20260806_102_004900000_001568,dropped,True,fifo_cached_frame,1550,160,0,1388,160,0,1,0.0,83.50734499981627,frame_fifo_full,,,,,,,,,,,,,,,,,,,,,,,,,,,,,,,,,,,,,,,,,,,,,,,,,,,,,,,,
rsg_object_detection,dropped_oldest,1569,rsg_20260806_102_104900000_001569,dropped,True,fifo_cached_frame,1551,160,0,1389,160,0,1,0.0,59.14776299323421,frame_fifo_full,,,,,,,,,,,,,,,,,,,,,,,,,,,,,,,,,,,,,,,,,,,,,,,,,,,,,,,,
rsg_object_detection,frame_trace,1561,rsg_20260806_101_454899999_001561,sent_to_hydra,,,,,,,,,,,757.2311789990636,ok,9.899448996293359,548.7873909878545,196.78513499093242,0.13980799121782184,196.6453269997146,0.0019840081222355366,3.211752002243884,0.2213120023952797,295.88803999649826,15.549318995908834,0.006528003723360598,311.66519899852574,144.90554697113112,19.5529449993046,11.411740983021446,77.70380901638418,35.449594011879526,43.872269001440145,4.91588402655907,5.180845007998869,0.4392329865368083,1.4313949941424653,0.44060900108888745,0.004383997293189168,201.20629399025347,4.849965000175871,0.1462720101699233,27.660709005431272,0.04719998105429113,5.40122899110429,4.786060002516024,0.08825601253192872,0.5269129760563374,3.6053850053576753,0.8878749940777197,0.004960005753673613,1.757220015861094,8,0,8,0,0,,,,,,,,,,,,,,
rsg_object_detection,dropped_oldest,1571,rsg_20260806_102_254900000_001571,dropped,True,fifo_cached_frame,1553,161,0,1390,161,0,1,0.0,49.39961001218762,frame_fifo_full,,,,,,,,,,,,,,,,,,,,,,,,,,,,,,,,,,,,,,,,,,,,,,,,,,,,,,,,
rsg_object_detection,dropped_oldest,1572,rsg_20260806_102_304900000_001572,dropped,True,fifo_cached_frame,1554,161,0,1391,161,0,1,0.0,99.97986500093248,frame_fifo_full,,,,,,,,,,,,,,,,,,,,,,,,,,,,,,,,,,,,,,,,,,,,,,,,,,,,,,,,
rsg_object_detection,dropped_oldest,1573,rsg_20260806_102_404899999_001573,dropped,True,fifo_cached_frame,1555,161,0,1392,161,0,1,0.0,50.98476700368337,frame_fifo_full,,,,,,,,,,,,,,,,,,,,,,,,,,,,,,,,,,,,,,,,,,,,,,,,,,,,,,,,
rsg_object_detection,dropped_oldest,1574,rsg_20260806_102_454899999_001574,dropped,True,fifo_cached_frame,1556,161,0,1393,161,0,1,0.0,53.96032599674072,frame_fifo_full,,,,,,,,,,,,,,,,,,,,,,,,,,,,,,,,,,,,,,,,,,,,,,,,,,,,,,,,
rsg_object_detection,dropped_oldest,1575,rsg_20260806_102_504900000_001575,dropped,True,fifo_cached_frame,1557,161,0,1394,161,0,1,0.0,116.07430400908925,frame_fifo_full,,,,,,,,,,,,,,,,,,,,,,,,,,,,,,,,,,,,,,,,,,,,,,,,,,,,,,,,
rsg_object_detection,dropped_oldest,1576,rsg_20260806_102_604900000_001576,dropped,True,fifo_cached_frame,1558,161,0,1395,161,0,1,0.0,29.827370002749376,frame_fifo_full,,,,,,,,,,,,,,,,,,,,,,,,,,,,,,,,,,,,,,,,,,,,,,,,,,,,,,,,
rsg_object_detection,dropped_oldest,1577,rsg_20260806_102_654899999_001577,dropped,True,fifo_cached_frame,1559,161,0,1396,161,0,1,0.0,48.904057999607176,frame_fifo_full,,,,,,,,,,,,,,,,,,,,,,,,,,,,,,,,,,,,,,,,,,,,,,,,,,,,,,,,
rsg_object_detection,dropped_oldest,1578,rsg_20260806_102_704899999_001578,dropped,True,fifo_cached_frame,1560,161,0,1397,161,0,1,0.0,104.48877200542483,frame_fifo_full,,,,,,,,,,,,,,,,,,,,,,,,,,,,,,,,,,,,,,,,,,,,,,,,,,,,,,,,
rsg_object_detection,frame_trace,1570,rsg_20260806_102_154899999_001570,sent_to_hydra,,,,,,,,,,,655.9862379945116,ok,10.107608992257155,574.8490129917627,68.9127789955819,0.13606400170829147,68.77671499387361,0.0023040047381073236,2.3271100071724504,0.20137600949965417,332.0087939937366,22.034005989553407,0.009472016245126724,354.2536480090348,118.92752799030859,21.187859994824976,9.522360007395037,51.81903998891357,35.545656006434,50.16927699034568,3.727975985384546,1.1280679900664836,0.36150505184195936,1.4882910036249086,0.5093780055176467,0.00553599966224283,176.3371429988183,5.247629000223242,0.14012800238560885,36.50207500322722,0.041279970901086926,5.51089399959892,4.971212008967996,0.09078500443138182,0.4488969861995429,3.7963929935358465,0.7947539997985587,0.0055679993238300085,2.1145330101717263,7,0,7,0,0,,,,,,,,,,,,,,
rsg_object_detection,dropped_oldest,1580,rsg_20260806_102_854900000_001580,dropped,True,fifo_cached_frame,1562,162,0,1398,162,0,1,0.0,81.41738700214773,frame_fifo_full,,,,,,,,,,,,,,,,,,,,,,,,,,,,,,,,,,,,,,,,,,,,,,,,,,,,,,,,
rsg_object_detection,dropped_oldest,1581,rsg_20260806_102_954899999_001581,dropped,True,fifo_cached_frame,1563,162,0,1399,162,0,1,0.0,50.564798002596945,frame_fifo_full,,,,,,,,,,,,,,,,,,,,,,,,,,,,,,,,,,,,,,,,,,,,,,,,,,,,,,,,
rsg_object_detection,dropped_oldest,1582,rsg_20260806_103_004900000_001582,dropped,True,fifo_cached_frame,1564,162,0,1400,162,0,1,0.0,104.1989450022811,frame_fifo_full,,,,,,,,,,,,,,,,,,,,,,,,,,,,,,,,,,,,,,,,,,,,,,,,,,,,,,,,
rsg_object_detection,dropped_oldest,1583,rsg_20260806_103_104900000_001583,dropped,True,fifo_cached_frame,1565,162,0,1401,162,0,1,0.0,50.03474700788502,frame_fifo_full,,,,,,,,,,,,,,,,,,,,,,,,,,,,,,,,,,,,,,,,,,,,,,,,,,,,,,,,
rsg_object_detection,dropped_oldest,1584,rsg_20260806_103_154899999_001584,dropped,True,fifo_cached_frame,1566,162,0,1402,162,0,1,0.0,265.43898800446186,frame_fifo_full,,,,,,,,,,,,,,,,,,,,,,,,,,,,,,,,,,,,,,,,,,,,,,,,,,,,,,,,
rsg_object_detection,dropped_oldest,1585,rsg_20260806_103_254900000_001585,dropped,True,fifo_cached_frame,1567,162,0,1403,162,0,1,0.0,3.128135998849757,frame_fifo_full,,,,,,,,,,,,,,,,,,,,,,,,,,,,,,,,,,,,,,,,,,,,,,,,,,,,,,,,
rsg_object_detection,dropped_oldest,1586,rsg_20260806_103_354900000_001586,dropped,True,fifo_cached_frame,1568,162,0,1404,163,0,1,0.0,31.37793300265912,frame_fifo_full,,,,,,,,,,,,,,,,,,,,,,,,,,,,,,,,,,,,,,,,,,,,,,,,,,,,,,,,
rsg_object_detection,frame_trace,1579,rsg_20260806_102_804900000_001579,sent_to_hydra,,,,,,,,,,,627.53726200026,ok,15.200902009382844,573.3548559946939,36.79119500156958,0.1296319969696924,36.661563004599884,0.0026240013539791107,2.7846149896504357,1.8341170070925727,326.55642498866655,15.183876996161416,0.008832008461467922,343.583251000382,99.73573297611438,27.690338989486918,5.945167024037801,21.507831013877876,43.82746601186227,83.1700290000299,3.655271983006969,1.2293140171095729,0.3540830221027136,1.5573150012642145,0.25942499632947147,0.005855996278114617,189.98856301186606,3.226568005629815,0.16521599900443107,33.55931499390863,0.04732799425255507,11.121884002932347,10.47234600991942,0.09900900477077812,0.5505289882421494,3.388263998203911,0.6856980035081506,0.005056004738435149,2.1876849932596087,8,0,8,0,0,,,,,,,,,,,,,,
rsg_object_detection,dropped_oldest,1588,rsg_20260806_103_454899999_001588,dropped,True,fifo_cached_frame,1570,163,0,1405,163,0,1,0.0,50.046011005179025,frame_fifo_full,,,,,,,,,,,,,,,,,,,,,,,,,,,,,,,,,,,,,,,,,,,,,,,,,,,,,,,,
rsg_object_detection,dropped_oldest,1589,rsg_20260806_103_504900000_001589,dropped,True,fifo_cached_frame,1571,163,0,1406,163,0,1,0.0,47.984438002458774,frame_fifo_full,,,,,,,,,,,,,,,,,,,,,,,,,,,,,,,,,,,,,,,,,,,,,,,,,,,,,,,,
rsg_object_detection,dropped_oldest,1590,rsg_20260806_103_554900000_001590,dropped,True,fifo_cached_frame,1572,163,0,1407,163,0,1,0.0,90.97347200440709,frame_fifo_full,,,,,,,,,,,,,,,,,,,,,,,,,,,,,,,,,,,,,,,,,,,,,,,,,,,,,,,,
rsg_object_detection,dropped_oldest,1591,rsg_20260806_103_654899999_001591,dropped,True,fifo_cached_frame,1573,163,0,1408,163,0,1,0.0,103.82508800830692,frame_fifo_full,,,,,,,,,,,,,,,,,,,,,,,,,,,,,,,,,,,,,,,,,,,,,,,,,,,,,,,,
rsg_object_detection,dropped_oldest,1592,rsg_20260806_103_754900000_001592,dropped,True,fifo_cached_frame,1574,163,0,1409,163,0,1,0.0,53.426915997988544,frame_fifo_full,,,,,,,,,,,,,,,,,,,,,,,,,,,,,,,,,,,,,,,,,,,,,,,,,,,,,,,,
rsg_object_detection,dropped_oldest,1593,rsg_20260806_103_804900000_001593,dropped,True,fifo_cached_frame,1575,163,0,1410,163,0,1,0.0,151.9560220040148,frame_fifo_full,,,,,,,,,,,,,,,,,,,,,,,,,,,,,,,,,,,,,,,,,,,,,,,,,,,,,,,,
rsg_object_detection,dropped_oldest,1594,rsg_20260806_103_904899999_001594,dropped,True,fifo_cached_frame,1576,163,0,1411,163,0,1,0.0,2.835431005223654,frame_fifo_full,,,,,,,,,,,,,,,,,,,,,,,,,,,,,,,,,,,,,,,,,,,,,,,,,,,,,,,,
rsg_object_detection,frame_trace,1587,rsg_20260806_103_404899999_001587,sent_to_hydra,,,,,,,,,,,573.421185996267,ok,10.10357700579334,556.8208579934435,4.310185991926119,0.16751998919062316,4.142666002735496,0.0025280023692175746,6.019791006110609,0.18793699564412236,271.82213999913074,24.316508002812043,0.007103997631929815,296.33368899521884,128.7652769970009,39.69673698884435,6.1617430474143475,50.92841401346959,31.16314799990505,81.51572100177873,3.855401970213279,0.40016100683715194,1.4481620310107246,1.4609000063501298,0.45580900041386485,0.02380801015533507,217.94437599601224,5.012459994759411,0.18694500613491982,31.280461000278592,0.04313599492888898,5.503117004991509,4.858604006585665,0.12953599798493087,0.5149770004209131,3.5926169948652387,1.0013790015364066,0.006464004400186241,2.18403700273484,8,0,8,0,0,,,,,,,,,,,,,,
rsg_object_detection,dropped_oldest,1596,rsg_20260806_104_054900000_001596,dropped,True,fifo_cached_frame,1578,164,0,1412,164,0,1,0.0,47.7218120067846,frame_fifo_full,,,,,,,,,,,,,,,,,,,,,,,,,,,,,,,,,,,,,,,,,,,,,,,,,,,,,,,,
rsg_object_detection,dropped_oldest,1597,rsg_20260806_104_104900000_001597,dropped,True,fifo_cached_frame,1579,164,0,1413,164,0,1,0.0,48.24210099468473,frame_fifo_full,,,,,,,,,,,,,,,,,,,,,,,,,,,,,,,,,,,,,,,,,,,,,,,,,,,,,,,,
rsg_object_detection,dropped_oldest,1598,rsg_20260806_104_154899999_001598,dropped,True,fifo_cached_frame,1580,164,0,1414,164,0,1,0.0,103.36620299494825,frame_fifo_full,,,,,,,,,,,,,,,,,,,,,,,,,,,,,,,,,,,,,,,,,,,,,,,,,,,,,,,,
rsg_object_detection,dropped_oldest,1599,rsg_20260806_104_254900000_001599,dropped,True,fifo_cached_frame,1581,164,0,1415,164,0,1,0.0,50.533978996099904,frame_fifo_full,,,,,,,,,,,,,,,,,,,,,,,,,,,,,,,,,,,,,,,,,,,,,,,,,,,,,,,,
rsg_object_detection,dropped_oldest,1600,rsg_20260806_104_304900000_001600,dropped,True,fifo_cached_frame,1582,164,0,1416,164,0,1,0.0,49.920217992621474,frame_fifo_full,,,,,,,,,,,,,,,,,,,,,,,,,,,,,,,,,,,,,,,,,,,,,,,,,,,,,,,,
rsg_object_detection,dropped_oldest,1601,rsg_20260806_104_354900000_001601,dropped,True,fifo_cached_frame,1583,164,0,1417,164,0,1,0.0,49.60028000641614,frame_fifo_full,,,,,,,,,,,,,,,,,,,,,,,,,,,,,,,,,,,,,,,,,,,,,,,,,,,,,,,,
rsg_object_detection,dropped_oldest,1602,rsg_20260806_104_404899999_001602,dropped,True,fifo_cached_frame,1584,164,0,1418,164,0,1,0.0,50.87401201308239,frame_fifo_full,,,,,,,,,,,,,,,,,,,,,,,,,,,,,,,,,,,,,,,,,,,,,,,,,,,,,,,,
rsg_object_detection,dropped_oldest,1603,rsg_20260806_104_454899999_001603,dropped,True,fifo_cached_frame,1585,164,0,1419,164,0,1,0.0,49.40463200910017,frame_fifo_full,,,,,,,,,,,,,,,,,,,,,,,,,,,,,,,,,,,,,,,,,,,,,,,,,,,,,,,,
rsg_object_detection,dropped_oldest,1604,rsg_20260806_104_504900000_001604,dropped,True,fifo_cached_frame,1586,164,0,1420,164,0,1,0.0,71.48756600508932,frame_fifo_full,,,,,,,,,,,,,,,,,,,,,,,,,,,,,,,,,,,,,,,,,,,,,,,,,,,,,,,,
rsg_object_detection,dropped_oldest,1605,rsg_20260806_104_554900000_001605,dropped,True,fifo_cached_frame,1587,164,0,1421,164,0,1,0.0,23.888314011855982,frame_fifo_full,,,,,,,,,,,,,,,,,,,,,,,,,,,,,,,,,,,,,,,,,,,,,,,,,,,,,,,,
rsg_object_detection,dropped_oldest,1606,rsg_20260806_104_604900000_001606,dropped,True,fifo_cached_frame,1588,164,0,1422,164,0,1,0.0,52.37820699403528,frame_fifo_full,,,,,,,,,,,,,,,,,,,,,,,,,,,,,,,,,,,,,,,,,,,,,,,,,,,,,,,,
rsg_object_detection,frame_trace,1595,rsg_20260806_103_954899999_001595,sent_to_hydra,,,,,,,,,,,699.1059579886496,ok,14.202817998011597,594.531270005973,87.8297199960798,0.1254719973076135,87.70424799877219,0.00598400947637856,6.924561006599106,0.9854420059127733,313.38649000099394,23.074712007655762,0.009439987479709089,337.4560840020422,130.12847599748056,20.260784003767185,20.639219001168385,56.273064998094924,32.230735014309175,77.08165999792982,3.823656981694512,0.3884489997290075,0.3364820295246318,1.3708829937968403,0.2810890000546351,0.00723199627827853,213.43725599581376,4.208297992590815,0.13929599663242698,32.31783899536822,0.047936016926541924,9.89391200710088,9.25701399683021,0.09292799222748727,0.5439700180431828,3.608808998251334,0.6957450095796958,0.004351983079686761,2.536165979108773,8,0,8,0,0,,,,,,,,,,,,,,
rsg_object_detection,dropped_oldest,1608,rsg_20260806_104_704899999_001608,dropped,True,fifo_cached_frame,1590,165,0,1423,165,0,1,0.0,51.00521299755201,frame_fifo_full,,,,,,,,,,,,,,,,,,,,,,,,,,,,,,,,,,,,,,,,,,,,,,,,,,,,,,,,
rsg_object_detection,dropped_oldest,1609,rsg_20260806_104_754900000_001609,dropped,True,fifo_cached_frame,1591,165,0,1424,165,0,1,0.0,49.47890499897767,frame_fifo_full,,,,,,,,,,,,,,,,,,,,,,,,,,,,,,,,,,,,,,,,,,,,,,,,,,,,,,,,
rsg_object_detection,dropped_oldest,1610,rsg_20260806_104_804900000_001610,dropped,True,fifo_cached_frame,1592,165,0,1425,165,0,1,0.0,52.0688950055046,frame_fifo_full,,,,,,,,,,,,,,,,,,,,,,,,,,,,,,,,,,,,,,,,,,,,,,,,,,,,,,,,
rsg_object_detection,dropped_oldest,1611,rsg_20260806_104_854900000_001611,dropped,True,fifo_cached_frame,1593,165,0,1426,165,0,1,0.0,52.631008002208546,frame_fifo_full,,,,,,,,,,,,,,,,,,,,,,,,,,,,,,,,,,,,,,,,,,,,,,,,,,,,,,,,
rsg_object_detection,dropped_oldest,1612,rsg_20260806_104_904899999_001612,dropped,True,fifo_cached_frame,1594,165,0,1427,165,0,1,0.0,50.049817000399344,frame_fifo_full,,,,,,,,,,,,,,,,,,,,,,,,,,,,,,,,,,,,,,,,,,,,,,,,,,,,,,,,
rsg_object_detection,dropped_oldest,1613,rsg_20260806_104_954899999_001613,dropped,True,fifo_cached_frame,1595,165,0,1428,165,0,1,0.0,50.6420750025427,frame_fifo_full,,,,,,,,,,,,,,,,,,,,,,,,,,,,,,,,,,,,,,,,,,,,,,,,,,,,,,,,
rsg_object_detection,dropped_oldest,1614,rsg_20260806_105_004900000_001614,dropped,True,fifo_cached_frame,1596,165,0,1429,165,0,1,0.0,53.810466997674666,frame_fifo_full,,,,,,,,,,,,,,,,,,,,,,,,,,,,,,,,,,,,,,,,,,,,,,,,,,,,,,,,
rsg_object_detection,dropped_oldest,1615,rsg_20260806_105_054900000_001615,dropped,True,fifo_cached_frame,1597,165,0,1430,165,0,1,0.0,43.29620000498835,frame_fifo_full,,,,,,,,,,,,,,,,,,,,,,,,,,,,,,,,,,,,,,,,,,,,,,,,,,,,,,,,
rsg_object_detection,dropped_oldest,1616,rsg_20260806_105_104900000_001616,dropped,True,fifo_cached_frame,1598,165,0,1431,165,0,1,0.0,47.65121900709346,frame_fifo_full,,,,,,,,,,,,,,,,,,,,,,,,,,,,,,,,,,,,,,,,,,,,,,,,,,,,,,,,
rsg_object_detection,frame_trace,1607,rsg_20260806_104_654899999_001607,sent_to_hydra,,,,,,,,,,,535.3168510046089,ok,9.643128010793589,492.07261799892876,31.69476499897428,0.1775050041032955,31.517259994870983,0.00214400643017143,1.062690993421711,0.21414499497041106,296.4432489970932,19.003021996468306,0.0065280182752758265,315.66694400680717,88.49365398054942,22.291894027148373,6.372655014274642,33.207920016138814,25.68275098747108,47.442833994864486,3.941384988138452,0.619745027506724,0.356578006176278,1.6920680063776672,0.2708489919314161,0.008032002369873226,142.84556100028567,8.454739989247173,0.12739200610667467,23.87266600271687,0.04262400034349412,4.800300011993386,4.154217996983789,0.09049600339494646,0.5555860116146505,4.012778008473106,0.8238420123234391,0.006207978003658354,1.9041959894821048,8,0,8,0,0,,,,,,,,,,,,,,
rsg_object_detection,dropped_oldest,1618,rsg_20260806_105_204899999_001618,dropped,True,fifo_cached_frame,1600,166,0,1432,166,0,1,0.0,94.63328401034232,frame_fifo_full,,,,,,,,,,,,,,,,,,,,,,,,,,,,,,,,,,,,,,,,,,,,,,,,,,,,,,,,
rsg_object_detection,dropped_oldest,1619,rsg_20260806_105_304900000_001619,dropped,True,fifo_cached_frame,1601,166,0,1433,166,0,1,0.0,46.61576000216883,frame_fifo_full,,,,,,,,,,,,,,,,,,,,,,,,,,,,,,,,,,,,,,,,,,,,,,,,,,,,,,,,
rsg_object_detection,dropped_oldest,1620,rsg_20260806_105_354900000_001620,dropped,True,fifo_cached_frame,1602,166,0,1434,166,0,1,0.0,51.99257300409954,frame_fifo_full,,,,,,,,,,,,,,,,,,,,,,,,,,,,,,,,,,,,,,,,,,,,,,,,,,,,,,,,
rsg_object_detection,dropped_oldest,1621,rsg_20260806_105_404899999_001621,dropped,True,fifo_cached_frame,1603,166,0,1435,166,0,1,0.0,51.688827996258624,frame_fifo_full,,,,,,,,,,,,,,,,,,,,,,,,,,,,,,,,,,,,,,,,,,,,,,,,,,,,,,,,
rsg_object_detection,dropped_oldest,1622,rsg_20260806_105_454899999_001622,dropped,True,fifo_cached_frame,1604,166,0,1436,166,0,1,0.0,49.38712599687278,frame_fifo_full,,,,,,,,,,,,,,,,,,,,,,,,,,,,,,,,,,,,,,,,,,,,,,,,,,,,,,,,
rsg_object_detection,dropped_oldest,1623,rsg_20260806_105_504900000_001623,dropped,True,fifo_cached_frame,1605,166,0,1437,166,0,1,0.0,64.08825000107754,frame_fifo_full,,,,,,,,,,,,,,,,,,,,,,,,,,,,,,,,,,,,,,,,,,,,,,,,,,,,,,,,
rsg_object_detection,dropped_oldest,1624,rsg_20260806_105_554900000_001624,dropped,True,fifo_cached_frame,1606,166,0,1438,166,0,1,0.0,41.47997200198006,frame_fifo_full,,,,,,,,,,,,,,,,,,,,,,,,,,,,,,,,,,,,,,,,,,,,,,,,,,,,,,,,
rsg_object_detection,dropped_oldest,1625,rsg_20260806_105_604900000_001625,dropped,True,fifo_cached_frame,1607,166,0,1439,166,0,1,0.0,169.26277500169817,frame_fifo_full,,,,,,,,,,,,,,,,,,,,,,,,,,,,,,,,,,,,,,,,,,,,,,,,,,,,,,,,
rsg_object_detection,frame_trace,1617,rsg_20260806_105_154899999_001617,sent_to_hydra,,,,,,,,,,,636.4895629958482,ok,12.306046002777293,566.5939390019048,55.26192499382887,0.1228159962920472,55.13910899753682,0.002368004061281681,5.256877004285343,0.20499200036283582,294.5534449972911,27.93328301049769,0.007423994247801602,322.6991440023994,151.0963000037009,19.68584100541193,6.742032026522793,78.0842840031255,45.83991799154319,45.45594900264405,3.452902994467877,0.647937020403333,0.33964998146984726,1.4277159934863448,0.23097600205801427,0.005855996278114617,202.67511100973934,3.219944002921693,0.1479050115449354,32.54817400011234,0.04678397090174258,7.962036004755646,7.347057995502837,0.0959679891820997,0.5190100200707093,3.603208009735681,0.7358099974226207,0.004991990863345563,2.325284993276,8,0,8,0,0,,,,,,,,,,,,,,
rsg_object_detection,,587,rsg_20260806_44_154879999_000587,vlm_done,,,,,,,,,,,,ok,,,,,,,,,,,,,,,,,,,,,,,,,,,,,,,,,,,,,,,,,,,rsg_obj_000060,rsg_unknown_rsg_20260806_44_154879999_000587_000_nanosam_001,,,5,0.5404250041419053,ceiling_light,0.98,static,0.99,5047.325759005616,58334.384021989536,qwen_http,Qwen3-VL-8B-Instruct-GGUF
rsg_object_detection,completed,587,rsg_20260806_44_154879999_000587,,,,,,,,,,,53287.05643898866,,vlm_done,,,,,,,,,,,,,,,,,,,,,,,,,,,,,,,,,,,,,,,,,,,rsg_obj_000060,rsg_unknown_rsg_20260806_44_154879999_000587_000_nanosam_001,50,300,5,0.5404250041419053,,,,,,,,
rsg_object_detection,dropped_oldest,1627,rsg_20260806_105_804900000_001627,dropped,True,fifo_cached_frame,1609,167,0,1440,167,0,1,0.0,51.07337099616416,frame_fifo_full,,,,,,,,,,,,,,,,,,,,,,,,,,,,,,,,,,,,,,,,,,,,,,,,,,,,,,,,
rsg_object_detection,dropped_oldest,1628,rsg_20260806_105_854900000_001628,dropped,True,fifo_cached_frame,1610,167,0,1441,167,0,1,0.0,36.81292101100553,frame_fifo_full,,,,,,,,,,,,,,,,,,,,,,,,,,,,,,,,,,,,,,,,,,,,,,,,,,,,,,,,
rsg_object_detection,dequeued,561,rsg_20260806_42_454880000_000561,,,,,,,,,,,56944.59191799979,,fifo_order,,,,,,,,,,,,,,,,,,,,,,,,,,,,,,,,,,,,,,,,,,,rsg_obj_000064,rsg_unknown_rsg_20260806_42_454880000_000561_005_nanosam_007,49,300,1,0.7003926903574403,,,,,,,,
rsg_object_detection,dropped_oldest,1629,rsg_20260806_105_904899999_001629,dropped,True,fifo_cached_frame,1611,167,0,1442,167,0,1,0.0,48.928853997495025,frame_fifo_full,,,,,,,,,,,,,,,,,,,,,,,,,,,,,,,,,,,,,,,,,,,,,,,,,,,,,,,,
rsg_object_detection,dropped_oldest,1630,rsg_20260806_105_954899999_001630,dropped,True,fifo_cached_frame,1612,167,0,1443,167,0,1,0.0,51.14671499177348,frame_fifo_full,,,,,,,,,,,,,,,,,,,,,,,,,,,,,,,,,,,,,,,,,,,,,,,,,,,,,,,,
rsg_object_detection,dropped_oldest,1631,rsg_20260806_106_004900000_001631,dropped,True,fifo_cached_frame,1613,167,0,1444,167,0,1,0.0,78.88166100019589,frame_fifo_full,,,,,,,,,,,,,,,,,,,,,,,,,,,,,,,,,,,,,,,,,,,,,,,,,,,,,,,,
rsg_object_detection,dropped_oldest,1632,rsg_20260806_106_054900000_001632,dropped,True,fifo_cached_frame,1614,167,0,1445,167,0,1,0.0,22.542452992638573,frame_fifo_full,,,,,,,,,,,,,,,,,,,,,,,,,,,,,,,,,,,,,,,,,,,,,,,,,,,,,,,,
rsg_object_detection,dropped_oldest,1633,rsg_20260806_106_104900000_001633,dropped,True,fifo_cached_frame,1615,167,0,1446,167,0,1,0.0,57.4458970077103,frame_fifo_full,,,,,,,,,,,,,,,,,,,,,,,,,,,,,,,,,,,,,,,,,,,,,,,,,,,,,,,,
rsg_object_detection,frame_trace,1626,rsg_20260806_105_754900000_001626,sent_to_hydra,,,,,,,,,,,392.01207499718294,ok,14.388322000741027,344.40175400231965,31.08103400154505,0.13024000509176403,30.950793996453285,0.004607994924299419,8.02510799258016,0.2118720003636554,153.0612959904829,14.91030800389126,0.006848000339232385,168.19032399507705,60.15864101937041,16.78592800453771,3.5470159928081557,23.85509699524846,15.27331696706824,65.99231700238306,3.529288020217791,0.6481929885922,0.31388997740577906,1.3711710053030401,0.36835300852544606,0.004351997631601989,132.4034209974343,5.692302001989447,0.12646400136873126,29.920615008450113,0.04352000541985035,9.910647990182042,9.303125989390537,0.09539199527353048,0.5121300055179745,3.632295993156731,0.8396499906666577,0.005728026735596359,2.1363569976529106,8,0,8,0,0,,,,,,,,,,,,,,
rsg_object_detection,dropped_oldest,1635,rsg_20260806_106_204899999_001635,dropped,True,fifo_cached_frame,1617,168,0,1447,168,0,1,0.0,52.14866899768822,frame_fifo_full,,,,,,,,,,,,,,,,,,,,,,,,,,,,,,,,,,,,,,,,,,,,,,,,,,,,,,,,
rsg_object_detection,dropped_oldest,1636,rsg_20260806_106_254900000_001636,dropped,True,fifo_cached_frame,1618,168,0,1448,168,0,1,0.0,48.4702920075506,frame_fifo_full,,,,,,,,,,,,,,,,,,,,,,,,,,,,,,,,,,,,,,,,,,,,,,,,,,,,,,,,
rsg_object_detection,dropped_oldest,1637,rsg_20260806_106_304900000_001637,dropped,True,fifo_cached_frame,1619,168,0,1449,168,0,1,0.0,48.44558800687082,frame_fifo_full,,,,,,,,,,,,,,,,,,,,,,,,,,,,,,,,,,,,,,,,,,,,,,,,,,,,,,,,
rsg_object_detection,dropped_oldest,1638,rsg_20260806_106_354900000_001638,dropped,True,fifo_cached_frame,1620,168,0,1450,168,0,1,0.0,50.26498400548007,frame_fifo_full,,,,,,,,,,,,,,,,,,,,,,,,,,,,,,,,,,,,,,,,,,,,,,,,,,,,,,,,
rsg_object_detection,dropped_oldest,1639,rsg_20260806_106_404899999_001639,dropped,True,fifo_cached_frame,1621,168,0,1451,168,0,1,0.0,54.14323299191892,frame_fifo_full,,,,,,,,,,,,,,,,,,,,,,,,,,,,,,,,,,,,,,,,,,,,,,,,,,,,,,,,
rsg_object_detection,dropped_oldest,1640,rsg_20260806_106_454899999_001640,dropped,True,fifo_cached_frame,1622,168,0,1452,168,0,1,0.0,48.412788004498,frame_fifo_full,,,,,,,,,,,,,,,,,,,,,,,,,,,,,,,,,,,,,,,,,,,,,,,,,,,,,,,,
rsg_object_detection,dropped_oldest,1641,rsg_20260806_106_504900000_001641,dropped,True,fifo_cached_frame,1623,168,0,1453,168,0,1,0.0,53.31615899922326,frame_fifo_full,,,,,,,,,,,,,,,,,,,,,,,,,,,,,,,,,,,,,,,,,,,,,,,,,,,,,,,,
rsg_object_detection,dropped_oldest,1642,rsg_20260806_106_554900000_001642,dropped,True,fifo_cached_frame,1624,168,0,1454,168,0,1,0.0,54.38166500243824,frame_fifo_full,,,,,,,,,,,,,,,,,,,,,,,,,,,,,,,,,,,,,,,,,,,,,,,,,,,,,,,,
rsg_object_detection,dropped_oldest,1643,rsg_20260806_106_604900000_001643,dropped,True,fifo_cached_frame,1625,168,0,1455,168,0,1,0.0,70.6986320001306,frame_fifo_full,,,,,,,,,,,,,,,,,,,,,,,,,,,,,,,,,,,,,,,,,,,,,,,,,,,,,,,,
rsg_object_detection,dropped_oldest,1644,rsg_20260806_106_654899999_001644,dropped,True,fifo_cached_frame,1626,168,0,1456,168,0,1,0.0,19.164174009347335,frame_fifo_full,,,,,,,,,,,,,,,,,,,,,,,,,,,,,,,,,,,,,,,,,,,,,,,,,,,,,,,,
rsg_object_detection,dropped_oldest,1645,rsg_20260806_106_704899999_001645,dropped,True,fifo_cached_frame,1627,168,0,1457,168,0,1,0.0,57.89572199864779,frame_fifo_full,,,,,,,,,,,,,,,,,,,,,,,,,,,,,,,,,,,,,,,,,,,,,,,,,,,,,,,,
rsg_object_detection,frame_trace,1634,rsg_20260806_106_154899999_001634,sent_to_hydra,,,,,,,,,,,609.1148250125116,ok,14.158785008476116,558.4510569897247,33.95300901320297,0.1260490098502487,33.826960003352724,0.0027839996619150043,3.343271993799135,0.1843210047809407,296.78441799478605,22.311829001409933,0.006496004061773419,319.2870640050387,106.2145889736712,28.418787973350845,5.695951011148281,47.98926298099104,21.942100996966474,82.58307600044645,5.413069986389019,0.820866014692001,0.33049602643586695,1.3560990046244115,0.42307299736421555,0.006432004738599062,197.16462898941245,5.978797998977825,0.18387299496680498,32.44740499940235,0.046016008127480745,9.739735003677197,8.98149301065132,0.10332799865864217,0.6549139943672344,3.700136992847547,0.7134729967219755,0.005440015229396522,2.5491900014458224,8,0,8,0,0,,,,,,,,,,,,,,
rsg_object_detection,dropped_oldest,1647,rsg_20260806_106_804900000_001647,dropped,True,fifo_cached_frame,1629,169,0,1458,169,0,1,0.0,48.875155989662744,frame_fifo_full,,,,,,,,,,,,,,,,,,,,,,,,,,,,,,,,,,,,,,,,,,,,,,,,,,,,,,,,
rsg_object_detection,dropped_oldest,1648,rsg_20260806_106_854900000_001648,dropped,True,fifo_cached_frame,1630,169,0,1459,169,0,1,0.0,48.82520399405621,frame_fifo_full,,,,,,,,,,,,,,,,,,,,,,,,,,,,,,,,,,,,,,,,,,,,,,,,,,,,,,,,
rsg_object_detection,dropped_oldest,1649,rsg_20260806_106_904899999_001649,dropped,True,fifo_cached_frame,1631,169,0,1460,169,0,1,0.0,105.12796200055163,frame_fifo_full,,,,,,,,,,,,,,,,,,,,,,,,,,,,,,,,,,,,,,,,,,,,,,,,,,,,,,,,
rsg_object_detection,dropped_oldest,1650,rsg_20260806_107_004900000_001650,dropped,True,fifo_cached_frame,1632,169,0,1461,169,0,1,0.0,50.358871012576856,frame_fifo_full,,,,,,,,,,,,,,,,,,,,,,,,,,,,,,,,,,,,,,,,,,,,,,,,,,,,,,,,
rsg_object_detection,dropped_oldest,1651,rsg_20260806_107_054900000_001651,dropped,True,fifo_cached_frame,1633,169,0,1462,169,0,1,0.0,47.61646399856545,frame_fifo_full,,,,,,,,,,,,,,,,,,,,,,,,,,,,,,,,,,,,,,,,,,,,,,,,,,,,,,,,
rsg_object_detection,dropped_oldest,1652,rsg_20260806_107_104900000_001652,dropped,True,fifo_cached_frame,1634,169,0,1463,169,0,1,0.0,65.34239399479702,frame_fifo_full,,,,,,,,,,,,,,,,,,,,,,,,,,,,,,,,,,,,,,,,,,,,,,,,,,,,,,,,
rsg_object_detection,dropped_oldest,1653,rsg_20260806_107_154899999_001653,dropped,True,fifo_cached_frame,1635,169,0,1464,169,0,1,0.0,69.15344300796278,frame_fifo_full,,,,,,,,,,,,,,,,,,,,,,,,,,,,,,,,,,,,,,,,,,,,,,,,,,,,,,,,
rsg_object_detection,dropped_oldest,1654,rsg_20260806_107_204899999_001654,dropped,True,fifo_cached_frame,1636,169,0,1465,169,0,1,0.0,34.048207991872914,frame_fifo_full,,,,,,,,,,,,,,,,,,,,,,,,,,,,,,,,,,,,,,,,,,,,,,,,,,,,,,,,
rsg_object_detection,dropped_oldest,1655,rsg_20260806_107_254900000_001655,dropped,True,fifo_cached_frame,1637,169,0,1466,169,0,1,0.0,51.94965799455531,frame_fifo_full,,,,,,,,,,,,,,,,,,,,,,,,,,,,,,,,,,,,,,,,,,,,,,,,,,,,,,,,
rsg_object_detection,frame_trace,1646,rsg_20260806_106_754900000_001646,sent_to_hydra,,,,,,,,,,,577.1082769933855,ok,17.16007199138403,523.8454630016349,33.55998400365934,0.14697600272484124,33.4130080009345,0.0022400054149329662,3.3158479927806184,0.21859200205653906,311.14573100057896,22.926357996766455,0.007872004061937332,334.2985530034639,71.38343203405384,17.32352902763523,5.111819977173582,27.547744975890964,20.80401699640788,64.07474300067406,3.7007130158599466,4.890762967988849,0.356256976374425,1.4065309951547533,0.3822089929599315,0.005279987817630172,146.21656799863558,4.816683009266853,0.15148900274652988,35.002929987967946,0.043392006773501635,12.73353400756605,12.029980003717355,0.10972800373565406,0.5938260001130402,3.4876240097219124,0.9336660004919395,0.005247973604127765,2.5405179912922904,8,0,8,0,0,,,,,,,,,,,,,,
rsg_object_detection,dropped_oldest,1657,rsg_20260806_107_404899999_001657,dropped,True,fifo_cached_frame,1639,170,0,1467,170,0,1,0.0,93.78582099452615,frame_fifo_full,,,,,,,,,,,,,,,,,,,,,,,,,,,,,,,,,,,,,,,,,,,,,,,,,,,,,,,,
rsg_object_detection,dropped_oldest,1658,rsg_20260806_107_504900000_001658,dropped,True,fifo_cached_frame,1640,170,0,1468,170,0,1,0.0,48.89230699336622,frame_fifo_full,,,,,,,,,,,,,,,,,,,,,,,,,,,,,,,,,,,,,,,,,,,,,,,,,,,,,,,,
rsg_object_detection,dropped_oldest,1659,rsg_20260806_107_554900000_001659,dropped,True,fifo_cached_frame,1641,170,0,1469,170,0,1,0.0,52.72188399976585,frame_fifo_full,,,,,,,,,,,,,,,,,,,,,,,,,,,,,,,,,,,,,,,,,,,,,,,,,,,,,,,,
rsg_object_detection,dropped_oldest,1660,rsg_20260806_107_604900000_001660,dropped,True,fifo_cached_frame,1642,170,0,1470,170,0,1,0.0,50.630006997380406,frame_fifo_full,,,,,,,,,,,,,,,,,,,,,,,,,,,,,,,,,,,,,,,,,,,,,,,,,,,,,,,,
rsg_object_detection,dropped_oldest,1661,rsg_20260806_107_654899999_001661,dropped,True,fifo_cached_frame,1643,170,0,1471,170,0,1,0.0,95.05484800320119,frame_fifo_full,,,,,,,,,,,,,,,,,,,,,,,,,,,,,,,,,,,,,,,,,,,,,,,,,,,,,,,,
rsg_object_detection,dropped_oldest,1662,rsg_20260806_107_754900000_001662,dropped,True,fifo_cached_frame,1644,170,0,1472,170,0,1,0.0,68.96416199742816,frame_fifo_full,,,,,,,,,,,,,,,,,,,,,,,,,,,,,,,,,,,,,,,,,,,,,,,,,,,,,,,,
rsg_object_detection,dropped_oldest,1663,rsg_20260806_107_804900000_001663,dropped,True,fifo_cached_frame,1645,170,0,1473,170,0,1,0.0,42.70528399501927,frame_fifo_full,,,,,,,,,,,,,,,,,,,,,,,,,,,,,,,,,,,,,,,,,,,,,,,,,,,,,,,,
rsg_object_detection,dropped_oldest,1664,rsg_20260806_107_854900000_001664,dropped,True,fifo_cached_frame,1646,170,0,1474,170,0,1,0.0,68.18489600846078,frame_fifo_full,,,,,,,,,,,,,,,,,,,,,,,,,,,,,,,,,,,,,,,,,,,,,,,,,,,,,,,,
rsg_object_detection,frame_trace,1656,rsg_20260806_107_304900000_001656,sent_to_hydra,,,,,,,,,,,619.1501280118246,ok,14.510977998725139,564.4251360063208,37.86712900910061,0.19065600645262748,37.67647300264798,0.0024320033844560385,1.3599070080090314,0.25033700512722135,308.67186200339347,24.63397799874656,0.006656002369709313,333.56283300963696,104.77237400482409,39.31647700665053,5.696589985745959,36.75566900346894,22.267990018008277,80.35602900781669,3.6330319853732362,1.3812839897582307,0.3703690163092688,1.4760350022697821,0.3898249997291714,0.005247988156042993,192.4014440010069,4.654378994018771,0.17059298988897353,32.23418799461797,0.04179200914222747,9.514613993815146,8.840916998451576,0.09590398985892534,0.5777930055046454,4.134505987167358,0.8557139954064041,0.006144022336229682,2.3444529942935333,8,0,8,0,0,,,,,,,,,,,,,,
rsg_object_detection,dropped_oldest,1666,rsg_20260806_107_954899999_001666,dropped,True,fifo_cached_frame,1648,171,0,1475,171,0,1,0.0,33.31611001340207,frame_fifo_full,,,,,,,,,,,,,,,,,,,,,,,,,,,,,,,,,,,,,,,,,,,,,,,,,,,,,,,,
rsg_object_detection,dropped_oldest,1667,rsg_20260806_108_004900000_001667,dropped,True,fifo_cached_frame,1649,171,0,1476,171,0,1,0.0,48.61368199635763,frame_fifo_full,,,,,,,,,,,,,,,,,,,,,,,,,,,,,,,,,,,,,,,,,,,,,,,,,,,,,,,,
rsg_object_detection,dropped_oldest,1668,rsg_20260806_108_054900000_001668,dropped,True,fifo_cached_frame,1650,171,0,1477,171,0,1,0.0,50.39019700780045,frame_fifo_full,,,,,,,,,,,,,,,,,,,,,,,,,,,,,,,,,,,,,,,,,,,,,,,,,,,,,,,,
rsg_object_detection,dropped_oldest,1669,rsg_20260806_108_104900000_001669,dropped,True,fifo_cached_frame,1651,171,0,1478,171,0,1,0.0,53.8632929965388,frame_fifo_full,,,,,,,,,,,,,,,,,,,,,,,,,,,,,,,,,,,,,,,,,,,,,,,,,,,,,,,,
rsg_object_detection,dropped_oldest,1670,rsg_20260806_108_154899999_001670,dropped,True,fifo_cached_frame,1652,171,0,1479,171,0,1,0.0,51.2450149981305,frame_fifo_full,,,,,,,,,,,,,,,,,,,,,,,,,,,,,,,,,,,,,,,,,,,,,,,,,,,,,,,,
rsg_object_detection,dropped_oldest,1671,rsg_20260806_108_204899999_001671,dropped,True,fifo_cached_frame,1653,171,0,1480,171,0,1,0.0,47.621742996852845,frame_fifo_full,,,,,,,,,,,,,,,,,,,,,,,,,,,,,,,,,,,,,,,,,,,,,,,,,,,,,,,,
rsg_object_detection,dropped_oldest,1672,rsg_20260806_108_254900000_001672,dropped,True,fifo_cached_frame,1654,171,0,1481,171,0,1,0.0,109.5605099981185,frame_fifo_full,,,,,,,,,,,,,,,,,,,,,,,,,,,,,,,,,,,,,,,,,,,,,,,,,,,,,,,,
rsg_object_detection,dropped_oldest,1673,rsg_20260806_108_354900000_001673,dropped,True,fifo_cached_frame,1655,171,0,1482,171,0,1,0.0,145.0990580051439,frame_fifo_full,,,,,,,,,,,,,,,,,,,,,,,,,,,,,,,,,,,,,,,,,,,,,,,,,,,,,,,,
rsg_object_detection,dropped_oldest,1674,rsg_20260806_108_404899999_001674,dropped,True,fifo_cached_frame,1656,171,0,1483,171,0,1,0.0,7.758257997920737,frame_fifo_full,,,,,,,,,,,,,,,,,,,,,,,,,,,,,,,,,,,,,,,,,,,,,,,,,,,,,,,,
rsg_object_detection,dropped_oldest,1675,rsg_20260806_108_504900000_001675,dropped,True,fifo_cached_frame,1657,171,0,1484,171,0,1,0.0,51.04952699912246,frame_fifo_full,,,,,,,,,,,,,,,,,,,,,,,,,,,,,,,,,,,,,,,,,,,,,,,,,,,,,,,,
rsg_object_detection,dropped_oldest,1676,rsg_20260806_108_554900000_001676,dropped,True,fifo_cached_frame,1658,171,0,1485,172,0,1,0.0,36.31003601185512,frame_fifo_full,,,,,,,,,,,,,,,,,,,,,,,,,,,,,,,,,,,,,,,,,,,,,,,,,,,,,,,,
rsg_object_detection,frame_trace,1665,rsg_20260806_107_904899999_001665,sent_to_hydra,,,,,,,,,,,647.2987250017468,ok,14.319522000732832,594.9067939945962,35.33569899445865,0.13731200306210667,35.198386991396546,0.002943997969850898,5.183627989026718,0.22659299429506063,316.3942419923842,24.13973600778263,0.008224000339396298,340.7687949948013,113.76554501475766,23.795895001967438,21.93557300779503,35.07070399064105,32.288491987856105,77.2861000004923,7.00574200891424,1.2682610104093328,0.3644169628387317,1.308386999880895,0.3482890024315566,0.004383997293189168,201.36872500006575,10.431319999042898,0.16166400746442378,36.9484060065588,0.04425599763635546,9.594230999937281,8.9635409967741,0.09798500104807317,0.5327050021151081,4.003624999313615,0.716929993359372,0.004736008122563362,2.733766013989225,8,0,8,0,0,,,,,,,,,,,,,,
rsg_object_detection,dropped_oldest,1678,rsg_20260806_108_654899999_001678,dropped,True,fifo_cached_frame,1660,172,0,1486,172,0,1,0.0,6.79291199776344,frame_fifo_full,,,,,,,,,,,,,,,,,,,,,,,,,,,,,,,,,,,,,,,,,,,,,,,,,,,,,,,,
rsg_object_detection,dropped_oldest,1679,rsg_20260806_108_704899999_001679,dropped,True,fifo_cached_frame,1661,172,0,1487,172,0,1,0.0,38.07452000910416,frame_fifo_full,,,,,,,,,,,,,,,,,,,,,,,,,,,,,,,,,,,,,,,,,,,,,,,,,,,,,,,,
rsg_object_detection,dropped_oldest,1680,rsg_20260806_108_754900000_001680,dropped,True,fifo_cached_frame,1662,172,0,1488,172,0,1,0.0,101.68961199815385,frame_fifo_full,,,,,,,,,,,,,,,,,,,,,,,,,,,,,,,,,,,,,,,,,,,,,,,,,,,,,,,,
rsg_object_detection,dropped_oldest,1681,rsg_20260806_108_854900000_001681,dropped,True,fifo_cached_frame,1663,172,0,1489,172,0,1,0.0,47.090028994716704,frame_fifo_full,,,,,,,,,,,,,,,,,,,,,,,,,,,,,,,,,,,,,,,,,,,,,,,,,,,,,,,,
rsg_object_detection,dropped_oldest,1682,rsg_20260806_108_904899999_001682,dropped,True,fifo_cached_frame,1664,172,0,1490,172,0,1,0.0,67.07925999944564,frame_fifo_full,,,,,,,,,,,,,,,,,,,,,,,,,,,,,,,,,,,,,,,,,,,,,,,,,,,,,,,,
rsg_object_detection,dropped_oldest,1683,rsg_20260806_108_954899999_001683,dropped,True,fifo_cached_frame,1665,172,0,1491,172,0,1,0.0,37.845016006031074,frame_fifo_full,,,,,,,,,,,,,,,,,,,,,,,,,,,,,,,,,,,,,,,,,,,,,,,,,,,,,,,,
rsg_object_detection,dropped_oldest,1684,rsg_20260806_109_004900000_001684,dropped,True,fifo_cached_frame,1666,172,0,1492,172,0,1,0.0,118.40180899889674,frame_fifo_full,,,,,,,,,,,,,,,,,,,,,,,,,,,,,,,,,,,,,,,,,,,,,,,,,,,,,,,,
rsg_object_detection,dropped_oldest,1685,rsg_20260806_109_104900000_001685,dropped,True,fifo_cached_frame,1667,172,0,1493,172,0,1,0.0,55.343134998111054,frame_fifo_full,,,,,,,,,,,,,,,,,,,,,,,,,,,,,,,,,,,,,,,,,,,,,,,,,,,,,,,,
rsg_object_detection,frame_trace,1677,rsg_20260806_108_604900000_001677,sent_to_hydra,,,,,,,,,,,594.2923219990917,ok,12.415324003086425,573.9628349983832,5.430796998552978,0.13529600983019918,5.295500988722779,0.0022080057533457875,4.340137995313853,0.23715199495200068,308.65703799645416,14.898755005560815,0.007776005077175796,323.80072100204416,154.83031097392086,15.573220021906309,14.579298003809527,101.65953099203762,22.439284017309546,45.376745008979924,3.122309979517013,0.8579549903515726,0.30137604335322976,1.431876007700339,0.24204800138249993,0.006784001016058028,206.18594899133313,4.03124101285357,0.1637759996810928,35.399537009652704,0.041472987504675984,5.825900996569544,5.176683989702724,0.11580799764487892,0.5334090092219412,5.9136460040463135,0.6693129980703816,0.006464004400186241,2.481157993315719,6,0,6,0,0,,,,,,,,,,,,,,
rsg_object_detection,dropped_oldest,1687,rsg_20260806_109_254900000_001687,dropped,True,fifo_cached_frame,1669,173,0,1494,173,0,1,0.0,97.74364899203647,frame_fifo_full,,,,,,,,,,,,,,,,,,,,,,,,,,,,,,,,,,,,,,,,,,,,,,,,,,,,,,,,
rsg_object_detection,dropped_oldest,1688,rsg_20260806_109_354900000_001688,dropped,True,fifo_cached_frame,1670,173,0,1495,173,0,1,0.0,101.06899999664165,frame_fifo_full,,,,,,,,,,,,,,,,,,,,,,,,,,,,,,,,,,,,,,,,,,,,,,,,,,,,,,,,
rsg_object_detection,dropped_oldest,1689,rsg_20260806_109_454899999_001689,dropped,True,fifo_cached_frame,1671,173,0,1496,173,0,1,0.0,48.072302000946365,frame_fifo_full,,,,,,,,,,,,,,,,,,,,,,,,,,,,,,,,,,,,,,,,,,,,,,,,,,,,,,,,
rsg_object_detection,dropped_oldest,1690,rsg_20260806_109_504900000_001690,dropped,True,fifo_cached_frame,1672,173,0,1497,173,0,1,0.0,53.542298992397264,frame_fifo_full,,,,,,,,,,,,,,,,,,,,,,,,,,,,,,,,,,,,,,,,,,,,,,,,,,,,,,,,
rsg_object_detection,dropped_oldest,1691,rsg_20260806_109_554900000_001691,dropped,True,fifo_cached_frame,1673,173,0,1498,173,0,1,0.0,96.06783700291999,frame_fifo_full,,,,,,,,,,,,,,,,,,,,,,,,,,,,,,,,,,,,,,,,,,,,,,,,,,,,,,,,
rsg_object_detection,dropped_oldest,1692,rsg_20260806_109_654899999_001692,dropped,True,fifo_cached_frame,1674,173,0,1499,173,0,1,0.0,54.52847699052654,frame_fifo_full,,,,,,,,,,,,,,,,,,,,,,,,,,,,,,,,,,,,,,,,,,,,,,,,,,,,,,,,
rsg_object_detection,dropped_oldest,1693,rsg_20260806_109_704899999_001693,dropped,True,fifo_cached_frame,1675,173,0,1500,173,0,1,0.0,63.79083500360139,frame_fifo_full,,,,,,,,,,,,,,,,,,,,,,,,,,,,,,,,,,,,,,,,,,,,,,,,,,,,,,,,
rsg_object_detection,frame_trace,1686,rsg_20260806_109_154899999_001686,sent_to_hydra,,,,,,,,,,,598.1919670011848,ok,13.2436459971359,540.7059159915661,41.78784000396263,0.15600000915583223,41.631839994806796,0.002911998308263719,1.3573470059782267,0.22361699666362256,340.0523660093313,16.00646899896674,0.007007998647168279,356.28946000360884,72.52989501284901,15.832996999961324,5.780428982689045,22.888116000103764,27.47807899140753,69.335902997409,2.6053809706354514,0.597378020756878,0.3099210007349029,1.1552349897101521,0.22121600341051817,0.004703993909060955,146.77864099212456,2.3307889932766557,0.14268900849856436,33.76234900497366,0.04464098310563713,8.569236000766978,7.947953999973834,0.10121699597220868,0.5200650048209354,4.041096995933913,0.6272009923122823,0.006112008122727275,2.451653010211885,6,0,6,0,0,,,,,,,,,,,,,,
rsg_object_detection,dropped_oldest,1695,rsg_20260806_109_804900000_001695,dropped,True,fifo_cached_frame,1677,174,0,1501,174,0,1,0.0,42.88457900111098,frame_fifo_full,,,,,,,,,,,,,,,,,,,,,,,,,,,,,,,,,,,,,,,,,,,,,,,,,,,,,,,,
rsg_object_detection,dropped_oldest,1696,rsg_20260806_109_854900000_001696,dropped,True,fifo_cached_frame,1678,174,0,1502,174,0,1,0.0,101.7698340001516,frame_fifo_full,,,,,,,,,,,,,,,,,,,,,,,,,,,,,,,,,,,,,,,,,,,,,,,,,,,,,,,,
rsg_object_detection,dropped_oldest,1697,rsg_20260806_109_954899999_001697,dropped,True,fifo_cached_frame,1679,174,0,1503,174,0,1,0.0,50.45218000304885,frame_fifo_full,,,,,,,,,,,,,,,,,,,,,,,,,,,,,,,,,,,,,,,,,,,,,,,,,,,,,,,,
rsg_object_detection,dropped_oldest,1698,rsg_20260806_110_004900000_001698,dropped,True,fifo_cached_frame,1680,174,0,1504,174,0,1,0.0,53.28047400689684,frame_fifo_full,,,,,,,,,,,,,,,,,,,,,,,,,,,,,,,,,,,,,,,,,,,,,,,,,,,,,,,,
rsg_object_detection,dropped_oldest,1699,rsg_20260806_110_054900000_001699,dropped,True,fifo_cached_frame,1681,174,0,1505,174,0,1,0.0,47.538604005239904,frame_fifo_full,,,,,,,,,,,,,,,,,,,,,,,,,,,,,,,,,,,,,,,,,,,,,,,,,,,,,,,,
rsg_object_detection,dropped_oldest,1700,rsg_20260806_110_104900000_001700,dropped,True,fifo_cached_frame,1682,174,0,1506,174,0,1,0.0,84.0954870072892,frame_fifo_full,,,,,,,,,,,,,,,,,,,,,,,,,,,,,,,,,,,,,,,,,,,,,,,,,,,,,,,,
rsg_object_detection,dropped_oldest,1701,rsg_20260806_110_154899999_001701,dropped,True,fifo_cached_frame,1683,174,0,1507,174,0,1,0.0,158.72308101097587,frame_fifo_full,,,,,,,,,,,,,,,,,,,,,,,,,,,,,,,,,,,,,,,,,,,,,,,,,,,,,,,,
rsg_object_detection,dropped_oldest,1702,rsg_20260806_110_254900000_001702,dropped,True,fifo_cached_frame,1684,174,0,1508,174,0,1,0.0,7.629073996213265,frame_fifo_full,,,,,,,,,,,,,,,,,,,,,,,,,,,,,,,,,,,,,,,,,,,,,,,,,,,,,,,,
rsg_object_detection,dropped_oldest,1703,rsg_20260806_110_304900000_001703,dropped,True,fifo_cached_frame,1685,174,0,1509,174,0,1,0.0,3.6507280019577593,frame_fifo_full,,,,,,,,,,,,,,,,,,,,,,,,,,,,,,,,,,,,,,,,,,,,,,,,,,,,,,,,
rsg_object_detection,frame_trace,1694,rsg_20260806_109_754900000_001694,sent_to_hydra,,,,,,,,,,,596.775604004506,ok,16.5943409956526,542.6556080055889,34.87544100789819,0.14086499868426472,34.734576009213924,0.0028479989850893617,5.633677006699145,0.20764800137840211,296.481256998959,17.365542997140437,0.0069759989855811,314.0614239964634,139.59868598612957,18.65869900211692,13.904897015891038,58.505123015493155,47.76625400700141,40.33618699759245,2.4470150092383847,0.31014400883577764,0.3140479966532439,1.177059006295167,0.24342400138266385,0.00652798917144537,184.4508189969929,2.3483580007450655,0.13993600441608578,35.97166600229684,0.04972799797542393,12.497852003434673,11.869146997923963,0.09369599865749478,0.5350090068532154,3.516808006679639,0.5749449919676408,0.004735993570648134,2.647365996381268,6,0,6,0,0,,,,,,,,,,,,,,
rsg_object_detection,dropped_oldest,1705,rsg_20260806_110_404899999_001705,dropped,True,fifo_cached_frame,1687,175,0,1510,175,0,1,0.0,48.12324600061402,frame_fifo_full,,,,,,,,,,,,,,,,,,,,,,,,,,,,,,,,,,,,,,,,,,,,,,,,,,,,,,,,
rsg_object_detection,dropped_oldest,1706,rsg_20260806_110_454899999_001706,dropped,True,fifo_cached_frame,1688,175,0,1511,175,0,1,0.0,90.54343799652997,frame_fifo_full,,,,,,,,,,,,,,,,,,,,,,,,,,,,,,,,,,,,,,,,,,,,,,,,,,,,,,,,
rsg_object_detection,dropped_oldest,1707,rsg_20260806_110_554900000_001707,dropped,True,fifo_cached_frame,1689,175,0,1512,175,0,1,0.0,53.06530500820372,frame_fifo_full,,,,,,,,,,,,,,,,,,,,,,,,,,,,,,,,,,,,,,,,,,,,,,,,,,,,,,,,
rsg_object_detection,dropped_oldest,1708,rsg_20260806_110_604900000_001708,dropped,True,fifo_cached_frame,1690,175,0,1513,175,0,1,0.0,51.75243799749296,frame_fifo_full,,,,,,,,,,,,,,,,,,,,,,,,,,,,,,,,,,,,,,,,,,,,,,,,,,,,,,,,
rsg_object_detection,dropped_oldest,1709,rsg_20260806_110_654899999_001709,dropped,True,fifo_cached_frame,1691,175,0,1514,175,0,1,0.0,120.51093000627588,frame_fifo_full,,,,,,,,,,,,,,,,,,,,,,,,,,,,,,,,,,,,,,,,,,,,,,,,,,,,,,,,
rsg_object_detection,dropped_oldest,1710,rsg_20260806_110_754900000_001710,dropped,True,fifo_cached_frame,1692,175,0,1515,175,0,1,0.0,34.65230201254599,frame_fifo_full,,,,,,,,,,,,,,,,,,,,,,,,,,,,,,,,,,,,,,,,,,,,,,,,,,,,,,,,
rsg_object_detection,,561,rsg_20260806_42_454880000_000561,vlm_failed,,,,,,,,,,,,"{""label"":""unknown_object"",""label_confidence"":0.0,""mobility_class"":""unknown"",""mobility_confidence"":0.0}",,,,,,,,,,,,,,,,,,,,,,,,,,,,,,,,,,,,,,,,,,,rsg_obj_000064,rsg_unknown_rsg_20260806_42_454880000_000561_005_nanosam_007,,,1,0.7003926903574403,unknown_object,0.0,unknown,0.0,4911.238644999685,61855.832194996765,qwen_http,Qwen3-VL-8B-Instruct-GGUF
rsg_object_detection,completed,561,rsg_20260806_42_454880000_000561,,,,,,,,,,,56944.59191799979,,vlm_failed,,,,,,,,,,,,,,,,,,,,,,,,,,,,,,,,,,,,,,,,,,,rsg_obj_000064,rsg_unknown_rsg_20260806_42_454880000_000561_005_nanosam_007,52,300,1,0.7003926903574403,,,,,,,,
rsg_object_detection,dropped_oldest,1711,rsg_20260806_110_804900000_001711,dropped,True,fifo_cached_frame,1693,175,0,1516,175,0,1,0.0,54.30799500027206,frame_fifo_full,,,,,,,,,,,,,,,,,,,,,,,,,,,,,,,,,,,,,,,,,,,,,,,,,,,,,,,,
rsg_object_detection,dropped_oldest,1712,rsg_20260806_110_854900000_001712,dropped,True,fifo_cached_frame,1694,175,0,1517,175,0,1,0.0,46.62644201016519,frame_fifo_full,,,,,,,,,,,,,,,,,,,,,,,,,,,,,,,,,,,,,,,,,,,,,,,,,,,,,,,,
rsg_object_detection,dequeued,594,rsg_20260806_44_704880000_000594,,,,,,,,,,,61381.46053299715,,fifo_order,,,,,,,,,,,,,,,,,,,,,,,,,,,,,,,,,,,,,,,,,,,rsg_obj_000067,rsg_unknown_rsg_20260806_44_704880000_000594_006_nanosam_000,51,300,4,0.5424934992739199,,,,,,,,
rsg_object_detection,dropped_oldest,1713,rsg_20260806_110_904899999_001713,dropped,True,fifo_cached_frame,1695,175,0,1518,175,0,1,0.0,102.25981600524392,frame_fifo_full,,,,,,,,,,,,,,,,,,,,,,,,,,,,,,,,,,,,,,,,,,,,,,,,,,,,,,,,
rsg_object_detection,dropped_oldest,1714,rsg_20260806_110_954899999_001714,dropped,True,fifo_cached_frame,1696,175,0,1519,175,0,1,0.0,6.584975009900518,frame_fifo_full,,,,,,,,,,,,,,,,,,,,,,,,,,,,,,,,,,,,,,,,,,,,,,,,,,,,,,,,
rsg_object_detection,dropped_oldest,1715,rsg_20260806_111_004900000_001715,dropped,True,fifo_cached_frame,1697,175,0,1520,175,0,1,0.0,52.11215000599623,frame_fifo_full,,,,,,,,,,,,,,,,,,,,,,,,,,,,,,,,,,,,,,,,,,,,,,,,,,,,,,,,
rsg_object_detection,frame_trace,1704,rsg_20260806_110_354900000_001704,sent_to_hydra,,,,,,,,,,,724.8317260091426,ok,12.66102000954561,677.340098991408,32.443208998302,0.13606400170829147,32.307144996593706,0.004703993909060955,1.2030419893562794,0.23392100411001593,323.22499000292737,18.643115006852895,0.008255985449068248,342.11028199933935,248.86946198239457,15.921729995170608,8.687381996423937,147.50718302093446,76.19623899518047,45.1233339990722,2.4441969726467505,0.5415689811343327,0.26556906232144684,1.120610992074944,0.3793290088651702,0.0036479905247688293,298.7634310120484,2.9848389967810363,0.12473599053919315,32.11104900401551,0.04271999932825565,8.443378988886252,7.835569005692378,0.09084799967240542,0.5169619835214689,3.5975759965367615,0.6143049977254122,0.0057600263971835375,2.382694015977904,6,0,6,0,0,,,,,,,,,,,,,,
rsg_object_detection,dropped_oldest,1717,rsg_20260806_111_104900000_001717,dropped,True,fifo_cached_frame,1699,176,0,1521,176,0,1,0.0,45.037062009214424,frame_fifo_full,,,,,,,,,,,,,,,,,,,,,,,,,,,,,,,,,,,,,,,,,,,,,,,,,,,,,,,,
rsg_object_detection,dropped_oldest,1718,rsg_20260806_111_154899999_001718,dropped,True,fifo_cached_frame,1700,176,0,1522,176,0,1,0.0,49.741936003556475,frame_fifo_full,,,,,,,,,,,,,,,,,,,,,,,,,,,,,,,,,,,,,,,,,,,,,,,,,,,,,,,,
rsg_object_detection,dropped_oldest,1719,rsg_20260806_111_204899999_001719,dropped,True,fifo_cached_frame,1701,176,0,1523,176,0,1,0.0,50.84004999662284,frame_fifo_full,,,,,,,,,,,,,,,,,,,,,,,,,,,,,,,,,,,,,,,,,,,,,,,,,,,,,,,,
rsg_object_detection,dropped_oldest,1720,rsg_20260806_111_254900000_001720,dropped,True,fifo_cached_frame,1702,176,0,1524,176,0,1,0.0,60.835848009446636,frame_fifo_full,,,,,,,,,,,,,,,,,,,,,,,,,,,,,,,,,,,,,,,,,,,,,,,,,,,,,,,,
rsg_object_detection,dropped_oldest,1721,rsg_20260806_111_304900000_001721,dropped,True,fifo_cached_frame,1703,176,0,1525,176,0,1,0.0,49.80366399104241,frame_fifo_full,,,,,,,,,,,,,,,,,,,,,,,,,,,,,,,,,,,,,,,,,,,,,,,,,,,,,,,,
rsg_object_detection,dropped_oldest,1722,rsg_20260806_111_354900000_001722,dropped,True,fifo_cached_frame,1704,176,0,1526,176,0,1,0.0,37.22312400350347,frame_fifo_full,,,,,,,,,,,,,,,,,,,,,,,,,,,,,,,,,,,,,,,,,,,,,,,,,,,,,,,,
rsg_object_detection,dropped_oldest,1723,rsg_20260806_111_404899999_001723,dropped,True,fifo_cached_frame,1705,176,0,1527,176,0,1,0.0,49.48760000115726,frame_fifo_full,,,,,,,,,,,,,,,,,,,,,,,,,,,,,,,,,,,,,,,,,,,,,,,,,,,,,,,,
rsg_object_detection,dropped_oldest,1724,rsg_20260806_111_454899999_001724,dropped,True,fifo_cached_frame,1706,176,0,1528,176,0,1,0.0,62.740237000980414,frame_fifo_full,,,,,,,,,,,,,,,,,,,,,,,,,,,,,,,,,,,,,,,,,,,,,,,,,,,,,,,,
rsg_object_detection,dropped_oldest,1725,rsg_20260806_111_504900000_001725,dropped,True,fifo_cached_frame,1707,176,0,1529,176,0,1,0.0,91.38865300337784,frame_fifo_full,,,,,,,,,,,,,,,,,,,,,,,,,,,,,,,,,,,,,,,,,,,,,,,,,,,,,,,,
rsg_object_detection,frame_trace,1716,rsg_20260806_111_054900000_001716,sent_to_hydra,,,,,,,,,,,541.9220809999388,ok,12.766875996021554,495.209145010449,32.50864900473971,0.1369600067846477,32.37168899795506,0.002815999323502183,4.8247469967463985,0.20067200239282101,322.17713999853004,14.280288000009023,0.006688002031296492,336.6647880029632,78.20696003909688,18.556425027782097,4.876204999163747,27.02220401261002,27.176348987268284,45.53946199303027,3.344549986650236,1.0832679981831461,0.3486409841571003,1.390787001582794,0.2598089922685176,0.005727997631765902,130.1977650000481,2.7338939980836585,0.15113600238692015,20.594925998011604,0.041889012209139764,8.236145993578248,7.639729999937117,0.1029439881676808,0.4934720054734498,3.8294809928629547,0.6955209973966703,0.00572801218368113,1.4345949894050136,7,0,7,0,0,,,,,,,,,,,,,,
rsg_object_detection,dropped_oldest,1727,rsg_20260806_111_654899999_001727,dropped,True,fifo_cached_frame,1709,177,0,1530,177,0,1,0.0,50.28196900093462,frame_fifo_full,,,,,,,,,,,,,,,,,,,,,,,,,,,,,,,,,,,,,,,,,,,,,,,,,,,,,,,,
rsg_object_detection,dropped_oldest,1728,rsg_20260806_111_704899999_001728,dropped,True,fifo_cached_frame,1710,177,0,1531,177,0,1,0.0,50.18651300633792,frame_fifo_full,,,,,,,,,,,,,,,,,,,,,,,,,,,,,,,,,,,,,,,,,,,,,,,,,,,,,,,,
rsg_object_detection,dropped_oldest,1729,rsg_20260806_111_754900000_001729,dropped,True,fifo_cached_frame,1711,177,0,1532,177,0,1,0.0,48.34330899757333,frame_fifo_full,,,,,,,,,,,,,,,,,,,,,,,,,,,,,,,,,,,,,,,,,,,,,,,,,,,,,,,,
rsg_object_detection,dropped_oldest,1730,rsg_20260806_111_804900000_001730,dropped,True,fifo_cached_frame,1712,177,0,1533,177,0,1,0.0,101.97018100006972,frame_fifo_full,,,,,,,,,,,,,,,,,,,,,,,,,,,,,,,,,,,,,,,,,,,,,,,,,,,,,,,,
rsg_object_detection,dropped_oldest,1731,rsg_20260806_111_904899999_001731,dropped,True,fifo_cached_frame,1713,177,0,1534,177,0,1,0.0,113.50230300740805,frame_fifo_full,,,,,,,,,,,,,,,,,,,,,,,,,,,,,,,,,,,,,,,,,,,,,,,,,,,,,,,,
rsg_object_detection,dropped_oldest,1732,rsg_20260806_112_004900000_001732,dropped,True,fifo_cached_frame,1714,177,0,1535,177,0,1,0.0,41.15097300382331,frame_fifo_full,,,,,,,,,,,,,,,,,,,,,,,,,,,,,,,,,,,,,,,,,,,,,,,,,,,,,,,,
rsg_object_detection,dropped_oldest,1733,rsg_20260806_112_054900000_001733,dropped,True,fifo_cached_frame,1715,177,0,1536,177,0,1,0.0,123.74817801173776,frame_fifo_full,,,,,,,,,,,,,,,,,,,,,,,,,,,,,,,,,,,,,,,,,,,,,,,,,,,,,,,,
rsg_object_detection,dropped_oldest,1734,rsg_20260806_112_154899999_001734,dropped,True,fifo_cached_frame,1716,177,0,1537,177,0,1,0.0,77.85370899364352,frame_fifo_full,,,,,,,,,,,,,,,,,,,,,,,,,,,,,,,,,,,,,,,,,,,,,,,,,,,,,,,,
rsg_object_detection,frame_trace,1726,rsg_20260806_111_604900000_001726,sent_to_hydra,,,,,,,,,,,656.1016930063488,ok,18.86164200550411,612.2926660027588,22.880307995365,0.15455999528057873,22.725748000084423,0.004383997293189168,0.99916999170091,0.20102399867027998,321.1523060017498,16.59235700208228,0.006656002369709313,337.9523430048721,179.92456200590823,26.189786978648044,12.709340982837602,59.273187987855636,80.97439001721796,59.5443560014246,4.50455499230884,2.0580210111802444,0.4286079929443076,1.52157100092154,0.4710729990620166,0.005376001354306936,248.48100199596956,4.422409998369403,0.15993599663488567,20.22762899287045,0.05017602234147489,8.606482995674014,7.6974889962002635,0.14435200137086213,0.7646419981028885,9.557044992106967,0.6940180028323084,0.004096014890819788,2.062693005427718,7,0,7,0,0,,,,,,,,,,,,,,
rsg_object_detection,dropped_oldest,1736,rsg_20260806_112_354900000_001736,dropped,True,fifo_cached_frame,1718,178,0,1538,178,0,1,0.0,92.90769499784801,frame_fifo_full,,,,,,,,,,,,,,,,,,,,,,,,,,,,,,,,,,,,,,,,,,,,,,,,,,,,,,,,
rsg_object_detection,dropped_oldest,1737,rsg_20260806_112_454899999_001737,dropped,True,fifo_cached_frame,1719,178,0,1539,178,0,1,0.0,50.527249011793174,frame_fifo_full,,,,,,,,,,,,,,,,,,,,,,,,,,,,,,,,,,,,,,,,,,,,,,,,,,,,,,,,
rsg_object_detection,dropped_oldest,1738,rsg_20260806_112_504900000_001738,dropped,True,fifo_cached_frame,1720,178,0,1540,178,0,1,0.0,60.11994199070614,frame_fifo_full,,,,,,,,,,,,,,,,,,,,,,,,,,,,,,,,,,,,,,,,,,,,,,,,,,,,,,,,
rsg_object_detection,dropped_oldest,1739,rsg_20260806_112_554900000_001739,dropped,True,fifo_cached_frame,1721,178,0,1541,178,0,1,0.0,109.22164999647066,frame_fifo_full,,,,,,,,,,,,,,,,,,,,,,,,,,,,,,,,,,,,,,,,,,,,,,,,,,,,,,,,
rsg_object_detection,dropped_oldest,1740,rsg_20260806_112_654899999_001740,dropped,True,fifo_cached_frame,1722,178,0,1542,178,0,1,0.0,34.5201729942346,frame_fifo_full,,,,,,,,,,,,,,,,,,,,,,,,,,,,,,,,,,,,,,,,,,,,,,,,,,,,,,,,
rsg_object_detection,dropped_oldest,1741,rsg_20260806_112_704899999_001741,dropped,True,fifo_cached_frame,1723,178,0,1543,178,0,1,0.0,56.17446100222878,frame_fifo_full,,,,,,,,,,,,,,,,,,,,,,,,,,,,,,,,,,,,,,,,,,,,,,,,,,,,,,,,
rsg_object_detection,dropped_oldest,1742,rsg_20260806_112_754900000_001742,dropped,True,fifo_cached_frame,1724,178,0,1544,178,0,1,0.0,63.264140000683255,frame_fifo_full,,,,,,,,,,,,,,,,,,,,,,,,,,,,,,,,,,,,,,,,,,,,,,,,,,,,,,,,
rsg_object_detection,dropped_oldest,1743,rsg_20260806_112_804900000_001743,dropped,True,fifo_cached_frame,1725,178,0,1545,179,0,1,0.0,30.366628008778207,frame_fifo_full,,,,,,,,,,,,,,,,,,,,,,,,,,,,,,,,,,,,,,,,,,,,,,,,,,,,,,,,
rsg_object_detection,frame_trace,1735,rsg_20260806_112_254900000_001735,sent_to_hydra,,,,,,,,,,,583.1899670010898,ok,12.334332001046278,552.7038190048188,16.6703089926159,0.19174399494659156,16.47856499766931,0.002368004061281681,2.2620529925916344,0.21212799765635282,323.28471798973624,18.729866002104245,0.00790400372352451,342.23461599322036,113.75071595830377,21.35758199437987,5.88817302195821,42.5156789860921,43.34537700924557,57.63932698755525,3.462278997176327,2.319301012903452,0.37094704748596996,1.4132189971860498,0.4291529912734404,0.004896006430499256,179.40753400034737,5.081418988993391,0.15820898988749832,23.515731998486444,0.044256041292101145,6.674639007542282,6.107276989496313,0.09750400204211473,0.4698580160038546,4.786763005540706,0.8658900042064488,0.007039983756840229,1.479138998547569,7,0,7,0,0,,,,,,,,,,,,,,
rsg_object_detection,dropped_oldest,1745,rsg_20260806_112_904899999_001745,dropped,True,fifo_cached_frame,1727,179,0,1546,179,0,1,0.0,59.78560399671551,frame_fifo_full,,,,,,,,,,,,,,,,,,,,,,,,,,,,,,,,,,,,,,,,,,,,,,,,,,,,,,,,
rsg_object_detection,dropped_oldest,1746,rsg_20260806_112_954899999_001746,dropped,True,fifo_cached_frame,1728,179,0,1547,179,0,1,0.0,39.7232880059164,frame_fifo_full,,,,,,,,,,,,,,,,,,,,,,,,,,,,,,,,,,,,,,,,,,,,,,,,,,,,,,,,
rsg_object_detection,dropped_oldest,1747,rsg_20260806_113_004900000_001747,dropped,True,fifo_cached_frame,1729,179,0,1548,179,0,1,0.0,109.78427399822976,frame_fifo_full,,,,,,,,,,,,,,,,,,,,,,,,,,,,,,,,,,,,,,,,,,,,,,,,,,,,,,,,
rsg_object_detection,dropped_oldest,1748,rsg_20260806_113_104900000_001748,dropped,True,fifo_cached_frame,1730,179,0,1549,179,0,1,0.0,43.46035099297296,frame_fifo_full,,,,,,,,,,,,,,,,,,,,,,,,,,,,,,,,,,,,,,,,,,,,,,,,,,,,,,,,
rsg_object_detection,dropped_oldest,1749,rsg_20260806_113_154899999_001749,dropped,True,fifo_cached_frame,1731,179,0,1550,179,0,1,0.0,162.60131700255442,frame_fifo_full,,,,,,,,,,,,,,,,,,,,,,,,,,,,,,,,,,,,,,,,,,,,,,,,,,,,,,,,
rsg_object_detection,dropped_oldest,1750,rsg_20260806_113_254900000_001750,dropped,True,fifo_cached_frame,1732,179,0,1551,179,0,1,0.0,10.080694002681412,frame_fifo_full,,,,,,,,,,,,,,,,,,,,,,,,,,,,,,,,,,,,,,,,,,,,,,,,,,,,,,,,
rsg_object_detection,dropped_oldest,1751,rsg_20260806_113_304900000_001751,dropped,True,fifo_cached_frame,1733,179,0,1552,179,0,1,0.0,37.969330995110795,frame_fifo_full,,,,,,,,,,,,,,,,,,,,,,,,,,,,,,,,,,,,,,,,,,,,,,,,,,,,,,,,
rsg_object_detection,dropped_oldest,1752,rsg_20260806_113_354900000_001752,dropped,True,fifo_cached_frame,1734,179,0,1553,179,0,1,0.0,55.2789049979765,frame_fifo_full,,,,,,,,,,,,,,,,,,,,,,,,,,,,,,,,,,,,,,,,,,,,,,,,,,,,,,,,
rsg_object_detection,frame_trace,1744,rsg_20260806_112_854900000_001744,sent_to_hydra,,,,,,,,,,,574.1143530030968,ok,13.553342010709457,555.1882309955545,3.339271992444992,0.1883850054582581,3.150886986986734,0.002048007445409894,1.877572009107098,0.42569699871819466,329.02834299602546,20.116236002650112,0.007264010491780937,349.57754000788555,119.60035897209309,33.3207770017907,5.263372018816881,40.25656801240984,40.11227899172809,41.81234700081404,3.279942990047857,1.0012180136982352,0.34576102916616946,1.5893800009507686,0.5362249939935282,0.007488008122891188,168.19275300076697,6.180782002047636,0.17382400983478874,29.136224009562284,0.049535956350155175,9.168435994070023,8.56965099228546,0.09651199798099697,0.5022730038035661,3.73453700740356,0.6456330011133105,0.004736008122563362,2.0314599969424307,7,0,7,0,0,,,,,,,,,,,,,,
rsg_object_detection,dropped_oldest,1754,rsg_20260806_113_454899999_001754,dropped,True,fifo_cached_frame,1736,180,0,1554,180,0,1,0.0,41.123674003756605,frame_fifo_full,,,,,,,,,,,,,,,,,,,,,,,,,,,,,,,,,,,,,,,,,,,,,,,,,,,,,,,,
rsg_object_detection,dropped_oldest,1755,rsg_20260806_113_504900000_001755,dropped,True,fifo_cached_frame,1737,180,0,1555,180,0,1,0.0,97.36469300696626,frame_fifo_full,,,,,,,,,,,,,,,,,,,,,,,,,,,,,,,,,,,,,,,,,,,,,,,,,,,,,,,,
rsg_object_detection,dropped_oldest,1756,rsg_20260806_113_604900000_001756,dropped,True,fifo_cached_frame,1738,180,0,1556,180,0,1,0.0,113.18780100555159,frame_fifo_full,,,,,,,,,,,,,,,,,,,,,,,,,,,,,,,,,,,,,,,,,,,,,,,,,,,,,,,,
rsg_object_detection,dropped_oldest,1757,rsg_20260806_113_704899999_001757,dropped,True,fifo_cached_frame,1739,180,0,1557,180,0,1,0.0,57.364989988855086,frame_fifo_full,,,,,,,,,,,,,,,,,,,,,,,,,,,,,,,,,,,,,,,,,,,,,,,,,,,,,,,,
rsg_object_detection,dropped_oldest,1758,rsg_20260806_113_754900000_001758,dropped,True,fifo_cached_frame,1740,180,0,1558,180,0,1,0.0,190.4453140014084,frame_fifo_full,,,,,,,,,,,,,,,,,,,,,,,,,,,,,,,,,,,,,,,,,,,,,,,,,,,,,,,,
rsg_object_detection,dropped_oldest,1759,rsg_20260806_113_854900000_001759,dropped,True,fifo_cached_frame,1741,180,0,1559,180,0,1,0.0,24.298613003338687,frame_fifo_full,,,,,,,,,,,,,,,,,,,,,,,,,,,,,,,,,,,,,,,,,,,,,,,,,,,,,,,,
rsg_object_detection,dropped_oldest,1760,rsg_20260806_113_954899999_001760,dropped,True,fifo_cached_frame,1742,180,0,1560,180,0,1,0.0,37.244945007842034,frame_fifo_full,,,,,,,,,,,,,,,,,,,,,,,,,,,,,,,,,,,,,,,,,,,,,,,,,,,,,,,,
rsg_object_detection,frame_trace,1753,rsg_20260806_113_404899999_001753,sent_to_hydra,,,,,,,,,,,661.9200429995544,ok,9.390612001880072,616.7635279998649,33.59242599981371,0.13238401152193546,33.46004198829178,0.0038720027077943087,4.156424998654984,0.2053439966402948,350.3032010048628,14.097855004365556,0.009535986464470625,364.6159359923331,149.37408798141405,24.377173016546294,6.915119010955095,56.54985300498083,60.8095420175232,58.75996900431346,3.177255013724789,0.8698890160303563,0.3392329817870632,1.2418910046108067,0.22617600916419178,0.0055679993238300085,214.0092689951416,4.546153999399394,0.14348900003824383,29.24348699161783,0.0487680226797238,5.117802997119725,4.405770014273003,0.10556800407357514,0.6064649787731469,3.6248719989089295,0.6430409994209185,0.004896006430499256,2.169604995287955,7,0,7,0,0,,,,,,,,,,,,,,
rsg_object_detection,dropped_oldest,1762,rsg_20260806_114_104900000_001762,dropped,True,fifo_cached_frame,1744,181,0,1561,181,0,1,0.0,38.93531700305175,frame_fifo_full,,,,,,,,,,,,,,,,,,,,,,,,,,,,,,,,,,,,,,,,,,,,,,,,,,,,,,,,
rsg_object_detection,dropped_oldest,1763,rsg_20260806_114_154899999_001763,dropped,True,fifo_cached_frame,1745,181,0,1562,181,0,1,0.0,109.78657400119118,frame_fifo_full,,,,,,,,,,,,,,,,,,,,,,,,,,,,,,,,,,,,,,,,,,,,,,,,,,,,,,,,
rsg_object_detection,dropped_oldest,1764,rsg_20260806_114_254900000_001764,dropped,True,fifo_cached_frame,1746,181,0,1563,181,0,1,0.0,41.1397370044142,frame_fifo_full,,,,,,,,,,,,,,,,,,,,,,,,,,,,,,,,,,,,,,,,,,,,,,,,,,,,,,,,
rsg_object_detection,dropped_oldest,1765,rsg_20260806_114_304900000_001765,dropped,True,fifo_cached_frame,1747,181,0,1564,181,0,1,0.0,101.51798000151757,frame_fifo_full,,,,,,,,,,,,,,,,,,,,,,,,,,,,,,,,,,,,,,,,,,,,,,,,,,,,,,,,
rsg_object_detection,dropped_oldest,1766,rsg_20260806_114_404899999_001766,dropped,True,fifo_cached_frame,1748,181,0,1565,181,0,1,0.0,51.66263999126386,frame_fifo_full,,,,,,,,,,,,,,,,,,,,,,,,,,,,,,,,,,,,,,,,,,,,,,,,,,,,,,,,
rsg_object_detection,dropped_oldest,1767,rsg_20260806_114_454899999_001767,dropped,True,fifo_cached_frame,1749,181,0,1566,181,0,1,0.0,45.63478699128609,frame_fifo_full,,,,,,,,,,,,,,,,,,,,,,,,,,,,,,,,,,,,,,,,,,,,,,,,,,,,,,,,
rsg_object_detection,dropped_oldest,1768,rsg_20260806_114_504900000_001768,dropped,True,fifo_cached_frame,1750,181,0,1567,181,0,1,0.0,111.25899299804587,frame_fifo_full,,,,,,,,,,,,,,,,,,,,,,,,,,,,,,,,,,,,,,,,,,,,,,,,,,,,,,,,
rsg_object_detection,frame_trace,1761,rsg_20260806_114_004900000_001761,sent_to_hydra,,,,,,,,,,,651.3898290140787,ok,10.409015012555756,555.1164029893698,83.74162300606258,0.20022501121275127,83.54139799484983,0.002207991201430559,1.8532840040279552,0.21683199156541377,287.0747659908375,19.697579002240673,0.006112008122727275,306.9952889927663,155.93829000135884,31.969253977877088,6.232044019270688,59.45929801964667,57.60274799831677,49.28653901151847,3.2230479846475646,0.6819850095780566,0.2959359990200028,1.2794269860023633,0.4780169983860105,0.005440000677481294,211.20631399389822,5.2881709998473525,0.15302500105462968,29.58166399912443,0.03865599865093827,5.474763995152898,4.779082999448292,0.10044800001196563,0.5952329956926405,3.5297040012665093,1.3985629921080545,0.005984024028293788,2.1205800148891285,7,0,7,0,0,,,,,,,,,,,,,,
rsg_object_detection,dropped_oldest,1770,rsg_20260806_114_704899999_001770,dropped,True,fifo_cached_frame,1752,182,0,1568,182,0,1,0.0,45.32893000578042,frame_fifo_full,,,,,,,,,,,,,,,,,,,,,,,,,,,,,,,,,,,,,,,,,,,,,,,,,,,,,,,,
rsg_object_detection,dropped_oldest,1771,rsg_20260806_114_754900000_001771,dropped,True,fifo_cached_frame,1753,182,0,1569,182,0,1,0.0,51.45831999834627,frame_fifo_full,,,,,,,,,,,,,,,,,,,,,,,,,,,,,,,,,,,,,,,,,,,,,,,,,,,,,,,,
rsg_object_detection,dropped_oldest,1772,rsg_20260806_114_804900000_001772,dropped,True,fifo_cached_frame,1754,182,0,1570,182,0,1,0.0,48.152328992728144,frame_fifo_full,,,,,,,,,,,,,,,,,,,,,,,,,,,,,,,,,,,,,,,,,,,,,,,,,,,,,,,,
rsg_object_detection,dropped_oldest,1773,rsg_20260806_114_854900000_001773,dropped,True,fifo_cached_frame,1755,182,0,1571,182,0,1,0.0,52.854706009384245,frame_fifo_full,,,,,,,,,,,,,,,,,,,,,,,,,,,,,,,,,,,,,,,,,,,,,,,,,,,,,,,,
rsg_object_detection,dropped_oldest,1774,rsg_20260806_114_904899999_001774,dropped,True,fifo_cached_frame,1756,182,0,1572,182,0,1,0.0,52.82465800701175,frame_fifo_full,,,,,,,,,,,,,,,,,,,,,,,,,,,,,,,,,,,,,,,,,,,,,,,,,,,,,,,,
rsg_object_detection,dropped_oldest,1775,rsg_20260806_114_954899999_001775,dropped,True,fifo_cached_frame,1757,182,0,1573,182,0,1,0.0,48.11508000420872,frame_fifo_full,,,,,,,,,,,,,,,,,,,,,,,,,,,,,,,,,,,,,,,,,,,,,,,,,,,,,,,,
rsg_object_detection,dropped_oldest,1776,rsg_20260806_115_004900000_001776,dropped,True,fifo_cached_frame,1758,182,0,1574,182,0,1,0.0,48.4802009887062,frame_fifo_full,,,,,,,,,,,,,,,,,,,,,,,,,,,,,,,,,,,,,,,,,,,,,,,,,,,,,,,,
rsg_object_detection,dropped_oldest,1777,rsg_20260806_115_054900000_001777,dropped,True,fifo_cached_frame,1759,182,0,1575,182,0,1,0.0,186.41879899951164,frame_fifo_full,,,,,,,,,,,,,,,,,,,,,,,,,,,,,,,,,,,,,,,,,,,,,,,,,,,,,,,,
rsg_object_detection,dropped_oldest,1778,rsg_20260806_115_104900000_001778,dropped,True,fifo_cached_frame,1760,182,0,1576,182,0,1,0.0,14.13820599555038,frame_fifo_full,,,,,,,,,,,,,,,,,,,,,,,,,,,,,,,,,,,,,,,,,,,,,,,,,,,,,,,,
rsg_object_detection,dropped_oldest,1779,rsg_20260806_115_204899999_001779,dropped,True,fifo_cached_frame,1761,182,0,1577,182,0,1,0.0,3.436391009017825,frame_fifo_full,,,,,,,,,,,,,,,,,,,,,,,,,,,,,,,,,,,,,,,,,,,,,,,,,,,,,,,,
rsg_object_detection,frame_trace,1769,rsg_20260806_114_604900000_001769,sent_to_hydra,,,,,,,,,,,713.1091870105593,ok,9.651765009039082,613.4692589985207,87.39929400326218,0.13948800915386528,87.25980599410832,0.0034240074455738068,6.596717998036183,0.8216659916797653,323.12319600896444,16.24185999389738,0.006848000339232385,340.1935699948808,156.86769603053108,34.303658016142435,13.978716000565328,68.16885001899209,39.52584600483533,63.49747999047395,3.5004550154553726,1.444930981961079,0.35235298855695873,1.4806429971940815,0.2947210014099255,0.006176007445901632,227.4638149974635,3.240550999180414,0.12652800069190562,35.80212499946356,0.04595200880430639,5.212938995100558,4.608842005836777,0.09420799324288964,0.5098889960208908,3.7020880117779598,0.7308500062208623,0.005887995939701796,2.585444992291741,8,0,8,0,0,,,,,,,,,,,,,,
rsg_object_detection,dropped_oldest,1781,rsg_20260806_115_354900000_001781,dropped,True,fifo_cached_frame,1763,183,0,1578,183,0,1,0.0,43.45743700105231,frame_fifo_full,,,,,,,,,,,,,,,,,,,,,,,,,,,,,,,,,,,,,,,,,,,,,,,,,,,,,,,,
rsg_object_detection,dropped_oldest,1782,rsg_20260806_115_404899999_001782,dropped,True,fifo_cached_frame,1764,183,0,1579,183,0,1,0.0,101.87356200185604,frame_fifo_full,,,,,,,,,,,,,,,,,,,,,,,,,,,,,,,,,,,,,,,,,,,,,,,,,,,,,,,,
rsg_object_detection,dropped_oldest,1783,rsg_20260806_115_504900000_001783,dropped,True,fifo_cached_frame,1765,183,0,1580,183,0,1,0.0,53.6729470040882,frame_fifo_full,,,,,,,,,,,,,,,,,,,,,,,,,,,,,,,,,,,,,,,,,,,,,,,,,,,,,,,,
rsg_object_detection,dropped_oldest,1784,rsg_20260806_115_554900000_001784,dropped,True,fifo_cached_frame,1766,183,0,1581,183,0,1,0.0,48.46960799477529,frame_fifo_full,,,,,,,,,,,,,,,,,,,,,,,,,,,,,,,,,,,,,,,,,,,,,,,,,,,,,,,,
rsg_object_detection,dropped_oldest,1785,rsg_20260806_115_604900000_001785,dropped,True,fifo_cached_frame,1767,183,0,1582,183,0,1,0.0,97.77716999815311,frame_fifo_full,,,,,,,,,,,,,,,,,,,,,,,,,,,,,,,,,,,,,,,,,,,,,,,,,,,,,,,,
rsg_object_detection,dropped_oldest,1786,rsg_20260806_115_704899999_001786,dropped,True,fifo_cached_frame,1768,183,0,1583,183,0,1,0.0,70.70047099841759,frame_fifo_full,,,,,,,,,,,,,,,,,,,,,,,,,,,,,,,,,,,,,,,,,,,,,,,,,,,,,,,,
rsg_object_detection,dropped_oldest,1787,rsg_20260806_115_754900000_001787,dropped,True,fifo_cached_frame,1769,183,0,1584,183,0,1,0.0,141.46919900667854,frame_fifo_full,,,,,,,,,,,,,,,,,,,,,,,,,,,,,,,,,,,,,,,,,,,,,,,,,,,,,,,,
rsg_object_detection,dropped_oldest,1788,rsg_20260806_115_804900000_001788,dropped,True,fifo_cached_frame,1770,183,0,1585,183,0,1,0.0,3.2508229924133047,frame_fifo_full,,,,,,,,,,,,,,,,,,,,,,,,,,,,,,,,,,,,,,,,,,,,,,,,,,,,,,,,
rsg_object_detection,frame_trace,1780,rsg_20260806_115_254900000_001780,sent_to_hydra,,,,,,,,,,,672.4500799900852,ok,16.26483499421738,553.2108479965245,99.62206899945159,0.12441599392332137,99.49765300552826,0.005472000339068472,4.983594000805169,0.18035300308838487,313.16828599665314,24.91346199531108,0.008512011845596135,338.2706130068982,113.11204898811411,30.86336000706069,5.444267007987946,48.28621601336636,26.55583297018893,48.73287200462073,3.2426620018668473,0.8088329923339188,0.35469201975502074,1.6466910019516945,0.25484900106675923,0.00627199187874794,168.1741200009128,3.0577980069210753,0.1469129929319024,38.535473999218084,0.04233598883729428,11.973465996561572,11.305879990686662,0.09756800136528909,0.5700180045096204,3.642152005340904,0.6454730028053746,0.0037439895095303655,3.346855999552645,8,0,8,0,0,,,,,,,,,,,,,,
rsg_object_detection,dropped_oldest,1790,rsg_20260806_116_004900000_001790,dropped,True,fifo_cached_frame,1772,184,0,1586,184,0,1,0.0,49.419785995269194,frame_fifo_full,,,,,,,,,,,,,,,,,,,,,,,,,,,,,,,,,,,,,,,,,,,,,,,,,,,,,,,,
rsg_object_detection,dropped_oldest,1791,rsg_20260806_116_054900000_001791,dropped,True,fifo_cached_frame,1773,184,0,1587,184,0,1,0.0,51.63684500439558,frame_fifo_full,,,,,,,,,,,,,,,,,,,,,,,,,,,,,,,,,,,,,,,,,,,,,,,,,,,,,,,,
rsg_object_detection,dropped_oldest,1792,rsg_20260806_116_104900000_001792,dropped,True,fifo_cached_frame,1774,184,0,1588,184,0,1,0.0,102.65468100260478,frame_fifo_full,,,,,,,,,,,,,,,,,,,,,,,,,,,,,,,,,,,,,,,,,,,,,,,,,,,,,,,,
rsg_object_detection,dropped_oldest,1793,rsg_20260806_116_204899999_001793,dropped,True,fifo_cached_frame,1775,184,0,1589,184,0,1,0.0,48.54800700559281,frame_fifo_full,,,,,,,,,,,,,,,,,,,,,,,,,,,,,,,,,,,,,,,,,,,,,,,,,,,,,,,,
rsg_object_detection,dropped_oldest,1794,rsg_20260806_116_254900000_001794,dropped,True,fifo_cached_frame,1776,184,0,1590,184,0,1,0.0,120.11596599768382,frame_fifo_full,,,,,,,,,,,,,,,,,,,,,,,,,,,,,,,,,,,,,,,,,,,,,,,,,,,,,,,,
rsg_object_detection,dropped_oldest,1795,rsg_20260806_116_354900000_001795,dropped,True,fifo_cached_frame,1777,184,0,1591,184,0,1,0.0,40.64136600936763,frame_fifo_full,,,,,,,,,,,,,,,,,,,,,,,,,,,,,,,,,,,,,,,,,,,,,,,,,,,,,,,,
rsg_object_detection,dropped_oldest,1796,rsg_20260806_116_404899999_001796,dropped,True,fifo_cached_frame,1778,184,0,1592,184,0,1,0.0,62.18906000140123,frame_fifo_full,,,,,,,,,,,,,,,,,,,,,,,,,,,,,,,,,,,,,,,,,,,,,,,,,,,,,,,,
rsg_object_detection,dropped_oldest,1797,rsg_20260806_116_454899999_001797,dropped,True,fifo_cached_frame,1779,184,0,1593,185,0,1,0.0,39.30670701083727,frame_fifo_full,,,,,,,,,,,,,,,,,,,,,,,,,,,,,,,,,,,,,,,,,,,,,,,,,,,,,,,,
rsg_object_detection,frame_trace,1789,rsg_20260806_115_904899999_001789,sent_to_hydra,,,,,,,,,,,566.6561149992049,ok,13.150811995728873,514.814723006566,36.01098900253419,0.1542410027468577,35.85674799978733,0.0028799986466765404,1.6096350009320304,0.19459199393168092,321.20538600429427,21.19214099366218,0.008032002369873226,342.600150994258,60.048512008506805,18.85453797876835,4.351655006757937,18.10723898233846,17.847044990048744,64.42538400006015,3.0125490302452818,0.875266981893219,0.3666889824671671,1.3167380093364045,0.25372899835929275,0.005119989509694278,130.32011600444093,2.841798006556928,0.15408000035677105,37.243151004076935,0.045791995944455266,9.020594996400177,8.369424991542473,0.09500799933448434,0.5561620055232197,3.4809990029316396,0.6439059943659231,0.005312002031132579,2.6767109957290813,8,0,8,0,0,,,,,,,,,,,,,,
rsg_object_detection,dropped_oldest,1799,rsg_20260806_116_554900000_001799,dropped,True,fifo_cached_frame,1781,185,0,1594,185,0,1,0.0,46.59097900730558,frame_fifo_full,,,,,,,,,,,,,,,,,,,,,,,,,,,,,,,,,,,,,,,,,,,,,,,,,,,,,,,,
rsg_object_detection,dropped_oldest,1800,rsg_20260806_116_604900000_001800,dropped,True,fifo_cached_frame,1782,185,0,1595,185,0,1,0.0,100.89093400165439,frame_fifo_full,,,,,,,,,,,,,,,,,,,,,,,,,,,,,,,,,,,,,,,,,,,,,,,,,,,,,,,,
rsg_object_detection,dropped_oldest,1801,rsg_20260806_116_704899999_001801,dropped,True,fifo_cached_frame,1783,185,0,1596,185,0,1,0.0,50.320649999775924,frame_fifo_full,,,,,,,,,,,,,,,,,,,,,,,,,,,,,,,,,,,,,,,,,,,,,,,,,,,,,,,,
rsg_object_detection,dropped_oldest,1802,rsg_20260806_116_754900000_001802,dropped,True,fifo_cached_frame,1784,185,0,1597,185,0,1,0.0,49.10967199248262,frame_fifo_full,,,,,,,,,,,,,,,,,,,,,,,,,,,,,,,,,,,,,,,,,,,,,,,,,,,,,,,,
rsg_object_detection,,594,rsg_20260806_44_704880000_000594,vlm_done,,,,,,,,,,,,ok,,,,,,,,,,,,,,,,,,,,,,,,,,,,,,,,,,,,,,,,,,,rsg_obj_000067,rsg_unknown_rsg_20260806_44_704880000_000594_006_nanosam_000,,,4,0.5424934992739199,ceiling_light,0.98,static,0.99,5894.32433899492,67275.78720799647,qwen_http,Qwen3-VL-8B-Instruct-GGUF
rsg_object_detection,completed,594,rsg_20260806_44_704880000_000594,,,,,,,,,,,61381.46053299715,,vlm_done,,,,,,,,,,,,,,,,,,,,,,,,,,,,,,,,,,,,,,,,,,,rsg_obj_000067,rsg_unknown_rsg_20260806_44_704880000_000594_006_nanosam_000,53,300,4,0.5424934992739199,,,,,,,,
rsg_object_detection,dropped_oldest,1803,rsg_20260806_116_804900000_001803,dropped,True,fifo_cached_frame,1785,185,0,1598,185,0,1,0.0,50.20938599773217,frame_fifo_full,,,,,,,,,,,,,,,,,,,,,,,,,,,,,,,,,,,,,,,,,,,,,,,,,,,,,,,,
rsg_object_detection,dequeued,600,rsg_20260806_45_104880000_000600,,,,,,,,,,,66325.91368998692,,fifo_order,,,,,,,,,,,,,,,,,,,,,,,,,,,,,,,,,,,,,,,,,,,rsg_obj_000068,rsg_unknown_rsg_20260806_45_104880000_000600_007_nanosam_003,52,300,2,0.6812695760494869,,,,,,,,
rsg_object_detection,dropped_oldest,1804,rsg_20260806_116_854900000_001804,dropped,True,fifo_cached_frame,1786,185,0,1599,185,0,1,0.0,48.99107900564559,frame_fifo_full,,,,,,,,,,,,,,,,,,,,,,,,,,,,,,,,,,,,,,,,,,,,,,,,,,,,,,,,
rsg_object_detection,dropped_oldest,1805,rsg_20260806_116_904899999_001805,dropped,True,fifo_cached_frame,1787,185,0,1600,185,0,1,0.0,60.2205749892164,frame_fifo_full,,,,,,,,,,,,,,,,,,,,,,,,,,,,,,,,,,,,,,,,,,,,,,,,,,,,,,,,
rsg_object_detection,dropped_oldest,1806,rsg_20260806_116_954899999_001806,dropped,True,fifo_cached_frame,1788,185,0,1601,185,0,1,0.0,58.17052299971692,frame_fifo_full,,,,,,,,,,,,,,,,,,,,,,,,,,,,,,,,,,,,,,,,,,,,,,,,,,,,,,,,
rsg_object_detection,frame_trace,1798,rsg_20260806_116_504900000_001798,sent_to_hydra,,,,,,,,,,,577.1872040058952,ok,10.732630005804822,559.9998079997022,4.932107010972686,0.1675850071478635,4.764522003824823,0.0052800023695454,1.6705640009604394,0.19427199731580913,314.24668099498376,20.90375599800609,0.0068160006776452065,335.3515249909833,148.19493801041972,21.49332599947229,5.075212000519969,57.528248988091946,63.30016597348731,41.69522399024572,3.8982149853836745,1.0980829829350114,0.3614090383052826,1.5647709951736033,0.5053130007581785,0.004479996277950704,197.33884900051635,4.474025990930386,0.14604799798689783,20.971691992599517,0.04710402572527528,6.102892992203124,5.506411005626433,0.09775999933481216,0.4987219872418791,3.90480799251236,0.7197450031526387,0.005184017936699092,1.5173789870459586,8,0,8,0,0,,,,,,,,,,,,,,
rsg_object_detection,dropped_oldest,1808,rsg_20260806_117_104900000_001808,dropped,True,fifo_cached_frame,1790,186,0,1602,186,0,1,0.0,50.04685700987466,frame_fifo_full,,,,,,,,,,,,,,,,,,,,,,,,,,,,,,,,,,,,,,,,,,,,,,,,,,,,,,,,
rsg_object_detection,dropped_oldest,1809,rsg_20260806_117_154899999_001809,dropped,True,fifo_cached_frame,1791,186,0,1603,186,0,1,0.0,97.00545000669081,frame_fifo_full,,,,,,,,,,,,,,,,,,,,,,,,,,,,,,,,,,,,,,,,,,,,,,,,,,,,,,,,
rsg_object_detection,dropped_oldest,1810,rsg_20260806_117_254900000_001810,dropped,True,fifo_cached_frame,1792,186,0,1604,186,0,1,0.0,94.62880599312484,frame_fifo_full,,,,,,,,,,,,,,,,,,,,,,,,,,,,,,,,,,,,,,,,,,,,,,,,,,,,,,,,
rsg_object_detection,dropped_oldest,1811,rsg_20260806_117_354900000_001811,dropped,True,fifo_cached_frame,1793,186,0,1605,186,0,1,0.0,50.73776999779511,frame_fifo_full,,,,,,,,,,,,,,,,,,,,,,,,,,,,,,,,,,,,,,,,,,,,,,,,,,,,,,,,
rsg_object_detection,dropped_oldest,1812,rsg_20260806_117_404899999_001812,dropped,True,fifo_cached_frame,1794,186,0,1606,186,0,1,0.0,128.20660400029738,frame_fifo_full,,,,,,,,,,,,,,,,,,,,,,,,,,,,,,,,,,,,,,,,,,,,,,,,,,,,,,,,
rsg_object_detection,dropped_oldest,1813,rsg_20260806_117_504900000_001813,dropped,True,fifo_cached_frame,1795,186,0,1607,186,0,1,0.0,49.60909600777086,frame_fifo_full,,,,,,,,,,,,,,,,,,,,,,,,,,,,,,,,,,,,,,,,,,,,,,,,,,,,,,,,
rsg_object_detection,dropped_oldest,1814,rsg_20260806_117_554900000_001814,dropped,True,fifo_cached_frame,1796,186,0,1608,186,0,1,0.0,28.20092299953103,frame_fifo_full,,,,,,,,,,,,,,,,,,,,,,,,,,,,,,,,,,,,,,,,,,,,,,,,,,,,,,,,
rsg_object_detection,frame_trace,1807,rsg_20260806_117_004900000_001807,sent_to_hydra,,,,,,,,,,,634.8305749997962,ok,10.923093999736011,532.1530789951794,89.69301999604795,0.13750400103162974,89.55551599501632,0.0023679895093664527,1.2330900062806904,3.661096008727327,328.12519700382836,17.20598799875006,0.008959992555901408,349.00124100386165,89.9510350136552,18.269189007696696,5.169643976842053,36.99370798130985,28.811996016884223,51.311435003299266,3.5665019822772592,1.4188210043357685,0.3570899862097576,1.58537901006639,0.68972900044173,0.005120004061609507,148.90303200809285,8.656178004457615,0.16867199155967683,24.13416199851781,0.056703982409089804,6.403277002391405,5.735467988415621,0.10764799662865698,0.5601610173471272,3.5130309988744557,1.0022100032074377,0.00457599526271224,2.059014019323513,8,0,8,0,0,,,,,,,,,,,,,,
rsg_object_detection,dropped_oldest,1816,rsg_20260806_117_704899999_001816,dropped,True,fifo_cached_frame,1798,187,0,1609,187,0,1,0.0,52.628302000812255,frame_fifo_full,,,,,,,,,,,,,,,,,,,,,,,,,,,,,,,,,,,,,,,,,,,,,,,,,,,,,,,,
rsg_object_detection,dropped_oldest,1817,rsg_20260806_117_754900000_001817,dropped,True,fifo_cached_frame,1799,187,0,1610,187,0,1,0.0,37.376975000370294,frame_fifo_full,,,,,,,,,,,,,,,,,,,,,,,,,,,,,,,,,,,,,,,,,,,,,,,,,,,,,,,,
rsg_object_detection,dropped_oldest,1818,rsg_20260806_117_804900000_001818,dropped,True,fifo_cached_frame,1800,187,0,1611,187,0,1,0.0,110.2307590044802,frame_fifo_full,,,,,,,,,,,,,,,,,,,,,,,,,,,,,,,,,,,,,,,,,,,,,,,,,,,,,,,,
rsg_object_detection,dropped_oldest,1819,rsg_20260806_117_904899999_001819,dropped,True,fifo_cached_frame,1801,187,0,1612,187,0,1,0.0,100.65819500596263,frame_fifo_full,,,,,,,,,,,,,,,,,,,,,,,,,,,,,,,,,,,,,,,,,,,,,,,,,,,,,,,,
rsg_object_detection,dropped_oldest,1820,rsg_20260806_118_004900000_001820,dropped,True,fifo_cached_frame,1802,187,0,1613,187,0,1,0.0,66.69473099464085,frame_fifo_full,,,,,,,,,,,,,,,,,,,,,,,,,,,,,,,,,,,,,,,,,,,,,,,,,,,,,,,,
rsg_object_detection,dropped_oldest,1821,rsg_20260806_118_054900000_001821,dropped,True,fifo_cached_frame,1803,187,0,1614,187,0,1,0.0,104.82370399404317,frame_fifo_full,,,,,,,,,,,,,,,,,,,,,,,,,,,,,,,,,,,,,,,,,,,,,,,,,,,,,,,,
rsg_object_detection,dropped_oldest,1822,rsg_20260806_118_104900000_001822,dropped,True,fifo_cached_frame,1804,187,0,1615,187,0,1,0.0,6.9014219916425645,frame_fifo_full,,,,,,,,,,,,,,,,,,,,,,,,,,,,,,,,,,,,,,,,,,,,,,,,,,,,,,,,
rsg_object_detection,dropped_oldest,1823,rsg_20260806_118_154899999_001823,dropped,True,fifo_cached_frame,1805,187,0,1616,188,0,1,0.0,33.49181299563497,frame_fifo_full,,,,,,,,,,,,,,,,,,,,,,,,,,,,,,,,,,,,,,,,,,,,,,,,,,,,,,,,
rsg_object_detection,frame_trace,1815,rsg_20260806_117_604900000_001815,sent_to_hydra,,,,,,,,,,,592.9603710101219,ok,16.170112998224795,514.2653270013398,60.21606200374663,0.16249601321760565,60.05356599052902,0.0031040108297020197,1.0608020093059167,0.16201699327211827,343.52055699855555,13.909756991779432,0.006432004738599062,357.5987629883457,66.74615299561992,22.029102008673362,3.552806985680945,25.9418450150406,14.531134016579017,43.03800899651833,4.599848005454987,2.283206020365469,0.42381098319310695,1.4950750046409667,0.28809599461965263,0.006303991540335119,118.90101399330888,2.7867259923368692,0.3023689932888374,33.56653300579637,0.049120018957182765,10.849557991605252,10.13928500469774,0.13190400204621255,0.5783689848612994,4.463368997676298,0.8507539896527305,0.00643201929051429,2.305764995981008,8,0,8,0,0,,,,,,,,,,,,,,
rsg_object_detection,dropped_oldest,1825,rsg_20260806_118_254900000_001825,dropped,True,fifo_cached_frame,1807,188,0,1617,188,0,1,0.0,52.57114800042473,frame_fifo_full,,,,,,,,,,,,,,,,,,,,,,,,,,,,,,,,,,,,,,,,,,,,,,,,,,,,,,,,
rsg_object_detection,dropped_oldest,1826,rsg_20260806_118_304900000_001826,dropped,True,fifo_cached_frame,1808,188,0,1618,188,0,1,0.0,48.120610998012125,frame_fifo_full,,,,,,,,,,,,,,,,,,,,,,,,,,,,,,,,,,,,,,,,,,,,,,,,,,,,,,,,
rsg_object_detection,dropped_oldest,1827,rsg_20260806_118_354900000_001827,dropped,True,fifo_cached_frame,1809,188,0,1619,188,0,1,0.0,41.52162199898157,frame_fifo_full,,,,,,,,,,,,,,,,,,,,,,,,,,,,,,,,,,,,,,,,,,,,,,,,,,,,,,,,
rsg_object_detection,dropped_oldest,1828,rsg_20260806_118_404899999_001828,dropped,True,fifo_cached_frame,1810,188,0,1620,188,0,1,0.0,102.71755600115284,frame_fifo_full,,,,,,,,,,,,,,,,,,,,,,,,,,,,,,,,,,,,,,,,,,,,,,,,,,,,,,,,
rsg_object_detection,dropped_oldest,1829,rsg_20260806_118_504900000_001829,dropped,True,fifo_cached_frame,1811,188,0,1621,188,0,1,0.0,48.16336299700197,frame_fifo_full,,,,,,,,,,,,,,,,,,,,,,,,,,,,,,,,,,,,,,,,,,,,,,,,,,,,,,,,
rsg_object_detection,dropped_oldest,1830,rsg_20260806_118_554900000_001830,dropped,True,fifo_cached_frame,1812,188,0,1622,188,0,1,0.0,119.64037499274127,frame_fifo_full,,,,,,,,,,,,,,,,,,,,,,,,,,,,,,,,,,,,,,,,,,,,,,,,,,,,,,,,
rsg_object_detection,dropped_oldest,1831,rsg_20260806_118_654899999_001831,dropped,True,fifo_cached_frame,1813,188,0,1623,188,0,1,0.0,84.8735830077203,frame_fifo_full,,,,,,,,,,,,,,,,,,,,,,,,,,,,,,,,,,,,,,,,,,,,,,,,,,,,,,,,
rsg_object_detection,frame_trace,1824,rsg_20260806_118_204899999_001824,sent_to_hydra,,,,,,,,,,,547.1460889966693,ok,10.722517996327952,529.8560049996013,4.148775988142006,0.18387199088465422,3.964903997257352,0.0026560010155662894,1.6248350002570078,0.30288100242614746,325.2068149886327,23.542768001789227,0.007232010830193758,349.05969600367825,52.688748997752555,18.47613499558065,4.876745006185956,13.870877985027619,14.795613999012858,76.25676499446854,3.309383988380432,0.6833289953647181,0.35206403117626905,1.4978910039644688,0.5181129963602871,0.0057919969549402595,135.33077499596402,6.080972991185263,0.1584959973115474,37.550125998677686,0.05110401252750307,6.297676998656243,5.726347997551784,0.09846501052379608,0.4728639905806631,3.7122630019439384,0.7071379950502887,0.005440000677481294,2.4161340115824714,8,0,8,0,0,,,,,,,,,,,,,,
rsg_object_detection,dropped_oldest,1833,rsg_20260806_118_804900000_001833,dropped,True,fifo_cached_frame,1815,189,0,1624,189,0,1,0.0,97.79847400204744,frame_fifo_full,,,,,,,,,,,,,,,,,,,,,,,,,,,,,,,,,,,,,,,,,,,,,,,,,,,,,,,,
rsg_object_detection,dropped_oldest,1834,rsg_20260806_118_904899999_001834,dropped,True,fifo_cached_frame,1816,189,0,1625,189,0,1,0.0,51.45044199889526,frame_fifo_full,,,,,,,,,,,,,,,,,,,,,,,,,,,,,,,,,,,,,,,,,,,,,,,,,,,,,,,,
rsg_object_detection,dropped_oldest,1835,rsg_20260806_118_954899999_001835,dropped,True,fifo_cached_frame,1817,189,0,1626,189,0,1,0.0,51.086601000861265,frame_fifo_full,,,,,,,,,,,,,,,,,,,,,,,,,,,,,,,,,,,,,,,,,,,,,,,,,,,,,,,,
rsg_object_detection,dropped_oldest,1836,rsg_20260806_119_004900000_001836,dropped,True,fifo_cached_frame,1818,189,0,1627,189,0,1,0.0,98.10052100510802,frame_fifo_full,,,,,,,,,,,,,,,,,,,,,,,,,,,,,,,,,,,,,,,,,,,,,,,,,,,,,,,,
rsg_object_detection,dropped_oldest,1837,rsg_20260806_119_104900000_001837,dropped,True,fifo_cached_frame,1819,189,0,1628,189,0,1,0.0,51.490184996509925,frame_fifo_full,,,,,,,,,,,,,,,,,,,,,,,,,,,,,,,,,,,,,,,,,,,,,,,,,,,,,,,,
rsg_object_detection,dropped_oldest,1838,rsg_20260806_119_154899999_001838,dropped,True,fifo_cached_frame,1820,189,0,1629,189,0,1,0.0,179.63444600172807,frame_fifo_full,,,,,,,,,,,,,,,,,,,,,,,,,,,,,,,,,,,,,,,,,,,,,,,,,,,,,,,,
rsg_object_detection,dropped_oldest,1839,rsg_20260806_119_254900000_001839,dropped,True,fifo_cached_frame,1821,189,0,1630,189,0,1,0.0,3.8713350077159703,frame_fifo_full,,,,,,,,,,,,,,,,,,,,,,,,,,,,,,,,,,,,,,,,,,,,,,,,,,,,,,,,
rsg_object_detection,dropped_oldest,1840,rsg_20260806_119_304900000_001840,dropped,True,fifo_cached_frame,1822,189,0,1631,190,0,1,0.0,36.00266600551549,frame_fifo_full,,,,,,,,,,,,,,,,,,,,,,,,,,,,,,,,,,,,,,,,,,,,,,,,,,,,,,,,
rsg_object_detection,frame_trace,1832,rsg_20260806_118_754900000_001832,sent_to_hydra,,,,,,,,,,,590.0201860058587,ok,20.106825002585538,527.8887939930428,39.78830600681249,0.15542500477749854,39.63288100203499,0.0027520000003278255,3.654439002275467,3.37968701205682,311.3615369948093,21.018219005782157,0.009631985449232161,335.7690749980975,82.66218399512582,41.369236016180366,4.922218024148606,14.704861969221383,20.867947008810006,59.59330601035617,2.8284849831834435,0.8677140140207484,0.33168098889291286,1.3877469900762662,0.44390500988811255,0.0053440016927197576,148.13815800880548,5.40058700426016,1.535490999231115,33.338500012177974,0.05254396819509566,14.138972997898236,13.466810996760614,0.10220801050309092,0.5699539906345308,3.8922959938645363,2.0698280131909996,0.005727997631765902,2.2335090034175664,8,0,8,0,0,,,,,,,,,,,,,,
rsg_object_detection,dropped_oldest,1842,rsg_20260806_119_404899999_001842,dropped,True,fifo_cached_frame,1824,190,0,1632,190,0,1,0.0,96.53530099603813,frame_fifo_full,,,,,,,,,,,,,,,,,,,,,,,,,,,,,,,,,,,,,,,,,,,,,,,,,,,,,,,,
rsg_object_detection,dropped_oldest,1843,rsg_20260806_119_504900000_001843,dropped,True,fifo_cached_frame,1825,190,0,1633,190,0,1,0.0,51.083015991025604,frame_fifo_full,,,,,,,,,,,,,,,,,,,,,,,,,,,,,,,,,,,,,,,,,,,,,,,,,,,,,,,,
rsg_object_detection,dropped_oldest,1844,rsg_20260806_119_554900000_001844,dropped,True,fifo_cached_frame,1826,190,0,1634,190,0,1,0.0,101.21047800930683,frame_fifo_full,,,,,,,,,,,,,,,,,,,,,,,,,,,,,,,,,,,,,,,,,,,,,,,,,,,,,,,,
rsg_object_detection,dropped_oldest,1845,rsg_20260806_119_654899999_001845,dropped,True,fifo_cached_frame,1827,190,0,1635,190,0,1,0.0,112.30317200534046,frame_fifo_full,,,,,,,,,,,,,,,,,,,,,,,,,,,,,,,,,,,,,,,,,,,,,,,,,,,,,,,,
rsg_object_detection,dropped_oldest,1846,rsg_20260806_119_754900000_001846,dropped,True,fifo_cached_frame,1828,190,0,1636,190,0,1,0.0,36.89015501004178,frame_fifo_full,,,,,,,,,,,,,,,,,,,,,,,,,,,,,,,,,,,,,,,,,,,,,,,,,,,,,,,,
rsg_object_detection,dropped_oldest,1847,rsg_20260806_119_804900000_001847,dropped,True,fifo_cached_frame,1829,190,0,1637,190,0,1,0.0,49.8523260030197,frame_fifo_full,,,,,,,,,,,,,,,,,,,,,,,,,,,,,,,,,,,,,,,,,,,,,,,,,,,,,,,,
rsg_object_detection,frame_trace,1841,rsg_20260806_119_354900000_001841,sent_to_hydra,,,,,,,,,,,492.40090799867176,ok,15.996608999557793,468.75890700903255,5.223722997470759,0.14428900612983853,5.07943399134092,0.0035519915400072932,2.4644210061524063,0.21936101256869733,315.36326599598397,13.914397000917234,0.00553599966224283,329.50256000913214,41.56705997593235,15.172832005191594,3.1867240031715482,6.111183000029996,16.3992000016151,45.33596499823034,5.28119299269747,5.184941008337773,0.4276480322005227,1.4822749944869429,0.42275300074834377,0.00454401015304029,99.72413899959065,6.373485011863522,0.15900799189694226,30.48130999377463,0.053983996622264385,11.417750996770337,10.523478005779907,0.09670401050243527,0.7975689804879948,3.8273039972409606,0.7456339953932911,0.005920010153204203,2.418117001070641,8,0,8,0,0,,,,,,,,,,,,,,
rsg_object_detection,dropped_oldest,1849,rsg_20260806_119_904899999_001849,dropped,True,fifo_cached_frame,1831,191,0,1638,191,0,1,0.0,90.28959200077225,frame_fifo_full,,,,,,,,,,,,,,,,,,,,,,,,,,,,,,,,,,,,,,,,,,,,,,,,,,,,,,,,
rsg_object_detection,dropped_oldest,1850,rsg_20260806_120_004900000_001850,dropped,True,fifo_cached_frame,1832,191,0,1639,191,0,1,0.0,48.40563399193343,frame_fifo_full,,,,,,,,,,,,,,,,,,,,,,,,,,,,,,,,,,,,,,,,,,,,,,,,,,,,,,,,
rsg_object_detection,dropped_oldest,1851,rsg_20260806_120_054900000_001851,dropped,True,fifo_cached_frame,1833,191,0,1640,191,0,1,0.0,111.47724799229763,frame_fifo_full,,,,,,,,,,,,,,,,,,,,,,,,,,,,,,,,,,,,,,,,,,,,,,,,,,,,,,,,
rsg_object_detection,dropped_oldest,1852,rsg_20260806_120_154899999_001852,dropped,True,fifo_cached_frame,1834,191,0,1641,191,0,1,0.0,89.17285199277103,frame_fifo_full,,,,,,,,,,,,,,,,,,,,,,,,,,,,,,,,,,,,,,,,,,,,,,,,,,,,,,,,
rsg_object_detection,dropped_oldest,1853,rsg_20260806_120_254900000_001853,dropped,True,fifo_cached_frame,1835,191,0,1642,191,0,1,0.0,133.29534100193996,frame_fifo_full,,,,,,,,,,,,,,,,,,,,,,,,,,,,,,,,,,,,,,,,,,,,,,,,,,,,,,,,
rsg_object_detection,frame_trace,1848,rsg_20260806_119_854900000_001848,sent_to_hydra,,,,,,,,,,,543.7254820135422,ok,16.502369006047957,491.1065280030016,33.894981010234915,0.15235200407914817,33.74262900615577,0.00313599593937397,7.377743007964455,0.2081279963022098,315.05839800229296,19.173446999047883,0.008735994924791157,334.44870899256784,47.8859199793078,19.118502983474173,3.473574004601687,5.9821230097441,18.488359011826105,46.11718100204598,3.22614997276105,1.0780509910546243,0.40611205622553825,1.5213789884001017,0.740577990654856,0.005887995939701796,101.00049100583419,10.725589003413916,0.15900899597909302,37.34167499351315,0.05331200372893363,10.276116998284124,9.592147005605511,0.09945599595084786,0.5845139967277646,5.505451001226902,0.7163850095821545,0.004415996954776347,2.218467998318374,8,0,8,0,0,,,,,,,,,,,,,,
rsg_object_detection,dropped_oldest,1855,rsg_20260806_120_454899999_001855,dropped,True,fifo_cached_frame,1837,192,0,1643,192,0,1,0.0,50.260805001016706,frame_fifo_full,,,,,,,,,,,,,,,,,,,,,,,,,,,,,,,,,,,,,,,,,,,,,,,,,,,,,,,,
rsg_object_detection,dropped_oldest,1856,rsg_20260806_120_504900000_001856,dropped,True,fifo_cached_frame,1838,192,0,1644,192,0,1,0.0,48.046879994217306,frame_fifo_full,,,,,,,,,,,,,,,,,,,,,,,,,,,,,,,,,,,,,,,,,,,,,,,,,,,,,,,,
rsg_object_detection,dropped_oldest,1857,rsg_20260806_120_554900000_001857,dropped,True,fifo_cached_frame,1839,192,0,1645,192,0,1,0.0,51.694216002942994,frame_fifo_full,,,,,,,,,,,,,,,,,,,,,,,,,,,,,,,,,,,,,,,,,,,,,,,,,,,,,,,,
rsg_object_detection,dropped_oldest,1858,rsg_20260806_120_604900000_001858,dropped,True,fifo_cached_frame,1840,192,0,1646,192,0,1,0.0,60.67132198950276,frame_fifo_full,,,,,,,,,,,,,,,,,,,,,,,,,,,,,,,,,,,,,,,,,,,,,,,,,,,,,,,,
rsg_object_detection,dropped_oldest,1859,rsg_20260806_120_654899999_001859,dropped,True,fifo_cached_frame,1841,192,0,1647,192,0,1,0.0,98.43472599459346,frame_fifo_full,,,,,,,,,,,,,,,,,,,,,,,,,,,,,,,,,,,,,,,,,,,,,,,,,,,,,,,,
rsg_object_detection,dropped_oldest,1860,rsg_20260806_120_754900000_001860,dropped,True,fifo_cached_frame,1842,192,0,1648,192,0,1,0.0,42.31493400584441,frame_fifo_full,,,,,,,,,,,,,,,,,,,,,,,,,,,,,,,,,,,,,,,,,,,,,,,,,,,,,,,,
rsg_object_detection,dropped_oldest,1861,rsg_20260806_120_804900000_001861,dropped,True,fifo_cached_frame,1843,192,0,1649,192,0,1,0.0,111.42988799838349,frame_fifo_full,,,,,,,,,,,,,,,,,,,,,,,,,,,,,,,,,,,,,,,,,,,,,,,,,,,,,,,,
rsg_object_detection,frame_trace,1854,rsg_20260806_120_354900000_001854,sent_to_hydra,,,,,,,,,,,616.6014970076503,ok,13.25077899673488,567.0234440040076,33.93466101260856,0.14646501222159714,33.78819600038696,0.007296010153368115,1.1602579907048494,0.28937699971720576,379.96735599881504,19.1496699990239,0.007743990863673389,399.4141469884198,71.98904000688344,28.197432999149896,3.6802629911107942,22.15390102355741,17.113089983467944,48.720609993324615,5.0924279930768535,1.3950410211691633,0.40665798587724566,1.4863390097161755,0.4732810048153624,0.004640009137801826,129.58800500200596,5.85889199282974,0.14774400915484875,30.80847799719777,0.04592002369463444,6.905645990627818,6.254891995922662,0.10006400407291949,0.550689990632236,5.665226999553852,0.6747540028300136,0.005152003723196685,2.385316984145902,8,0,8,0,0,,,,,,,,,,,,,,
rsg_object_detection,dropped_oldest,1863,rsg_20260806_121_004900000_001863,dropped,True,fifo_cached_frame,1845,193,0,1650,193,0,1,0.0,24.499474006006494,frame_fifo_full,,,,,,,,,,,,,,,,,,,,,,,,,,,,,,,,,,,,,,,,,,,,,,,,,,,,,,,,
rsg_object_detection,dropped_oldest,1864,rsg_20260806_121_054900000_001864,dropped,True,fifo_cached_frame,1846,193,0,1651,193,0,1,0.0,99.43303000181913,frame_fifo_full,,,,,,,,,,,,,,,,,,,,,,,,,,,,,,,,,,,,,,,,,,,,,,,,,,,,,,,,
rsg_object_detection,dropped_oldest,1865,rsg_20260806_121_154899999_001865,dropped,True,fifo_cached_frame,1847,193,0,1652,193,0,1,0.0,50.35757199220825,frame_fifo_full,,,,,,,,,,,,,,,,,,,,,,,,,,,,,,,,,,,,,,,,,,,,,,,,,,,,,,,,
rsg_object_detection,dropped_oldest,1866,rsg_20260806_121_204899999_001866,dropped,True,fifo_cached_frame,1848,193,0,1653,193,0,1,0.0,108.72786400432233,frame_fifo_full,,,,,,,,,,,,,,,,,,,,,,,,,,,,,,,,,,,,,,,,,,,,,,,,,,,,,,,,
rsg_object_detection,dropped_oldest,1867,rsg_20260806_121_304900000_001867,dropped,True,fifo_cached_frame,1849,193,0,1654,193,0,1,0.0,91.87192699755542,frame_fifo_full,,,,,,,,,,,,,,,,,,,,,,,,,,,,,,,,,,,,,,,,,,,,,,,,,,,,,,,,
rsg_object_detection,dropped_oldest,1868,rsg_20260806_121_404899999_001868,dropped,True,fifo_cached_frame,1850,193,0,1655,193,0,1,0.0,51.21853400487453,frame_fifo_full,,,,,,,,,,,,,,,,,,,,,,,,,,,,,,,,,,,,,,,,,,,,,,,,,,,,,,,,
rsg_object_detection,dropped_oldest,1869,rsg_20260806_121_454899999_001869,dropped,True,fifo_cached_frame,1851,193,0,1656,193,0,1,0.0,98.76714000711218,frame_fifo_full,,,,,,,,,,,,,,,,,,,,,,,,,,,,,,,,,,,,,,,,,,,,,,,,,,,,,,,,
rsg_object_detection,frame_trace,1862,rsg_20260806_120_904899999_001862,sent_to_hydra,,,,,,,,,,,688.543803000357,ok,12.894778003101237,563.6022079997929,109.01497199665755,0.15427300240844488,108.8606989942491,0.004159999662078917,7.2976780065800995,0.24860899429768324,387.3482579947449,19.149797997670248,0.008256014552898705,406.75492100126576,53.3394660014892,23.168877974967472,3.6316229816293344,6.7799490061588585,19.042822968913242,43.91416699218098,4.0741520206211135,3.526471002260223,0.44966497807763517,1.5251870063366368,0.7219530089059845,0.006272006430663168,107.58379699836951,10.47758900676854,0.1346240023849532,31.30668700032402,0.04691198410000652,8.57832099427469,7.844848005333915,0.0908799993339926,0.6425929896067828,3.4733829961623996,0.8378579950658605,0.005216017598286271,3.0276850011432543,8,0,8,0,0,,,,,,,,,,,,,,
rsg_object_detection,dropped_oldest,1871,rsg_20260806_121_604900000_001871,dropped,True,fifo_cached_frame,1853,194,0,1657,194,0,1,0.0,78.35759500449058,frame_fifo_full,,,,,,,,,,,,,,,,,,,,,,,,,,,,,,,,,,,,,,,,,,,,,,,,,,,,,,,,
rsg_object_detection,dropped_oldest,1872,rsg_20260806_121_654899999_001872,dropped,True,fifo_cached_frame,1854,194,0,1658,194,0,1,0.0,6.6686530044535175,frame_fifo_full,,,,,,,,,,,,,,,,,,,,,,,,,,,,,,,,,,,,,,,,,,,,,,,,,,,,,,,,
rsg_object_detection,dropped_oldest,1873,rsg_20260806_121_704899999_001873,dropped,True,fifo_cached_frame,1855,194,0,1659,194,0,1,0.0,87.12039698730223,frame_fifo_full,,,,,,,,,,,,,,,,,,,,,,,,,,,,,,,,,,,,,,,,,,,,,,,,,,,,,,,,
rsg_object_detection,dropped_oldest,1874,rsg_20260806_121_804900000_001874,dropped,True,fifo_cached_frame,1856,194,0,1660,194,0,1,0.0,63.56483000854496,frame_fifo_full,,,,,,,,,,,,,,,,,,,,,,,,,,,,,,,,,,,,,,,,,,,,,,,,,,,,,,,,
rsg_object_detection,dropped_oldest,1875,rsg_20260806_121_854900000_001875,dropped,True,fifo_cached_frame,1857,194,0,1661,194,0,1,0.0,36.32810398994479,frame_fifo_full,,,,,,,,,,,,,,,,,,,,,,,,,,,,,,,,,,,,,,,,,,,,,,,,,,,,,,,,
rsg_object_detection,dropped_oldest,1876,rsg_20260806_121_904899999_001876,dropped,True,fifo_cached_frame,1858,194,0,1662,194,0,1,0.0,50.460739992558956,frame_fifo_full,,,,,,,,,,,,,,,,,,,,,,,,,,,,,,,,,,,,,,,,,,,,,,,,,,,,,,,,
rsg_object_detection,dropped_oldest,1877,rsg_20260806_121_954899999_001877,dropped,True,fifo_cached_frame,1859,194,0,1663,194,0,1,0.0,468.26677600620314,frame_fifo_full,,,,,,,,,,,,,,,,,,,,,,,,,,,,,,,,,,,,,,,,,,,,,,,,,,,,,,,,
rsg_object_detection,dropped_oldest,1878,rsg_20260806_122_054900000_001878,dropped,True,fifo_cached_frame,1860,194,0,1664,194,0,1,0.0,3.259782009990886,frame_fifo_full,,,,,,,,,,,,,,,,,,,,,,,,,,,,,,,,,,,,,,,,,,,,,,,,,,,,,,,,
rsg_object_detection,dropped_oldest,1879,rsg_20260806_122_154899999_001879,dropped,True,fifo_cached_frame,1861,194,0,1665,194,0,1,0.0,2.8682620031759143,frame_fifo_full,,,,,,,,,,,,,,,,,,,,,,,,,,,,,,,,,,,,,,,,,,,,,,,,,,,,,,,,
rsg_object_detection,dropped_oldest,1880,rsg_20260806_122_254900000_001880,dropped,True,fifo_cached_frame,1862,194,0,1666,194,0,1,0.0,3.152165998471901,frame_fifo_full,,,,,,,,,,,,,,,,,,,,,,,,,,,,,,,,,,,,,,,,,,,,,,,,,,,,,,,,
rsg_object_detection,dropped_oldest,1881,rsg_20260806_122_304900000_001881,dropped,True,fifo_cached_frame,1863,194,0,1667,194,0,1,0.0,3.613958993810229,frame_fifo_full,,,,,,,,,,,,,,,,,,,,,,,,,,,,,,,,,,,,,,,,,,,,,,,,,,,,,,,,
rsg_object_detection,dropped_oldest,1882,rsg_20260806_122_354900000_001882,dropped,True,fifo_cached_frame,1864,194,0,1668,194,0,1,0.0,4.258439992554486,frame_fifo_full,,,,,,,,,,,,,,,,,,,,,,,,,,,,,,,,,,,,,,,,,,,,,,,,,,,,,,,,
rsg_object_detection,dropped_oldest,1883,rsg_20260806_122_404899999_001883,dropped,True,fifo_cached_frame,1865,194,0,1669,194,0,1,0.0,17.74355499946978,frame_fifo_full,,,,,,,,,,,,,,,,,,,,,,,,,,,,,,,,,,,,,,,,,,,,,,,,,,,,,,,,
rsg_object_detection,frame_trace,1870,rsg_20260806_121_554900000_001870,sent_to_hydra,,,,,,,,,,,955.8927020116244,ok,10.543221011175774,870.179603996803,72.88308801071253,0.15676800103392452,72.7263200096786,0.0028160138754174113,8.585873001720756,0.23737599258311093,341.34000599442516,17.13264199497644,0.008480012184008956,358.7185039941687,53.91044303542003,15.457597997738048,3.8257050182437524,18.681510002352297,15.2618839929346,400.26353699795436,3.430279000895098,5.953803993179463,0.36723197263199836,1.8199070036644116,0.4282570007489994,0.005023990524932742,466.1949630099116,4.018695995910093,0.13900799967814237,32.4809280136833,0.04163198173046112,5.849324006703682,5.232297990005463,0.09094399865716696,0.5260820180410519,3.647334990091622,1.0402900079498067,0.006272006430663168,2.2839729790575802,8,0,8,0,0,,,,,,,,,,,,,,
rsg_object_detection,dropped_oldest,1885,rsg_20260806_122_554900000_001885,dropped,True,fifo_cached_frame,1867,195,0,1670,195,0,1,0.0,47.705277989734896,frame_fifo_full,,,,,,,,,,,,,,,,,,,,,,,,,,,,,,,,,,,,,,,,,,,,,,,,,,,,,,,,
rsg_object_detection,,600,rsg_20260806_45_104880000_000600,vlm_done,,,,,,,,,,,,ok,,,,,,,,,,,,,,,,,,,,,,,,,,,,,,,,,,,,,,,,,,,rsg_obj_000068,rsg_unknown_rsg_20260806_45_104880000_000600_007_nanosam_003,,,2,0.6812695760494869,whiteboard,0.97,static,0.99,5763.365628008614,72089.28126998944,qwen_http,Qwen3-VL-8B-Instruct-GGUF
rsg_object_detection,completed,600,rsg_20260806_45_104880000_000600,,,,,,,,,,,66325.91368998692,,vlm_done,,,,,,,,,,,,,,,,,,,,,,,,,,,,,,,,,,,,,,,,,,,rsg_obj_000068,rsg_unknown_rsg_20260806_45_104880000_000600_007_nanosam_003,60,300,2,0.6812695760494869,,,,,,,,
rsg_object_detection,dropped_oldest,1886,rsg_20260806_122_604900000_001886,dropped,True,fifo_cached_frame,1868,195,0,1671,195,0,1,0.0,133.86467899545096,frame_fifo_full,,,,,,,,,,,,,,,,,,,,,,,,,,,,,,,,,,,,,,,,,,,,,,,,,,,,,,,,
rsg_object_detection,dropped_oldest,1887,rsg_20260806_122_704899999_001887,dropped,True,fifo_cached_frame,1869,195,0,1672,195,0,1,0.0,18.01321899984032,frame_fifo_full,,,,,,,,,,,,,,,,,,,,,,,,,,,,,,,,,,,,,,,,,,,,,,,,,,,,,,,,
rsg_object_detection,dequeued,587,rsg_20260806_44_154879999_000587,,,,,,,,,,,72122.21576100274,,fifo_order,,,,,,,,,,,,,,,,,,,,,,,,,,,,,,,,,,,,,,,,,,,rsg_obj_000069,rsg_unknown_rsg_20260806_44_154879999_000587_006_nanosam_003,59,300,1,0.6829475286448778,,,,,,,,
rsg_object_detection,dropped_oldest,1888,rsg_20260806_122_754900000_001888,dropped,True,fifo_cached_frame,1870,195,0,1673,195,0,1,0.0,133.0251239996869,frame_fifo_full,,,,,,,,,,,,,,,,,,,,,,,,,,,,,,,,,,,,,,,,,,,,,,,,,,,,,,,,
rsg_object_detection,dropped_oldest,1889,rsg_20260806_122_854900000_001889,dropped,True,fifo_cached_frame,1871,195,0,1674,195,0,1,0.0,33.039873000234365,frame_fifo_full,,,,,,,,,,,,,,,,,,,,,,,,,,,,,,,,,,,,,,,,,,,,,,,,,,,,,,,,
rsg_object_detection,dropped_oldest,1890,rsg_20260806_122_904899999_001890,dropped,True,fifo_cached_frame,1872,195,0,1675,195,0,1,0.0,44.53256700071506,frame_fifo_full,,,,,,,,,,,,,,,,,,,,,,,,,,,,,,,,,,,,,,,,,,,,,,,,,,,,,,,,
rsg_object_detection,frame_trace,1884,rsg_20260806_122_454899999_001884,sent_to_hydra,,,,,,,,,,,516.1743880016729,ok,13.130618011928163,424.1521279909648,76.48482199874707,0.16620899259578437,76.31861300615128,0.005887995939701796,2.6169979973929003,0.19936000171583146,212.08502400259022,20.988104995922185,0.006144007784314454,233.27863300801255,67.16841900197323,20.56266600266099,4.456294002011418,14.999646969954483,26.204114998108707,72.26334200822748,4.014345016912557,1.0039370245067403,0.4192649503238499,1.8173150019720197,0.34137700276914984,0.006624002708122134,147.06127998942975,7.720782989053987,0.1526080013718456,33.27571399859153,0.04611200711224228,8.773584995651618,8.141647995216772,0.09456000407226384,0.5373769963625818,3.621415002271533,0.7296980038518086,0.005920010153204203,2.4009320040931925,8,0,8,0,0,,,,,,,,,,,,,,
rsg_object_detection,dropped_oldest,1892,rsg_20260806_123_004900000_001892,dropped,True,fifo_cached_frame,1874,196,0,1676,196,0,1,0.0,97.39555000851396,frame_fifo_full,,,,,,,,,,,,,,,,,,,,,,,,,,,,,,,,,,,,,,,,,,,,,,,,,,,,,,,,
rsg_object_detection,dropped_oldest,1893,rsg_20260806_123_104900000_001893,dropped,True,fifo_cached_frame,1875,196,0,1677,196,0,1,0.0,51.046370004769415,frame_fifo_full,,,,,,,,,,,,,,,,,,,,,,,,,,,,,,,,,,,,,,,,,,,,,,,,,,,,,,,,
rsg_object_detection,dropped_oldest,1894,rsg_20260806_123_154899999_001894,dropped,True,fifo_cached_frame,1876,196,0,1678,196,0,1,0.0,52.84733499865979,frame_fifo_full,,,,,,,,,,,,,,,,,,,,,,,,,,,,,,,,,,,,,,,,,,,,,,,,,,,,,,,,
rsg_object_detection,dropped_oldest,1895,rsg_20260806_123_204899999_001895,dropped,True,fifo_cached_frame,1877,196,0,1679,196,0,1,0.0,117.48464399715886,frame_fifo_full,,,,,,,,,,,,,,,,,,,,,,,,,,,,,,,,,,,,,,,,,,,,,,,,,,,,,,,,
rsg_object_detection,dropped_oldest,1896,rsg_20260806_123_304900000_001896,dropped,True,fifo_cached_frame,1878,196,0,1680,196,0,1,0.0,107.42036798910704,frame_fifo_full,,,,,,,,,,,,,,,,,,,,,,,,,,,,,,,,,,,,,,,,,,,,,,,,,,,,,,,,
rsg_object_detection,frame_trace,1891,rsg_20260806_122_954899999_001891,sent_to_hydra,,,,,,,,,,,480.59728399675805,ok,10.851957005797885,435.1574189931853,32.46185599709861,0.13964799290988594,32.322208004188724,0.001887994585558772,2.5818610010901466,0.1880000054370612,249.26009999762755,16.666751995217055,0.005856010830029845,266.1207080091117,66.39392001670785,14.046236014110036,3.7727099988842383,15.998527989722788,32.062397003755905,54.55012200400233,3.2819259795360267,1.3185949646867812,0.3087040386162698,1.5454749955097213,0.8430419984506443,0.006239992217160761,128.26818400935736,5.175017999135889,0.16438400780316442,32.80755200830754,0.03971195837948471,6.715052993968129,6.125644009443931,0.12937700375914574,0.46003198076505214,3.5020869981963187,0.6294729973888025,0.005344016244634986,2.124164006090723,7,0,7,0,0,,,,,,,,,,,,,,
rsg_object_detection,dropped_oldest,1898,rsg_20260806_123_504900000_001898,dropped,True,fifo_cached_frame,1880,197,0,1681,197,0,1,0.0,48.698365993914194,frame_fifo_full,,,,,,,,,,,,,,,,,,,,,,,,,,,,,,,,,,,,,,,,,,,,,,,,,,,,,,,,
rsg_object_detection,dropped_oldest,1899,rsg_20260806_123_554900000_001899,dropped,True,fifo_cached_frame,1881,197,0,1682,197,0,1,0.0,48.2390690012835,frame_fifo_full,,,,,,,,,,,,,,,,,,,,,,,,,,,,,,,,,,,,,,,,,,,,,,,,,,,,,,,,
rsg_object_detection,dropped_oldest,1900,rsg_20260806_123_604900000_001900,dropped,True,fifo_cached_frame,1882,197,0,1683,197,0,1,0.0,52.2287409985438,frame_fifo_full,,,,,,,,,,,,,,,,,,,,,,,,,,,,,,,,,,,,,,,,,,,,,,,,,,,,,,,,
rsg_object_detection,dropped_oldest,1901,rsg_20260806_123_654899999_001901,dropped,True,fifo_cached_frame,1883,197,0,1684,197,0,1,0.0,101.08950700669084,frame_fifo_full,,,,,,,,,,,,,,,,,,,,,,,,,,,,,,,,,,,,,,,,,,,,,,,,,,,,,,,,
rsg_object_detection,dropped_oldest,1902,rsg_20260806_123_754900000_001902,dropped,True,fifo_cached_frame,1884,197,0,1685,197,0,1,0.0,117.35062699881382,frame_fifo_full,,,,,,,,,,,,,,,,,,,,,,,,,,,,,,,,,,,,,,,,,,,,,,,,,,,,,,,,
rsg_object_detection,dropped_oldest,1903,rsg_20260806_123_854900000_001903,dropped,True,fifo_cached_frame,1885,197,0,1686,197,0,1,0.0,35.761701001320034,frame_fifo_full,,,,,,,,,,,,,,,,,,,,,,,,,,,,,,,,,,,,,,,,,,,,,,,,,,,,,,,,
rsg_object_detection,frame_trace,1897,rsg_20260806_123_404899999_001897,sent_to_hydra,,,,,,,,,,,527.2993560065515,ok,9.759059001225978,481.08873900491744,34.24211400852073,0.13606400170829147,34.10605000681244,0.002496002707630396,3.4065990039380267,0.2700160111999139,297.48255999584217,19.089220993919298,0.007264010491780937,316.84906101145316,51.55533202923834,16.25744000193663,3.7841039593331516,14.812634981353767,16.171516981557943,61.06840600841679,3.1514299917034805,1.1333140137139708,0.347583947586827,1.470401999540627,0.585216999752447,0.004896995960734785,119.33914299879689,10.637811996275559,0.15206400712486356,30.663260011351667,0.040799975977279246,5.492362004588358,4.879624990280718,0.09187200339511037,0.5208650109125301,3.5332870029378682,0.7280020072357729,0.005407986463978887,2.2069479891797528,7,0,7,0,0,,,,,,,,,,,,,,
rsg_object_detection,dropped_oldest,1905,rsg_20260806_124_004900000_001905,dropped,True,fifo_cached_frame,1887,198,0,1687,198,0,1,0.0,40.84177500044461,frame_fifo_full,,,,,,,,,,,,,,,,,,,,,,,,,,,,,,,,,,,,,,,,,,,,,,,,,,,,,,,,
rsg_object_detection,dropped_oldest,1906,rsg_20260806_124_054900000_001906,dropped,True,fifo_cached_frame,1888,198,0,1688,198,0,1,0.0,41.30001500016078,frame_fifo_full,,,,,,,,,,,,,,,,,,,,,,,,,,,,,,,,,,,,,,,,,,,,,,,,,,,,,,,,
rsg_object_detection,dropped_oldest,1907,rsg_20260806_124_104900000_001907,dropped,True,fifo_cached_frame,1889,198,0,1689,198,0,1,0.0,51.40422600379679,frame_fifo_full,,,,,,,,,,,,,,,,,,,,,,,,,,,,,,,,,,,,,,,,,,,,,,,,,,,,,,,,
rsg_object_detection,dropped_oldest,1908,rsg_20260806_124_154899999_001908,dropped,True,fifo_cached_frame,1890,198,0,1690,198,0,1,0.0,62.538455007597804,frame_fifo_full,,,,,,,,,,,,,,,,,,,,,,,,,,,,,,,,,,,,,,,,,,,,,,,,,,,,,,,,
rsg_object_detection,dropped_oldest,1909,rsg_20260806_124_204899999_001909,dropped,True,fifo_cached_frame,1891,198,0,1691,198,0,1,0.0,88.911018014187,frame_fifo_full,,,,,,,,,,,,,,,,,,,,,,,,,,,,,,,,,,,,,,,,,,,,,,,,,,,,,,,,
rsg_object_detection,dropped_oldest,1910,rsg_20260806_124_304900000_001910,dropped,True,fifo_cached_frame,1892,198,0,1692,198,0,1,0.0,67.39782399381511,frame_fifo_full,,,,,,,,,,,,,,,,,,,,,,,,,,,,,,,,,,,,,,,,,,,,,,,,,,,,,,,,
rsg_object_detection,frame_trace,1904,rsg_20260806_123_904899999_001904,sent_to_hydra,,,,,,,,,,,547.3307759966701,ok,10.82104499801062,461.8719240097562,71.54964200162794,0.14124800509307534,71.40839399653487,0.006176007445901632,1.098977998481132,0.17648100038059056,269.1926109982887,21.474281005794182,0.0063359912019222975,290.8497089956654,58.93729598028585,16.864609002368525,5.193097968003713,18.865345991798677,17.395585993654095,60.88734799413942,3.300262993434444,2.5988530105678365,0.34556901664473116,1.4972189965192229,0.26793600409291685,0.004799992893822491,127.85681999230292,2.8027579974150285,0.1423359935870394,39.065450997441076,0.05587203486356884,6.262891998630948,5.629578998195939,0.09417599358130246,0.5391370068537071,3.8537039945367724,0.6996490119490772,0.004799992893822491,3.0819889798294753,8,0,8,0,0,,,,,,,,,,,,,,
rsg_object_detection,dropped_oldest,1912,rsg_20260806_124_504900000_001912,dropped,True,fifo_cached_frame,1894,199,0,1693,199,0,1,0.0,50.19462399650365,frame_fifo_full,,,,,,,,,,,,,,,,,,,,,,,,,,,,,,,,,,,,,,,,,,,,,,,,,,,,,,,,
rsg_object_detection,dropped_oldest,1913,rsg_20260806_124_554900000_001913,dropped,True,fifo_cached_frame,1895,199,0,1694,199,0,1,0.0,104.42160700040404,frame_fifo_full,,,,,,,,,,,,,,,,,,,,,,,,,,,,,,,,,,,,,,,,,,,,,,,,,,,,,,,,
rsg_object_detection,dropped_oldest,1914,rsg_20260806_124_654899999_001914,dropped,True,fifo_cached_frame,1896,199,0,1695,199,0,1,0.0,49.42194999603089,frame_fifo_full,,,,,,,,,,,,,,,,,,,,,,,,,,,,,,,,,,,,,,,,,,,,,,,,,,,,,,,,
rsg_object_detection,dropped_oldest,1915,rsg_20260806_124_704899999_001915,dropped,True,fifo_cached_frame,1897,199,0,1696,199,0,1,0.0,50.286047990084626,frame_fifo_full,,,,,,,,,,,,,,,,,,,,,,,,,,,,,,,,,,,,,,,,,,,,,,,,,,,,,,,,
rsg_object_detection,dropped_oldest,1916,rsg_20260806_124_754900000_001916,dropped,True,fifo_cached_frame,1898,199,0,1697,199,0,1,0.0,45.99013600090984,frame_fifo_full,,,,,,,,,,,,,,,,,,,,,,,,,,,,,,,,,,,,,,,,,,,,,,,,,,,,,,,,
rsg_object_detection,dropped_oldest,1917,rsg_20260806_124_804900000_001917,dropped,True,fifo_cached_frame,1899,199,0,1698,199,0,1,0.0,130.6042499927571,frame_fifo_full,,,,,,,,,,,,,,,,,,,,,,,,,,,,,,,,,,,,,,,,,,,,,,,,,,,,,,,,
rsg_object_detection,dropped_oldest,1918,rsg_20260806_124_904899999_001918,dropped,True,fifo_cached_frame,1900,199,0,1699,199,0,1,0.0,73.59178799379151,frame_fifo_full,,,,,,,,,,,,,,,,,,,,,,,,,,,,,,,,,,,,,,,,,,,,,,,,,,,,,,,,
rsg_object_detection,frame_trace,1911,rsg_20260806_124_354900000_001911,sent_to_hydra,,,,,,,,,,,647.2302269976353,ok,16.81123200978618,512.4041779927211,115.21106799773406,0.13203200069256127,115.0790359970415,0.005952009814791381,1.0270740021951497,0.19676800002343953,284.50633499596734,16.824449005071074,0.006911999662406743,301.53446400072426,95.83330301393289,42.79291396960616,3.6487090110313147,25.40900799795054,23.159692995250225,70.41024600039236,3.2830779819050804,0.7728340133326128,0.34911998955067247,1.8157799931941554,0.47721700684633106,0.004703993909060955,172.96407400863245,4.723528996692039,0.14319999900180846,31.962428998667747,0.04940798680763692,11.96197498939,11.210740995011292,0.13344000035431236,0.6177939940243959,4.139495998970233,0.7049929990898818,0.004768022336065769,2.797796987579204,8,0,8,0,0,,,,,,,,,,,,,,
rsg_object_detection,dropped_oldest,1920,rsg_20260806_125_054900000_001920,dropped,True,fifo_cached_frame,1902,200,0,1700,200,0,1,0.0,99.44530700158793,frame_fifo_full,,,,,,,,,,,,,,,,,,,,,,,,,,,,,,,,,,,,,,,,,,,,,,,,,,,,,,,,
rsg_object_detection,dropped_oldest,1921,rsg_20260806_125_154899999_001921,dropped,True,fifo_cached_frame,1903,200,0,1701,200,0,1,0.0,52.196546996128745,frame_fifo_full,,,,,,,,,,,,,,,,,,,,,,,,,,,,,,,,,,,,,,,,,,,,,,,,,,,,,,,,
rsg_object_detection,dropped_oldest,1922,rsg_20260806_125_204899999_001922,dropped,True,fifo_cached_frame,1904,200,0,1702,200,0,1,0.0,111.05697699531447,frame_fifo_full,,,,,,,,,,,,,,,,,,,,,,,,,,,,,,,,,,,,,,,,,,,,,,,,,,,,,,,,
rsg_object_detection,dropped_oldest,1923,rsg_20260806_125_304900000_001923,dropped,True,fifo_cached_frame,1905,200,0,1703,200,0,1,0.0,39.83844300091732,frame_fifo_full,,,,,,,,,,,,,,,,,,,,,,,,,,,,,,,,,,,,,,,,,,,,,,,,,,,,,,,,
rsg_object_detection,dropped_oldest,1924,rsg_20260806_125_354900000_001924,dropped,True,fifo_cached_frame,1906,200,0,1704,200,0,1,0.0,126.22622201160993,frame_fifo_full,,,,,,,,,,,,,,,,,,,,,,,,,,,,,,,,,,,,,,,,,,,,,,,,,,,,,,,,
rsg_object_detection,frame_trace,1919,rsg_20260806_125_004900000_001919,sent_to_hydra,,,,,,,,,,,490.56905299948994,ok,11.426390003180131,443.12579500547145,33.63398399960715,0.1757440040819347,33.45823999552522,0.0031039962777867913,1.9432999979471788,0.25286400341428816,277.1784740034491,15.104253005119972,0.007999988156370819,292.5435910001397,51.10399999830406,23.57815799769014,3.3583109761821106,9.529904011287726,13.954682013718411,52.43219500698615,3.29530201270245,0.9362580021843314,0.3715199854923412,1.6322599985869601,0.3045439952984452,0.008096001693047583,110.10836700734217,4.528072997345589,0.1774080010363832,33.77097600605339,0.05407999560702592,5.568042994127609,4.974921001121402,0.10265599121339619,0.49046600179281086,3.8569669995922595,1.9945320091210306,0.006848000339232385,2.3797799949534237,8,0,8,0,0,,,,,,,,,,,,,,
rsg_object_detection,dropped_oldest,1926,rsg_20260806_125_554900000_001926,dropped,True,fifo_cached_frame,1908,201,0,1705,201,0,1,0.0,87.83613301056903,frame_fifo_full,,,,,,,,,,,,,,,,,,,,,,,,,,,,,,,,,,,,,,,,,,,,,,,,,,,,,,,,
rsg_object_detection,dropped_oldest,1927,rsg_20260806_125_654899999_001927,dropped,True,fifo_cached_frame,1909,201,0,1706,201,0,1,0.0,51.74038499535527,frame_fifo_full,,,,,,,,,,,,,,,,,,,,,,,,,,,,,,,,,,,,,,,,,,,,,,,,,,,,,,,,
rsg_object_detection,dropped_oldest,1928,rsg_20260806_125_704899999_001928,dropped,True,fifo_cached_frame,1910,201,0,1707,201,0,1,0.0,47.49714600620791,frame_fifo_full,,,,,,,,,,,,,,,,,,,,,,,,,,,,,,,,,,,,,,,,,,,,,,,,,,,,,,,,
rsg_object_detection,dropped_oldest,1929,rsg_20260806_125_754900000_001929,dropped,True,fifo_cached_frame,1911,201,0,1708,201,0,1,0.0,135.75043200398795,frame_fifo_full,,,,,,,,,,,,,,,,,,,,,,,,,,,,,,,,,,,,,,,,,,,,,,,,,,,,,,,,
rsg_object_detection,dropped_oldest,1930,rsg_20260806_125_854900000_001930,dropped,True,fifo_cached_frame,1912,201,0,1709,201,0,1,0.0,68.17884799966123,frame_fifo_full,,,,,,,,,,,,,,,,,,,,,,,,,,,,,,,,,,,,,,,,,,,,,,,,,,,,,,,,
rsg_object_detection,dropped_oldest,1931,rsg_20260806_125_954899999_001931,dropped,True,fifo_cached_frame,1913,201,0,1710,202,0,1,0.0,74.3764920043759,frame_fifo_full,,,,,,,,,,,,,,,,,,,,,,,,,,,,,,,,,,,,,,,,,,,,,,,,,,,,,,,,
rsg_object_detection,frame_trace,1925,rsg_20260806_125_454899999_001925,sent_to_hydra,,,,,,,,,,,528.1752029986819,ok,16.22601499548182,469.70878799038474,39.37252299510874,0.17212900274898857,39.20039399235975,0.00553599966224283,2.6833650044864044,0.25955200544558465,279.06321399495937,13.905818006605841,0.007743990863673389,293.23632799787447,83.24450899090152,24.195405014324933,3.1501500052399933,25.93374502612278,29.24408898979891,38.240648005739786,4.328840004745871,2.997732983203605,0.4602250119205564,1.820899997255765,0.8979529957287014,0.007200011168606579,132.02130400168244,11.72747800592333,0.14144099259283394,29.850552004063502,0.04831998376175761,9.594866001862101,8.928752999054268,0.10012800339609385,0.5659849994117394,5.873899004654959,0.7500819920096546,0.007167996955104172,2.86234101804439,8,0,8,0,0,,,,,,,,,,,,,,
rsg_object_detection,dropped_oldest,1933,rsg_20260806_126_054900000_001933,dropped,True,fifo_cached_frame,1915,202,0,1711,202,0,1,0.0,19.948036991991103,frame_fifo_full,,,,,,,,,,,,,,,,,,,,,,,,,,,,,,,,,,,,,,,,,,,,,,,,,,,,,,,,
rsg_object_detection,dropped_oldest,1934,rsg_20260806_126_104900000_001934,dropped,True,fifo_cached_frame,1916,202,0,1712,202,0,1,0.0,148.93205199041404,frame_fifo_full,,,,,,,,,,,,,,,,,,,,,,,,,,,,,,,,,,,,,,,,,,,,,,,,,,,,,,,,
rsg_object_detection,dropped_oldest,1935,rsg_20260806_126_254900000_001935,dropped,True,fifo_cached_frame,1917,202,0,1713,202,0,1,0.0,48.27765800291672,frame_fifo_full,,,,,,,,,,,,,,,,,,,,,,,,,,,,,,,,,,,,,,,,,,,,,,,,,,,,,,,,
rsg_object_detection,dropped_oldest,1936,rsg_20260806_126_304900000_001936,dropped,True,fifo_cached_frame,1918,202,0,1714,202,0,1,0.0,115.8811759960372,frame_fifo_full,,,,,,,,,,,,,,,,,,,,,,,,,,,,,,,,,,,,,,,,,,,,,,,,,,,,,,,,
rsg_object_detection,dropped_oldest,1937,rsg_20260806_126_404899999_001937,dropped,True,fifo_cached_frame,1919,202,0,1715,202,0,1,0.0,33.64191799482796,frame_fifo_full,,,,,,,,,,,,,,,,,,,,,,,,,,,,,,,,,,,,,,,,,,,,,,,,,,,,,,,,
rsg_object_detection,frame_trace,1932,rsg_20260806_126_004900000_001932,sent_to_hydra,,,,,,,,,,,540.1766840077471,ok,9.52731400320772,523.601356006111,5.0647450116230175,0.14844800170976669,4.916297009913251,0.002335989847779274,2.601892003440298,0.17785700038075447,352.66094299731776,16.951583995250985,0.008064016583375633,369.7984480095329,84.00575602718163,30.380315001821145,3.8465990219265223,32.7241229970241,16.46172699111048,31.072729005245492,2.6169970078626648,1.1570259957807139,0.2926089655375108,1.2096660066163167,0.29718500445596874,0.005440000677481294,120.6773440062534,2.2597799979848787,0.15065599291119725,27.57925099285785,0.5339850031305104,5.197097998461686,4.596551996655762,0.09526500070933253,0.5052810010965914,3.7711750046582893,0.554593003471382,0.004447996616363525,1.9809329969575629,6,0,6,0,0,,,,,,,,,,,,,,
rsg_object_detection,dropped_oldest,1939,rsg_20260806_126_554900000_001939,dropped,True,fifo_cached_frame,1921,203,0,1716,203,0,1,0.0,17.80828900518827,frame_fifo_full,,,,,,,,,,,,,,,,,,,,,,,,,,,,,,,,,,,,,,,,,,,,,,,,,,,,,,,,
rsg_object_detection,dropped_oldest,1940,rsg_20260806_126_604900000_001940,dropped,True,fifo_cached_frame,1922,203,0,1717,203,0,1,0.0,30.790392993367277,frame_fifo_full,,,,,,,,,,,,,,,,,,,,,,,,,,,,,,,,,,,,,,,,,,,,,,,,,,,,,,,,
rsg_object_detection,dropped_oldest,1941,rsg_20260806_126_654899999_001941,dropped,True,fifo_cached_frame,1923,203,0,1718,203,0,1,0.0,95.13528099341784,frame_fifo_full,,,,,,,,,,,,,,,,,,,,,,,,,,,,,,,,,,,,,,,,,,,,,,,,,,,,,,,,
rsg_object_detection,dropped_oldest,1942,rsg_20260806_126_754900000_001942,dropped,True,fifo_cached_frame,1924,203,0,1719,203,0,1,0.0,100.35180200065952,frame_fifo_full,,,,,,,,,,,,,,,,,,,,,,,,,,,,,,,,,,,,,,,,,,,,,,,,,,,,,,,,
rsg_object_detection,dropped_oldest,1943,rsg_20260806_126_854900000_001943,dropped,True,fifo_cached_frame,1925,203,0,1720,203,0,1,0.0,73.70301699847914,frame_fifo_full,,,,,,,,,,,,,,,,,,,,,,,,,,,,,,,,,,,,,,,,,,,,,,,,,,,,,,,,
rsg_object_detection,dropped_oldest,1944,rsg_20260806_126_904899999_001944,dropped,True,fifo_cached_frame,1926,203,0,1721,203,0,1,0.0,94.24222300003748,frame_fifo_full,,,,,,,,,,,,,,,,,,,,,,,,,,,,,,,,,,,,,,,,,,,,,,,,,,,,,,,,
rsg_object_detection,dropped_oldest,1945,rsg_20260806_127_004900000_001945,dropped,True,fifo_cached_frame,1927,203,0,1722,203,0,1,0.0,30.894202005583793,frame_fifo_full,,,,,,,,,,,,,,,,,,,,,,,,,,,,,,,,,,,,,,,,,,,,,,,,,,,,,,,,
rsg_object_detection,dropped_oldest,1946,rsg_20260806_127_054900000_001946,dropped,True,fifo_cached_frame,1928,203,0,1723,203,0,1,0.0,51.26262200064957,frame_fifo_full,,,,,,,,,,,,,,,,,,,,,,,,,,,,,,,,,,,,,,,,,,,,,,,,,,,,,,,,
rsg_object_detection,frame_trace,1938,rsg_20260806_126_454899999_001938,sent_to_hydra,,,,,,,,,,,658.5658609983511,ok,15.104506994248368,503.2700220035622,137.85510399611667,0.18547200306784362,137.66963199304882,0.0034240074455738068,1.5670749999117106,0.27299199427943677,265.96548600355163,14.93442800710909,0.007743990863673389,281.18064999580383,116.48751203028951,16.335360021912493,29.520627998863347,46.355157988728024,23.531790022389032,67.3963500012178,2.8170940204290673,0.8751370041863993,0.3272639442002401,1.2411859934218228,0.2594889956526458,0.005088004400022328,189.42572799278423,2.632163988891989,0.1443210057914257,28.270034992601722,0.05004902777727693,10.496178991161287,9.830706010689028,0.0963200000114739,0.5691529804607853,3.934246997232549,0.6680649967165664,0.006016009137965739,2.3328039969783276,8,0,7,0,0,,,,,,,,,,,,,,
rsg_object_detection,dropped_oldest,1948,rsg_20260806_127_204899999_001948,dropped,True,fifo_cached_frame,1930,204,0,1724,204,0,1,0.0,50.13365999911912,frame_fifo_full,,,,,,,,,,,,,,,,,,,,,,,,,,,,,,,,,,,,,,,,,,,,,,,,,,,,,,,,
rsg_object_detection,dropped_oldest,1949,rsg_20260806_127_254900000_001949,dropped,True,fifo_cached_frame,1931,204,0,1725,204,0,1,0.0,102.44418799993582,frame_fifo_full,,,,,,,,,,,,,,,,,,,,,,,,,,,,,,,,,,,,,,,,,,,,,,,,,,,,,,,,
rsg_object_detection,dropped_oldest,1950,rsg_20260806_127_354900000_001950,dropped,True,fifo_cached_frame,1932,204,0,1726,204,0,1,0.0,47.33173499698751,frame_fifo_full,,,,,,,,,,,,,,,,,,,,,,,,,,,,,,,,,,,,,,,,,,,,,,,,,,,,,,,,
rsg_object_detection,dropped_oldest,1951,rsg_20260806_127_404899999_001951,dropped,True,fifo_cached_frame,1933,204,0,1727,204,0,1,0.0,110.86769099347293,frame_fifo_full,,,,,,,,,,,,,,,,,,,,,,,,,,,,,,,,,,,,,,,,,,,,,,,,,,,,,,,,
rsg_object_detection,dropped_oldest,1952,rsg_20260806_127_504900000_001952,dropped,True,fifo_cached_frame,1934,204,0,1728,204,0,1,0.0,59.02023600356188,frame_fifo_full,,,,,,,,,,,,,,,,,,,,,,,,,,,,,,,,,,,,,,,,,,,,,,,,,,,,,,,,
rsg_object_detection,frame_trace,1947,rsg_20260806_127_104900000_001947,sent_to_hydra,,,,,,,,,,,533.4947049996117,ok,9.840818005613983,493.57754399534315,27.63109099760186,0.1480329956393689,27.48305800196249,0.0025600020308047533,1.0116180055774748,0.1694080128800124,272.71672400820535,23.902667002403177,0.00700798409525305,296.7958070075838,87.67814401653595,26.499055020394735,4.339046965469606,38.981159988907166,17.112065994297154,64.99775100382976,2.862788998754695,0.483617972349748,0.31100901833269745,1.3561939995270222,0.5853769980603829,0.005759997293353081,158.29718600434717,8.071471005678177,0.172480009496212,29.18386200326495,0.04511995939537883,5.2684580005006865,4.669545000069775,0.08355200407095253,0.5153609963599592,3.609095001593232,0.9583049977663904,0.004960005753673613,2.4426919990219176,8,0,8,0,0,,,,,,,,,,,,,,
rsg_object_detection,dropped_oldest,1954,rsg_20260806_127_654899999_001954,dropped,True,fifo_cached_frame,1936,205,0,1729,205,0,1,0.0,86.2675499956822,frame_fifo_full,,,,,,,,,,,,,,,,,,,,,,,,,,,,,,,,,,,,,,,,,,,,,,,,,,,,,,,,
rsg_object_detection,dropped_oldest,1955,rsg_20260806_127_754900000_001955,dropped,True,fifo_cached_frame,1937,205,0,1730,205,0,1,0.0,49.40568999154493,frame_fifo_full,,,,,,,,,,,,,,,,,,,,,,,,,,,,,,,,,,,,,,,,,,,,,,,,,,,,,,,,
rsg_object_detection,dropped_oldest,1956,rsg_20260806_127_804900000_001956,dropped,True,fifo_cached_frame,1938,205,0,1731,205,0,1,0.0,111.93559700041078,frame_fifo_full,,,,,,,,,,,,,,,,,,,,,,,,,,,,,,,,,,,,,,,,,,,,,,,,,,,,,,,,
rsg_object_detection,dropped_oldest,1957,rsg_20260806_127_904899999_001957,dropped,True,fifo_cached_frame,1939,205,0,1732,205,0,1,0.0,92.2783769929083,frame_fifo_full,,,,,,,,,,,,,,,,,,,,,,,,,,,,,,,,,,,,,,,,,,,,,,,,,,,,,,,,
rsg_object_detection,dropped_oldest,1958,rsg_20260806_128_004899999_001958,dropped,True,fifo_cached_frame,1940,205,0,1733,205,0,1,0.0,119.91874499653932,frame_fifo_full,,,,,,,,,,,,,,,,,,,,,,,,,,,,,,,,,,,,,,,,,,,,,,,,,,,,,,,,
rsg_object_detection,frame_trace,1953,rsg_20260806_127_554900000_001953,sent_to_hydra,,,,,,,,,,,610.2533709927229,ok,10.745972002041526,506.9628459896194,90.06912499899045,0.14070399629417807,89.92842100269627,0.0025600020308047533,6.725933009875007,0.3416640101931989,276.6931150108576,19.257826992543414,0.007263995939865708,296.29987000953406,100.71199301455636,32.52879800857045,10.959249993902631,26.040495009510778,29.0639569866471,56.14643699664157,7.946447018184699,0.3952650004066527,0.3651519655250013,1.328673999523744,0.5421770038083196,0.004704008460976183,167.45848099526484,5.766122005297802,0.14816100883763283,30.522423010552302,0.041855950257740915,6.2199149979278445,5.600201999186538,0.09923199831973761,0.5204810004215688,3.789926995523274,0.7302739977603778,0.005856010830029845,2.472868000040762,8,0,8,0,0,,,,,,,,,,,,,,
rsg_object_detection,dropped_oldest,1960,rsg_20260806_128_204900000_001960,dropped,True,fifo_cached_frame,1942,206,0,1734,206,0,1,0.0,44.27710401068907,frame_fifo_full,,,,,,,,,,,,,,,,,,,,,,,,,,,,,,,,,,,,,,,,,,,,,,,,,,,,,,,,
rsg_object_detection,dropped_oldest,1961,rsg_20260806_128_254899999_001961,dropped,True,fifo_cached_frame,1943,206,0,1735,206,0,1,0.0,99.66798800451215,frame_fifo_full,,,,,,,,,,,,,,,,,,,,,,,,,,,,,,,,,,,,,,,,,,,,,,,,,,,,,,,,
rsg_object_detection,dropped_oldest,1962,rsg_20260806_128_354899999_001962,dropped,True,fifo_cached_frame,1944,206,0,1736,206,0,1,0.0,52.90479998802766,frame_fifo_full,,,,,,,,,,,,,,,,,,,,,,,,,,,,,,,,,,,,,,,,,,,,,,,,,,,,,,,,
rsg_object_detection,dropped_oldest,1963,rsg_20260806_128_404899999_001963,dropped,True,fifo_cached_frame,1945,206,0,1737,206,0,1,0.0,100.86322200368159,frame_fifo_full,,,,,,,,,,,,,,,,,,,,,,,,,,,,,,,,,,,,,,,,,,,,,,,,,,,,,,,,
rsg_object_detection,dropped_oldest,1964,rsg_20260806_128_504899999_001964,dropped,True,fifo_cached_frame,1946,206,0,1738,206,0,1,0.0,99.29617900343146,frame_fifo_full,,,,,,,,,,,,,,,,,,,,,,,,,,,,,,,,,,,,,,,,,,,,,,,,,,,,,,,,
rsg_object_detection,,587,rsg_20260806_44_154879999_000587,vlm_failed,,,,,,,,,,,,"{""label"":""unknown_object"",""label_confidence"":0.0,""mobility_class"":""unknown"",""mobility_confidence"":0.0}",,,,,,,,,,,,,,,,,,,,,,,,,,,,,,,,,,,,,,,,,,,rsg_obj_000069,rsg_unknown_rsg_20260806_44_154879999_000587_006_nanosam_003,,,1,0.6829475286448778,unknown_object,0.0,unknown,0.0,5882.218920000014,78004.43621700106,qwen_http,Qwen3-VL-8B-Instruct-GGUF
rsg_object_detection,completed,587,rsg_20260806_44_154879999_000587,,,,,,,,,,,72122.21576100274,,vlm_failed,,,,,,,,,,,,,,,,,,,,,,,,,,,,,,,,,,,,,,,,,,,rsg_obj_000069,rsg_unknown_rsg_20260806_44_154879999_000587_006_nanosam_003,63,300,1,0.6829475286448778,,,,,,,,
rsg_object_detection,dropped_oldest,1965,rsg_20260806_128_604899999_001965,dropped,True,fifo_cached_frame,1947,206,0,1739,206,0,1,0.0,97.22193599736784,frame_fifo_full,,,,,,,,,,,,,,,,,,,,,,,,,,,,,,,,,,,,,,,,,,,,,,,,,,,,,,,,
rsg_object_detection,dropped_oldest,1966,rsg_20260806_128_704900000_001966,dropped,True,fifo_cached_frame,1948,206,0,1740,207,0,1,0.0,70.9323529881658,frame_fifo_full,,,,,,,,,,,,,,,,,,,,,,,,,,,,,,,,,,,,,,,,,,,,,,,,,,,,,,,,
rsg_object_detection,frame_trace,1959,rsg_20260806_128_104899999_001959,sent_to_hydra,,,,,,,,,,,626.5581879997626,ok,13.092280001728795,532.3240340076154,79.06644699687604,0.156224996317178,78.91022200055886,0.0016639969544485211,5.625353995128535,0.31388900242745876,282.81017500557937,31.423159991391003,0.009472001693211496,314.55669600109104,97.79819198593032,24.823949977871962,5.761451000580564,29.58574699005112,32.86470001330599,65.93951099785045,6.506732999696396,1.2861139985034242,0.39088101766537875,1.513059003627859,0.6503369950223714,0.005088004400022328,174.10863500845153,8.30199901247397,0.1598719973117113,29.523253993829712,0.048223999328911304,7.658190006623045,7.057292998069897,0.08944000001065433,0.511457008542493,4.766056998050772,0.6640649953624234,0.003968001692555845,2.0737629965879023,8,0,8,0,0,,,,,,,,,,,,,,
rsg_object_detection,dequeued,621,rsg_20260806_46_354880000_000621,,,,,,,,,,,76486.99314199621,,fifo_order,,,,,,,,,,,,,,,,,,,,,,,,,,,,,,,,,,,,,,,,,,,rsg_obj_000073,rsg_unknown_rsg_20260806_46_354880000_000621_001_nanosam_006,62,300,1,0.5993010765472685,,,,,,,,
rsg_object_detection,dropped_oldest,1968,rsg_20260806_128_804900000_001968,dropped,True,fifo_cached_frame,1950,207,0,1741,207,0,1,0.0,151.45358600420877,frame_fifo_full,,,,,,,,,,,,,,,,,,,,,,,,,,,,,,,,,,,,,,,,,,,,,,,,,,,,,,,,
rsg_object_detection,dropped_oldest,1969,rsg_20260806_128_954900000_001969,dropped,True,fifo_cached_frame,1951,207,0,1742,207,0,1,0.0,48.79576800158247,frame_fifo_full,,,,,,,,,,,,,,,,,,,,,,,,,,,,,,,,,,,,,,,,,,,,,,,,,,,,,,,,
rsg_object_detection,dropped_oldest,1970,rsg_20260806_129_004899999_001970,dropped,True,fifo_cached_frame,1952,207,0,1743,207,0,1,0.0,110.2600049925968,frame_fifo_full,,,,,,,,,,,,,,,,,,,,,,,,,,,,,,,,,,,,,,,,,,,,,,,,,,,,,,,,
rsg_object_detection,dropped_oldest,1971,rsg_20260806_129_104899999_001971,dropped,True,fifo_cached_frame,1953,207,0,1744,207,0,1,0.0,115.25127699133009,frame_fifo_full,,,,,,,,,,,,,,,,,,,,,,,,,,,,,,,,,,,,,,,,,,,,,,,,,,,,,,,,
rsg_object_detection,frame_trace,1967,rsg_20260806_128_754899999_001967,sent_to_hydra,,,,,,,,,,,468.9384739904199,ok,10.67966700065881,452.14231600402854,4.011559998616576,0.136064991238527,3.875495007378049,0.00384000304620713,2.617028003442101,0.1846410013968125,230.5317439895589,20.904229997540824,0.007456008461304009,251.62807099695783,102.85304801072925,23.618536957656033,7.620428019436076,17.107520005083643,52.463484986219555,52.66697399201803,4.257413980667479,0.4780800227308646,0.3321619878988713,1.6536030016141012,0.5588810017798096,0.004928006092086434,162.8222739964258,4.236872002365999,0.1434559962945059,30.648886997369118,0.04572801117319614,6.063498993171379,5.490570008987561,0.09312000474892557,0.47980897943489254,3.955142994527705,0.6554569990839809,0.005568013875745237,2.1010909840697423,7,0,7,0,0,,,,,,,,,,,,,,
rsg_object_detection,dropped_oldest,1973,rsg_20260806_129_254899999_001973,dropped,True,fifo_cached_frame,1955,208,0,1745,208,0,1,0.0,84.04888599761762,frame_fifo_full,,,,,,,,,,,,,,,,,,,,,,,,,,,,,,,,,,,,,,,,,,,,,,,,,,,,,,,,
rsg_object_detection,dropped_oldest,1974,rsg_20260806_129_354899999_001974,dropped,True,fifo_cached_frame,1956,208,0,1746,208,0,1,0.0,51.29922699416056,frame_fifo_full,,,,,,,,,,,,,,,,,,,,,,,,,,,,,,,,,,,,,,,,,,,,,,,,,,,,,,,,
rsg_object_detection,dropped_oldest,1975,rsg_20260806_129_404899999_001975,dropped,True,fifo_cached_frame,1957,208,0,1747,208,0,1,0.0,51.02585100394208,frame_fifo_full,,,,,,,,,,,,,,,,,,,,,,,,,,,,,,,,,,,,,,,,,,,,,,,,,,,,,,,,
rsg_object_detection,dropped_oldest,1976,rsg_20260806_129_454900000_001976,dropped,True,fifo_cached_frame,1958,208,0,1748,208,0,1,0.0,189.33742499211803,frame_fifo_full,,,,,,,,,,,,,,,,,,,,,,,,,,,,,,,,,,,,,,,,,,,,,,,,,,,,,,,,
rsg_object_detection,dropped_oldest,1977,rsg_20260806_129_604899999_001977,dropped,True,fifo_cached_frame,1959,208,0,1749,208,0,1,0.0,69.69993299571797,frame_fifo_full,,,,,,,,,,,,,,,,,,,,,,,,,,,,,,,,,,,,,,,,,,,,,,,,,,,,,,,,
rsg_object_detection,dropped_oldest,1978,rsg_20260806_129_704900000_001978,dropped,True,fifo_cached_frame,1960,208,0,1750,208,0,1,0.0,47.93064600380603,frame_fifo_full,,,,,,,,,,,,,,,,,,,,,,,,,,,,,,,,,,,,,,,,,,,,,,,,,,,,,,,,
rsg_object_detection,frame_trace,1972,rsg_20260806_129_204900000_001972,sent_to_hydra,,,,,,,,,,,533.2985500135692,ok,13.963065008283593,481.19349699118175,36.07116801140364,0.17913601186592132,35.89203199953772,0.0022719905246049166,5.281865989672951,0.20761600171681494,267.0021719968645,23.066952999215573,0.008032002369873226,290.28477300016675,89.4502070004819,25.090604001889005,6.298731008428149,29.46181299921591,26.83547198830638,49.95925699768122,2.8995239845244214,0.6899860163684934,0.3377289976924658,1.4013780019013211,0.5065929872216657,0.004895991878584027,145.2664980024565,11.662677003187127,0.13673599460162222,28.520498992293142,0.04044800880365074,5.939402006333694,5.349066006601788,0.08371200237888843,0.5066239973530173,3.83184700331185,4.185927988146432,0.005888010491617024,2.0685480121755973,7,0,7,0,0,,,,,,,,,,,,,,
rsg_object_detection,dropped_oldest,1980,rsg_20260806_129_854899999_001980,dropped,True,fifo_cached_frame,1962,209,0,1751,209,0,1,0.0,49.824633009848185,frame_fifo_full,,,,,,,,,,,,,,,,,,,,,,,,,,,,,,,,,,,,,,,,,,,,,,,,,,,,,,,,
rsg_object_detection,dropped_oldest,1981,rsg_20260806_129_904899999_001981,dropped,True,fifo_cached_frame,1963,209,0,1752,209,0,1,0.0,103.40693600301165,frame_fifo_full,,,,,,,,,,,,,,,,,,,,,,,,,,,,,,,,,,,,,,,,,,,,,,,,,,,,,,,,
rsg_object_detection,dropped_oldest,1982,rsg_20260806_130_004899999_001982,dropped,True,fifo_cached_frame,1964,209,0,1753,209,0,1,0.0,141.14645699737594,frame_fifo_full,,,,,,,,,,,,,,,,,,,,,,,,,,,,,,,,,,,,,,,,,,,,,,,,,,,,,,,,
rsg_object_detection,dropped_oldest,1983,rsg_20260806_130_104899999_001983,dropped,True,fifo_cached_frame,1965,209,0,1754,209,0,1,0.0,70.65004399919417,frame_fifo_full,,,,,,,,,,,,,,,,,,,,,,,,,,,,,,,,,,,,,,,,,,,,,,,,,,,,,,,,
rsg_object_detection,frame_trace,1979,rsg_20260806_129_754899999_001979,sent_to_hydra,,,,,,,,,,,466.81391399761196,ok,15.402203003759496,428.0215580074582,21.064261003630236,0.13580800441559404,20.92845299921464,0.0019519939087331295,1.0715539974626154,0.3034570108866319,277.7948939910857,13.605112006189302,0.006656002369709313,291.71011901053134,50.421848995028995,19.870661039021797,2.7660519699566066,14.231770022888668,11.32997198146768,44.52366199984681,3.6139890289632604,0.897857011295855,0.44627395982388407,1.475170996855013,0.5072969943284988,0.005504000000655651,101.90728299494367,4.233254992868751,0.15948900545481592,28.8965299987467,0.04332800745032728,11.098868009867147,10.496401999262162,0.09548799425829202,0.506978016346693,3.5278779978398234,0.7708490011282265,0.004607994924299419,2.3239399888552725,8,0,8,0,0,,,,,,,,,,,,,,
rsg_object_detection,dropped_oldest,1985,rsg_20260806_130_304900000_001985,dropped,True,fifo_cached_frame,1967,210,0,1755,210,0,1,0.0,153.67470199998934,frame_fifo_full,,,,,,,,,,,,,,,,,,,,,,,,,,,,,,,,,,,,,,,,,,,,,,,,,,,,,,,,
rsg_object_detection,dropped_oldest,1986,rsg_20260806_130_454900000_001986,dropped,True,fifo_cached_frame,1968,210,0,1756,210,0,1,0.0,60.64266600878909,frame_fifo_full,,,,,,,,,,,,,,,,,,,,,,,,,,,,,,,,,,,,,,,,,,,,,,,,,,,,,,,,
rsg_object_detection,dropped_oldest,1987,rsg_20260806_130_504899999_001987,dropped,True,fifo_cached_frame,1969,210,0,1757,210,0,1,0.0,106.04143400269095,frame_fifo_full,,,,,,,,,,,,,,,,,,,,,,,,,,,,,,,,,,,,,,,,,,,,,,,,,,,,,,,,
rsg_object_detection,dropped_oldest,1988,rsg_20260806_130_604899999_001988,dropped,True,fifo_cached_frame,1970,210,0,1758,210,0,1,0.0,32.0068720029667,frame_fifo_full,,,,,,,,,,,,,,,,,,,,,,,,,,,,,,,,,,,,,,,,,,,,,,,,,,,,,,,,
rsg_object_detection,frame_trace,1984,rsg_20260806_130_204900000_001984,sent_to_hydra,,,,,,,,,,,493.6558430053992,ok,10.0558580015786,447.4473770096665,33.813307993113995,0.14032100443728268,33.67298698867671,0.0026240013539791107,1.3360340090002865,0.2354890020797029,281.5385420108214,16.338364002876915,0.006239977665245533,298.11863499344327,50.41887301194947,15.661532001104206,3.908644983312115,10.79474099969957,19.312609016196802,57.7089649887057,3.449987998465076,0.9132809937000275,0.34585900721140206,1.5091870009200647,0.3249610017519444,0.005983994924463332,114.69562600541394,2.7008680044673383,0.16214499191846699,30.388245009817183,0.045823995606042445,5.649865997838788,4.990473011275753,0.08454399358015507,0.5748489929828793,3.6917179968440905,0.708898005541414,0.005376001354306936,2.336675999686122,8,0,8,0,0,,,,,,,,,,,,,,
rsg_object_detection,dropped_oldest,1990,rsg_20260806_130_754899999_001990,dropped,True,fifo_cached_frame,1972,211,0,1759,211,0,1,0.0,94.87011800229084,frame_fifo_full,,,,,,,,,,,,,,,,,,,,,,,,,,,,,,,,,,,,,,,,,,,,,,,,,,,,,,,,
rsg_object_detection,dropped_oldest,1991,rsg_20260806_130_854899999_001991,dropped,True,fifo_cached_frame,1973,211,0,1760,211,0,1,0.0,102.91576499002986,frame_fifo_full,,,,,,,,,,,,,,,,,,,,,,,,,,,,,,,,,,,,,,,,,,,,,,,,,,,,,,,,
rsg_object_detection,dropped_oldest,1992,rsg_20260806_130_954900000_001992,dropped,True,fifo_cached_frame,1974,211,0,1761,211,0,1,0.0,49.10581500735134,frame_fifo_full,,,,,,,,,,,,,,,,,,,,,,,,,,,,,,,,,,,,,,,,,,,,,,,,,,,,,,,,
rsg_object_detection,dropped_oldest,1993,rsg_20260806_131_004899999_001993,dropped,True,fifo_cached_frame,1975,211,0,1762,211,0,1,0.0,104.75723899435252,frame_fifo_full,,,,,,,,,,,,,,,,,,,,,,,,,,,,,,,,,,,,,,,,,,,,,,,,,,,,,,,,
rsg_object_detection,dropped_oldest,1994,rsg_20260806_131_104899999_001994,dropped,True,fifo_cached_frame,1976,211,0,1763,211,0,1,0.0,62.699531990801916,frame_fifo_full,,,,,,,,,,,,,,,,,,,,,,,,,,,,,,,,,,,,,,,,,,,,,,,,,,,,,,,,
rsg_object_detection,dropped_oldest,1995,rsg_20260806_131_154899999_001995,dropped,True,fifo_cached_frame,1977,211,0,1764,212,0,1,0.0,87.19080699665938,frame_fifo_full,,,,,,,,,,,,,,,,,,,,,,,,,,,,,,,,,,,,,,,,,,,,,,,,,,,,,,,,
rsg_object_detection,frame_trace,1989,rsg_20260806_130_654899999_001989,sent_to_hydra,,,,,,,,,,,581.4456240041181,ok,9.725648997118697,491.1963139893487,77.97578499594238,0.17814400780480355,77.79764098813757,0.005919995601288974,0.9844820015132427,0.20422400848474354,283.8141940010246,16.49593299953267,0.0063359912019222975,300.5206870002439,81.85351801512297,24.729835960897617,4.612104996340349,23.579174987389706,28.022930011502467,66.40776300628204,3.437702005612664,0.7645449950359762,1.0778579744510353,1.4237790019251406,0.28652799664996564,0.005823996616527438,155.2738050086191,4.5960720017319545,0.18828899192158133,29.57937899918761,0.05359998613130301,5.362440992030315,4.649799986509606,0.10140800441149622,0.6112330011092126,3.661926995846443,0.6959049933357164,0.005376015906222165,2.541956026107073,8,0,8,0,0,,,,,,,,,,,,,,
rsg_object_detection,dropped_oldest,1997,rsg_20260806_131_304900000_001997,dropped,True,fifo_cached_frame,1979,212,0,1765,212,0,1,0.0,149.10544198937714,frame_fifo_full,,,,,,,,,,,,,,,,,,,,,,,,,,,,,,,,,,,,,,,,,,,,,,,,,,,,,,,,
rsg_object_detection,dropped_oldest,1998,rsg_20260806_131_454900000_001998,dropped,True,fifo_cached_frame,1980,212,0,1766,212,0,1,0.0,91.23644599458203,frame_fifo_full,,,,,,,,,,,,,,,,,,,,,,,,,,,,,,,,,,,,,,,,,,,,,,,,,,,,,,,,
rsg_object_detection,dropped_oldest,1999,rsg_20260806_131_554900000_001999,dropped,True,fifo_cached_frame,1981,212,0,1767,212,0,1,0.0,117.17537100776099,frame_fifo_full,,,,,,,,,,,,,,,,,,,,,,,,,,,,,,,,,,,,,,,,,,,,,,,,,,,,,,,,
rsg_object_detection,frame_trace,1996,rsg_20260806_131_254899999_001996,sent_to_hydra,,,,,,,,,,,477.90252199047245,ok,10.906033989158459,460.3507809952134,4.243942996254191,0.13372799730859697,4.110214998945594,0.0035519915400072932,1.6430749965365976,0.22070399427320808,295.1304309972329,17.267581992200576,0.028160007786937058,312.6468769914936,50.58607200044207,24.25031400343869,2.9197509720688686,10.987826011842117,11.952659988310188,51.69269700127188,3.5419579944573343,0.8393940079258755,0.31724800646770746,1.3625940046040341,0.48713700380176306,0.004960005753673613,108.84959599934518,6.938156002433971,0.13935999595560133,30.091987995547242,0.04172901390120387,6.097385994507931,5.423978000180796,0.09942399628926069,0.5739839980378747,4.137734998948872,0.665889005176723,0.005023990524932742,2.398212018306367,7,0,7,0,0,,,,,,,,,,,,,,
rsg_object_detection,dropped_oldest,2001,rsg_20260806_131_754899999_002001,dropped,True,fifo_cached_frame,1983,213,0,1768,213,0,1,0.0,88.27272900089156,frame_fifo_full,,,,,,,,,,,,,,,,,,,,,,,,,,,,,,,,,,,,,,,,,,,,,,,,,,,,,,,,
rsg_object_detection,dropped_oldest,2002,rsg_20260806_131_854899999_002002,dropped,True,fifo_cached_frame,1984,213,0,1769,213,0,1,0.0,48.86184399947524,frame_fifo_full,,,,,,,,,,,,,,,,,,,,,,,,,,,,,,,,,,,,,,,,,,,,,,,,,,,,,,,,
rsg_object_detection,dropped_oldest,2003,rsg_20260806_131_904899999_002003,dropped,True,fifo_cached_frame,1985,213,0,1770,213,0,1,0.0,97.57725700910669,frame_fifo_full,,,,,,,,,,,,,,,,,,,,,,,,,,,,,,,,,,,,,,,,,,,,,,,,,,,,,,,,
rsg_object_detection,dropped_oldest,2004,rsg_20260806_132_004899999_002004,dropped,True,fifo_cached_frame,1986,213,0,1771,213,0,1,0.0,51.589112990768626,frame_fifo_full,,,,,,,,,,,,,,,,,,,,,,,,,,,,,,,,,,,,,,,,,,,,,,,,,,,,,,,,
rsg_object_detection,dropped_oldest,2005,rsg_20260806_132_054900000_002005,dropped,True,fifo_cached_frame,1987,213,0,1772,213,0,1,0.0,70.36677599535324,frame_fifo_full,,,,,,,,,,,,,,,,,,,,,,,,,,,,,,,,,,,,,,,,,,,,,,,,,,,,,,,,
rsg_object_detection,dropped_oldest,2006,rsg_20260806_132_104899999_002006,dropped,True,fifo_cached_frame,1988,213,0,1773,214,0,1,0.0,151.5157459944021,frame_fifo_full,,,,,,,,,,,,,,,,,,,,,,,,,,,,,,,,,,,,,,,,,,,,,,,,,,,,,,,,
rsg_object_detection,frame_trace,2000,rsg_20260806_131_654899999_002000,sent_to_hydra,,,,,,,,,,,580.8514630043646,ok,12.840084993513301,475.66712299885694,89.96780301094986,0.12815999798476696,89.8396430129651,0.003168010152876377,2.0472679898375645,0.23676799901295453,306.36152200168,19.635841003037058,0.006943984772078693,326.2410749885021,60.82599102228414,16.88636399921961,5.26916203671135,17.67158198344987,20.316002002800815,43.73380298784468,2.8444540075724944,1.0471370042068884,0.31910497636999935,1.2729620066238567,0.5096329987281933,0.0053440016927197576,110.57602900837082,6.544203002704307,0.14211199595592916,30.07214800163638,0.04428801184985787,7.28532399807591,6.605420014238916,0.10169600136578083,0.5782079824712127,4.829320008866489,0.7203849963843822,0.005055990186519921,2.3732839908916503,8,0,7,0,0,,,,,,,,,,,,,,
rsg_object_detection,dropped_oldest,2008,rsg_20260806_132_304900000_002008,dropped,True,fifo_cached_frame,1990,214,0,1774,214,0,1,0.0,105.31067500414792,frame_fifo_full,,,,,,,,,,,,,,,,,,,,,,,,,,,,,,,,,,,,,,,,,,,,,,,,,,,,,,,,
rsg_object_detection,dropped_oldest,2009,rsg_20260806_132_404899999_002009,dropped,True,fifo_cached_frame,1991,214,0,1775,214,0,1,0.0,47.96849799458869,frame_fifo_full,,,,,,,,,,,,,,,,,,,,,,,,,,,,,,,,,,,,,,,,,,,,,,,,,,,,,,,,
rsg_object_detection,dropped_oldest,2010,rsg_20260806_132_454900000_002010,dropped,True,fifo_cached_frame,1992,214,0,1776,214,0,1,0.0,157.51527600514237,frame_fifo_full,,,,,,,,,,,,,,,,,,,,,,,,,,,,,,,,,,,,,,,,,,,,,,,,,,,,,,,,
rsg_object_detection,dropped_oldest,2011,rsg_20260806_132_604899999_002011,dropped,True,fifo_cached_frame,1993,214,0,1777,214,0,1,0.0,95.08445000392385,frame_fifo_full,,,,,,,,,,,,,,,,,,,,,,,,,,,,,,,,,,,,,,,,,,,,,,,,,,,,,,,,
rsg_object_detection,dropped_oldest,2012,rsg_20260806_132_704900000_002012,dropped,True,fifo_cached_frame,1994,214,0,1778,214,0,1,0.0,45.99284600408282,frame_fifo_full,,,,,,,,,,,,,,,,,,,,,,,,,,,,,,,,,,,,,,,,,,,,,,,,,,,,,,,,
rsg_object_detection,frame_trace,2007,rsg_20260806_132_254899999_002007,sent_to_hydra,,,,,,,,,,,545.0483849999728,ok,11.315316005493514,524.8268780123908,5.759144987678155,0.1558399962959811,5.603304991382174,0.002368004061281681,1.1395219917176291,0.19427199731580913,303.0620200006524,32.65106400067452,0.00793600338511169,335.91529200202785,78.02470900060143,40.15699800220318,3.5524529957911,11.149491008836776,22.52720699470956,50.23967000306584,5.190633979509585,6.85450600576587,0.47676901158411056,1.3670420012203977,0.5231050017755479,0.0073920091381296515,142.70427500014193,4.933705000439659,0.1267199986614287,39.963875999092124,0.0434880203101784,6.7422520078253,6.106697997893207,0.1046719989972189,0.5308820109348744,3.8286780036287382,0.7390740065602586,0.0053119874792173505,3.1446779903490096,8,0,8,0,0,,,,,,,,,,,,,,
rsg_object_detection,dropped_oldest,2014,rsg_20260806_132_854899999_002014,dropped,True,fifo_cached_frame,1996,215,0,1779,215,0,1,0.0,52.14229600096587,frame_fifo_full,,,,,,,,,,,,,,,,,,,,,,,,,,,,,,,,,,,,,,,,,,,,,,,,,,,,,,,,
rsg_object_detection,dropped_oldest,2015,rsg_20260806_132_904899999_002015,dropped,True,fifo_cached_frame,1997,215,0,1780,215,0,1,0.0,58.95962099020835,frame_fifo_full,,,,,,,,,,,,,,,,,,,,,,,,,,,,,,,,,,,,,,,,,,,,,,,,,,,,,,,,
rsg_object_detection,dropped_oldest,2016,rsg_20260806_132_954900000_002016,dropped,True,fifo_cached_frame,1998,215,0,1781,215,0,1,0.0,41.46378199220635,frame_fifo_full,,,,,,,,,,,,,,,,,,,,,,,,,,,,,,,,,,,,,,,,,,,,,,,,,,,,,,,,
rsg_object_detection,dropped_oldest,2017,rsg_20260806_133_004899999_002017,dropped,True,fifo_cached_frame,1999,215,0,1782,215,0,1,0.0,50.541365999379195,frame_fifo_full,,,,,,,,,,,,,,,,,,,,,,,,,,,,,,,,,,,,,,,,,,,,,,,,,,,,,,,,
rsg_object_detection,dropped_oldest,2018,rsg_20260806_133_054900000_002018,dropped,True,fifo_cached_frame,2000,215,0,1783,215,0,1,0.0,98.64637399732601,frame_fifo_full,,,,,,,,,,,,,,,,,,,,,,,,,,,,,,,,,,,,,,,,,,,,,,,,,,,,,,,,
rsg_object_detection,dropped_oldest,2019,rsg_20260806_133_154899999_002019,dropped,True,fifo_cached_frame,2001,215,0,1784,215,0,1,0.0,120.1590499986196,frame_fifo_full,,,,,,,,,,,,,,,,,,,,,,,,,,,,,,,,,,,,,,,,,,,,,,,,,,,,,,,,
rsg_object_detection,dropped_oldest,2020,rsg_20260806_133_254899999_002020,dropped,True,fifo_cached_frame,2002,215,0,1785,215,0,1,0.0,94.82675101025961,frame_fifo_full,,,,,,,,,,,,,,,,,,,,,,,,,,,,,,,,,,,,,,,,,,,,,,,,,,,,,,,,
rsg_object_detection,frame_trace,2013,rsg_20260806_132_754899999_002013,sent_to_hydra,,,,,,,,,,,625.3659539943328,ok,12.969269999302924,514.133317003143,94.97356999781914,0.1414400030625984,94.83212999475654,0.003616005415096879,5.763465989730321,0.23500800307374448,304.48141299712006,23.34957499988377,0.00793600338511169,328.0739320034627,69.97877296817023,20.70681899203919,4.698663993622176,25.91588300128933,17.969758991966955,58.22221000562422,3.1304059957619756,1.5605149965267628,0.3679680376080796,1.3260820123832673,0.3068799996981397,0.005408001015894115,134.91433799208608,2.765444995020516,0.34742499701678753,42.221413998049684,0.04729702777694911,8.537038011127152,7.901932985987514,0.10118400678038597,0.5339210183592513,3.798567006015219,0.6286729912972078,0.004991990863345563,3.2861809886526316,8,0,8,0,0,,,,,,,,,,,,,,
rsg_object_detection,,621,rsg_20260806_46_354880000_000621,vlm_failed,,,,,,,,,,,,"{""label"":""unknown_object"",""label_confidence"":0.0,""mobility_class"":""unknown"",""mobility_confidence"":0.0}",,,,,,,,,,,,,,,,,,,,,,,,,,,,,,,,,,,,,,,,,,,rsg_obj_000073,rsg_unknown_rsg_20260806_46_354880000_000621_001_nanosam_006,,,1,0.5993010765472685,unknown_object,0.0,unknown,0.0,4577.653056010604,81064.64827799937,qwen_http,Qwen3-VL-8B-Instruct-GGUF
rsg_object_detection,completed,621,rsg_20260806_46_354880000_000621,,,,,,,,,,,76486.99314199621,,vlm_failed,,,,,,,,,,,,,,,,,,,,,,,,,,,,,,,,,,,,,,,,,,,rsg_obj_000073,rsg_unknown_rsg_20260806_46_354880000_000621_001_nanosam_006,65,300,1,0.5993010765472685,,,,,,,,
rsg_object_detection,dequeued,636,rsg_20260806_47_354880000_000636,,,,,,,,,,,79951.17945599486,,fifo_order,,,,,,,,,,,,,,,,,,,,,,,,,,,,,,,,,,,,,,,,,,,rsg_obj_000075,rsg_unknown_rsg_20260806_47_354880000_000636_002_nanosam_003,64,300,1,0.5309283696941036,,,,,,,,
rsg_object_detection,dropped_oldest,2022,rsg_20260806_133_454900000_002022,dropped,True,fifo_cached_frame,2004,216,0,1786,216,0,1,0.0,98.53322099661455,frame_fifo_full,,,,,,,,,,,,,,,,,,,,,,,,,,,,,,,,,,,,,,,,,,,,,,,,,,,,,,,,
rsg_object_detection,dropped_oldest,2023,rsg_20260806_133_554900000_002023,dropped,True,fifo_cached_frame,2005,216,0,1787,216,0,1,0.0,207.8082209918648,frame_fifo_full,,,,,,,,,,,,,,,,,,,,,,,,,,,,,,,,,,,,,,,,,,,,,,,,,,,,,,,,
rsg_object_detection,dropped_oldest,2024,rsg_20260806_133_654899999_002024,dropped,True,fifo_cached_frame,2006,216,0,1788,217,0,1,0.0,33.384408001438715,frame_fifo_full,,,,,,,,,,,,,,,,,,,,,,,,,,,,,,,,,,,,,,,,,,,,,,,,,,,,,,,,
rsg_object_detection,frame_trace,2021,rsg_20260806_133_354899999_002021,sent_to_hydra,,,,,,,,,,,400.14323200739454,ok,13.777015003142878,346.25728499668185,37.30054300103802,0.13744000170845538,37.16310299932957,0.006143993232399225,6.745995007804595,0.2353289892198518,171.14550300175324,18.11958200414665,0.00819200067780912,189.50860599579755,64.09348301531281,15.326712993555702,3.3819260133896023,31.25090099638328,13.610902984510176,43.51645700808149,3.786597022553906,1.1033319751732051,0.33724897366482764,1.484321997850202,0.2942409919342026,0.005055990186519921,114.64160100149456,2.610212002764456,0.14048100274521858,32.558709994191304,0.05167999188415706,9.186031005810946,8.484398000291549,0.12211200373712927,0.5795210017822683,3.7762630090583116,0.8091209892882034,0.005599998985417187,2.802245013299398,8,0,8,0,0,,,,,,,,,,,,,,
rsg_object_detection,dropped_oldest,2026,rsg_20260806_133_854899999_002026,dropped,True,fifo_cached_frame,2008,217,0,1789,217,0,1,0.0,50.884533004136756,frame_fifo_full,,,,,,,,,,,,,,,,,,,,,,,,,,,,,,,,,,,,,,,,,,,,,,,,,,,,,,,,
rsg_object_detection,dropped_oldest,2027,rsg_20260806_133_904899999_002027,dropped,True,fifo_cached_frame,2009,217,0,1790,217,0,1,0.0,50.72766900411807,frame_fifo_full,,,,,,,,,,,,,,,,,,,,,,,,,,,,,,,,,,,,,,,,,,,,,,,,,,,,,,,,
rsg_object_detection,dropped_oldest,2028,rsg_20260806_133_954900000_002028,dropped,True,fifo_cached_frame,2010,217,0,1791,217,0,1,0.0,102.92417299933732,frame_fifo_full,,,,,,,,,,,,,,,,,,,,,,,,,,,,,,,,,,,,,,,,,,,,,,,,,,,,,,,,
rsg_object_detection,dropped_oldest,2029,rsg_20260806_134_054900000_002029,dropped,True,fifo_cached_frame,2011,217,0,1792,217,0,1,0.0,48.981553001794964,frame_fifo_full,,,,,,,,,,,,,,,,,,,,,,,,,,,,,,,,,,,,,,,,,,,,,,,,,,,,,,,,
rsg_object_detection,dropped_oldest,2030,rsg_20260806_134_104899999_002030,dropped,True,fifo_cached_frame,2012,217,0,1793,217,0,1,0.0,59.27814599999692,frame_fifo_full,,,,,,,,,,,,,,,,,,,,,,,,,,,,,,,,,,,,,,,,,,,,,,,,,,,,,,,,
rsg_object_detection,dropped_oldest,2031,rsg_20260806_134_154899999_002031,dropped,True,fifo_cached_frame,2013,217,0,1794,217,0,1,0.0,88.88139500049874,frame_fifo_full,,,,,,,,,,,,,,,,,,,,,,,,,,,,,,,,,,,,,,,,,,,,,,,,,,,,,,,,
rsg_object_detection,frame_trace,2025,rsg_20260806_133_754899999_002025,sent_to_hydra,,,,,,,,,,,469.6289429994067,ok,13.839031002135016,448.7438200012548,4.5529679919127375,0.13878400204703212,4.414183989865705,0.0035520060919225216,3.670789999887347,0.19161601085215807,284.0984290087363,22.91898100520484,0.0071039830800145864,307.2161300078733,57.463616016320884,17.066682965378277,3.499972983263433,9.8678249923978,26.441995010827668,40.51753900421318,2.856417981092818,1.0762280289782211,0.2940479607786983,1.2653469893848523,0.3007680061273277,0.00553599966224283,103.79626801295672,2.512131992261857,0.13561599189415574,31.3665160065284,0.04636798985302448,9.724016999825835,8.988047004095279,0.11302399798296392,0.6229459977475926,3.495205004583113,0.6148809916339815,0.004928006092086434,2.489571998012252,7,0,7,0,0,,,,,,,,,,,,,,
rsg_object_detection,dropped_oldest,2033,rsg_20260806_134_304900000_002033,dropped,True,fifo_cached_frame,2015,218,0,1795,218,0,1,0.0,47.783918998902664,frame_fifo_full,,,,,,,,,,,,,,,,,,,,,,,,,,,,,,,,,,,,,,,,,,,,,,,,,,,,,,,,
rsg_object_detection,dropped_oldest,2034,rsg_20260806_134_354899999_002034,dropped,True,fifo_cached_frame,2016,218,0,1796,218,0,1,0.0,48.42132900375873,frame_fifo_full,,,,,,,,,,,,,,,,,,,,,,,,,,,,,,,,,,,,,,,,,,,,,,,,,,,,,,,,
rsg_object_detection,dropped_oldest,2035,rsg_20260806_134_404899999_002035,dropped,True,fifo_cached_frame,2017,218,0,1797,218,0,1,0.0,54.00271400867496,frame_fifo_full,,,,,,,,,,,,,,,,,,,,,,,,,,,,,,,,,,,,,,,,,,,,,,,,,,,,,,,,
rsg_object_detection,dropped_oldest,2036,rsg_20260806_134_454900000_002036,dropped,True,fifo_cached_frame,2018,218,0,1798,218,0,1,0.0,97.13488101260737,frame_fifo_full,,,,,,,,,,,,,,,,,,,,,,,,,,,,,,,,,,,,,,,,,,,,,,,,,,,,,,,,
rsg_object_detection,dropped_oldest,2037,rsg_20260806_134_554900000_002037,dropped,True,fifo_cached_frame,2019,218,0,1799,218,0,1,0.0,113.06911500287242,frame_fifo_full,,,,,,,,,,,,,,,,,,,,,,,,,,,,,,,,,,,,,,,,,,,,,,,,,,,,,,,,
rsg_object_detection,dropped_oldest,2038,rsg_20260806_134_654899999_002038,dropped,True,fifo_cached_frame,2020,218,0,1800,218,0,1,0.0,53.318232006859034,frame_fifo_full,,,,,,,,,,,,,,,,,,,,,,,,,,,,,,,,,,,,,,,,,,,,,,,,,,,,,,,,
rsg_object_detection,frame_trace,2032,rsg_20260806_134_254899999_002032,sent_to_hydra,,,,,,,,,,,549.8091660119826,ok,11.90565200522542,504.90739599626977,30.22267400228884,0.15436900139320642,30.068305000895634,0.006112008122727275,1.0366740025347099,0.17664099868852645,278.7968449993059,14.676216000225395,0.007807990186847746,293.6575099884067,91.76536797895096,29.709710986935534,4.496265988564119,34.84216901415493,22.086211989517324,71.65701400663238,4.909221999696456,1.5126119833439589,0.33692902070470154,1.3820190069964156,0.312320000375621,0.005152003723196685,171.89865199907217,3.0713969899807125,0.13878400204703212,35.05516100267414,0.04921801155433059,7.025355997029692,6.334601988783106,0.10748900240287185,0.5832650058437139,4.096934004337527,0.777410008595325,0.005951995262876153,2.7673320000758395,8,0,8,0,0,,,,,,,,,,,,,,
rsg_object_detection,dropped_oldest,2040,rsg_20260806_134_854899999_002040,dropped,True,fifo_cached_frame,2022,219,0,1801,219,0,1,0.0,87.73441700031981,frame_fifo_full,,,,,,,,,,,,,,,,,,,,,,,,,,,,,,,,,,,,,,,,,,,,,,,,,,,,,,,,
rsg_object_detection,dropped_oldest,2041,rsg_20260806_134_954900000_002041,dropped,True,fifo_cached_frame,2023,219,0,1802,219,0,1,0.0,52.20914300298318,frame_fifo_full,,,,,,,,,,,,,,,,,,,,,,,,,,,,,,,,,,,,,,,,,,,,,,,,,,,,,,,,
rsg_object_detection,dropped_oldest,2042,rsg_20260806_135_004899999_002042,dropped,True,fifo_cached_frame,2024,219,0,1803,219,0,1,0.0,111.72632800298743,frame_fifo_full,,,,,,,,,,,,,,,,,,,,,,,,,,,,,,,,,,,,,,,,,,,,,,,,,,,,,,,,
rsg_object_detection,dropped_oldest,2043,rsg_20260806_135_104899999_002043,dropped,True,fifo_cached_frame,2025,219,0,1804,219,0,1,0.0,57.35910100338515,frame_fifo_full,,,,,,,,,,,,,,,,,,,,,,,,,,,,,,,,,,,,,,,,,,,,,,,,,,,,,,,,
rsg_object_detection,dropped_oldest,2044,rsg_20260806_135_154899999_002044,dropped,True,fifo_cached_frame,2026,219,0,1805,219,0,1,0.0,80.58989100391045,frame_fifo_full,,,,,,,,,,,,,,,,,,,,,,,,,,,,,,,,,,,,,,,,,,,,,,,,,,,,,,,,
rsg_object_detection,dropped_oldest,2045,rsg_20260806_135_254899999_002045,dropped,True,fifo_cached_frame,2027,219,0,1806,219,0,1,0.0,101.30410100100562,frame_fifo_full,,,,,,,,,,,,,,,,,,,,,,,,,,,,,,,,,,,,,,,,,,,,,,,,,,,,,,,,
rsg_object_detection,dropped_oldest,2046,rsg_20260806_135_354899999_002046,dropped,True,fifo_cached_frame,2028,219,0,1807,219,0,1,0.0,50.18430600466672,frame_fifo_full,,,,,,,,,,,,,,,,,,,,,,,,,,,,,,,,,,,,,,,,,,,,,,,,,,,,,,,,
rsg_object_detection,frame_trace,2039,rsg_20260806_134_704900000_002039,sent_to_hydra,,,,,,,,,,,695.417205002741,ok,12.842485011788085,570.1262779912213,108.30734699266031,0.1392639969708398,108.16808299568947,0.003712004399858415,1.1529620096553117,0.22467199596576393,269.30060499580577,26.98833199974615,0.006560003384947777,296.52016899490263,150.6528530153446,26.363530982052907,4.819270994630642,85.79671700135805,32.93147801014129,74.10421699751168,3.763588989386335,4.862824018346146,0.366176973329857,1.4427229907596484,0.5003530095564201,0.0068160006776452065,235.7199359976221,2.8045799990650266,0.13036800373811275,33.75109500484541,0.04716798139270395,8.473773996229284,7.902220997493714,0.09475200204178691,0.4768009966937825,3.6562300083460286,0.7087370031513274,0.003744004061445594,4.137383002671413,8,0,8,0,0,,,,,,,,,,,,,,
rsg_object_detection,dropped_oldest,2048,rsg_20260806_135_454900000_002048,dropped,True,fifo_cached_frame,2030,220,0,1808,220,0,1,0.0,145.88682999601588,frame_fifo_full,,,,,,,,,,,,,,,,,,,,,,,,,,,,,,,,,,,,,,,,,,,,,,,,,,,,,,,,
rsg_object_detection,dropped_oldest,2049,rsg_20260806_135_604899999_002049,dropped,True,fifo_cached_frame,2031,220,0,1809,220,0,1,0.0,53.64319100044668,frame_fifo_full,,,,,,,,,,,,,,,,,,,,,,,,,,,,,,,,,,,,,,,,,,,,,,,,,,,,,,,,
rsg_object_detection,dropped_oldest,2050,rsg_20260806_135_654899999_002050,dropped,True,fifo_cached_frame,2032,220,0,1810,220,0,1,0.0,45.96013801346999,frame_fifo_full,,,,,,,,,,,,,,,,,,,,,,,,,,,,,,,,,,,,,,,,,,,,,,,,,,,,,,,,
rsg_object_detection,dropped_oldest,2051,rsg_20260806_135_704900000_002051,dropped,True,fifo_cached_frame,2033,220,0,1811,220,0,1,0.0,117.91148799238726,frame_fifo_full,,,,,,,,,,,,,,,,,,,,,,,,,,,,,,,,,,,,,,,,,,,,,,,,,,,,,,,,
rsg_object_detection,dropped_oldest,2052,rsg_20260806_135_804900000_002052,dropped,True,fifo_cached_frame,2034,220,0,1812,220,0,1,0.0,30.05060901341494,frame_fifo_full,,,,,,,,,,,,,,,,,,,,,,,,,,,,,,,,,,,,,,,,,,,,,,,,,,,,,,,,
rsg_object_detection,dropped_oldest,2053,rsg_20260806_135_854899999_002053,dropped,True,fifo_cached_frame,2035,220,0,1813,220,0,1,0.0,50.758386991219595,frame_fifo_full,,,,,,,,,,,,,,,,,,,,,,,,,,,,,,,,,,,,,,,,,,,,,,,,,,,,,,,,
rsg_object_detection,dropped_oldest,2054,rsg_20260806_135_904899999_002054,dropped,True,fifo_cached_frame,2036,220,0,1814,220,0,1,0.0,60.455746002844535,frame_fifo_full,,,,,,,,,,,,,,,,,,,,,,,,,,,,,,,,,,,,,,,,,,,,,,,,,,,,,,,,
rsg_object_detection,dropped_oldest,2055,rsg_20260806_135_954900000_002055,dropped,True,fifo_cached_frame,2037,220,0,1815,220,0,1,0.0,45.75312999077141,frame_fifo_full,,,,,,,,,,,,,,,,,,,,,,,,,,,,,,,,,,,,,,,,,,,,,,,,,,,,,,,,
rsg_object_detection,frame_trace,2047,rsg_20260806_135_404899999_002047,sent_to_hydra,,,,,,,,,,,677.2241430007853,ok,10.956978003378026,628.6731829895871,35.01269700063858,0.14822499360889196,34.86447200702969,0.0036480050766840577,1.1643850011751056,0.21075300173833966,301.9537079962902,24.77047200954985,0.007007998647168279,326.94194100622553,208.30213000590447,49.41707299440168,5.907080994802527,125.01124301343225,27.254283995716833,45.02208999474533,3.5455410106806085,1.845250983024016,0.3763220156542957,1.4106900052865967,1.2080979940947145,0.005856010830029845,261.7343780002557,6.163466008729301,0.12691300071310252,32.49938000226393,0.0427199702244252,6.698762997984886,6.050153999240138,0.09567999222781509,0.5529290065169334,3.51603799208533,0.7367049984168261,0.005472014890983701,2.5776370021048933,7,0,7,0,0,,,,,,,,,,,,,,
rsg_object_detection,dropped_oldest,2057,rsg_20260806_136_104899999_002057,dropped,True,fifo_cached_frame,2039,221,0,1816,221,0,1,0.0,52.76929998944979,frame_fifo_full,,,,,,,,,,,,,,,,,,,,,,,,,,,,,,,,,,,,,,,,,,,,,,,,,,,,,,,,
rsg_object_detection,dropped_oldest,2058,rsg_20260806_136_154899999_002058,dropped,True,fifo_cached_frame,2040,221,0,1817,221,0,1,0.0,101.3339550117962,frame_fifo_full,,,,,,,,,,,,,,,,,,,,,,,,,,,,,,,,,,,,,,,,,,,,,,,,,,,,,,,,
rsg_object_detection,dropped_oldest,2059,rsg_20260806_136_254899999_002059,dropped,True,fifo_cached_frame,2041,221,0,1818,221,0,1,0.0,100.02089699264616,frame_fifo_full,,,,,,,,,,,,,,,,,,,,,,,,,,,,,,,,,,,,,,,,,,,,,,,,,,,,,,,,
rsg_object_detection,dropped_oldest,2060,rsg_20260806_136_354899999_002060,dropped,True,fifo_cached_frame,2042,221,0,1819,221,0,1,0.0,41.85830699861981,frame_fifo_full,,,,,,,,,,,,,,,,,,,,,,,,,,,,,,,,,,,,,,,,,,,,,,,,,,,,,,,,
rsg_object_detection,dropped_oldest,2061,rsg_20260806_136_404899999_002061,dropped,True,fifo_cached_frame,2043,221,0,1820,221,0,1,0.0,48.6528140027076,frame_fifo_full,,,,,,,,,,,,,,,,,,,,,,,,,,,,,,,,,,,,,,,,,,,,,,,,,,,,,,,,
rsg_object_detection,dropped_oldest,2062,rsg_20260806_136_454900000_002062,dropped,True,fifo_cached_frame,2044,221,0,1821,221,0,1,0.0,164.3117200001143,frame_fifo_full,,,,,,,,,,,,,,,,,,,,,,,,,,,,,,,,,,,,,,,,,,,,,,,,,,,,,,,,
rsg_object_detection,dropped_oldest,2063,rsg_20260806_136_604899999_002063,dropped,True,fifo_cached_frame,2045,221,0,1822,221,0,1,0.0,34.82946399890352,frame_fifo_full,,,,,,,,,,,,,,,,,,,,,,,,,,,,,,,,,,,,,,,,,,,,,,,,,,,,,,,,
rsg_object_detection,dropped_oldest,2064,rsg_20260806_136_654899999_002064,dropped,True,fifo_cached_frame,2046,221,0,1823,221,0,1,0.0,48.92132700479124,frame_fifo_full,,,,,,,,,,,,,,,,,,,,,,,,,,,,,,,,,,,,,,,,,,,,,,,,,,,,,,,,
rsg_object_detection,frame_trace,2056,rsg_20260806_136_004899999_002056,sent_to_hydra,,,,,,,,,,,702.683176001301,ok,13.773653990938328,589.632528994116,96.7959970002994,0.13654401118401438,96.65945298911538,0.003712004399858415,5.1934160001110286,0.6930890085641295,318.0601900094189,20.350913007860072,0.008991977665573359,339.11318400350865,140.59171300323214,19.625569009804167,5.481670974404551,93.8971750147175,20.973728998797014,53.579350002110004,3.50006902590394,6.42241102468688,0.32611294591333717,1.2551700056064874,0.6183369987411425,0.00553599966224283,206.31911500822753,5.0662800058489665,0.13929599663242698,33.74978200008627,0.05145597970113158,9.22849499329459,8.566093994886614,0.09555199358146638,0.5668490048265085,3.6450939951464534,0.8949129987740889,0.005152003723196685,2.4772840115474537,7,0,7,0,0,,,,,,,,,,,,,,
rsg_object_detection,dropped_oldest,2066,rsg_20260806_136_754899999_002066,dropped,True,fifo_cached_frame,2048,222,0,1824,222,0,1,0.0,79.92166400072165,frame_fifo_full,,,,,,,,,,,,,,,,,,,,,,,,,,,,,,,,,,,,,,,,,,,,,,,,,,,,,,,,
rsg_object_detection,dropped_oldest,2067,rsg_20260806_136_854899999_002067,dropped,True,fifo_cached_frame,2049,222,0,1825,222,0,1,0.0,52.02149099204689,frame_fifo_full,,,,,,,,,,,,,,,,,,,,,,,,,,,,,,,,,,,,,,,,,,,,,,,,,,,,,,,,
rsg_object_detection,dropped_oldest,2068,rsg_20260806_136_904899999_002068,dropped,True,fifo_cached_frame,2050,222,0,1826,222,0,1,0.0,51.23147400445305,frame_fifo_full,,,,,,,,,,,,,,,,,,,,,,,,,,,,,,,,,,,,,,,,,,,,,,,,,,,,,,,,
rsg_object_detection,dropped_oldest,2069,rsg_20260806_136_954900000_002069,dropped,True,fifo_cached_frame,2051,222,0,1827,222,0,1,0.0,46.923019996029325,frame_fifo_full,,,,,,,,,,,,,,,,,,,,,,,,,,,,,,,,,,,,,,,,,,,,,,,,,,,,,,,,
rsg_object_detection,dropped_oldest,2070,rsg_20260806_137_004899999_002070,dropped,True,fifo_cached_frame,2052,222,0,1828,222,0,1,0.0,51.50779499672353,frame_fifo_full,,,,,,,,,,,,,,,,,,,,,,,,,,,,,,,,,,,,,,,,,,,,,,,,,,,,,,,,
rsg_object_detection,dropped_oldest,2071,rsg_20260806_137_054900000_002071,dropped,True,fifo_cached_frame,2053,222,0,1829,222,0,1,0.0,114.0000519953901,frame_fifo_full,,,,,,,,,,,,,,,,,,,,,,,,,,,,,,,,,,,,,,,,,,,,,,,,,,,,,,,,
rsg_object_detection,dropped_oldest,2072,rsg_20260806_137_154899999_002072,dropped,True,fifo_cached_frame,2054,222,0,1830,222,0,1,0.0,43.62323699751869,frame_fifo_full,,,,,,,,,,,,,,,,,,,,,,,,,,,,,,,,,,,,,,,,,,,,,,,,,,,,,,,,
rsg_object_detection,dropped_oldest,2073,rsg_20260806_137_204900000_002073,dropped,True,fifo_cached_frame,2055,222,0,1831,222,0,1,0.0,70.14215899107512,frame_fifo_full,,,,,,,,,,,,,,,,,,,,,,,,,,,,,,,,,,,,,,,,,,,,,,,,,,,,,,,,
rsg_object_detection,dropped_oldest,2074,rsg_20260806_137_254899999_002074,dropped,True,fifo_cached_frame,2056,222,0,1832,222,0,1,0.0,39.46457400161307,frame_fifo_full,,,,,,,,,,,,,,,,,,,,,,,,,,,,,,,,,,,,,,,,,,,,,,,,,,,,,,,,
rsg_object_detection,dropped_oldest,2075,rsg_20260806_137_304900000_002075,dropped,True,fifo_cached_frame,2057,222,0,1833,222,0,1,0.0,63.39817999105435,frame_fifo_full,,,,,,,,,,,,,,,,,,,,,,,,,,,,,,,,,,,,,,,,,,,,,,,,,,,,,,,,
rsg_object_detection,frame_trace,2065,rsg_20260806_136_704900000_002065,sent_to_hydra,,,,,,,,,,,693.5922400007257,ok,15.412856999319047,641.2205079977866,34.26751100050751,0.13177600339986384,34.13573499710765,0.0036480050766840577,2.8445799980545416,0.2033929922617972,325.69207399501465,23.340100990026258,0.008192015229724348,349.24375999253243,161.58521502802614,29.683182976441458,32.383378988015465,50.2074699907098,48.49355001351796,79.96822199493181,3.523332008626312,1.2847390171373263,0.34435295674484223,1.4582740113837644,0.390112996683456,0.006143993232399225,248.57837600575294,3.5152380005456507,0.17526399460621178,36.81829800189007,0.0449920044047758,9.200847009196877,8.507692997227423,0.13744100579060614,0.5557130061788484,5.297512005199678,0.9079380106413737,0.00655997428111732,2.6877159980358556,8,0,8,0,0,,,,,,,,,,,,,,
rsg_object_detection,dropped_oldest,2077,rsg_20260806_137_404899999_002077,dropped,True,fifo_cached_frame,2059,223,0,1834,223,0,1,0.0,37.18345100060105,frame_fifo_full,,,,,,,,,,,,,,,,,,,,,,,,,,,,,,,,,,,,,,,,,,,,,,,,,,,,,,,,
rsg_object_detection,dropped_oldest,2078,rsg_20260806_137_454900000_002078,dropped,True,fifo_cached_frame,2060,223,0,1835,223,0,1,0.0,38.78089299541898,frame_fifo_full,,,,,,,,,,,,,,,,,,,,,,,,,,,,,,,,,,,,,,,,,,,,,,,,,,,,,,,,
rsg_object_detection,dropped_oldest,2079,rsg_20260806_137_504899999_002079,dropped,True,fifo_cached_frame,2061,223,0,1836,223,0,1,0.0,103.98538000299595,frame_fifo_full,,,,,,,,,,,,,,,,,,,,,,,,,,,,,,,,,,,,,,,,,,,,,,,,,,,,,,,,
rsg_object_detection,dropped_oldest,2080,rsg_20260806_137_604899999_002080,dropped,True,fifo_cached_frame,2062,223,0,1837,223,0,1,0.0,51.52187299972866,frame_fifo_full,,,,,,,,,,,,,,,,,,,,,,,,,,,,,,,,,,,,,,,,,,,,,,,,,,,,,,,,
rsg_object_detection,dropped_oldest,2081,rsg_20260806_137_654899999_002081,dropped,True,fifo_cached_frame,2063,223,0,1838,223,0,1,0.0,46.87245799868833,frame_fifo_full,,,,,,,,,,,,,,,,,,,,,,,,,,,,,,,,,,,,,,,,,,,,,,,,,,,,,,,,
rsg_object_detection,dropped_oldest,2082,rsg_20260806_137_704900000_002082,dropped,True,fifo_cached_frame,2064,223,0,1839,223,0,1,0.0,159.3038360006176,frame_fifo_full,,,,,,,,,,,,,,,,,,,,,,,,,,,,,,,,,,,,,,,,,,,,,,,,,,,,,,,,
rsg_object_detection,dropped_oldest,2083,rsg_20260806_137_854899999_002083,dropped,True,fifo_cached_frame,2065,223,0,1840,223,0,1,0.0,53.36853300104849,frame_fifo_full,,,,,,,,,,,,,,,,,,,,,,,,,,,,,,,,,,,,,,,,,,,,,,,,,,,,,,,,
rsg_object_detection,frame_trace,2076,rsg_20260806_137_354899999_002076,sent_to_hydra,,,,,,,,,,,544.2989709990798,ok,14.669623007648624,487.7789780002786,39.13452599954326,0.1381759939249605,38.9963500056183,0.0025600020308047533,5.977096996502951,0.21296099293977022,258.0364070017822,21.22217799478676,0.006016009137965739,279.4775619986467,102.5464020203799,19.962944017606787,9.060046009835787,36.40364299644716,36.31036001024768,46.986569999717176,3.8944050029385835,4.997224983526394,0.35267198109067976,1.286241997149773,0.49689700244925916,0.0053440016927197576,160.5822050041752,5.044296005507931,0.194783991901204,36.453434004215524,0.04959999932907522,10.084079985972494,9.424431002116762,0.10316800035070628,0.5564809835050255,3.908294005668722,0.6716490024700761,0.005600013537332416,2.7132839895784855,7,0,7,0,0,,,,,,,,,,,,,,
rsg_object_detection,dropped_oldest,2085,rsg_20260806_138_004899999_002085,dropped,True,fifo_cached_frame,2067,224,0,1841,224,0,1,0.0,52.38472299242858,frame_fifo_full,,,,,,,,,,,,,,,,,,,,,,,,,,,,,,,,,,,,,,,,,,,,,,,,,,,,,,,,
rsg_object_detection,dropped_oldest,2086,rsg_20260806_138_054900000_002086,dropped,True,fifo_cached_frame,2068,224,0,1842,224,0,1,0.0,150.14692200929858,frame_fifo_full,,,,,,,,,,,,,,,,,,,,,,,,,,,,,,,,,,,,,,,,,,,,,,,,,,,,,,,,
rsg_object_detection,,636,rsg_20260806_47_354880000_000636,vlm_failed,,,,,,,,,,,,"{""label"":""unknown_object"",""label_confidence"":0.0,""mobility_class"":""unknown"",""mobility_confidence"":0.0}",,,,,,,,,,,,,,,,,,,,,,,,,,,,,,,,,,,,,,,,,,,rsg_obj_000075,rsg_unknown_rsg_20260806_47_354880000_000636_002_nanosam_003,,,1,0.5309283696941036,unknown_object,0.0,unknown,0.0,4745.106029004091,84696.28772500437,qwen_http,Qwen3-VL-8B-Instruct-GGUF
rsg_object_detection,completed,636,rsg_20260806_47_354880000_000636,,,,,,,,,,,79951.17945599486,,vlm_failed,,,,,,,,,,,,,,,,,,,,,,,,,,,,,,,,,,,,,,,,,,,rsg_obj_000075,rsg_unknown_rsg_20260806_47_354880000_000636_002_nanosam_003,68,300,1,0.5309283696941036,,,,,,,,
rsg_object_detection,dropped_oldest,2087,rsg_20260806_138_204900000_002087,dropped,True,fifo_cached_frame,2069,224,0,1843,224,0,1,0.0,47.681865995400585,frame_fifo_full,,,,,,,,,,,,,,,,,,,,,,,,,,,,,,,,,,,,,,,,,,,,,,,,,,,,,,,,
rsg_object_detection,dequeued,680,rsg_20260806_49_904879999_000680,,,,,,,,,,,82540.31781399681,,fifo_order,,,,,,,,,,,,,,,,,,,,,,,,,,,,,,,,,,,,,,,,,,,rsg_obj_000080,rsg_unknown_rsg_20260806_49_904879999_000680_003_nanosam_000,67,300,1,0.42179525468975465,,,,,,,,
rsg_object_detection,dropped_oldest,2088,rsg_20260806_138_254899999_002088,dropped,True,fifo_cached_frame,2070,224,0,1844,224,0,1,0.0,108.81872999016196,frame_fifo_full,,,,,,,,,,,,,,,,,,,,,,,,,,,,,,,,,,,,,,,,,,,,,,,,,,,,,,,,
rsg_object_detection,dropped_oldest,2089,rsg_20260806_138_354899999_002089,dropped,True,fifo_cached_frame,2071,224,0,1845,224,0,1,0.0,116.0043090058025,frame_fifo_full,,,,,,,,,,,,,,,,,,,,,,,,,,,,,,,,,,,,,,,,,,,,,,,,,,,,,,,,
rsg_object_detection,dropped_oldest,2090,rsg_20260806_138_404899999_002090,dropped,True,fifo_cached_frame,2072,224,0,1846,224,0,1,0.0,3.1104689987841994,frame_fifo_full,,,,,,,,,,,,,,,,,,,,,,,,,,,,,,,,,,,,,,,,,,,,,,,,,,,,,,,,
rsg_object_detection,frame_trace,2084,rsg_20260806_137_904899999_002084,sent_to_hydra,,,,,,,,,,,626.1086879967479,ok,10.17969599342905,574.1686390101677,39.68911799893249,0.1335359993390739,39.555581999593414,0.004896006430499256,1.9853150006383657,0.2857930085156113,301.0673180106096,26.986729993950576,0.006495989509858191,328.34633700258564,146.39242002158426,36.625976019422524,10.118254998815246,49.14362699491903,49.674509005853906,56.97019999206532,3.897987975506112,2.7060540160164237,0.3628489939728752,1.4106260059634224,0.46854499669279903,0.0042239989852532744,212.25373800552916,4.768903003423475,0.12783998681697994,26.63741800643038,0.04908800474368036,4.830855003092438,4.254469997249544,0.08819199865683913,0.4881930071860552,4.481127005419694,0.8617619896540418,0.005951995262876153,2.0663389877881855,8,0,8,0,0,,,,,,,,,,,,,,
rsg_object_detection,dropped_oldest,2092,rsg_20260806_138_554900000_002092,dropped,True,fifo_cached_frame,2074,225,0,1847,225,0,1,0.0,100.24149999662768,frame_fifo_full,,,,,,,,,,,,,,,,,,,,,,,,,,,,,,,,,,,,,,,,,,,,,,,,,,,,,,,,
rsg_object_detection,dropped_oldest,2093,rsg_20260806_138_654899999_002093,dropped,True,fifo_cached_frame,2075,225,0,1848,225,0,1,0.0,84.96646799903829,frame_fifo_full,,,,,,,,,,,,,,,,,,,,,,,,,,,,,,,,,,,,,,,,,,,,,,,,,,,,,,,,
rsg_object_detection,dropped_oldest,2094,rsg_20260806_138_754899999_002094,dropped,True,fifo_cached_frame,2076,225,0,1849,225,0,1,0.0,98.73784899536986,frame_fifo_full,,,,,,,,,,,,,,,,,,,,,,,,,,,,,,,,,,,,,,,,,,,,,,,,,,,,,,,,
rsg_object_detection,dropped_oldest,2095,rsg_20260806_138_854899999_002095,dropped,True,fifo_cached_frame,2077,225,0,1850,225,0,1,0.0,53.0665459955344,frame_fifo_full,,,,,,,,,,,,,,,,,,,,,,,,,,,,,,,,,,,,,,,,,,,,,,,,,,,,,,,,
rsg_object_detection,dropped_oldest,2096,rsg_20260806_138_904899999_002096,dropped,True,fifo_cached_frame,2078,225,0,1851,225,0,1,0.0,96.50645399233326,frame_fifo_full,,,,,,,,,,,,,,,,,,,,,,,,,,,,,,,,,,,,,,,,,,,,,,,,,,,,,,,,
rsg_object_detection,dropped_oldest,2097,rsg_20260806_139_004899999_002097,dropped,True,fifo_cached_frame,2079,225,0,1852,225,0,1,0.0,48.9662199979648,frame_fifo_full,,,,,,,,,,,,,,,,,,,,,,,,,,,,,,,,,,,,,,,,,,,,,,,,,,,,,,,,
rsg_object_detection,dropped_oldest,2098,rsg_20260806_139_054900000_002098,dropped,True,fifo_cached_frame,2080,225,0,1853,225,0,1,0.0,160.5127250077203,frame_fifo_full,,,,,,,,,,,,,,,,,,,,,,,,,,,,,,,,,,,,,,,,,,,,,,,,,,,,,,,,
rsg_object_detection,frame_trace,2091,rsg_20260806_138_454900000_002091,sent_to_hydra,,,,,,,,,,,741.7708760040114,ok,14.967255003284663,640.470111000468,84.48569900065195,0.13843199121765792,84.34726700943429,0.0022400054149329662,7.030346008832566,0.20035299530718476,307.85359800211154,27.746442996431142,0.006911999662406743,335.8073059935123,189.78944602713455,38.015257989172824,8.74836697767023,102.6767359871883,39.59350101649761,68.55101700057276,3.467395988991484,0.8808639977360144,0.3327389858895913,1.3230740005383268,0.4846090014325455,0.005376001354306936,264.85196099383757,7.772972006932832,0.13529599527828395,24.823365994961932,0.04886400711257011,10.596784995868802,9.918670999468304,0.09686399425845593,0.5812500021420419,3.713860991410911,0.6510730017907917,0.005536014214158058,1.845570994191803,7,0,7,0,0,,,,,,,,,,,,,,
rsg_object_detection,dropped_oldest,2100,rsg_20260806_139_254899999_002100,dropped,True,fifo_cached_frame,2082,226,0,1854,226,0,1,0.0,106.53229099989403,frame_fifo_full,,,,,,,,,,,,,,,,,,,,,,,,,,,,,,,,,,,,,,,,,,,,,,,,,,,,,,,,
rsg_object_detection,dropped_oldest,2101,rsg_20260806_139_354899999_002101,dropped,True,fifo_cached_frame,2083,226,0,1855,226,0,1,0.0,41.59139200055506,frame_fifo_full,,,,,,,,,,,,,,,,,,,,,,,,,,,,,,,,,,,,,,,,,,,,,,,,,,,,,,,,
rsg_object_detection,dropped_oldest,2102,rsg_20260806_139_404899999_002102,dropped,True,fifo_cached_frame,2084,226,0,1856,226,0,1,0.0,53.75259400170762,frame_fifo_full,,,,,,,,,,,,,,,,,,,,,,,,,,,,,,,,,,,,,,,,,,,,,,,,,,,,,,,,
rsg_object_detection,dropped_oldest,2103,rsg_20260806_139_454900000_002103,dropped,True,fifo_cached_frame,2085,226,0,1857,226,0,1,0.0,57.412504000240006,frame_fifo_full,,,,,,,,,,,,,,,,,,,,,,,,,,,,,,,,,,,,,,,,,,,,,,,,,,,,,,,,
rsg_object_detection,dropped_oldest,2104,rsg_20260806_139_504899999_002104,dropped,True,fifo_cached_frame,2086,226,0,1858,226,0,1,0.0,48.502155012101866,frame_fifo_full,,,,,,,,,,,,,,,,,,,,,,,,,,,,,,,,,,,,,,,,,,,,,,,,,,,,,,,,
rsg_object_detection,dropped_oldest,2105,rsg_20260806_139_554900000_002105,dropped,True,fifo_cached_frame,2087,226,0,1859,226,0,1,0.0,160.98491799493786,frame_fifo_full,,,,,,,,,,,,,,,,,,,,,,,,,,,,,,,,,,,,,,,,,,,,,,,,,,,,,,,,
rsg_object_detection,dropped_oldest,2106,rsg_20260806_139_704900000_002106,dropped,True,fifo_cached_frame,2088,226,0,1860,226,0,1,0.0,51.872592011932284,frame_fifo_full,,,,,,,,,,,,,,,,,,,,,,,,,,,,,,,,,,,,,,,,,,,,,,,,,,,,,,,,
rsg_object_detection,frame_trace,2099,rsg_20260806_139_204900000_002099,sent_to_hydra,,,,,,,,,,,573.5312449978665,ok,13.002804000279866,530.6965870113345,27.836970999487676,0.17724800272844732,27.65972299675923,0.003039996954612434,1.3760659930994734,0.3030719963135198,314.4534409948392,19.251772988354787,0.007616021321155131,334.01590200082865,101.97887598769739,16.67496898153331,5.947529993136413,37.98764194652904,40.58169302879833,54.82600400864612,4.151622983044945,1.3648969907080755,0.38774503627792,1.4486419968307018,0.3716490027727559,0.005312002031132579,164.55532399413642,2.8732839855365455,0.23011300072539598,27.599626002484,0.04627203452400863,8.499596995534375,7.866219995776191,0.10812800610437989,0.5252489936538041,3.763237997191027,0.7339849980780855,0.00598400947637856,1.9918429898098111,8,0,7,0,0,,,,,,,,,,,,,,
rsg_object_detection,dropped_oldest,2108,rsg_20260806_139_854899999_002108,dropped,True,fifo_cached_frame,2090,227,0,1861,227,0,1,0.0,51.946480001788586,frame_fifo_full,,,,,,,,,,,,,,,,,,,,,,,,,,,,,,,,,,,,,,,,,,,,,,,,,,,,,,,,
rsg_object_detection,dropped_oldest,2109,rsg_20260806_139_904899999_002109,dropped,True,fifo_cached_frame,2091,227,0,1862,227,0,1,0.0,47.32445599802304,frame_fifo_full,,,,,,,,,,,,,,,,,,,,,,,,,,,,,,,,,,,,,,,,,,,,,,,,,,,,,,,,
rsg_object_detection,dropped_oldest,2110,rsg_20260806_139_954900000_002110,dropped,True,fifo_cached_frame,2092,227,0,1863,227,0,1,0.0,103.13228500308469,frame_fifo_full,,,,,,,,,,,,,,,,,,,,,,,,,,,,,,,,,,,,,,,,,,,,,,,,,,,,,,,,
rsg_object_detection,dropped_oldest,2111,rsg_20260806_140_054900000_002111,dropped,True,fifo_cached_frame,2093,227,0,1864,227,0,1,0.0,50.13415600114968,frame_fifo_full,,,,,,,,,,,,,,,,,,,,,,,,,,,,,,,,,,,,,,,,,,,,,,,,,,,,,,,,
rsg_object_detection,dropped_oldest,2112,rsg_20260806_140_104899999_002112,dropped,True,fifo_cached_frame,2094,227,0,1865,227,0,1,0.0,85.55344100750517,frame_fifo_full,,,,,,,,,,,,,,,,,,,,,,,,,,,,,,,,,,,,,,,,,,,,,,,,,,,,,,,,
rsg_object_detection,dropped_oldest,2113,rsg_20260806_140_154899999_002113,dropped,True,fifo_cached_frame,2095,227,0,1866,227,0,1,0.0,15.434999004355632,frame_fifo_full,,,,,,,,,,,,,,,,,,,,,,,,,,,,,,,,,,,,,,,,,,,,,,,,,,,,,,,,
rsg_object_detection,dropped_oldest,2114,rsg_20260806_140_204900000_002114,dropped,True,fifo_cached_frame,2096,227,0,1867,227,0,1,0.0,72.2616450075293,frame_fifo_full,,,,,,,,,,,,,,,,,,,,,,,,,,,,,,,,,,,,,,,,,,,,,,,,,,,,,,,,
rsg_object_detection,dropped_oldest,2115,rsg_20260806_140_254899999_002115,dropped,True,fifo_cached_frame,2097,227,0,1868,228,0,1,0.0,97.52913899137639,frame_fifo_full,,,,,,,,,,,,,,,,,,,,,,,,,,,,,,,,,,,,,,,,,,,,,,,,,,,,,,,,
rsg_object_detection,frame_trace,2107,rsg_20260806_139_754899999_002107,sent_to_hydra,,,,,,,,,,,573.7531249906169,ok,12.480530989705585,527.1425590035506,30.998414993518963,0.14367999392561615,30.854734999593347,0.0028479989850893617,1.9974750030087307,0.21548799122683704,284.4914739980595,25.355142992339097,0.01008000981528312,310.07218499144074,101.62434399535414,17.513115017209202,4.340645973570645,49.00192900095135,30.095181995420717,54.873139000847004,3.818215016508475,5.049383020377718,0.3637759655248374,1.4528660103678703,0.7552329916507006,0.006047994247637689,167.96306800097227,9.012845999677666,0.15222400543279946,37.89352900639642,0.05123199662193656,6.086537992814556,5.358856011298485,0.1320650044362992,0.5956169770797715,5.73936800356023,0.6502090109279379,0.004415982402861118,3.128772004856728,8,0,8,0,0,,,,,,,,,,,,,,
rsg_object_detection,dropped_oldest,2117,rsg_20260806_140_404899999_002117,dropped,True,fifo_cached_frame,2099,228,0,1869,228,0,1,0.0,39.143002999480814,frame_fifo_full,,,,,,,,,,,,,,,,,,,,,,,,,,,,,,,,,,,,,,,,,,,,,,,,,,,,,,,,
rsg_object_detection,dropped_oldest,2118,rsg_20260806_140_454900000_002118,dropped,True,fifo_cached_frame,2100,228,0,1870,228,0,1,0.0,49.069033993873745,frame_fifo_full,,,,,,,,,,,,,,,,,,,,,,,,,,,,,,,,,,,,,,,,,,,,,,,,,,,,,,,,
rsg_object_detection,dropped_oldest,2119,rsg_20260806_140_504899999_002119,dropped,True,fifo_cached_frame,2101,228,0,1871,228,0,1,0.0,50.634764003916644,frame_fifo_full,,,,,,,,,,,,,,,,,,,,,,,,,,,,,,,,,,,,,,,,,,,,,,,,,,,,,,,,
rsg_object_detection,dropped_oldest,2120,rsg_20260806_140_554900000_002120,dropped,True,fifo_cached_frame,2102,228,0,1872,228,0,1,0.0,61.407964007230476,frame_fifo_full,,,,,,,,,,,,,,,,,,,,,,,,,,,,,,,,,,,,,,,,,,,,,,,,,,,,,,,,
rsg_object_detection,dropped_oldest,2121,rsg_20260806_140_604899999_002121,dropped,True,fifo_cached_frame,2103,228,0,1873,228,0,1,0.0,40.4138209996745,frame_fifo_full,,,,,,,,,,,,,,,,,,,,,,,,,,,,,,,,,,,,,,,,,,,,,,,,,,,,,,,,
rsg_object_detection,dropped_oldest,2122,rsg_20260806_140_654899999_002122,dropped,True,fifo_cached_frame,2104,228,0,1874,228,0,1,0.0,47.426086995983496,frame_fifo_full,,,,,,,,,,,,,,,,,,,,,,,,,,,,,,,,,,,,,,,,,,,,,,,,,,,,,,,,
rsg_object_detection,dropped_oldest,2123,rsg_20260806_140_704900000_002123,dropped,True,fifo_cached_frame,2105,228,0,1875,228,0,1,0.0,61.24150000687223,frame_fifo_full,,,,,,,,,,,,,,,,,,,,,,,,,,,,,,,,,,,,,,,,,,,,,,,,,,,,,,,,
rsg_object_detection,dropped_oldest,2124,rsg_20260806_140_754899999_002124,dropped,True,fifo_cached_frame,2106,228,0,1876,228,0,1,0.0,125.06946799112484,frame_fifo_full,,,,,,,,,,,,,,,,,,,,,,,,,,,,,,,,,,,,,,,,,,,,,,,,,,,,,,,,
rsg_object_detection,dropped_oldest,2125,rsg_20260806_140_804900000_002125,dropped,True,fifo_cached_frame,2107,228,0,1877,228,0,1,0.0,3.2711730018490925,frame_fifo_full,,,,,,,,,,,,,,,,,,,,,,,,,,,,,,,,,,,,,,,,,,,,,,,,,,,,,,,,
rsg_object_detection,dropped_oldest,2126,rsg_20260806_140_854899999_002126,dropped,True,fifo_cached_frame,2108,228,0,1878,228,0,1,0.0,10.27918299951125,frame_fifo_full,,,,,,,,,,,,,,,,,,,,,,,,,,,,,,,,,,,,,,,,,,,,,,,,,,,,,,,,
rsg_object_detection,dropped_oldest,2127,rsg_20260806_140_904899999_002127,dropped,True,fifo_cached_frame,2109,228,0,1879,228,0,1,0.0,61.12873200618196,frame_fifo_full,,,,,,,,,,,,,,,,,,,,,,,,,,,,,,,,,,,,,,,,,,,,,,,,,,,,,,,,
rsg_object_detection,frame_trace,2116,rsg_20260806_140_354899999_002116,sent_to_hydra,,,,,,,,,,,596.2219200009713,ok,12.768530999892391,574.9963520065648,4.946535002090968,0.16233600035775453,4.784199001733214,0.003520006430335343,2.0149789925199,0.230431993259117,335.83663300669286,18.80063599674031,0.00723199627827853,354.87493299297057,95.96836898708716,43.5781779960962,6.082312989747152,15.975800008163787,28.633387992158532,72.03070000105072,3.7739590043202043,0.7651199994143099,0.35491200105752796,1.4786579995416105,0.34646499261725694,0.0068160006776452065,174.7450949915219,2.6548519963398576,0.1459199993405491,40.51026899833232,0.050304035539738834,8.578028995543718,7.8491960011888295,0.09481600136496127,0.6340169929899275,3.488933012704365,0.6960970058571547,0.005471985787153244,3.506981985992752,8,0,8,0,0,,,,,,,,,,,,,,
rsg_object_detection,dropped_oldest,2129,rsg_20260806_141_004899999_002129,dropped,True,fifo_cached_frame,2111,229,0,1880,229,0,1,0.0,56.86747700383421,frame_fifo_full,,,,,,,,,,,,,,,,,,,,,,,,,,,,,,,,,,,,,,,,,,,,,,,,,,,,,,,,
rsg_object_detection,dropped_oldest,2130,rsg_20260806_141_054900000_002130,dropped,True,fifo_cached_frame,2112,229,0,1881,229,0,1,0.0,93.74122601002455,frame_fifo_full,,,,,,,,,,,,,,,,,,,,,,,,,,,,,,,,,,,,,,,,,,,,,,,,,,,,,,,,
rsg_object_detection,dropped_oldest,2131,rsg_20260806_141_154899999_002131,dropped,True,fifo_cached_frame,2113,229,0,1882,229,0,1,0.0,52.342158000101335,frame_fifo_full,,,,,,,,,,,,,,,,,,,,,,,,,,,,,,,,,,,,,,,,,,,,,,,,,,,,,,,,
rsg_object_detection,dropped_oldest,2132,rsg_20260806_141_204900000_002132,dropped,True,fifo_cached_frame,2114,229,0,1883,229,0,1,0.0,44.219488991075195,frame_fifo_full,,,,,,,,,,,,,,,,,,,,,,,,,,,,,,,,,,,,,,,,,,,,,,,,,,,,,,,,
rsg_object_detection,dropped_oldest,2133,rsg_20260806_141_254899999_002133,dropped,True,fifo_cached_frame,2115,229,0,1884,229,0,1,0.0,53.17502199613955,frame_fifo_full,,,,,,,,,,,,,,,,,,,,,,,,,,,,,,,,,,,,,,,,,,,,,,,,,,,,,,,,
rsg_object_detection,dropped_oldest,2134,rsg_20260806_141_304900000_002134,dropped,True,fifo_cached_frame,2116,229,0,1885,229,0,1,0.0,58.46015099086799,frame_fifo_full,,,,,,,,,,,,,,,,,,,,,,,,,,,,,,,,,,,,,,,,,,,,,,,,,,,,,,,,
rsg_object_detection,dropped_oldest,2135,rsg_20260806_141_354899999_002135,dropped,True,fifo_cached_frame,2117,229,0,1886,229,0,1,0.0,38.89362499467097,frame_fifo_full,,,,,,,,,,,,,,,,,,,,,,,,,,,,,,,,,,,,,,,,,,,,,,,,,,,,,,,,
rsg_object_detection,dropped_oldest,2136,rsg_20260806_141_404899999_002136,dropped,True,fifo_cached_frame,2118,229,0,1887,229,0,1,0.0,50.85335500189103,frame_fifo_full,,,,,,,,,,,,,,,,,,,,,,,,,,,,,,,,,,,,,,,,,,,,,,,,,,,,,,,,
rsg_object_detection,dropped_oldest,2137,rsg_20260806_141_454900000_002137,dropped,True,fifo_cached_frame,2119,229,0,1888,229,0,1,0.0,72.41121100378223,frame_fifo_full,,,,,,,,,,,,,,,,,,,,,,,,,,,,,,,,,,,,,,,,,,,,,,,,,,,,,,,,
rsg_object_detection,dropped_oldest,2138,rsg_20260806_141_504899999_002138,dropped,True,fifo_cached_frame,2120,229,0,1889,229,0,1,0.0,26.616167000611313,frame_fifo_full,,,,,,,,,,,,,,,,,,,,,,,,,,,,,,,,,,,,,,,,,,,,,,,,,,,,,,,,
rsg_object_detection,dropped_oldest,2139,rsg_20260806_141_554900000_002139,dropped,True,fifo_cached_frame,2121,229,0,1890,229,0,1,0.0,65.30329700035509,frame_fifo_full,,,,,,,,,,,,,,,,,,,,,,,,,,,,,,,,,,,,,,,,,,,,,,,,,,,,,,,,
rsg_object_detection,dropped_oldest,2140,rsg_20260806_141_604899999_002140,dropped,True,fifo_cached_frame,2122,229,0,1891,230,0,1,0.0,46.15696400287561,frame_fifo_full,,,,,,,,,,,,,,,,,,,,,,,,,,,,,,,,,,,,,,,,,,,,,,,,,,,,,,,,
rsg_object_detection,frame_trace,2128,rsg_20260806_140_954900000_002128,sent_to_hydra,,,,,,,,,,,669.7699520009337,ok,11.291888004052453,616.5294249949511,38.733305991627276,0.13379199663177133,38.599513994995505,0.002592001692391932,6.170216991449706,0.20096098887734115,275.7018169941148,26.659622992156073,0.00694401387590915,302.5693449890241,166.62715902202763,45.46349098382052,5.158248008228838,94.92414000851568,20.285245976992883,85.19266899384093,3.632645995821804,1.2873289961135015,0.364032996003516,1.58105899754446,0.6942089967196807,0.0052480027079582214,259.4045119913062,4.996167001081631,0.15497600543312728,43.1924480071757,0.04176000948064029,6.6865700064226985,6.056297002942301,0.1085130061255768,0.5217599973548204,3.77802099683322,0.8224010089179501,0.004895991878584027,3.2127410086104646,8,0,8,0,0,,,,,,,,,,,,,,
rsg_object_detection,dropped_oldest,2142,rsg_20260806_141_704900000_002142,dropped,True,fifo_cached_frame,2124,230,0,1892,230,0,1,0.0,50.108809999073856,frame_fifo_full,,,,,,,,,,,,,,,,,,,,,,,,,,,,,,,,,,,,,,,,,,,,,,,,,,,,,,,,
rsg_object_detection,dropped_oldest,2143,rsg_20260806_141_754899999_002143,dropped,True,fifo_cached_frame,2125,230,0,1893,230,0,1,0.0,42.4895029864274,frame_fifo_full,,,,,,,,,,,,,,,,,,,,,,,,,,,,,,,,,,,,,,,,,,,,,,,,,,,,,,,,
rsg_object_detection,dropped_oldest,2144,rsg_20260806_141_804900000_002144,dropped,True,fifo_cached_frame,2126,230,0,1894,230,0,1,0.0,51.21364300430287,frame_fifo_full,,,,,,,,,,,,,,,,,,,,,,,,,,,,,,,,,,,,,,,,,,,,,,,,,,,,,,,,
rsg_object_detection,dropped_oldest,2145,rsg_20260806_141_854899999_002145,dropped,True,fifo_cached_frame,2127,230,0,1895,230,0,1,0.0,47.289734007790685,frame_fifo_full,,,,,,,,,,,,,,,,,,,,,,,,,,,,,,,,,,,,,,,,,,,,,,,,,,,,,,,,
rsg_object_detection,dropped_oldest,2146,rsg_20260806_141_904899999_002146,dropped,True,fifo_cached_frame,2128,230,0,1896,230,0,1,0.0,50.596426997799426,frame_fifo_full,,,,,,,,,,,,,,,,,,,,,,,,,,,,,,,,,,,,,,,,,,,,,,,,,,,,,,,,
rsg_object_detection,dropped_oldest,2147,rsg_20260806_141_954900000_002147,dropped,True,fifo_cached_frame,2129,230,0,1897,230,0,1,0.0,51.571404008427635,frame_fifo_full,,,,,,,,,,,,,,,,,,,,,,,,,,,,,,,,,,,,,,,,,,,,,,,,,,,,,,,,
rsg_object_detection,dropped_oldest,2148,rsg_20260806_142_004899999_002148,dropped,True,fifo_cached_frame,2130,230,0,1898,230,0,1,0.0,58.01864499517251,frame_fifo_full,,,,,,,,,,,,,,,,,,,,,,,,,,,,,,,,,,,,,,,,,,,,,,,,,,,,,,,,
rsg_object_detection,dropped_oldest,2149,rsg_20260806_142_054900000_002149,dropped,True,fifo_cached_frame,2131,230,0,1899,230,0,1,0.0,56.044785989797674,frame_fifo_full,,,,,,,,,,,,,,,,,,,,,,,,,,,,,,,,,,,,,,,,,,,,,,,,,,,,,,,,
rsg_object_detection,dropped_oldest,2150,rsg_20260806_142_104899999_002150,dropped,True,fifo_cached_frame,2132,230,0,1900,230,0,1,0.0,63.29970801016316,frame_fifo_full,,,,,,,,,,,,,,,,,,,,,,,,,,,,,,,,,,,,,,,,,,,,,,,,,,,,,,,,
rsg_object_detection,dropped_oldest,2151,rsg_20260806_142_154899999_002151,dropped,True,fifo_cached_frame,2133,230,0,1901,231,0,1,0.0,35.60081899922807,frame_fifo_full,,,,,,,,,,,,,,,,,,,,,,,,,,,,,,,,,,,,,,,,,,,,,,,,,,,,,,,,
rsg_object_detection,frame_trace,2141,rsg_20260806_141_654899999_002141,sent_to_hydra,,,,,,,,,,,528.2918820012128,ok,13.334708011825569,507.71690800320357,4.863910988206044,0.15302399697247893,4.710886991233565,0.002176006091758609,1.939811001648195,0.21180800104048103,308.4365519898711,16.70578500488773,0.0088640081230551,325.36300900392234,70.25002398586366,19.70249300939031,8.085995999863371,24.78515703114681,16.94293699983973,62.3263949964894,3.9072380313882604,1.1095370136899874,0.3513919800752774,1.441729997168295,0.4507209960138425,0.004992005415260792,139.85950099595357,7.169065997004509,0.15187299868557602,33.1881760066608,0.04547199932858348,8.627053000964224,8.023115995456465,0.08806400001049042,0.5158730054972693,3.883684999891557,0.8175059920176864,0.006464018952101469,2.374178991885856,8,0,8,0,0,,,,,,,,,,,,,,
rsg_object_detection,dropped_oldest,2153,rsg_20260806_142_254899999_002153,dropped,True,fifo_cached_frame,2135,231,0,1902,231,0,1,0.0,40.23273100028746,frame_fifo_full,,,,,,,,,,,,,,,,,,,,,,,,,,,,,,,,,,,,,,,,,,,,,,,,,,,,,,,,
rsg_object_detection,dropped_oldest,2154,rsg_20260806_142_304900000_002154,dropped,True,fifo_cached_frame,2136,231,0,1903,231,0,1,0.0,102.67387700150721,frame_fifo_full,,,,,,,,,,,,,,,,,,,,,,,,,,,,,,,,,,,,,,,,,,,,,,,,,,,,,,,,
rsg_object_detection,dropped_oldest,2155,rsg_20260806_142_404899999_002155,dropped,True,fifo_cached_frame,2137,231,0,1904,231,0,1,0.0,48.59597400354687,frame_fifo_full,,,,,,,,,,,,,,,,,,,,,,,,,,,,,,,,,,,,,,,,,,,,,,,,,,,,,,,,
rsg_object_detection,dropped_oldest,2156,rsg_20260806_142_454900000_002156,dropped,True,fifo_cached_frame,2138,231,0,1905,231,0,1,0.0,49.98340101155918,frame_fifo_full,,,,,,,,,,,,,,,,,,,,,,,,,,,,,,,,,,,,,,,,,,,,,,,,,,,,,,,,
rsg_object_detection,dropped_oldest,2157,rsg_20260806_142_504899999_002157,dropped,True,fifo_cached_frame,2139,231,0,1906,231,0,1,0.0,51.07066599885002,frame_fifo_full,,,,,,,,,,,,,,,,,,,,,,,,,,,,,,,,,,,,,,,,,,,,,,,,,,,,,,,,
rsg_object_detection,dropped_oldest,2158,rsg_20260806_142_554900000_002158,dropped,True,fifo_cached_frame,2140,231,0,1907,231,0,1,0.0,110.11552000127267,frame_fifo_full,,,,,,,,,,,,,,,,,,,,,,,,,,,,,,,,,,,,,,,,,,,,,,,,,,,,,,,,
rsg_object_detection,dropped_oldest,2159,rsg_20260806_142_654899999_002159,dropped,True,fifo_cached_frame,2141,231,0,1908,231,0,1,0.0,384.2452310054796,frame_fifo_full,,,,,,,,,,,,,,,,,,,,,,,,,,,,,,,,,,,,,,,,,,,,,,,,,,,,,,,,
rsg_object_detection,dropped_oldest,2160,rsg_20260806_142_704900000_002160,dropped,True,fifo_cached_frame,2142,231,0,1909,231,0,1,0.0,3.6894460063194856,frame_fifo_full,,,,,,,,,,,,,,,,,,,,,,,,,,,,,,,,,,,,,,,,,,,,,,,,,,,,,,,,
rsg_object_detection,dropped_oldest,2161,rsg_20260806_142_754899999_002161,dropped,True,fifo_cached_frame,2143,231,0,1910,231,0,1,0.0,3.9682610076852143,frame_fifo_full,,,,,,,,,,,,,,,,,,,,,,,,,,,,,,,,,,,,,,,,,,,,,,,,,,,,,,,,
rsg_object_detection,dropped_oldest,2162,rsg_20260806_142_804900000_002162,dropped,True,fifo_cached_frame,2144,231,0,1911,231,0,1,0.0,3.6984699981985614,frame_fifo_full,,,,,,,,,,,,,,,,,,,,,,,,,,,,,,,,,,,,,,,,,,,,,,,,,,,,,,,,
rsg_object_detection,dropped_oldest,2163,rsg_20260806_142_854899999_002163,dropped,True,fifo_cached_frame,2145,231,0,1912,231,0,1,0.0,3.5897649941034615,frame_fifo_full,,,,,,,,,,,,,,,,,,,,,,,,,,,,,,,,,,,,,,,,,,,,,,,,,,,,,,,,
rsg_object_detection,dropped_oldest,2164,rsg_20260806_142_904899999_002164,dropped,True,fifo_cached_frame,2146,231,0,1913,231,0,1,0.0,4.606534988852218,frame_fifo_full,,,,,,,,,,,,,,,,,,,,,,,,,,,,,,,,,,,,,,,,,,,,,,,,,,,,,,,,
rsg_object_detection,,680,rsg_20260806_49_904879999_000680,vlm_done,,,,,,,,,,,,ok,,,,,,,,,,,,,,,,,,,,,,,,,,,,,,,,,,,,,,,,,,,rsg_obj_000080,rsg_unknown_rsg_20260806_49_904879999_000680_003_nanosam_000,,,1,0.42179525468975465,ceiling_light,0.98,static,0.99,4784.648461994948,87324.96813198668,qwen_http,Qwen3-VL-8B-Instruct-GGUF
rsg_object_detection,completed,680,rsg_20260806_49_904879999_000680,,,,,,,,,,,82540.31781399681,,vlm_done,,,,,,,,,,,,,,,,,,,,,,,,,,,,,,,,,,,,,,,,,,,rsg_obj_000080,rsg_unknown_rsg_20260806_49_904879999_000680_003_nanosam_000,72,300,1,0.42179525468975465,,,,,,,,
rsg_object_detection,dropped_oldest,2165,rsg_20260806_143_004899999_002165,dropped,True,fifo_cached_frame,2147,231,0,1914,231,0,1,0.0,72.31210298778024,frame_fifo_full,,,,,,,,,,,,,,,,,,,,,,,,,,,,,,,,,,,,,,,,,,,,,,,,,,,,,,,,
rsg_object_detection,dropped_oldest,2166,rsg_20260806_143_104899999_002166,dropped,True,fifo_cached_frame,2148,231,0,1915,232,0,1,0.0,40.896474005421624,frame_fifo_full,,,,,,,,,,,,,,,,,,,,,,,,,,,,,,,,,,,,,,,,,,,,,,,,,,,,,,,,
rsg_object_detection,frame_trace,2152,rsg_20260806_142_204900000_002152,sent_to_hydra,,,,,,,,,,,934.8127809935249,ok,15.34114200330805,910.1263129996369,6.510922001325525,0.12876799155492336,6.382154009770602,0.002592001692391932,1.1441300011938438,0.3808960027527064,297.427951998543,22.676416003378108,0.00960098986979574,320.4948649945436,58.332020009402186,27.841545990668237,3.2908849825616926,14.219827993656509,12.290225000469945,476.3683080091141,3.7291259795892984,1.9463070057099685,0.33840099058579654,1.2253460008651018,0.29475201154127717,0.004159999662078917,542.2555719997035,4.3641660013236105,0.13056100578978658,41.69292299775407,0.044095999328419566,11.27009600168094,10.68929499888327,0.09468800271861255,0.4861130000790581,3.2132530031958595,0.8515530062140897,0.006239992217160761,2.831811987562105,8,0,8,0,0,,,,,,,,,,,,,,
rsg_object_detection,dequeued,773,rsg_20260806_55_104880000_000773,,,,,,,,,,,86885.39086199307,,fifo_order,,,,,,,,,,,,,,,,,,,,,,,,,,,,,,,,,,,,,,,,,,,rsg_obj_000082,rsg_unknown_rsg_20260806_55_104880000_000773_002_nanosam_001,71,300,9,0.5317390983054741,,,,,,,,
rsg_object_detection,dropped_oldest,2168,rsg_20260806_143_204900000_002168,dropped,True,fifo_cached_frame,2150,232,0,1916,232,0,1,0.0,39.953944986336865,frame_fifo_full,,,,,,,,,,,,,,,,,,,,,,,,,,,,,,,,,,,,,,,,,,,,,,,,,,,,,,,,
rsg_object_detection,dropped_oldest,2169,rsg_20260806_143_254899999_002169,dropped,True,fifo_cached_frame,2151,232,0,1917,232,0,1,0.0,49.08339798566885,frame_fifo_full,,,,,,,,,,,,,,,,,,,,,,,,,,,,,,,,,,,,,,,,,,,,,,,,,,,,,,,,
rsg_object_detection,dropped_oldest,2170,rsg_20260806_143_304900000_002170,dropped,True,fifo_cached_frame,2152,232,0,1918,232,0,1,0.0,51.98055399523582,frame_fifo_full,,,,,,,,,,,,,,,,,,,,,,,,,,,,,,,,,,,,,,,,,,,,,,,,,,,,,,,,
rsg_object_detection,dropped_oldest,2171,rsg_20260806_143_354899999_002171,dropped,True,fifo_cached_frame,2153,232,0,1919,232,0,1,0.0,51.464105999912135,frame_fifo_full,,,,,,,,,,,,,,,,,,,,,,,,,,,,,,,,,,,,,,,,,,,,,,,,,,,,,,,,
rsg_object_detection,dropped_oldest,2172,rsg_20260806_143_404899999_002172,dropped,True,fifo_cached_frame,2154,232,0,1920,232,0,1,0.0,102.89627499878407,frame_fifo_full,,,,,,,,,,,,,,,,,,,,,,,,,,,,,,,,,,,,,,,,,,,,,,,,,,,,,,,,
rsg_object_detection,dropped_oldest,2173,rsg_20260806_143_504899999_002173,dropped,True,fifo_cached_frame,2155,232,0,1921,232,0,1,0.0,44.17375900084153,frame_fifo_full,,,,,,,,,,,,,,,,,,,,,,,,,,,,,,,,,,,,,,,,,,,,,,,,,,,,,,,,
rsg_object_detection,dropped_oldest,2174,rsg_20260806_143_554900000_002174,dropped,True,fifo_cached_frame,2156,232,0,1922,232,0,1,0.0,72.6315270003397,frame_fifo_full,,,,,,,,,,,,,,,,,,,,,,,,,,,,,,,,,,,,,,,,,,,,,,,,,,,,,,,,
rsg_object_detection,frame_trace,2167,rsg_20260806_143_154899999_002167,sent_to_hydra,,,,,,,,,,,452.775590994861,ok,14.409779993002303,430.84250400715973,4.7142789990175515,0.2162890014005825,4.497989997616969,0.005023990524932742,1.724642002955079,0.1633930078241974,228.05280599277467,21.592863005935214,0.007551992894150317,249.81661399942823,49.15853397687897,17.02402299270034,3.1920689798425883,15.207253003609367,13.174069026717916,74.86337100272067,6.658603000687435,1.1737279855879024,0.35424003726802766,1.4666589995613322,0.5121600115671754,0.004895991878584027,134.21206299972255,5.221447994699702,0.13548799324780703,39.681624999502674,0.05062401760369539,10.13422200048808,9.448334007174708,0.09369599865749478,0.5921919946558774,3.497317011351697,0.7730249926680699,0.005215988494455814,2.8040040051564574,8,0,8,0,0,,,,,,,,,,,,,,
rsg_object_detection,dropped_oldest,2176,rsg_20260806_143_654899999_002176,dropped,True,fifo_cached_frame,2158,233,0,1923,233,0,1,0.0,39.45695300353691,frame_fifo_full,,,,,,,,,,,,,,,,,,,,,,,,,,,,,,,,,,,,,,,,,,,,,,,,,,,,,,,,
rsg_object_detection,dropped_oldest,2177,rsg_20260806_143_704900000_002177,dropped,True,fifo_cached_frame,2159,233,0,1924,233,0,1,0.0,158.828994986834,frame_fifo_full,,,,,,,,,,,,,,,,,,,,,,,,,,,,,,,,,,,,,,,,,,,,,,,,,,,,,,,,
rsg_object_detection,dropped_oldest,2178,rsg_20260806_143_854899999_002178,dropped,True,fifo_cached_frame,2160,233,0,1925,233,0,1,0.0,41.517660007230006,frame_fifo_full,,,,,,,,,,,,,,,,,,,,,,,,,,,,,,,,,,,,,,,,,,,,,,,,,,,,,,,,
rsg_object_detection,dropped_oldest,2179,rsg_20260806_143_904899999_002179,dropped,True,fifo_cached_frame,2161,233,0,1926,233,0,1,0.0,46.30416301370133,frame_fifo_full,,,,,,,,,,,,,,,,,,,,,,,,,,,,,,,,,,,,,,,,,,,,,,,,,,,,,,,,
rsg_object_detection,dropped_oldest,2180,rsg_20260806_143_954900000_002180,dropped,True,fifo_cached_frame,2162,233,0,1927,233,0,1,0.0,82.69013500830624,frame_fifo_full,,,,,,,,,,,,,,,,,,,,,,,,,,,,,,,,,,,,,,,,,,,,,,,,,,,,,,,,
rsg_object_detection,dropped_oldest,2181,rsg_20260806_144_004899999_002181,dropped,True,fifo_cached_frame,2163,233,0,1928,233,0,1,0.0,58.905202997266315,frame_fifo_full,,,,,,,,,,,,,,,,,,,,,,,,,,,,,,,,,,,,,,,,,,,,,,,,,,,,,,,,
rsg_object_detection,dropped_oldest,2182,rsg_20260806_144_054900000_002182,dropped,True,fifo_cached_frame,2164,233,0,1929,233,0,1,0.0,74.84420099353883,frame_fifo_full,,,,,,,,,,,,,,,,,,,,,,,,,,,,,,,,,,,,,,,,,,,,,,,,,,,,,,,,
rsg_object_detection,dropped_oldest,2183,rsg_20260806_144_154899999_002183,dropped,True,fifo_cached_frame,2165,233,0,1930,234,0,1,0.0,45.38643099658657,frame_fifo_full,,,,,,,,,,,,,,,,,,,,,,,,,,,,,,,,,,,,,,,,,,,,,,,,,,,,,,,,
rsg_object_detection,frame_trace,2175,rsg_20260806_143_604899999_002175,sent_to_hydra,,,,,,,,,,,559.1731159947813,ok,10.667502996511757,506.1925290065119,39.24293599266093,0.17071999900508672,39.072215993655846,0.002688000677153468,5.73591300053522,0.22966400138102472,292.34473800170235,15.194901003269479,0.007071997970342636,307.7763750043232,64.0750669845147,15.303509018849581,17.440600000554696,12.524370991741307,18.086617972585373,70.20189099421259,3.2370919798268005,1.1174109968123958,0.34912105184048414,1.4165140019031242,0.5139199929544702,0.005472000339068472,140.934280003421,4.893446995993145,0.14038399967830628,46.66912199172657,0.04300801083445549,6.163497004308738,5.555431998800486,0.09503999899607152,0.51302500651218,3.6808050062973052,0.8181769953807816,0.005023990524932742,3.0674599984195083,8,0,8,0,0,,,,,,,,,,,,,,
rsg_object_detection,dropped_oldest,2185,rsg_20260806_144_254899999_002185,dropped,True,fifo_cached_frame,2167,234,0,1931,234,0,1,0.0,39.86549600085709,frame_fifo_full,,,,,,,,,,,,,,,,,,,,,,,,,,,,,,,,,,,,,,,,,,,,,,,,,,,,,,,,
rsg_object_detection,dropped_oldest,2186,rsg_20260806_144_304900000_002186,dropped,True,fifo_cached_frame,2168,234,0,1932,234,0,1,0.0,47.623523001675494,frame_fifo_full,,,,,,,,,,,,,,,,,,,,,,,,,,,,,,,,,,,,,,,,,,,,,,,,,,,,,,,,
rsg_object_detection,dropped_oldest,2187,rsg_20260806_144_354899999_002187,dropped,True,fifo_cached_frame,2169,234,0,1933,234,0,1,0.0,49.59779699856881,frame_fifo_full,,,,,,,,,,,,,,,,,,,,,,,,,,,,,,,,,,,,,,,,,,,,,,,,,,,,,,,,
rsg_object_detection,dropped_oldest,2188,rsg_20260806_144_404899999_002188,dropped,True,fifo_cached_frame,2170,234,0,1934,234,0,1,0.0,49.5460859965533,frame_fifo_full,,,,,,,,,,,,,,,,,,,,,,,,,,,,,,,,,,,,,,,,,,,,,,,,,,,,,,,,
rsg_object_detection,dropped_oldest,2189,rsg_20260806_144_454900000_002189,dropped,True,fifo_cached_frame,2171,234,0,1935,234,0,1,0.0,128.9894289948279,frame_fifo_full,,,,,,,,,,,,,,,,,,,,,,,,,,,,,,,,,,,,,,,,,,,,,,,,,,,,,,,,
rsg_object_detection,dropped_oldest,2190,rsg_20260806_144_554900000_002190,dropped,True,fifo_cached_frame,2172,234,0,1936,234,0,1,0.0,66.96991799981333,frame_fifo_full,,,,,,,,,,,,,,,,,,,,,,,,,,,,,,,,,,,,,,,,,,,,,,,,,,,,,,,,
rsg_object_detection,dropped_oldest,2191,rsg_20260806_144_604899999_002191,dropped,True,fifo_cached_frame,2173,234,0,1937,234,0,1,0.0,65.36495500768069,frame_fifo_full,,,,,,,,,,,,,,,,,,,,,,,,,,,,,,,,,,,,,,,,,,,,,,,,,,,,,,,,
rsg_object_detection,frame_trace,2184,rsg_20260806_144_204900000_002184,sent_to_hydra,,,,,,,,,,,509.16109899117146,ok,14.618100001825951,484.36151300847996,7.763882997096516,0.1422079949406907,7.6216750021558255,0.0034240074455738068,2.7743399987230077,0.18700800137594342,291.5675139956875,13.626418993226252,0.006976013537496328,305.38791700382717,56.782992018270306,25.868420008919202,2.939686004538089,14.846323028905317,12.460498022846878,70.68480300949886,3.4990779968211427,0.8649609953863546,0.34022396721411496,1.4501780096907169,0.7442250062013045,0.005056004738435149,134.38863700139336,6.96365800104104,0.14928000746294856,34.64420798991341,0.05347300611902028,9.774637990631163,9.079276991542429,0.09596899326425046,0.5993920058244839,4.0634609904373065,0.7752649980830029,0.0047360226744785905,2.4141789763234556,8,0,8,0,0,,,,,,,,,,,,,,
rsg_object_detection,dropped_oldest,2193,rsg_20260806_144_804900000_002193,dropped,True,fifo_cached_frame,2175,235,0,1938,235,0,1,0.0,49.75472600199282,frame_fifo_full,,,,,,,,,,,,,,,,,,,,,,,,,,,,,,,,,,,,,,,,,,,,,,,,,,,,,,,,
rsg_object_detection,dropped_oldest,2194,rsg_20260806_144_854899999_002194,dropped,True,fifo_cached_frame,2176,235,0,1939,235,0,1,0.0,102.27115200541448,frame_fifo_full,,,,,,,,,,,,,,,,,,,,,,,,,,,,,,,,,,,,,,,,,,,,,,,,,,,,,,,,
rsg_object_detection,dropped_oldest,2195,rsg_20260806_144_954900000_002195,dropped,True,fifo_cached_frame,2177,235,0,1940,235,0,1,0.0,51.37485600425862,frame_fifo_full,,,,,,,,,,,,,,,,,,,,,,,,,,,,,,,,,,,,,,,,,,,,,,,,,,,,,,,,
rsg_object_detection,dropped_oldest,2196,rsg_20260806_145_004899999_002196,dropped,True,fifo_cached_frame,2178,235,0,1941,235,0,1,0.0,101.64590101339854,frame_fifo_full,,,,,,,,,,,,,,,,,,,,,,,,,,,,,,,,,,,,,,,,,,,,,,,,,,,,,,,,
rsg_object_detection,dropped_oldest,2197,rsg_20260806_145_104899999_002197,dropped,True,fifo_cached_frame,2179,235,0,1942,235,0,1,0.0,51.96260000229813,frame_fifo_full,,,,,,,,,,,,,,,,,,,,,,,,,,,,,,,,,,,,,,,,,,,,,,,,,,,,,,,,
rsg_object_detection,dropped_oldest,2198,rsg_20260806_145_154899999_002198,dropped,True,fifo_cached_frame,2180,235,0,1943,235,0,1,0.0,43.47724399121944,frame_fifo_full,,,,,,,,,,,,,,,,,,,,,,,,,,,,,,,,,,,,,,,,,,,,,,,,,,,,,,,,
rsg_object_detection,dropped_oldest,2199,rsg_20260806_145_204900000_002199,dropped,True,fifo_cached_frame,2181,235,0,1944,235,0,1,0.0,79.44014099484775,frame_fifo_full,,,,,,,,,,,,,,,,,,,,,,,,,,,,,,,,,,,,,,,,,,,,,,,,,,,,,,,,
rsg_object_detection,dropped_oldest,2200,rsg_20260806_145_254899999_002200,dropped,True,fifo_cached_frame,2182,235,0,1945,235,0,1,0.0,22.090398997534066,frame_fifo_full,,,,,,,,,,,,,,,,,,,,,,,,,,,,,,,,,,,,,,,,,,,,,,,,,,,,,,,,
rsg_object_detection,dropped_oldest,2201,rsg_20260806_145_304900000_002201,dropped,True,fifo_cached_frame,2183,235,0,1946,236,0,1,0.0,106.95416299859062,frame_fifo_full,,,,,,,,,,,,,,,,,,,,,,,,,,,,,,,,,,,,,,,,,,,,,,,,,,,,,,,,
rsg_object_detection,frame_trace,2192,rsg_20260806_144_704900000_002192,sent_to_hydra,,,,,,,,,,,655.3509930090513,ok,12.149809001130052,603.9789839996956,35.68062600970734,0.15795300714671612,35.52267300256062,0.005440000677481294,5.05322300887201,0.29782399360556155,331.16616000188515,27.413286006776616,0.006079993909224868,358.88334999617655,92.9207050066907,28.175846993690357,4.650374001357704,27.13187600602396,32.151695995707996,86.45269500266295,3.974405975895934,8.20010704046581,0.38633597432635725,1.4650899975094944,0.33046498720068485,0.005695997970178723,193.75498799490742,3.1000039889477193,0.12646400136873126,43.00674700061791,0.054208008805289865,7.145194002077915,6.477256989455782,0.1077759952750057,0.5601610173471272,4.244390001986176,0.7548170106019825,0.005407986463978887,3.536133997840807,8,0,8,0,0,,,,,,,,,,,,,,
rsg_object_detection,dropped_oldest,2203,rsg_20260806_145_454900000_002203,dropped,True,fifo_cached_frame,2185,236,0,1947,236,0,1,0.0,20.64879599492997,frame_fifo_full,,,,,,,,,,,,,,,,,,,,,,,,,,,,,,,,,,,,,,,,,,,,,,,,,,,,,,,,
rsg_object_detection,dropped_oldest,2204,rsg_20260806_145_504899999_002204,dropped,True,fifo_cached_frame,2186,236,0,1948,236,0,1,0.0,59.8703550058417,frame_fifo_full,,,,,,,,,,,,,,,,,,,,,,,,,,,,,,,,,,,,,,,,,,,,,,,,,,,,,,,,
rsg_object_detection,dropped_oldest,2205,rsg_20260806_145_554900000_002205,dropped,True,fifo_cached_frame,2187,236,0,1949,236,0,1,0.0,41.551896996679716,frame_fifo_full,,,,,,,,,,,,,,,,,,,,,,,,,,,,,,,,,,,,,,,,,,,,,,,,,,,,,,,,
rsg_object_detection,dropped_oldest,2206,rsg_20260806_145_604899999_002206,dropped,True,fifo_cached_frame,2188,236,0,1950,236,0,1,0.0,51.160103001166135,frame_fifo_full,,,,,,,,,,,,,,,,,,,,,,,,,,,,,,,,,,,,,,,,,,,,,,,,,,,,,,,,
rsg_object_detection,dropped_oldest,2207,rsg_20260806_145_654899999_002207,dropped,True,fifo_cached_frame,2189,236,0,1951,236,0,1,0.0,51.435335000860505,frame_fifo_full,,,,,,,,,,,,,,,,,,,,,,,,,,,,,,,,,,,,,,,,,,,,,,,,,,,,,,,,
rsg_object_detection,dropped_oldest,2208,rsg_20260806_145_704900000_002208,dropped,True,fifo_cached_frame,2190,236,0,1952,236,0,1,0.0,68.46460700035095,frame_fifo_full,,,,,,,,,,,,,,,,,,,,,,,,,,,,,,,,,,,,,,,,,,,,,,,,,,,,,,,,
rsg_object_detection,dropped_oldest,2209,rsg_20260806_145_754899999_002209,dropped,True,fifo_cached_frame,2191,236,0,1953,236,0,1,0.0,106.6918909928063,frame_fifo_full,,,,,,,,,,,,,,,,,,,,,,,,,,,,,,,,,,,,,,,,,,,,,,,,,,,,,,,,
rsg_object_detection,dropped_oldest,2210,rsg_20260806_145_854899999_002210,dropped,True,fifo_cached_frame,2192,236,0,1954,236,0,1,0.0,42.70389898738358,frame_fifo_full,,,,,,,,,,,,,,,,,,,,,,,,,,,,,,,,,,,,,,,,,,,,,,,,,,,,,,,,
rsg_object_detection,dropped_oldest,2211,rsg_20260806_145_904899999_002211,dropped,True,fifo_cached_frame,2193,236,0,1955,236,0,1,0.0,92.70927899342496,frame_fifo_full,,,,,,,,,,,,,,,,,,,,,,,,,,,,,,,,,,,,,,,,,,,,,,,,,,,,,,,,
rsg_object_detection,frame_trace,2202,rsg_20260806_145_404899999_002202,sent_to_hydra,,,,,,,,,,,607.6292219950119,ok,15.167124991421588,577.8424610034563,11.197358995559625,0.15827199968043715,11.039086995879188,0.003520006430335343,1.1508489988045767,0.1997439976548776,294.2163099942263,18.92991400382016,0.007328009814955294,313.3532960055163,97.29805399547331,20.24828499997966,6.935401994269341,35.230287016020156,34.10398296546191,101.23597900383174,3.696100990055129,0.6930249946890399,0.337954013957642,1.706401992123574,0.5235849966993555,0.0052800023695454,205.51641199563164,8.151595000526868,0.13283199223224074,49.485124996863306,0.05235201388131827,6.379208993166685,5.638087997795083,0.10995200136676431,0.6311689940048382,8.073386998148635,0.7105289987521246,0.0040000013541430235,3.41875699814409,8,0,8,0,0,,,,,,,,,,,,,,
rsg_object_detection,dropped_oldest,2213,rsg_20260806_146_104899999_002213,dropped,True,fifo_cached_frame,2195,237,0,1956,237,0,1,0.0,48.395906007499434,frame_fifo_full,,,,,,,,,,,,,,,,,,,,,,,,,,,,,,,,,,,,,,,,,,,,,,,,,,,,,,,,
rsg_object_detection,dropped_oldest,2214,rsg_20260806_146_154899999_002214,dropped,True,fifo_cached_frame,2196,237,0,1957,237,0,1,0.0,104.04001300048549,frame_fifo_full,,,,,,,,,,,,,,,,,,,,,,,,,,,,,,,,,,,,,,,,,,,,,,,,,,,,,,,,
rsg_object_detection,dropped_oldest,2215,rsg_20260806_146_254899999_002215,dropped,True,fifo_cached_frame,2197,237,0,1958,237,0,1,0.0,47.08377500355709,frame_fifo_full,,,,,,,,,,,,,,,,,,,,,,,,,,,,,,,,,,,,,,,,,,,,,,,,,,,,,,,,
rsg_object_detection,dropped_oldest,2216,rsg_20260806_146_304900000_002216,dropped,True,fifo_cached_frame,2198,237,0,1959,237,0,1,0.0,112.43269700207748,frame_fifo_full,,,,,,,,,,,,,,,,,,,,,,,,,,,,,,,,,,,,,,,,,,,,,,,,,,,,,,,,
rsg_object_detection,dropped_oldest,2217,rsg_20260806_146_404899999_002217,dropped,True,fifo_cached_frame,2199,237,0,1960,237,0,1,0.0,36.560881009791046,frame_fifo_full,,,,,,,,,,,,,,,,,,,,,,,,,,,,,,,,,,,,,,,,,,,,,,,,,,,,,,,,
rsg_object_detection,dropped_oldest,2218,rsg_20260806_146_454900000_002218,dropped,True,fifo_cached_frame,2200,237,0,1961,237,0,1,0.0,63.96955899253953,frame_fifo_full,,,,,,,,,,,,,,,,,,,,,,,,,,,,,,,,,,,,,,,,,,,,,,,,,,,,,,,,
rsg_object_detection,dropped_oldest,2219,rsg_20260806_146_504899999_002219,dropped,True,fifo_cached_frame,2201,237,0,1962,237,0,1,0.0,120.87478701141663,frame_fifo_full,,,,,,,,,,,,,,,,,,,,,,,,,,,,,,,,,,,,,,,,,,,,,,,,,,,,,,,,
rsg_object_detection,dropped_oldest,2220,rsg_20260806_146_604899999_002220,dropped,True,fifo_cached_frame,2202,237,0,1963,238,0,1,0.0,45.600606012158096,frame_fifo_full,,,,,,,,,,,,,,,,,,,,,,,,,,,,,,,,,,,,,,,,,,,,,,,,,,,,,,,,
rsg_object_detection,frame_trace,2212,rsg_20260806_146_004899999_002212,sent_to_hydra,,,,,,,,,,,632.5491780007724,ok,15.58069299790077,576.829710000311,36.83713899226859,0.15555300342384726,36.681585988844745,0.0027520000003278255,2.8529960109153762,0.2720970078371465,287.4162609950872,21.884638001210988,0.008959992555901408,309.58195599669125,131.2500659842044,17.990135995205492,4.615272002411075,52.296007008408196,55.62401100178249,76.48567100113723,3.6698599869851023,0.5055060173617676,0.3412480145925656,1.3410899991868064,0.32646500039845705,0.006304006092250347,213.944930001162,3.0904360028216615,0.16396799765061587,47.14828800933901,0.04713598173111677,10.795182999572717,10.103022010298446,0.10755199764389545,0.5846089916303754,4.014340986032039,0.7646090089110658,0.006560003384947777,3.2988840102916583,8,0,8,0,0,,,,,,,,,,,,,,
rsg_object_detection,dropped_oldest,2222,rsg_20260806_146_704900000_002222,dropped,True,fifo_cached_frame,2204,238,0,1964,238,0,1,0.0,48.568065991275944,frame_fifo_full,,,,,,,,,,,,,,,,,,,,,,,,,,,,,,,,,,,,,,,,,,,,,,,,,,,,,,,,
rsg_object_detection,dropped_oldest,2223,rsg_20260806_146_754899999_002223,dropped,True,fifo_cached_frame,2205,238,0,1965,238,0,1,0.0,100.80304800067097,frame_fifo_full,,,,,,,,,,,,,,,,,,,,,,,,,,,,,,,,,,,,,,,,,,,,,,,,,,,,,,,,
rsg_object_detection,dropped_oldest,2224,rsg_20260806_146_854899999_002224,dropped,True,fifo_cached_frame,2206,238,0,1966,238,0,1,0.0,50.29312400438357,frame_fifo_full,,,,,,,,,,,,,,,,,,,,,,,,,,,,,,,,,,,,,,,,,,,,,,,,,,,,,,,,
rsg_object_detection,dropped_oldest,2225,rsg_20260806_146_904899999_002225,dropped,True,fifo_cached_frame,2207,238,0,1967,238,0,1,0.0,50.45248399255797,frame_fifo_full,,,,,,,,,,,,,,,,,,,,,,,,,,,,,,,,,,,,,,,,,,,,,,,,,,,,,,,,
rsg_object_detection,dropped_oldest,2226,rsg_20260806_146_954900000_002226,dropped,True,fifo_cached_frame,2208,238,0,1968,238,0,1,0.0,65.4429690039251,frame_fifo_full,,,,,,,,,,,,,,,,,,,,,,,,,,,,,,,,,,,,,,,,,,,,,,,,,,,,,,,,
rsg_object_detection,dropped_oldest,2227,rsg_20260806_147_004899999_002227,dropped,True,fifo_cached_frame,2209,238,0,1969,238,0,1,0.0,73.49280199559871,frame_fifo_full,,,,,,,,,,,,,,,,,,,,,,,,,,,,,,,,,,,,,,,,,,,,,,,,,,,,,,,,
rsg_object_detection,dropped_oldest,2228,rsg_20260806_147_054900000_002228,dropped,True,fifo_cached_frame,2210,238,0,1970,238,0,1,0.0,29.205735001596622,frame_fifo_full,,,,,,,,,,,,,,,,,,,,,,,,,,,,,,,,,,,,,,,,,,,,,,,,,,,,,,,,
rsg_object_detection,dropped_oldest,2229,rsg_20260806_147_104899999_002229,dropped,True,fifo_cached_frame,2211,238,0,1971,238,0,1,0.0,70.44102199142799,frame_fifo_full,,,,,,,,,,,,,,,,,,,,,,,,,,,,,,,,,,,,,,,,,,,,,,,,,,,,,,,,
rsg_object_detection,dropped_oldest,2230,rsg_20260806_147_154899999_002230,dropped,True,fifo_cached_frame,2212,238,0,1972,238,0,1,0.0,9.963500997400843,frame_fifo_full,,,,,,,,,,,,,,,,,,,,,,,,,,,,,,,,,,,,,,,,,,,,,,,,,,,,,,,,
rsg_object_detection,frame_trace,2221,rsg_20260806_146_654899999_002221,sent_to_hydra,,,,,,,,,,,531.0209399904124,ok,16.707574992324226,505.9799139999086,5.254630988929421,0.16303999291267246,5.091590996016748,0.004735993570648134,1.8352350016357377,0.20739198953378946,269.9789900070755,14.184819010552019,0.006559988833032548,284.3777609959943,78.47344999026973,23.763136006891727,6.391175978933461,29.012167986365966,18.4103620267706,80.08727499691304,3.695045001222752,0.8090570190688595,0.326591994962655,1.3220499968156219,0.6647690024692565,0.004864006768912077,165.39894200104754,6.850792997283861,0.14448000001721084,47.32479900121689,0.04790400271303952,12.256560992682353,11.547791000339203,0.14460898819379508,0.564161004149355,3.658148998511024,0.7877129974076524,0.005152003723196685,3.0740840156795457,8,0,8,0,0,,,,,,,,,,,,,,
rsg_object_detection,dropped_oldest,2232,rsg_20260806_147_254899999_002232,dropped,True,fifo_cached_frame,2214,239,0,1973,239,0,1,0.0,47.08617500727996,frame_fifo_full,,,,,,,,,,,,,,,,,,,,,,,,,,,,,,,,,,,,,,,,,,,,,,,,,,,,,,,,
rsg_object_detection,dropped_oldest,2233,rsg_20260806_147_304900000_002233,dropped,True,fifo_cached_frame,2215,239,0,1974,239,0,1,0.0,154.00046099966858,frame_fifo_full,,,,,,,,,,,,,,,,,,,,,,,,,,,,,,,,,,,,,,,,,,,,,,,,,,,,,,,,
rsg_object_detection,dropped_oldest,2234,rsg_20260806_147_454900000_002234,dropped,True,fifo_cached_frame,2216,239,0,1975,239,0,1,0.0,48.28425700543448,frame_fifo_full,,,,,,,,,,,,,,,,,,,,,,,,,,,,,,,,,,,,,,,,,,,,,,,,,,,,,,,,
rsg_object_detection,dropped_oldest,2235,rsg_20260806_147_504899999_002235,dropped,True,fifo_cached_frame,2217,239,0,1976,239,0,1,0.0,48.96118499164004,frame_fifo_full,,,,,,,,,,,,,,,,,,,,,,,,,,,,,,,,,,,,,,,,,,,,,,,,,,,,,,,,
rsg_object_detection,dropped_oldest,2236,rsg_20260806_147_554900000_002236,dropped,True,fifo_cached_frame,2218,239,0,1977,239,0,1,0.0,75.55721999960952,frame_fifo_full,,,,,,,,,,,,,,,,,,,,,,,,,,,,,,,,,,,,,,,,,,,,,,,,,,,,,,,,
rsg_object_detection,dropped_oldest,2237,rsg_20260806_147_604899999_002237,dropped,True,fifo_cached_frame,2219,239,0,1978,239,0,1,0.0,81.53117999609094,frame_fifo_full,,,,,,,,,,,,,,,,,,,,,,,,,,,,,,,,,,,,,,,,,,,,,,,,,,,,,,,,
rsg_object_detection,dropped_oldest,2238,rsg_20260806_147_704900000_002238,dropped,True,fifo_cached_frame,2220,239,0,1979,239,0,1,0.0,73.32694598881062,frame_fifo_full,,,,,,,,,,,,,,,,,,,,,,,,,,,,,,,,,,,,,,,,,,,,,,,,,,,,,,,,
rsg_object_detection,frame_trace,2231,rsg_20260806_147_204900000_002231,sent_to_hydra,,,,,,,,,,,592.6052680006251,ok,15.654836999601685,529.0519039990613,44.54773900215514,0.14630400983151048,44.40143499232363,0.0028479989850893617,4.514662010478787,0.2209599915659055,316.6169659962179,14.951443998143077,0.0073920091381296515,331.796761995065,72.78595300158486,38.79870701348409,3.5938610089942813,15.338547003921121,14.419350001844577,63.9996689860709,3.421027970034629,0.8755859889788553,0.33740805520210415,1.3278739934321493,0.4469760024221614,0.005920010153204203,143.21666999603622,5.515623997780494,0.15158399764914066,43.806970003061,0.049631998990662396,10.935214988421649,10.284429998137057,0.09545599459670484,0.5553289956878871,3.9579250005772337,0.7547849963884801,0.006912014214321971,3.3479400008218363,8,0,8,0,0,,,,,,,,,,,,,,
rsg_object_detection,dropped_oldest,2240,rsg_20260806_147_804900000_002240,dropped,True,fifo_cached_frame,2222,240,0,1980,240,0,1,0.0,21.27401198958978,frame_fifo_full,,,,,,,,,,,,,,,,,,,,,,,,,,,,,,,,,,,,,,,,,,,,,,,,,,,,,,,,
rsg_object_detection,dropped_oldest,2241,rsg_20260806_147_854899999_002241,dropped,True,fifo_cached_frame,2223,240,0,1981,240,0,1,0.0,102.08240800420754,frame_fifo_full,,,,,,,,,,,,,,,,,,,,,,,,,,,,,,,,,,,,,,,,,,,,,,,,,,,,,,,,
rsg_object_detection,dropped_oldest,2242,rsg_20260806_147_954900000_002242,dropped,True,fifo_cached_frame,2224,240,0,1982,240,0,1,0.0,97.47833700384945,frame_fifo_full,,,,,,,,,,,,,,,,,,,,,,,,,,,,,,,,,,,,,,,,,,,,,,,,,,,,,,,,
rsg_object_detection,dropped_oldest,2243,rsg_20260806_148_054900000_002243,dropped,True,fifo_cached_frame,2225,240,0,1983,240,0,1,0.0,49.55622499983292,frame_fifo_full,,,,,,,,,,,,,,,,,,,,,,,,,,,,,,,,,,,,,,,,,,,,,,,,,,,,,,,,
rsg_object_detection,dropped_oldest,2244,rsg_20260806_148_104899999_002244,dropped,True,fifo_cached_frame,2226,240,0,1984,240,0,1,0.0,50.79043400473893,frame_fifo_full,,,,,,,,,,,,,,,,,,,,,,,,,,,,,,,,,,,,,,,,,,,,,,,,,,,,,,,,
rsg_object_detection,dropped_oldest,2245,rsg_20260806_148_154899999_002245,dropped,True,fifo_cached_frame,2227,240,0,1985,240,0,1,0.0,51.856612000847235,frame_fifo_full,,,,,,,,,,,,,,,,,,,,,,,,,,,,,,,,,,,,,,,,,,,,,,,,,,,,,,,,
rsg_object_detection,dropped_oldest,2246,rsg_20260806_148_204900000_002246,dropped,True,fifo_cached_frame,2228,240,0,1986,240,0,1,0.0,73.12207900395151,frame_fifo_full,,,,,,,,,,,,,,,,,,,,,,,,,,,,,,,,,,,,,,,,,,,,,,,,,,,,,,,,
rsg_object_detection,dropped_oldest,2247,rsg_20260806_148_254899999_002247,dropped,True,fifo_cached_frame,2229,240,0,1987,240,0,1,0.0,35.811726993415505,frame_fifo_full,,,,,,,,,,,,,,,,,,,,,,,,,,,,,,,,,,,,,,,,,,,,,,,,,,,,,,,,
rsg_object_detection,dropped_oldest,2248,rsg_20260806_148_304900000_002248,dropped,True,fifo_cached_frame,2230,240,0,1988,240,0,1,0.0,39.067282996256836,frame_fifo_full,,,,,,,,,,,,,,,,,,,,,,,,,,,,,,,,,,,,,,,,,,,,,,,,,,,,,,,,
rsg_object_detection,dropped_oldest,2249,rsg_20260806_148_354899999_002249,dropped,True,fifo_cached_frame,2231,240,0,1989,240,0,1,0.0,53.60685399500653,frame_fifo_full,,,,,,,,,,,,,,,,,,,,,,,,,,,,,,,,,,,,,,,,,,,,,,,,,,,,,,,,
rsg_object_detection,,773,rsg_20260806_55_104880000_000773,vlm_done,,,,,,,,,,,,ok,,,,,,,,,,,,,,,,,,,,,,,,,,,,,,,,,,,,,,,,,,,rsg_obj_000082,rsg_unknown_rsg_20260806_55_104880000_000773_002_nanosam_001,,,9,0.5317390983054741,ceiling_light,0.95,static,0.99,5166.227862006053,92051.62134800048,qwen_http,Qwen3-VL-8B-Instruct-GGUF
rsg_object_detection,completed,773,rsg_20260806_55_104880000_000773,,,,,,,,,,,86885.39086199307,,vlm_done,,,,,,,,,,,,,,,,,,,,,,,,,,,,,,,,,,,,,,,,,,,rsg_obj_000082,rsg_unknown_rsg_20260806_55_104880000_000773_002_nanosam_001,78,300,9,0.5317390983054741,,,,,,,,
rsg_object_detection,frame_trace,2239,rsg_20260806_147_754899999_002239,sent_to_hydra,,,,,,,,,,,636.6895740065956,ok,19.395705006900243,567.2840740007814,46.34738899767399,0.1654719962971285,46.18191700137686,0.003039996954612434,5.098598005133681,0.28720099362544715,296.07876000227407,18.278967996593565,0.007264010491780937,314.65219300298486,99.82793798553757,35.842992016114295,3.252995986258611,24.648544975207187,35.38314902107231,89.40866100601852,4.048612987389788,0.7076169858919457,0.36502502916846424,1.6123539971886203,0.41167999734170735,0.007647991878911853,196.40960000106134,9.235980003722943,0.12873599189333618,41.71746299834922,0.041503997636027634,15.369972010375932,14.740883998456411,0.08240000170189887,0.5466880102176219,3.2628199987811968,0.7581130048492923,0.004799992893822491,3.6593660042854026,8,0,8,0,0,,,,,,,,,,,,,,
rsg_object_detection,dequeued,734,rsg_20260806_52_854880000_000734,,,,,,,,,,,91295.3318390064,,fifo_order,,,,,,,,,,,,,,,,,,,,,,,,,,,,,,,,,,,,,,,,,,,rsg_obj_000085,rsg_unknown_rsg_20260806_52_854880000_000734_001_nanosam_005,77,300,4,0.5021881881037702,,,,,,,,
rsg_object_detection,dropped_oldest,2251,rsg_20260806_148_454900000_002251,dropped,True,fifo_cached_frame,2233,241,0,1990,241,0,1,0.0,152.983400010271,frame_fifo_full,,,,,,,,,,,,,,,,,,,,,,,,,,,,,,,,,,,,,,,,,,,,,,,,,,,,,,,,
rsg_object_detection,dropped_oldest,2252,rsg_20260806_148_604899999_002252,dropped,True,fifo_cached_frame,2234,241,0,1991,241,0,1,0.0,50.262081989785656,frame_fifo_full,,,,,,,,,,,,,,,,,,,,,,,,,,,,,,,,,,,,,,,,,,,,,,,,,,,,,,,,
rsg_object_detection,dropped_oldest,2253,rsg_20260806_148_654899999_002253,dropped,True,fifo_cached_frame,2235,241,0,1992,241,0,1,0.0,46.07433199998923,frame_fifo_full,,,,,,,,,,,,,,,,,,,,,,,,,,,,,,,,,,,,,,,,,,,,,,,,,,,,,,,,
rsg_object_detection,dropped_oldest,2254,rsg_20260806_148_704900000_002254,dropped,True,fifo_cached_frame,2236,241,0,1993,241,0,1,0.0,121.41718200291507,frame_fifo_full,,,,,,,,,,,,,,,,,,,,,,,,,,,,,,,,,,,,,,,,,,,,,,,,,,,,,,,,
rsg_object_detection,dropped_oldest,2255,rsg_20260806_148_754899999_002255,dropped,True,fifo_cached_frame,2237,241,0,1994,241,0,1,0.0,24.59248001105152,frame_fifo_full,,,,,,,,,,,,,,,,,,,,,,,,,,,,,,,,,,,,,,,,,,,,,,,,,,,,,,,,
rsg_object_detection,dropped_oldest,2256,rsg_20260806_148_804900000_002256,dropped,True,fifo_cached_frame,2238,241,0,1995,241,0,1,0.0,17.108054002164863,frame_fifo_full,,,,,,,,,,,,,,,,,,,,,,,,,,,,,,,,,,,,,,,,,,,,,,,,,,,,,,,,
rsg_object_detection,dropped_oldest,2257,rsg_20260806_148_854899999_002257,dropped,True,fifo_cached_frame,2239,241,0,1996,241,0,1,0.0,70.85410899890121,frame_fifo_full,,,,,,,,,,,,,,,,,,,,,,,,,,,,,,,,,,,,,,,,,,,,,,,,,,,,,,,,
rsg_object_detection,frame_trace,2250,rsg_20260806_148_404899999_002250,sent_to_hydra,,,,,,,,,,,541.2540820107097,ok,15.076659008627757,480.6553480011644,41.87522199936211,0.1699840067885816,41.70523799257353,0.0052480027079582214,5.817959987325594,0.18492800882086158,233.70385699672624,23.92880000115838,0.007999988156370819,257.82558499486186,65.38597299368121,29.70704698236659,4.037541002617218,14.388083975063637,16.6498769831378,83.08564500475768,3.271715992013924,4.791430998011492,0.352992006810382,1.2165450025349855,0.4860170010942966,0.0042239989852532744,158.61140699416865,4.4504379911813885,0.16588800644967705,53.73559000145178,0.04848002572543919,8.614059013780206,7.909002990345471,0.14284798817243427,0.5622080352623016,5.8284560072934255,0.6295680068433285,0.004575980710797012,3.6416049988474697,8,0,7,0,0,,,,,,,,,,,,,,
rsg_object_detection,dropped_oldest,2259,rsg_20260806_148_954900000_002259,dropped,True,fifo_cached_frame,2241,242,0,1997,242,0,1,0.0,12.627183998120017,frame_fifo_full,,,,,,,,,,,,,,,,,,,,,,,,,,,,,,,,,,,,,,,,,,,,,,,,,,,,,,,,
rsg_object_detection,dropped_oldest,2260,rsg_20260806_149_004899999_002260,dropped,True,fifo_cached_frame,2242,242,0,1998,242,0,1,0.0,51.06048299057875,frame_fifo_full,,,,,,,,,,,,,,,,,,,,,,,,,,,,,,,,,,,,,,,,,,,,,,,,,,,,,,,,
rsg_object_detection,dropped_oldest,2261,rsg_20260806_149_054900000_002261,dropped,True,fifo_cached_frame,2243,242,0,1999,242,0,1,0.0,100.14086400042288,frame_fifo_full,,,,,,,,,,,,,,,,,,,,,,,,,,,,,,,,,,,,,,,,,,,,,,,,,,,,,,,,
rsg_object_detection,dropped_oldest,2262,rsg_20260806_149_154899999_002262,dropped,True,fifo_cached_frame,2244,242,0,2000,242,0,1,0.0,51.89689798862673,frame_fifo_full,,,,,,,,,,,,,,,,,,,,,,,,,,,,,,,,,,,,,,,,,,,,,,,,,,,,,,,,
rsg_object_detection,dropped_oldest,2263,rsg_20260806_149_204900000_002263,dropped,True,fifo_cached_frame,2245,242,0,2001,242,0,1,0.0,48.92070300411433,frame_fifo_full,,,,,,,,,,,,,,,,,,,,,,,,,,,,,,,,,,,,,,,,,,,,,,,,,,,,,,,,
rsg_object_detection,dropped_oldest,2264,rsg_20260806_149_254899999_002264,dropped,True,fifo_cached_frame,2246,242,0,2002,242,0,1,0.0,51.74195399740711,frame_fifo_full,,,,,,,,,,,,,,,,,,,,,,,,,,,,,,,,,,,,,,,,,,,,,,,,,,,,,,,,
rsg_object_detection,dropped_oldest,2265,rsg_20260806_149_304900000_002265,dropped,True,fifo_cached_frame,2247,242,0,2003,242,0,1,0.0,71.31061899417546,frame_fifo_full,,,,,,,,,,,,,,,,,,,,,,,,,,,,,,,,,,,,,,,,,,,,,,,,,,,,,,,,
rsg_object_detection,dropped_oldest,2266,rsg_20260806_149_354899999_002266,dropped,True,fifo_cached_frame,2248,242,0,2004,242,0,1,0.0,89.03441799338907,frame_fifo_full,,,,,,,,,,,,,,,,,,,,,,,,,,,,,,,,,,,,,,,,,,,,,,,,,,,,,,,,
rsg_object_detection,dropped_oldest,2267,rsg_20260806_149_454900000_002267,dropped,True,fifo_cached_frame,2249,242,0,2005,242,0,1,0.0,41.212053009076044,frame_fifo_full,,,,,,,,,,,,,,,,,,,,,,,,,,,,,,,,,,,,,,,,,,,,,,,,,,,,,,,,
rsg_object_detection,dropped_oldest,2268,rsg_20260806_149_504899999_002268,dropped,True,fifo_cached_frame,2250,242,0,2006,242,0,1,0.0,97.32735699799377,frame_fifo_full,,,,,,,,,,,,,,,,,,,,,,,,,,,,,,,,,,,,,,,,,,,,,,,,,,,,,,,,
rsg_object_detection,frame_trace,2258,rsg_20260806_148_904899999_002258,sent_to_hydra,,,,,,,,,,,679.7872739989543,ok,13.78388999728486,611.0411690024193,51.3147550082067,0.14707200170960277,51.1676830064971,0.003712004399858415,9.196204002364539,0.46243199903983623,304.79031200229656,26.791939002578147,0.00889599323272705,332.05357899714727,109.92090901709162,29.97478999895975,4.070948998560198,45.44501897180453,29.766981984721497,94.61333700164687,3.1831089727347717,0.7665600132895634,0.3103359922533855,1.2489619984989986,0.3082879993598908,0.005631998647004366,210.37646100739948,4.161126009421423,0.1268800115212798,55.08259800262749,0.04432097193785012,9.641708005801775,9.014762996230274,0.0900799932423979,0.5368650163291022,3.5184050066163763,0.6189450068632141,0.0048319780034944415,3.643747986643575,8,0,7,0,0,,,,,,,,,,,,,,
rsg_object_detection,dropped_oldest,2270,rsg_20260806_149_654899999_002270,dropped,True,fifo_cached_frame,2252,243,0,2007,243,0,1,0.0,55.39469499490224,frame_fifo_full,,,,,,,,,,,,,,,,,,,,,,,,,,,,,,,,,,,,,,,,,,,,,,,,,,,,,,,,
rsg_object_detection,dropped_oldest,2271,rsg_20260806_149_704900000_002271,dropped,True,fifo_cached_frame,2253,243,0,2008,243,0,1,0.0,41.51160499895923,frame_fifo_full,,,,,,,,,,,,,,,,,,,,,,,,,,,,,,,,,,,,,,,,,,,,,,,,,,,,,,,,
rsg_object_detection,dropped_oldest,2272,rsg_20260806_149_754899999_002272,dropped,True,fifo_cached_frame,2254,243,0,2009,243,0,1,0.0,51.04249699797947,frame_fifo_full,,,,,,,,,,,,,,,,,,,,,,,,,,,,,,,,,,,,,,,,,,,,,,,,,,,,,,,,
rsg_object_detection,dropped_oldest,2273,rsg_20260806_149_804900000_002273,dropped,True,fifo_cached_frame,2255,243,0,2010,243,0,1,0.0,52.46416300360579,frame_fifo_full,,,,,,,,,,,,,,,,,,,,,,,,,,,,,,,,,,,,,,,,,,,,,,,,,,,,,,,,
rsg_object_detection,dropped_oldest,2274,rsg_20260806_149_854899999_002274,dropped,True,fifo_cached_frame,2256,243,0,2011,243,0,1,0.0,47.146013006567955,frame_fifo_full,,,,,,,,,,,,,,,,,,,,,,,,,,,,,,,,,,,,,,,,,,,,,,,,,,,,,,,,
rsg_object_detection,dropped_oldest,2275,rsg_20260806_149_904899999_002275,dropped,True,fifo_cached_frame,2257,243,0,2012,243,0,1,0.0,51.80339500657283,frame_fifo_full,,,,,,,,,,,,,,,,,,,,,,,,,,,,,,,,,,,,,,,,,,,,,,,,,,,,,,,,
rsg_object_detection,dropped_oldest,2276,rsg_20260806_149_954900000_002276,dropped,True,fifo_cached_frame,2258,243,0,2013,243,0,1,0.0,62.51614399661776,frame_fifo_full,,,,,,,,,,,,,,,,,,,,,,,,,,,,,,,,,,,,,,,,,,,,,,,,,,,,,,,,
rsg_object_detection,dropped_oldest,2277,rsg_20260806_150_004899999_002277,dropped,True,fifo_cached_frame,2259,243,0,2014,243,0,1,0.0,120.02562299312558,frame_fifo_full,,,,,,,,,,,,,,,,,,,,,,,,,,,,,,,,,,,,,,,,,,,,,,,,,,,,,,,,
rsg_object_detection,dropped_oldest,2278,rsg_20260806_150_104899999_002278,dropped,True,fifo_cached_frame,2260,243,0,2015,243,0,1,0.0,25.12582400231622,frame_fifo_full,,,,,,,,,,,,,,,,,,,,,,,,,,,,,,,,,,,,,,,,,,,,,,,,,,,,,,,,
rsg_object_detection,dropped_oldest,2279,rsg_20260806_150_154899999_002279,dropped,True,fifo_cached_frame,2261,243,0,2016,243,0,1,0.0,71.18303299648687,frame_fifo_full,,,,,,,,,,,,,,,,,,,,,,,,,,,,,,,,,,,,,,,,,,,,,,,,,,,,,,,,
rsg_object_detection,frame_trace,2269,rsg_20260806_149_604899999_002269,sent_to_hydra,,,,,,,,,,,638.7343499955023,ok,14.736017998075113,573.3947469998384,47.0947809953941,0.1563849946251139,46.93839600076899,0.0026560010155662894,4.501638002693653,0.4553600010694936,276.7450270039262,28.335523995338008,0.008479997632093728,305.5443909979658,94.69010600878391,32.643498983816244,32.49786600645166,13.379472991800867,15.48350699886214,97.45669800031465,3.885541998897679,5.456165978102945,0.4008960095234215,1.899779002997093,0.452288004453294,0.00864001049194485,204.2902109969873,2.9182440048316494,0.15913599054329097,55.93661499733571,0.04451200948096812,9.764236005139537,9.1080120037077,0.09516799764242023,0.5610560037894174,4.338054000982083,0.6282240065047517,0.005503985448740423,3.506148001179099,8,0,7,0,0,,,,,,,,,,,,,,
rsg_object_detection,dropped_oldest,2280,rsg_20260806_150_204900000_002280,dropped,True,fifo_cached_frame,2262,244,0,2017,244,0,1,0.0,53.17158700199798,frame_fifo_full,,,,,,,,,,,,,,,,,,,,,,,,,,,,,,,,,,,,,,,,,,,,,,,,,,,,,,,,
rsg_object_detection,dropped_oldest,2282,rsg_20260806_150_304900000_002282,dropped,True,fifo_cached_frame,2264,244,0,2018,244,0,1,0.0,60.00010800198652,frame_fifo_full,,,,,,,,,,,,,,,,,,,,,,,,,,,,,,,,,,,,,,,,,,,,,,,,,,,,,,,,
rsg_object_detection,dropped_oldest,2283,rsg_20260806_150_354899999_002283,dropped,True,fifo_cached_frame,2265,244,0,2019,244,0,1,0.0,51.257440994959325,frame_fifo_full,,,,,,,,,,,,,,,,,,,,,,,,,,,,,,,,,,,,,,,,,,,,,,,,,,,,,,,,
rsg_object_detection,dropped_oldest,2284,rsg_20260806_150_404899999_002284,dropped,True,fifo_cached_frame,2266,244,0,2020,244,0,1,0.0,40.75403499882668,frame_fifo_full,,,,,,,,,,,,,,,,,,,,,,,,,,,,,,,,,,,,,,,,,,,,,,,,,,,,,,,,
rsg_object_detection,dropped_oldest,2285,rsg_20260806_150_454900000_002285,dropped,True,fifo_cached_frame,2267,244,0,2021,244,0,1,0.0,51.38364800950512,frame_fifo_full,,,,,,,,,,,,,,,,,,,,,,,,,,,,,,,,,,,,,,,,,,,,,,,,,,,,,,,,
rsg_object_detection,dropped_oldest,2286,rsg_20260806_150_504899999_002286,dropped,True,fifo_cached_frame,2268,244,0,2022,244,0,1,0.0,48.70738901081495,frame_fifo_full,,,,,,,,,,,,,,,,,,,,,,,,,,,,,,,,,,,,,,,,,,,,,,,,,,,,,,,,
rsg_object_detection,dropped_oldest,2287,rsg_20260806_150_554900000_002287,dropped,True,fifo_cached_frame,2269,244,0,2023,244,0,1,0.0,50.59523199452087,frame_fifo_full,,,,,,,,,,,,,,,,,,,,,,,,,,,,,,,,,,,,,,,,,,,,,,,,,,,,,,,,
rsg_object_detection,dropped_oldest,2288,rsg_20260806_150_604899999_002288,dropped,True,fifo_cached_frame,2270,244,0,2024,244,0,1,0.0,74.89727799838874,frame_fifo_full,,,,,,,,,,,,,,,,,,,,,,,,,,,,,,,,,,,,,,,,,,,,,,,,,,,,,,,,
rsg_object_detection,dropped_oldest,2289,rsg_20260806_150_654899999_002289,dropped,True,fifo_cached_frame,2271,244,0,2025,244,0,1,0.0,23.618909006472677,frame_fifo_full,,,,,,,,,,,,,,,,,,,,,,,,,,,,,,,,,,,,,,,,,,,,,,,,,,,,,,,,
rsg_object_detection,dropped_oldest,2290,rsg_20260806_150_704900000_002290,dropped,True,fifo_cached_frame,2272,244,0,2026,244,0,1,0.0,63.79160001233686,frame_fifo_full,,,,,,,,,,,,,,,,,,,,,,,,,,,,,,,,,,,,,,,,,,,,,,,,,,,,,,,,
rsg_object_detection,frame_trace,2281,rsg_20260806_150_254899999_002281,sent_to_hydra,,,,,,,,,,,489.46083900227677,ok,12.671888005570509,471.8188650003867,1.3712340005440637,0.1376959990011528,1.233538001542911,0.0037119898479431868,1.4214089896995574,0.2034250064752996,274.40956099599134,12.208942993311211,0.00694401387590915,286.82887300965376,43.89106298913248,14.780595025513321,3.2356520096072927,7.333065979764797,17.917269986355677,71.17116200970486,4.074627999216318,2.6945640274789184,0.44435296149458736,1.3612490001833066,0.4000000044470653,0.007807990186847746,124.06690799980424,6.1641039937967435,0.14620799629483372,53.1424989894731,0.048864021664485335,8.415051008341834,7.759690008242615,0.10860800102818757,0.5467529990710318,3.6515880055958405,0.6000330031383783,0.005215988494455814,3.595140005927533,7,0,7,0,0,,,,,,,,,,,,,,
rsg_object_detection,dropped_oldest,2292,rsg_20260806_150_804900000_002292,dropped,True,fifo_cached_frame,2274,245,0,2027,245,0,1,0.0,134.9070180003764,frame_fifo_full,,,,,,,,,,,,,,,,,,,,,,,,,,,,,,,,,,,,,,,,,,,,,,,,,,,,,,,,
rsg_object_detection,dropped_oldest,2293,rsg_20260806_150_954900000_002293,dropped,True,fifo_cached_frame,2275,245,0,2028,245,0,1,0.0,50.42931099887937,frame_fifo_full,,,,,,,,,,,,,,,,,,,,,,,,,,,,,,,,,,,,,,,,,,,,,,,,,,,,,,,,
rsg_object_detection,dropped_oldest,2294,rsg_20260806_151_004899999_002294,dropped,True,fifo_cached_frame,2276,245,0,2029,245,0,1,0.0,48.21730899857357,frame_fifo_full,,,,,,,,,,,,,,,,,,,,,,,,,,,,,,,,,,,,,,,,,,,,,,,,,,,,,,,,
rsg_object_detection,dropped_oldest,2295,rsg_20260806_151_054900000_002295,dropped,True,fifo_cached_frame,2277,245,0,2030,245,0,1,0.0,48.89951599761844,frame_fifo_full,,,,,,,,,,,,,,,,,,,,,,,,,,,,,,,,,,,,,,,,,,,,,,,,,,,,,,,,
rsg_object_detection,dropped_oldest,2296,rsg_20260806_151_104899999_002296,dropped,True,fifo_cached_frame,2278,245,0,2031,245,0,1,0.0,75.03324399294797,frame_fifo_full,,,,,,,,,,,,,,,,,,,,,,,,,,,,,,,,,,,,,,,,,,,,,,,,,,,,,,,,
rsg_object_detection,dropped_oldest,2297,rsg_20260806_151_154899999_002297,dropped,True,fifo_cached_frame,2279,245,0,2032,245,0,1,0.0,86.04074599861633,frame_fifo_full,,,,,,,,,,,,,,,,,,,,,,,,,,,,,,,,,,,,,,,,,,,,,,,,,,,,,,,,
rsg_object_detection,dropped_oldest,2298,rsg_20260806_151_204900000_002298,dropped,True,fifo_cached_frame,2280,245,0,2033,245,0,1,0.0,21.832955011632293,frame_fifo_full,,,,,,,,,,,,,,,,,,,,,,,,,,,,,,,,,,,,,,,,,,,,,,,,,,,,,,,,
rsg_object_detection,dropped_oldest,2299,rsg_20260806_151_254899999_002299,dropped,True,fifo_cached_frame,2281,245,0,2034,245,0,1,0.0,55.88890099897981,frame_fifo_full,,,,,,,,,,,,,,,,,,,,,,,,,,,,,,,,,,,,,,,,,,,,,,,,,,,,,,,,
rsg_object_detection,dropped_oldest,2300,rsg_20260806_151_304900000_002300,dropped,True,fifo_cached_frame,2282,245,0,2035,245,0,1,0.0,18.426966009428725,frame_fifo_full,,,,,,,,,,,,,,,,,,,,,,,,,,,,,,,,,,,,,,,,,,,,,,,,,,,,,,,,
rsg_object_detection,frame_trace,2291,rsg_20260806_150_754899999_002291,sent_to_hydra,,,,,,,,,,,668.2986230007373,ok,10.351436998462304,604.9029910063837,49.713023006916046,0.1413770078215748,49.57164599909447,0.00243198883254081,6.4779600070323795,0.20111999765504152,283.4242270037066,17.083604994695634,0.006272006430663168,300.71522400248796,146.21387599618174,28.726690987241454,15.161618968704715,61.2637539888965,40.168658990296535,82.97277400561143,4.707524974946864,6.023752997862175,0.38422502984758466,1.4637459971709177,0.4806079959962517,0.005216003046371043,242.27034699288197,5.346726989955641,0.14457599900197238,49.903708990314044,0.04444802470970899,5.952904000878334,5.283303005853668,0.09548799425829202,0.5741130007663742,3.5587879974627867,0.8341129869222641,0.005632013198919594,3.328740000142716,8,0,8,0,0,,,,,,,,,,,,,,
rsg_object_detection,dropped_oldest,2301,rsg_20260806_151_354899999_002301,dropped,True,fifo_cached_frame,2283,246,0,2036,246,0,1,0.0,118.26891401142348,frame_fifo_full,,,,,,,,,,,,,,,,,,,,,,,,,,,,,,,,,,,,,,,,,,,,,,,,,,,,,,,,
rsg_object_detection,dropped_oldest,2303,rsg_20260806_151_504899999_002303,dropped,True,fifo_cached_frame,2285,246,0,2037,246,0,1,0.0,60.3672099969117,frame_fifo_full,,,,,,,,,,,,,,,,,,,,,,,,,,,,,,,,,,,,,,,,,,,,,,,,,,,,,,,,
rsg_object_detection,dropped_oldest,2304,rsg_20260806_151_554900000_002304,dropped,True,fifo_cached_frame,2286,246,0,2038,246,0,1,0.0,40.72651400929317,frame_fifo_full,,,,,,,,,,,,,,,,,,,,,,,,,,,,,,,,,,,,,,,,,,,,,,,,,,,,,,,,
rsg_object_detection,dropped_oldest,2305,rsg_20260806_151_604899999_002305,dropped,True,fifo_cached_frame,2287,246,0,2039,246,0,1,0.0,51.34079899289645,frame_fifo_full,,,,,,,,,,,,,,,,,,,,,,,,,,,,,,,,,,,,,,,,,,,,,,,,,,,,,,,,
rsg_object_detection,dropped_oldest,2306,rsg_20260806_151_654899999_002306,dropped,True,fifo_cached_frame,2288,246,0,2040,246,0,1,0.0,51.42323199834209,frame_fifo_full,,,,,,,,,,,,,,,,,,,,,,,,,,,,,,,,,,,,,,,,,,,,,,,,,,,,,,,,
rsg_object_detection,dropped_oldest,2307,rsg_20260806_151_704900000_002307,dropped,True,fifo_cached_frame,2289,246,0,2041,246,0,1,0.0,48.419643004308455,frame_fifo_full,,,,,,,,,,,,,,,,,,,,,,,,,,,,,,,,,,,,,,,,,,,,,,,,,,,,,,,,
rsg_object_detection,dropped_oldest,2308,rsg_20260806_151_754899999_002308,dropped,True,fifo_cached_frame,2290,246,0,2042,246,0,1,0.0,109.13549500401132,frame_fifo_full,,,,,,,,,,,,,,,,,,,,,,,,,,,,,,,,,,,,,,,,,,,,,,,,,,,,,,,,
rsg_object_detection,dropped_oldest,2309,rsg_20260806_151_854899999_002309,dropped,True,fifo_cached_frame,2291,246,0,2043,246,0,1,0.0,57.548709999537095,frame_fifo_full,,,,,,,,,,,,,,,,,,,,,,,,,,,,,,,,,,,,,,,,,,,,,,,,,,,,,,,,
rsg_object_detection,dropped_oldest,2310,rsg_20260806_151_904899999_002310,dropped,True,fifo_cached_frame,2292,246,0,2044,246,0,1,0.0,45.03579999436624,frame_fifo_full,,,,,,,,,,,,,,,,,,,,,,,,,,,,,,,,,,,,,,,,,,,,,,,,,,,,,,,,
rsg_object_detection,dropped_oldest,2311,rsg_20260806_151_954900000_002311,dropped,True,fifo_cached_frame,2293,246,0,2045,246,0,1,0.0,100.00501900503878,frame_fifo_full,,,,,,,,,,,,,,,,,,,,,,,,,,,,,,,,,,,,,,,,,,,,,,,,,,,,,,,,
rsg_object_detection,dropped_oldest,2312,rsg_20260806_152_054900000_002312,dropped,True,fifo_cached_frame,2294,246,0,2046,246,0,1,0.0,51.40198199660517,frame_fifo_full,,,,,,,,,,,,,,,,,,,,,,,,,,,,,,,,,,,,,,,,,,,,,,,,,,,,,,,,
rsg_object_detection,dropped_oldest,2313,rsg_20260806_152_104899999_002313,dropped,True,fifo_cached_frame,2295,246,0,2047,246,0,1,0.0,71.68229400122073,frame_fifo_full,,,,,,,,,,,,,,,,,,,,,,,,,,,,,,,,,,,,,,,,,,,,,,,,,,,,,,,,
rsg_object_detection,dropped_oldest,2314,rsg_20260806_152_154899999_002314,dropped,True,fifo_cached_frame,2296,246,0,2048,247,0,1,0.0,41.31857799075078,frame_fifo_full,,,,,,,,,,,,,,,,,,,,,,,,,,,,,,,,,,,,,,,,,,,,,,,,,,,,,,,,
rsg_object_detection,frame_trace,2302,rsg_20260806_151_454900000_002302,sent_to_hydra,,,,,,,,,,,723.9106490014819,ok,15.752915001939982,704.0945610060589,0.9799690014915541,0.1560320088174194,0.8239369926741347,0.003679990186356008,2.0727390074171126,0.2585280017228797,291.5513679909054,23.408987995935604,0.007232010830193758,315.2261159993941,253.51311301346868,36.12887702183798,19.010166011867113,107.26998801692389,90.2148320019478,79.02592000027653,3.477700985968113,0.5976319807814434,0.3063680196646601,1.2144010106567293,0.30678500479552895,0.004895991878584027,338.4623680030927,3.652004001196474,0.1336639979854226,44.498998002381995,0.048671994591131806,11.043884995160624,10.201932993368246,0.1506240078015253,0.6913279939908534,4.01677300396841,0.6863369926577434,0.005920010153204203,3.0795240018051118,8,0,7,0,0,,,,,,,,,,,,,,
rsg_object_detection,dropped_oldest,2316,rsg_20260806_152_254899999_002316,dropped,True,fifo_cached_frame,2298,247,0,2049,247,0,1,0.0,49.78098800347652,frame_fifo_full,,,,,,,,,,,,,,,,,,,,,,,,,,,,,,,,,,,,,,,,,,,,,,,,,,,,,,,,
rsg_object_detection,dropped_oldest,2317,rsg_20260806_152_304900000_002317,dropped,True,fifo_cached_frame,2299,247,0,2050,247,0,1,0.0,68.76350700622424,frame_fifo_full,,,,,,,,,,,,,,,,,,,,,,,,,,,,,,,,,,,,,,,,,,,,,,,,,,,,,,,,
rsg_object_detection,dropped_oldest,2318,rsg_20260806_152_354899999_002318,dropped,True,fifo_cached_frame,2300,247,0,2051,247,0,1,0.0,32.657414994901046,frame_fifo_full,,,,,,,,,,,,,,,,,,,,,,,,,,,,,,,,,,,,,,,,,,,,,,,,,,,,,,,,
rsg_object_detection,dropped_oldest,2319,rsg_20260806_152_404899999_002319,dropped,True,fifo_cached_frame,2301,247,0,2052,247,0,1,0.0,52.10985499434173,frame_fifo_full,,,,,,,,,,,,,,,,,,,,,,,,,,,,,,,,,,,,,,,,,,,,,,,,,,,,,,,,
rsg_object_detection,dropped_oldest,2320,rsg_20260806_152_454900000_002320,dropped,True,fifo_cached_frame,2302,247,0,2053,247,0,1,0.0,109.57056499319151,frame_fifo_full,,,,,,,,,,,,,,,,,,,,,,,,,,,,,,,,,,,,,,,,,,,,,,,,,,,,,,,,
rsg_object_detection,dropped_oldest,2321,rsg_20260806_152_554900000_002321,dropped,True,fifo_cached_frame,2303,247,0,2054,247,0,1,0.0,88.97549999528565,frame_fifo_full,,,,,,,,,,,,,,,,,,,,,,,,,,,,,,,,,,,,,,,,,,,,,,,,,,,,,,,,
rsg_object_detection,dropped_oldest,2322,rsg_20260806_152_604899999_002322,dropped,True,fifo_cached_frame,2304,247,0,2055,247,0,1,0.0,93.50539300066885,frame_fifo_full,,,,,,,,,,,,,,,,,,,,,,,,,,,,,,,,,,,,,,,,,,,,,,,,,,,,,,,,
rsg_object_detection,dropped_oldest,2323,rsg_20260806_152_704900000_002323,dropped,True,fifo_cached_frame,2305,247,0,2056,247,0,1,0.0,8.693354000570253,frame_fifo_full,,,,,,,,,,,,,,,,,,,,,,,,,,,,,,,,,,,,,,,,,,,,,,,,,,,,,,,,
rsg_object_detection,frame_trace,2315,rsg_20260806_152_204900000_002315,sent_to_hydra,,,,,,,,,,,533.8761649909429,ok,20.67215299757663,504.4126090069767,5.401734990300611,0.14518399257212877,5.256550997728482,0.004383997293189168,1.6381460009142756,0.21785600984003395,252.25217700062785,23.69602800172288,0.00915199052542448,276.1752130027162,75.82028301840182,24.043039011303335,5.64906197541859,18.4890130040003,26.910912987659685,89.35082799871452,3.84608497552108,1.0928970150416717,0.3343050047988072,1.4152340008877218,0.44899299973621964,0.004895991878584027,172.3297770076897,4.142372999922372,0.1712320081423968,49.907483989954926,0.0483839976368472,16.161812003701925,15.409938001539558,0.11820800136774778,0.6336660007946193,3.8088360015535727,0.6963209889363497,0.005184003384783864,3.385283998795785,8,0,8,0,0,,,,,,,,,,,,,,
rsg_object_detection,,734,rsg_20260806_52_854880000_000734,vlm_failed,,,,,,,,,,,,"{""label"":""unknown_object"",""label_confidence"":0.0,""mobility_class"":""unknown"",""mobility_confidence"":0.0}",,,,,,,,,,,,,,,,,,,,,,,,,,,,,,,,,,,,,,,,,,,rsg_obj_000085,rsg_unknown_rsg_20260806_52_854880000_000734_001_nanosam_005,,,4,0.5021881881037702,unknown_object,0.0,unknown,0.0,4617.169267992722,95912.50347500318,qwen_http,Qwen3-VL-8B-Instruct-GGUF
rsg_object_detection,completed,734,rsg_20260806_52_854880000_000734,,,,,,,,,,,91295.3318390064,,vlm_failed,,,,,,,,,,,,,,,,,,,,,,,,,,,,,,,,,,,,,,,,,,,rsg_obj_000085,rsg_unknown_rsg_20260806_52_854880000_000734_001_nanosam_005,78,300,4,0.5021881881037702,,,,,,,,
rsg_object_detection,dropped_oldest,2325,rsg_20260806_152_804900000_002325,dropped,True,fifo_cached_frame,2307,248,0,2057,248,0,1,0.0,6.174630994792096,frame_fifo_full,,,,,,,,,,,,,,,,,,,,,,,,,,,,,,,,,,,,,,,,,,,,,,,,,,,,,,,,
rsg_object_detection,dropped_oldest,2326,rsg_20260806_152_854899999_002326,dropped,True,fifo_cached_frame,2308,248,0,2058,248,0,1,0.0,3.5916199994971976,frame_fifo_full,,,,,,,,,,,,,,,,,,,,,,,,,,,,,,,,,,,,,,,,,,,,,,,,,,,,,,,,
rsg_object_detection,dropped_oldest,2327,rsg_20260806_152_904899999_002327,dropped,True,fifo_cached_frame,2309,248,0,2059,248,0,1,0.0,3.8829809927847236,frame_fifo_full,,,,,,,,,,,,,,,,,,,,,,,,,,,,,,,,,,,,,,,,,,,,,,,,,,,,,,,,
rsg_object_detection,dropped_oldest,2328,rsg_20260806_152_954900000_002328,dropped,True,fifo_cached_frame,2310,248,0,2060,248,0,1,0.0,3.491715993732214,frame_fifo_full,,,,,,,,,,,,,,,,,,,,,,,,,,,,,,,,,,,,,,,,,,,,,,,,,,,,,,,,
rsg_object_detection,dropped_oldest,2329,rsg_20260806_153_004899999_002329,dropped,True,fifo_cached_frame,2311,248,0,2061,248,0,1,0.0,6.481799005996436,frame_fifo_full,,,,,,,,,,,,,,,,,,,,,,,,,,,,,,,,,,,,,,,,,,,,,,,,,,,,,,,,
rsg_object_detection,dropped_oldest,2330,rsg_20260806_153_054900000_002330,dropped,True,fifo_cached_frame,2312,248,0,2062,248,0,1,0.0,3.491331997793168,frame_fifo_full,,,,,,,,,,,,,,,,,,,,,,,,,,,,,,,,,,,,,,,,,,,,,,,,,,,,,,,,
rsg_object_detection,dropped_oldest,2331,rsg_20260806_153_104899999_002331,dropped,True,fifo_cached_frame,2313,248,0,2063,248,0,1,0.0,24.769245996139944,frame_fifo_full,,,,,,,,,,,,,,,,,,,,,,,,,,,,,,,,,,,,,,,,,,,,,,,,,,,,,,,,
rsg_object_detection,dequeued,807,rsg_20260806_56_954880000_000807,,,,,,,,,,,91700.67241600191,,fifo_order,,,,,,,,,,,,,,,,,,,,,,,,,,,,,,,,,,,,,,,,,,,rsg_obj_000093,rsg_unknown_rsg_20260806_56_954880000_000807_000_nanosam_001,77,300,4,0.4738444193506638,,,,,,,,
rsg_object_detection,dropped_oldest,2332,rsg_20260806_153_154899999_002332,dropped,True,fifo_cached_frame,2314,248,0,2064,248,0,1,0.0,58.928102007484995,frame_fifo_full,,,,,,,,,,,,,,,,,,,,,,,,,,,,,,,,,,,,,,,,,,,,,,,,,,,,,,,,
rsg_object_detection,dropped_oldest,2333,rsg_20260806_153_204900000_002333,dropped,True,fifo_cached_frame,2315,248,0,2065,248,0,1,0.0,46.78501500166021,frame_fifo_full,,,,,,,,,,,,,,,,,,,,,,,,,,,,,,,,,,,,,,,,,,,,,,,,,,,,,,,,
rsg_object_detection,dropped_oldest,2334,rsg_20260806_153_254899999_002334,dropped,True,fifo_cached_frame,2316,248,0,2066,248,0,1,0.0,93.63099100301042,frame_fifo_full,,,,,,,,,,,,,,,,,,,,,,,,,,,,,,,,,,,,,,,,,,,,,,,,,,,,,,,,
rsg_object_detection,dropped_oldest,2335,rsg_20260806_153_354899999_002335,dropped,True,fifo_cached_frame,2317,248,0,2067,248,0,1,0.0,59.40659799671266,frame_fifo_full,,,,,,,,,,,,,,,,,,,,,,,,,,,,,,,,,,,,,,,,,,,,,,,,,,,,,,,,
rsg_object_detection,dropped_oldest,2336,rsg_20260806_153_404899999_002336,dropped,True,fifo_cached_frame,2318,248,0,2068,248,0,1,0.0,41.69886599993333,frame_fifo_full,,,,,,,,,,,,,,,,,,,,,,,,,,,,,,,,,,,,,,,,,,,,,,,,,,,,,,,,
rsg_object_detection,dropped_oldest,2337,rsg_20260806_153_454900000_002337,dropped,True,fifo_cached_frame,2319,248,0,2069,248,0,1,0.0,52.16214100073557,frame_fifo_full,,,,,,,,,,,,,,,,,,,,,,,,,,,,,,,,,,,,,,,,,,,,,,,,,,,,,,,,
rsg_object_detection,dropped_oldest,2338,rsg_20260806_153_504899999_002338,dropped,True,fifo_cached_frame,2320,248,0,2070,248,0,1,0.0,68.97067400859669,frame_fifo_full,,,,,,,,,,,,,,,,,,,,,,,,,,,,,,,,,,,,,,,,,,,,,,,,,,,,,,,,
rsg_object_detection,dropped_oldest,2339,rsg_20260806_153_554900000_002339,dropped,True,fifo_cached_frame,2321,248,0,2071,249,0,1,0.0,41.50964900327381,frame_fifo_full,,,,,,,,,,,,,,,,,,,,,,,,,,,,,,,,,,,,,,,,,,,,,,,,,,,,,,,,
rsg_object_detection,frame_trace,2324,rsg_20260806_152_754899999_002324,sent_to_hydra,,,,,,,,,,,828.095196004142,ok,13.595087992143817,472.6046550058527,338.9812730019912,0.1493760064477101,338.8318969955435,0.004927991540171206,13.695664005354047,3.699844004586339,232.58513999462593,23.795260000042617,0.007167996955104172,260.08741199621,58.19203700229991,17.395091985235922,3.3600350143387914,22.33413800422568,14.547793020028621,85.38771700114012,3.958342000260018,0.9276160126319155,0.33846398582682014,1.314785986323841,0.5287359963404015,0.004768007784150541,150.66952200140804,4.8590460064588115,0.1141440006904304,43.13560300215613,0.04326399357523769,9.228234994225204,8.630123003968038,0.08204800542443991,0.5160639848327264,3.3803239930421114,0.9815689991228282,0.004960005753673613,2.9092520126141608,8,0,8,0,0,,,,,,,,,,,,,,
rsg_object_detection,dropped_oldest,2341,rsg_20260806_153_654899999_002341,dropped,True,fifo_cached_frame,2323,249,0,2072,249,0,1,0.0,100.84501499659382,frame_fifo_full,,,,,,,,,,,,,,,,,,,,,,,,,,,,,,,,,,,,,,,,,,,,,,,,,,,,,,,,
rsg_object_detection,dropped_oldest,2342,rsg_20260806_153_754899999_002342,dropped,True,fifo_cached_frame,2324,249,0,2073,249,0,1,0.0,100.70383100537583,frame_fifo_full,,,,,,,,,,,,,,,,,,,,,,,,,,,,,,,,,,,,,,,,,,,,,,,,,,,,,,,,
rsg_object_detection,dropped_oldest,2343,rsg_20260806_153_854899999_002343,dropped,True,fifo_cached_frame,2325,249,0,2074,249,0,1,0.0,45.67000600218307,frame_fifo_full,,,,,,,,,,,,,,,,,,,,,,,,,,,,,,,,,,,,,,,,,,,,,,,,,,,,,,,,
rsg_object_detection,dropped_oldest,2344,rsg_20260806_153_904899999_002344,dropped,True,fifo_cached_frame,2326,249,0,2075,249,0,1,0.0,52.13977399398573,frame_fifo_full,,,,,,,,,,,,,,,,,,,,,,,,,,,,,,,,,,,,,,,,,,,,,,,,,,,,,,,,
rsg_object_detection,dropped_oldest,2345,rsg_20260806_153_954900000_002345,dropped,True,fifo_cached_frame,2327,249,0,2076,249,0,1,0.0,127.60290200822055,frame_fifo_full,,,,,,,,,,,,,,,,,,,,,,,,,,,,,,,,,,,,,,,,,,,,,,,,,,,,,,,,
rsg_object_detection,dropped_oldest,2346,rsg_20260806_154_004899999_002346,dropped,True,fifo_cached_frame,2328,249,0,2077,249,0,1,0.0,24.27311599603854,frame_fifo_full,,,,,,,,,,,,,,,,,,,,,,,,,,,,,,,,,,,,,,,,,,,,,,,,,,,,,,,,
rsg_object_detection,dropped_oldest,2347,rsg_20260806_154_104899999_002347,dropped,True,fifo_cached_frame,2329,249,0,2078,249,0,1,0.0,49.59714598953724,frame_fifo_full,,,,,,,,,,,,,,,,,,,,,,,,,,,,,,,,,,,,,,,,,,,,,,,,,,,,,,,,
rsg_object_detection,frame_trace,2340,rsg_20260806_153_604899999_002340,sent_to_hydra,,,,,,,,,,,550.829800995416,ok,14.507375992252491,527.1475339977769,5.282086000079289,0.17667199426796287,5.105414005811326,0.004255998646840453,2.172995009459555,0.21516799461096525,298.43827299191616,21.017945007770322,0.007264010491780937,319.67865000478923,75.97125797474291,22.508185982587747,4.601732987794094,29.85306100163143,18.1526620144723,74.87829599995166,6.134823997854255,1.1070089822169393,0.41542404505889863,1.5699859941378236,0.3730239986907691,0.005504000000655651,160.47423701093066,7.460713008185849,0.1471680006943643,37.1603309904458,0.05343997327145189,9.91709899972193,9.18122699658852,0.0940160098252818,0.6418559933081269,3.687876000185497,0.8960970008047298,0.006303991540335119,3.888549006660469,8,0,8,0,0,,,,,,,,,,,,,,
rsg_object_detection,dropped_oldest,2349,rsg_20260806_154_204900000_002349,dropped,True,fifo_cached_frame,2331,250,0,2079,250,0,1,0.0,49.81577000580728,frame_fifo_full,,,,,,,,,,,,,,,,,,,,,,,,,,,,,,,,,,,,,,,,,,,,,,,,,,,,,,,,
rsg_object_detection,dropped_oldest,2350,rsg_20260806_154_254899999_002350,dropped,True,fifo_cached_frame,2332,250,0,2080,250,0,1,0.0,50.85429899918381,frame_fifo_full,,,,,,,,,,,,,,,,,,,,,,,,,,,,,,,,,,,,,,,,,,,,,,,,,,,,,,,,
rsg_object_detection,dropped_oldest,2351,rsg_20260806_154_304900000_002351,dropped,True,fifo_cached_frame,2333,250,0,2081,250,0,1,0.0,47.526998998364434,frame_fifo_full,,,,,,,,,,,,,,,,,,,,,,,,,,,,,,,,,,,,,,,,,,,,,,,,,,,,,,,,
rsg_object_detection,dropped_oldest,2352,rsg_20260806_154_354899999_002352,dropped,True,fifo_cached_frame,2334,250,0,2082,250,0,1,0.0,53.77158299961593,frame_fifo_full,,,,,,,,,,,,,,,,,,,,,,,,,,,,,,,,,,,,,,,,,,,,,,,,,,,,,,,,
rsg_object_detection,dropped_oldest,2353,rsg_20260806_154_404899999_002353,dropped,True,fifo_cached_frame,2335,250,0,2083,250,0,1,0.0,47.73650299466681,frame_fifo_full,,,,,,,,,,,,,,,,,,,,,,,,,,,,,,,,,,,,,,,,,,,,,,,,,,,,,,,,
rsg_object_detection,dropped_oldest,2354,rsg_20260806_154_454900000_002354,dropped,True,fifo_cached_frame,2336,250,0,2084,250,0,1,0.0,49.74194600072224,frame_fifo_full,,,,,,,,,,,,,,,,,,,,,,,,,,,,,,,,,,,,,,,,,,,,,,,,,,,,,,,,
rsg_object_detection,dropped_oldest,2355,rsg_20260806_154_504899999_002355,dropped,True,fifo_cached_frame,2337,250,0,2085,250,0,1,0.0,68.94798300345428,frame_fifo_full,,,,,,,,,,,,,,,,,,,,,,,,,,,,,,,,,,,,,,,,,,,,,,,,,,,,,,,,
rsg_object_detection,dropped_oldest,2356,rsg_20260806_154_554900000_002356,dropped,True,fifo_cached_frame,2338,250,0,2086,250,0,1,0.0,73.78754200180992,frame_fifo_full,,,,,,,,,,,,,,,,,,,,,,,,,,,,,,,,,,,,,,,,,,,,,,,,,,,,,,,,
rsg_object_detection,dropped_oldest,2357,rsg_20260806_154_604899999_002357,dropped,True,fifo_cached_frame,2339,250,0,2087,250,0,1,0.0,5.613958011963405,frame_fifo_full,,,,,,,,,,,,,,,,,,,,,,,,,,,,,,,,,,,,,,,,,,,,,,,,,,,,,,,,
rsg_object_detection,frame_trace,2348,rsg_20260806_154_154899999_002348,sent_to_hydra,,,,,,,,,,,582.1445800102083,ok,12.376463011605665,529.6497350063873,36.78106699953787,0.1412170095136389,36.63984999002423,0.0028479989850893617,2.2782430023653433,0.5978890112601221,270.48370499687735,18.61813399591483,0.008447997970506549,289.7081760020228,72.23493201308884,20.932984989485703,5.089958998723887,22.234007992665283,23.290362980333157,104.62447300960775,3.7505970103666186,0.7819529710104689,0.3295359929325059,1.4531530032400042,0.5664009950123727,0.0042239989852532744,183.76158899627626,6.1288710130611435,0.15145599900279194,47.57407099532429,0.04732899833470583,7.81904898758512,7.178728003054857,0.08860799425747246,0.5517129902727902,3.7770289927721024,0.7739530119579285,0.00643201929051429,3.334466993692331,8,0,8,0,0,,,,,,,,,,,,,,
rsg_object_detection,dropped_oldest,2359,rsg_20260806_154_754899999_002359,dropped,True,fifo_cached_frame,2341,251,0,2088,251,0,1,0.0,33.088327007135376,frame_fifo_full,,,,,,,,,,,,,,,,,,,,,,,,,,,,,,,,,,,,,,,,,,,,,,,,,,,,,,,,
rsg_object_detection,dropped_oldest,2360,rsg_20260806_154_804900000_002360,dropped,True,fifo_cached_frame,2342,251,0,2089,251,0,1,0.0,39.197004996822216,frame_fifo_full,,,,,,,,,,,,,,,,,,,,,,,,,,,,,,,,,,,,,,,,,,,,,,,,,,,,,,,,
rsg_object_detection,dropped_oldest,2361,rsg_20260806_154_854899999_002361,dropped,True,fifo_cached_frame,2343,251,0,2090,251,0,1,0.0,51.10674699244555,frame_fifo_full,,,,,,,,,,,,,,,,,,,,,,,,,,,,,,,,,,,,,,,,,,,,,,,,,,,,,,,,
rsg_object_detection,dropped_oldest,2362,rsg_20260806_154_904899999_002362,dropped,True,fifo_cached_frame,2344,251,0,2091,251,0,1,0.0,49.963834011578,frame_fifo_full,,,,,,,,,,,,,,,,,,,,,,,,,,,,,,,,,,,,,,,,,,,,,,,,,,,,,,,,
rsg_object_detection,dropped_oldest,2363,rsg_20260806_154_954900000_002363,dropped,True,fifo_cached_frame,2345,251,0,2092,251,0,1,0.0,51.239259002613835,frame_fifo_full,,,,,,,,,,,,,,,,,,,,,,,,,,,,,,,,,,,,,,,,,,,,,,,,,,,,,,,,
rsg_object_detection,dropped_oldest,2364,rsg_20260806_155_004899999_002364,dropped,True,fifo_cached_frame,2346,251,0,2093,251,0,1,0.0,50.88588299986441,frame_fifo_full,,,,,,,,,,,,,,,,,,,,,,,,,,,,,,,,,,,,,,,,,,,,,,,,,,,,,,,,
rsg_object_detection,dropped_oldest,2365,rsg_20260806_155_054900000_002365,dropped,True,fifo_cached_frame,2347,251,0,2094,251,0,1,0.0,101.76907599088736,frame_fifo_full,,,,,,,,,,,,,,,,,,,,,,,,,,,,,,,,,,,,,,,,,,,,,,,,,,,,,,,,
rsg_object_detection,dropped_oldest,2366,rsg_20260806_155_104899999_002366,dropped,True,fifo_cached_frame,2348,251,0,2095,251,0,1,0.0,53.78943699179217,frame_fifo_full,,,,,,,,,,,,,,,,,,,,,,,,,,,,,,,,,,,,,,,,,,,,,,,,,,,,,,,,
rsg_object_detection,dropped_oldest,2367,rsg_20260806_155_154899999_002367,dropped,True,fifo_cached_frame,2349,251,0,2096,251,0,1,0.0,5.285605991957709,frame_fifo_full,,,,,,,,,,,,,,,,,,,,,,,,,,,,,,,,,,,,,,,,,,,,,,,,,,,,,,,,
rsg_object_detection,dropped_oldest,2368,rsg_20260806_155_204900000_002368,dropped,True,fifo_cached_frame,2350,251,0,2097,251,0,1,0.0,50.02799200883601,frame_fifo_full,,,,,,,,,,,,,,,,,,,,,,,,,,,,,,,,,,,,,,,,,,,,,,,,,,,,,,,,
rsg_object_detection,frame_trace,2358,rsg_20260806_154_654899999_002358,sent_to_hydra,,,,,,,,,,,623.6683020106284,ok,13.592815012088977,486.6114719916368,120.55306800175458,0.11600001016631722,120.43706799158826,0.003775989171117544,9.15287499083206,0.6142729980638251,283.3755280007608,11.407469006371684,0.007423994247801602,295.40469399944413,52.7453719987534,14.686929978779517,3.8501169910887256,17.174354012240656,16.434738965472206,71.49147300515324,2.9840359929949045,1.3223370187915862,0.3067199868382886,1.2116180005250499,0.36688000545836985,0.006016009137965739,130.45480400614906,10.683339991373941,0.14566400204785168,40.7285909896018,0.04150401218794286,9.544714994262904,8.842217997880653,0.10908799595199525,0.5934090004302561,3.4575079916976392,0.5850239977007732,0.005568028427660465,2.907171015976928,6,0,6,0,0,,,,,,,,,,,,,,
rsg_object_detection,dropped_oldest,2370,rsg_20260806_155_304900000_002370,dropped,True,fifo_cached_frame,2352,252,0,2098,252,0,1,0.0,90.5404869990889,frame_fifo_full,,,,,,,,,,,,,,,,,,,,,,,,,,,,,,,,,,,,,,,,,,,,,,,,,,,,,,,,
rsg_object_detection,dropped_oldest,2371,rsg_20260806_155_404899999_002371,dropped,True,fifo_cached_frame,2353,252,0,2099,252,0,1,0.0,51.37769000430126,frame_fifo_full,,,,,,,,,,,,,,,,,,,,,,,,,,,,,,,,,,,,,,,,,,,,,,,,,,,,,,,,
rsg_object_detection,dropped_oldest,2372,rsg_20260806_155_454900000_002372,dropped,True,fifo_cached_frame,2354,252,0,2100,252,0,1,0.0,50.8942660089815,frame_fifo_full,,,,,,,,,,,,,,,,,,,,,,,,,,,,,,,,,,,,,,,,,,,,,,,,,,,,,,,,
rsg_object_detection,dropped_oldest,2373,rsg_20260806_155_504899999_002373,dropped,True,fifo_cached_frame,2355,252,0,2101,252,0,1,0.0,50.630266006919555,frame_fifo_full,,,,,,,,,,,,,,,,,,,,,,,,,,,,,,,,,,,,,,,,,,,,,,,,,,,,,,,,
rsg_object_detection,dropped_oldest,2374,rsg_20260806_155_554900000_002374,dropped,True,fifo_cached_frame,2356,252,0,2102,252,0,1,0.0,48.76747900561895,frame_fifo_full,,,,,,,,,,,,,,,,,,,,,,,,,,,,,,,,,,,,,,,,,,,,,,,,,,,,,,,,
rsg_object_detection,dropped_oldest,2375,rsg_20260806_155_604899999_002375,dropped,True,fifo_cached_frame,2357,252,0,2103,252,0,1,0.0,68.97287801257335,frame_fifo_full,,,,,,,,,,,,,,,,,,,,,,,,,,,,,,,,,,,,,,,,,,,,,,,,,,,,,,,,
rsg_object_detection,dropped_oldest,2376,rsg_20260806_155_654899999_002376,dropped,True,fifo_cached_frame,2358,252,0,2104,252,0,1,0.0,34.14400700421538,frame_fifo_full,,,,,,,,,,,,,,,,,,,,,,,,,,,,,,,,,,,,,,,,,,,,,,,,,,,,,,,,
rsg_object_detection,dropped_oldest,2377,rsg_20260806_155_704900000_002377,dropped,True,fifo_cached_frame,2359,252,0,2105,252,0,1,0.0,56.21516800601967,frame_fifo_full,,,,,,,,,,,,,,,,,,,,,,,,,,,,,,,,,,,,,,,,,,,,,,,,,,,,,,,,
rsg_object_detection,dropped_oldest,2378,rsg_20260806_155_754899999_002378,dropped,True,fifo_cached_frame,2360,252,0,2106,252,0,1,0.0,55.29196700081229,frame_fifo_full,,,,,,,,,,,,,,,,,,,,,,,,,,,,,,,,,,,,,,,,,,,,,,,,,,,,,,,,
rsg_object_detection,dropped_oldest,2379,rsg_20260806_155_804900000_002379,dropped,True,fifo_cached_frame,2361,252,0,2107,252,0,1,0.0,53.22338899713941,frame_fifo_full,,,,,,,,,,,,,,,,,,,,,,,,,,,,,,,,,,,,,,,,,,,,,,,,,,,,,,,,
rsg_object_detection,frame_trace,2369,rsg_20260806_155_254899999_002369,sent_to_hydra,,,,,,,,,,,615.71775500488,ok,14.128335998975672,557.6120899931993,41.38567901100032,0.17872000171337277,41.20695900928695,0.002272005076520145,1.9576670019887388,3.6416999937500805,284.31120300956536,22.07512900349684,0.007327980711124837,310.0353599875234,146.87462999427225,13.041804995737039,3.600165990064852,98.90526399249211,30.923746002372354,57.82643299608026,2.3451229935744777,0.31427199428435415,0.25008102238643914,0.9813459910219535,0.339967999025248,0.005599998985417187,208.9544129994465,1.6461460036225617,0.11702399933710694,34.85565600567497,0.045823995606042445,9.663179007475264,8.96093800838571,0.14486401050817221,0.5573769885813817,3.8702450110577047,0.5899519892409444,0.004959991201758385,2.5893779966281727,5,0,5,0,0,,,,,,,,,,,,,,
rsg_object_detection,dropped_oldest,2381,rsg_20260806_155_904899999_002381,dropped,True,fifo_cached_frame,2363,253,0,2108,253,0,1,0.0,41.48791899206117,frame_fifo_full,,,,,,,,,,,,,,,,,,,,,,,,,,,,,,,,,,,,,,,,,,,,,,,,,,,,,,,,
rsg_object_detection,dropped_oldest,2382,rsg_20260806_155_954900000_002382,dropped,True,fifo_cached_frame,2364,253,0,2109,253,0,1,0.0,152.52404399507213,frame_fifo_full,,,,,,,,,,,,,,,,,,,,,,,,,,,,,,,,,,,,,,,,,,,,,,,,,,,,,,,,
rsg_object_detection,dropped_oldest,2383,rsg_20260806_156_104899999_002383,dropped,True,fifo_cached_frame,2365,253,0,2110,253,0,1,0.0,50.80994399031624,frame_fifo_full,,,,,,,,,,,,,,,,,,,,,,,,,,,,,,,,,,,,,,,,,,,,,,,,,,,,,,,,
rsg_object_detection,dropped_oldest,2384,rsg_20260806_156_154899999_002384,dropped,True,fifo_cached_frame,2366,253,0,2111,253,0,1,0.0,49.76648700539954,frame_fifo_full,,,,,,,,,,,,,,,,,,,,,,,,,,,,,,,,,,,,,,,,,,,,,,,,,,,,,,,,
rsg_object_detection,dropped_oldest,2385,rsg_20260806_156_204900000_002385,dropped,True,fifo_cached_frame,2367,253,0,2112,253,0,1,0.0,58.20524900627788,frame_fifo_full,,,,,,,,,,,,,,,,,,,,,,,,,,,,,,,,,,,,,,,,,,,,,,,,,,,,,,,,
rsg_object_detection,dropped_oldest,2386,rsg_20260806_156_254899999_002386,dropped,True,fifo_cached_frame,2368,253,0,2113,253,0,1,0.0,59.89030600176193,frame_fifo_full,,,,,,,,,,,,,,,,,,,,,,,,,,,,,,,,,,,,,,,,,,,,,,,,,,,,,,,,
rsg_object_detection,dropped_oldest,2387,rsg_20260806_156_304900000_002387,dropped,True,fifo_cached_frame,2369,253,0,2114,253,0,1,0.0,40.218317008111626,frame_fifo_full,,,,,,,,,,,,,,,,,,,,,,,,,,,,,,,,,,,,,,,,,,,,,,,,,,,,,,,,
rsg_object_detection,dropped_oldest,2388,rsg_20260806_156_354899999_002388,dropped,True,fifo_cached_frame,2370,253,0,2115,253,0,1,0.0,83.64860499568749,frame_fifo_full,,,,,,,,,,,,,,,,,,,,,,,,,,,,,,,,,,,,,,,,,,,,,,,,,,,,,,,,
rsg_object_detection,dropped_oldest,2389,rsg_20260806_156_404899999_002389,dropped,True,fifo_cached_frame,2371,253,0,2116,253,0,1,0.0,9.573898001690395,frame_fifo_full,,,,,,,,,,,,,,,,,,,,,,,,,,,,,,,,,,,,,,,,,,,,,,,,,,,,,,,,
rsg_object_detection,frame_trace,2380,rsg_20260806_155_854899999_002380,sent_to_hydra,,,,,,,,,,,596.2594829907175,ok,15.895378004643135,540.6750039983308,35.82109599665273,0.1601919939275831,35.66090400272515,0.006336005753837526,5.08746100240387,0.1885130041046068,271.1406559974421,14.895280997734517,0.005856010830029845,286.23030601011124,94.72855299827643,33.81613502278924,7.23847201152239,31.88211600354407,21.0315100121079,80.93637799902353,4.149221000261605,1.3970900035928935,0.34563199733383954,1.3447689998429269,0.6174729933263734,0.004896006430499256,183.54061999707483,4.447908999281935,0.1435839949408546,61.18234001041856,0.04278398409951478,11.450605001300573,10.798731993418187,0.09353598579764366,0.5583370220847428,3.426308001508005,1.0131210001418367,0.0053440016927197576,3.861668985337019,8,0,8,0,0,,,,,,,,,,,,,,
rsg_object_detection,dropped_oldest,2391,rsg_20260806_156_504899999_002391,dropped,True,fifo_cached_frame,2373,254,0,2117,254,0,1,0.0,43.35300900856964,frame_fifo_full,,,,,,,,,,,,,,,,,,,,,,,,,,,,,,,,,,,,,,,,,,,,,,,,,,,,,,,,
rsg_object_detection,dropped_oldest,2392,rsg_20260806_156_554900000_002392,dropped,True,fifo_cached_frame,2374,254,0,2118,254,0,1,0.0,46.8736210023053,frame_fifo_full,,,,,,,,,,,,,,,,,,,,,,,,,,,,,,,,,,,,,,,,,,,,,,,,,,,,,,,,
rsg_object_detection,dropped_oldest,2393,rsg_20260806_156_604899999_002393,dropped,True,fifo_cached_frame,2375,254,0,2119,254,0,1,0.0,53.281436004908755,frame_fifo_full,,,,,,,,,,,,,,,,,,,,,,,,,,,,,,,,,,,,,,,,,,,,,,,,,,,,,,,,
rsg_object_detection,dropped_oldest,2394,rsg_20260806_156_654899999_002394,dropped,True,fifo_cached_frame,2376,254,0,2120,254,0,1,0.0,47.45742800878361,frame_fifo_full,,,,,,,,,,,,,,,,,,,,,,,,,,,,,,,,,,,,,,,,,,,,,,,,,,,,,,,,
rsg_object_detection,dropped_oldest,2395,rsg_20260806_156_704900000_002395,dropped,True,fifo_cached_frame,2377,254,0,2121,254,0,1,0.0,99.61294299864676,frame_fifo_full,,,,,,,,,,,,,,,,,,,,,,,,,,,,,,,,,,,,,,,,,,,,,,,,,,,,,,,,
rsg_object_detection,dropped_oldest,2396,rsg_20260806_156_804900000_002396,dropped,True,fifo_cached_frame,2378,254,0,2122,254,0,1,0.0,64.31101499765646,frame_fifo_full,,,,,,,,,,,,,,,,,,,,,,,,,,,,,,,,,,,,,,,,,,,,,,,,,,,,,,,,
rsg_object_detection,dropped_oldest,2397,rsg_20260806_156_854899999_002397,dropped,True,fifo_cached_frame,2379,254,0,2123,254,0,1,0.0,47.01390799891669,frame_fifo_full,,,,,,,,,,,,,,,,,,,,,,,,,,,,,,,,,,,,,,,,,,,,,,,,,,,,,,,,
rsg_object_detection,dropped_oldest,2398,rsg_20260806_156_904899999_002398,dropped,True,fifo_cached_frame,2380,254,0,2124,254,0,1,0.0,60.78198799514212,frame_fifo_full,,,,,,,,,,,,,,,,,,,,,,,,,,,,,,,,,,,,,,,,,,,,,,,,,,,,,,,,
rsg_object_detection,frame_trace,2390,rsg_20260806_156_454900000_002390,sent_to_hydra,,,,,,,,,,,586.3336759939557,ok,11.01041199581232,519.2237769952044,53.84754799888469,0.14799999189563096,53.69954800698906,0.002943997969850898,4.886757989879698,0.4604480054695159,301.52855899359565,18.737013000645675,0.008928007446229458,320.7349480071571,87.90678597870283,20.563830010360107,4.540902009466663,37.38087297824677,24.697051994735375,61.57530000200495,3.3255730231758207,1.4219849836081266,0.3590400156099349,1.3295370008563623,0.5477770027937368,0.004512010491453111,156.48836600303184,5.104677999042906,0.1639039983274415,31.80029099166859,0.044832006096839905,6.1509180086432025,5.46048600517679,0.11913599155377597,0.5712960119126365,4.163781006354839,0.6907849892741069,0.004927991540171206,2.248995006084442,8,0,7,0,0,,,,,,,,,,,,,,
rsg_object_detection,dropped_oldest,2400,rsg_20260806_157_104899999_002400,dropped,True,fifo_cached_frame,2382,255,0,2125,255,0,1,0.0,45.269712994922884,frame_fifo_full,,,,,,,,,,,,,,,,,,,,,,,,,,,,,,,,,,,,,,,,,,,,,,,,,,,,,,,,
rsg_object_detection,dropped_oldest,2401,rsg_20260806_157_154899999_002401,dropped,True,fifo_cached_frame,2383,255,0,2126,255,0,1,0.0,59.771296990220435,frame_fifo_full,,,,,,,,,,,,,,,,,,,,,,,,,,,,,,,,,,,,,,,,,,,,,,,,,,,,,,,,
rsg_object_detection,dropped_oldest,2402,rsg_20260806_157_204900000_002402,dropped,True,fifo_cached_frame,2384,255,0,2127,255,0,1,0.0,41.862764992401935,frame_fifo_full,,,,,,,,,,,,,,,,,,,,,,,,,,,,,,,,,,,,,,,,,,,,,,,,,,,,,,,,
rsg_object_detection,dropped_oldest,2403,rsg_20260806_157_254899999_002403,dropped,True,fifo_cached_frame,2385,255,0,2128,255,0,1,0.0,52.19592899084091,frame_fifo_full,,,,,,,,,,,,,,,,,,,,,,,,,,,,,,,,,,,,,,,,,,,,,,,,,,,,,,,,
rsg_object_detection,dropped_oldest,2404,rsg_20260806_157_304900000_002404,dropped,True,fifo_cached_frame,2386,255,0,2129,255,0,1,0.0,50.95490301027894,frame_fifo_full,,,,,,,,,,,,,,,,,,,,,,,,,,,,,,,,,,,,,,,,,,,,,,,,,,,,,,,,
rsg_object_detection,dropped_oldest,2405,rsg_20260806_157_354899999_002405,dropped,True,fifo_cached_frame,2387,255,0,2130,255,0,1,0.0,62.21712399565149,frame_fifo_full,,,,,,,,,,,,,,,,,,,,,,,,,,,,,,,,,,,,,,,,,,,,,,,,,,,,,,,,
rsg_object_detection,dropped_oldest,2406,rsg_20260806_157_404899999_002406,dropped,True,fifo_cached_frame,2388,255,0,2131,255,0,1,0.0,39.77399499854073,frame_fifo_full,,,,,,,,,,,,,,,,,,,,,,,,,,,,,,,,,,,,,,,,,,,,,,,,,,,,,,,,
rsg_object_detection,dropped_oldest,2407,rsg_20260806_157_454900000_002407,dropped,True,fifo_cached_frame,2389,255,0,2132,255,0,1,0.0,50.16229400644079,frame_fifo_full,,,,,,,,,,,,,,,,,,,,,,,,,,,,,,,,,,,,,,,,,,,,,,,,,,,,,,,,
rsg_object_detection,dropped_oldest,2408,rsg_20260806_157_504899999_002408,dropped,True,fifo_cached_frame,2390,255,0,2133,255,0,1,0.0,66.38551199284848,frame_fifo_full,,,,,,,,,,,,,,,,,,,,,,,,,,,,,,,,,,,,,,,,,,,,,,,,,,,,,,,,
rsg_object_detection,dropped_oldest,2409,rsg_20260806_157_554900000_002409,dropped,True,fifo_cached_frame,2391,255,0,2134,255,0,1,0.0,28.74022300238721,frame_fifo_full,,,,,,,,,,,,,,,,,,,,,,,,,,,,,,,,,,,,,,,,,,,,,,,,,,,,,,,,
rsg_object_detection,dropped_oldest,2410,rsg_20260806_157_604899999_002410,dropped,True,fifo_cached_frame,2392,255,0,2135,255,0,1,0.0,87.03228700323962,frame_fifo_full,,,,,,,,,,,,,,,,,,,,,,,,,,,,,,,,,,,,,,,,,,,,,,,,,,,,,,,,
rsg_object_detection,dropped_oldest,2411,rsg_20260806_157_654899999_002411,dropped,True,fifo_cached_frame,2393,255,0,2136,256,0,1,0.0,55.84569300117437,frame_fifo_full,,,,,,,,,,,,,,,,,,,,,,,,,,,,,,,,,,,,,,,,,,,,,,,,,,,,,,,,
rsg_object_detection,frame_trace,2399,rsg_20260806_156_954900000_002399,sent_to_hydra,,,,,,,,,,,728.601498005446,ok,16.844081997987814,616.49251000199,91.1431730055483,0.1433280122000724,90.99984499334823,0.003200009814463556,6.107974986662157,0.17817600746639073,295.21187298814766,16.750962007790804,0.006656002369709313,312.14766700577457,132.85995298065245,17.29265702306293,36.43095299776178,56.66140399989672,21.547097014263272,92.15456400124822,3.660709015093744,1.893441003630869,0.38419199700001627,1.3753300008829683,0.4101759986951947,0.007488008122891188,232.7664930053288,3.5242920130258426,0.1635839871596545,61.736322997603565,0.04617600643541664,12.060620996635407,11.383277000277303,0.10060799831990153,0.5767359980382025,3.9763239910826087,0.8016009960556403,0.005536014214158058,4.11853299010545,8,0,8,0,0,,,,,,,,,,,,,,
rsg_object_detection,dropped_oldest,2413,rsg_20260806_157_754899999_002413,dropped,True,fifo_cached_frame,2395,256,0,2137,256,0,1,0.0,39.73796300124377,frame_fifo_full,,,,,,,,,,,,,,,,,,,,,,,,,,,,,,,,,,,,,,,,,,,,,,,,,,,,,,,,
rsg_object_detection,dropped_oldest,2414,rsg_20260806_157_804900000_002414,dropped,True,fifo_cached_frame,2396,256,0,2138,256,0,1,0.0,52.48687299899757,frame_fifo_full,,,,,,,,,,,,,,,,,,,,,,,,,,,,,,,,,,,,,,,,,,,,,,,,,,,,,,,,
rsg_object_detection,dropped_oldest,2415,rsg_20260806_157_854899999_002415,dropped,True,fifo_cached_frame,2397,256,0,2139,256,0,1,0.0,50.546935002785176,frame_fifo_full,,,,,,,,,,,,,,,,,,,,,,,,,,,,,,,,,,,,,,,,,,,,,,,,,,,,,,,,
rsg_object_detection,dropped_oldest,2416,rsg_20260806_157_904899999_002416,dropped,True,fifo_cached_frame,2398,256,0,2140,256,0,1,0.0,56.78572600299958,frame_fifo_full,,,,,,,,,,,,,,,,,,,,,,,,,,,,,,,,,,,,,,,,,,,,,,,,,,,,,,,,
rsg_object_detection,dropped_oldest,2417,rsg_20260806_157_954900000_002417,dropped,True,fifo_cached_frame,2399,256,0,2141,256,0,1,0.0,41.552269001840614,frame_fifo_full,,,,,,,,,,,,,,,,,,,,,,,,,,,,,,,,,,,,,,,,,,,,,,,,,,,,,,,,
rsg_object_detection,dropped_oldest,2418,rsg_20260806_158_004899999_002418,dropped,True,fifo_cached_frame,2400,256,0,2142,256,0,1,0.0,52.041816990822554,frame_fifo_full,,,,,,,,,,,,,,,,,,,,,,,,,,,,,,,,,,,,,,,,,,,,,,,,,,,,,,,,
rsg_object_detection,dropped_oldest,2419,rsg_20260806_158_054900000_002419,dropped,True,fifo_cached_frame,2401,256,0,2143,256,0,1,0.0,121.78457700065337,frame_fifo_full,,,,,,,,,,,,,,,,,,,,,,,,,,,,,,,,,,,,,,,,,,,,,,,,,,,,,,,,
rsg_object_detection,dropped_oldest,2420,rsg_20260806_158_104899999_002420,dropped,True,fifo_cached_frame,2402,256,0,2144,256,0,1,0.0,16.685458002029918,frame_fifo_full,,,,,,,,,,,,,,,,,,,,,,,,,,,,,,,,,,,,,,,,,,,,,,,,,,,,,,,,
rsg_object_detection,dropped_oldest,2421,rsg_20260806_158_154899999_002421,dropped,True,fifo_cached_frame,2403,256,0,2145,256,0,1,0.0,30.305760010378435,frame_fifo_full,,,,,,,,,,,,,,,,,,,,,,,,,,,,,,,,,,,,,,,,,,,,,,,,,,,,,,,,
rsg_object_detection,,807,rsg_20260806_56_954880000_000807,vlm_done,,,,,,,,,,,,ok,,,,,,,,,,,,,,,,,,,,,,,,,,,,,,,,,,,,,,,,,,,rsg_obj_000093,rsg_unknown_rsg_20260806_56_954880000_000807_000_nanosam_001,,,4,0.4738444193506638,ceiling_light,0.95,static,0.99,5026.45576899522,96727.12959299679,qwen_http,Qwen3-VL-8B-Instruct-GGUF
rsg_object_detection,completed,807,rsg_20260806_56_954880000_000807,,,,,,,,,,,91700.67241600191,,vlm_done,,,,,,,,,,,,,,,,,,,,,,,,,,,,,,,,,,,,,,,,,,,rsg_obj_000093,rsg_unknown_rsg_20260806_56_954880000_000807_000_nanosam_001,79,300,4,0.4738444193506638,,,,,,,,
rsg_object_detection,dropped_oldest,2422,rsg_20260806_158_204900000_002422,dropped,True,fifo_cached_frame,2404,256,0,2146,256,0,1,0.0,86.79541999299545,frame_fifo_full,,,,,,,,,,,,,,,,,,,,,,,,,,,,,,,,,,,,,,,,,,,,,,,,,,,,,,,,
rsg_object_detection,dropped_oldest,2423,rsg_20260806_158_254899999_002423,dropped,True,fifo_cached_frame,2405,256,0,2147,256,0,1,0.0,9.739722008816898,frame_fifo_full,,,,,,,,,,,,,,,,,,,,,,,,,,,,,,,,,,,,,,,,,,,,,,,,,,,,,,,,
rsg_object_detection,frame_trace,2412,rsg_20260806_157_704900000_002412,sent_to_hydra,,,,,,,,,,,584.9081819906132,ok,16.31809699756559,556.3295589963673,8.65354599955026,0.19987300038337708,8.453672999166884,0.0029759976314380765,1.801153994165361,0.25008000375237316,272.4304080038564,16.599185997620225,0.006336005753837526,289.28601001098286,77.96145899919793,15.931347021250986,3.9407709991792217,36.32314197602682,21.165143014513887,110.02722100238316,3.6699540069093928,2.0525799627648667,0.3207050322089344,1.8751700117718428,0.964289007242769,0.0053440016927197576,196.89572999777738,5.711078003514558,0.14352001016959548,62.446210999041796,0.045855980715714395,12.048812001012266,11.450731995864771,0.0955199939198792,0.5025600112276152,3.4458599984645844,0.817537002149038,0.005887995939701796,3.604003999498673,8,0,8,0,0,,,,,,,,,,,,,,
rsg_object_detection,dropped_oldest,2425,rsg_20260806_158_354899999_002425,dropped,True,fifo_cached_frame,2407,257,0,2148,257,0,1,0.0,28.587871012859978,frame_fifo_full,,,,,,,,,,,,,,,,,,,,,,,,,,,,,,,,,,,,,,,,,,,,,,,,,,,,,,,,
rsg_object_detection,dequeued,873,rsg_20260806_61_254880000_000873,,,,,,,,,,,96575.97841499955,,fifo_order,,,,,,,,,,,,,,,,,,,,,,,,,,,,,,,,,,,,,,,,,,,rsg_obj_000094,rsg_unknown_rsg_20260806_61_254880000_000873_002_nanosam_007,78,300,11,0.6131778922796817,,,,,,,,
rsg_object_detection,dropped_oldest,2426,rsg_20260806_158_404899999_002426,dropped,True,fifo_cached_frame,2408,257,0,2149,257,0,1,0.0,98.54890500719193,frame_fifo_full,,,,,,,,,,,,,,,,,,,,,,,,,,,,,,,,,,,,,,,,,,,,,,,,,,,,,,,,
rsg_object_detection,dropped_oldest,2427,rsg_20260806_158_504899999_002427,dropped,True,fifo_cached_frame,2409,257,0,2150,257,0,1,0.0,51.55698300222866,frame_fifo_full,,,,,,,,,,,,,,,,,,,,,,,,,,,,,,,,,,,,,,,,,,,,,,,,,,,,,,,,
rsg_object_detection,dropped_oldest,2428,rsg_20260806_158_554900000_002428,dropped,True,fifo_cached_frame,2410,257,0,2151,257,0,1,0.0,50.069525008439086,frame_fifo_full,,,,,,,,,,,,,,,,,,,,,,,,,,,,,,,,,,,,,,,,,,,,,,,,,,,,,,,,
rsg_object_detection,dropped_oldest,2429,rsg_20260806_158_604899999_002429,dropped,True,fifo_cached_frame,2411,257,0,2152,257,0,1,0.0,76.60433699493296,frame_fifo_full,,,,,,,,,,,,,,,,,,,,,,,,,,,,,,,,,,,,,,,,,,,,,,,,,,,,,,,,
rsg_object_detection,dropped_oldest,2430,rsg_20260806_158_654899999_002430,dropped,True,fifo_cached_frame,2412,257,0,2153,257,0,1,0.0,25.842652001301758,frame_fifo_full,,,,,,,,,,,,,,,,,,,,,,,,,,,,,,,,,,,,,,,,,,,,,,,,,,,,,,,,
rsg_object_detection,dropped_oldest,2431,rsg_20260806_158_704900000_002431,dropped,True,fifo_cached_frame,2413,257,0,2154,257,0,1,0.0,179.1247340006521,frame_fifo_full,,,,,,,,,,,,,,,,,,,,,,,,,,,,,,,,,,,,,,,,,,,,,,,,,,,,,,,,
rsg_object_detection,dropped_oldest,2432,rsg_20260806_158_854899999_002432,dropped,True,fifo_cached_frame,2414,257,0,2155,258,0,1,0.0,47.05403400294017,frame_fifo_full,,,,,,,,,,,,,,,,,,,,,,,,,,,,,,,,,,,,,,,,,,,,,,,,,,,,,,,,
rsg_object_detection,frame_trace,2424,rsg_20260806_158_304900000_002424,sent_to_hydra,,,,,,,,,,,576.1476529878564,ok,13.215853992733173,508.5834839992458,50.99691898794845,0.17324798682238907,50.82367100112606,0.004607994924299419,7.394310989184305,1.228897992405109,227.84769799909554,17.33249799872283,0.006880000000819564,246.4159739902243,123.97337899892591,55.52402600005735,4.940261002047919,36.77175199845806,26.052091008750722,65.53840599372052,7.036360009806231,0.8549770136596635,0.38614498043898493,1.4360329951159656,0.6369610055116937,0.005312002031132579,199.8842129978584,4.1859880002448335,0.14435300545301288,50.51285299123265,0.04579202504828572,8.42183300119359,7.778441009577364,0.10044800001196563,0.5429439916042611,4.062979991431348,0.725377001799643,0.005663998308591545,3.346788013004698,8,0,8,0,0,,,,,,,,,,,,,,
rsg_object_detection,dropped_oldest,2434,rsg_20260806_158_954900000_002434,dropped,True,fifo_cached_frame,2416,258,0,2156,258,0,1,0.0,37.66570400330238,frame_fifo_full,,,,,,,,,,,,,,,,,,,,,,,,,,,,,,,,,,,,,,,,,,,,,,,,,,,,,,,,
rsg_object_detection,dropped_oldest,2435,rsg_20260806_159_004899999_002435,dropped,True,fifo_cached_frame,2417,258,0,2157,258,0,1,0.0,50.19944500236306,frame_fifo_full,,,,,,,,,,,,,,,,,,,,,,,,,,,,,,,,,,,,,,,,,,,,,,,,,,,,,,,,
rsg_object_detection,dropped_oldest,2436,rsg_20260806_159_054900000_002436,dropped,True,fifo_cached_frame,2418,258,0,2158,258,0,1,0.0,48.7938110018149,frame_fifo_full,,,,,,,,,,,,,,,,,,,,,,,,,,,,,,,,,,,,,,,,,,,,,,,,,,,,,,,,
rsg_object_detection,dropped_oldest,2437,rsg_20260806_159_104899999_002437,dropped,True,fifo_cached_frame,2419,258,0,2159,258,0,1,0.0,53.11995900410693,frame_fifo_full,,,,,,,,,,,,,,,,,,,,,,,,,,,,,,,,,,,,,,,,,,,,,,,,,,,,,,,,
rsg_object_detection,dropped_oldest,2438,rsg_20260806_159_154899999_002438,dropped,True,fifo_cached_frame,2420,258,0,2160,258,0,1,0.0,51.09656498825643,frame_fifo_full,,,,,,,,,,,,,,,,,,,,,,,,,,,,,,,,,,,,,,,,,,,,,,,,,,,,,,,,
rsg_object_detection,dropped_oldest,2439,rsg_20260806_159_204900000_002439,dropped,True,fifo_cached_frame,2421,258,0,2161,258,0,1,0.0,48.83585899369791,frame_fifo_full,,,,,,,,,,,,,,,,,,,,,,,,,,,,,,,,,,,,,,,,,,,,,,,,,,,,,,,,
rsg_object_detection,dropped_oldest,2440,rsg_20260806_159_254899999_002440,dropped,True,fifo_cached_frame,2422,258,0,2162,258,0,1,0.0,50.51925199222751,frame_fifo_full,,,,,,,,,,,,,,,,,,,,,,,,,,,,,,,,,,,,,,,,,,,,,,,,,,,,,,,,
rsg_object_detection,dropped_oldest,2441,rsg_20260806_159_304900000_002441,dropped,True,fifo_cached_frame,2423,258,0,2163,258,0,1,0.0,67.52906199835707,frame_fifo_full,,,,,,,,,,,,,,,,,,,,,,,,,,,,,,,,,,,,,,,,,,,,,,,,,,,,,,,,
rsg_object_detection,dropped_oldest,2442,rsg_20260806_159_354899999_002442,dropped,True,fifo_cached_frame,2424,258,0,2164,258,0,1,0.0,42.24762799276505,frame_fifo_full,,,,,,,,,,,,,,,,,,,,,,,,,,,,,,,,,,,,,,,,,,,,,,,,,,,,,,,,
rsg_object_detection,dropped_oldest,2443,rsg_20260806_159_404899999_002443,dropped,True,fifo_cached_frame,2425,258,0,2165,258,0,1,0.0,66.87450200843159,frame_fifo_full,,,,,,,,,,,,,,,,,,,,,,,,,,,,,,,,,,,,,,,,,,,,,,,,,,,,,,,,
rsg_object_detection,dropped_oldest,2444,rsg_20260806_159_454900000_002444,dropped,True,fifo_cached_frame,2426,258,0,2166,258,0,1,0.0,23.858713000663556,frame_fifo_full,,,,,,,,,,,,,,,,,,,,,,,,,,,,,,,,,,,,,,,,,,,,,,,,,,,,,,,,
rsg_object_detection,dropped_oldest,2445,rsg_20260806_159_504899999_002445,dropped,True,fifo_cached_frame,2427,258,0,2167,258,0,1,0.0,86.05807399726473,frame_fifo_full,,,,,,,,,,,,,,,,,,,,,,,,,,,,,,,,,,,,,,,,,,,,,,,,,,,,,,,,
rsg_object_detection,dropped_oldest,2446,rsg_20260806_159_554900000_002446,dropped,True,fifo_cached_frame,2428,258,0,2168,258,0,1,0.0,15.282704000128433,frame_fifo_full,,,,,,,,,,,,,,,,,,,,,,,,,,,,,,,,,,,,,,,,,,,,,,,,,,,,,,,,
rsg_object_detection,frame_trace,2433,rsg_20260806_158_904899999_002433,sent_to_hydra,,,,,,,,,,,677.4297629890498,ok,22.607702994719148,644.8923209973145,5.842981991008855,0.1352319959551096,5.707749995053746,0.002592001692391932,1.57491400022991,1.090881007257849,334.3211820028955,23.557113003334962,0.008991992217488587,358.9781680057058,117.4620740202954,59.11638001271058,4.705188999651,25.807706988416612,26.967166006215848,80.4103560076328,3.984836002928205,7.550920025096275,0.4199679387966171,1.509377994807437,0.5681279872078449,0.006495989509858191,211.93369200045709,7.3632720013847575,0.1611199986655265,64.83469100203365,0.04646398883778602,11.455148007371463,10.81021899881307,0.10019300680141896,0.5447360017569736,10.285834010574035,0.8620169974165037,0.004703979357145727,4.084165004314855,8,0,8,0,0,,,,,,,,,,,,,,
rsg_object_detection,dropped_oldest,2448,rsg_20260806_159_704900000_002448,dropped,True,fifo_cached_frame,2430,259,0,2169,259,0,1,0.0,52.836950999335386,frame_fifo_full,,,,,,,,,,,,,,,,,,,,,,,,,,,,,,,,,,,,,,,,,,,,,,,,,,,,,,,,
rsg_object_detection,dropped_oldest,2449,rsg_20260806_159_754899999_002449,dropped,True,fifo_cached_frame,2431,259,0,2170,259,0,1,0.0,51.793365986668505,frame_fifo_full,,,,,,,,,,,,,,,,,,,,,,,,,,,,,,,,,,,,,,,,,,,,,,,,,,,,,,,,
rsg_object_detection,dropped_oldest,2450,rsg_20260806_159_804900000_002450,dropped,True,fifo_cached_frame,2432,259,0,2171,259,0,1,0.0,47.72344199591316,frame_fifo_full,,,,,,,,,,,,,,,,,,,,,,,,,,,,,,,,,,,,,,,,,,,,,,,,,,,,,,,,
rsg_object_detection,dropped_oldest,2451,rsg_20260806_159_854899999_002451,dropped,True,fifo_cached_frame,2433,259,0,2172,259,0,1,0.0,51.15867700078525,frame_fifo_full,,,,,,,,,,,,,,,,,,,,,,,,,,,,,,,,,,,,,,,,,,,,,,,,,,,,,,,,
rsg_object_detection,dropped_oldest,2452,rsg_20260806_159_904899999_002452,dropped,True,fifo_cached_frame,2434,259,0,2173,259,0,1,0.0,120.61574099061545,frame_fifo_full,,,,,,,,,,,,,,,,,,,,,,,,,,,,,,,,,,,,,,,,,,,,,,,,,,,,,,,,
rsg_object_detection,dropped_oldest,2453,rsg_20260806_160_004899999_002453,dropped,True,fifo_cached_frame,2435,259,0,2174,259,0,1,0.0,109.48769599781372,frame_fifo_full,,,,,,,,,,,,,,,,,,,,,,,,,,,,,,,,,,,,,,,,,,,,,,,,,,,,,,,,
rsg_object_detection,dropped_oldest,2454,rsg_20260806_160_104899999_002454,dropped,True,fifo_cached_frame,2436,259,0,2175,260,0,1,0.0,41.06269699695986,frame_fifo_full,,,,,,,,,,,,,,,,,,,,,,,,,,,,,,,,,,,,,,,,,,,,,,,,,,,,,,,,
rsg_object_detection,frame_trace,2447,rsg_20260806_159_604899999_002447,sent_to_hydra,,,,,,,,,,,544.9721479963046,ok,13.255852987640537,480.4992179997498,46.48958500183653,0.1782080071279779,46.31137699470855,0.004064000677317381,1.4177620032569394,0.19769600476138294,258.2517240080051,17.537715000798926,0.006975984433665872,275.9941109979991,74.57236498885322,27.464090977446176,4.540102003375068,22.952694009291008,18.839541007764637,78.295472994796,3.4038759768009186,0.79091198858805,0.31152005249168724,1.5096020069904625,0.7772810058668256,0.007007998647168279,159.69232500356156,7.032039007754065,0.17523200949653983,36.13904499798082,0.04870397970080376,7.287143002031371,6.7191109992563725,0.10220799595117569,0.46582400682382286,5.273798000416718,0.6892160017741844,0.005695983418263495,4.723428006400354,8,0,7,0,0,,,,,,,,,,,,,,
rsg_object_detection,dropped_oldest,2456,rsg_20260806_160_204900000_002456,dropped,True,fifo_cached_frame,2438,260,0,2176,260,0,1,0.0,79.33006501116324,frame_fifo_full,,,,,,,,,,,,,,,,,,,,,,,,,,,,,,,,,,,,,,,,,,,,,,,,,,,,,,,,
rsg_object_detection,dropped_oldest,2457,rsg_20260806_160_304900000_002457,dropped,True,fifo_cached_frame,2439,260,0,2177,260,0,1,0.0,110.33064000366721,frame_fifo_full,,,,,,,,,,,,,,,,,,,,,,,,,,,,,,,,,,,,,,,,,,,,,,,,,,,,,,,,
rsg_object_detection,dropped_oldest,2458,rsg_20260806_160_404899999_002458,dropped,True,fifo_cached_frame,2440,260,0,2178,260,0,1,0.0,42.54045999550726,frame_fifo_full,,,,,,,,,,,,,,,,,,,,,,,,,,,,,,,,,,,,,,,,,,,,,,,,,,,,,,,,
rsg_object_detection,dropped_oldest,2459,rsg_20260806_160_454900000_002459,dropped,True,fifo_cached_frame,2441,260,0,2179,260,0,1,0.0,49.10644899064209,frame_fifo_full,,,,,,,,,,,,,,,,,,,,,,,,,,,,,,,,,,,,,,,,,,,,,,,,,,,,,,,,
rsg_object_detection,dropped_oldest,2460,rsg_20260806_160_504899999_002460,dropped,True,fifo_cached_frame,2442,260,0,2180,260,0,1,0.0,55.85791300109122,frame_fifo_full,,,,,,,,,,,,,,,,,,,,,,,,,,,,,,,,,,,,,,,,,,,,,,,,,,,,,,,,
rsg_object_detection,dropped_oldest,2461,rsg_20260806_160_554900000_002461,dropped,True,fifo_cached_frame,2443,260,0,2181,260,0,1,0.0,69.69293499423657,frame_fifo_full,,,,,,,,,,,,,,,,,,,,,,,,,,,,,,,,,,,,,,,,,,,,,,,,,,,,,,,,
rsg_object_detection,dropped_oldest,2462,rsg_20260806_160_604899999_002462,dropped,True,fifo_cached_frame,2444,260,0,2182,260,0,1,0.0,24.594905000412837,frame_fifo_full,,,,,,,,,,,,,,,,,,,,,,,,,,,,,,,,,,,,,,,,,,,,,,,,,,,,,,,,
rsg_object_detection,dropped_oldest,2463,rsg_20260806_160_654899999_002463,dropped,True,fifo_cached_frame,2445,260,0,2183,260,0,1,0.0,99.07184499024879,frame_fifo_full,,,,,,,,,,,,,,,,,,,,,,,,,,,,,,,,,,,,,,,,,,,,,,,,,,,,,,,,
rsg_object_detection,dropped_oldest,2464,rsg_20260806_160_704900000_002464,dropped,True,fifo_cached_frame,2446,260,0,2184,260,0,1,0.0,4.306371993152425,frame_fifo_full,,,,,,,,,,,,,,,,,,,,,,,,,,,,,,,,,,,,,,,,,,,,,,,,,,,,,,,,
rsg_object_detection,frame_trace,2455,rsg_20260806_160_154899999_002455,sent_to_hydra,,,,,,,,,,,592.7052740007639,ok,13.14564500353299,566.0026229888899,4.615045007085428,0.1782729959813878,4.43677201110404,0.002464003046043217,4.942917003063485,0.23584000882692635,283.3750720019452,15.762704002554528,0.008063987479545176,299.3816800008062,82.54018001025543,24.12264903250616,4.375492004328407,36.3533509807894,16.98910399863962,100.05536599783227,3.261891019064933,1.0824000055436045,0.32512097095604986,1.225218002218753,0.3768640017369762,0.007071997970342636,188.89360000321176,2.6569949986878783,0.16483200306538492,69.91114300035406,0.05145597970113158,8.51597600558307,8.021831992664374,0.09459200373385102,0.3995520091848448,3.606979997130111,1.016672991681844,0.006016009137965739,8.939496998209506,8,0,7,0,0,,,,,,,,,,,,,,
rsg_object_detection,dropped_oldest,2465,rsg_20260806_160_754899999_002465,dropped,True,fifo_cached_frame,2447,260,0,2185,261,0,1,0.0,61.76803100970574,frame_fifo_full,,,,,,,,,,,,,,,,,,,,,,,,,,,,,,,,,,,,,,,,,,,,,,,,,,,,,,,,
rsg_object_detection,dropped_oldest,2467,rsg_20260806_160_854899999_002467,dropped,True,fifo_cached_frame,2449,261,0,2186,261,0,1,0.0,40.59514499385841,frame_fifo_full,,,,,,,,,,,,,,,,,,,,,,,,,,,,,,,,,,,,,,,,,,,,,,,,,,,,,,,,
rsg_object_detection,dropped_oldest,2468,rsg_20260806_160_904899999_002468,dropped,True,fifo_cached_frame,2450,261,0,2187,261,0,1,0.0,100.52195799653418,frame_fifo_full,,,,,,,,,,,,,,,,,,,,,,,,,,,,,,,,,,,,,,,,,,,,,,,,,,,,,,,,
rsg_object_detection,dropped_oldest,2469,rsg_20260806_161_004899999_002469,dropped,True,fifo_cached_frame,2451,261,0,2188,261,0,1,0.0,53.10158999054693,frame_fifo_full,,,,,,,,,,,,,,,,,,,,,,,,,,,,,,,,,,,,,,,,,,,,,,,,,,,,,,,,
rsg_object_detection,dropped_oldest,2470,rsg_20260806_161_054900000_002470,dropped,True,fifo_cached_frame,2452,261,0,2189,261,0,1,0.0,94.96537399536464,frame_fifo_full,,,,,,,,,,,,,,,,,,,,,,,,,,,,,,,,,,,,,,,,,,,,,,,,,,,,,,,,
rsg_object_detection,dropped_oldest,2471,rsg_20260806_161_154899999_002471,dropped,True,fifo_cached_frame,2453,261,0,2190,261,0,1,0.0,70.32355699629989,frame_fifo_full,,,,,,,,,,,,,,,,,,,,,,,,,,,,,,,,,,,,,,,,,,,,,,,,,,,,,,,,
rsg_object_detection,dropped_oldest,2472,rsg_20260806_161_204900000_002472,dropped,True,fifo_cached_frame,2454,261,0,2191,261,0,1,0.0,36.437891991226934,frame_fifo_full,,,,,,,,,,,,,,,,,,,,,,,,,,,,,,,,,,,,,,,,,,,,,,,,,,,,,,,,
rsg_object_detection,dropped_oldest,2473,rsg_20260806_161_254899999_002473,dropped,True,fifo_cached_frame,2455,261,0,2192,261,0,1,0.0,132.10627499211114,frame_fifo_full,,,,,,,,,,,,,,,,,,,,,,,,,,,,,,,,,,,,,,,,,,,,,,,,,,,,,,,,
rsg_object_detection,dropped_oldest,2474,rsg_20260806_161_354899999_002474,dropped,True,fifo_cached_frame,2456,261,0,2193,262,0,1,0.0,44.35748400283046,frame_fifo_full,,,,,,,,,,,,,,,,,,,,,,,,,,,,,,,,,,,,,,,,,,,,,,,,,,,,,,,,
rsg_object_detection,frame_trace,2466,rsg_20260806_160_804900000_002466,sent_to_hydra,,,,,,,,,,,583.7939600023674,ok,16.604464006377384,561.7896180046955,1.607201003935188,0.16057600441854447,1.4466249995166436,0.0033280084608122706,1.4880329981679097,0.1869120023911819,292.7523919934174,20.45512398763094,0.008768023690208793,313.40319600712974,96.00486399722286,22.495541998068802,9.30708198575303,41.37453799194191,22.12523703929037,93.84802900603972,3.5728040238609537,0.79215997538995,0.33536000410094857,1.2840010022046044,0.3791369963437319,0.005408001015894115,196.2380509939976,2.413665992207825,0.1570879976497963,48.03467199963052,0.054912015912123024,12.260652001714334,11.559916005353443,0.09465600305702537,0.6060799933038652,3.657795998151414,0.6791679916204885,0.0068480148911476135,3.789348978898488,8,0,7,0,0,,,,,,,,,,,,,,
rsg_object_detection,dropped_oldest,2476,rsg_20260806_161_454900000_002476,dropped,True,fifo_cached_frame,2458,262,0,2194,262,0,1,0.0,97.98601799411699,frame_fifo_full,,,,,,,,,,,,,,,,,,,,,,,,,,,,,,,,,,,,,,,,,,,,,,,,,,,,,,,,
rsg_object_detection,dropped_oldest,2477,rsg_20260806_161_554900000_002477,dropped,True,fifo_cached_frame,2459,262,0,2195,262,0,1,0.0,103.83786300371867,frame_fifo_full,,,,,,,,,,,,,,,,,,,,,,,,,,,,,,,,,,,,,,,,,,,,,,,,,,,,,,,,
rsg_object_detection,dropped_oldest,2478,rsg_20260806_161_654899999_002478,dropped,True,fifo_cached_frame,2460,262,0,2196,262,0,1,0.0,50.46917000436224,frame_fifo_full,,,,,,,,,,,,,,,,,,,,,,,,,,,,,,,,,,,,,,,,,,,,,,,,,,,,,,,,
rsg_object_detection,dropped_oldest,2479,rsg_20260806_161_704900000_002479,dropped,True,fifo_cached_frame,2461,262,0,2197,262,0,1,0.0,58.826811000471935,frame_fifo_full,,,,,,,,,,,,,,,,,,,,,,,,,,,,,,,,,,,,,,,,,,,,,,,,,,,,,,,,
rsg_object_detection,dropped_oldest,2480,rsg_20260806_161_754899999_002480,dropped,True,fifo_cached_frame,2462,262,0,2198,262,0,1,0.0,81.26814500428736,frame_fifo_full,,,,,,,,,,,,,,,,,,,,,,,,,,,,,,,,,,,,,,,,,,,,,,,,,,,,,,,,
rsg_object_detection,dropped_oldest,2481,rsg_20260806_161_804900000_002481,dropped,True,fifo_cached_frame,2463,262,0,2199,262,0,1,0.0,6.460005999542773,frame_fifo_full,,,,,,,,,,,,,,,,,,,,,,,,,,,,,,,,,,,,,,,,,,,,,,,,,,,,,,,,
rsg_object_detection,dropped_oldest,2482,rsg_20260806_161_854899999_002482,dropped,True,fifo_cached_frame,2464,262,0,2200,262,0,1,0.0,87.14981500816066,frame_fifo_full,,,,,,,,,,,,,,,,,,,,,,,,,,,,,,,,,,,,,,,,,,,,,,,,,,,,,,,,
rsg_object_detection,dropped_oldest,2483,rsg_20260806_161_904899999_002483,dropped,True,fifo_cached_frame,2465,262,0,2201,262,0,1,0.0,14.252877997932956,frame_fifo_full,,,,,,,,,,,,,,,,,,,,,,,,,,,,,,,,,,,,,,,,,,,,,,,,,,,,,,,,
rsg_object_detection,frame_trace,2475,rsg_20260806_161_404899999_002475,sent_to_hydra,,,,,,,,,,,520.2598759933608,ok,19.689940003445372,490.8741499966709,5.849829991348088,0.2575679973233491,5.592261994024739,0.004287998308427632,3.647459001513198,0.5477770027937368,270.8779009990394,14.120046005700715,0.0073599949246272445,285.5530840024585,46.18890900746919,18.639476009411737,2.5312329962616786,13.873516989406198,10.555403016041964,86.75343000504654,3.796738979872316,1.3295040262164548,0.40486697980668396,1.646817006985657,0.8985599997686222,0.0053440016927197576,141.04641099402215,7.127655000658706,0.14150500646792352,53.3057800057577,0.05225598579272628,11.319850993459113,10.657641993020661,0.09852800576481968,0.5636809946736321,7.603399993968196,0.7622409902978688,0.004448025720193982,3.8416680035879835,8,0,8,0,0,,,,,,,,,,,,,,
rsg_object_detection,dropped_oldest,2485,rsg_20260806_162_004899999_002485,dropped,True,fifo_cached_frame,2467,263,0,2202,263,0,1,0.0,3.9769959985278547,frame_fifo_full,,,,,,,,,,,,,,,,,,,,,,,,,,,,,,,,,,,,,,,,,,,,,,,,,,,,,,,,
rsg_object_detection,dropped_oldest,2486,rsg_20260806_162_054900000_002486,dropped,True,fifo_cached_frame,2468,263,0,2203,263,0,1,0.0,3.2974430068861693,frame_fifo_full,,,,,,,,,,,,,,,,,,,,,,,,,,,,,,,,,,,,,,,,,,,,,,,,,,,,,,,,
rsg_object_detection,dropped_oldest,2487,rsg_20260806_162_104899999_002487,dropped,True,fifo_cached_frame,2469,263,0,2204,263,0,1,0.0,3.099554989603348,frame_fifo_full,,,,,,,,,,,,,,,,,,,,,,,,,,,,,,,,,,,,,,,,,,,,,,,,,,,,,,,,
rsg_object_detection,dropped_oldest,2488,rsg_20260806_162_154899999_002488,dropped,True,fifo_cached_frame,2470,263,0,2205,263,0,1,0.0,3.0816670041531324,frame_fifo_full,,,,,,,,,,,,,,,,,,,,,,,,,,,,,,,,,,,,,,,,,,,,,,,,,,,,,,,,
rsg_object_detection,dropped_oldest,2489,rsg_20260806_162_204900000_002489,dropped,True,fifo_cached_frame,2471,263,0,2206,263,0,1,0.0,3.557250995072536,frame_fifo_full,,,,,,,,,,,,,,,,,,,,,,,,,,,,,,,,,,,,,,,,,,,,,,,,,,,,,,,,
rsg_object_detection,dropped_oldest,2490,rsg_20260806_162_304900000_002490,dropped,True,fifo_cached_frame,2472,263,0,2207,263,0,1,0.0,4.082083993125707,frame_fifo_full,,,,,,,,,,,,,,,,,,,,,,,,,,,,,,,,,,,,,,,,,,,,,,,,,,,,,,,,
rsg_object_detection,dropped_oldest,2491,rsg_20260806_162_354899999_002491,dropped,True,fifo_cached_frame,2473,263,0,2208,263,0,1,0.0,88.79899799649138,frame_fifo_full,,,,,,,,,,,,,,,,,,,,,,,,,,,,,,,,,,,,,,,,,,,,,,,,,,,,,,,,
rsg_object_detection,dropped_oldest,2492,rsg_20260806_162_454900000_002492,dropped,True,fifo_cached_frame,2474,263,0,2209,263,0,1,0.0,51.56414600787684,frame_fifo_full,,,,,,,,,,,,,,,,,,,,,,,,,,,,,,,,,,,,,,,,,,,,,,,,,,,,,,,,
rsg_object_detection,dropped_oldest,2493,rsg_20260806_162_504899999_002493,dropped,True,fifo_cached_frame,2475,263,0,2210,263,0,1,0.0,100.02368000277784,frame_fifo_full,,,,,,,,,,,,,,,,,,,,,,,,,,,,,,,,,,,,,,,,,,,,,,,,,,,,,,,,
rsg_object_detection,dropped_oldest,2494,rsg_20260806_162_604899999_002494,dropped,True,fifo_cached_frame,2476,263,0,2211,263,0,1,0.0,50.98977799934801,frame_fifo_full,,,,,,,,,,,,,,,,,,,,,,,,,,,,,,,,,,,,,,,,,,,,,,,,,,,,,,,,
rsg_object_detection,dropped_oldest,2495,rsg_20260806_162_654899999_002495,dropped,True,fifo_cached_frame,2477,263,0,2212,263,0,1,0.0,134.8896980052814,frame_fifo_full,,,,,,,,,,,,,,,,,,,,,,,,,,,,,,,,,,,,,,,,,,,,,,,,,,,,,,,,
rsg_object_detection,dropped_oldest,2496,rsg_20260806_162_754899999_002496,dropped,True,fifo_cached_frame,2478,263,0,2213,263,0,1,0.0,36.5947230020538,frame_fifo_full,,,,,,,,,,,,,,,,,,,,,,,,,,,,,,,,,,,,,,,,,,,,,,,,,,,,,,,,
rsg_object_detection,dropped_oldest,2497,rsg_20260806_162_804900000_002497,dropped,True,fifo_cached_frame,2479,263,0,2214,263,0,1,0.0,28.090172010706738,frame_fifo_full,,,,,,,,,,,,,,,,,,,,,,,,,,,,,,,,,,,,,,,,,,,,,,,,,,,,,,,,
rsg_object_detection,dropped_oldest,2498,rsg_20260806_162_854899999_002498,dropped,True,fifo_cached_frame,2480,263,0,2215,263,0,1,0.0,66.3076490018284,frame_fifo_full,,,,,,,,,,,,,,,,,,,,,,,,,,,,,,,,,,,,,,,,,,,,,,,,,,,,,,,,
rsg_object_detection,dropped_oldest,2499,rsg_20260806_162_904899999_002499,dropped,True,fifo_cached_frame,2481,263,0,2216,264,0,1,0.0,45.3777709917631,frame_fifo_full,,,,,,,,,,,,,,,,,,,,,,,,,,,,,,,,,,,,,,,,,,,,,,,,,,,,,,,,
rsg_object_detection,frame_trace,2484,rsg_20260806_161_954900000_002484,sent_to_hydra,,,,,,,,,,,977.1249469922623,ok,13.70935699378606,574.6550519979792,385.1611110003432,0.14243199257180095,385.0186790077714,0.0031039962777867913,12.284907992579974,2.9729630041401833,330.62460699875373,23.657558995182626,0.009184004738926888,357.26431300281547,42.58471401408315,17.377489974023774,3.3145950437756255,6.926279005710967,14.472525988821872,85.94661099778023,4.075749006005935,1.3620480167446658,0.35420796484686434,1.6828500083647668,1.0411850089440122,0.0057919969549402595,137.0753009978216,12.996428995393217,0.12876800610683858,54.86181299784221,0.04352000541985035,9.432360995560884,8.776360002229922,0.0912320101633668,0.5647689831675962,3.378180001163855,0.893663993338123,0.005152003723196685,3.596323003876023,8,0,8,0,0,,,,,,,,,,,,,,
rsg_object_detection,dropped_oldest,2501,rsg_20260806_163_004899999_002501,dropped,True,fifo_cached_frame,2483,264,0,2217,264,0,1,0.0,99.63926300406456,frame_fifo_full,,,,,,,,,,,,,,,,,,,,,,,,,,,,,,,,,,,,,,,,,,,,,,,,,,,,,,,,
rsg_object_detection,dropped_oldest,2502,rsg_20260806_163_104899999_002502,dropped,True,fifo_cached_frame,2484,264,0,2218,264,0,1,0.0,100.4856630024733,frame_fifo_full,,,,,,,,,,,,,,,,,,,,,,,,,,,,,,,,,,,,,,,,,,,,,,,,,,,,,,,,
rsg_object_detection,,873,rsg_20260806_61_254880000_000873,vlm_failed,,,,,,,,,,,,"{""label"":""unknown_object"",""label_confidence"":0.0,""mobility_class"":""unknown"",""mobility_confidence"":0.0}",,,,,,,,,,,,,,,,,,,,,,,,,,,,,,,,,,,,,,,,,,,rsg_obj_000094,rsg_unknown_rsg_20260806_61_254880000_000873_002_nanosam_007,,,11,0.6131778922796817,unknown_object,0.0,unknown,0.0,4750.263863010332,101326.24451800075,qwen_http,Qwen3-VL-8B-Instruct-GGUF
rsg_object_detection,completed,873,rsg_20260806_61_254880000_000873,,,,,,,,,,,96575.97841499955,,vlm_failed,,,,,,,,,,,,,,,,,,,,,,,,,,,,,,,,,,,,,,,,,,,rsg_obj_000094,rsg_unknown_rsg_20260806_61_254880000_000873_002_nanosam_007,87,300,11,0.6131778922796817,,,,,,,,
rsg_object_detection,dropped_oldest,2503,rsg_20260806_163_204900000_002503,dropped,True,fifo_cached_frame,2485,264,0,2219,264,0,1,0.0,48.52145399490837,frame_fifo_full,,,,,,,,,,,,,,,,,,,,,,,,,,,,,,,,,,,,,,,,,,,,,,,,,,,,,,,,
rsg_object_detection,dequeued,844,rsg_20260806_59_254880000_000844,,,,,,,,,,,100116.87900499965,,fifo_order,,,,,,,,,,,,,,,,,,,,,,,,,,,,,,,,,,,,,,,,,,,rsg_obj_000098,rsg_unknown_rsg_20260806_59_254880000_000844_003_nanosam_004,88,300,3,0.7106020165919935,,,,,,,,
rsg_object_detection,dropped_oldest,2504,rsg_20260806_163_254899999_002504,dropped,True,fifo_cached_frame,2486,264,0,2220,264,0,1,0.0,115.1292279973859,frame_fifo_full,,,,,,,,,,,,,,,,,,,,,,,,,,,,,,,,,,,,,,,,,,,,,,,,,,,,,,,,
rsg_object_detection,dropped_oldest,2505,rsg_20260806_163_354899999_002505,dropped,True,fifo_cached_frame,2487,264,0,2221,264,0,1,0.0,142.34931800456252,frame_fifo_full,,,,,,,,,,,,,,,,,,,,,,,,,,,,,,,,,,,,,,,,,,,,,,,,,,,,,,,,
rsg_object_detection,dropped_oldest,2506,rsg_20260806_163_404899999_002506,dropped,True,fifo_cached_frame,2488,264,0,2222,264,0,1,0.0,3.133763006189838,frame_fifo_full,,,,,,,,,,,,,,,,,,,,,,,,,,,,,,,,,,,,,,,,,,,,,,,,,,,,,,,,
rsg_object_detection,frame_trace,2500,rsg_20260806_162_954900000_002500,sent_to_hydra,,,,,,,,,,,619.0495470073074,ok,10.555625995039009,598.074423003709,7.185799011494964,0.14944000577088445,7.03635900572408,0.005312002031132579,1.6107859992189333,0.24688000848982483,315.399276005337,26.723864997620694,0.005919995601288974,342.3759410070488,84.26337598939426,27.00431301491335,6.783750024624169,30.78127800836228,18.910515020252205,96.51407500496134,4.091267997864634,0.5402879905886948,0.3745600115507841,2.180065988795832,0.6917769933352247,0.005856010830029845,188.68392199510708,14.18151700636372,0.151552987517789,51.025872002355754,0.044832006096839905,5.482469001435675,4.8665009962860495,0.09417600813321769,0.5217919970164075,4.271876008715481,0.7958729984238744,0.005407986463978887,3.228386995033361,8,0,8,0,0,,,,,,,,,,,,,,
rsg_object_detection,dropped_oldest,2508,rsg_20260806_163_604899999_002508,dropped,True,fifo_cached_frame,2490,265,0,2223,265,0,1,0.0,25.83804100868292,frame_fifo_full,,,,,,,,,,,,,,,,,,,,,,,,,,,,,,,,,,,,,,,,,,,,,,,,,,,,,,,,
rsg_object_detection,dropped_oldest,2509,rsg_20260806_163_654899999_002509,dropped,True,fifo_cached_frame,2491,265,0,2224,265,0,1,0.0,98.48124500422273,frame_fifo_full,,,,,,,,,,,,,,,,,,,,,,,,,,,,,,,,,,,,,,,,,,,,,,,,,,,,,,,,
rsg_object_detection,dropped_oldest,2510,rsg_20260806_163_754899999_002510,dropped,True,fifo_cached_frame,2492,265,0,2225,265,0,1,0.0,51.05368100339547,frame_fifo_full,,,,,,,,,,,,,,,,,,,,,,,,,,,,,,,,,,,,,,,,,,,,,,,,,,,,,,,,
rsg_object_detection,dropped_oldest,2511,rsg_20260806_163_804900000_002511,dropped,True,fifo_cached_frame,2493,265,0,2226,265,0,1,0.0,192.36027800070588,frame_fifo_full,,,,,,,,,,,,,,,,,,,,,,,,,,,,,,,,,,,,,,,,,,,,,,,,,,,,,,,,
rsg_object_detection,dropped_oldest,2512,rsg_20260806_163_954900000_002512,dropped,True,fifo_cached_frame,2494,265,0,2227,265,0,1,0.0,102.29692701250315,frame_fifo_full,,,,,,,,,,,,,,,,,,,,,,,,,,,,,,,,,,,,,,,,,,,,,,,,,,,,,,,,
rsg_object_detection,dropped_oldest,2514,rsg_20260806_164_054900000_002514,dropped,True,fifo_cached_frame,2495,265,0,2228,265,0,1,0.0,5.8937659923685715,frame_fifo_full,,,,,,,,,,,,,,,,,,,,,,,,,,,,,,,,,,,,,,,,,,,,,,,,,,,,,,,,
rsg_object_detection,dropped_oldest,2515,rsg_20260806_164_104899999_002515,dropped,True,fifo_cached_frame,2496,265,0,2229,265,0,1,0.0,77.29312700394075,frame_fifo_full,,,,,,,,,,,,,,,,,,,,,,,,,,,,,,,,,,,,,,,,,,,,,,,,,,,,,,,,
rsg_object_detection,frame_trace,2507,rsg_20260806_163_504899999_002507,sent_to_hydra,,,,,,,,,,,680.0322549970588,ok,10.694377997424453,556.4848429930862,109.31411900673993,0.09519999730400741,109.21891900943592,0.0023040047381073236,5.337030001101084,0.26544000138528645,280.1417359878542,16.031310995458625,0.0086080253822729,296.4470950100804,90.03128496988211,28.99551701557357,3.3672980061965063,35.813505994156,21.2858760060044,95.4253689997131,3.4571250434964895,1.3548479619203135,0.3457920247456059,1.4626250049332157,0.5864010017830878,0.0047679932322353125,192.6858450024156,4.8886760050663725,0.14528000610880554,56.93166899436619,0.049247973947785795,5.803525011288002,5.205477005802095,0.08950399933382869,0.5085440061520785,4.15619600971695,0.7288009946933016,0.0058559817261993885,3.5366109950700775,8,0,8,0,0,,,,,,,,,,,,,,
rsg_object_detection,dropped_oldest,2517,rsg_20260806_164_204900000_002517,dropped,True,fifo_cached_frame,2498,266,0,2230,266,0,1,0.0,14.902957991580479,frame_fifo_full,,,,,,,,,,,,,,,,,,,,,,,,,,,,,,,,,,,,,,,,,,,,,,,,,,,,,,,,
rsg_object_detection,dropped_oldest,2518,rsg_20260806_164_254899999_002518,dropped,True,fifo_cached_frame,2499,266,0,2231,266,0,1,0.0,100.24002799764276,frame_fifo_full,,,,,,,,,,,,,,,,,,,,,,,,,,,,,,,,,,,,,,,,,,,,,,,,,,,,,,,,
rsg_object_detection,dropped_oldest,2519,rsg_20260806_164_354899999_002519,dropped,True,fifo_cached_frame,2500,266,0,2232,266,0,1,0.0,49.9400139960926,frame_fifo_full,,,,,,,,,,,,,,,,,,,,,,,,,,,,,,,,,,,,,,,,,,,,,,,,,,,,,,,,
rsg_object_detection,dropped_oldest,2520,rsg_20260806_164_404899999_002520,dropped,True,fifo_cached_frame,2501,266,0,2233,266,0,1,0.0,101.17324499879032,frame_fifo_full,,,,,,,,,,,,,,,,,,,,,,,,,,,,,,,,,,,,,,,,,,,,,,,,,,,,,,,,
rsg_object_detection,dropped_oldest,2521,rsg_20260806_164_504899999_002521,dropped,True,fifo_cached_frame,2502,266,0,2234,266,0,1,0.0,49.4224770081928,frame_fifo_full,,,,,,,,,,,,,,,,,,,,,,,,,,,,,,,,,,,,,,,,,,,,,,,,,,,,,,,,
rsg_object_detection,dropped_oldest,2522,rsg_20260806_164_554900000_002522,dropped,True,fifo_cached_frame,2503,266,0,2235,266,0,1,0.0,69.68691200017929,frame_fifo_full,,,,,,,,,,,,,,,,,,,,,,,,,,,,,,,,,,,,,,,,,,,,,,,,,,,,,,,,
rsg_object_detection,dropped_oldest,2523,rsg_20260806_164_604899999_002523,dropped,True,fifo_cached_frame,2504,266,0,2236,266,0,1,0.0,89.33947399782483,frame_fifo_full,,,,,,,,,,,,,,,,,,,,,,,,,,,,,,,,,,,,,,,,,,,,,,,,,,,,,,,,
rsg_object_detection,dropped_oldest,2524,rsg_20260806_164_704900000_002524,dropped,True,fifo_cached_frame,2505,266,0,2237,266,0,1,0.0,102.58438299933914,frame_fifo_full,,,,,,,,,,,,,,,,,,,,,,,,,,,,,,,,,,,,,,,,,,,,,,,,,,,,,,,,
rsg_object_detection,frame_trace,2516,rsg_20260806_164_154899999_002516,sent_to_hydra,,,,,,,,,,,652.2210480034119,ok,11.638251002295874,581.0673189989757,55.83537899656221,0.13670399494003505,55.69867500162218,0.0035199918784201145,5.343589000403881,0.32310400274582207,314.88726600946393,21.82785999320913,0.007391994586214423,337.0456220000051,86.53377598966472,19.331600036821328,3.897379996487871,40.67766999651212,21.95813399157487,83.43348499329295,3.4776350075844675,1.2587530072778463,0.3390400088392198,1.4286730001913384,0.5468169983942062,0.0042239989852532744,177.04019499069545,3.8681320002069697,0.14163200103212148,57.58405299275182,0.044096013880334795,6.996997995884158,6.322790010017343,0.11104000441264361,0.5631679814541712,3.8849639968248084,0.7514250028179958,0.004864006768912077,3.6765790136996657,8,0,8,0,0,,,,,,,,,,,,,,
rsg_object_detection,dropped_oldest,2525,rsg_20260806_164_804900000_002525,dropped,True,fifo_cached_frame,2506,266,0,2238,267,0,1,0.0,59.547317985561676,frame_fifo_full,,,,,,,,,,,,,,,,,,,,,,,,,,,,,,,,,,,,,,,,,,,,,,,,,,,,,,,,
rsg_object_detection,dropped_oldest,2527,rsg_20260806_164_954900000_002527,dropped,True,fifo_cached_frame,2508,267,0,2239,267,0,1,0.0,50.42795100598596,frame_fifo_full,,,,,,,,,,,,,,,,,,,,,,,,,,,,,,,,,,,,,,,,,,,,,,,,,,,,,,,,
rsg_object_detection,dropped_oldest,2528,rsg_20260806_165_004899999_002528,dropped,True,fifo_cached_frame,2509,267,0,2240,267,0,1,0.0,50.10398199374322,frame_fifo_full,,,,,,,,,,,,,,,,,,,,,,,,,,,,,,,,,,,,,,,,,,,,,,,,,,,,,,,,
rsg_object_detection,dropped_oldest,2529,rsg_20260806_165_054900000_002529,dropped,True,fifo_cached_frame,2510,267,0,2241,267,0,1,0.0,53.528560005361214,frame_fifo_full,,,,,,,,,,,,,,,,,,,,,,,,,,,,,,,,,,,,,,,,,,,,,,,,,,,,,,,,
rsg_object_detection,dropped_oldest,2530,rsg_20260806_165_104899999_002530,dropped,True,fifo_cached_frame,2511,267,0,2242,267,0,1,0.0,50.95230099686887,frame_fifo_full,,,,,,,,,,,,,,,,,,,,,,,,,,,,,,,,,,,,,,,,,,,,,,,,,,,,,,,,
rsg_object_detection,dropped_oldest,2531,rsg_20260806_165_154899999_002531,dropped,True,fifo_cached_frame,2512,267,0,2243,267,0,1,0.0,94.5339729951229,frame_fifo_full,,,,,,,,,,,,,,,,,,,,,,,,,,,,,,,,,,,,,,,,,,,,,,,,,,,,,,,,
rsg_object_detection,dropped_oldest,2532,rsg_20260806_165_254899999_002532,dropped,True,fifo_cached_frame,2513,267,0,2244,267,0,1,0.0,147.94566899945494,frame_fifo_full,,,,,,,,,,,,,,,,,,,,,,,,,,,,,,,,,,,,,,,,,,,,,,,,,,,,,,,,
rsg_object_detection,dropped_oldest,2533,rsg_20260806_165_354899999_002533,dropped,True,fifo_cached_frame,2514,267,0,2245,267,0,1,0.0,35.28278399608098,frame_fifo_full,,,,,,,,,,,,,,,,,,,,,,,,,,,,,,,,,,,,,,,,,,,,,,,,,,,,,,,,
rsg_object_detection,dropped_oldest,2534,rsg_20260806_165_404899999_002534,dropped,True,fifo_cached_frame,2515,267,0,2246,267,0,1,0.0,89.60478400695138,frame_fifo_full,,,,,,,,,,,,,,,,,,,,,,,,,,,,,,,,,,,,,,,,,,,,,,,,,,,,,,,,
rsg_object_detection,frame_trace,2526,rsg_20260806_164_854899999_002526,sent_to_hydra,,,,,,,,,,,658.9762429939583,ok,14.48407699353993,639.2730889929226,1.566913997521624,0.13612800103146583,1.4307859964901581,0.0035840057535097003,2.24713800707832,0.21910399664193392,261.6825430013705,22.659668000414968,0.0076160067692399025,284.56893100519665,176.4568619983038,55.837200983660296,4.7963879915187135,94.96709500672296,20.155025995336473,108.02080100984313,4.43558901315555,0.8637120190542191,0.3688639553729445,1.5033939998829737,0.3560319892130792,0.005408001015894115,292.029446005472,3.3185630018124357,0.16601600509602576,56.891731001087464,0.05126396717969328,10.107848996995017,9.463112000958063,0.09388799662701786,0.5508489994099364,3.5944989940617234,0.7768009963911027,0.004928006092086434,3.6485790042206645,8,0,8,0,0,,,,,,,,,,,,,,
rsg_object_detection,dropped_oldest,2536,rsg_20260806_165_554900000_002536,dropped,True,fifo_cached_frame,2517,268,0,2247,268,0,1,0.0,34.206973999971524,frame_fifo_full,,,,,,,,,,,,,,,,,,,,,,,,,,,,,,,,,,,,,,,,,,,,,,,,,,,,,,,,
rsg_object_detection,dropped_oldest,2537,rsg_20260806_165_604899999_002537,dropped,True,fifo_cached_frame,2518,268,0,2248,268,0,1,0.0,91.00449799734633,frame_fifo_full,,,,,,,,,,,,,,,,,,,,,,,,,,,,,,,,,,,,,,,,,,,,,,,,,,,,,,,,
rsg_object_detection,dropped_oldest,2538,rsg_20260806_165_704900000_002538,dropped,True,fifo_cached_frame,2519,268,0,2249,268,0,1,0.0,51.916750002419576,frame_fifo_full,,,,,,,,,,,,,,,,,,,,,,,,,,,,,,,,,,,,,,,,,,,,,,,,,,,,,,,,
rsg_object_detection,dropped_oldest,2539,rsg_20260806_165_754899999_002539,dropped,True,fifo_cached_frame,2520,268,0,2250,268,0,1,0.0,52.04673499974888,frame_fifo_full,,,,,,,,,,,,,,,,,,,,,,,,,,,,,,,,,,,,,,,,,,,,,,,,,,,,,,,,
rsg_object_detection,dropped_oldest,2540,rsg_20260806_165_804900000_002540,dropped,True,fifo_cached_frame,2521,268,0,2251,268,0,1,0.0,100.73714600002859,frame_fifo_full,,,,,,,,,,,,,,,,,,,,,,,,,,,,,,,,,,,,,,,,,,,,,,,,,,,,,,,,
rsg_object_detection,dropped_oldest,2541,rsg_20260806_165_904899999_002541,dropped,True,fifo_cached_frame,2522,268,0,2252,268,0,1,0.0,47.675338995759375,frame_fifo_full,,,,,,,,,,,,,,,,,,,,,,,,,,,,,,,,,,,,,,,,,,,,,,,,,,,,,,,,
rsg_object_detection,dropped_oldest,2542,rsg_20260806_165_954900000_002542,dropped,True,fifo_cached_frame,2523,268,0,2253,268,0,1,0.0,47.70909799844958,frame_fifo_full,,,,,,,,,,,,,,,,,,,,,,,,,,,,,,,,,,,,,,,,,,,,,,,,,,,,,,,,
rsg_object_detection,dropped_oldest,2543,rsg_20260806_166_004899999_002543,dropped,True,fifo_cached_frame,2524,268,0,2254,268,0,1,0.0,57.45726800523698,frame_fifo_full,,,,,,,,,,,,,,,,,,,,,,,,,,,,,,,,,,,,,,,,,,,,,,,,,,,,,,,,
rsg_object_detection,dropped_oldest,2544,rsg_20260806_166_054900000_002544,dropped,True,fifo_cached_frame,2525,268,0,2255,268,0,1,0.0,121.17213700548746,frame_fifo_full,,,,,,,,,,,,,,,,,,,,,,,,,,,,,,,,,,,,,,,,,,,,,,,,,,,,,,,,
rsg_object_detection,frame_trace,2535,rsg_20260806_165_504899999_002535,sent_to_hydra,,,,,,,,,,,665.4555050045019,ok,12.403754008118995,594.9767220008653,49.543661007191986,0.19036799494642764,49.35329301224556,0.0036480050766840577,1.6561929951421916,0.18303999968338758,293.3293509995565,20.859794996795245,0.008416012860834599,314.38060200889595,108.43612898315769,17.3458710196428,3.6116530100116506,52.54475098627154,34.24687799997628,91.7141609970713,4.382788989460096,2.88537799497135,0.3745280409930274,1.4055689971428365,0.4095050098840147,0.00624000676907599,209.63535500050057,2.77805000951048,0.16822401084937155,66.31068199931178,0.04761597665492445,8.046791001106612,7.389125996269286,0.09587200474925339,0.5617930000880733,3.5298270086059347,0.8220160088967532,0.005119989509694278,8.527719983248971,8,0,8,0,0,,,,,,,,,,,,,,
rsg_object_detection,dropped_oldest,2546,rsg_20260806_166_254899999_002546,dropped,True,fifo_cached_frame,2527,269,0,2256,269,0,1,0.0,48.419882004964165,frame_fifo_full,,,,,,,,,,,,,,,,,,,,,,,,,,,,,,,,,,,,,,,,,,,,,,,,,,,,,,,,
rsg_object_detection,dropped_oldest,2547,rsg_20260806_166_304900000_002547,dropped,True,fifo_cached_frame,2528,269,0,2257,269,0,1,0.0,50.4631479998352,frame_fifo_full,,,,,,,,,,,,,,,,,,,,,,,,,,,,,,,,,,,,,,,,,,,,,,,,,,,,,,,,
rsg_object_detection,dropped_oldest,2548,rsg_20260806_166_354899999_002548,dropped,True,fifo_cached_frame,2529,269,0,2258,269,0,1,0.0,106.16908500378486,frame_fifo_full,,,,,,,,,,,,,,,,,,,,,,,,,,,,,,,,,,,,,,,,,,,,,,,,,,,,,,,,
rsg_object_detection,dropped_oldest,2549,rsg_20260806_166_454900000_002549,dropped,True,fifo_cached_frame,2530,269,0,2259,269,0,1,0.0,95.37960299348924,frame_fifo_full,,,,,,,,,,,,,,,,,,,,,,,,,,,,,,,,,,,,,,,,,,,,,,,,,,,,,,,,
rsg_object_detection,dropped_oldest,2550,rsg_20260806_166_554900000_002550,dropped,True,fifo_cached_frame,2531,269,0,2260,269,0,1,0.0,55.43963199306745,frame_fifo_full,,,,,,,,,,,,,,,,,,,,,,,,,,,,,,,,,,,,,,,,,,,,,,,,,,,,,,,,
rsg_object_detection,dropped_oldest,2551,rsg_20260806_166_604899999_002551,dropped,True,fifo_cached_frame,2532,269,0,2261,269,0,1,0.0,117.68541499623097,frame_fifo_full,,,,,,,,,,,,,,,,,,,,,,,,,,,,,,,,,,,,,,,,,,,,,,,,,,,,,,,,
rsg_object_detection,dropped_oldest,2552,rsg_20260806_166_704900000_002552,dropped,True,fifo_cached_frame,2533,269,0,2262,269,0,1,0.0,27.79596000618767,frame_fifo_full,,,,,,,,,,,,,,,,,,,,,,,,,,,,,,,,,,,,,,,,,,,,,,,,,,,,,,,,
rsg_object_detection,frame_trace,2545,rsg_20260806_166_154899999_002545,sent_to_hydra,,,,,,,,,,,638.2179009960964,ok,11.637417992460541,568.3171999990009,55.490225000539795,0.13068800035398453,55.35953700018581,0.003392007783986628,1.046208999468945,0.19427199731580913,284.2299119947711,19.70648100541439,0.007423994247801602,304.1380889917491,99.56923901336268,23.64213102555368,4.720706972875632,42.35357599100098,28.107512975111604,96.92498100048397,4.65581298340112,0.8714879950275645,0.3922239993698895,1.8721609958447516,0.8008970035007223,0.005440000677481294,205.11259500926826,13.385676007601433,0.1640639966353774,44.425639003748074,0.04492799052968621,6.89930199587252,6.1700859951088205,0.09788799798116088,0.6313280027825385,3.938242996810004,0.793376995716244,0.006496004061773419,2.7696659963112324,8,0,8,0,0,,,,,,,,,,,,,,
rsg_object_detection,dropped_oldest,2553,rsg_20260806_166_754899999_002553,dropped,True,fifo_cached_frame,2534,269,0,2263,270,0,1,0.0,106.45007700077258,frame_fifo_full,,,,,,,,,,,,,,,,,,,,,,,,,,,,,,,,,,,,,,,,,,,,,,,,,,,,,,,,
rsg_object_detection,dropped_oldest,2555,rsg_20260806_166_904899999_002555,dropped,True,fifo_cached_frame,2536,270,0,2264,270,0,1,0.0,35.741119005251676,frame_fifo_full,,,,,,,,,,,,,,,,,,,,,,,,,,,,,,,,,,,,,,,,,,,,,,,,,,,,,,,,
rsg_object_detection,dropped_oldest,2556,rsg_20260806_166_954900000_002556,dropped,True,fifo_cached_frame,2537,270,0,2265,270,0,1,0.0,153.65878900047392,frame_fifo_full,,,,,,,,,,,,,,,,,,,,,,,,,,,,,,,,,,,,,,,,,,,,,,,,,,,,,,,,
rsg_object_detection,dropped_oldest,2557,rsg_20260806_167_104899999_002557,dropped,True,fifo_cached_frame,2538,270,0,2266,270,0,1,0.0,150.58281600067858,frame_fifo_full,,,,,,,,,,,,,,,,,,,,,,,,,,,,,,,,,,,,,,,,,,,,,,,,,,,,,,,,
rsg_object_detection,dropped_oldest,2558,rsg_20260806_167_204900000_002558,dropped,True,fifo_cached_frame,2539,270,0,2267,270,0,1,0.0,52.23233200376853,frame_fifo_full,,,,,,,,,,,,,,,,,,,,,,,,,,,,,,,,,,,,,,,,,,,,,,,,,,,,,,,,
rsg_object_detection,dropped_oldest,2559,rsg_20260806_167_304900000_002559,dropped,True,fifo_cached_frame,2540,270,0,2268,270,0,1,0.0,52.62276499706786,frame_fifo_full,,,,,,,,,,,,,,,,,,,,,,,,,,,,,,,,,,,,,,,,,,,,,,,,,,,,,,,,
rsg_object_detection,dropped_oldest,2560,rsg_20260806_167_354899999_002560,dropped,True,fifo_cached_frame,2541,270,0,2269,270,0,1,0.0,86.73575300781522,frame_fifo_full,,,,,,,,,,,,,,,,,,,,,,,,,,,,,,,,,,,,,,,,,,,,,,,,,,,,,,,,
rsg_object_detection,dropped_oldest,2561,rsg_20260806_167_404899999_002561,dropped,True,fifo_cached_frame,2542,270,0,2270,270,0,1,0.0,5.381861003115773,frame_fifo_full,,,,,,,,,,,,,,,,,,,,,,,,,,,,,,,,,,,,,,,,,,,,,,,,,,,,,,,,
rsg_object_detection,frame_trace,2554,rsg_20260806_166_854899999_002554,sent_to_hydra,,,,,,,,,,,601.8985630071256,ok,19.050800008699298,576.6203980019782,2.3778580070938915,0.28016000578645617,2.0976980013074353,0.004128000000491738,1.5014410018920898,0.3134079888695851,301.2159409991,14.883019990520552,0.006720016244798899,316.4190889947349,85.60765697620809,16.968941999948584,4.058018981595524,40.36627399909776,23.499829971115105,104.87308099982329,3.9871720073278993,1.002943972707726,0.3859840362565592,1.5907860070001334,0.6313600024441257,0.006528003723360598,198.10359200346284,5.65837298927363,0.1358720037387684,54.75329500040971,0.04873600846622139,14.010795988724567,13.330667992704548,0.09478398715145886,0.5853440088685602,4.227939003612846,0.8055049984250218,0.006560017936863005,3.845378989353776,8,0,8,0,0,,,,,,,,,,,,,,
rsg_object_detection,dropped_oldest,2563,rsg_20260806_167_554900000_002563,dropped,True,fifo_cached_frame,2544,271,0,2271,271,0,1,0.0,52.097388994297944,frame_fifo_full,,,,,,,,,,,,,,,,,,,,,,,,,,,,,,,,,,,,,,,,,,,,,,,,,,,,,,,,
rsg_object_detection,dropped_oldest,2564,rsg_20260806_167_604899999_002564,dropped,True,fifo_cached_frame,2545,271,0,2272,271,0,1,0.0,51.42836300365161,frame_fifo_full,,,,,,,,,,,,,,,,,,,,,,,,,,,,,,,,,,,,,,,,,,,,,,,,,,,,,,,,
rsg_object_detection,dropped_oldest,2565,rsg_20260806_167_654899999_002565,dropped,True,fifo_cached_frame,2546,271,0,2273,271,0,1,0.0,50.95735500799492,frame_fifo_full,,,,,,,,,,,,,,,,,,,,,,,,,,,,,,,,,,,,,,,,,,,,,,,,,,,,,,,,
rsg_object_detection,dropped_oldest,2566,rsg_20260806_167_704900000_002566,dropped,True,fifo_cached_frame,2547,271,0,2274,271,0,1,0.0,154.23040300083812,frame_fifo_full,,,,,,,,,,,,,,,,,,,,,,,,,,,,,,,,,,,,,,,,,,,,,,,,,,,,,,,,
rsg_object_detection,dropped_oldest,2567,rsg_20260806_167_854899999_002567,dropped,True,fifo_cached_frame,2548,271,0,2275,271,0,1,0.0,57.846897005219944,frame_fifo_full,,,,,,,,,,,,,,,,,,,,,,,,,,,,,,,,,,,,,,,,,,,,,,,,,,,,,,,,
rsg_object_detection,dropped_oldest,2568,rsg_20260806_167_904899999_002568,dropped,True,fifo_cached_frame,2549,271,0,2276,271,0,1,0.0,34.58524600137025,frame_fifo_full,,,,,,,,,,,,,,,,,,,,,,,,,,,,,,,,,,,,,,,,,,,,,,,,,,,,,,,,
rsg_object_detection,dropped_oldest,2569,rsg_20260806_167_954900000_002569,dropped,True,fifo_cached_frame,2550,271,0,2277,271,0,1,0.0,55.00587000278756,frame_fifo_full,,,,,,,,,,,,,,,,,,,,,,,,,,,,,,,,,,,,,,,,,,,,,,,,,,,,,,,,
rsg_object_detection,dropped_oldest,2570,rsg_20260806_168_004899999_002570,dropped,True,fifo_cached_frame,2551,271,0,2278,271,0,1,0.0,58.40107299445663,frame_fifo_full,,,,,,,,,,,,,,,,,,,,,,,,,,,,,,,,,,,,,,,,,,,,,,,,,,,,,,,,
rsg_object_detection,,844,rsg_20260806_59_254880000_000844,vlm_failed,,,,,,,,,,,,"{""label"":""unknown_object"",""label_confidence"":0.0,""mobility_class"":""unknown"",""mobility_confidence"":0.0}",,,,,,,,,,,,,,,,,,,,,,,,,,,,,,,,,,,,,,,,,,,rsg_obj_000098,rsg_unknown_rsg_20260806_59_254880000_000844_003_nanosam_004,,,3,0.7106020165919935,unknown_object,0.0,unknown,0.0,4761.2889550073305,104878.16936800664,qwen_http,Qwen3-VL-8B-Instruct-GGUF
rsg_object_detection,completed,844,rsg_20260806_59_254880000_000844,,,,,,,,,,,100116.87900499965,,vlm_failed,,,,,,,,,,,,,,,,,,,,,,,,,,,,,,,,,,,,,,,,,,,rsg_obj_000098,rsg_unknown_rsg_20260806_59_254880000_000844_003_nanosam_004,88,300,3,0.7106020165919935,,,,,,,,
rsg_object_detection,dropped_oldest,2571,rsg_20260806_168_054900000_002571,dropped,True,fifo_cached_frame,2552,271,0,2279,271,0,1,0.0,91.34397999150679,frame_fifo_full,,,,,,,,,,,,,,,,,,,,,,,,,,,,,,,,,,,,,,,,,,,,,,,,,,,,,,,,
rsg_object_detection,dropped_oldest,2572,rsg_20260806_168_104899999_002572,dropped,True,fifo_cached_frame,2553,271,0,2280,271,0,1,0.0,8.068454000749625,frame_fifo_full,,,,,,,,,,,,,,,,,,,,,,,,,,,,,,,,,,,,,,,,,,,,,,,,,,,,,,,,
rsg_object_detection,frame_trace,2562,rsg_20260806_167_454900000_002562,sent_to_hydra,,,,,,,,,,,723.9836510125315,ok,14.422571010072716,655.963466007961,50.4015780024929,0.12662399967666715,50.27495400281623,0.002911998308263719,1.475232988013886,0.22281600104179233,295.78233099891804,24.039444004301913,0.008991992217488587,320.05358299647924,149.48614200693555,25.352084994665347,6.985126994550228,72.48140401497949,42.77277199435048,109.58140499133151,4.958019984769635,0.7771850359858945,0.399360986193642,1.496225013397634,0.7966410048538819,0.0063680054154247046,267.52237099572085,11.564617001567967,0.1688639895291999,55.11633399873972,0.0624640379101038,10.150216010515578,9.551976007060148,0.09689600847195834,0.5013439949834719,3.420866996748373,0.8463999984087422,0.005088004400022328,3.193123993696645,8,0,8,0,0,,,,,,,,,,,,,,
rsg_object_detection,dropped_oldest,2574,rsg_20260806_168_204900000_002574,dropped,True,fifo_cached_frame,2555,272,0,2281,272,0,1,0.0,38.64812800020445,frame_fifo_full,,,,,,,,,,,,,,,,,,,,,,,,,,,,,,,,,,,,,,,,,,,,,,,,,,,,,,,,
rsg_object_detection,dequeued,828,rsg_20260806_58_254880000_000828,,,,,,,,,,,104512.68950200756,,fifo_order,,,,,,,,,,,,,,,,,,,,,,,,,,,,,,,,,,,,,,,,,,,rsg_obj_000099,rsg_unknown_rsg_20260806_58_254880000_000828_004_nanosam_000,87,300,2,0.4477817441123189,,,,,,,,
rsg_object_detection,dropped_oldest,2575,rsg_20260806_168_254899999_002575,dropped,True,fifo_cached_frame,2556,272,0,2282,272,0,1,0.0,47.4597190041095,frame_fifo_full,,,,,,,,,,,,,,,,,,,,,,,,,,,,,,,,,,,,,,,,,,,,,,,,,,,,,,,,
rsg_object_detection,dropped_oldest,2576,rsg_20260806_168_304900000_002576,dropped,True,fifo_cached_frame,2557,272,0,2283,272,0,1,0.0,49.2379289935343,frame_fifo_full,,,,,,,,,,,,,,,,,,,,,,,,,,,,,,,,,,,,,,,,,,,,,,,,,,,,,,,,
rsg_object_detection,dropped_oldest,2577,rsg_20260806_168_354899999_002577,dropped,True,fifo_cached_frame,2558,272,0,2284,272,0,1,0.0,51.7863460117951,frame_fifo_full,,,,,,,,,,,,,,,,,,,,,,,,,,,,,,,,,,,,,,,,,,,,,,,,,,,,,,,,
rsg_object_detection,dropped_oldest,2578,rsg_20260806_168_404899999_002578,dropped,True,fifo_cached_frame,2559,272,0,2285,272,0,1,0.0,100.34193900355604,frame_fifo_full,,,,,,,,,,,,,,,,,,,,,,,,,,,,,,,,,,,,,,,,,,,,,,,,,,,,,,,,
rsg_object_detection,dropped_oldest,2579,rsg_20260806_168_504899999_002579,dropped,True,fifo_cached_frame,2560,272,0,2286,272,0,1,0.0,46.67943099047989,frame_fifo_full,,,,,,,,,,,,,,,,,,,,,,,,,,,,,,,,,,,,,,,,,,,,,,,,,,,,,,,,
rsg_object_detection,dropped_oldest,2580,rsg_20260806_168_554900000_002580,dropped,True,fifo_cached_frame,2561,272,0,2287,272,0,1,0.0,86.765831001685,frame_fifo_full,,,,,,,,,,,,,,,,,,,,,,,,,,,,,,,,,,,,,,,,,,,,,,,,,,,,,,,,
rsg_object_detection,dropped_oldest,2581,rsg_20260806_168_604899999_002581,dropped,True,fifo_cached_frame,2562,272,0,2288,272,0,1,0.0,81.5817949915072,frame_fifo_full,,,,,,,,,,,,,,,,,,,,,,,,,,,,,,,,,,,,,,,,,,,,,,,,,,,,,,,,
rsg_object_detection,dropped_oldest,2582,rsg_20260806_168_704900000_002582,dropped,True,fifo_cached_frame,2563,272,0,2289,273,0,1,0.0,40.27110600145534,frame_fifo_full,,,,,,,,,,,,,,,,,,,,,,,,,,,,,,,,,,,,,,,,,,,,,,,,,,,,,,,,
rsg_object_detection,frame_trace,2573,rsg_20260806_168_154899999_002573,sent_to_hydra,,,,,,,,,,,564.1110580036184,ok,14.863852004054934,498.30725899664685,48.252872002194636,0.1692160003585741,48.08365600183606,0.00672000169288367,5.952933002845384,0.23382400104310364,240.50333500781562,16.970381999271922,0.008799994247965515,257.7163410023786,94.1418370057363,26.205238013062626,4.482627016841434,43.00179502752144,19.77377600269392,86.63162399898283,4.241730974172242,0.7889610133133829,0.34054400748573244,1.4968979958212003,0.5820160004077479,0.00454401015304029,188.24591500742827,5.182692009839229,0.14819198986515403,41.01462599646766,0.046559987822547555,10.36717600072734,9.544519998598844,0.10508800914976746,0.7175679929787293,3.7593949964502826,0.7313929963856936,0.005888010491617024,2.6803549990290776,8,0,8,0,0,,,,,,,,,,,,,,
rsg_object_detection,dropped_oldest,2584,rsg_20260806_168_804900000_002584,dropped,True,fifo_cached_frame,2565,273,0,2290,273,0,1,0.0,43.75824399176054,frame_fifo_full,,,,,,,,,,,,,,,,,,,,,,,,,,,,,,,,,,,,,,,,,,,,,,,,,,,,,,,,
rsg_object_detection,dropped_oldest,2585,rsg_20260806_168_854899999_002585,dropped,True,fifo_cached_frame,2566,273,0,2291,273,0,1,0.0,59.485937003046274,frame_fifo_full,,,,,,,,,,,,,,,,,,,,,,,,,,,,,,,,,,,,,,,,,,,,,,,,,,,,,,,,
rsg_object_detection,dropped_oldest,2586,rsg_20260806_168_904899999_002586,dropped,True,fifo_cached_frame,2567,273,0,2292,273,0,1,0.0,42.68589099228848,frame_fifo_full,,,,,,,,,,,,,,,,,,,,,,,,,,,,,,,,,,,,,,,,,,,,,,,,,,,,,,,,
rsg_object_detection,dropped_oldest,2587,rsg_20260806_168_954900000_002587,dropped,True,fifo_cached_frame,2568,273,0,2293,273,0,1,0.0,99.98718700080644,frame_fifo_full,,,,,,,,,,,,,,,,,,,,,,,,,,,,,,,,,,,,,,,,,,,,,,,,,,,,,,,,
rsg_object_detection,dropped_oldest,2588,rsg_20260806_169_054900000_002588,dropped,True,fifo_cached_frame,2569,273,0,2294,273,0,1,0.0,49.40423100197222,frame_fifo_full,,,,,,,,,,,,,,,,,,,,,,,,,,,,,,,,,,,,,,,,,,,,,,,,,,,,,,,,
rsg_object_detection,dropped_oldest,2589,rsg_20260806_169_104899999_002589,dropped,True,fifo_cached_frame,2570,273,0,2295,273,0,1,0.0,110.55823300557677,frame_fifo_full,,,,,,,,,,,,,,,,,,,,,,,,,,,,,,,,,,,,,,,,,,,,,,,,,,,,,,,,
rsg_object_detection,dropped_oldest,2590,rsg_20260806_169_204900000_002590,dropped,True,fifo_cached_frame,2571,273,0,2296,273,0,1,0.0,86.89827700436581,frame_fifo_full,,,,,,,,,,,,,,,,,,,,,,,,,,,,,,,,,,,,,,,,,,,,,,,,,,,,,,,,
rsg_object_detection,dropped_oldest,2591,rsg_20260806_169_254899999_002591,dropped,True,fifo_cached_frame,2572,273,0,2297,273,0,1,0.0,97.16183799901046,frame_fifo_full,,,,,,,,,,,,,,,,,,,,,,,,,,,,,,,,,,,,,,,,,,,,,,,,,,,,,,,,
rsg_object_detection,dropped_oldest,2592,rsg_20260806_169_354899999_002592,dropped,True,fifo_cached_frame,2573,273,0,2298,273,0,1,0.0,4.537859989795834,frame_fifo_full,,,,,,,,,,,,,,,,,,,,,,,,,,,,,,,,,,,,,,,,,,,,,,,,,,,,,,,,
rsg_object_detection,frame_trace,2583,rsg_20260806_168_754899999_002583,sent_to_hydra,,,,,,,,,,,652.0465460052947,ok,17.719854004099034,621.0426170000574,9.389479993842542,0.16982499801088125,9.219654995831661,0.0034560071071609855,1.1643850011751056,0.2110399946104735,301.02082500525285,23.150193999754265,0.007103997631929815,324.3891629972495,130.59850499848835,31.076536994078197,5.9034599689766765,54.63549900741782,38.23590402316768,106.82197300775442,3.3524190075695515,0.427007966209203,0.30556901765521616,1.2939849984832108,0.3717119980137795,0.0052480027079582214,243.19520300196018,2.3521620023529977,0.13033598952461034,49.76768800406717,0.04368000372778624,13.377898998442106,12.632682992261834,0.0893440010258928,0.6558720051543787,3.6787229910260066,0.6579519977094606,0.0052800169214606285,3.8911390001885593,8,0,7,0,0,,,,,,,,,,,,,,
rsg_object_detection,dropped_oldest,2594,rsg_20260806_169_454900000_002594,dropped,True,fifo_cached_frame,2575,274,0,2299,274,0,1,0.0,50.16388000512961,frame_fifo_full,,,,,,,,,,,,,,,,,,,,,,,,,,,,,,,,,,,,,,,,,,,,,,,,,,,,,,,,
rsg_object_detection,dropped_oldest,2595,rsg_20260806_169_504899999_002595,dropped,True,fifo_cached_frame,2576,274,0,2300,274,0,1,0.0,41.96380999928806,frame_fifo_full,,,,,,,,,,,,,,,,,,,,,,,,,,,,,,,,,,,,,,,,,,,,,,,,,,,,,,,,
rsg_object_detection,dropped_oldest,2596,rsg_20260806_169_554900000_002596,dropped,True,fifo_cached_frame,2577,274,0,2301,274,0,1,0.0,52.06874498981051,frame_fifo_full,,,,,,,,,,,,,,,,,,,,,,,,,,,,,,,,,,,,,,,,,,,,,,,,,,,,,,,,
rsg_object_detection,dropped_oldest,2597,rsg_20260806_169_604899999_002597,dropped,True,fifo_cached_frame,2578,274,0,2302,274,0,1,0.0,53.35684301098809,frame_fifo_full,,,,,,,,,,,,,,,,,,,,,,,,,,,,,,,,,,,,,,,,,,,,,,,,,,,,,,,,
rsg_object_detection,dropped_oldest,2598,rsg_20260806_169_654899999_002598,dropped,True,fifo_cached_frame,2579,274,0,2303,274,0,1,0.0,49.199590997886844,frame_fifo_full,,,,,,,,,,,,,,,,,,,,,,,,,,,,,,,,,,,,,,,,,,,,,,,,,,,,,,,,
rsg_object_detection,dropped_oldest,2599,rsg_20260806_169_704900000_002599,dropped,True,fifo_cached_frame,2580,274,0,2304,274,0,1,0.0,49.37165600131266,frame_fifo_full,,,,,,,,,,,,,,,,,,,,,,,,,,,,,,,,,,,,,,,,,,,,,,,,,,,,,,,,
rsg_object_detection,dropped_oldest,2600,rsg_20260806_169_754899999_002600,dropped,True,fifo_cached_frame,2581,274,0,2305,274,0,1,0.0,75.86434901168104,frame_fifo_full,,,,,,,,,,,,,,,,,,,,,,,,,,,,,,,,,,,,,,,,,,,,,,,,,,,,,,,,
rsg_object_detection,dropped_oldest,2601,rsg_20260806_169_804900000_002601,dropped,True,fifo_cached_frame,2582,274,0,2306,274,0,1,0.0,99.44305599492509,frame_fifo_full,,,,,,,,,,,,,,,,,,,,,,,,,,,,,,,,,,,,,,,,,,,,,,,,,,,,,,,,
rsg_object_detection,dropped_oldest,2602,rsg_20260806_169_904899999_002602,dropped,True,fifo_cached_frame,2583,274,0,2307,274,0,1,0.0,22.083314004703425,frame_fifo_full,,,,,,,,,,,,,,,,,,,,,,,,,,,,,,,,,,,,,,,,,,,,,,,,,,,,,,,,
rsg_object_detection,dropped_oldest,2603,rsg_20260806_169_954900000_002603,dropped,True,fifo_cached_frame,2584,274,0,2308,274,0,1,0.0,64.69035599729978,frame_fifo_full,,,,,,,,,,,,,,,,,,,,,,,,,,,,,,,,,,,,,,,,,,,,,,,,,,,,,,,,
rsg_object_detection,frame_trace,2593,rsg_20260806_169_404899999_002593,sent_to_hydra,,,,,,,,,,,617.0062220044201,ok,15.933036003843881,549.3280560040148,48.74823099817149,0.14518399257212877,48.603047005599365,0.0039040023693814874,1.804545012419112,0.21215999731794,295.2712130063446,27.766997998696752,0.008992006769403815,323.2593630091287,59.41505501687061,16.914510022616014,3.414593986235559,21.35668898699805,17.12023802974727,104.63121999055147,4.213091975543648,1.5944329934427515,0.3556170267984271,1.4382730005308986,0.5308810068527237,0.004415996954776347,172.199914988596,9.867015003692359,0.14720100443810225,41.98672100028489,0.06329598545562476,7.225861001643352,6.555012994795106,0.10537600610405207,0.5654720007441938,7.860454992624,0.841503991978243,0.005216017598286271,2.9929949960205704,8,0,8,0,0,,,,,,,,,,,,,,
rsg_object_detection,dropped_oldest,2605,rsg_20260806_170_104899999_002605,dropped,True,fifo_cached_frame,2586,275,0,2309,275,0,1,0.0,100.82231900014449,frame_fifo_full,,,,,,,,,,,,,,,,,,,,,,,,,,,,,,,,,,,,,,,,,,,,,,,,,,,,,,,,
rsg_object_detection,dropped_oldest,2606,rsg_20260806_170_204900000_002606,dropped,True,fifo_cached_frame,2587,275,0,2310,275,0,1,0.0,49.750310005038045,frame_fifo_full,,,,,,,,,,,,,,,,,,,,,,,,,,,,,,,,,,,,,,,,,,,,,,,,,,,,,,,,
rsg_object_detection,dropped_oldest,2607,rsg_20260806_170_254899999_002607,dropped,True,fifo_cached_frame,2588,275,0,2311,275,0,1,0.0,50.144295004429296,frame_fifo_full,,,,,,,,,,,,,,,,,,,,,,,,,,,,,,,,,,,,,,,,,,,,,,,,,,,,,,,,
rsg_object_detection,dropped_oldest,2608,rsg_20260806_170_304900000_002608,dropped,True,fifo_cached_frame,2589,275,0,2312,275,0,1,0.0,49.794855003710836,frame_fifo_full,,,,,,,,,,,,,,,,,,,,,,,,,,,,,,,,,,,,,,,,,,,,,,,,,,,,,,,,
rsg_object_detection,dropped_oldest,2609,rsg_20260806_170_354899999_002609,dropped,True,fifo_cached_frame,2590,275,0,2313,275,0,1,0.0,69.58347799081821,frame_fifo_full,,,,,,,,,,,,,,,,,,,,,,,,,,,,,,,,,,,,,,,,,,,,,,,,,,,,,,,,
rsg_object_detection,dropped_oldest,2610,rsg_20260806_170_404899999_002610,dropped,True,fifo_cached_frame,2591,275,0,2314,275,0,1,0.0,42.82611300004646,frame_fifo_full,,,,,,,,,,,,,,,,,,,,,,,,,,,,,,,,,,,,,,,,,,,,,,,,,,,,,,,,
rsg_object_detection,dropped_oldest,2611,rsg_20260806_170_454900000_002611,dropped,True,fifo_cached_frame,2592,275,0,2315,275,0,1,0.0,43.37136200047098,frame_fifo_full,,,,,,,,,,,,,,,,,,,,,,,,,,,,,,,,,,,,,,,,,,,,,,,,,,,,,,,,
rsg_object_detection,dropped_oldest,2612,rsg_20260806_170_504899999_002612,dropped,True,fifo_cached_frame,2593,275,0,2316,275,0,1,0.0,63.67745700117666,frame_fifo_full,,,,,,,,,,,,,,,,,,,,,,,,,,,,,,,,,,,,,,,,,,,,,,,,,,,,,,,,
rsg_object_detection,frame_trace,2604,rsg_20260806_170_004899999_002604,sent_to_hydra,,,,,,,,,,,570.3567640011897,ok,10.212263994617388,520.1980689889751,35.906940000131726,0.15446401084773242,35.752475989283994,0.003488006768748164,1.0847369994735345,0.1884160010376945,282.3006999969948,19.64507100638002,0.006688002031296492,302.1408750064438,37.81340601562988,14.521388002322055,2.6464669936103746,9.749989010742866,10.279048976371996,102.89358400041237,9.298952005337924,3.7354900123318657,0.45129597128834575,1.6464340005768463,0.43571199057623744,0.007071997970342636,156.3038660096936,3.794050993747078,0.17516801017336547,56.651532009709626,0.047839959734119475,6.008165000821464,5.3554280020762235,0.09663999662734568,0.5560970021178946,3.4826909977709875,0.7167359872255474,0.004672008799389005,4.0360030106967315,8,0,8,0,0,,,,,,,,,,,,,,
rsg_object_detection,dropped_oldest,2613,rsg_20260806_170_554900000_002613,dropped,True,fifo_cached_frame,2594,276,0,2317,276,0,1,0.0,59.60164699354209,frame_fifo_full,,,,,,,,,,,,,,,,,,,,,,,,,,,,,,,,,,,,,,,,,,,,,,,,,,,,,,,,
rsg_object_detection,dropped_oldest,2615,rsg_20260806_170_704900000_002615,dropped,True,fifo_cached_frame,2596,276,0,2318,276,0,1,0.0,50.64125600620173,frame_fifo_full,,,,,,,,,,,,,,,,,,,,,,,,,,,,,,,,,,,,,,,,,,,,,,,,,,,,,,,,
rsg_object_detection,dropped_oldest,2616,rsg_20260806_170_754899999_002616,dropped,True,fifo_cached_frame,2597,276,0,2319,276,0,1,0.0,103.89419300190639,frame_fifo_full,,,,,,,,,,,,,,,,,,,,,,,,,,,,,,,,,,,,,,,,,,,,,,,,,,,,,,,,
rsg_object_detection,dropped_oldest,2617,rsg_20260806_170_854899999_002617,dropped,True,fifo_cached_frame,2598,276,0,2320,276,0,1,0.0,114.60898499353789,frame_fifo_full,,,,,,,,,,,,,,,,,,,,,,,,,,,,,,,,,,,,,,,,,,,,,,,,,,,,,,,,
rsg_object_detection,dropped_oldest,2618,rsg_20260806_170_954900000_002618,dropped,True,fifo_cached_frame,2599,276,0,2321,276,0,1,0.0,36.73401300329715,frame_fifo_full,,,,,,,,,,,,,,,,,,,,,,,,,,,,,,,,,,,,,,,,,,,,,,,,,,,,,,,,
rsg_object_detection,dropped_oldest,2619,rsg_20260806_171_004899999_002619,dropped,True,fifo_cached_frame,2600,276,0,2322,276,0,1,0.0,90.8247099869186,frame_fifo_full,,,,,,,,,,,,,,,,,,,,,,,,,,,,,,,,,,,,,,,,,,,,,,,,,,,,,,,,
rsg_object_detection,frame_trace,2614,rsg_20260806_170_604899999_002614,sent_to_hydra,,,,,,,,,,,547.4865029973444,ok,10.160200006794184,533.7898839934496,0.9890879882732406,0.14022398681845516,0.8488640014547855,0.002496002707630396,1.5968649968272075,0.2126079925801605,282.2422360040946,15.04298699728679,0.00553599966224283,297.5033669936238,99.56634999252856,26.227092021144927,4.760099982377142,38.13212503155228,28.208023024490103,80.45922899327707,4.778083981364034,0.8785610116319731,0.3851200162898749,1.468768998165615,0.6421760044759139,0.004351997631601989,188.19854500179645,5.181540007470176,0.12566399527713656,41.14371100149583,0.04019199695903808,5.766853006207384,5.090114995255135,0.10070399730466306,0.5760340136475861,3.6443539866013452,0.742753007216379,0.00624000676907599,2.5448350061196834,8,0,8,0,0,,,,,,,,,,,,,,
rsg_object_detection,dropped_oldest,2621,rsg_20260806_171_204900000_002621,dropped,True,fifo_cached_frame,2602,277,0,2323,277,0,1,0.0,38.87215699069202,frame_fifo_full,,,,,,,,,,,,,,,,,,,,,,,,,,,,,,,,,,,,,,,,,,,,,,,,,,,,,,,,
rsg_object_detection,dropped_oldest,2622,rsg_20260806_171_254899999_002622,dropped,True,fifo_cached_frame,2603,277,0,2324,277,0,1,0.0,49.226885006646626,frame_fifo_full,,,,,,,,,,,,,,,,,,,,,,,,,,,,,,,,,,,,,,,,,,,,,,,,,,,,,,,,
rsg_object_detection,dropped_oldest,2623,rsg_20260806_171_304900000_002623,dropped,True,fifo_cached_frame,2604,277,0,2325,277,0,1,0.0,101.68183699715883,frame_fifo_full,,,,,,,,,,,,,,,,,,,,,,,,,,,,,,,,,,,,,,,,,,,,,,,,,,,,,,,,
rsg_object_detection,dropped_oldest,2624,rsg_20260806_171_404899999_002624,dropped,True,fifo_cached_frame,2605,277,0,2326,277,0,1,0.0,51.85331898974255,frame_fifo_full,,,,,,,,,,,,,,,,,,,,,,,,,,,,,,,,,,,,,,,,,,,,,,,,,,,,,,,,
rsg_object_detection,dropped_oldest,2625,rsg_20260806_171_454900000_002625,dropped,True,fifo_cached_frame,2606,277,0,2327,277,0,1,0.0,121.05733899807092,frame_fifo_full,,,,,,,,,,,,,,,,,,,,,,,,,,,,,,,,,,,,,,,,,,,,,,,,,,,,,,,,
rsg_object_detection,dropped_oldest,2626,rsg_20260806_171_554900000_002626,dropped,True,fifo_cached_frame,2607,277,0,2328,277,0,1,0.0,86.49273699847981,frame_fifo_full,,,,,,,,,,,,,,,,,,,,,,,,,,,,,,,,,,,,,,,,,,,,,,,,,,,,,,,,
rsg_object_detection,dropped_oldest,2627,rsg_20260806_171_654899999_002627,dropped,True,fifo_cached_frame,2608,277,0,2329,277,0,1,0.0,45.47619499498978,frame_fifo_full,,,,,,,,,,,,,,,,,,,,,,,,,,,,,,,,,,,,,,,,,,,,,,,,,,,,,,,,
rsg_object_detection,dropped_oldest,2628,rsg_20260806_171_704900000_002628,dropped,True,fifo_cached_frame,2609,277,0,2330,277,0,1,0.0,91.06064400111791,frame_fifo_full,,,,,,,,,,,,,,,,,,,,,,,,,,,,,,,,,,,,,,,,,,,,,,,,,,,,,,,,
rsg_object_detection,dropped_oldest,2629,rsg_20260806_171_754899999_002629,dropped,True,fifo_cached_frame,2610,277,0,2331,278,0,1,0.0,47.95670798921492,frame_fifo_full,,,,,,,,,,,,,,,,,,,,,,,,,,,,,,,,,,,,,,,,,,,,,,,,,,,,,,,,
rsg_object_detection,frame_trace,2620,rsg_20260806_171_054900000_002620,sent_to_hydra,,,,,,,,,,,712.1903619990917,ok,15.624876003130339,582.5813679985004,109.49566699855495,0.15075299597810954,109.34491400257684,0.00384000304620713,1.6845130012370646,0.2302409993717447,304.0226610028185,21.424400008982047,0.007903989171609282,325.6852060003439,94.98484001960605,22.51332998275757,5.92371700622607,38.29967598721851,27.412436000304297,88.4611869987566,4.788066042237915,0.5628819926641881,0.3906239435309544,1.5369930042652413,0.40038498991634697,0.007007998647168279,191.1534889950417,3.966434989706613,0.16604800475761294,59.767660990473814,0.15801601693965495,11.213896999834105,10.504488003789447,0.09171200508717448,0.6176969909574836,3.6256019957363605,0.7793929980834946,0.00598400947637856,4.484610995859839,8,0,8,0,0,,,,,,,,,,,,,,
rsg_object_detection,dropped_oldest,2631,rsg_20260806_171_854899999_002631,dropped,True,fifo_cached_frame,2612,278,0,2332,278,0,1,0.0,43.865857005584985,frame_fifo_full,,,,,,,,,,,,,,,,,,,,,,,,,,,,,,,,,,,,,,,,,,,,,,,,,,,,,,,,
rsg_object_detection,dropped_oldest,2632,rsg_20260806_171_904899999_002632,dropped,True,fifo_cached_frame,2613,278,0,2333,278,0,1,0.0,49.648196989437565,frame_fifo_full,,,,,,,,,,,,,,,,,,,,,,,,,,,,,,,,,,,,,,,,,,,,,,,,,,,,,,,,
rsg_object_detection,dropped_oldest,2633,rsg_20260806_171_954900000_002633,dropped,True,fifo_cached_frame,2614,278,0,2334,278,0,1,0.0,161.2975930038374,frame_fifo_full,,,,,,,,,,,,,,,,,,,,,,,,,,,,,,,,,,,,,,,,,,,,,,,,,,,,,,,,
rsg_object_detection,dropped_oldest,2634,rsg_20260806_172_104899999_002634,dropped,True,fifo_cached_frame,2615,278,0,2335,278,0,1,0.0,120.3488559985999,frame_fifo_full,,,,,,,,,,,,,,,,,,,,,,,,,,,,,,,,,,,,,,,,,,,,,,,,,,,,,,,,
rsg_object_detection,dropped_oldest,2635,rsg_20260806_172_204900000_002635,dropped,True,fifo_cached_frame,2616,278,0,2336,278,0,1,0.0,38.51295600179583,frame_fifo_full,,,,,,,,,,,,,,,,,,,,,,,,,,,,,,,,,,,,,,,,,,,,,,,,,,,,,,,,
rsg_object_detection,dropped_oldest,2636,rsg_20260806_172_254899999_002636,dropped,True,fifo_cached_frame,2617,278,0,2337,278,0,1,0.0,85.28963000571821,frame_fifo_full,,,,,,,,,,,,,,,,,,,,,,,,,,,,,,,,,,,,,,,,,,,,,,,,,,,,,,,,
rsg_object_detection,dropped_oldest,2637,rsg_20260806_172_304900000_002637,dropped,True,fifo_cached_frame,2618,278,0,2338,278,0,1,0.0,67.60072200268041,frame_fifo_full,,,,,,,,,,,,,,,,,,,,,,,,,,,,,,,,,,,,,,,,,,,,,,,,,,,,,,,,
rsg_object_detection,dropped_oldest,2638,rsg_20260806_172_404899999_002638,dropped,True,fifo_cached_frame,2619,278,0,2339,279,0,1,0.0,35.03672900842503,frame_fifo_full,,,,,,,,,,,,,,,,,,,,,,,,,,,,,,,,,,,,,,,,,,,,,,,,,,,,,,,,
rsg_object_detection,frame_trace,2630,rsg_20260806_171_804900000_002630,sent_to_hydra,,,,,,,,,,,587.5028350128559,ok,14.745931010111235,562.1984640019946,7.993094011908397,0.16048000543378294,7.832614006474614,0.0030719966161996126,5.586917002801783,0.21731200104113668,284.37490000214893,21.53790400188882,0.007775990525260568,306.13789199560415,112.80171503312886,18.96698998461943,5.058371985796839,46.05599997739773,42.07414398842957,88.07775999594014,3.849058994092047,0.9384330041939393,0.3452799719525501,1.3671689957845956,0.6833599909441546,0.005184003384783864,208.08591198874637,6.216036999830976,0.14403200475499034,35.981082008220255,0.04659200203604996,10.197384006460197,9.56154300365597,0.08524800068698823,0.5505930021172389,3.7838739954167977,0.758913010940887,0.005759997293353081,2.5622739922255278,8,0,7,0,0,,,,,,,,,,,,,,
rsg_object_detection,dropped_oldest,2640,rsg_20260806_172_504899999_002640,dropped,True,fifo_cached_frame,2621,279,0,2340,279,0,1,0.0,37.85676299594343,frame_fifo_full,,,,,,,,,,,,,,,,,,,,,,,,,,,,,,,,,,,,,,,,,,,,,,,,,,,,,,,,
rsg_object_detection,dropped_oldest,2641,rsg_20260806_172_554900000_002641,dropped,True,fifo_cached_frame,2622,279,0,2341,279,0,1,0.0,49.5444209955167,frame_fifo_full,,,,,,,,,,,,,,,,,,,,,,,,,,,,,,,,,,,,,,,,,,,,,,,,,,,,,,,,
rsg_object_detection,dropped_oldest,2642,rsg_20260806_172_604899999_002642,dropped,True,fifo_cached_frame,2623,279,0,2342,279,0,1,0.0,60.46759700984694,frame_fifo_full,,,,,,,,,,,,,,,,,,,,,,,,,,,,,,,,,,,,,,,,,,,,,,,,,,,,,,,,
rsg_object_detection,dropped_oldest,2643,rsg_20260806_172_654899999_002643,dropped,True,fifo_cached_frame,2624,279,0,2343,279,0,1,0.0,42.10457400768064,frame_fifo_full,,,,,,,,,,,,,,,,,,,,,,,,,,,,,,,,,,,,,,,,,,,,,,,,,,,,,,,,
rsg_object_detection,dropped_oldest,2644,rsg_20260806_172_704900000_002644,dropped,True,fifo_cached_frame,2625,279,0,2344,279,0,1,0.0,57.97338699630927,frame_fifo_full,,,,,,,,,,,,,,,,,,,,,,,,,,,,,,,,,,,,,,,,,,,,,,,,,,,,,,,,
rsg_object_detection,,828,rsg_20260806_58_254880000_000828,vlm_failed,,,,,,,,,,,,"{""label"":""unknown_object"",""label_confidence"":0.0,""mobility_class"":""unknown"",""mobility_confidence"":0.0}",,,,,,,,,,,,,,,,,,,,,,,,,,,,,,,,,,,,,,,,,,,rsg_obj_000099,rsg_unknown_rsg_20260806_58_254880000_000828_004_nanosam_000,,,2,0.4477817441123189,unknown_object,0.0,unknown,0.0,4556.882299992139,109069.57365800918,qwen_http,Qwen3-VL-8B-Instruct-GGUF
rsg_object_detection,completed,828,rsg_20260806_58_254880000_000828,,,,,,,,,,,104512.68950200756,,vlm_failed,,,,,,,,,,,,,,,,,,,,,,,,,,,,,,,,,,,,,,,,,,,rsg_obj_000099,rsg_unknown_rsg_20260806_58_254880000_000828_004_nanosam_000,91,300,2,0.4477817441123189,,,,,,,,
rsg_object_detection,dropped_oldest,2645,rsg_20260806_172_754899999_002645,dropped,True,fifo_cached_frame,2626,279,0,2345,279,0,1,0.0,65.06481500400696,frame_fifo_full,,,,,,,,,,,,,,,,,,,,,,,,,,,,,,,,,,,,,,,,,,,,,,,,,,,,,,,,
rsg_object_detection,dropped_oldest,2646,rsg_20260806_172_804900000_002646,dropped,True,fifo_cached_frame,2627,279,0,2346,279,0,1,0.0,79.10876200185157,frame_fifo_full,,,,,,,,,,,,,,,,,,,,,,,,,,,,,,,,,,,,,,,,,,,,,,,,,,,,,,,,
rsg_object_detection,dequeued,844,rsg_20260806_59_254880000_000844,,,,,,,,,,,109058.75789599668,,fifo_order,,,,,,,,,,,,,,,,,,,,,,,,,,,,,,,,,,,,,,,,,,,rsg_obj_000101,rsg_unknown_rsg_20260806_59_254880000_000844_004_nanosam_003,90,300,3,0.5740328854911955,,,,,,,,
rsg_object_detection,dropped_oldest,2647,rsg_20260806_172_904899999_002647,dropped,True,fifo_cached_frame,2628,279,0,2347,279,0,1,0.0,75.82763899699785,frame_fifo_full,,,,,,,,,,,,,,,,,,,,,,,,,,,,,,,,,,,,,,,,,,,,,,,,,,,,,,,,
rsg_object_detection,dropped_oldest,2648,rsg_20260806_172_954900000_002648,dropped,True,fifo_cached_frame,2629,279,0,2348,279,0,1,0.0,39.422173009370454,frame_fifo_full,,,,,,,,,,,,,,,,,,,,,,,,,,,,,,,,,,,,,,,,,,,,,,,,,,,,,,,,
rsg_object_detection,dropped_oldest,2649,rsg_20260806_173_004899999_002649,dropped,True,fifo_cached_frame,2630,279,0,2349,279,0,1,0.0,77.86802400369197,frame_fifo_full,,,,,,,,,,,,,,,,,,,,,,,,,,,,,,,,,,,,,,,,,,,,,,,,,,,,,,,,
rsg_object_detection,frame_trace,2639,rsg_20260806_172_454900000_002639,sent_to_hydra,,,,,,,,,,,649.9681220011553,ok,13.37079300719779,627.7775459893746,5.334531990229152,0.15852799697313458,5.176003993256018,0.004352012183517218,3.3718740014592186,0.241023997659795,311.4713629911421,16.569261002587155,0.00624000676907599,328.2878879981581,154.56715297477785,47.68454600707628,14.372748046298511,50.14317101449706,38.669885019771755,80.21772200299893,3.6904979933751747,0.5081939743831754,0.3169920528307557,1.3380809978116304,0.35292800748720765,0.005440000677481294,241.014224011451,3.385666001122445,0.15398400137200952,51.51443700015079,0.0494729756610468,8.889446005923674,8.165862003806978,0.18710400036070496,0.5364800017559901,3.7466909998329356,0.7292480004252866,0.005408001015894115,3.48089900217019,8,0,8,0,0,,,,,,,,,,,,,,
rsg_object_detection,dropped_oldest,2651,rsg_20260806_173_204900000_002651,dropped,True,fifo_cached_frame,2632,280,0,2350,280,0,1,0.0,101.45539999939501,frame_fifo_full,,,,,,,,,,,,,,,,,,,,,,,,,,,,,,,,,,,,,,,,,,,,,,,,,,,,,,,,
rsg_object_detection,dropped_oldest,2652,rsg_20260806_173_304900000_002652,dropped,True,fifo_cached_frame,2633,280,0,2351,280,0,1,0.0,109.6168459916953,frame_fifo_full,,,,,,,,,,,,,,,,,,,,,,,,,,,,,,,,,,,,,,,,,,,,,,,,,,,,,,,,
rsg_object_detection,dropped_oldest,2653,rsg_20260806_173_404899999_002653,dropped,True,fifo_cached_frame,2634,280,0,2352,280,0,1,0.0,40.2224599965848,frame_fifo_full,,,,,,,,,,,,,,,,,,,,,,,,,,,,,,,,,,,,,,,,,,,,,,,,,,,,,,,,
rsg_object_detection,dropped_oldest,2654,rsg_20260806_173_454900000_002654,dropped,True,fifo_cached_frame,2635,280,0,2353,280,0,1,0.0,149.17399399564601,frame_fifo_full,,,,,,,,,,,,,,,,,,,,,,,,,,,,,,,,,,,,,,,,,,,,,,,,,,,,,,,,
rsg_object_detection,dropped_oldest,2655,rsg_20260806_173_604899999_002655,dropped,True,fifo_cached_frame,2636,280,0,2354,280,0,1,0.0,363.8111369946273,frame_fifo_full,,,,,,,,,,,,,,,,,,,,,,,,,,,,,,,,,,,,,,,,,,,,,,,,,,,,,,,,
rsg_object_detection,dropped_oldest,2656,rsg_20260806_173_704900000_002656,dropped,True,fifo_cached_frame,2637,280,0,2355,280,0,1,0.0,9.319399003288709,frame_fifo_full,,,,,,,,,,,,,,,,,,,,,,,,,,,,,,,,,,,,,,,,,,,,,,,,,,,,,,,,
rsg_object_detection,dropped_oldest,2657,rsg_20260806_173_804900000_002657,dropped,True,fifo_cached_frame,2638,280,0,2356,280,0,1,0.0,9.602951002307236,frame_fifo_full,,,,,,,,,,,,,,,,,,,,,,,,,,,,,,,,,,,,,,,,,,,,,,,,,,,,,,,,
rsg_object_detection,dropped_oldest,2658,rsg_20260806_173_854899999_002658,dropped,True,fifo_cached_frame,2639,280,0,2357,280,0,1,0.0,17.091660003643483,frame_fifo_full,,,,,,,,,,,,,,,,,,,,,,,,,,,,,,,,,,,,,,,,,,,,,,,,,,,,,,,,
rsg_object_detection,dropped_oldest,2659,rsg_20260806_173_904899999_002659,dropped,True,fifo_cached_frame,2640,280,0,2358,280,0,1,0.0,3.923330004909076,frame_fifo_full,,,,,,,,,,,,,,,,,,,,,,,,,,,,,,,,,,,,,,,,,,,,,,,,,,,,,,,,
rsg_object_detection,frame_trace,2650,rsg_20260806_173_054900000_002650,sent_to_hydra,,,,,,,,,,,995.0494719960261,ok,10.853319996385835,932.0174599997699,48.50700999668334,0.14432000170927495,48.36268999497406,0.0036479905247688293,1.6870739927981049,0.193215993931517,279.2906299873721,27.146227002958767,0.008768023690208793,306.6388410079526,96.56387600989547,30.819221981801093,4.4187550083734095,33.99573698698077,26.66152002348099,465.10301700618584,3.3923550217878073,0.6343680142890662,0.327967936755158,1.3049289991613477,0.3747849987121299,0.005216003046371043,567.7242740057409,2.8638740041060373,0.1425600057700649,52.919812995241955,0.041023988160304725,5.451460005133413,4.784387012477964,0.10220801050309092,0.5648649821523577,4.569155003991909,0.8263689960585907,0.0063359912019222975,3.668034012662247,8,0,8,0,0,,,,,,,,,,,,,,
rsg_object_detection,dropped_oldest,2661,rsg_20260806_174_104899999_002661,dropped,True,fifo_cached_frame,2642,281,0,2359,281,0,1,0.0,66.67070201365277,frame_fifo_full,,,,,,,,,,,,,,,,,,,,,,,,,,,,,,,,,,,,,,,,,,,,,,,,,,,,,,,,
rsg_object_detection,dropped_oldest,2662,rsg_20260806_174_204900000_002662,dropped,True,fifo_cached_frame,2643,281,0,2360,281,0,1,0.0,49.10627299977932,frame_fifo_full,,,,,,,,,,,,,,,,,,,,,,,,,,,,,,,,,,,,,,,,,,,,,,,,,,,,,,,,
rsg_object_detection,dropped_oldest,2663,rsg_20260806_174_254899999_002663,dropped,True,fifo_cached_frame,2644,281,0,2361,281,0,1,0.0,53.56432500411756,frame_fifo_full,,,,,,,,,,,,,,,,,,,,,,,,,,,,,,,,,,,,,,,,,,,,,,,,,,,,,,,,
rsg_object_detection,dropped_oldest,2664,rsg_20260806_174_304900000_002664,dropped,True,fifo_cached_frame,2645,281,0,2362,281,0,1,0.0,52.10211499070283,frame_fifo_full,,,,,,,,,,,,,,,,,,,,,,,,,,,,,,,,,,,,,,,,,,,,,,,,,,,,,,,,
rsg_object_detection,dropped_oldest,2665,rsg_20260806_174_354899999_002665,dropped,True,fifo_cached_frame,2646,281,0,2363,281,0,1,0.0,47.398656999575906,frame_fifo_full,,,,,,,,,,,,,,,,,,,,,,,,,,,,,,,,,,,,,,,,,,,,,,,,,,,,,,,,
rsg_object_detection,dropped_oldest,2666,rsg_20260806_174_404899999_002666,dropped,True,fifo_cached_frame,2647,281,0,2364,281,0,1,0.0,50.99465898820199,frame_fifo_full,,,,,,,,,,,,,,,,,,,,,,,,,,,,,,,,,,,,,,,,,,,,,,,,,,,,,,,,
rsg_object_detection,dropped_oldest,2667,rsg_20260806_174_454900000_002667,dropped,True,fifo_cached_frame,2648,281,0,2365,281,0,1,0.0,96.77821000514086,frame_fifo_full,,,,,,,,,,,,,,,,,,,,,,,,,,,,,,,,,,,,,,,,,,,,,,,,,,,,,,,,
rsg_object_detection,dropped_oldest,2668,rsg_20260806_174_504899999_002668,dropped,True,fifo_cached_frame,2649,281,0,2366,281,0,1,0.0,3.1753620132803917,frame_fifo_full,,,,,,,,,,,,,,,,,,,,,,,,,,,,,,,,,,,,,,,,,,,,,,,,,,,,,,,,
rsg_object_detection,dropped_oldest,2669,rsg_20260806_174_554900000_002669,dropped,True,fifo_cached_frame,2650,281,0,2367,281,0,1,0.0,71.87963300384581,frame_fifo_full,,,,,,,,,,,,,,,,,,,,,,,,,,,,,,,,,,,,,,,,,,,,,,,,,,,,,,,,
rsg_object_detection,dropped_oldest,2670,rsg_20260806_174_604899999_002670,dropped,True,fifo_cached_frame,2651,281,0,2368,282,0,1,0.0,39.855483002611436,frame_fifo_full,,,,,,,,,,,,,,,,,,,,,,,,,,,,,,,,,,,,,,,,,,,,,,,,,,,,,,,,
rsg_object_detection,frame_trace,2660,rsg_20260806_174_004899999_002660,sent_to_hydra,,,,,,,,,,,631.8692340137204,ok,14.673866011435166,482.88084199884906,127.46472901199013,0.13443200441543013,127.3302970075747,0.002815999323502183,1.6248969914158806,0.21903999731875956,280.1020799961407,15.036554003017955,0.007103997631929815,295.3647779941093,53.319012993597426,15.496586012886837,3.4980509954039007,18.891884974436834,14.825802005361766,77.38501200219616,4.129984998144209,0.8059200190473348,0.32550698961131275,1.4614410029025748,0.6658250058535486,0.005983994924463332,138.11631899443455,6.735556002240628,0.13984000543132424,40.845852010534145,0.05360000068321824,10.233318986138329,9.62007099587936,0.09228799899574369,0.5209599912632257,3.614050001488067,0.8209929947042838,0.005504029104486108,6.846980992122553,8,0,8,0,0,,,,,,,,,,,,,,
rsg_object_detection,dropped_oldest,2672,rsg_20260806_174_704900000_002672,dropped,True,fifo_cached_frame,2653,282,0,2369,282,0,1,0.0,39.3247629981488,frame_fifo_full,,,,,,,,,,,,,,,,,,,,,,,,,,,,,,,,,,,,,,,,,,,,,,,,,,,,,,,,
rsg_object_detection,dropped_oldest,2673,rsg_20260806_174_754899999_002673,dropped,True,fifo_cached_frame,2654,282,0,2370,282,0,1,0.0,48.03900799015537,frame_fifo_full,,,,,,,,,,,,,,,,,,,,,,,,,,,,,,,,,,,,,,,,,,,,,,,,,,,,,,,,
rsg_object_detection,dropped_oldest,2674,rsg_20260806_174_804900000_002674,dropped,True,fifo_cached_frame,2655,282,0,2371,282,0,1,0.0,49.57504199410323,frame_fifo_full,,,,,,,,,,,,,,,,,,,,,,,,,,,,,,,,,,,,,,,,,,,,,,,,,,,,,,,,
rsg_object_detection,dropped_oldest,2675,rsg_20260806_174_854899999_002675,dropped,True,fifo_cached_frame,2656,282,0,2372,282,0,1,0.0,52.83382799825631,frame_fifo_full,,,,,,,,,,,,,,,,,,,,,,,,,,,,,,,,,,,,,,,,,,,,,,,,,,,,,,,,
rsg_object_detection,dropped_oldest,2676,rsg_20260806_174_904899999_002676,dropped,True,fifo_cached_frame,2657,282,0,2373,282,0,1,0.0,51.222338996012695,frame_fifo_full,,,,,,,,,,,,,,,,,,,,,,,,,,,,,,,,,,,,,,,,,,,,,,,,,,,,,,,,
rsg_object_detection,dropped_oldest,2677,rsg_20260806_174_954900000_002677,dropped,True,fifo_cached_frame,2658,282,0,2374,282,0,1,0.0,61.385417997371405,frame_fifo_full,,,,,,,,,,,,,,,,,,,,,,,,,,,,,,,,,,,,,,,,,,,,,,,,,,,,,,,,
rsg_object_detection,dropped_oldest,2678,rsg_20260806_175_004899999_002678,dropped,True,fifo_cached_frame,2659,282,0,2375,282,0,1,0.0,40.226236000307836,frame_fifo_full,,,,,,,,,,,,,,,,,,,,,,,,,,,,,,,,,,,,,,,,,,,,,,,,,,,,,,,,
rsg_object_detection,dropped_oldest,2679,rsg_20260806_175_054900000_002679,dropped,True,fifo_cached_frame,2660,282,0,2376,282,0,1,0.0,62.996488995850086,frame_fifo_full,,,,,,,,,,,,,,,,,,,,,,,,,,,,,,,,,,,,,,,,,,,,,,,,,,,,,,,,
rsg_object_detection,dropped_oldest,2680,rsg_20260806_175_104899999_002680,dropped,True,fifo_cached_frame,2661,282,0,2377,282,0,1,0.0,35.002071992494166,frame_fifo_full,,,,,,,,,,,,,,,,,,,,,,,,,,,,,,,,,,,,,,,,,,,,,,,,,,,,,,,,
rsg_object_detection,dropped_oldest,2681,rsg_20260806_175_154899999_002681,dropped,True,fifo_cached_frame,2662,282,0,2378,282,0,1,0.0,85.28239300358109,frame_fifo_full,,,,,,,,,,,,,,,,,,,,,,,,,,,,,,,,,,,,,,,,,,,,,,,,,,,,,,,,
rsg_object_detection,dropped_oldest,2682,rsg_20260806_175_204900000_002682,dropped,True,fifo_cached_frame,2663,282,0,2379,282,0,1,0.0,14.212873007636517,frame_fifo_full,,,,,,,,,,,,,,,,,,,,,,,,,,,,,,,,,,,,,,,,,,,,,,,,,,,,,,,,
rsg_object_detection,frame_trace,2671,rsg_20260806_174_654899999_002671,sent_to_hydra,,,,,,,,,,,588.8211990095442,ok,19.78804499958642,560.0320270023076,5.419268010882661,0.15907200577203184,5.260196005110629,0.003007997293025255,2.2576979972654954,0.22851199901197106,290.0758459873032,14.11553000798449,0.006144007784314454,304.42603200208396,95.78227299789432,28.956180991372094,3.8070120062911883,38.36229699663818,23.782959004165605,89.41253898956347,4.017987012048252,0.7703679875703529,0.5784650129498914,1.3226570008555427,0.5554240051424131,0.004768007784150541,192.46182500501163,6.727269006660208,0.7585920102428645,53.34883499017451,0.0517759908689186,11.265031003858894,10.540294999373145,0.1136960054282099,0.6110399990575388,7.798596998327412,0.7201929984148592,0.0042239989852532744,3.5788509994745255,8,0,8,0,0,,,,,,,,,,,,,,
rsg_object_detection,dropped_oldest,2684,rsg_20260806_175_354899999_002684,dropped,True,fifo_cached_frame,2665,283,0,2380,283,0,1,0.0,59.06615099229384,frame_fifo_full,,,,,,,,,,,,,,,,,,,,,,,,,,,,,,,,,,,,,,,,,,,,,,,,,,,,,,,,
rsg_object_detection,dropped_oldest,2685,rsg_20260806_175_404899999_002685,dropped,True,fifo_cached_frame,2666,283,0,2381,283,0,1,0.0,40.36287400231231,frame_fifo_full,,,,,,,,,,,,,,,,,,,,,,,,,,,,,,,,,,,,,,,,,,,,,,,,,,,,,,,,
rsg_object_detection,dropped_oldest,2686,rsg_20260806_175_454900000_002686,dropped,True,fifo_cached_frame,2667,283,0,2382,283,0,1,0.0,49.39696101064328,frame_fifo_full,,,,,,,,,,,,,,,,,,,,,,,,,,,,,,,,,,,,,,,,,,,,,,,,,,,,,,,,
rsg_object_detection,dropped_oldest,2687,rsg_20260806_175_504899999_002687,dropped,True,fifo_cached_frame,2668,283,0,2383,283,0,1,0.0,49.6600010083057,frame_fifo_full,,,,,,,,,,,,,,,,,,,,,,,,,,,,,,,,,,,,,,,,,,,,,,,,,,,,,,,,
rsg_object_detection,dropped_oldest,2688,rsg_20260806_175_554900000_002688,dropped,True,fifo_cached_frame,2669,283,0,2384,283,0,1,0.0,50.29456099146046,frame_fifo_full,,,,,,,,,,,,,,,,,,,,,,,,,,,,,,,,,,,,,,,,,,,,,,,,,,,,,,,,
rsg_object_detection,dropped_oldest,2689,rsg_20260806_175_604899999_002689,dropped,True,fifo_cached_frame,2670,283,0,2385,283,0,1,0.0,51.68278599740006,frame_fifo_full,,,,,,,,,,,,,,,,,,,,,,,,,,,,,,,,,,,,,,,,,,,,,,,,,,,,,,,,
rsg_object_detection,dropped_oldest,2690,rsg_20260806_175_654899999_002690,dropped,True,fifo_cached_frame,2671,283,0,2386,283,0,1,0.0,153.6309819930466,frame_fifo_full,,,,,,,,,,,,,,,,,,,,,,,,,,,,,,,,,,,,,,,,,,,,,,,,,,,,,,,,
rsg_object_detection,dropped_oldest,2691,rsg_20260806_175_754899999_002691,dropped,True,fifo_cached_frame,2672,283,0,2387,283,0,1,0.0,4.525027005001903,frame_fifo_full,,,,,,,,,,,,,,,,,,,,,,,,,,,,,,,,,,,,,,,,,,,,,,,,,,,,,,,,
rsg_object_detection,dropped_oldest,2692,rsg_20260806_175_804900000_002692,dropped,True,fifo_cached_frame,2673,283,0,2388,283,0,1,0.0,69.74651099881157,frame_fifo_full,,,,,,,,,,,,,,,,,,,,,,,,,,,,,,,,,,,,,,,,,,,,,,,,,,,,,,,,
rsg_object_detection,frame_trace,2683,rsg_20260806_175_254899999_002683,sent_to_hydra,,,,,,,,,,,643.9256420126185,ok,11.306119005894288,585.216738996678,43.997373009915464,0.14684800407849252,43.85052500583697,0.0038720027077943087,1.2482250022003427,0.29926400748081505,288.97916700225323,24.7654889972182,0.007551992894150317,314.0514719998464,114.15930700604804,33.502613005111925,5.62122200790327,46.63324599096086,27.650738004012965,94.55695899669081,3.9471380441682413,0.9637760085752234,0.32905694388318807,1.513985000201501,0.3788169997278601,0.005152003723196685,215.87169500708114,3.284610007540323,0.17408000712748617,50.52627300028689,0.06038397259544581,6.874500002595596,6.224259996088222,0.1026880054268986,0.5475520010804757,3.6423389974515885,0.7823359919711947,0.00694401387590915,3.4015389974229038,8,0,8,0,0,,,,,,,,,,,,,,
rsg_object_detection,dropped_oldest,2694,rsg_20260806_175_904899999_002694,dropped,True,fifo_cached_frame,2675,284,0,2389,284,0,1,0.0,15.382857993245125,frame_fifo_full,,,,,,,,,,,,,,,,,,,,,,,,,,,,,,,,,,,,,,,,,,,,,,,,,,,,,,,,
rsg_object_detection,dropped_oldest,2695,rsg_20260806_175_954900000_002695,dropped,True,fifo_cached_frame,2676,284,0,2390,284,0,1,0.0,48.391264004749246,frame_fifo_full,,,,,,,,,,,,,,,,,,,,,,,,,,,,,,,,,,,,,,,,,,,,,,,,,,,,,,,,
rsg_object_detection,dropped_oldest,2696,rsg_20260806_176_004899999_002696,dropped,True,fifo_cached_frame,2677,284,0,2391,284,0,1,0.0,102.15974600578193,frame_fifo_full,,,,,,,,,,,,,,,,,,,,,,,,,,,,,,,,,,,,,,,,,,,,,,,,,,,,,,,,
rsg_object_detection,dropped_oldest,2697,rsg_20260806_176_104899999_002697,dropped,True,fifo_cached_frame,2678,284,0,2392,284,0,1,0.0,51.471744998707436,frame_fifo_full,,,,,,,,,,,,,,,,,,,,,,,,,,,,,,,,,,,,,,,,,,,,,,,,,,,,,,,,
rsg_object_detection,dropped_oldest,2698,rsg_20260806_176_154899999_002698,dropped,True,fifo_cached_frame,2679,284,0,2393,284,0,1,0.0,56.987172007211484,frame_fifo_full,,,,,,,,,,,,,,,,,,,,,,,,,,,,,,,,,,,,,,,,,,,,,,,,,,,,,,,,
rsg_object_detection,dropped_oldest,2699,rsg_20260806_176_204900000_002699,dropped,True,fifo_cached_frame,2680,284,0,2394,284,0,1,0.0,40.22940200229641,frame_fifo_full,,,,,,,,,,,,,,,,,,,,,,,,,,,,,,,,,,,,,,,,,,,,,,,,,,,,,,,,
rsg_object_detection,dropped_oldest,2700,rsg_20260806_176_254899999_002700,dropped,True,fifo_cached_frame,2681,284,0,2395,284,0,1,0.0,130.4625150078209,frame_fifo_full,,,,,,,,,,,,,,,,,,,,,,,,,,,,,,,,,,,,,,,,,,,,,,,,,,,,,,,,
rsg_object_detection,dropped_oldest,2701,rsg_20260806_176_304900000_002701,dropped,True,fifo_cached_frame,2682,284,0,2396,284,0,1,0.0,48.78454300342128,frame_fifo_full,,,,,,,,,,,,,,,,,,,,,,,,,,,,,,,,,,,,,,,,,,,,,,,,,,,,,,,,
rsg_object_detection,dropped_oldest,2702,rsg_20260806_176_354899999_002702,dropped,True,fifo_cached_frame,2683,284,0,2397,284,0,1,0.0,3.7165779940551147,frame_fifo_full,,,,,,,,,,,,,,,,,,,,,,,,,,,,,,,,,,,,,,,,,,,,,,,,,,,,,,,,
rsg_object_detection,dropped_oldest,2703,rsg_20260806_176_404899999_002703,dropped,True,fifo_cached_frame,2684,284,0,2398,284,0,1,0.0,20.622541007469408,frame_fifo_full,,,,,,,,,,,,,,,,,,,,,,,,,,,,,,,,,,,,,,,,,,,,,,,,,,,,,,,,
rsg_object_detection,dropped_oldest,2704,rsg_20260806_176_454900000_002704,dropped,True,fifo_cached_frame,2685,284,0,2399,284,0,1,0.0,64.60532199707814,frame_fifo_full,,,,,,,,,,,,,,,,,,,,,,,,,,,,,,,,,,,,,,,,,,,,,,,,,,,,,,,,
rsg_object_detection,frame_trace,2693,rsg_20260806_175_854899999_002693,sent_to_hydra,,,,,,,,,,,649.4492829951923,ok,16.046025994000956,573.4295209986158,52.11302699171938,0.1846410013968125,51.92838599032257,0.0036159908631816506,2.163362005376257,0.29161600104998797,285.7618489942979,29.93176299787592,0.009440002031624317,315.99466799525544,81.45918801892549,18.845577971660532,12.87306600715965,29.06382697983645,19.922093008062802,107.48643700208049,5.246628003078513,5.929699007538147,0.45439996756613255,1.5758730005472898,0.6892800010973588,0.005120004061609507,202.8702729876386,5.268483990221284,0.1668479962972924,46.91123000520747,0.054656018619425595,11.962791002588347,11.285991000477225,0.0961279874900356,0.5806720146210864,3.407075011637062,0.6708799919579178,0.005279987817630172,7.857093019993044,8,0,8,0,0,,,,,,,,,,,,,,
rsg_object_detection,dropped_oldest,2706,rsg_20260806_176_554900000_002706,dropped,True,fifo_cached_frame,2687,285,0,2400,285,0,1,0.0,134.7239260066999,frame_fifo_full,,,,,,,,,,,,,,,,,,,,,,,,,,,,,,,,,,,,,,,,,,,,,,,,,,,,,,,,
rsg_object_detection,dropped_oldest,2707,rsg_20260806_176_704900000_002707,dropped,True,fifo_cached_frame,2688,285,0,2401,285,0,1,0.0,105.32253100245725,frame_fifo_full,,,,,,,,,,,,,,,,,,,,,,,,,,,,,,,,,,,,,,,,,,,,,,,,,,,,,,,,
rsg_object_detection,dropped_oldest,2708,rsg_20260806_176_804900000_002708,dropped,True,fifo_cached_frame,2689,285,0,2402,285,0,1,0.0,46.19615800038446,frame_fifo_full,,,,,,,,,,,,,,,,,,,,,,,,,,,,,,,,,,,,,,,,,,,,,,,,,,,,,,,,
rsg_object_detection,dropped_oldest,2709,rsg_20260806_176_854899999_002709,dropped,True,fifo_cached_frame,2690,285,0,2403,285,0,1,0.0,159.9511100066593,frame_fifo_full,,,,,,,,,,,,,,,,,,,,,,,,,,,,,,,,,,,,,,,,,,,,,,,,,,,,,,,,
rsg_object_detection,dropped_oldest,2710,rsg_20260806_176_904899999_002710,dropped,True,fifo_cached_frame,2691,285,0,2404,285,0,1,0.0,11.366343009285629,frame_fifo_full,,,,,,,,,,,,,,,,,,,,,,,,,,,,,,,,,,,,,,,,,,,,,,,,,,,,,,,,
rsg_object_detection,dropped_oldest,2711,rsg_20260806_177_004899999_002711,dropped,True,fifo_cached_frame,2692,285,0,2405,285,0,1,0.0,81.7724030057434,frame_fifo_full,,,,,,,,,,,,,,,,,,,,,,,,,,,,,,,,,,,,,,,,,,,,,,,,,,,,,,,,
rsg_object_detection,dropped_oldest,2712,rsg_20260806_177_104899999_002712,dropped,True,fifo_cached_frame,2693,285,0,2406,285,0,1,0.0,70.16308300080709,frame_fifo_full,,,,,,,,,,,,,,,,,,,,,,,,,,,,,,,,,,,,,,,,,,,,,,,,,,,,,,,,
rsg_object_detection,frame_trace,2705,rsg_20260806_176_504899999_002705,sent_to_hydra,,,,,,,,,,,666.9227910024347,ok,13.628999993670732,606.4067840052303,44.21218900824897,0.16320100985467434,44.048987998394296,0.002720000338740647,5.966979995719157,0.23705599596723914,286.23877398786135,16.43194700591266,0.007200011168606579,302.91497700090986,159.96342999278568,31.898997025564313,9.068869025213644,71.9979989953572,46.11542100610677,84.95637300075032,3.5162579733878374,0.8192649984266609,0.35721603489946574,1.31625599169638,0.5267529923003167,0.0043199979700148106,251.47590300184675,4.7754270053701475,0.12332800542935729,41.10290500102565,0.047263994929380715,9.23827699443791,8.592069003498182,0.09488000068813562,0.5513279902515933,3.7121950008440763,0.673343995003961,0.005184003384783864,2.6720979949459434,8,0,7,0,0,,,,,,,,,,,,,,
rsg_object_detection,,844,rsg_20260806_59_254880000_000844,vlm_failed,,,,,,,,,,,,"{""label"":""unknown_object"",""label_confidence"":0.0,""mobility_class"":""unknown"",""mobility_confidence"":0.0}",,,,,,,,,,,,,,,,,,,,,,,,,,,,,,,,,,,,,,,,,,,rsg_obj_000101,rsg_unknown_rsg_20260806_59_254880000_000844_004_nanosam_003,,,3,0.5740328854911955,unknown_object,0.0,unknown,0.0,4295.2954650099855,113354.05604900734,qwen_http,Qwen3-VL-8B-Instruct-GGUF
rsg_object_detection,completed,844,rsg_20260806_59_254880000_000844,,,,,,,,,,,109058.75789599668,,vlm_failed,,,,,,,,,,,,,,,,,,,,,,,,,,,,,,,,,,,,,,,,,,,rsg_obj_000101,rsg_unknown_rsg_20260806_59_254880000_000844_004_nanosam_003,92,300,3,0.5740328854911955,,,,,,,,
rsg_object_detection,dequeued,911,rsg_20260806_63_654879999_000911,,,,,,,,,,,113009.08252500813,,fifo_order,,,,,,,,,,,,,,,,,,,,,,,,,,,,,,,,,,,,,,,,,,,rsg_obj_000091,rsg_unknown_rsg_20260806_63_654879999_000911_001_nanosam_003,91,300,4,0.5309051700707251,,,,,,,,
rsg_object_detection,dropped_oldest,2714,rsg_20260806_177_254899999_002714,dropped,True,fifo_cached_frame,2695,286,0,2407,286,0,1,0.0,85.44398899539374,frame_fifo_full,,,,,,,,,,,,,,,,,,,,,,,,,,,,,,,,,,,,,,,,,,,,,,,,,,,,,,,,
rsg_object_detection,dropped_oldest,2715,rsg_20260806_177_354899999_002715,dropped,True,fifo_cached_frame,2696,286,0,2408,286,0,1,0.0,53.11212899687234,frame_fifo_full,,,,,,,,,,,,,,,,,,,,,,,,,,,,,,,,,,,,,,,,,,,,,,,,,,,,,,,,
rsg_object_detection,dropped_oldest,2716,rsg_20260806_177_404899999_002716,dropped,True,fifo_cached_frame,2697,286,0,2409,286,0,1,0.0,48.90246200375259,frame_fifo_full,,,,,,,,,,,,,,,,,,,,,,,,,,,,,,,,,,,,,,,,,,,,,,,,,,,,,,,,
rsg_object_detection,dropped_oldest,2717,rsg_20260806_177_454900000_002717,dropped,True,fifo_cached_frame,2698,286,0,2410,286,0,1,0.0,120.22397799592,frame_fifo_full,,,,,,,,,,,,,,,,,,,,,,,,,,,,,,,,,,,,,,,,,,,,,,,,,,,,,,,,
rsg_object_detection,dropped_oldest,2718,rsg_20260806_177_554900000_002718,dropped,True,fifo_cached_frame,2699,286,0,2411,286,0,1,0.0,54.44361799163744,frame_fifo_full,,,,,,,,,,,,,,,,,,,,,,,,,,,,,,,,,,,,,,,,,,,,,,,,,,,,,,,,
rsg_object_detection,dropped_oldest,2719,rsg_20260806_177_604899999_002719,dropped,True,fifo_cached_frame,2700,286,0,2412,286,0,1,0.0,24.566862994106486,frame_fifo_full,,,,,,,,,,,,,,,,,,,,,,,,,,,,,,,,,,,,,,,,,,,,,,,,,,,,,,,,
rsg_object_detection,dropped_oldest,2720,rsg_20260806_177_654899999_002720,dropped,True,fifo_cached_frame,2701,286,0,2413,286,0,1,0.0,63.21600699448027,frame_fifo_full,,,,,,,,,,,,,,,,,,,,,,,,,,,,,,,,,,,,,,,,,,,,,,,,,,,,,,,,
rsg_object_detection,dropped_oldest,2721,rsg_20260806_177_704900000_002721,dropped,True,fifo_cached_frame,2702,286,0,2414,287,0,1,0.0,48.16895700059831,frame_fifo_full,,,,,,,,,,,,,,,,,,,,,,,,,,,,,,,,,,,,,,,,,,,,,,,,,,,,,,,,
rsg_object_detection,frame_trace,2713,rsg_20260806_177_154899999_002713,sent_to_hydra,,,,,,,,,,,550.9974910091842,ok,14.59533700835891,494.4380000088131,38.57199200137984,0.1391039986629039,38.432888002716936,0.0050879898481070995,4.8025310097727925,0.3475520061329007,222.70624899829272,23.305358001380228,0.007968003046698868,246.36712700885255,79.3696489854483,17.069515990442596,4.804898009751923,37.02712700760458,19.937996010412462,93.38309698796365,3.6632029950851575,0.8335040183737874,0.3185920068062842,1.3940169883426279,0.717025002813898,0.00553599966224283,179.70465500548016,11.803271001554094,0.1374080020468682,51.580447994638234,0.04255998646840453,9.42925400158856,8.790628999122418,0.09820899867918342,0.5404160037869588,4.372417999547906,0.7871370034990832,0.006528003723360598,3.387074000784196,8,0,7,0,0,,,,,,,,,,,,,,
rsg_object_detection,dropped_oldest,2723,rsg_20260806_177_854899999_002723,dropped,True,fifo_cached_frame,2704,287,0,2415,287,0,1,0.0,61.914085992611945,frame_fifo_full,,,,,,,,,,,,,,,,,,,,,,,,,,,,,,,,,,,,,,,,,,,,,,,,,,,,,,,,
rsg_object_detection,dropped_oldest,2724,rsg_20260806_177_904899999_002724,dropped,True,fifo_cached_frame,2705,287,0,2416,287,0,1,0.0,41.719546003150754,frame_fifo_full,,,,,,,,,,,,,,,,,,,,,,,,,,,,,,,,,,,,,,,,,,,,,,,,,,,,,,,,
rsg_object_detection,dropped_oldest,2725,rsg_20260806_177_954900000_002725,dropped,True,fifo_cached_frame,2706,287,0,2417,287,0,1,0.0,47.23586900217924,frame_fifo_full,,,,,,,,,,,,,,,,,,,,,,,,,,,,,,,,,,,,,,,,,,,,,,,,,,,,,,,,
rsg_object_detection,dropped_oldest,2726,rsg_20260806_178_004899999_002726,dropped,True,fifo_cached_frame,2707,287,0,2418,287,0,1,0.0,101.1191650031833,frame_fifo_full,,,,,,,,,,,,,,,,,,,,,,,,,,,,,,,,,,,,,,,,,,,,,,,,,,,,,,,,
rsg_object_detection,dropped_oldest,2727,rsg_20260806_178_104899999_002727,dropped,True,fifo_cached_frame,2708,287,0,2419,287,0,1,0.0,71.99463500001002,frame_fifo_full,,,,,,,,,,,,,,,,,,,,,,,,,,,,,,,,,,,,,,,,,,,,,,,,,,,,,,,,
rsg_object_detection,dropped_oldest,2728,rsg_20260806_178_154899999_002728,dropped,True,fifo_cached_frame,2709,287,0,2420,287,0,1,0.0,55.064960004528984,frame_fifo_full,,,,,,,,,,,,,,,,,,,,,,,,,,,,,,,,,,,,,,,,,,,,,,,,,,,,,,,,
rsg_object_detection,dropped_oldest,2729,rsg_20260806_178_204900000_002729,dropped,True,fifo_cached_frame,2710,287,0,2421,287,0,1,0.0,65.87399101408664,frame_fifo_full,,,,,,,,,,,,,,,,,,,,,,,,,,,,,,,,,,,,,,,,,,,,,,,,,,,,,,,,
rsg_object_detection,dropped_oldest,2730,rsg_20260806_178_254899999_002730,dropped,True,fifo_cached_frame,2711,287,0,2422,287,0,1,0.0,60.424963987316005,frame_fifo_full,,,,,,,,,,,,,,,,,,,,,,,,,,,,,,,,,,,,,,,,,,,,,,,,,,,,,,,,
rsg_object_detection,dropped_oldest,2731,rsg_20260806_178_354899999_002731,dropped,True,fifo_cached_frame,2712,287,0,2423,287,0,1,0.0,71.10509800259024,frame_fifo_full,,,,,,,,,,,,,,,,,,,,,,,,,,,,,,,,,,,,,,,,,,,,,,,,,,,,,,,,
rsg_object_detection,frame_trace,2722,rsg_20260806_177_754899999_002722,sent_to_hydra,,,,,,,,,,,673.486262006918,ok,13.264168010209687,649.2555589939002,7.4740849959198385,0.1536960044177249,7.320388991502114,0.003007997293025255,1.7249609954888,0.24310400476679206,300.8294970059069,34.062483988236636,0.10259200644213706,335.23767700535245,145.89704599347897,42.158041018410586,6.784227982279845,70.6361070042476,25.551788989105262,93.12194399535656,3.742689994396642,0.37785599124617875,0.36105602339375764,1.2529609957709908,0.5434880004031584,0.004352012183517218,245.31889699574094,10.562438008491881,0.1691530051175505,56.18998499994632,0.05244798376224935,8.917029001167975,8.265797005151398,0.08671999967191368,0.5645119963446632,3.6518739943858236,0.6905930058564991,0.004672008799389005,3.4894420095952228,8,0,7,0,0,,,,,,,,,,,,,,
rsg_object_detection,dropped_oldest,2733,rsg_20260806_178_504899999_002733,dropped,True,fifo_cached_frame,2714,288,0,2424,288,0,1,0.0,51.25401500845328,frame_fifo_full,,,,,,,,,,,,,,,,,,,,,,,,,,,,,,,,,,,,,,,,,,,,,,,,,,,,,,,,
rsg_object_detection,dropped_oldest,2734,rsg_20260806_178_554900000_002734,dropped,True,fifo_cached_frame,2715,288,0,2425,288,0,1,0.0,51.19283001113217,frame_fifo_full,,,,,,,,,,,,,,,,,,,,,,,,,,,,,,,,,,,,,,,,,,,,,,,,,,,,,,,,
rsg_object_detection,dropped_oldest,2735,rsg_20260806_178_604899999_002735,dropped,True,fifo_cached_frame,2716,288,0,2426,288,0,1,0.0,46.90614000719506,frame_fifo_full,,,,,,,,,,,,,,,,,,,,,,,,,,,,,,,,,,,,,,,,,,,,,,,,,,,,,,,,
rsg_object_detection,dropped_oldest,2736,rsg_20260806_178_654899999_002736,dropped,True,fifo_cached_frame,2717,288,0,2427,288,0,1,0.0,51.10847900505178,frame_fifo_full,,,,,,,,,,,,,,,,,,,,,,,,,,,,,,,,,,,,,,,,,,,,,,,,,,,,,,,,
rsg_object_detection,dropped_oldest,2737,rsg_20260806_178_704900000_002737,dropped,True,fifo_cached_frame,2718,288,0,2428,288,0,1,0.0,101.29970801062882,frame_fifo_full,,,,,,,,,,,,,,,,,,,,,,,,,,,,,,,,,,,,,,,,,,,,,,,,,,,,,,,,
rsg_object_detection,dropped_oldest,2738,rsg_20260806_178_804900000_002738,dropped,True,fifo_cached_frame,2719,288,0,2429,288,0,1,0.0,63.4153970022453,frame_fifo_full,,,,,,,,,,,,,,,,,,,,,,,,,,,,,,,,,,,,,,,,,,,,,,,,,,,,,,,,
rsg_object_detection,dropped_oldest,2739,rsg_20260806_178_854899999_002739,dropped,True,fifo_cached_frame,2720,288,0,2430,288,0,1,0.0,99.65929099416826,frame_fifo_full,,,,,,,,,,,,,,,,,,,,,,,,,,,,,,,,,,,,,,,,,,,,,,,,,,,,,,,,
rsg_object_detection,dropped_oldest,2740,rsg_20260806_178_904899999_002740,dropped,True,fifo_cached_frame,2721,288,0,2431,288,0,1,0.0,8.798437003861181,frame_fifo_full,,,,,,,,,,,,,,,,,,,,,,,,,,,,,,,,,,,,,,,,,,,,,,,,,,,,,,,,
rsg_object_detection,dropped_oldest,2741,rsg_20260806_178_954900000_002741,dropped,True,fifo_cached_frame,2722,288,0,2432,289,0,1,0.0,168.03318601159845,frame_fifo_full,,,,,,,,,,,,,,,,,,,,,,,,,,,,,,,,,,,,,,,,,,,,,,,,,,,,,,,,
rsg_object_detection,frame_trace,2732,rsg_20260806_178_404899999_002732,sent_to_hydra,,,,,,,,,,,676.8756310048047,ok,14.302184004918672,606.8709500104887,51.13071799860336,0.1386560034006834,50.992061995202675,0.0035199918784201145,1.192736002849415,0.2619520091684535,292.1814530127449,26.313616006518714,0.008799979696050286,318.7658210081281,100.35004299425054,24.437550018774346,10.431301998323761,34.327796020079404,29.313329010619782,115.5878129939083,3.9583070029038936,0.8636800048407167,0.40457599970977753,1.4177929988363758,0.5867519939783961,0.004895991878584027,223.19325200805906,6.583523994777352,0.13136000779923052,56.95846500748303,0.04579198139254004,7.96838900714647,7.214723998913541,0.137055991217494,0.6166090170154348,5.400131005444564,0.9277759963879362,0.005887995939701796,4.568258998915553,8,0,7,0,0,,,,,,,,,,,,,,
rsg_object_detection,dropped_oldest,2743,rsg_20260806_179_154899999_002743,dropped,True,fifo_cached_frame,2724,289,0,2433,289,0,1,0.0,47.68917900219094,frame_fifo_full,,,,,,,,,,,,,,,,,,,,,,,,,,,,,,,,,,,,,,,,,,,,,,,,,,,,,,,,
rsg_object_detection,dropped_oldest,2744,rsg_20260806_179_204900000_002744,dropped,True,fifo_cached_frame,2725,289,0,2434,289,0,1,0.0,50.817212992114946,frame_fifo_full,,,,,,,,,,,,,,,,,,,,,,,,,,,,,,,,,,,,,,,,,,,,,,,,,,,,,,,,
rsg_object_detection,dropped_oldest,2745,rsg_20260806_179_254899999_002745,dropped,True,fifo_cached_frame,2726,289,0,2435,289,0,1,0.0,52.882973992382176,frame_fifo_full,,,,,,,,,,,,,,,,,,,,,,,,,,,,,,,,,,,,,,,,,,,,,,,,,,,,,,,,
rsg_object_detection,dropped_oldest,2746,rsg_20260806_179_304900000_002746,dropped,True,fifo_cached_frame,2727,289,0,2436,289,0,1,0.0,49.2859160003718,frame_fifo_full,,,,,,,,,,,,,,,,,,,,,,,,,,,,,,,,,,,,,,,,,,,,,,,,,,,,,,,,
rsg_object_detection,dropped_oldest,2747,rsg_20260806_179_354899999_002747,dropped,True,fifo_cached_frame,2728,289,0,2437,289,0,1,0.0,48.9229719969444,frame_fifo_full,,,,,,,,,,,,,,,,,,,,,,,,,,,,,,,,,,,,,,,,,,,,,,,,,,,,,,,,
rsg_object_detection,dropped_oldest,2748,rsg_20260806_179_404899999_002748,dropped,True,fifo_cached_frame,2729,289,0,2438,289,0,1,0.0,49.39052400004584,frame_fifo_full,,,,,,,,,,,,,,,,,,,,,,,,,,,,,,,,,,,,,,,,,,,,,,,,,,,,,,,,
rsg_object_detection,dropped_oldest,2749,rsg_20260806_179_454900000_002749,dropped,True,fifo_cached_frame,2730,289,0,2439,289,0,1,0.0,64.29097999352962,frame_fifo_full,,,,,,,,,,,,,,,,,,,,,,,,,,,,,,,,,,,,,,,,,,,,,,,,,,,,,,,,
rsg_object_detection,dropped_oldest,2750,rsg_20260806_179_504899999_002750,dropped,True,fifo_cached_frame,2731,289,0,2440,289,0,1,0.0,214.98850599164143,frame_fifo_full,,,,,,,,,,,,,,,,,,,,,,,,,,,,,,,,,,,,,,,,,,,,,,,,,,,,,,,,
rsg_object_detection,dropped_oldest,2751,rsg_20260806_179_554900000_002751,dropped,True,fifo_cached_frame,2732,289,0,2441,289,0,1,0.0,8.859620997100137,frame_fifo_full,,,,,,,,,,,,,,,,,,,,,,,,,,,,,,,,,,,,,,,,,,,,,,,,,,,,,,,,
rsg_object_detection,dropped_oldest,2752,rsg_20260806_179_654899999_002752,dropped,True,fifo_cached_frame,2733,289,0,2442,289,0,1,0.0,24.258158009615727,frame_fifo_full,,,,,,,,,,,,,,,,,,,,,,,,,,,,,,,,,,,,,,,,,,,,,,,,,,,,,,,,
rsg_object_detection,dropped_oldest,2753,rsg_20260806_179_704900000_002753,dropped,True,fifo_cached_frame,2734,289,0,2443,289,0,1,0.0,3.4063380007864907,frame_fifo_full,,,,,,,,,,,,,,,,,,,,,,,,,,,,,,,,,,,,,,,,,,,,,,,,,,,,,,,,
rsg_object_detection,dropped_oldest,2754,rsg_20260806_179_754899999_002754,dropped,True,fifo_cached_frame,2735,289,0,2444,289,0,1,0.0,84.16385600867216,frame_fifo_full,,,,,,,,,,,,,,,,,,,,,,,,,,,,,,,,,,,,,,,,,,,,,,,,,,,,,,,,
rsg_object_detection,frame_trace,2742,rsg_20260806_179_104899999_002742,sent_to_hydra,,,,,,,,,,,719.8350329999812,ok,14.190407993737608,693.4939619968645,7.797668004059233,0.15795200306456536,7.639716000994667,0.003039996954612434,5.793443007860333,0.3317119990242645,282.0684809994418,21.213739993982017,0.007007998647168279,303.62094099109527,188.14311501046177,38.07096497621387,12.061672983691096,98.88050198787823,38.14872603106778,132.16388299770188,2.932737013907172,0.48992100346367806,0.2872639743145555,1.1125449964310974,0.62790400988888,0.005216003046371043,325.7798010017723,5.929571998422034,0.20345600205473602,52.123485002084635,0.04326399357523769,9.565828993800096,8.912004996091127,0.10240000847261399,0.5514239892363548,4.012450997834094,0.6061439926270396,0.00598400947637856,4.349955008365214,8,0,6,0,0,,,,,,,,,,,,,,
rsg_object_detection,dropped_oldest,2756,rsg_20260806_179_954900000_002756,dropped,True,fifo_cached_frame,2737,290,0,2445,290,0,1,0.0,48.65205999522004,frame_fifo_full,,,,,,,,,,,,,,,,,,,,,,,,,,,,,,,,,,,,,,,,,,,,,,,,,,,,,,,,
rsg_object_detection,dropped_oldest,2757,rsg_20260806_180_004899999_002757,dropped,True,fifo_cached_frame,2738,290,0,2446,290,0,1,0.0,102.89532100432552,frame_fifo_full,,,,,,,,,,,,,,,,,,,,,,,,,,,,,,,,,,,,,,,,,,,,,,,,,,,,,,,,
rsg_object_detection,dropped_oldest,2758,rsg_20260806_180_104899999_002758,dropped,True,fifo_cached_frame,2739,290,0,2447,290,0,1,0.0,50.679163992754184,frame_fifo_full,,,,,,,,,,,,,,,,,,,,,,,,,,,,,,,,,,,,,,,,,,,,,,,,,,,,,,,,
rsg_object_detection,dropped_oldest,2759,rsg_20260806_180_154899999_002759,dropped,True,fifo_cached_frame,2740,290,0,2448,290,0,1,0.0,50.0346199987689,frame_fifo_full,,,,,,,,,,,,,,,,,,,,,,,,,,,,,,,,,,,,,,,,,,,,,,,,,,,,,,,,
rsg_object_detection,dropped_oldest,2760,rsg_20260806_180_204900000_002760,dropped,True,fifo_cached_frame,2741,290,0,2449,290,0,1,0.0,184.19949201052077,frame_fifo_full,,,,,,,,,,,,,,,,,,,,,,,,,,,,,,,,,,,,,,,,,,,,,,,,,,,,,,,,
rsg_object_detection,dropped_oldest,2761,rsg_20260806_180_354899999_002761,dropped,True,fifo_cached_frame,2742,290,0,2450,290,0,1,0.0,37.23419700691011,frame_fifo_full,,,,,,,,,,,,,,,,,,,,,,,,,,,,,,,,,,,,,,,,,,,,,,,,,,,,,,,,
rsg_object_detection,dropped_oldest,2762,rsg_20260806_180_404899999_002762,dropped,True,fifo_cached_frame,2743,290,0,2451,290,0,1,0.0,83.73335799842607,frame_fifo_full,,,,,,,,,,,,,,,,,,,,,,,,,,,,,,,,,,,,,,,,,,,,,,,,,,,,,,,,
rsg_object_detection,dropped_oldest,2763,rsg_20260806_180_454900000_002763,dropped,True,fifo_cached_frame,2744,290,0,2452,290,0,1,0.0,9.221157000865787,frame_fifo_full,,,,,,,,,,,,,,,,,,,,,,,,,,,,,,,,,,,,,,,,,,,,,,,,,,,,,,,,
rsg_object_detection,frame_trace,2755,rsg_20260806_179_804900000_002755,sent_to_hydra,,,,,,,,,,,676.6077659995062,ok,13.953224013675936,610.1810730033321,48.34825098805595,0.20614398817997426,48.14210699987598,0.0034560071071609855,1.8579850002424791,0.2162249875254929,318.5174250102136,23.929613002110273,0.008031987817957997,342.67129498766735,80.12462002807297,20.894378001685254,5.148291005752981,32.34641801100224,21.021772976382636,110.88866800128017,4.031809992738999,0.8829450089251623,0.3401599678909406,1.4643850008724257,0.4458559997146949,0.00624000676907599,198.2032439991599,4.765154997585341,0.2005119895329699,62.4335059983423,0.04937603080179542,9.154692990705371,8.563012990634888,0.09113601117860526,0.5005439888918772,3.981314002885483,0.8117129909805954,0.005504029104486108,4.121761987335049,8,0,8,0,0,,,,,,,,,,,,,,
rsg_object_detection,dropped_oldest,2765,rsg_20260806_180_604899999_002765,dropped,True,fifo_cached_frame,2746,291,0,2453,291,0,1,0.0,36.694772003102116,frame_fifo_full,,,,,,,,,,,,,,,,,,,,,,,,,,,,,,,,,,,,,,,,,,,,,,,,,,,,,,,,
rsg_object_detection,dropped_oldest,2766,rsg_20260806_180_654899999_002766,dropped,True,fifo_cached_frame,2747,291,0,2454,291,0,1,0.0,101.370616001077,frame_fifo_full,,,,,,,,,,,,,,,,,,,,,,,,,,,,,,,,,,,,,,,,,,,,,,,,,,,,,,,,
rsg_object_detection,dropped_oldest,2767,rsg_20260806_180_754899999_002767,dropped,True,fifo_cached_frame,2748,291,0,2455,291,0,1,0.0,49.1233550128527,frame_fifo_full,,,,,,,,,,,,,,,,,,,,,,,,,,,,,,,,,,,,,,,,,,,,,,,,,,,,,,,,
rsg_object_detection,dropped_oldest,2768,rsg_20260806_180_804900000_002768,dropped,True,fifo_cached_frame,2749,291,0,2456,291,0,1,0.0,120.60681699949782,frame_fifo_full,,,,,,,,,,,,,,,,,,,,,,,,,,,,,,,,,,,,,,,,,,,,,,,,,,,,,,,,
rsg_object_detection,dropped_oldest,2769,rsg_20260806_180_904899999_002769,dropped,True,fifo_cached_frame,2750,291,0,2457,291,0,1,0.0,37.63515700120479,frame_fifo_full,,,,,,,,,,,,,,,,,,,,,,,,,,,,,,,,,,,,,,,,,,,,,,,,,,,,,,,,
rsg_object_detection,dropped_oldest,2770,rsg_20260806_180_954900000_002770,dropped,True,fifo_cached_frame,2751,291,0,2458,291,0,1,0.0,79.44218700868078,frame_fifo_full,,,,,,,,,,,,,,,,,,,,,,,,,,,,,,,,,,,,,,,,,,,,,,,,,,,,,,,,
rsg_object_detection,dropped_oldest,2771,rsg_20260806_181_004899999_002771,dropped,True,fifo_cached_frame,2752,291,0,2459,291,0,1,0.0,67.0772840094287,frame_fifo_full,,,,,,,,,,,,,,,,,,,,,,,,,,,,,,,,,,,,,,,,,,,,,,,,,,,,,,,,
rsg_object_detection,dropped_oldest,2772,rsg_20260806_181_104899999_002772,dropped,True,fifo_cached_frame,2753,291,0,2460,292,0,1,0.0,132.40915798814967,frame_fifo_full,,,,,,,,,,,,,,,,,,,,,,,,,,,,,,,,,,,,,,,,,,,,,,,,,,,,,,,,
rsg_object_detection,frame_trace,2764,rsg_20260806_180_504899999_002764,sent_to_hydra,,,,,,,,,,,683.1880499958061,ok,13.29111099767033,614.4719170115422,51.63180400268175,0.1389760000165552,51.49282800266519,0.003616005415096879,1.781088998541236,0.18742401152849197,273.6995739978738,22.643852003966458,0.006623988156206906,296.53747400152497,133.48167300864588,24.228844995377585,6.770147039787844,60.644768018391915,41.07378398475703,115.26345399033744,3.153216981445439,0.7613760099047795,0.32956899667624384,1.3054720038780943,0.7678410038352013,0.004351997631601989,255.08353000623174,5.790243012597784,0.14089600881561637,55.088732988224365,0.04995199560653418,7.73110800946597,7.063236000249162,0.09887998749036342,0.5689920217264444,4.82425800873898,0.7293769886018708,0.006367990863509476,3.7896019784966484,8,0,7,0,0,,,,,,,,,,,,,,
rsg_object_detection,dropped_oldest,2774,rsg_20260806_181_254899999_002774,dropped,True,fifo_cached_frame,2755,292,0,2461,292,0,1,0.0,38.31883599923458,frame_fifo_full,,,,,,,,,,,,,,,,,,,,,,,,,,,,,,,,,,,,,,,,,,,,,,,,,,,,,,,,
rsg_object_detection,dropped_oldest,2775,rsg_20260806_181_304900000_002775,dropped,True,fifo_cached_frame,2756,292,0,2462,292,0,1,0.0,52.86805900686886,frame_fifo_full,,,,,,,,,,,,,,,,,,,,,,,,,,,,,,,,,,,,,,,,,,,,,,,,,,,,,,,,
rsg_object_detection,dropped_oldest,2776,rsg_20260806_181_354899999_002776,dropped,True,fifo_cached_frame,2757,292,0,2463,292,0,1,0.0,99.9553159927018,frame_fifo_full,,,,,,,,,,,,,,,,,,,,,,,,,,,,,,,,,,,,,,,,,,,,,,,,,,,,,,,,
rsg_object_detection,dropped_oldest,2777,rsg_20260806_181_454900000_002777,dropped,True,fifo_cached_frame,2758,292,0,2464,292,0,1,0.0,48.42905000259634,frame_fifo_full,,,,,,,,,,,,,,,,,,,,,,,,,,,,,,,,,,,,,,,,,,,,,,,,,,,,,,,,
rsg_object_detection,dropped_oldest,2778,rsg_20260806_181_504899999_002778,dropped,True,fifo_cached_frame,2759,292,0,2465,292,0,1,0.0,61.5256319870241,frame_fifo_full,,,,,,,,,,,,,,,,,,,,,,,,,,,,,,,,,,,,,,,,,,,,,,,,,,,,,,,,
rsg_object_detection,dropped_oldest,2779,rsg_20260806_181_554900000_002779,dropped,True,fifo_cached_frame,2760,292,0,2466,292,0,1,0.0,60.97222400421742,frame_fifo_full,,,,,,,,,,,,,,,,,,,,,,,,,,,,,,,,,,,,,,,,,,,,,,,,,,,,,,,,
rsg_object_detection,dropped_oldest,2780,rsg_20260806_181_604899999_002780,dropped,True,fifo_cached_frame,2761,292,0,2467,292,0,1,0.0,34.34664200176485,frame_fifo_full,,,,,,,,,,,,,,,,,,,,,,,,,,,,,,,,,,,,,,,,,,,,,,,,,,,,,,,,
rsg_object_detection,dropped_oldest,2781,rsg_20260806_181_654899999_002781,dropped,True,fifo_cached_frame,2762,292,0,2468,292,0,1,0.0,42.474966001464054,frame_fifo_full,,,,,,,,,,,,,,,,,,,,,,,,,,,,,,,,,,,,,,,,,,,,,,,,,,,,,,,,
rsg_object_detection,dropped_oldest,2782,rsg_20260806_181_704900000_002782,dropped,True,fifo_cached_frame,2763,292,0,2469,292,0,1,0.0,103.42146198672708,frame_fifo_full,,,,,,,,,,,,,,,,,,,,,,,,,,,,,,,,,,,,,,,,,,,,,,,,,,,,,,,,
rsg_object_detection,frame_trace,2773,rsg_20260806_181_204900000_002773,sent_to_hydra,,,,,,,,,,,639.8939020000398,ok,11.011334005161189,618.6846430064179,7.718531996943057,0.16723200678825378,7.551299990154803,0.004703993909060955,3.412802005186677,0.6446720071835443,322.6180240017129,15.929736997350119,0.0073599949246272445,339.1997930011712,143.55514699127525,32.584560991381295,5.558851989917457,79.82899999478832,24.722093978198245,85.12033199076541,2.9071380267851055,1.0937610059045255,0.32911998277995735,1.2096639984520152,0.5910089967073873,0.005184003384783864,234.82847500417847,3.9483540022047237,0.1443840010324493,37.09720299229957,0.05363200034480542,6.340867999824695,5.7320350024383515,0.09241601219400764,0.5164169851923361,3.654369997093454,1.0103999957209453,0.005696012522093952,2.4746889976086095,8,0,6,0,0,,,,,,,,,,,,,,
rsg_object_detection,dropped_oldest,2784,rsg_20260806_181_904899999_002784,dropped,True,fifo_cached_frame,2765,293,0,2470,293,0,1,0.0,39.065140997990966,frame_fifo_full,,,,,,,,,,,,,,,,,,,,,,,,,,,,,,,,,,,,,,,,,,,,,,,,,,,,,,,,
rsg_object_detection,,911,rsg_20260806_63_654879999_000911,vlm_done,,,,,,,,,,,,ok,,,,,,,,,,,,,,,,,,,,,,,,,,,,,,,,,,,,,,,,,,,rsg_obj_000091,rsg_unknown_rsg_20260806_63_654879999_000911_001_nanosam_003,,,4,0.5309051700707251,file_cabinet,0.97,static,0.99,4679.182783991564,117688.26745300612,qwen_http,Qwen3-VL-8B-Instruct-GGUF
rsg_object_detection,completed,911,rsg_20260806_63_654879999_000911,,,,,,,,,,,113009.08252500813,,vlm_done,,,,,,,,,,,,,,,,,,,,,,,,,,,,,,,,,,,,,,,,,,,rsg_obj_000091,rsg_unknown_rsg_20260806_63_654879999_000911_001_nanosam_003,95,300,4,0.5309051700707251,,,,,,,,
rsg_object_detection,dropped_oldest,2785,rsg_20260806_181_954900000_002785,dropped,True,fifo_cached_frame,2766,293,0,2471,293,0,1,0.0,50.72169000050053,frame_fifo_full,,,,,,,,,,,,,,,,,,,,,,,,,,,,,,,,,,,,,,,,,,,,,,,,,,,,,,,,
rsg_object_detection,dequeued,884,rsg_20260806_61_904879999_000884,,,,,,,,,,,113965.61496300274,,fifo_order,,,,,,,,,,,,,,,,,,,,,,,,,,,,,,,,,,,,,,,,,,,rsg_obj_000106,rsg_unknown_rsg_20260806_61_904879999_000884_004_nanosam_008,94,300,1,0.4933526953205525,,,,,,,,
rsg_object_detection,dropped_oldest,2786,rsg_20260806_182_004899999_002786,dropped,True,fifo_cached_frame,2767,293,0,2472,293,0,1,0.0,100.70642000937369,frame_fifo_full,,,,,,,,,,,,,,,,,,,,,,,,,,,,,,,,,,,,,,,,,,,,,,,,,,,,,,,,
rsg_object_detection,dropped_oldest,2787,rsg_20260806_182_104899999_002787,dropped,True,fifo_cached_frame,2768,293,0,2473,293,0,1,0.0,55.40229901089333,frame_fifo_full,,,,,,,,,,,,,,,,,,,,,,,,,,,,,,,,,,,,,,,,,,,,,,,,,,,,,,,,
rsg_object_detection,dropped_oldest,2788,rsg_20260806_182_154899999_002788,dropped,True,fifo_cached_frame,2769,293,0,2474,293,0,1,0.0,61.83964699448552,frame_fifo_full,,,,,,,,,,,,,,,,,,,,,,,,,,,,,,,,,,,,,,,,,,,,,,,,,,,,,,,,
rsg_object_detection,dropped_oldest,2789,rsg_20260806_182_204900000_002789,dropped,True,fifo_cached_frame,2770,293,0,2475,293,0,1,0.0,75.44957399659324,frame_fifo_full,,,,,,,,,,,,,,,,,,,,,,,,,,,,,,,,,,,,,,,,,,,,,,,,,,,,,,,,
rsg_object_detection,dropped_oldest,2790,rsg_20260806_182_254899999_002790,dropped,True,fifo_cached_frame,2771,293,0,2476,293,0,1,0.0,79.10327099671122,frame_fifo_full,,,,,,,,,,,,,,,,,,,,,,,,,,,,,,,,,,,,,,,,,,,,,,,,,,,,,,,,
rsg_object_detection,frame_trace,2783,rsg_20260806_181_804900000_002783,sent_to_hydra,,,,,,,,,,,579.7059269971214,ok,12.76739798777271,462.39037899067625,100.92574800364673,0.12371200136840343,100.80203600227833,0.0042239989852532744,2.2768659982830286,0.2213120023952797,187.39363299391698,17.04698399407789,0.006912014214321971,204.66884100460447,86.77764399908483,14.651271994807757,4.158593015745282,48.74885699246079,18.622474002768286,105.24705999705475,3.1340820132754743,0.7916159811429679,0.29939200612716377,1.3470089907059446,0.45276799937710166,0.005376001354306936,198.07219500944484,2.777793997665867,0.16291200881823897,54.385915005696006,0.04585596616379917,8.57123600144405,7.919683994259685,0.11587199696805328,0.5356800102163106,3.5749460075749084,0.6157760071801022,0.005439971573650837,3.618178016040474,7,0,7,0,0,,,,,,,,,,,,,,
rsg_object_detection,dropped_oldest,2792,rsg_20260806_182_404899999_002792,dropped,True,fifo_cached_frame,2773,294,0,2477,294,0,1,0.0,27.500493990373798,frame_fifo_full,,,,,,,,,,,,,,,,,,,,,,,,,,,,,,,,,,,,,,,,,,,,,,,,,,,,,,,,
rsg_object_detection,dropped_oldest,2793,rsg_20260806_182_454900000_002793,dropped,True,fifo_cached_frame,2774,294,0,2478,294,0,1,0.0,148.53162599320058,frame_fifo_full,,,,,,,,,,,,,,,,,,,,,,,,,,,,,,,,,,,,,,,,,,,,,,,,,,,,,,,,
rsg_object_detection,dropped_oldest,2794,rsg_20260806_182_604899999_002794,dropped,True,fifo_cached_frame,2775,294,0,2479,294,0,1,0.0,111.42005599685945,frame_fifo_full,,,,,,,,,,,,,,,,,,,,,,,,,,,,,,,,,,,,,,,,,,,,,,,,,,,,,,,,
rsg_object_detection,dropped_oldest,2795,rsg_20260806_182_704900000_002795,dropped,True,fifo_cached_frame,2776,294,0,2480,294,0,1,0.0,56.85954799992032,frame_fifo_full,,,,,,,,,,,,,,,,,,,,,,,,,,,,,,,,,,,,,,,,,,,,,,,,,,,,,,,,
rsg_object_detection,dropped_oldest,2796,rsg_20260806_182_754899999_002796,dropped,True,fifo_cached_frame,2777,294,0,2481,294,0,1,0.0,33.68395300640259,frame_fifo_full,,,,,,,,,,,,,,,,,,,,,,,,,,,,,,,,,,,,,,,,,,,,,,,,,,,,,,,,
rsg_object_detection,dropped_oldest,2797,rsg_20260806_182_804900000_002797,dropped,True,fifo_cached_frame,2778,294,0,2482,294,0,1,0.0,159.63438399194274,frame_fifo_full,,,,,,,,,,,,,,,,,,,,,,,,,,,,,,,,,,,,,,,,,,,,,,,,,,,,,,,,
rsg_object_detection,frame_trace,2791,rsg_20260806_182_354899999_002791,sent_to_hydra,,,,,,,,,,,599.0199799998663,ok,13.387047001742758,534.5796269975835,48.205336002865806,0.1468800037400797,48.05845599912573,0.003487992216832936,5.638497998006642,0.2223679912276566,276.32084299693815,18.077480999636464,0.005472014890983701,294.62616400269326,102.86683498998173,17.85911197657697,4.2218899907311425,47.60069701296743,32.49003198288847,72.73728399013635,2.939490004791878,0.3694400074891746,0.2990079956362024,1.43104100425262,0.7700480055063963,0.004672008799389005,181.43727400456555,7.621796001330949,0.22470401017926633,44.98639098892454,0.0447999918833375,9.145668998826295,8.362148990272544,0.09231999865733087,0.6912000098964199,3.4920329926535487,0.7449289987562224,0.004416011506691575,2.844482005457394,7,0,7,0,0,,,,,,,,,,,,,,
rsg_object_detection,dropped_oldest,2799,rsg_20260806_183_004899999_002799,dropped,True,fifo_cached_frame,2780,295,0,2483,295,0,1,0.0,48.3100720011862,frame_fifo_full,,,,,,,,,,,,,,,,,,,,,,,,,,,,,,,,,,,,,,,,,,,,,,,,,,,,,,,,
rsg_object_detection,dropped_oldest,2800,rsg_20260806_183_054900000_002800,dropped,True,fifo_cached_frame,2781,295,0,2484,295,0,1,0.0,43.84053300600499,frame_fifo_full,,,,,,,,,,,,,,,,,,,,,,,,,,,,,,,,,,,,,,,,,,,,,,,,,,,,,,,,
rsg_object_detection,dropped_oldest,2801,rsg_20260806_183_104899999_002801,dropped,True,fifo_cached_frame,2782,295,0,2485,295,0,1,0.0,105.43592199974228,frame_fifo_full,,,,,,,,,,,,,,,,,,,,,,,,,,,,,,,,,,,,,,,,,,,,,,,,,,,,,,,,
rsg_object_detection,dropped_oldest,2802,rsg_20260806_183_204900000_002802,dropped,True,fifo_cached_frame,2783,295,0,2486,295,0,1,0.0,46.35599000903312,frame_fifo_full,,,,,,,,,,,,,,,,,,,,,,,,,,,,,,,,,,,,,,,,,,,,,,,,,,,,,,,,
rsg_object_detection,dropped_oldest,2803,rsg_20260806_183_254899999_002803,dropped,True,fifo_cached_frame,2784,295,0,2487,295,0,1,0.0,51.96098500164226,frame_fifo_full,,,,,,,,,,,,,,,,,,,,,,,,,,,,,,,,,,,,,,,,,,,,,,,,,,,,,,,,
rsg_object_detection,dropped_oldest,2804,rsg_20260806_183_304900000_002804,dropped,True,fifo_cached_frame,2785,295,0,2488,295,0,1,0.0,50.97349600691814,frame_fifo_full,,,,,,,,,,,,,,,,,,,,,,,,,,,,,,,,,,,,,,,,,,,,,,,,,,,,,,,,
rsg_object_detection,dropped_oldest,2805,rsg_20260806_183_354899999_002805,dropped,True,fifo_cached_frame,2786,295,0,2489,295,0,1,0.0,69.61417700222228,frame_fifo_full,,,,,,,,,,,,,,,,,,,,,,,,,,,,,,,,,,,,,,,,,,,,,,,,,,,,,,,,
rsg_object_detection,dropped_oldest,2806,rsg_20260806_183_404899999_002806,dropped,True,fifo_cached_frame,2787,295,0,2490,295,0,1,0.0,89.65729099872988,frame_fifo_full,,,,,,,,,,,,,,,,,,,,,,,,,,,,,,,,,,,,,,,,,,,,,,,,,,,,,,,,
rsg_object_detection,dropped_oldest,2807,rsg_20260806_183_504899999_002807,dropped,True,fifo_cached_frame,2788,295,0,2491,295,0,1,0.0,75.16362000023946,frame_fifo_full,,,,,,,,,,,,,,,,,,,,,,,,,,,,,,,,,,,,,,,,,,,,,,,,,,,,,,,,
rsg_object_detection,frame_trace,2798,rsg_20260806_182_954900000_002798,sent_to_hydra,,,,,,,,,,,636.3264490064466,ok,13.173798011848703,578.6604370077839,41.76526900846511,0.13827200746163726,41.626997001003474,0.002335989847779274,6.359970997436903,0.2025279973167926,358.1204280053498,19.932680996134877,0.008128001354634762,378.2637650001561,73.36157099052798,19.340522005222738,4.549825971480459,26.93217300111428,21.935145981842652,70.57411399728153,3.2501139939995483,0.6618880142923445,0.3140800108667463,1.3352649984881282,0.43087999802082777,0.005504000000655651,149.94989600381814,2.5920330081135035,0.18419200205244124,41.26597200229298,0.044607993913814425,8.690019996720366,8.051204000366852,0.10864000068977475,0.5301759956637397,3.7798420089529827,0.6978239980526268,0.006112008122727275,2.7246089885011315,7,0,7,0,0,,,,,,,,,,,,,,
rsg_object_detection,dropped_oldest,2809,rsg_20260806_183_704900000_002809,dropped,True,fifo_cached_frame,2790,296,0,2492,296,0,1,0.0,100.4510240018135,frame_fifo_full,,,,,,,,,,,,,,,,,,,,,,,,,,,,,,,,,,,,,,,,,,,,,,,,,,,,,,,,
rsg_object_detection,dropped_oldest,2810,rsg_20260806_183_804900000_002810,dropped,True,fifo_cached_frame,2791,296,0,2493,296,0,1,0.0,48.739767997176386,frame_fifo_full,,,,,,,,,,,,,,,,,,,,,,,,,,,,,,,,,,,,,,,,,,,,,,,,,,,,,,,,
rsg_object_detection,dropped_oldest,2811,rsg_20260806_183_854899999_002811,dropped,True,fifo_cached_frame,2792,296,0,2494,296,0,1,0.0,52.137367994873784,frame_fifo_full,,,,,,,,,,,,,,,,,,,,,,,,,,,,,,,,,,,,,,,,,,,,,,,,,,,,,,,,
rsg_object_detection,dropped_oldest,2812,rsg_20260806_183_904899999_002812,dropped,True,fifo_cached_frame,2793,296,0,2495,296,0,1,0.0,118.9018489967566,frame_fifo_full,,,,,,,,,,,,,,,,,,,,,,,,,,,,,,,,,,,,,,,,,,,,,,,,,,,,,,,,
rsg_object_detection,dropped_oldest,2813,rsg_20260806_184_004899999_002813,dropped,True,fifo_cached_frame,2794,296,0,2496,296,0,1,0.0,104.45495999010745,frame_fifo_full,,,,,,,,,,,,,,,,,,,,,,,,,,,,,,,,,,,,,,,,,,,,,,,,,,,,,,,,
rsg_object_detection,dropped_oldest,2814,rsg_20260806_184_104899999_002814,dropped,True,fifo_cached_frame,2795,296,0,2497,296,0,1,0.0,29.813390006893314,frame_fifo_full,,,,,,,,,,,,,,,,,,,,,,,,,,,,,,,,,,,,,,,,,,,,,,,,,,,,,,,,
rsg_object_detection,dropped_oldest,2815,rsg_20260806_184_154899999_002815,dropped,True,fifo_cached_frame,2796,296,0,2498,296,0,1,0.0,80.95779600262176,frame_fifo_full,,,,,,,,,,,,,,,,,,,,,,,,,,,,,,,,,,,,,,,,,,,,,,,,,,,,,,,,
rsg_object_detection,frame_trace,2808,rsg_20260806_183_554900000_002808,sent_to_hydra,,,,,,,,,,,659.3235100008314,ok,15.614888005075045,602.9974999983096,37.01400100544561,0.1374080020468682,36.87659300339874,0.0022400054149329662,1.128160991356708,0.26911999157164246,292.13124299712945,25.602316003642045,0.007744005415588617,318.0104229977587,96.72839898848906,26.652653032215312,19.070345020736568,23.27719501045067,27.061325003160164,108.85131300892681,3.6366090062074363,5.877092000446282,0.4160959942964837,1.3724800082854927,0.6901449960423633,0.006367990863509476,217.59706200100482,6.869667005958036,0.1543039979878813,59.19052299577743,0.04736000846605748,11.327653992339037,10.678883991204202,0.10774399561341852,0.5410260055214167,3.6504329909803346,0.6316489889286458,0.005152032827027142,3.694880986586213,8,0,7,0,0,,,,,,,,,,,,,,
rsg_object_detection,dropped_oldest,2817,rsg_20260806_184_354899999_002817,dropped,True,fifo_cached_frame,2798,297,0,2499,297,0,1,0.0,50.73874400113709,frame_fifo_full,,,,,,,,,,,,,,,,,,,,,,,,,,,,,,,,,,,,,,,,,,,,,,,,,,,,,,,,
rsg_object_detection,dropped_oldest,2818,rsg_20260806_184_404899999_002818,dropped,True,fifo_cached_frame,2799,297,0,2500,297,0,1,0.0,53.567224997095764,frame_fifo_full,,,,,,,,,,,,,,,,,,,,,,,,,,,,,,,,,,,,,,,,,,,,,,,,,,,,,,,,
rsg_object_detection,dropped_oldest,2819,rsg_20260806_184_454900000_002819,dropped,True,fifo_cached_frame,2800,297,0,2501,297,0,1,0.0,47.11240499455016,frame_fifo_full,,,,,,,,,,,,,,,,,,,,,,,,,,,,,,,,,,,,,,,,,,,,,,,,,,,,,,,,
rsg_object_detection,dropped_oldest,2820,rsg_20260806_184_504899999_002820,dropped,True,fifo_cached_frame,2801,297,0,2502,297,0,1,0.0,47.943926008883864,frame_fifo_full,,,,,,,,,,,,,,,,,,,,,,,,,,,,,,,,,,,,,,,,,,,,,,,,,,,,,,,,
rsg_object_detection,dropped_oldest,2821,rsg_20260806_184_554900000_002821,dropped,True,fifo_cached_frame,2802,297,0,2503,297,0,1,0.0,51.649463013745844,frame_fifo_full,,,,,,,,,,,,,,,,,,,,,,,,,,,,,,,,,,,,,,,,,,,,,,,,,,,,,,,,
rsg_object_detection,dropped_oldest,2822,rsg_20260806_184_604899999_002822,dropped,True,fifo_cached_frame,2803,297,0,2504,297,0,1,0.0,103.39495899097528,frame_fifo_full,,,,,,,,,,,,,,,,,,,,,,,,,,,,,,,,,,,,,,,,,,,,,,,,,,,,,,,,
rsg_object_detection,dropped_oldest,2823,rsg_20260806_184_704900000_002823,dropped,True,fifo_cached_frame,2804,297,0,2505,297,0,1,0.0,108.3667049970245,frame_fifo_full,,,,,,,,,,,,,,,,,,,,,,,,,,,,,,,,,,,,,,,,,,,,,,,,,,,,,,,,
rsg_object_detection,frame_trace,2816,rsg_20260806_184_204900000_002816,sent_to_hydra,,,,,,,,,,,587.6470829971367,ok,14.77242300461512,514.4751129992073,53.79525700118393,0.1849919935921207,53.610265007591806,0.00652798917144537,1.5752000035718083,0.1925770047819242,291.857764008455,20.09709700359963,0.00582398206461221,312.15326199890114,58.787642992683686,13.752136001130566,3.2903040118981153,25.736873969435692,15.493832994252443,76.24473900068551,3.018048984813504,0.3471999953035265,0.32851203286554664,1.3247689930722117,0.4467839899007231,0.00672000169288367,140.5231359967729,4.173442008323036,0.14630399527959526,55.85679299838375,0.046975997975096107,10.06918899656739,9.302916005253792,0.11692800035234541,0.6493449909612536,4.020578009658493,0.6774719950044528,0.005184003384783864,4.597762002958916,7,0,7,0,0,,,,,,,,,,,,,,
rsg_object_detection,dropped_oldest,2825,rsg_20260806_184_854899999_002825,dropped,True,fifo_cached_frame,2806,298,0,2506,298,0,1,0.0,4.123170001548715,frame_fifo_full,,,,,,,,,,,,,,,,,,,,,,,,,,,,,,,,,,,,,,,,,,,,,,,,,,,,,,,,
rsg_object_detection,dropped_oldest,2826,rsg_20260806_184_904899999_002826,dropped,True,fifo_cached_frame,2807,298,0,2507,298,0,1,0.0,3.412737001781352,frame_fifo_full,,,,,,,,,,,,,,,,,,,,,,,,,,,,,,,,,,,,,,,,,,,,,,,,,,,,,,,,
rsg_object_detection,dropped_oldest,2827,rsg_20260806_185_004899999_002827,dropped,True,fifo_cached_frame,2808,298,0,2508,298,0,1,0.0,3.2472339953528717,frame_fifo_full,,,,,,,,,,,,,,,,,,,,,,,,,,,,,,,,,,,,,,,,,,,,,,,,,,,,,,,,
rsg_object_detection,dropped_oldest,2828,rsg_20260806_185_054900000_002828,dropped,True,fifo_cached_frame,2809,298,0,2509,298,0,1,0.0,3.2137929956661537,frame_fifo_full,,,,,,,,,,,,,,,,,,,,,,,,,,,,,,,,,,,,,,,,,,,,,,,,,,,,,,,,
rsg_object_detection,dropped_oldest,2829,rsg_20260806_185_104899999_002829,dropped,True,fifo_cached_frame,2810,298,0,2510,298,0,1,0.0,4.11350600188598,frame_fifo_full,,,,,,,,,,,,,,,,,,,,,,,,,,,,,,,,,,,,,,,,,,,,,,,,,,,,,,,,
rsg_object_detection,dropped_oldest,2830,rsg_20260806_185_154899999_002830,dropped,True,fifo_cached_frame,2811,298,0,2511,298,0,1,0.0,3.9512009971076623,frame_fifo_full,,,,,,,,,,,,,,,,,,,,,,,,,,,,,,,,,,,,,,,,,,,,,,,,,,,,,,,,
rsg_object_detection,dropped_oldest,2831,rsg_20260806_185_204900000_002831,dropped,True,fifo_cached_frame,2812,298,0,2512,298,0,1,0.0,112.87688100128435,frame_fifo_full,,,,,,,,,,,,,,,,,,,,,,,,,,,,,,,,,,,,,,,,,,,,,,,,,,,,,,,,
rsg_object_detection,dropped_oldest,2832,rsg_20260806_185_354899999_002832,dropped,True,fifo_cached_frame,2813,298,0,2513,298,0,1,0.0,47.43781199795194,frame_fifo_full,,,,,,,,,,,,,,,,,,,,,,,,,,,,,,,,,,,,,,,,,,,,,,,,,,,,,,,,
rsg_object_detection,dropped_oldest,2833,rsg_20260806_185_404899999_002833,dropped,True,fifo_cached_frame,2814,298,0,2514,298,0,1,0.0,48.60920499777421,frame_fifo_full,,,,,,,,,,,,,,,,,,,,,,,,,,,,,,,,,,,,,,,,,,,,,,,,,,,,,,,,
rsg_object_detection,dropped_oldest,2834,rsg_20260806_185_454900000_002834,dropped,True,fifo_cached_frame,2815,298,0,2515,298,0,1,0.0,52.04191099619493,frame_fifo_full,,,,,,,,,,,,,,,,,,,,,,,,,,,,,,,,,,,,,,,,,,,,,,,,,,,,,,,,
rsg_object_detection,dropped_oldest,2835,rsg_20260806_185_504899999_002835,dropped,True,fifo_cached_frame,2816,298,0,2516,298,0,1,0.0,83.18214800965507,frame_fifo_full,,,,,,,,,,,,,,,,,,,,,,,,,,,,,,,,,,,,,,,,,,,,,,,,,,,,,,,,
rsg_object_detection,dropped_oldest,2836,rsg_20260806_185_554900000_002836,dropped,True,fifo_cached_frame,2817,298,0,2517,298,0,1,0.0,104.88842999620829,frame_fifo_full,,,,,,,,,,,,,,,,,,,,,,,,,,,,,,,,,,,,,,,,,,,,,,,,,,,,,,,,
rsg_object_detection,dropped_oldest,2837,rsg_20260806_185_654899999_002837,dropped,True,fifo_cached_frame,2818,298,0,2518,298,0,1,0.0,22.483624998130836,frame_fifo_full,,,,,,,,,,,,,,,,,,,,,,,,,,,,,,,,,,,,,,,,,,,,,,,,,,,,,,,,
rsg_object_detection,dropped_oldest,2838,rsg_20260806_185_704900000_002838,dropped,True,fifo_cached_frame,2819,298,0,2519,298,0,1,0.0,87.25181400950532,frame_fifo_full,,,,,,,,,,,,,,,,,,,,,,,,,,,,,,,,,,,,,,,,,,,,,,,,,,,,,,,,
rsg_object_detection,frame_trace,2824,rsg_20260806_184_804900000_002824,sent_to_hydra,,,,,,,,,,,999.3790290027391,ok,14.393799006938934,575.8339440071722,405.5060370010324,0.15593599528074265,405.35010100575164,0.0033919932320713997,8.068515002378263,3.132994010229595,285.25919499224983,16.775463009253144,0.0069759989855811,305.17462801071815,81.2373149819905,19.05546498892363,6.0664669872494414,25.990793961682357,29.291021011886187,112.83543999888934,2.774305990897119,0.49875199329108,0.29532803455367684,1.2848650076193735,0.5766719987150282,0.005056004738435149,199.52440599445254,8.996771997772157,0.17027200374286622,53.860375002841465,0.03897599526681006,9.634981004637666,8.973924006568268,0.0944640050875023,0.5665929929818958,4.081824998138472,0.6720969977322966,0.004896006430499256,3.6418569943634793,8,0,7,0,0,,,,,,,,,,,,,,
rsg_object_detection,dropped_oldest,2840,rsg_20260806_185_854899999_002840,dropped,True,fifo_cached_frame,2821,299,0,2520,299,0,1,0.0,99.99361100199167,frame_fifo_full,,,,,,,,,,,,,,,,,,,,,,,,,,,,,,,,,,,,,,,,,,,,,,,,,,,,,,,,
rsg_object_detection,dropped_oldest,2841,rsg_20260806_185_954900000_002841,dropped,True,fifo_cached_frame,2822,299,0,2521,299,0,1,0.0,42.871859011938795,frame_fifo_full,,,,,,,,,,,,,,,,,,,,,,,,,,,,,,,,,,,,,,,,,,,,,,,,,,,,,,,,
rsg_object_detection,dropped_oldest,2842,rsg_20260806_186_004899999_002842,dropped,True,fifo_cached_frame,2823,299,0,2522,299,0,1,0.0,54.56802299886476,frame_fifo_full,,,,,,,,,,,,,,,,,,,,,,,,,,,,,,,,,,,,,,,,,,,,,,,,,,,,,,,,
rsg_object_detection,dropped_oldest,2843,rsg_20260806_186_054900000_002843,dropped,True,fifo_cached_frame,2824,299,0,2523,299,0,1,0.0,47.895188006805256,frame_fifo_full,,,,,,,,,,,,,,,,,,,,,,,,,,,,,,,,,,,,,,,,,,,,,,,,,,,,,,,,
rsg_object_detection,dropped_oldest,2844,rsg_20260806_186_104899999_002844,dropped,True,fifo_cached_frame,2825,299,0,2524,299,0,1,0.0,53.14530098985415,frame_fifo_full,,,,,,,,,,,,,,,,,,,,,,,,,,,,,,,,,,,,,,,,,,,,,,,,,,,,,,,,
rsg_object_detection,dropped_oldest,2845,rsg_20260806_186_154899999_002845,dropped,True,fifo_cached_frame,2826,299,0,2525,299,0,1,0.0,59.16600799537264,frame_fifo_full,,,,,,,,,,,,,,,,,,,,,,,,,,,,,,,,,,,,,,,,,,,,,,,,,,,,,,,,
rsg_object_detection,dropped_oldest,2846,rsg_20260806_186_204900000_002846,dropped,True,fifo_cached_frame,2827,299,0,2526,299,0,1,0.0,56.298294992302544,frame_fifo_full,,,,,,,,,,,,,,,,,,,,,,,,,,,,,,,,,,,,,,,,,,,,,,,,,,,,,,,,
rsg_object_detection,dropped_oldest,2847,rsg_20260806_186_254899999_002847,dropped,True,fifo_cached_frame,2828,299,0,2527,299,0,1,0.0,51.82357398734894,frame_fifo_full,,,,,,,,,,,,,,,,,,,,,,,,,,,,,,,,,,,,,,,,,,,,,,,,,,,,,,,,
rsg_object_detection,dropped_oldest,2848,rsg_20260806_186_304900000_002848,dropped,True,fifo_cached_frame,2829,299,0,2528,299,0,1,0.0,79.87257599597797,frame_fifo_full,,,,,,,,,,,,,,,,,,,,,,,,,,,,,,,,,,,,,,,,,,,,,,,,,,,,,,,,
rsg_object_detection,dropped_oldest,2849,rsg_20260806_186_354899999_002849,dropped,True,fifo_cached_frame,2830,299,0,2529,299,0,1,0.0,9.745828006998636,frame_fifo_full,,,,,,,,,,,,,,,,,,,,,,,,,,,,,,,,,,,,,,,,,,,,,,,,,,,,,,,,
rsg_object_detection,frame_trace,2839,rsg_20260806_185_754899999_002839,sent_to_hydra,,,,,,,,,,,620.607139004278,ok,14.01690200145822,549.8701820033602,52.369494005688466,0.16956799663603306,52.19992600905243,0.004287998308427632,6.7583710042526945,0.21856100647710264,286.9620729907183,27.06100299837999,0.007648006430827081,314.2492850020062,73.3514540042961,17.18282501678914,3.749441006220877,6.8609299923991784,44.98065799998585,84.92425900476519,4.173760986304842,0.8115849923342466,0.3562240017345175,1.510368994786404,0.42281599598936737,0.006848000339232385,165.57750799984206,4.394689996843226,0.16118399798870087,58.67890399531461,0.05024000711273402,9.850724003626965,9.182178997434676,0.0947199878282845,0.5738250183640048,3.4589460119605064,0.7012160058366135,0.006015980034135282,4.346272995462641,8,0,8,0,0,,,,,,,,,,,,,,
rsg_object_detection,dropped_oldest,2851,rsg_20260806_186_504899999_002851,dropped,True,fifo_cached_frame,2832,300,0,2530,300,0,1,0.0,45.51547499431763,frame_fifo_full,,,,,,,,,,,,,,,,,,,,,,,,,,,,,,,,,,,,,,,,,,,,,,,,,,,,,,,,
rsg_object_detection,dropped_oldest,2852,rsg_20260806_186_554900000_002852,dropped,True,fifo_cached_frame,2833,300,0,2531,300,0,1,0.0,51.2422290048562,frame_fifo_full,,,,,,,,,,,,,,,,,,,,,,,,,,,,,,,,,,,,,,,,,,,,,,,,,,,,,,,,
rsg_object_detection,dropped_oldest,2853,rsg_20260806_186_604899999_002853,dropped,True,fifo_cached_frame,2834,300,0,2532,300,0,1,0.0,50.84821300988551,frame_fifo_full,,,,,,,,,,,,,,,,,,,,,,,,,,,,,,,,,,,,,,,,,,,,,,,,,,,,,,,,
rsg_object_detection,dropped_oldest,2854,rsg_20260806_186_654899999_002854,dropped,True,fifo_cached_frame,2835,300,0,2533,300,0,1,0.0,48.59848400519695,frame_fifo_full,,,,,,,,,,,,,,,,,,,,,,,,,,,,,,,,,,,,,,,,,,,,,,,,,,,,,,,,
rsg_object_detection,,884,rsg_20260806_61_904879999_000884,vlm_done,,,,,,,,,,,,ok,,,,,,,,,,,,,,,,,,,,,,,,,,,,,,,,,,,,,,,,,,,rsg_obj_000106,rsg_unknown_rsg_20260806_61_904879999_000884_004_nanosam_008,,,1,0.4933526953205525,office_chair,0.94,static,0.98,4762.28969800286,118727.90683699714,qwen_http,Qwen3-VL-8B-Instruct-GGUF
rsg_object_detection,completed,884,rsg_20260806_61_904879999_000884,,,,,,,,,,,113965.61496300274,,vlm_done,,,,,,,,,,,,,,,,,,,,,,,,,,,,,,,,,,,,,,,,,,,rsg_obj_000106,rsg_unknown_rsg_20260806_61_904879999_000884_004_nanosam_008,95,300,1,0.4933526953205525,,,,,,,,
rsg_object_detection,dropped_oldest,2855,rsg_20260806_186_704900000_002855,dropped,True,fifo_cached_frame,2836,300,0,2534,300,0,1,0.0,125.38206699537113,frame_fifo_full,,,,,,,,,,,,,,,,,,,,,,,,,,,,,,,,,,,,,,,,,,,,,,,,,,,,,,,,
rsg_object_detection,dequeued,971,rsg_20260806_66_654880000_000971,,,,,,,,,,,118713.265495011,,fifo_order,,,,,,,,,,,,,,,,,,,,,,,,,,,,,,,,,,,,,,,,,,,rsg_obj_000107,rsg_unknown_rsg_20260806_66_654880000_000971_006_nanosam_003,94,300,4,0.3574475933275813,,,,,,,,
rsg_object_detection,dropped_oldest,2856,rsg_20260806_186_804900000_002856,dropped,True,fifo_cached_frame,2837,300,0,2535,300,0,1,0.0,42.97544198925607,frame_fifo_full,,,,,,,,,,,,,,,,,,,,,,,,,,,,,,,,,,,,,,,,,,,,,,,,,,,,,,,,
rsg_object_detection,dropped_oldest,2857,rsg_20260806_186_854899999_002857,dropped,True,fifo_cached_frame,2838,300,0,2536,300,0,1,0.0,76.01807899482083,frame_fifo_full,,,,,,,,,,,,,,,,,,,,,,,,,,,,,,,,,,,,,,,,,,,,,,,,,,,,,,,,
rsg_object_detection,dropped_oldest,2858,rsg_20260806_186_904899999_002858,dropped,True,fifo_cached_frame,2839,300,0,2537,300,0,1,0.0,103.84413799329195,frame_fifo_full,,,,,,,,,,,,,,,,,,,,,,,,,,,,,,,,,,,,,,,,,,,,,,,,,,,,,,,,
rsg_object_detection,frame_trace,2850,rsg_20260806_186_404899999_002850,sent_to_hydra,,,,,,,,,,,646.076903998619,ok,12.984229004359804,573.8778980012285,55.28479100030381,0.1350719976471737,55.14971900265664,0.005408001015894115,1.164544009952806,0.21177600137889385,266.5780609968351,13.11654900200665,0.0073599949246272445,279.9137459951453,141.297594003845,42.43937700812239,5.270595982437953,41.657072011730634,51.16786100552417,85.45001900347415,3.8395540177589282,0.7434240396833047,0.32947193540167063,1.3786570052616298,0.7183999987319112,0.004032001015730202,233.77823999908287,3.461761007201858,0.13590400340035558,55.37915900640655,0.04454398003872484,8.441571000730619,7.801763000315987,0.09827199392020702,0.5415360064944252,3.799714002525434,0.6455359980463982,0.0974080030573532,3.9245779917109758,7,0,7,0,0,,,,,,,,,,,,,,
rsg_object_detection,dropped_oldest,2860,rsg_20260806_187_104899999_002860,dropped,True,fifo_cached_frame,2841,301,0,2538,301,0,1,0.0,38.35620699101128,frame_fifo_full,,,,,,,,,,,,,,,,,,,,,,,,,,,,,,,,,,,,,,,,,,,,,,,,,,,,,,,,
rsg_object_detection,dropped_oldest,2861,rsg_20260806_187_154899999_002861,dropped,True,fifo_cached_frame,2842,301,0,2539,301,0,1,0.0,49.86049899889622,frame_fifo_full,,,,,,,,,,,,,,,,,,,,,,,,,,,,,,,,,,,,,,,,,,,,,,,,,,,,,,,,
rsg_object_detection,dropped_oldest,2862,rsg_20260806_187_204900000_002862,dropped,True,fifo_cached_frame,2843,301,0,2540,301,0,1,0.0,52.69662899081595,frame_fifo_full,,,,,,,,,,,,,,,,,,,,,,,,,,,,,,,,,,,,,,,,,,,,,,,,,,,,,,,,
rsg_object_detection,dropped_oldest,2863,rsg_20260806_187_254899999_002863,dropped,True,fifo_cached_frame,2844,301,0,2541,301,0,1,0.0,100.28179800428916,frame_fifo_full,,,,,,,,,,,,,,,,,,,,,,,,,,,,,,,,,,,,,,,,,,,,,,,,,,,,,,,,
rsg_object_detection,dropped_oldest,2864,rsg_20260806_187_354899999_002864,dropped,True,fifo_cached_frame,2845,301,0,2542,301,0,1,0.0,52.05122000188567,frame_fifo_full,,,,,,,,,,,,,,,,,,,,,,,,,,,,,,,,,,,,,,,,,,,,,,,,,,,,,,,,
rsg_object_detection,dropped_oldest,2865,rsg_20260806_187_404899999_002865,dropped,True,fifo_cached_frame,2846,301,0,2543,301,0,1,0.0,49.57163499784656,frame_fifo_full,,,,,,,,,,,,,,,,,,,,,,,,,,,,,,,,,,,,,,,,,,,,,,,,,,,,,,,,
rsg_object_detection,dropped_oldest,2866,rsg_20260806_187_454900000_002866,dropped,True,fifo_cached_frame,2847,301,0,2544,301,0,1,0.0,49.97611598810181,frame_fifo_full,,,,,,,,,,,,,,,,,,,,,,,,,,,,,,,,,,,,,,,,,,,,,,,,,,,,,,,,
rsg_object_detection,dropped_oldest,2867,rsg_20260806_187_504899999_002867,dropped,True,fifo_cached_frame,2848,301,0,2545,301,0,1,0.0,81.77539099415299,frame_fifo_full,,,,,,,,,,,,,,,,,,,,,,,,,,,,,,,,,,,,,,,,,,,,,,,,,,,,,,,,
rsg_object_detection,dropped_oldest,2868,rsg_20260806_187_554900000_002868,dropped,True,fifo_cached_frame,2849,301,0,2546,301,0,1,0.0,29.9884599953657,frame_fifo_full,,,,,,,,,,,,,,,,,,,,,,,,,,,,,,,,,,,,,,,,,,,,,,,,,,,,,,,,
rsg_object_detection,dropped_oldest,2869,rsg_20260806_187_604899999_002869,dropped,True,fifo_cached_frame,2850,301,0,2547,301,0,1,0.0,37.36945400305558,frame_fifo_full,,,,,,,,,,,,,,,,,,,,,,,,,,,,,,,,,,,,,,,,,,,,,,,,,,,,,,,,
rsg_object_detection,dropped_oldest,2870,rsg_20260806_187_654899999_002870,dropped,True,fifo_cached_frame,2851,301,0,2548,301,0,1,0.0,82.96044800954405,frame_fifo_full,,,,,,,,,,,,,,,,,,,,,,,,,,,,,,,,,,,,,,,,,,,,,,,,,,,,,,,,
rsg_object_detection,frame_trace,2859,rsg_20260806_187_004899999_002859,sent_to_hydra,,,,,,,,,,,699.1572619881481,ok,19.580647989641875,624.4168160046684,50.63032399630174,0.1369279925711453,50.493396003730595,0.002720000338740647,1.617439993424341,0.17641599697526544,335.1151059905533,24.769545008894056,0.006112008122727275,360.0671790045453,74.15452500572428,21.313830991857685,4.066625988343731,31.26580498064868,16.758439000113867,107.69876099948306,3.3400660468032584,1.9564479880500585,0.3267839638283476,1.191201008623466,0.5597760027740151,0.00457599526271224,189.24807298753876,9.672675994806923,0.15129600069485605,63.61160799860954,0.04854402504861355,15.230534001602791,12.293509003939107,0.09913599933497608,2.837888998328708,3.6038410034962,0.7404490024782717,0.00582398206461221,4.526753997197375,8,0,7,0,0,,,,,,,,,,,,,,
rsg_object_detection,dropped_oldest,2872,rsg_20260806_187_804900000_002872,dropped,True,fifo_cached_frame,2853,302,0,2549,302,0,1,0.0,45.01000100572128,frame_fifo_full,,,,,,,,,,,,,,,,,,,,,,,,,,,,,,,,,,,,,,,,,,,,,,,,,,,,,,,,
rsg_object_detection,dropped_oldest,2873,rsg_20260806_187_854899999_002873,dropped,True,fifo_cached_frame,2854,302,0,2550,302,0,1,0.0,52.481428007013164,frame_fifo_full,,,,,,,,,,,,,,,,,,,,,,,,,,,,,,,,,,,,,,,,,,,,,,,,,,,,,,,,
rsg_object_detection,dropped_oldest,2874,rsg_20260806_187_904899999_002874,dropped,True,fifo_cached_frame,2855,302,0,2551,302,0,1,0.0,48.1033469986869,frame_fifo_full,,,,,,,,,,,,,,,,,,,,,,,,,,,,,,,,,,,,,,,,,,,,,,,,,,,,,,,,
rsg_object_detection,dropped_oldest,2875,rsg_20260806_187_954900000_002875,dropped,True,fifo_cached_frame,2856,302,0,2552,302,0,1,0.0,51.80664399813395,frame_fifo_full,,,,,,,,,,,,,,,,,,,,,,,,,,,,,,,,,,,,,,,,,,,,,,,,,,,,,,,,
rsg_object_detection,dropped_oldest,2876,rsg_20260806_188_004899999_002876,dropped,True,fifo_cached_frame,2857,302,0,2553,302,0,1,0.0,48.78337899572216,frame_fifo_full,,,,,,,,,,,,,,,,,,,,,,,,,,,,,,,,,,,,,,,,,,,,,,,,,,,,,,,,
rsg_object_detection,dropped_oldest,2877,rsg_20260806_188_054900000_002877,dropped,True,fifo_cached_frame,2858,302,0,2554,302,0,1,0.0,210.3660280117765,frame_fifo_full,,,,,,,,,,,,,,,,,,,,,,,,,,,,,,,,,,,,,,,,,,,,,,,,,,,,,,,,
rsg_object_detection,dropped_oldest,2878,rsg_20260806_188_154899999_002878,dropped,True,fifo_cached_frame,2859,302,0,2555,302,0,1,0.0,8.578242996009067,frame_fifo_full,,,,,,,,,,,,,,,,,,,,,,,,,,,,,,,,,,,,,,,,,,,,,,,,,,,,,,,,
rsg_object_detection,dropped_oldest,2879,rsg_20260806_188_204900000_002879,dropped,True,fifo_cached_frame,2860,302,0,2556,302,0,1,0.0,18.584327001008205,frame_fifo_full,,,,,,,,,,,,,,,,,,,,,,,,,,,,,,,,,,,,,,,,,,,,,,,,,,,,,,,,
rsg_object_detection,dropped_oldest,2880,rsg_20260806_188_254899999_002880,dropped,True,fifo_cached_frame,2861,302,0,2557,302,0,1,0.0,25.334056990686804,frame_fifo_full,,,,,,,,,,,,,,,,,,,,,,,,,,,,,,,,,,,,,,,,,,,,,,,,,,,,,,,,
rsg_object_detection,dropped_oldest,2881,rsg_20260806_188_304900000_002881,dropped,True,fifo_cached_frame,2862,302,0,2558,302,0,1,0.0,73.45356300356798,frame_fifo_full,,,,,,,,,,,,,,,,,,,,,,,,,,,,,,,,,,,,,,,,,,,,,,,,,,,,,,,,
rsg_object_detection,frame_trace,2871,rsg_20260806_187_704900000_002871,sent_to_hydra,,,,,,,,,,,663.341463994584,ok,15.80720600031782,582.255768997129,60.91368799388874,0.1929279969772324,60.72075999691151,0.0036480050766840577,1.1248000082559884,0.2538559929234907,287.4779979902087,17.247014999156818,0.006976013537496328,304.9858449958265,97.15254700859077,17.857445011031814,5.757058024755679,47.54254501312971,25.26340300391894,102.45069301163312,4.213538006297313,1.1369599815225229,0.34636798955034465,2.05484899925068,0.4390719986986369,0.007552007446065545,207.82036299351603,7.675459011807106,0.14755201118532568,60.4520860069897,0.04966396954841912,11.538980004843324,10.873156003071927,0.09145600779447705,0.5743679939769208,3.563746009604074,0.6997119926381856,0.0047679932322353125,4.361152998171747,8,0,8,0,0,,,,,,,,,,,,,,
rsg_object_detection,dropped_oldest,2883,rsg_20260806_188_454900000_002883,dropped,True,fifo_cached_frame,2864,303,0,2559,303,0,1,0.0,99.1867240081774,frame_fifo_full,,,,,,,,,,,,,,,,,,,,,,,,,,,,,,,,,,,,,,,,,,,,,,,,,,,,,,,,
rsg_object_detection,dropped_oldest,2884,rsg_20260806_188_554900000_002884,dropped,True,fifo_cached_frame,2865,303,0,2560,303,0,1,0.0,60.96690200502053,frame_fifo_full,,,,,,,,,,,,,,,,,,,,,,,,,,,,,,,,,,,,,,,,,,,,,,,,,,,,,,,,
rsg_object_detection,dropped_oldest,2885,rsg_20260806_188_604899999_002885,dropped,True,fifo_cached_frame,2866,303,0,2561,303,0,1,0.0,91.20982499734964,frame_fifo_full,,,,,,,,,,,,,,,,,,,,,,,,,,,,,,,,,,,,,,,,,,,,,,,,,,,,,,,,
rsg_object_detection,dropped_oldest,2886,rsg_20260806_188_704900000_002886,dropped,True,fifo_cached_frame,2867,303,0,2562,303,0,1,0.0,49.0698740031803,frame_fifo_full,,,,,,,,,,,,,,,,,,,,,,,,,,,,,,,,,,,,,,,,,,,,,,,,,,,,,,,,
rsg_object_detection,dropped_oldest,2887,rsg_20260806_188_754899999_002887,dropped,True,fifo_cached_frame,2868,303,0,2563,303,0,1,0.0,51.04379499971401,frame_fifo_full,,,,,,,,,,,,,,,,,,,,,,,,,,,,,,,,,,,,,,,,,,,,,,,,,,,,,,,,
rsg_object_detection,dropped_oldest,2888,rsg_20260806_188_804900000_002888,dropped,True,fifo_cached_frame,2869,303,0,2564,303,0,1,0.0,65.81739999819547,frame_fifo_full,,,,,,,,,,,,,,,,,,,,,,,,,,,,,,,,,,,,,,,,,,,,,,,,,,,,,,,,
rsg_object_detection,dropped_oldest,2889,rsg_20260806_188_854899999_002889,dropped,True,fifo_cached_frame,2870,303,0,2565,303,0,1,0.0,123.83681299979798,frame_fifo_full,,,,,,,,,,,,,,,,,,,,,,,,,,,,,,,,,,,,,,,,,,,,,,,,,,,,,,,,
rsg_object_detection,dropped_oldest,2890,rsg_20260806_188_954900000_002890,dropped,True,fifo_cached_frame,2871,303,0,2566,303,0,1,0.0,9.022212005220354,frame_fifo_full,,,,,,,,,,,,,,,,,,,,,,,,,,,,,,,,,,,,,,,,,,,,,,,,,,,,,,,,
rsg_object_detection,frame_trace,2882,rsg_20260806_188_354899999_002882,sent_to_hydra,,,,,,,,,,,622.443682004814,ok,15.734630011138506,542.9529970133444,53.8869949959917,0.17040000238921493,53.716594993602484,0.002592001692391932,1.0712329967645928,1.2776960065821186,277.48826099559665,26.019080993137322,0.008800008799880743,304.79383800411597,59.91557402012404,26.66820200101938,4.229407990351319,7.122596012777649,21.24103100504726,96.46496300410945,4.26681803946849,1.0625279828673229,0.3644799580797553,1.3467529934132472,0.41571199835743755,0.004736008122563362,163.85945198999252,3.0019209953024983,0.1857919996837154,69.98757699329872,0.053184034186415374,10.559363989159465,9.883075996185653,0.11059199459850788,0.565695998375304,4.408705004607327,0.7616969960508868,0.004864021320827305,9.86646798264701,8,0,8,0,0,,,,,,,,,,,,,,
rsg_object_detection,dropped_oldest,2891,rsg_20260806_189_004899999_002891,dropped,True,fifo_cached_frame,2872,303,0,2567,304,0,1,0.0,63.55243800499011,frame_fifo_full,,,,,,,,,,,,,,,,,,,,,,,,,,,,,,,,,,,,,,,,,,,,,,,,,,,,,,,,
rsg_object_detection,dropped_oldest,2893,rsg_20260806_189_104899999_002893,dropped,True,fifo_cached_frame,2874,304,0,2568,304,0,1,0.0,101.01945900532883,frame_fifo_full,,,,,,,,,,,,,,,,,,,,,,,,,,,,,,,,,,,,,,,,,,,,,,,,,,,,,,,,
rsg_object_detection,dropped_oldest,2894,rsg_20260806_189_204900000_002894,dropped,True,fifo_cached_frame,2875,304,0,2569,304,0,1,0.0,52.279280993388966,frame_fifo_full,,,,,,,,,,,,,,,,,,,,,,,,,,,,,,,,,,,,,,,,,,,,,,,,,,,,,,,,
rsg_object_detection,dropped_oldest,2895,rsg_20260806_189_254899999_002895,dropped,True,fifo_cached_frame,2876,304,0,2570,304,0,1,0.0,99.7719700098969,frame_fifo_full,,,,,,,,,,,,,,,,,,,,,,,,,,,,,,,,,,,,,,,,,,,,,,,,,,,,,,,,
rsg_object_detection,dropped_oldest,2896,rsg_20260806_189_354899999_002896,dropped,True,fifo_cached_frame,2877,304,0,2571,304,0,1,0.0,71.20472899987362,frame_fifo_full,,,,,,,,,,,,,,,,,,,,,,,,,,,,,,,,,,,,,,,,,,,,,,,,,,,,,,,,
rsg_object_detection,dropped_oldest,2897,rsg_20260806_189_404899999_002897,dropped,True,fifo_cached_frame,2878,304,0,2572,304,0,1,0.0,39.932141997269355,frame_fifo_full,,,,,,,,,,,,,,,,,,,,,,,,,,,,,,,,,,,,,,,,,,,,,,,,,,,,,,,,
rsg_object_detection,dropped_oldest,2898,rsg_20260806_189_454900000_002898,dropped,True,fifo_cached_frame,2879,304,0,2573,304,0,1,0.0,61.0977489996003,frame_fifo_full,,,,,,,,,,,,,,,,,,,,,,,,,,,,,,,,,,,,,,,,,,,,,,,,,,,,,,,,
rsg_object_detection,dropped_oldest,2899,rsg_20260806_189_504899999_002899,dropped,True,fifo_cached_frame,2880,304,0,2574,304,0,1,0.0,51.97332899842877,frame_fifo_full,,,,,,,,,,,,,,,,,,,,,,,,,,,,,,,,,,,,,,,,,,,,,,,,,,,,,,,,
rsg_object_detection,dropped_oldest,2900,rsg_20260806_189_554900000_002900,dropped,True,fifo_cached_frame,2881,304,0,2575,304,0,1,0.0,22.035400004824623,frame_fifo_full,,,,,,,,,,,,,,,,,,,,,,,,,,,,,,,,,,,,,,,,,,,,,,,,,,,,,,,,
rsg_object_detection,dropped_oldest,2901,rsg_20260806_189_604899999_002901,dropped,True,fifo_cached_frame,2882,304,0,2576,304,0,1,0.0,118.88500000350177,frame_fifo_full,,,,,,,,,,,,,,,,,,,,,,,,,,,,,,,,,,,,,,,,,,,,,,,,,,,,,,,,
rsg_object_detection,frame_trace,2892,rsg_20260806_189_054900000_002892,sent_to_hydra,,,,,,,,,,,664.1794900060631,ok,12.673315999563783,645.2871639921796,1.4683210029033944,0.15584001084789634,1.312480992055498,0.0033279939088970423,1.4502720005111769,0.17644900071900338,275.8443809871096,31.876779001322575,0.008256014552898705,307.9058650037041,129.0330039773835,38.063309955759905,5.6984970142366365,53.63512197800446,30.435754015343264,125.88266699458472,3.764418011996895,0.806399984867312,0.3652160376077518,1.307551996433176,0.42380800005048513,0.005119989509694278,261.60376900224946,3.5451529984129593,0.17216100241057575,70.56184799876064,0.04809598613064736,8.415491000050679,7.779331004712731,0.09500799933448434,0.5411519960034639,3.556064999429509,0.6964479980524629,0.005312002031132579,4.747361017507501,8,0,8,0,0,,,,,,,,,,,,,,
rsg_object_detection,dropped_oldest,2902,rsg_20260806_189_654899999_002902,dropped,True,fifo_cached_frame,2883,304,0,2577,305,0,1,0.0,64.74408600479364,frame_fifo_full,,,,,,,,,,,,,,,,,,,,,,,,,,,,,,,,,,,,,,,,,,,,,,,,,,,,,,,,
rsg_object_detection,dropped_oldest,2904,rsg_20260806_189_804900000_002904,dropped,True,fifo_cached_frame,2885,305,0,2578,305,0,1,0.0,150.73144300549757,frame_fifo_full,,,,,,,,,,,,,,,,,,,,,,,,,,,,,,,,,,,,,,,,,,,,,,,,,,,,,,,,
rsg_object_detection,dropped_oldest,2905,rsg_20260806_189_954900000_002905,dropped,True,fifo_cached_frame,2886,305,0,2579,305,0,1,0.0,49.15118499775417,frame_fifo_full,,,,,,,,,,,,,,,,,,,,,,,,,,,,,,,,,,,,,,,,,,,,,,,,,,,,,,,,
rsg_object_detection,dropped_oldest,2906,rsg_20260806_190_004899999_002906,dropped,True,fifo_cached_frame,2887,305,0,2580,305,0,1,0.0,50.71537800540682,frame_fifo_full,,,,,,,,,,,,,,,,,,,,,,,,,,,,,,,,,,,,,,,,,,,,,,,,,,,,,,,,
rsg_object_detection,dropped_oldest,2907,rsg_20260806_190_054900000_002907,dropped,True,fifo_cached_frame,2888,305,0,2581,305,0,1,0.0,87.54434800357558,frame_fifo_full,,,,,,,,,,,,,,,,,,,,,,,,,,,,,,,,,,,,,,,,,,,,,,,,,,,,,,,,
rsg_object_detection,dropped_oldest,2908,rsg_20260806_190_104899999_002908,dropped,True,fifo_cached_frame,2889,305,0,2582,305,0,1,0.0,60.66037100390531,frame_fifo_full,,,,,,,,,,,,,,,,,,,,,,,,,,,,,,,,,,,,,,,,,,,,,,,,,,,,,,,,
rsg_object_detection,dropped_oldest,2909,rsg_20260806_190_204900000_002909,dropped,True,fifo_cached_frame,2890,305,0,2583,305,0,1,0.0,68.94293399818707,frame_fifo_full,,,,,,,,,,,,,,,,,,,,,,,,,,,,,,,,,,,,,,,,,,,,,,,,,,,,,,,,
rsg_object_detection,dropped_oldest,2910,rsg_20260806_190_254899999_002910,dropped,True,fifo_cached_frame,2891,305,0,2584,305,0,1,0.0,42.894476995570585,frame_fifo_full,,,,,,,,,,,,,,,,,,,,,,,,,,,,,,,,,,,,,,,,,,,,,,,,,,,,,,,,
rsg_object_detection,frame_trace,2903,rsg_20260806_189_754899999_002903,sent_to_hydra,,,,,,,,,,,650.0809810095234,ok,9.51417900796514,633.1464149989188,1.4645769988419488,0.15116800204850733,1.3134089967934415,0.002688000677153468,1.5277439961209893,0.21967999055050313,279.34438300144393,14.599909001844935,0.00672000169288367,294.17069199553225,123.27936700603459,34.84858700539917,3.900127994711511,31.301737981266342,51.64568200416397,122.57853499613702,3.9929929771460593,1.1349130072630942,0.49420801224187016,1.4686719950987026,0.4203839926049113,0.0052480027079582214,253.39076800446492,2.9850889986846596,0.13251199561636895,80.89042600477114,0.049184003728441894,5.08573000843171,4.44345799041912,0.0912320101633668,0.5510400078492239,3.708353004185483,0.7139520021155477,0.006143993232399225,5.95312200312037,8,0,8,0,0,,,,,,,,,,,,,,
rsg_object_detection,dropped_oldest,2911,rsg_20260806_190_304900000_002911,dropped,True,fifo_cached_frame,2892,305,0,2585,306,0,1,0.0,182.12876199686434,frame_fifo_full,,,,,,,,,,,,,,,,,,,,,,,,,,,,,,,,,,,,,,,,,,,,,,,,,,,,,,,,
rsg_object_detection,dropped_oldest,2913,rsg_20260806_190_504899999_002913,dropped,True,fifo_cached_frame,2894,306,0,2586,306,0,1,0.0,41.62631700455677,frame_fifo_full,,,,,,,,,,,,,,,,,,,,,,,,,,,,,,,,,,,,,,,,,,,,,,,,,,,,,,,,
rsg_object_detection,dropped_oldest,2914,rsg_20260806_190_554900000_002914,dropped,True,fifo_cached_frame,2895,306,0,2587,306,0,1,0.0,48.68433599767741,frame_fifo_full,,,,,,,,,,,,,,,,,,,,,,,,,,,,,,,,,,,,,,,,,,,,,,,,,,,,,,,,
rsg_object_detection,frame_trace,2912,rsg_20260806_190_454900000_002912,sent_to_hydra,,,,,,,,,,,624.5839729963336,ok,9.332834990345873,608.9884480024921,1.568065010360442,0.19472000712994486,1.3733450032304972,0.0032320094760507345,2.3825279931770638,0.20064000273123384,273.32402298634406,14.897957007633522,0.0060480087995529175,288.42866800550837,120.21840599481948,29.810504987835884,8.772770976065658,47.52699202799704,33.35751402482856,113.26784400444012,3.331586005515419,0.6441599980462343,0.319807993946597,1.2675839971052483,0.37587201222777367,0.0052480027079582214,239.44711600779556,2.4226890091085806,0.14335999730974436,76.11579899094068,0.04828799865208566,4.728897998575121,4.077026009326801,0.1018879993353039,0.5499839899130166,3.927008991013281,0.6709440058330074,0.005983994924463332,4.691392983659171,8,0,7,0,0,,,,,,,,,,,,,,
rsg_object_detection,,971,rsg_20260806_66_654880000_000971,vlm_done,,,,,,,,,,,,ok,,,,,,,,,,,,,,,,,,,,,,,,,,,,,,,,,,,,,,,,,,,rsg_obj_000107,rsg_unknown_rsg_20260806_66_654880000_000971_006_nanosam_003,,,4,0.3574475933275813,bookshelf,0.97,static,0.99,4555.483671996626,123268.75099100289,qwen_http,Qwen3-VL-8B-Instruct-GGUF
rsg_object_detection,completed,971,rsg_20260806_66_654880000_000971,,,,,,,,,,,118713.265495011,,vlm_done,,,,,,,,,,,,,,,,,,,,,,,,,,,,,,,,,,,,,,,,,,,rsg_obj_000107,rsg_unknown_rsg_20260806_66_654880000_000971_006_nanosam_003,97,300,4,0.3574475933275813,,,,,,,,
rsg_object_detection,dequeued,1061,rsg_20260806_71_704880000_001061,,,,,,,,,,,123190.33893499,,fifo_order,,,,,,,,,,,,,,,,,,,,,,,,,,,,,,,,,,,,,,,,,,,rsg_obj_000108,rsg_unknown_rsg_20260806_71_704880000_001061_002_nanosam_007,96,300,16,0.7104178491465322,,,,,,,,
rsg_object_detection,frame_trace,2915,rsg_20260806_190_604899999_002915,sent_to_hydra,,,,,,,,,,,1403.2276880025165,ok,9.009953995700926,818.2525290030753,571.4359550038353,0.12915200204588473,571.3068030017894,0.004287998308427632,0.9891520021483302,0.18556800205260515,255.85245998809114,15.729763996205293,0.007456008461304009,271.77524799481034,72.19906203681603,16.681188018992543,4.51488203543704,31.531913016806357,18.89642301830463,393.7558600009652,2.4109770165523514,0.4433599970070645,0.2692479465622455,1.0156480129808187,0.35340800241101533,0.004511995939537883,470.46791500179097,2.1918089914834127,0.11616000847425312,72.66030900063924,0.05193600372876972,4.928288995870389,4.2839050001930445,0.09113599662669003,0.5532479990506545,3.552576992660761,0.5242880142759532,0.004799992893822491,4.5249620015965775,8,0,6,0,0,,,,,,,,,,,,,,
rsg_object_detection,,1061,rsg_20260806_71_704880000_001061,vlm_done,,,,,,,,,,,,ok,,,,,,,,,,,,,,,,,,,,,,,,,,,,,,,,,,,,,,,,,,,rsg_obj_000108,rsg_unknown_rsg_20260806_71_704880000_001061_002_nanosam_007,,,16,0.7104178491465322,office_chair,0.97,static,0.99,4442.02694100386,127632.3677959881,qwen_http,Qwen3-VL-8B-Instruct-GGUF
rsg_object_detection,completed,1061,rsg_20260806_71_704880000_001061,,,,,,,,,,,123190.33893499,,vlm_done,,,,,,,,,,,,,,,,,,,,,,,,,,,,,,,,,,,,,,,,,,,rsg_obj_000108,rsg_unknown_rsg_20260806_71_704880000_001061_002_nanosam_007,96,300,16,0.7104178491465322,,,,,,,,
rsg_object_detection,dequeued,894,rsg_20260806_62_454880000_000894,,,,,,,,,,,127586.36856501107,,fifo_order,,,,,,,,,,,,,,,,,,,,,,,,,,,,,,,,,,,,,,,,,,,rsg_obj_000110,rsg_unknown_rsg_20260806_62_454880000_000894_006_nanosam_003,95,300,1,0.6547065407665232,,,,,,,,
rsg_object_detection,,894,rsg_20260806_62_454880000_000894,vlm_failed,,,,,,,,,,,,"{""label"":""unknown_object"",""label_confidence"":0.0,""mobility_class"":""unknown"",""mobility_confidence"":0.0}",,,,,,,,,,,,,,,,,,,,,,,,,,,,,,,,,,,,,,,,,,,rsg_obj_000110,rsg_unknown_rsg_20260806_62_454880000_000894_006_nanosam_003,,,1,0.6547065407665232,unknown_object,0.0,unknown,0.0,4439.612601985573,132025.98308700544,qwen_http,Qwen3-VL-8B-Instruct-GGUF
rsg_object_detection,completed,894,rsg_20260806_62_454880000_000894,,,,,,,,,,,127586.36856501107,,vlm_failed,,,,,,,,,,,,,,,,,,,,,,,,,,,,,,,,,,,,,,,,,,,rsg_obj_000110,rsg_unknown_rsg_20260806_62_454880000_000894_006_nanosam_003,95,300,1,0.6547065407665232,,,,,,,,
rsg_object_detection,dequeued,935,rsg_20260806_64_854879999_000935,,,,,,,,,,,131007.8312639962,,fifo_order,,,,,,,,,,,,,,,,,,,,,,,,,,,,,,,,,,,,,,,,,,,rsg_obj_000114,rsg_unknown_rsg_20260806_64_854879999_000935_002_nanosam_005,94,300,2,0.4425494621569589,,,,,,,,
rsg_object_detection,,935,rsg_20260806_64_854879999_000935,vlm_failed,,,,,,,,,,,,"{""label"":""unknown_object"",""label_confidence"":0.0,""mobility_class"":""unknown"",""mobility_confidence"":0.0}",,,,,,,,,,,,,,,,,,,,,,,,,,,,,,,,,,,,,,,,,,,rsg_obj_000114,rsg_unknown_rsg_20260806_64_854879999_000935_002_nanosam_005,,,2,0.4425494621569589,unknown_object,0.0,unknown,0.0,3972.441186007927,134980.27436999837,qwen_http,Qwen3-VL-8B-Instruct-GGUF
rsg_object_detection,completed,935,rsg_20260806_64_854879999_000935,,,,,,,,,,,131007.8312639962,,vlm_failed,,,,,,,,,,,,,,,,,,,,,,,,,,,,,,,,,,,,,,,,,,,rsg_obj_000114,rsg_unknown_rsg_20260806_64_854879999_000935_002_nanosam_005,94,300,2,0.4425494621569589,,,,,,,,
rsg_object_detection,dequeued,983,rsg_20260806_67_254880000_000983,,,,,,,,,,,133237.41170299763,,fifo_order,,,,,,,,,,,,,,,,,,,,,,,,,,,,,,,,,,,,,,,,,,,rsg_obj_000116,rsg_unknown_rsg_20260806_67_254880000_000983_006_nanosam_004,93,300,3,0.697099024258564,,,,,,,,
rsg_object_detection,,983,rsg_20260806_67_254880000_000983,vlm_done,,,,,,,,,,,,ok,,,,,,,,,,,,,,,,,,,,,,,,,,,,,,,,,,,,,,,,,,,rsg_obj_000116,rsg_unknown_rsg_20260806_67_254880000_000983_006_nanosam_004,,,3,0.697099024258564,ceiling_light,0.98,static,0.99,4533.885476994328,137771.29903600144,qwen_http,Qwen3-VL-8B-Instruct-GGUF
rsg_object_detection,completed,983,rsg_20260806_67_254880000_000983,,,,,,,,,,,133237.41170299763,,vlm_done,,,,,,,,,,,,,,,,,,,,,,,,,,,,,,,,,,,,,,,,,,,rsg_obj_000116,rsg_unknown_rsg_20260806_67_254880000_000983_006_nanosam_004,93,300,3,0.697099024258564,,,,,,,,
rsg_object_detection,dequeued,1095,rsg_20260806_73_454880000_001095,,,,,,,,,,,134788.38704699592,,fifo_order,,,,,,,,,,,,,,,,,,,,,,,,,,,,,,,,,,,,,,,,,,,rsg_obj_000124,rsg_unknown_rsg_20260806_73_454880000_001095_003_nanosam_008,92,300,9,0.4842132007469655,,,,,,,,
rsg_object_detection,,1095,rsg_20260806_73_454880000_001095,vlm_done,,,,,,,,,,,,ok,,,,,,,,,,,,,,,,,,,,,,,,,,,,,,,,,,,,,,,,,,,rsg_obj_000124,rsg_unknown_rsg_20260806_73_454880000_001095_003_nanosam_008,,,9,0.4842132007469655,drawer,0.97,static,0.99,3745.5640640109777,138533.95267900487,qwen_http,Qwen3-VL-8B-Instruct-GGUF
rsg_object_detection,completed,1095,rsg_20260806_73_454880000_001095,,,,,,,,,,,134788.38704699592,,vlm_done,,,,,,,,,,,,,,,,,,,,,,,,,,,,,,,,,,,,,,,,,,,rsg_obj_000124,rsg_unknown_rsg_20260806_73_454880000_001095_003_nanosam_008,92,300,9,0.4842132007469655,,,,,,,,
rsg_object_detection,dequeued,1006,rsg_20260806_68_604879999_001006,,,,,,,,,,,138526.96644500247,,fifo_order,,,,,,,,,,,,,,,,,,,,,,,,,,,,,,,,,,,,,,,,,,,rsg_obj_000125,rsg_unknown_rsg_20260806_68_604879999_001006_003_nanosam_004,91,300,1,0.7149934258088008,,,,,,,,
rsg_object_detection,,1006,rsg_20260806_68_604879999_001006,vlm_failed,,,,,,,,,,,,"{""label"":""unknown_object"",""label_confidence"":0.0,""mobility_class"":""unknown"",""mobility_confidence"":0.0}",,,,,,,,,,,,,,,,,,,,,,,,,,,,,,,,,,,,,,,,,,,rsg_obj_000125,rsg_unknown_rsg_20260806_68_604879999_001006_003_nanosam_004,,,1,0.7149934258088008,unknown_object,0.0,unknown,0.0,4371.1100130021805,142898.07840999856,qwen_http,Qwen3-VL-8B-Instruct-GGUF
rsg_object_detection,completed,1006,rsg_20260806_68_604879999_001006,,,,,,,,,,,138526.96644500247,,vlm_failed,,,,,,,,,,,,,,,,,,,,,,,,,,,,,,,,,,,,,,,,,,,rsg_obj_000125,rsg_unknown_rsg_20260806_68_604879999_001006_003_nanosam_004,91,300,1,0.7149934258088008,,,,,,,,
rsg_object_detection,dequeued,1075,rsg_20260806_72_404880000_001075,,,,,,,,,,,141173.4217760095,,fifo_order,,,,,,,,,,,,,,,,,,,,,,,,,,,,,,,,,,,,,,,,,,,rsg_obj_000128,rsg_unknown_rsg_20260806_72_404880000_001075_000_nanosam_003,90,300,4,0.6555249054155259,,,,,,,,
