node,event,sequence,frame_id,status,timing_valid,timing_source,received_count,processed_count,failed_count,dropped_count,hydra_published_count,frame_fifo_size,frame_fifo_max_size,queue_wait_ms,total_delay_ms,reason,coordinator_delay_ms,classifier_delay_ms,sent_to_classifier_delay_ms,callback_enqueue_delay_ms,frame_queue_wait_ms,classifier_debug_record_delay_ms,image_conversion_delay_ms,sam_prepare_ms,sam_inference_ms,sam_restore_ms,sam_other_ms,sam_delay_ms,geometry_metadata_ms,geometry_mask_extract_ms,geometry_depth_gather_ms,geometry_projection_ms,geometry_stats_ms,frame_assignment_ms,assignment_candidate_search_ms,assignment_row_init_ms,assignment_3d_geometry_ms,assignment_centroid_iou_ms,assignment_scoring_ms,assignment_a2_redundancy_ms,assignment_a3_nested_ms,assignment_hungarian_ms,assignment_candidate_count_total,assignment_candidate_count_max,assignment_lock_wait_ms,association_lock_wait_ms,track_association_ms,crop_update_ms,run_rap_other_ms,active_segments_publish_ms,semantic_dispatch_ms,quality_deferred_release_ms,rap_delay_ms,label_map_delay_ms,metadata_delay_ms,result_message_build_delay_ms,classifier_other_ms,hydra_build_delay_ms,hydra_depth_filter_ms,hydra_metadata_build_ms,hydra_build_other_ms,hydra_publish_delay_ms,unknown_publish_delay_ms,coordinator_other_ms,pipeline_wait_ms,num_masks,num_known,num_unknown,num_unknown_tracks,num_vlm_queued,unknown_track_id,candidate_id,queue_size,queue_max_size,track_seen_count,best_frame_score,predicted_label,label_confidence,mobility_class,mobility_confidence,vlm_delay_ms,total_age_ms,backend,model
rsg_object_detection,dropped_oldest,2,rsg_20260806_13_754880000_000002,dropped,True,fifo_cached_frame,3,0,0,1,0,0,1,0.0,43.21746900677681,frame_fifo_full,,,,,,,,,,,,,,,,,,,,,,,,,,,,,,,,,,,,,,,,,,,,,,,,,,,,,,,,,,,,,,,,,,,,
rsg_object_detection,dropped_oldest,3,rsg_20260806_13_804880000_000003,dropped,True,fifo_cached_frame,4,0,0,2,0,0,1,0.0,59.08339699089993,frame_fifo_full,,,,,,,,,,,,,,,,,,,,,,,,,,,,,,,,,,,,,,,,,,,,,,,,,,,,,,,,,,,,,,,,,,,,
rsg_object_detection,dropped_oldest,4,rsg_20260806_13_854879999_000004,dropped,True,fifo_cached_frame,5,0,0,3,0,0,1,0.0,42.926816997351125,frame_fifo_full,,,,,,,,,,,,,,,,,,,,,,,,,,,,,,,,,,,,,,,,,,,,,,,,,,,,,,,,,,,,,,,,,,,,
rsg_object_detection,dropped_oldest,5,rsg_20260806_13_904880000_000005,dropped,True,fifo_cached_frame,6,0,0,4,0,0,1,0.0,47.59042400110047,frame_fifo_full,,,,,,,,,,,,,,,,,,,,,,,,,,,,,,,,,,,,,,,,,,,,,,,,,,,,,,,,,,,,,,,,,,,,
rsg_object_detection,dropped_oldest,6,rsg_20260806_13_954879999_000006,dropped,True,fifo_cached_frame,7,0,0,5,0,0,1,0.0,51.54658600804396,frame_fifo_full,,,,,,,,,,,,,,,,,,,,,,,,,,,,,,,,,,,,,,,,,,,,,,,,,,,,,,,,,,,,,,,,,,,,
rsg_object_detection,dropped_oldest,7,rsg_20260806_14_004879999_000007,dropped,True,fifo_cached_frame,8,0,0,6,0,0,1,0.0,49.80162100400776,frame_fifo_full,,,,,,,,,,,,,,,,,,,,,,,,,,,,,,,,,,,,,,,,,,,,,,,,,,,,,,,,,,,,,,,,,,,,
rsg_object_detection,dropped_oldest,8,rsg_20260806_14_054880000_000008,dropped,True,fifo_cached_frame,9,0,0,7,0,0,1,0.0,49.10822400415782,frame_fifo_full,,,,,,,,,,,,,,,,,,,,,,,,,,,,,,,,,,,,,,,,,,,,,,,,,,,,,,,,,,,,,,,,,,,,
rsg_object_detection,dropped_oldest,9,rsg_20260806_14_104879999_000009,dropped,True,fifo_cached_frame,10,0,0,8,0,0,1,0.0,52.216048003174365,frame_fifo_full,,,,,,,,,,,,,,,,,,,,,,,,,,,,,,,,,,,,,,,,,,,,,,,,,,,,,,,,,,,,,,,,,,,,
rsg_object_detection,dropped_oldest,10,rsg_20260806_14_154880000_000010,dropped,True,fifo_cached_frame,11,0,0,9,0,0,1,0.0,59.866105002583936,frame_fifo_full,,,,,,,,,,,,,,,,,,,,,,,,,,,,,,,,,,,,,,,,,,,,,,,,,,,,,,,,,,,,,,,,,,,,
rsg_object_detection,dropped_oldest,11,rsg_20260806_14_204879999_000011,dropped,True,fifo_cached_frame,12,0,0,10,0,0,1,0.0,40.50880599243101,frame_fifo_full,,,,,,,,,,,,,,,,,,,,,,,,,,,,,,,,,,,,,,,,,,,,,,,,,,,,,,,,,,,,,,,,,,,,
rsg_object_detection,dropped_oldest,12,rsg_20260806_14_254880000_000012,dropped,True,fifo_cached_frame,13,0,0,11,0,0,1,0.0,117.54427599953488,frame_fifo_full,,,,,,,,,,,,,,,,,,,,,,,,,,,,,,,,,,,,,,,,,,,,,,,,,,,,,,,,,,,,,,,,,,,,
rsg_object_detection,dropped_oldest,13,rsg_20260806_14_304880000_000013,dropped,True,fifo_cached_frame,14,0,0,12,0,0,1,0.0,18.962551999720745,frame_fifo_full,,,,,,,,,,,,,,,,,,,,,,,,,,,,,,,,,,,,,,,,,,,,,,,,,,,,,,,,,,,,,,,,,,,,
rsg_object_detection,frame_trace,1,rsg_20260806_13_704879999_000001,sent_to_hydra,,,,,,,,,,,684.4170480035245,ok,33.54248400137294,649.5390329946531,1.1452619946794584,0.14108599862083793,1.0041759960586205,0.003616005415096879,5.570057008299045,0.2529880002839491,490.45905499951914,26.03348100092262,0.006911999662406743,516.7524360003881,96.19046497391537,20.053605985594913,6.809527010773309,50.72506400756538,17.89555896539241,7.70192701020278,1.11479900078848,0.0,0.0,0.0,0.0,3.201838000677526,3.0600800091633573,0.2798669884214178,0.0,0.0,0.004960005753673613,0.01686398172751069,2.897520986152813,2.045601009740494,0.344380023307167,1.3112440065015107,0.029663002351298928,0.00457599526271224,110.54319998947904,10.572282990324311,1.027567996061407,5.033809007727541,0.03968000237364322,23.065271001541987,22.50003301014658,0.10086300608236343,0.464374985313043,9.656745009124279,0.8159880089806393,0.004479981726035476,0.1866530074039474,8,0,8,0,0,,,,,,,,,,,,,,
rsg_object_detection,dropped_oldest,16,rsg_20260806_14_454879999_000016,dropped,True,fifo_cached_frame,16,1,0,13,1,0,1,0.0,41.112349994364195,frame_fifo_full,,,,,,,,,,,,,,,,,,,,,,,,,,,,,,,,,,,,,,,,,,,,,,,,,,,,,,,,,,,,,,,,,,,,
rsg_object_detection,dropped_oldest,17,rsg_20260806_14_504880000_000017,dropped,True,fifo_cached_frame,17,1,0,14,1,0,1,0.0,48.548361999564804,frame_fifo_full,,,,,,,,,,,,,,,,,,,,,,,,,,,,,,,,,,,,,,,,,,,,,,,,,,,,,,,,,,,,,,,,,,,,
rsg_object_detection,dropped_oldest,18,rsg_20260806_14_554880000_000018,dropped,True,fifo_cached_frame,18,1,0,15,1,0,1,0.0,52.88560599728953,frame_fifo_full,,,,,,,,,,,,,,,,,,,,,,,,,,,,,,,,,,,,,,,,,,,,,,,,,,,,,,,,,,,,,,,,,,,,
rsg_object_detection,dropped_oldest,19,rsg_20260806_14_604879999_000019,dropped,True,fifo_cached_frame,19,1,0,16,1,0,1,0.0,49.322014005156234,frame_fifo_full,,,,,,,,,,,,,,,,,,,,,,,,,,,,,,,,,,,,,,,,,,,,,,,,,,,,,,,,,,,,,,,,,,,,
rsg_object_detection,dropped_oldest,20,rsg_20260806_14_654880000_000020,dropped,True,fifo_cached_frame,20,1,0,17,1,0,1,0.0,48.70602299342863,frame_fifo_full,,,,,,,,,,,,,,,,,,,,,,,,,,,,,,,,,,,,,,,,,,,,,,,,,,,,,,,,,,,,,,,,,,,,
rsg_object_detection,dropped_oldest,21,rsg_20260806_14_704879999_000021,dropped,True,fifo_cached_frame,21,1,0,18,1,0,1,0.0,51.88578199886251,frame_fifo_full,,,,,,,,,,,,,,,,,,,,,,,,,,,,,,,,,,,,,,,,,,,,,,,,,,,,,,,,,,,,,,,,,,,,
rsg_object_detection,dropped_oldest,22,rsg_20260806_14_754880000_000022,dropped,True,fifo_cached_frame,22,1,0,19,1,0,1,0.0,50.95632400480099,frame_fifo_full,,,,,,,,,,,,,,,,,,,,,,,,,,,,,,,,,,,,,,,,,,,,,,,,,,,,,,,,,,,,,,,,,,,,
rsg_object_detection,dropped_oldest,23,rsg_20260806_14_804880000_000023,dropped,True,fifo_cached_frame,23,1,0,20,1,0,1,0.0,80.23490599589422,frame_fifo_full,,,,,,,,,,,,,,,,,,,,,,,,,,,,,,,,,,,,,,,,,,,,,,,,,,,,,,,,,,,,,,,,,,,,
rsg_object_detection,dropped_oldest,24,rsg_20260806_14_854879999_000024,dropped,True,fifo_cached_frame,24,1,0,21,1,0,1,0.0,39.30248999677133,frame_fifo_full,,,,,,,,,,,,,,,,,,,,,,,,,,,,,,,,,,,,,,,,,,,,,,,,,,,,,,,,,,,,,,,,,,,,
rsg_object_detection,frame_trace,14,rsg_20260806_14_354879999_000014,sent_to_hydra,,,,,,,,,,,551.4395119971596,ok,21.800299000460654,499.17635999736376,30.175241001415998,0.1696940016699955,30.005546999746002,0.00409600033890456,0.9393450018251315,0.15273400640580803,349.94451599777676,15.424366996739991,0.006016009137965739,365.5276330100605,87.05492700391915,18.3502409781795,6.003300004522316,37.13535600400064,24.814077027258463,29.40712499548681,20.636446002754383,0.17004706023726612,11.307669017696753,6.095101052778773,0.6481800664914772,5.254957999568433,3.0814869969617575,0.39263399958144873,49.0,8.0,0.0033600081223994493,0.014367993571795523,3.471785006695427,1.4357529871631414,0.36047599860467017,1.478759993915446,0.028992013540118933,0.0036800047382712364,123.26041000778787,2.8912190027767792,0.12927799252793193,6.393723990186118,0.03475099219940603,17.62270000472199,17.074741001124494,0.09593499999027699,0.45202400360722095,3.542569000273943,0.6296539941104129,0.005376001354306936,0.2835159975802526,8,0,8,0,0,,,,,,,,,,,,,,
rsg_object_detection,dropped_oldest,26,rsg_20260806_14_954879999_000026,dropped,True,fifo_cached_frame,26,2,0,22,2,0,1,0.0,49.810837997938506,frame_fifo_full,,,,,,,,,,,,,,,,,,,,,,,,,,,,,,,,,,,,,,,,,,,,,,,,,,,,,,,,,,,,,,,,,,,,
rsg_object_detection,dropped_oldest,27,rsg_20260806_15_004879999_000027,dropped,True,fifo_cached_frame,27,2,0,23,2,0,1,0.0,63.302883005235344,frame_fifo_full,,,,,,,,,,,,,,,,,,,,,,,,,,,,,,,,,,,,,,,,,,,,,,,,,,,,,,,,,,,,,,,,,,,,
rsg_object_detection,dropped_oldest,28,rsg_20260806_15_054880000_000028,dropped,True,fifo_cached_frame,28,2,0,24,2,0,1,0.0,39.62354001123458,frame_fifo_full,,,,,,,,,,,,,,,,,,,,,,,,,,,,,,,,,,,,,,,,,,,,,,,,,,,,,,,,,,,,,,,,,,,,
rsg_object_detection,dropped_oldest,29,rsg_20260806_15_104879999_000029,dropped,True,fifo_cached_frame,29,2,0,25,2,0,1,0.0,53.55612300627399,frame_fifo_full,,,,,,,,,,,,,,,,,,,,,,,,,,,,,,,,,,,,,,,,,,,,,,,,,,,,,,,,,,,,,,,,,,,,
rsg_object_detection,dropped_oldest,30,rsg_20260806_15_154880000_000030,dropped,True,fifo_cached_frame,30,2,0,26,2,0,1,0.0,47.61826399771962,frame_fifo_full,,,,,,,,,,,,,,,,,,,,,,,,,,,,,,,,,,,,,,,,,,,,,,,,,,,,,,,,,,,,,,,,,,,,
rsg_object_detection,dropped_oldest,31,rsg_20260806_15_204879999_000031,dropped,True,fifo_cached_frame,31,2,0,27,2,0,1,0.0,54.646346005029045,frame_fifo_full,,,,,,,,,,,,,,,,,,,,,,,,,,,,,,,,,,,,,,,,,,,,,,,,,,,,,,,,,,,,,,,,,,,,
rsg_object_detection,frame_trace,25,rsg_20260806_14_904880000_000025,sent_to_hydra,,,,,,,,,,,403.0011269933311,ok,9.174544000416063,372.30464699678123,21.19397299247794,0.13487799151334912,21.05909500096459,0.004064000677317381,2.503513009287417,0.17350100097246468,227.41670299728867,23.121142003219575,0.007295995601452887,250.71864199708216,72.12098497257102,19.462192998616956,5.39444200694561,17.98055299150292,28.596224015927874,27.512690008734353,14.601019996916875,0.14595106767956167,10.202778968960047,1.4267001097323373,0.7141020323615521,3.1036950094858184,9.011283007566817,0.7540049991803244,54.0,9.0,0.004607994924299419,0.014656019629910588,3.4802329901140183,1.189804999739863,0.33193203853443265,1.2471170048229396,0.031231000320985913,0.0045439956011250615,105.93421700468753,5.670119004207663,0.1422060013283044,7.299437987967394,0.03651199222076684,4.26233300822787,3.6917499965056777,0.09503800538368523,0.47554500633850694,4.26028500078246,0.6469660002039745,0.004959991201758385,0.3238990029785782,8,0,8,0,0,,,,,,,,,,,,,,
rsg_object_detection,dropped_oldest,33,rsg_20260806_15_304880000_000033,dropped,True,fifo_cached_frame,33,3,0,28,3,0,1,0.0,16.149315997608937,frame_fifo_full,,,,,,,,,,,,,,,,,,,,,,,,,,,,,,,,,,,,,,,,,,,,,,,,,,,,,,,,,,,,,,,,,,,,
rsg_object_detection,dropped_oldest,34,rsg_20260806_15_354879999_000034,dropped,True,fifo_cached_frame,34,3,0,29,3,0,1,0.0,26.267206005286425,frame_fifo_full,,,,,,,,,,,,,,,,,,,,,,,,,,,,,,,,,,,,,,,,,,,,,,,,,,,,,,,,,,,,,,,,,,,,
rsg_object_detection,dropped_oldest,35,rsg_20260806_15_404880000_000035,dropped,True,fifo_cached_frame,35,3,0,30,3,0,1,0.0,49.131744002806954,frame_fifo_full,,,,,,,,,,,,,,,,,,,,,,,,,,,,,,,,,,,,,,,,,,,,,,,,,,,,,,,,,,,,,,,,,,,,
rsg_object_detection,dropped_oldest,36,rsg_20260806_15_454879999_000036,dropped,True,fifo_cached_frame,36,3,0,31,3,0,1,0.0,49.89422799553722,frame_fifo_full,,,,,,,,,,,,,,,,,,,,,,,,,,,,,,,,,,,,,,,,,,,,,,,,,,,,,,,,,,,,,,,,,,,,
rsg_object_detection,dropped_oldest,37,rsg_20260806_15_504880000_000037,dropped,True,fifo_cached_frame,37,3,0,32,3,0,1,0.0,49.47721099597402,frame_fifo_full,,,,,,,,,,,,,,,,,,,,,,,,,,,,,,,,,,,,,,,,,,,,,,,,,,,,,,,,,,,,,,,,,,,,
rsg_object_detection,dropped_oldest,38,rsg_20260806_15_554880000_000038,dropped,True,fifo_cached_frame,38,3,0,33,3,0,1,0.0,51.32486300135497,frame_fifo_full,,,,,,,,,,,,,,,,,,,,,,,,,,,,,,,,,,,,,,,,,,,,,,,,,,,,,,,,,,,,,,,,,,,,
rsg_object_detection,dropped_oldest,39,rsg_20260806_15_604879999_000039,dropped,True,fifo_cached_frame,39,3,0,34,3,0,1,0.0,69.81612600793596,frame_fifo_full,,,,,,,,,,,,,,,,,,,,,,,,,,,,,,,,,,,,,,,,,,,,,,,,,,,,,,,,,,,,,,,,,,,,
rsg_object_detection,dropped_oldest,40,rsg_20260806_15_654880000_000040,dropped,True,fifo_cached_frame,40,3,0,35,3,0,1,0.0,41.05151900148485,frame_fifo_full,,,,,,,,,,,,,,,,,,,,,,,,,,,,,,,,,,,,,,,,,,,,,,,,,,,,,,,,,,,,,,,,,,,,
rsg_object_detection,frame_trace,32,rsg_20260806_15_254880000_000032,sent_to_hydra,,,,,,,,,,,467.4749379919376,ok,11.453900995547883,386.02929799526464,69.1897669894388,0.14556599489878863,69.04420099454,0.0018559949239715934,1.0209129977738485,0.15948600776027888,247.39475900423713,18.16275699820835,0.005919995601288974,265.72292200580705,64.44548898434732,17.50420598546043,4.261372989276424,23.080760991433635,18.940152003779076,25.514160995953716,9.59124299697578,0.14611199731007218,5.087790035759099,1.5643229853594676,0.7094660250004381,9.953987988410518,5.406476004282013,0.5188079958315939,56.0,9.0,0.005182999302633107,0.014976001693867147,3.3350839657941833,0.7882750214776024,0.3784270375035703,2.5536239991197363,0.051678987802006304,0.005727997631765902,97.09230699809268,4.510328988544643,0.13279799895826727,17.51438301289454,0.0356459931936115,7.327629005885683,6.790101993829012,0.09196599421557039,0.4455610178411007,3.473610006039962,0.6479899893747643,0.004671994247473776,0.8001160167623311,8,0,8,0,0,,,,,,,,,,,,,,
rsg_object_detection,dropped_oldest,42,rsg_20260806_15_754880000_000042,dropped,True,fifo_cached_frame,42,4,0,36,4,0,1,0.0,40.96393600048032,frame_fifo_full,,,,,,,,,,,,,,,,,,,,,,,,,,,,,,,,,,,,,,,,,,,,,,,,,,,,,,,,,,,,,,,,,,,,
rsg_object_detection,dropped_oldest,43,rsg_20260806_15_804880000_000043,dropped,True,fifo_cached_frame,43,4,0,37,4,0,1,0.0,48.94531599711627,frame_fifo_full,,,,,,,,,,,,,,,,,,,,,,,,,,,,,,,,,,,,,,,,,,,,,,,,,,,,,,,,,,,,,,,,,,,,
rsg_object_detection,dropped_oldest,44,rsg_20260806_15_854879999_000044,dropped,True,fifo_cached_frame,44,4,0,38,4,0,1,0.0,60.450767996371724,frame_fifo_full,,,,,,,,,,,,,,,,,,,,,,,,,,,,,,,,,,,,,,,,,,,,,,,,,,,,,,,,,,,,,,,,,,,,
rsg_object_detection,dropped_oldest,45,rsg_20260806_15_904880000_000045,dropped,True,fifo_cached_frame,45,4,0,39,4,0,1,0.0,56.629227998200804,frame_fifo_full,,,,,,,,,,,,,,,,,,,,,,,,,,,,,,,,,,,,,,,,,,,,,,,,,,,,,,,,,,,,,,,,,,,,
rsg_object_detection,dropped_oldest,46,rsg_20260806_15_954879999_000046,dropped,True,fifo_cached_frame,46,4,0,40,4,0,1,0.0,52.732680007466115,frame_fifo_full,,,,,,,,,,,,,,,,,,,,,,,,,,,,,,,,,,,,,,,,,,,,,,,,,,,,,,,,,,,,,,,,,,,,
rsg_object_detection,dropped_oldest,47,rsg_20260806_16_004879999_000047,dropped,True,fifo_cached_frame,47,4,0,41,4,0,1,0.0,31.362166002509184,frame_fifo_full,,,,,,,,,,,,,,,,,,,,,,,,,,,,,,,,,,,,,,,,,,,,,,,,,,,,,,,,,,,,,,,,,,,,
rsg_object_detection,dropped_oldest,48,rsg_20260806_16_054880000_000048,dropped,True,fifo_cached_frame,48,4,0,42,4,0,1,0.0,57.20307500450872,frame_fifo_full,,,,,,,,,,,,,,,,,,,,,,,,,,,,,,,,,,,,,,,,,,,,,,,,,,,,,,,,,,,,,,,,,,,,
rsg_object_detection,frame_trace,41,rsg_20260806_15_704879999_000041,sent_to_hydra,,,,,,,,,,,405.2916840009857,ok,8.511834996170364,379.60133400338236,16.760537997470237,0.16006099758669734,16.60047699988354,0.0014399993233382702,0.9541290055494756,0.1585889986017719,220.9650289878482,18.78681000380311,0.00553599966224283,239.91596398991533,89.26849500858225,31.78686401224695,8.075999008724466,37.92792100284714,10.95707698550541,29.56251401337795,6.984594991081394,0.12908701319247484,3.426697992836125,1.1521440173964947,0.6666429399047047,19.06683800916653,2.9426739929476753,0.5194480036152527,56.0,9.0,0.004574991180561483,0.018656020984053612,3.4632739989319816,1.8144679925171658,0.35477698838803917,1.2470840010792017,0.030975992558524013,0.0036479905247688293,125.76142800389789,3.2623809966025874,0.14511699555441737,6.427612010156736,3.1347030017059296,4.497625996009447,4.055329001857899,0.09439799760002643,0.3478989965515211,3.374506995896809,0.6346779991872609,0.0050240050768479705,0.4165370046393946,8,0,8,0,0,,,,,,,,,,,,,,
rsg_object_detection,dropped_oldest,50,rsg_20260806_16_154879999_000050,dropped,True,fifo_cached_frame,50,5,0,43,5,0,1,0.0,43.95787300018128,frame_fifo_full,,,,,,,,,,,,,,,,,,,,,,,,,,,,,,,,,,,,,,,,,,,,,,,,,,,,,,,,,,,,,,,,,,,,
rsg_object_detection,dropped_oldest,51,rsg_20260806_16_204879999_000051,dropped,True,fifo_cached_frame,51,5,0,44,5,0,1,0.0,49.594393000006676,frame_fifo_full,,,,,,,,,,,,,,,,,,,,,,,,,,,,,,,,,,,,,,,,,,,,,,,,,,,,,,,,,,,,,,,,,,,,
rsg_object_detection,dropped_oldest,52,rsg_20260806_16_254880000_000052,dropped,True,fifo_cached_frame,52,5,0,45,5,0,1,0.0,62.65294201148208,frame_fifo_full,,,,,,,,,,,,,,,,,,,,,,,,,,,,,,,,,,,,,,,,,,,,,,,,,,,,,,,,,,,,,,,,,,,,
rsg_object_detection,dropped_oldest,53,rsg_20260806_16_304880000_000053,dropped,True,fifo_cached_frame,53,5,0,46,5,0,1,0.0,38.025198999093845,frame_fifo_full,,,,,,,,,,,,,,,,,,,,,,,,,,,,,,,,,,,,,,,,,,,,,,,,,,,,,,,,,,,,,,,,,,,,
rsg_object_detection,frame_trace,49,rsg_20260806_16_104880000_000049,sent_to_hydra,,,,,,,,,,,363.03970600420143,ok,19.074326002737507,331.0094859916717,12.596828004461713,0.1358379959128797,12.460990008548833,0.0020800071069970727,0.9062899916898459,0.16819000302348286,218.15051200974267,22.17066199227702,0.0061119935708120465,240.49547599861398,51.741176983341575,18.871993001084775,5.8602930075721815,13.253169003291987,12.906741016195156,17.501262002042495,8.463739999569952,0.1499810750829056,4.26021998282522,1.3715029781451449,0.8161420118995011,4.998962001991458,3.4536739985924214,0.5425199924502522,56.0,9.0,0.0045439956011250615,0.014271994587033987,3.1557900074403733,0.7215889927465469,0.3255310148233548,1.4678490115329623,0.03078300505876541,0.0036800047382712364,74.96401299431454,6.270557991228998,0.21356499928515404,8.12035299895797,0.03923101758118719,10.715961005189456,10.151522001251578,0.10207899322267622,0.4623600107152015,5.282861005980521,3.0700639908900484,0.005440000677481294,0.3569859982235357,8,0,8,0,0,,,,,,,,,,,,,,
rsg_object_detection,dropped_oldest,55,rsg_20260806_16_404879999_000055,dropped,True,fifo_cached_frame,55,6,0,47,6,0,1,0.0,4.825461001018994,frame_fifo_full,,,,,,,,,,,,,,,,,,,,,,,,,,,,,,,,,,,,,,,,,,,,,,,,,,,,,,,,,,,,,,,,,,,,
rsg_object_detection,dropped_oldest,56,rsg_20260806_16_454879999_000056,dropped,True,fifo_cached_frame,56,6,0,48,6,0,1,0.0,11.89178200729657,frame_fifo_full,,,,,,,,,,,,,,,,,,,,,,,,,,,,,,,,,,,,,,,,,,,,,,,,,,,,,,,,,,,,,,,,,,,,
rsg_object_detection,dropped_oldest,57,rsg_20260806_16_504880000_000057,dropped,True,fifo_cached_frame,57,6,0,49,6,0,1,0.0,51.131200991221704,frame_fifo_full,,,,,,,,,,,,,,,,,,,,,,,,,,,,,,,,,,,,,,,,,,,,,,,,,,,,,,,,,,,,,,,,,,,,
rsg_object_detection,dropped_oldest,58,rsg_20260806_16_554880000_000058,dropped,True,fifo_cached_frame,58,6,0,50,6,0,1,0.0,50.38964499544818,frame_fifo_full,,,,,,,,,,,,,,,,,,,,,,,,,,,,,,,,,,,,,,,,,,,,,,,,,,,,,,,,,,,,,,,,,,,,
rsg_object_detection,dropped_oldest,59,rsg_20260806_16_604880000_000059,dropped,True,fifo_cached_frame,59,6,0,51,6,0,1,0.0,51.54073100129608,frame_fifo_full,,,,,,,,,,,,,,,,,,,,,,,,,,,,,,,,,,,,,,,,,,,,,,,,,,,,,,,,,,,,,,,,,,,,
rsg_object_detection,dropped_oldest,60,rsg_20260806_16_654879999_000060,dropped,True,fifo_cached_frame,60,6,0,52,6,0,1,0.0,51.45900399656966,frame_fifo_full,,,,,,,,,,,,,,,,,,,,,,,,,,,,,,,,,,,,,,,,,,,,,,,,,,,,,,,,,,,,,,,,,,,,
rsg_object_detection,dropped_oldest,61,rsg_20260806_16_704879999_000061,dropped,True,fifo_cached_frame,61,6,0,53,6,0,1,0.0,56.089331992552616,frame_fifo_full,,,,,,,,,,,,,,,,,,,,,,,,,,,,,,,,,,,,,,,,,,,,,,,,,,,,,,,,,,,,,,,,,,,,
rsg_object_detection,dropped_oldest,62,rsg_20260806_16_754880000_000062,dropped,True,fifo_cached_frame,62,6,0,54,6,0,1,0.0,61.94540098658763,frame_fifo_full,,,,,,,,,,,,,,,,,,,,,,,,,,,,,,,,,,,,,,,,,,,,,,,,,,,,,,,,,,,,,,,,,,,,
rsg_object_detection,frame_trace,54,rsg_20260806_16_354880000_000054,sent_to_hydra,,,,,,,,,,,510.464699997101,ok,13.95821399637498,368.14461900212336,127.96036900545005,0.18226901011075824,127.77809999533929,0.0036479905247688293,5.099185000290163,3.3218360040336847,217.41398000449408,20.130150005570613,0.006815986125729978,240.8727820002241,63.40003400691785,32.18631399795413,4.158527997788042,15.806279989192262,10.729719972005114,22.53913599997759,9.968037004000507,0.1323509495705366,3.8717449933756143,3.4983479999937117,0.6351880147121847,6.412091999663971,5.669288002536632,0.4478329938137904,54.0,9.0,0.004990986781194806,0.015776007785461843,5.1249769603600726,6.183358025737107,0.3437710111029446,1.2870520004071295,0.03648000711109489,0.004031986463814974,98.93554300651886,3.8077479985076934,0.16499000776093453,19.225267009460367,0.039103979361243546,9.065810008905828,8.39161300973501,0.10188600572291762,0.5723109934478998,4.241693997755647,0.6461340090027079,0.004575980710797012,0.3978500026278198,8,0,8,0,0,,,,,,,,,,,,,,
rsg_object_detection,dropped_oldest,64,rsg_20260806_16_854880000_000064,dropped,True,fifo_cached_frame,64,7,0,55,7,0,1,0.0,5.354476990760304,frame_fifo_full,,,,,,,,,,,,,,,,,,,,,,,,,,,,,,,,,,,,,,,,,,,,,,,,,,,,,,,,,,,,,,,,,,,,
rsg_object_detection,dropped_oldest,65,rsg_20260806_16_904879999_000065,dropped,True,fifo_cached_frame,65,7,0,56,7,0,1,0.0,38.47447100270074,frame_fifo_full,,,,,,,,,,,,,,,,,,,,,,,,,,,,,,,,,,,,,,,,,,,,,,,,,,,,,,,,,,,,,,,,,,,,
rsg_object_detection,dropped_oldest,66,rsg_20260806_16_954879999_000066,dropped,True,fifo_cached_frame,66,7,0,57,7,0,1,0.0,53.13232200569473,frame_fifo_full,,,,,,,,,,,,,,,,,,,,,,,,,,,,,,,,,,,,,,,,,,,,,,,,,,,,,,,,,,,,,,,,,,,,
rsg_object_detection,dropped_oldest,67,rsg_20260806_17_004879999_000067,dropped,True,fifo_cached_frame,67,7,0,58,7,0,1,0.0,49.702103991876356,frame_fifo_full,,,,,,,,,,,,,,,,,,,,,,,,,,,,,,,,,,,,,,,,,,,,,,,,,,,,,,,,,,,,,,,,,,,,
rsg_object_detection,dropped_oldest,68,rsg_20260806_17_054880000_000068,dropped,True,fifo_cached_frame,68,7,0,59,7,0,1,0.0,46.62967201147694,frame_fifo_full,,,,,,,,,,,,,,,,,,,,,,,,,,,,,,,,,,,,,,,,,,,,,,,,,,,,,,,,,,,,,,,,,,,,
rsg_object_detection,dropped_oldest,69,rsg_20260806_17_104880000_000069,dropped,True,fifo_cached_frame,69,7,0,60,7,0,1,0.0,80.65118800732307,frame_fifo_full,,,,,,,,,,,,,,,,,,,,,,,,,,,,,,,,,,,,,,,,,,,,,,,,,,,,,,,,,,,,,,,,,,,,
rsg_object_detection,dropped_oldest,70,rsg_20260806_17_154879999_000070,dropped,True,fifo_cached_frame,70,7,0,61,7,0,1,0.0,88.81957300764043,frame_fifo_full,,,,,,,,,,,,,,,,,,,,,,,,,,,,,,,,,,,,,,,,,,,,,,,,,,,,,,,,,,,,,,,,,,,,
rsg_object_detection,dropped_oldest,71,rsg_20260806_17_204879999_000071,dropped,True,fifo_cached_frame,71,7,0,62,7,0,1,0.0,15.995942012523301,frame_fifo_full,,,,,,,,,,,,,,,,,,,,,,,,,,,,,,,,,,,,,,,,,,,,,,,,,,,,,,,,,,,,,,,,,,,,
rsg_object_detection,frame_trace,63,rsg_20260806_16_804880000_000063,sent_to_hydra,,,,,,,,,,,472.3525270092068,ok,12.103203000151552,416.2680910085328,43.60751100466587,0.1299819996347651,43.4775290050311,0.0015999976312741637,0.9417129913344979,0.16227000742219388,214.96755500265863,21.26254800532479,0.005214984412305057,236.39758799981792,100.67033098312095,50.582251002197154,8.664250010042451,17.757132009137422,22.939033005968668,57.21805099165067,46.65181601012591,0.21759397350251675,32.11085901421029,5.3685939783463255,0.8514059445587918,6.683254992822185,3.3588600053917617,0.47900000936351717,56.0,9.0,0.004447996616363525,0.018238992197439075,5.175023034098558,0.5033509805798531,0.35878000198863447,1.351083003100939,0.03756699152290821,0.0043199979700148106,165.33588198944926,7.335917995078489,0.1355499989585951,6.084449007175863,0.03699102671816945,7.427211996400729,6.8640210083685815,0.09398300608154386,0.4692079819506034,4.016737992060371,0.6546770018758252,0.004576009814627469,0.37212199822533876,8,0,8,0,0,,,,,,,,,,,,,,
rsg_object_detection,dropped_oldest,73,rsg_20260806_17_304880000_000073,dropped,True,fifo_cached_frame,73,8,0,63,8,0,1,0.0,49.285471002804115,frame_fifo_full,,,,,,,,,,,,,,,,,,,,,,,,,,,,,,,,,,,,,,,,,,,,,,,,,,,,,,,,,,,,,,,,,,,,
rsg_object_detection,dropped_oldest,74,rsg_20260806_17_354880000_000074,dropped,True,fifo_cached_frame,74,8,0,64,8,0,1,0.0,56.91203998867422,frame_fifo_full,,,,,,,,,,,,,,,,,,,,,,,,,,,,,,,,,,,,,,,,,,,,,,,,,,,,,,,,,,,,,,,,,,,,
rsg_object_detection,dropped_oldest,75,rsg_20260806_17_404879999_000075,dropped,True,fifo_cached_frame,75,8,0,65,8,0,1,0.0,51.744791999226436,frame_fifo_full,,,,,,,,,,,,,,,,,,,,,,,,,,,,,,,,,,,,,,,,,,,,,,,,,,,,,,,,,,,,,,,,,,,,
rsg_object_detection,dropped_oldest,76,rsg_20260806_17_454879999_000076,dropped,True,fifo_cached_frame,76,8,0,66,8,0,1,0.0,61.13424499926623,frame_fifo_full,,,,,,,,,,,,,,,,,,,,,,,,,,,,,,,,,,,,,,,,,,,,,,,,,,,,,,,,,,,,,,,,,,,,
rsg_object_detection,dropped_oldest,77,rsg_20260806_17_504880000_000077,dropped,True,fifo_cached_frame,77,8,0,67,8,0,1,0.0,30.48947600473184,frame_fifo_full,,,,,,,,,,,,,,,,,,,,,,,,,,,,,,,,,,,,,,,,,,,,,,,,,,,,,,,,,,,,,,,,,,,,
rsg_object_detection,dropped_oldest,78,rsg_20260806_17_554880000_000078,dropped,True,fifo_cached_frame,78,8,0,68,8,0,1,0.0,63.097063000896014,frame_fifo_full,,,,,,,,,,,,,,,,,,,,,,,,,,,,,,,,,,,,,,,,,,,,,,,,,,,,,,,,,,,,,,,,,,,,
rsg_object_detection,frame_trace,72,rsg_20260806_17_254880000_000072,sent_to_hydra,,,,,,,,,,,377.55836099677254,ok,15.058164994115941,351.8353389954427,10.328766991733573,0.13881399354431778,10.189952998189256,0.0016320118447765708,2.771860992652364,0.20850800501648337,236.0216590022901,24.337060007383116,0.006911985110491514,260.5741389998002,43.31957898102701,17.062997008906677,3.932291016099043,10.239966984954663,11.568939997232519,20.741692002047785,7.513641990954056,0.14300599286798388,3.45600803848356,1.1602009763009846,0.6513249536510557,3.1606230040779337,8.460732002276927,1.5645189996575937,54.0,9.0,0.005056004738435149,0.03004801692441106,6.8095879687462,1.5501220186706632,0.3535310388542712,2.472089006914757,0.03708699659910053,0.004032001015730202,75.30487200710922,6.0966089949943125,0.14598200505133718,6.906164009706117,0.035711986129172146,10.80124000145588,10.233887995127589,0.10246199963148683,0.46489000669680536,3.6151109961792827,0.636629993095994,0.005184003384783864,0.33445800363551825,8,0,8,0,0,,,,,,,,,,,,,,
rsg_object_detection,dropped_oldest,80,rsg_20260806_17_654879999_000080,dropped,True,fifo_cached_frame,80,9,0,69,9,0,1,0.0,5.869924993021414,frame_fifo_full,,,,,,,,,,,,,,,,,,,,,,,,,,,,,,,,,,,,,,,,,,,,,,,,,,,,,,,,,,,,,,,,,,,,
rsg_object_detection,dropped_oldest,81,rsg_20260806_17_704879999_000081,dropped,True,fifo_cached_frame,81,9,0,70,9,0,1,0.0,40.17966099490877,frame_fifo_full,,,,,,,,,,,,,,,,,,,,,,,,,,,,,,,,,,,,,,,,,,,,,,,,,,,,,,,,,,,,,,,,,,,,
rsg_object_detection,dropped_oldest,82,rsg_20260806_17_754880000_000082,dropped,True,fifo_cached_frame,82,9,0,71,9,0,1,0.0,49.12217700621113,frame_fifo_full,,,,,,,,,,,,,,,,,,,,,,,,,,,,,,,,,,,,,,,,,,,,,,,,,,,,,,,,,,,,,,,,,,,,
rsg_object_detection,dropped_oldest,83,rsg_20260806_17_804880000_000083,dropped,True,fifo_cached_frame,83,9,0,72,9,0,1,0.0,48.6542489961721,frame_fifo_full,,,,,,,,,,,,,,,,,,,,,,,,,,,,,,,,,,,,,,,,,,,,,,,,,,,,,,,,,,,,,,,,,,,,
rsg_object_detection,dropped_oldest,84,rsg_20260806_17_854880000_000084,dropped,True,fifo_cached_frame,84,9,0,73,9,0,1,0.0,69.25757499993779,frame_fifo_full,,,,,,,,,,,,,,,,,,,,,,,,,,,,,,,,,,,,,,,,,,,,,,,,,,,,,,,,,,,,,,,,,,,,
rsg_object_detection,frame_trace,79,rsg_20260806_17_604880000_000079,sent_to_hydra,,,,,,,,,,,373.60219900438096,ok,13.017076998949051,310.9578970033908,49.29154999263119,0.1339820009889081,49.15756799164228,0.0012800010154023767,0.8857139910105616,0.17094200302381068,191.13845599349588,15.97965499968268,0.00531101250089705,207.29436400870327,65.37273900175933,15.675915972678922,4.767954989802092,32.76591998292133,11.547755988431163,19.15560499764979,7.749639000394382,0.1470079878345132,3.7293149798642844,1.2129740352975205,0.6675739568891004,7.984067007782869,2.9324659990379587,0.44834500295110047,58.0,9.0,0.004608009476214647,0.013888013199903071,2.7572379913181067,0.478966991067864,0.3032920212717727,1.5741189999971539,0.031839997973293066,0.0035199918784201145,89.6938640071312,2.6224549947073683,0.1325089979218319,10.295935993781313,0.033055010135285556,5.834308991325088,5.301389988744631,0.08991899085231125,0.4430000117281452,5.552681002882309,1.6233670030487701,0.00672000169288367,0.33439500839449465,8,0,8,0,0,,,,,,,,,,,,,,
rsg_object_detection,dropped_oldest,86,rsg_20260806_17_954879999_000086,dropped,True,fifo_cached_frame,86,10,0,74,10,0,1,0.0,4.689910987508483,frame_fifo_full,,,,,,,,,,,,,,,,,,,,,,,,,,,,,,,,,,,,,,,,,,,,,,,,,,,,,,,,,,,,,,,,,,,,
rsg_object_detection,dropped_oldest,87,rsg_20260806_18_004879999_000087,dropped,True,fifo_cached_frame,87,10,0,75,10,0,1,0.0,49.20255999604706,frame_fifo_full,,,,,,,,,,,,,,,,,,,,,,,,,,,,,,,,,,,,,,,,,,,,,,,,,,,,,,,,,,,,,,,,,,,,
rsg_object_detection,dropped_oldest,88,rsg_20260806_18_054880000_000088,dropped,True,fifo_cached_frame,88,10,0,76,10,0,1,0.0,50.49534000863787,frame_fifo_full,,,,,,,,,,,,,,,,,,,,,,,,,,,,,,,,,,,,,,,,,,,,,,,,,,,,,,,,,,,,,,,,,,,,
rsg_object_detection,dropped_oldest,89,rsg_20260806_18_104880000_000089,dropped,True,fifo_cached_frame,89,10,0,77,10,0,1,0.0,52.97213299490977,frame_fifo_full,,,,,,,,,,,,,,,,,,,,,,,,,,,,,,,,,,,,,,,,,,,,,,,,,,,,,,,,,,,,,,,,,,,,
rsg_object_detection,dropped_oldest,90,rsg_20260806_18_154879999_000090,dropped,True,fifo_cached_frame,90,10,0,78,10,0,1,0.0,52.10385900863912,frame_fifo_full,,,,,,,,,,,,,,,,,,,,,,,,,,,,,,,,,,,,,,,,,,,,,,,,,,,,,,,,,,,,,,,,,,,,
rsg_object_detection,dropped_oldest,91,rsg_20260806_18_204879999_000091,dropped,True,fifo_cached_frame,91,10,0,79,10,0,1,0.0,51.82232700462919,frame_fifo_full,,,,,,,,,,,,,,,,,,,,,,,,,,,,,,,,,,,,,,,,,,,,,,,,,,,,,,,,,,,,,,,,,,,,
rsg_object_detection,dropped_oldest,92,rsg_20260806_18_254880000_000092,dropped,True,fifo_cached_frame,92,10,0,80,10,0,1,0.0,47.76923800818622,frame_fifo_full,,,,,,,,,,,,,,,,,,,,,,,,,,,,,,,,,,,,,,,,,,,,,,,,,,,,,,,,,,,,,,,,,,,,
rsg_object_detection,dropped_oldest,93,rsg_20260806_18_304880000_000093,dropped,True,fifo_cached_frame,93,10,0,81,10,0,1,0.0,47.18335899815429,frame_fifo_full,,,,,,,,,,,,,,,,,,,,,,,,,,,,,,,,,,,,,,,,,,,,,,,,,,,,,,,,,,,,,,,,,,,,
rsg_object_detection,frame_trace,85,rsg_20260806_17_904879999_000085,sent_to_hydra,,,,,,,,,,,439.2810779972933,ok,15.097587995114736,349.87584900227375,73.69859400205314,0.13634999049827456,73.56224401155487,0.0026560010155662894,4.569656011881307,3.4835620026569813,214.83405400067568,22.46867399662733,0.008383009117096663,240.7946730090771,50.781574987922795,25.807853977312334,5.18363100127317,7.154926992370747,12.020802969345823,28.60598599363584,22.088935002102517,0.16396696446463466,17.687567073153332,1.3543459790525958,0.7039839692879468,3.0701289942953736,3.002450001076795,0.4078009951626882,58.0,9.0,0.004639994585886598,0.014752004062756896,2.988721025758423,0.38642498839180917,0.3083479969063774,1.2728759902529418,0.028990994906052947,0.0036479905247688293,84.39269800146576,11.23272099357564,0.12121400504838675,8.719095989363268,0.04579099186230451,11.23147200269159,8.612378005636856,0.08355099998880178,2.5355429970659316,3.1676950020482764,0.6929810042493045,0.005439986125566065,0.6063909968361259,8,0,8,0,0,,,,,,,,,,,,,,
rsg_object_detection,dropped_oldest,95,rsg_20260806_18_404879999_000095,dropped,True,fifo_cached_frame,95,11,0,82,11,0,1,0.0,51.22867299360223,frame_fifo_full,,,,,,,,,,,,,,,,,,,,,,,,,,,,,,,,,,,,,,,,,,,,,,,,,,,,,,,,,,,,,,,,,,,,
rsg_object_detection,dropped_oldest,96,rsg_20260806_18_454879999_000096,dropped,True,fifo_cached_frame,96,11,0,83,11,0,1,0.0,53.82568800996523,frame_fifo_full,,,,,,,,,,,,,,,,,,,,,,,,,,,,,,,,,,,,,,,,,,,,,,,,,,,,,,,,,,,,,,,,,,,,
rsg_object_detection,dropped_oldest,97,rsg_20260806_18_504880000_000097,dropped,True,fifo_cached_frame,97,11,0,84,11,0,1,0.0,50.96237199904863,frame_fifo_full,,,,,,,,,,,,,,,,,,,,,,,,,,,,,,,,,,,,,,,,,,,,,,,,,,,,,,,,,,,,,,,,,,,,
rsg_object_detection,dropped_oldest,98,rsg_20260806_18_554880000_000098,dropped,True,fifo_cached_frame,98,11,0,85,11,0,1,0.0,50.47965999983717,frame_fifo_full,,,,,,,,,,,,,,,,,,,,,,,,,,,,,,,,,,,,,,,,,,,,,,,,,,,,,,,,,,,,,,,,,,,,
rsg_object_detection,dropped_oldest,99,rsg_20260806_18_604880000_000099,dropped,True,fifo_cached_frame,99,11,0,86,11,0,1,0.0,116.848032004782,frame_fifo_full,,,,,,,,,,,,,,,,,,,,,,,,,,,,,,,,,,,,,,,,,,,,,,,,,,,,,,,,,,,,,,,,,,,,
rsg_object_detection,dropped_oldest,100,rsg_20260806_18_654879999_000100,dropped,True,fifo_cached_frame,100,11,0,87,11,0,1,0.0,15.417872011312284,frame_fifo_full,,,,,,,,,,,,,,,,,,,,,,,,,,,,,,,,,,,,,,,,,,,,,,,,,,,,,,,,,,,,,,,,,,,,
rsg_object_detection,frame_trace,94,rsg_20260806_18_354880000_000094,sent_to_hydra,,,,,,,,,,,393.67593500355724,ok,12.19725000555627,370.7654129975708,10.383326007286087,0.14198200369719416,10.241344003588893,0.001311986125074327,0.9215220052283257,0.1573730114614591,221.78892200463451,27.35006900911685,0.0076479773269966245,249.30401200253982,65.39366699871607,26.967065990902483,5.191919990465976,18.477887017070316,14.116900973021984,23.66906999668572,8.880885987309739,0.14543796714860946,5.0550249725347385,1.254635993973352,0.6679579528281465,8.266814998933114,4.648440008168109,0.4619770043063909,61.0,9.0,1.3693219952983782,0.015359983080998063,4.883828005404212,0.6056530255591497,0.3450529620749876,16.062276990851387,0.051390990847721696,0.004927991540171206,111.03353100770619,3.3741229999577627,0.13468599354382604,5.965538992313668,0.03199999628122896,8.011491008801386,7.531754992669448,0.07519900100305676,0.40453701512888074,3.511753006023355,0.670166002237238,0.0038399884942919016,0.3286340070189908,8,0,8,0,0,,,,,,,,,,,,,,
rsg_object_detection,dropped_oldest,102,rsg_20260806_18_754880000_000102,dropped,True,fifo_cached_frame,102,12,0,88,12,0,1,0.0,48.413420998258516,frame_fifo_full,,,,,,,,,,,,,,,,,,,,,,,,,,,,,,,,,,,,,,,,,,,,,,,,,,,,,,,,,,,,,,,,,,,,
rsg_object_detection,dropped_oldest,103,rsg_20260806_18_804880000_000103,dropped,True,fifo_cached_frame,103,12,0,89,12,0,1,0.0,55.14774699986447,frame_fifo_full,,,,,,,,,,,,,,,,,,,,,,,,,,,,,,,,,,,,,,,,,,,,,,,,,,,,,,,,,,,,,,,,,,,,
rsg_object_detection,dropped_oldest,104,rsg_20260806_18_854880000_000104,dropped,True,fifo_cached_frame,104,12,0,90,12,0,1,0.0,50.754727999446914,frame_fifo_full,,,,,,,,,,,,,,,,,,,,,,,,,,,,,,,,,,,,,,,,,,,,,,,,,,,,,,,,,,,,,,,,,,,,
rsg_object_detection,dropped_oldest,105,rsg_20260806_18_904879999_000105,dropped,True,fifo_cached_frame,105,12,0,91,12,0,1,0.0,49.68923999695107,frame_fifo_full,,,,,,,,,,,,,,,,,,,,,,,,,,,,,,,,,,,,,,,,,,,,,,,,,,,,,,,,,,,,,,,,,,,,
rsg_object_detection,dropped_oldest,106,rsg_20260806_18_954879999_000106,dropped,True,fifo_cached_frame,106,12,0,92,12,0,1,0.0,50.26551999617368,frame_fifo_full,,,,,,,,,,,,,,,,,,,,,,,,,,,,,,,,,,,,,,,,,,,,,,,,,,,,,,,,,,,,,,,,,,,,
rsg_object_detection,dropped_oldest,107,rsg_20260806_19_004879999_000107,dropped,True,fifo_cached_frame,107,12,0,93,12,0,1,0.0,50.51767500117421,frame_fifo_full,,,,,,,,,,,,,,,,,,,,,,,,,,,,,,,,,,,,,,,,,,,,,,,,,,,,,,,,,,,,,,,,,,,,
rsg_object_detection,dropped_oldest,108,rsg_20260806_19_054880000_000108,dropped,True,fifo_cached_frame,108,12,0,94,12,0,1,0.0,48.13851200742647,frame_fifo_full,,,,,,,,,,,,,,,,,,,,,,,,,,,,,,,,,,,,,,,,,,,,,,,,,,,,,,,,,,,,,,,,,,,,
rsg_object_detection,dropped_oldest,109,rsg_20260806_19_104880000_000109,dropped,True,fifo_cached_frame,109,12,0,95,12,0,1,0.0,66.95677900279406,frame_fifo_full,,,,,,,,,,,,,,,,,,,,,,,,,,,,,,,,,,,,,,,,,,,,,,,,,,,,,,,,,,,,,,,,,,,,
rsg_object_detection,dropped_oldest,110,rsg_20260806_19_154879999_000110,dropped,True,fifo_cached_frame,110,12,0,96,12,0,1,0.0,38.19150000344962,frame_fifo_full,,,,,,,,,,,,,,,,,,,,,,,,,,,,,,,,,,,,,,,,,,,,,,,,,,,,,,,,,,,,,,,,,,,,
rsg_object_detection,frame_trace,101,rsg_20260806_18_704879999_000101,sent_to_hydra,,,,,,,,,,,497.8799089876702,ok,15.036884986329824,470.1095259952126,12.376382990623824,0.1454699959140271,12.230912994709797,0.0016639969544485211,5.038289993535727,0.16668500029481947,319.8014079971472,23.722733996692114,0.005983994924463332,343.6968109890586,70.52731500880327,21.31732998532243,6.488026978331618,25.000346009619534,17.05826201941818,29.201720011769794,14.449502996285446,0.1897259644465521,9.706316908705048,1.5816970117157325,0.871251046191901,9.913668996887282,3.7001979944761842,1.0917269974015653,78.0,11.0,0.006111004040576518,0.014335993910208344,2.742582990322262,0.6757020018994808,0.29836098838131875,1.4460249949479476,1.1260309984209016,0.004672008799389005,106.0413210070692,7.840101010515355,0.2662679908098653,7.194799996796064,0.03193500742781907,10.705623993999325,10.203808997175656,0.09254300675820559,0.4092719900654629,3.6903750005876645,0.6363099964801222,0.00457599526271224,0.3554510185495019,8,0,8,0,0,,,,,,,,,,,,,,
rsg_object_detection,dropped_oldest,112,rsg_20260806_19_254880000_000112,dropped,True,fifo_cached_frame,112,13,0,97,13,0,1,0.0,48.956579994410276,frame_fifo_full,,,,,,,,,,,,,,,,,,,,,,,,,,,,,,,,,,,,,,,,,,,,,,,,,,,,,,,,,,,,,,,,,,,,
rsg_object_detection,dropped_oldest,113,rsg_20260806_19_304880000_000113,dropped,True,fifo_cached_frame,113,13,0,98,13,0,1,0.0,50.686312999459915,frame_fifo_full,,,,,,,,,,,,,,,,,,,,,,,,,,,,,,,,,,,,,,,,,,,,,,,,,,,,,,,,,,,,,,,,,,,,
rsg_object_detection,dropped_oldest,114,rsg_20260806_19_354880000_000114,dropped,True,fifo_cached_frame,114,13,0,99,13,0,1,0.0,52.600939001422375,frame_fifo_full,,,,,,,,,,,,,,,,,,,,,,,,,,,,,,,,,,,,,,,,,,,,,,,,,,,,,,,,,,,,,,,,,,,,
rsg_object_detection,dropped_oldest,115,rsg_20260806_19_404879999_000115,dropped,True,fifo_cached_frame,115,13,0,100,13,0,1,0.0,50.81287100620102,frame_fifo_full,,,,,,,,,,,,,,,,,,,,,,,,,,,,,,,,,,,,,,,,,,,,,,,,,,,,,,,,,,,,,,,,,,,,
rsg_object_detection,dropped_oldest,116,rsg_20260806_19_454879999_000116,dropped,True,fifo_cached_frame,116,13,0,101,13,0,1,0.0,51.43308499827981,frame_fifo_full,,,,,,,,,,,,,,,,,,,,,,,,,,,,,,,,,,,,,,,,,,,,,,,,,,,,,,,,,,,,,,,,,,,,
rsg_object_detection,dropped_oldest,117,rsg_20260806_19_504880000_000117,dropped,True,fifo_cached_frame,117,13,0,102,13,0,1,0.0,48.516267008380964,frame_fifo_full,,,,,,,,,,,,,,,,,,,,,,,,,,,,,,,,,,,,,,,,,,,,,,,,,,,,,,,,,,,,,,,,,,,,
rsg_object_detection,dropped_oldest,118,rsg_20260806_19_554880000_000118,dropped,True,fifo_cached_frame,118,13,0,103,13,0,1,0.0,74.51499800663441,frame_fifo_full,,,,,,,,,,,,,,,,,,,,,,,,,,,,,,,,,,,,,,,,,,,,,,,,,,,,,,,,,,,,,,,,,,,,
rsg_object_detection,dropped_oldest,119,rsg_20260806_19_604880000_000119,dropped,True,fifo_cached_frame,119,13,0,104,13,0,1,0.0,45.2031029999489,frame_fifo_full,,,,,,,,,,,,,,,,,,,,,,,,,,,,,,,,,,,,,,,,,,,,,,,,,,,,,,,,,,,,,,,,,,,,
rsg_object_detection,dropped_oldest,120,rsg_20260806_19_654879999_000120,dropped,True,fifo_cached_frame,120,13,0,105,13,0,1,0.0,45.849749003537,frame_fifo_full,,,,,,,,,,,,,,,,,,,,,,,,,,,,,,,,,,,,,,,,,,,,,,,,,,,,,,,,,,,,,,,,,,,,
rsg_object_detection,dropped_oldest,121,rsg_20260806_19_704879999_000121,dropped,True,fifo_cached_frame,121,13,0,106,13,0,1,0.0,48.15531300846487,frame_fifo_full,,,,,,,,,,,,,,,,,,,,,,,,,,,,,,,,,,,,,,,,,,,,,,,,,,,,,,,,,,,,,,,,,,,,
rsg_object_detection,frame_trace,111,rsg_20260806_19_204879999_000111,sent_to_hydra,,,,,,,,,,,578.5616599896457,ok,9.892806003335863,538.7633689970244,29.163832994527183,0.13478199252858758,29.029051001998596,0.0019200087990611792,2.4733689933782443,0.587607006309554,316.8361440039007,20.827067011850886,0.008735980372875929,338.259554002434,144.3513789854478,25.364404020365328,10.941364977043122,80.50216903211549,26.42134799680207,24.205893991165794,11.900550001882948,0.1834210124798119,6.810230916016735,1.5782819828018546,0.8839809452183545,7.174031998147257,4.55144900479354,0.5224560009082779,77.0,11.0,0.003744004061445594,3.9390750316670164,8.013122016564012,5.2993400022387505,0.3734370111487806,1.447977003408596,0.02694399154279381,0.0034869881346821785,183.73838000115938,7.0233790029305965,0.14038199151400477,7.089424994774163,0.03888001083396375,5.999073997372761,5.388876001234166,0.0843190064188093,0.5258789897197857,3.231886003050022,0.6568539974978194,0.004992005415260792,0.7397319859592244,8,0,8,0,0,,,,,,,,,,,,,,
rsg_object_detection,dropped_oldest,123,rsg_20260806_19_804880000_000123,dropped,True,fifo_cached_frame,123,14,0,107,14,0,1,0.0,50.847559003159404,frame_fifo_full,,,,,,,,,,,,,,,,,,,,,,,,,,,,,,,,,,,,,,,,,,,,,,,,,,,,,,,,,,,,,,,,,,,,
rsg_object_detection,dropped_oldest,124,rsg_20260806_19_854880000_000124,dropped,True,fifo_cached_frame,124,14,0,108,14,0,1,0.0,49.763192000682466,frame_fifo_full,,,,,,,,,,,,,,,,,,,,,,,,,,,,,,,,,,,,,,,,,,,,,,,,,,,,,,,,,,,,,,,,,,,,
rsg_object_detection,dropped_oldest,125,rsg_20260806_19_904879999_000125,dropped,True,fifo_cached_frame,125,14,0,109,14,0,1,0.0,51.01782799465582,frame_fifo_full,,,,,,,,,,,,,,,,,,,,,,,,,,,,,,,,,,,,,,,,,,,,,,,,,,,,,,,,,,,,,,,,,,,,
rsg_object_detection,dropped_oldest,126,rsg_20260806_19_954879999_000126,dropped,True,fifo_cached_frame,126,14,0,110,14,0,1,0.0,53.787001001182944,frame_fifo_full,,,,,,,,,,,,,,,,,,,,,,,,,,,,,,,,,,,,,,,,,,,,,,,,,,,,,,,,,,,,,,,,,,,,
rsg_object_detection,dequeued,111,rsg_20260806_19_204879999_000111,,,,,,,,,,,147.9551310039824,,fifo_order,,,,,,,,,,,,,,,,,,,,,,,,,,,,,,,,,,,,,,,,,,,,,,,,,,,,,,,rsg_obj_000003,rsg_unknown_rsg_20260806_19_204879999_000111_006_nanosam_005,0,300,12,0.6189646321546014,,,,,,,,
rsg_object_detection,dropped_oldest,127,rsg_20260806_20_004879999_000127,dropped,True,fifo_cached_frame,127,14,0,111,14,0,1,0.0,54.278352996334434,frame_fifo_full,,,,,,,,,,,,,,,,,,,,,,,,,,,,,,,,,,,,,,,,,,,,,,,,,,,,,,,,,,,,,,,,,,,,
rsg_object_detection,dropped_oldest,128,rsg_20260806_20_054880000_000128,dropped,True,fifo_cached_frame,128,14,0,112,14,0,1,0.0,44.860452006105334,frame_fifo_full,,,,,,,,,,,,,,,,,,,,,,,,,,,,,,,,,,,,,,,,,,,,,,,,,,,,,,,,,,,,,,,,,,,,
rsg_object_detection,dropped_oldest,129,rsg_20260806_20_104880000_000129,dropped,True,fifo_cached_frame,129,14,0,113,14,0,1,0.0,51.79800699988846,frame_fifo_full,,,,,,,,,,,,,,,,,,,,,,,,,,,,,,,,,,,,,,,,,,,,,,,,,,,,,,,,,,,,,,,,,,,,
rsg_object_detection,dropped_oldest,130,rsg_20260806_20_154879999_000130,dropped,True,fifo_cached_frame,130,14,0,114,14,0,1,0.0,69.74652799544856,frame_fifo_full,,,,,,,,,,,,,,,,,,,,,,,,,,,,,,,,,,,,,,,,,,,,,,,,,,,,,,,,,,,,,,,,,,,,
rsg_object_detection,dropped_oldest,131,rsg_20260806_20_204879999_000131,dropped,True,fifo_cached_frame,131,14,0,115,14,0,1,0.0,39.50837500451598,frame_fifo_full,,,,,,,,,,,,,,,,,,,,,,,,,,,,,,,,,,,,,,,,,,,,,,,,,,,,,,,,,,,,,,,,,,,,
rsg_object_detection,dropped_oldest,132,rsg_20260806_20_254880000_000132,dropped,True,fifo_cached_frame,132,14,0,116,14,0,1,0.0,41.44367300614249,frame_fifo_full,,,,,,,,,,,,,,,,,,,,,,,,,,,,,,,,,,,,,,,,,,,,,,,,,,,,,,,,,,,,,,,,,,,,
rsg_object_detection,dropped_oldest,133,rsg_20260806_20_304880000_000133,dropped,True,fifo_cached_frame,133,14,0,117,14,0,1,0.0,43.257532990537584,frame_fifo_full,,,,,,,,,,,,,,,,,,,,,,,,,,,,,,,,,,,,,,,,,,,,,,,,,,,,,,,,,,,,,,,,,,,,
rsg_object_detection,dropped_oldest,134,rsg_20260806_20_354880000_000134,dropped,True,fifo_cached_frame,134,14,0,118,14,0,1,0.0,51.19222500070464,frame_fifo_full,,,,,,,,,,,,,,,,,,,,,,,,,,,,,,,,,,,,,,,,,,,,,,,,,,,,,,,,,,,,,,,,,,,,
rsg_object_detection,dropped_oldest,135,rsg_20260806_20_404879999_000135,dropped,True,fifo_cached_frame,135,14,0,119,14,0,1,0.0,51.501661000656895,frame_fifo_full,,,,,,,,,,,,,,,,,,,,,,,,,,,,,,,,,,,,,,,,,,,,,,,,,,,,,,,,,,,,,,,,,,,,
rsg_object_detection,dropped_oldest,136,rsg_20260806_20_454879999_000136,dropped,True,fifo_cached_frame,136,14,0,120,14,0,1,0.0,51.46607699862216,frame_fifo_full,,,,,,,,,,,,,,,,,,,,,,,,,,,,,,,,,,,,,,,,,,,,,,,,,,,,,,,,,,,,,,,,,,,,
rsg_object_detection,frame_trace,122,rsg_20260806_19_754880000_000122,sent_to_hydra,,,,,,,,,,,738.6857540113851,ok,14.198211007169448,696.8371909897542,27.115033008158207,0.132925997604616,26.98210701055359,0.005470996256917715,1.7625970067456365,0.1737569982651621,366.65975001233164,24.025320992222987,0.006911999662406743,390.8657400024822,249.9652199767297,68.97869799286127,10.640505977789871,129.38469997607172,40.1296479976736,33.03001199674327,24.089063997962512,0.2644770283950493,12.803578036255203,6.042935972800478,1.8206170643679798,4.7619730030419305,3.6214160063536838,0.5092079954920337,78.0,11.0,0.004415996954776347,0.2727960090851411,3.4926180087495595,2.1344629931263626,0.359418016159907,1.272171997698024,0.18585300131235272,0.004768007784150541,290.4600119945826,5.801478007924743,0.1470689894631505,7.747016003122553,0.05327898543328047,6.28479800070636,5.677512002876028,0.10118298814631999,0.5061030096840113,3.5074019979219884,0.7927560072857887,3.613255001255311,0.5298480100464076,8,0,8,0,0,,,,,,,,,,,,,,
rsg_object_detection,dropped_oldest,138,rsg_20260806_20_554880000_000138,dropped,True,fifo_cached_frame,138,15,0,121,15,0,1,0.0,51.04848399059847,frame_fifo_full,,,,,,,,,,,,,,,,,,,,,,,,,,,,,,,,,,,,,,,,,,,,,,,,,,,,,,,,,,,,,,,,,,,,
rsg_object_detection,dropped_oldest,139,rsg_20260806_20_604880000_000139,dropped,True,fifo_cached_frame,139,15,0,122,15,0,1,0.0,52.44052500347607,frame_fifo_full,,,,,,,,,,,,,,,,,,,,,,,,,,,,,,,,,,,,,,,,,,,,,,,,,,,,,,,,,,,,,,,,,,,,
rsg_object_detection,dropped_oldest,140,rsg_20260806_20_654879999_000140,dropped,True,fifo_cached_frame,140,15,0,123,15,0,1,0.0,50.34225501003675,frame_fifo_full,,,,,,,,,,,,,,,,,,,,,,,,,,,,,,,,,,,,,,,,,,,,,,,,,,,,,,,,,,,,,,,,,,,,
rsg_object_detection,dropped_oldest,141,rsg_20260806_20_704879999_000141,dropped,True,fifo_cached_frame,141,15,0,124,15,0,1,0.0,52.98746199696325,frame_fifo_full,,,,,,,,,,,,,,,,,,,,,,,,,,,,,,,,,,,,,,,,,,,,,,,,,,,,,,,,,,,,,,,,,,,,
rsg_object_detection,dropped_oldest,142,rsg_20260806_20_754880000_000142,dropped,True,fifo_cached_frame,142,15,0,125,15,0,1,0.0,49.975955989793874,frame_fifo_full,,,,,,,,,,,,,,,,,,,,,,,,,,,,,,,,,,,,,,,,,,,,,,,,,,,,,,,,,,,,,,,,,,,,
rsg_object_detection,dropped_oldest,143,rsg_20260806_20_804880000_000143,dropped,True,fifo_cached_frame,143,15,0,126,15,0,1,0.0,50.12766600702889,frame_fifo_full,,,,,,,,,,,,,,,,,,,,,,,,,,,,,,,,,,,,,,,,,,,,,,,,,,,,,,,,,,,,,,,,,,,,
rsg_object_detection,dropped_oldest,144,rsg_20260806_20_854880000_000144,dropped,True,fifo_cached_frame,144,15,0,127,15,0,1,0.0,57.58575700747315,frame_fifo_full,,,,,,,,,,,,,,,,,,,,,,,,,,,,,,,,,,,,,,,,,,,,,,,,,,,,,,,,,,,,,,,,,,,,
rsg_object_detection,dropped_oldest,145,rsg_20260806_20_904879999_000145,dropped,True,fifo_cached_frame,145,15,0,128,15,0,1,0.0,65.29405299806967,frame_fifo_full,,,,,,,,,,,,,,,,,,,,,,,,,,,,,,,,,,,,,,,,,,,,,,,,,,,,,,,,,,,,,,,,,,,,
rsg_object_detection,frame_trace,137,rsg_20260806_20_504880000_000137,sent_to_hydra,,,,,,,,,,,499.7206520056352,ok,12.047812007949688,481.5211600071052,5.598728996119462,0.21289299183990806,5.385836004279554,0.0018559949239715934,2.727957005845383,0.23746899387333542,316.1921230057487,33.154745993670076,0.007423994247801602,349.59176198753994,89.85395700437948,21.940808990621008,7.046610990073532,43.185728005482815,16.672440979164094,18.961048001074232,11.785127993789501,0.26137194072362036,5.779163970146328,2.014403071370907,1.564366029924713,3.2803009962663054,3.1383509922306985,0.7076370093272999,94.0,13.0,0.0057919969549402595,0.014623976312577724,3.3350830053677782,1.065648000803776,0.32860499050002545,1.555366994580254,0.031103991204872727,0.003583991201594472,115.15206001058687,6.492473999969661,0.13270199997350574,7.377357003861107,0.04684799932874739,6.583801005035639,5.9848989913007244,0.10140599624719471,0.49749601748771966,4.770389990881085,0.6879569991724566,0.005664012860506773,0.5510949995368719,8,0,8,0,0,,,,,,,,,,,,,,
rsg_object_detection,dropped_oldest,147,rsg_20260806_21_004879999_000147,dropped,True,fifo_cached_frame,147,16,0,129,16,0,1,0.0,34.72451400011778,frame_fifo_full,,,,,,,,,,,,,,,,,,,,,,,,,,,,,,,,,,,,,,,,,,,,,,,,,,,,,,,,,,,,,,,,,,,,
rsg_object_detection,dropped_oldest,148,rsg_20260806_21_054880000_000148,dropped,True,fifo_cached_frame,148,16,0,130,16,0,1,0.0,49.77163899457082,frame_fifo_full,,,,,,,,,,,,,,,,,,,,,,,,,,,,,,,,,,,,,,,,,,,,,,,,,,,,,,,,,,,,,,,,,,,,
rsg_object_detection,dropped_oldest,149,rsg_20260806_21_104880000_000149,dropped,True,fifo_cached_frame,149,16,0,131,16,0,1,0.0,52.335758999106474,frame_fifo_full,,,,,,,,,,,,,,,,,,,,,,,,,,,,,,,,,,,,,,,,,,,,,,,,,,,,,,,,,,,,,,,,,,,,
rsg_object_detection,dropped_oldest,150,rsg_20260806_21_154879999_000150,dropped,True,fifo_cached_frame,150,16,0,132,16,0,1,0.0,50.5248749977909,frame_fifo_full,,,,,,,,,,,,,,,,,,,,,,,,,,,,,,,,,,,,,,,,,,,,,,,,,,,,,,,,,,,,,,,,,,,,
rsg_object_detection,dropped_oldest,151,rsg_20260806_21_204879999_000151,dropped,True,fifo_cached_frame,151,16,0,133,16,0,1,0.0,49.303838997730054,frame_fifo_full,,,,,,,,,,,,,,,,,,,,,,,,,,,,,,,,,,,,,,,,,,,,,,,,,,,,,,,,,,,,,,,,,,,,
rsg_object_detection,dropped_oldest,152,rsg_20260806_21_254880000_000152,dropped,True,fifo_cached_frame,152,16,0,134,16,0,1,0.0,52.94592599966563,frame_fifo_full,,,,,,,,,,,,,,,,,,,,,,,,,,,,,,,,,,,,,,,,,,,,,,,,,,,,,,,,,,,,,,,,,,,,
rsg_object_detection,dropped_oldest,153,rsg_20260806_21_304880000_000153,dropped,True,fifo_cached_frame,153,16,0,135,16,0,1,0.0,48.48193199723028,frame_fifo_full,,,,,,,,,,,,,,,,,,,,,,,,,,,,,,,,,,,,,,,,,,,,,,,,,,,,,,,,,,,,,,,,,,,,
rsg_object_detection,dropped_oldest,154,rsg_20260806_21_354880000_000154,dropped,True,fifo_cached_frame,154,16,0,136,16,0,1,0.0,109.33128598844633,frame_fifo_full,,,,,,,,,,,,,,,,,,,,,,,,,,,,,,,,,,,,,,,,,,,,,,,,,,,,,,,,,,,,,,,,,,,,
rsg_object_detection,dropped_oldest,155,rsg_20260806_21_404879999_000155,dropped,True,fifo_cached_frame,155,16,0,137,16,0,1,0.0,6.021633991622366,frame_fifo_full,,,,,,,,,,,,,,,,,,,,,,,,,,,,,,,,,,,,,,,,,,,,,,,,,,,,,,,,,,,,,,,,,,,,
rsg_object_detection,frame_trace,146,rsg_20260806_20_954879999_000146,sent_to_hydra,,,,,,,,,,,502.43497799965553,ok,21.98112900077831,451.0920350003289,28.96172399050556,0.14191698573995382,28.819807004765607,0.001471998984925449,0.9769130119821057,0.18825299048330635,326.3937879964942,24.195461999624968,0.006464004400186241,350.78396699100267,62.308338994625956,29.59854701475706,5.29946900496725,12.719769991235808,14.047300006495789,18.08560600329656,10.988820999045856,0.19503486691974103,5.0387349765514955,2.945201951661147,0.9400200215168297,3.127983000013046,3.0470560013782233,0.8813629974611104,88.0,13.0,0.005695997970178723,0.015070996596477926,4.911570998956449,0.7330449880100787,0.31743601721245795,1.2762039987137541,0.027232003048993647,0.004159999662078917,87.67988099134527,3.353674997924827,0.12902200978714973,8.13075399491936,0.03782300336752087,13.574379991041496,12.97874198644422,0.08899001113604754,0.5066479934612289,7.69795999804046,0.7034769951133057,0.005312016583047807,0.3986180090578273,8,0,8,0,0,,,,,,,,,,,,,,
rsg_object_detection,dropped_oldest,157,rsg_20260806_21_504880000_000157,dropped,True,fifo_cached_frame,157,17,0,138,17,0,1,0.0,53.558332001557574,frame_fifo_full,,,,,,,,,,,,,,,,,,,,,,,,,,,,,,,,,,,,,,,,,,,,,,,,,,,,,,,,,,,,,,,,,,,,
rsg_object_detection,dropped_oldest,158,rsg_20260806_21_554880000_000158,dropped,True,fifo_cached_frame,158,17,0,139,17,0,1,0.0,50.22724799346179,frame_fifo_full,,,,,,,,,,,,,,,,,,,,,,,,,,,,,,,,,,,,,,,,,,,,,,,,,,,,,,,,,,,,,,,,,,,,
rsg_object_detection,dropped_oldest,159,rsg_20260806_21_604880000_000159,dropped,True,fifo_cached_frame,159,17,0,140,17,0,1,0.0,51.85816700395662,frame_fifo_full,,,,,,,,,,,,,,,,,,,,,,,,,,,,,,,,,,,,,,,,,,,,,,,,,,,,,,,,,,,,,,,,,,,,
rsg_object_detection,dropped_oldest,160,rsg_20260806_21_654879999_000160,dropped,True,fifo_cached_frame,160,17,0,141,17,0,1,0.0,50.338767003268,frame_fifo_full,,,,,,,,,,,,,,,,,,,,,,,,,,,,,,,,,,,,,,,,,,,,,,,,,,,,,,,,,,,,,,,,,,,,
rsg_object_detection,dropped_oldest,161,rsg_20260806_21_704879999_000161,dropped,True,fifo_cached_frame,161,17,0,142,17,0,1,0.0,50.99910800345242,frame_fifo_full,,,,,,,,,,,,,,,,,,,,,,,,,,,,,,,,,,,,,,,,,,,,,,,,,,,,,,,,,,,,,,,,,,,,
rsg_object_detection,dropped_oldest,162,rsg_20260806_21_754880000_000162,dropped,True,fifo_cached_frame,162,17,0,143,17,0,1,0.0,50.251824999577366,frame_fifo_full,,,,,,,,,,,,,,,,,,,,,,,,,,,,,,,,,,,,,,,,,,,,,,,,,,,,,,,,,,,,,,,,,,,,
rsg_object_detection,dropped_oldest,163,rsg_20260806_21_804880000_000163,dropped,True,fifo_cached_frame,163,17,0,144,17,0,1,0.0,72.13455400778912,frame_fifo_full,,,,,,,,,,,,,,,,,,,,,,,,,,,,,,,,,,,,,,,,,,,,,,,,,,,,,,,,,,,,,,,,,,,,
rsg_object_detection,dropped_oldest,164,rsg_20260806_21_854880000_000164,dropped,True,fifo_cached_frame,164,17,0,145,17,0,1,0.0,50.49482799950056,frame_fifo_full,,,,,,,,,,,,,,,,,,,,,,,,,,,,,,,,,,,,,,,,,,,,,,,,,,,,,,,,,,,,,,,,,,,,
rsg_object_detection,dropped_oldest,165,rsg_20260806_21_904879999_000165,dropped,True,fifo_cached_frame,165,17,0,146,17,0,1,0.0,29.99239599739667,frame_fifo_full,,,,,,,,,,,,,,,,,,,,,,,,,,,,,,,,,,,,,,,,,,,,,,,,,,,,,,,,,,,,,,,,,,,,
rsg_object_detection,frame_trace,156,rsg_20260806_21_454879999_000156,sent_to_hydra,,,,,,,,,,,512.0039189932868,ok,9.21310500416439,485.30084699450526,16.78879499377217,0.13935800234321505,16.649436991428956,0.0018550053937360644,0.9697770001366735,0.17551699420437217,303.28397400444373,30.49408399965614,0.007360009476542473,333.9609350077808,78.85243400232866,24.36160499928519,7.001842008321546,21.852395992027596,24.890970991691574,43.66437499993481,26.6614410065813,0.5731760466005653,13.121430936735123,3.283497047959827,3.37495599524118,8.064002002356574,8.252446990809403,0.6467100029112771,92.0,14.0,0.004448011168278754,0.016416015569120646,9.158767978078686,0.9039520082296804,0.38742100878152996,2.449017993058078,0.049440001021139324,0.005919995601288974,135.4914870025823,7.2525259893154725,0.17916600336320698,7.371660991339013,0.0752949999878183,4.634935990907252,4.099104000488296,0.08319799962919205,0.45263399078976363,3.914179003913887,0.6595100130653009,0.004479996277950704,0.6993169954512268,8,0,8,0,0,,,,,,,,,,,,,,
rsg_object_detection,dropped_oldest,167,rsg_20260806_22_004879999_000167,dropped,True,fifo_cached_frame,167,18,0,147,18,0,1,0.0,53.29414500738494,frame_fifo_full,,,,,,,,,,,,,,,,,,,,,,,,,,,,,,,,,,,,,,,,,,,,,,,,,,,,,,,,,,,,,,,,,,,,
rsg_object_detection,dropped_oldest,168,rsg_20260806_22_054880000_000168,dropped,True,fifo_cached_frame,168,18,0,148,18,0,1,0.0,52.29220799810719,frame_fifo_full,,,,,,,,,,,,,,,,,,,,,,,,,,,,,,,,,,,,,,,,,,,,,,,,,,,,,,,,,,,,,,,,,,,,
rsg_object_detection,dropped_oldest,169,rsg_20260806_22_104880000_000169,dropped,True,fifo_cached_frame,169,18,0,149,18,0,1,0.0,50.278031994821504,frame_fifo_full,,,,,,,,,,,,,,,,,,,,,,,,,,,,,,,,,,,,,,,,,,,,,,,,,,,,,,,,,,,,,,,,,,,,
rsg_object_detection,dropped_oldest,170,rsg_20260806_22_154879999_000170,dropped,True,fifo_cached_frame,170,18,0,150,18,0,1,0.0,49.80722299660556,frame_fifo_full,,,,,,,,,,,,,,,,,,,,,,,,,,,,,,,,,,,,,,,,,,,,,,,,,,,,,,,,,,,,,,,,,,,,
rsg_object_detection,dropped_oldest,171,rsg_20260806_22_204879999_000171,dropped,True,fifo_cached_frame,171,18,0,151,18,0,1,0.0,49.92667699116282,frame_fifo_full,,,,,,,,,,,,,,,,,,,,,,,,,,,,,,,,,,,,,,,,,,,,,,,,,,,,,,,,,,,,,,,,,,,,
rsg_object_detection,dropped_oldest,172,rsg_20260806_22_254880000_000172,dropped,True,fifo_cached_frame,172,18,0,152,18,0,1,0.0,49.10742599167861,frame_fifo_full,,,,,,,,,,,,,,,,,,,,,,,,,,,,,,,,,,,,,,,,,,,,,,,,,,,,,,,,,,,,,,,,,,,,
rsg_object_detection,dropped_oldest,173,rsg_20260806_22_304880000_000173,dropped,True,fifo_cached_frame,173,18,0,153,18,0,1,0.0,48.59418599517085,frame_fifo_full,,,,,,,,,,,,,,,,,,,,,,,,,,,,,,,,,,,,,,,,,,,,,,,,,,,,,,,,,,,,,,,,,,,,
rsg_object_detection,dropped_oldest,174,rsg_20260806_22_354880000_000174,dropped,True,fifo_cached_frame,174,18,0,154,18,0,1,0.0,58.84509900351986,frame_fifo_full,,,,,,,,,,,,,,,,,,,,,,,,,,,,,,,,,,,,,,,,,,,,,,,,,,,,,,,,,,,,,,,,,,,,
rsg_object_detection,dropped_oldest,175,rsg_20260806_22_404879999_000175,dropped,True,fifo_cached_frame,175,18,0,155,18,0,1,0.0,40.34279499319382,frame_fifo_full,,,,,,,,,,,,,,,,,,,,,,,,,,,,,,,,,,,,,,,,,,,,,,,,,,,,,,,,,,,,,,,,,,,,
rsg_object_detection,frame_trace,166,rsg_20260806_21_954879999_000166,sent_to_hydra,,,,,,,,,,,504.2242010094924,ok,12.525437006843276,464.9557249940699,26.175816004979424,0.1356779976049438,26.04013800737448,0.0021120067685842514,0.9377139940625057,0.2573400124674663,281.9860330055235,21.478544993442483,0.007487993570975959,303.7294060050044,105.08594498969615,33.91195095900912,5.871043991646729,47.4444110004697,16.687101015122607,26.64256100251805,14.667930998257361,0.25545003882143646,7.692321960348636,2.582144967163913,1.6232379857683554,7.8631100041093305,3.501736995531246,0.5713830032618716,95.0,14.0,0.004128000000491738,0.015040015568956733,10.601883972412907,0.5649500235449523,0.5787750124000013,1.3756579865003005,0.03408000338822603,0.003936002030968666,144.90990099147893,2.847698997356929,0.13395000132732093,12.354974998743273,0.04208000609651208,8.153536997269839,7.457771003828384,0.08700700709596276,0.6087589863454923,3.719301996170543,0.6482460012193769,0.004352012183517218,0.5651109968312085,8,0,8,0,0,,,,,,,,,,,,,,
rsg_object_detection,dropped_oldest,177,rsg_20260806_22_504880000_000177,dropped,True,fifo_cached_frame,177,19,0,156,19,0,1,0.0,46.434090996626765,frame_fifo_full,,,,,,,,,,,,,,,,,,,,,,,,,,,,,,,,,,,,,,,,,,,,,,,,,,,,,,,,,,,,,,,,,,,,
rsg_object_detection,dropped_oldest,178,rsg_20260806_22_554880000_000178,dropped,True,fifo_cached_frame,178,19,0,157,19,0,1,0.0,52.92115900374483,frame_fifo_full,,,,,,,,,,,,,,,,,,,,,,,,,,,,,,,,,,,,,,,,,,,,,,,,,,,,,,,,,,,,,,,,,,,,
rsg_object_detection,dropped_oldest,179,rsg_20260806_22_604880000_000179,dropped,True,fifo_cached_frame,179,19,0,158,19,0,1,0.0,51.31881500710733,frame_fifo_full,,,,,,,,,,,,,,,,,,,,,,,,,,,,,,,,,,,,,,,,,,,,,,,,,,,,,,,,,,,,,,,,,,,,
rsg_object_detection,dropped_oldest,180,rsg_20260806_22_654879999_000180,dropped,True,fifo_cached_frame,180,19,0,159,19,0,1,0.0,50.11829000432044,frame_fifo_full,,,,,,,,,,,,,,,,,,,,,,,,,,,,,,,,,,,,,,,,,,,,,,,,,,,,,,,,,,,,,,,,,,,,
rsg_object_detection,dropped_oldest,181,rsg_20260806_22_704879999_000181,dropped,True,fifo_cached_frame,181,19,0,160,19,0,1,0.0,50.33607900259085,frame_fifo_full,,,,,,,,,,,,,,,,,,,,,,,,,,,,,,,,,,,,,,,,,,,,,,,,,,,,,,,,,,,,,,,,,,,,
rsg_object_detection,dropped_oldest,182,rsg_20260806_22_754880000_000182,dropped,True,fifo_cached_frame,182,19,0,161,19,0,1,0.0,49.844822991872206,frame_fifo_full,,,,,,,,,,,,,,,,,,,,,,,,,,,,,,,,,,,,,,,,,,,,,,,,,,,,,,,,,,,,,,,,,,,,
rsg_object_detection,dropped_oldest,183,rsg_20260806_22_804880000_000183,dropped,True,fifo_cached_frame,183,19,0,162,19,0,1,0.0,49.56441199465189,frame_fifo_full,,,,,,,,,,,,,,,,,,,,,,,,,,,,,,,,,,,,,,,,,,,,,,,,,,,,,,,,,,,,,,,,,,,,
rsg_object_detection,dropped_oldest,184,rsg_20260806_22_854880000_000184,dropped,True,fifo_cached_frame,184,19,0,163,19,0,1,0.0,55.97179899632465,frame_fifo_full,,,,,,,,,,,,,,,,,,,,,,,,,,,,,,,,,,,,,,,,,,,,,,,,,,,,,,,,,,,,,,,,,,,,
rsg_object_detection,frame_trace,176,rsg_20260806_22_454879999_000176,sent_to_hydra,,,,,,,,,,,472.3920569958864,ok,12.140449995058589,446.095156003139,13.441582006635144,0.1382369955535978,13.303345011081547,0.001344000338576734,0.9356339869555086,0.17785299860406667,301.9767630030401,22.88917900295928,0.005887995939701796,325.04968300054315,76.6278610099107,34.8229130031541,5.515942990314215,20.90038001188077,14.669787997263484,17.70756399491802,10.891414000070654,0.2086999302264303,5.8012218796648085,1.8245470564579591,1.1720759939635172,3.295276008429937,2.9229629872133955,0.5566629988607019,93.0,14.0,0.005056004738435149,0.015135985449887812,3.3477890101494268,0.4610180185409263,0.31484095961786807,1.326796002103947,0.032159005058929324,0.004191999323666096,99.84007499588188,6.666072004009038,0.17004500841721892,13.395311994827352,0.038335012504830956,4.827348006074317,4.070209004567005,0.35532300535123795,0.4018159961560741,6.645785004366189,0.6632530130445957,0.004063971573486924,0.7135249907150865,8,0,8,0,0,,,,,,,,,,,,,,
rsg_object_detection,dropped_oldest,186,rsg_20260806_22_954879999_000186,dropped,True,fifo_cached_frame,186,20,0,164,20,0,1,0.0,51.27625599561725,frame_fifo_full,,,,,,,,,,,,,,,,,,,,,,,,,,,,,,,,,,,,,,,,,,,,,,,,,,,,,,,,,,,,,,,,,,,,
rsg_object_detection,dropped_oldest,187,rsg_20260806_23_004879999_000187,dropped,True,fifo_cached_frame,187,20,0,165,20,0,1,0.0,52.53556500247214,frame_fifo_full,,,,,,,,,,,,,,,,,,,,,,,,,,,,,,,,,,,,,,,,,,,,,,,,,,,,,,,,,,,,,,,,,,,,
rsg_object_detection,dropped_oldest,188,rsg_20260806_23_054880000_000188,dropped,True,fifo_cached_frame,188,20,0,166,20,0,1,0.0,50.628554992727004,frame_fifo_full,,,,,,,,,,,,,,,,,,,,,,,,,,,,,,,,,,,,,,,,,,,,,,,,,,,,,,,,,,,,,,,,,,,,
rsg_object_detection,dropped_oldest,189,rsg_20260806_23_104880000_000189,dropped,True,fifo_cached_frame,189,20,0,167,20,0,1,0.0,51.8846630002372,frame_fifo_full,,,,,,,,,,,,,,,,,,,,,,,,,,,,,,,,,,,,,,,,,,,,,,,,,,,,,,,,,,,,,,,,,,,,
rsg_object_detection,dropped_oldest,190,rsg_20260806_23_154879999_000190,dropped,True,fifo_cached_frame,190,20,0,168,20,0,1,0.0,49.830422998638824,frame_fifo_full,,,,,,,,,,,,,,,,,,,,,,,,,,,,,,,,,,,,,,,,,,,,,,,,,,,,,,,,,,,,,,,,,,,,
rsg_object_detection,dropped_oldest,191,rsg_20260806_23_204879999_000191,dropped,True,fifo_cached_frame,191,20,0,169,20,0,1,0.0,46.155599993653595,frame_fifo_full,,,,,,,,,,,,,,,,,,,,,,,,,,,,,,,,,,,,,,,,,,,,,,,,,,,,,,,,,,,,,,,,,,,,
rsg_object_detection,dropped_oldest,192,rsg_20260806_23_254880000_000192,dropped,True,fifo_cached_frame,192,20,0,170,20,0,1,0.0,50.03173199656885,frame_fifo_full,,,,,,,,,,,,,,,,,,,,,,,,,,,,,,,,,,,,,,,,,,,,,,,,,,,,,,,,,,,,,,,,,,,,
rsg_object_detection,dropped_oldest,193,rsg_20260806_23_304880000_000193,dropped,True,fifo_cached_frame,193,20,0,171,21,0,1,0.0,62.65608000103384,frame_fifo_full,,,,,,,,,,,,,,,,,,,,,,,,,,,,,,,,,,,,,,,,,,,,,,,,,,,,,,,,,,,,,,,,,,,,
rsg_object_detection,frame_trace,185,rsg_20260806_22_904879999_000185,sent_to_hydra,,,,,,,,,,,446.7043629992986,ok,15.1117010100279,412.7196759945946,18.292162989382632,0.14249399828258902,18.149668991100043,0.0025280023692175746,0.9422889997949824,0.16326099284924567,286.22686499147676,22.036328999092802,0.00771101622376591,308.4341659996426,64.976426991052,20.884701021714136,5.37172298936639,16.554782007005997,21.32171498669777,20.399521992658265,12.596219006809406,0.2879930107155815,6.619830048293807,1.9473319262033328,1.4480778918368742,3.466633992502466,3.6498949921224266,0.6402139988495037,94.0,14.0,0.0035519915400072932,0.015904020983725786,3.2830869749886915,0.6561170157510787,0.5210150120547041,1.4663769979961216,0.03443099558353424,0.00384000304620713,91.35803200479131,3.3280120114795864,0.17113400099333376,8.440061006695032,0.045981971197761595,5.55700199038256,4.753429995616898,0.09663900709711015,0.7069329876685515,8.537146000890061,1.0113769967574626,0.006176021997816861,0.5782950029242784,8,0,8,0,0,,,,,,,,,,,,,,
rsg_object_detection,dropped_oldest,195,rsg_20260806_23_404879999_000195,dropped,True,fifo_cached_frame,195,21,0,172,21,0,1,0.0,48.677896993467584,frame_fifo_full,,,,,,,,,,,,,,,,,,,,,,,,,,,,,,,,,,,,,,,,,,,,,,,,,,,,,,,,,,,,,,,,,,,,
rsg_object_detection,dropped_oldest,196,rsg_20260806_23_454879999_000196,dropped,True,fifo_cached_frame,196,21,0,173,21,0,1,0.0,50.91155799163971,frame_fifo_full,,,,,,,,,,,,,,,,,,,,,,,,,,,,,,,,,,,,,,,,,,,,,,,,,,,,,,,,,,,,,,,,,,,,
rsg_object_detection,dropped_oldest,197,rsg_20260806_23_504880000_000197,dropped,True,fifo_cached_frame,197,21,0,174,21,0,1,0.0,52.55230100010522,frame_fifo_full,,,,,,,,,,,,,,,,,,,,,,,,,,,,,,,,,,,,,,,,,,,,,,,,,,,,,,,,,,,,,,,,,,,,
rsg_object_detection,dropped_oldest,198,rsg_20260806_23_554880000_000198,dropped,True,fifo_cached_frame,198,21,0,175,21,0,1,0.0,49.10003500117455,frame_fifo_full,,,,,,,,,,,,,,,,,,,,,,,,,,,,,,,,,,,,,,,,,,,,,,,,,,,,,,,,,,,,,,,,,,,,
rsg_object_detection,dropped_oldest,199,rsg_20260806_23_604880000_000199,dropped,True,fifo_cached_frame,199,21,0,176,21,0,1,0.0,51.16646699025296,frame_fifo_full,,,,,,,,,,,,,,,,,,,,,,,,,,,,,,,,,,,,,,,,,,,,,,,,,,,,,,,,,,,,,,,,,,,,
rsg_object_detection,dropped_oldest,200,rsg_20260806_23_654879999_000200,dropped,True,fifo_cached_frame,200,21,0,177,21,0,1,0.0,58.87572199571878,frame_fifo_full,,,,,,,,,,,,,,,,,,,,,,,,,,,,,,,,,,,,,,,,,,,,,,,,,,,,,,,,,,,,,,,,,,,,
rsg_object_detection,frame_trace,194,rsg_20260806_23_354880000_000194,sent_to_hydra,,,,,,,,,,,484.116357009043,ok,10.823959004483186,471.14814299857244,1.5035609976621345,0.14633400132879615,1.3572269963333383,0.0025600020308047533,1.2968759983778,0.17382099758833647,282.93133300030604,29.810350999468938,0.008768009138293564,312.9242730065016,82.54821700393222,35.3738159610657,6.9393470184877515,18.81045899062883,20.667742006480694,36.34244200657122,20.434592996025458,5.226891051279381,7.370227962383069,2.5217159127350897,1.1458699882496148,3.128911994281225,9.911685003316961,2.810388003126718,99.0,14.0,0.004863992216996849,0.020096020307391882,9.511181007837877,0.8417150093009695,0.37708097079303116,1.3265719899209216,0.3948740049963817,0.004703004378825426,131.36415999906603,17.492719998699613,0.133246008772403,7.882949008489959,0.05391897866502404,6.614233003347181,5.938532005529851,0.08895900100469589,0.5867419968126342,3.387723001651466,0.8159870048984885,0.00601599458605051,0.6381340062944219,8,0,8,0,0,,,,,,,,,,,,,,
rsg_object_detection,dropped_oldest,202,rsg_20260806_23_754880000_000202,dropped,True,fifo_cached_frame,202,22,0,178,22,0,1,0.0,6.981203012401238,frame_fifo_full,,,,,,,,,,,,,,,,,,,,,,,,,,,,,,,,,,,,,,,,,,,,,,,,,,,,,,,,,,,,,,,,,,,,
rsg_object_detection,dropped_oldest,203,rsg_20260806_23_804880000_000203,dropped,True,fifo_cached_frame,203,22,0,179,22,0,1,0.0,6.343678003759123,frame_fifo_full,,,,,,,,,,,,,,,,,,,,,,,,,,,,,,,,,,,,,,,,,,,,,,,,,,,,,,,,,,,,,,,,,,,,
rsg_object_detection,dropped_oldest,204,rsg_20260806_23_854880000_000204,dropped,True,fifo_cached_frame,204,22,0,180,22,0,1,0.0,30.26253699499648,frame_fifo_full,,,,,,,,,,,,,,,,,,,,,,,,,,,,,,,,,,,,,,,,,,,,,,,,,,,,,,,,,,,,,,,,,,,,
rsg_object_detection,dropped_oldest,205,rsg_20260806_23_904879999_000205,dropped,True,fifo_cached_frame,205,22,0,181,22,0,1,0.0,53.14822800573893,frame_fifo_full,,,,,,,,,,,,,,,,,,,,,,,,,,,,,,,,,,,,,,,,,,,,,,,,,,,,,,,,,,,,,,,,,,,,
rsg_object_detection,dropped_oldest,206,rsg_20260806_23_954879999_000206,dropped,True,fifo_cached_frame,206,22,0,182,22,0,1,0.0,50.99891700956505,frame_fifo_full,,,,,,,,,,,,,,,,,,,,,,,,,,,,,,,,,,,,,,,,,,,,,,,,,,,,,,,,,,,,,,,,,,,,
rsg_object_detection,dropped_oldest,207,rsg_20260806_24_004879999_000207,dropped,True,fifo_cached_frame,207,22,0,183,22,0,1,0.0,52.71802601055242,frame_fifo_full,,,,,,,,,,,,,,,,,,,,,,,,,,,,,,,,,,,,,,,,,,,,,,,,,,,,,,,,,,,,,,,,,,,,
rsg_object_detection,dropped_oldest,208,rsg_20260806_24_054880000_000208,dropped,True,fifo_cached_frame,208,22,0,184,22,0,1,0.0,47.074465997866355,frame_fifo_full,,,,,,,,,,,,,,,,,,,,,,,,,,,,,,,,,,,,,,,,,,,,,,,,,,,,,,,,,,,,,,,,,,,,
rsg_object_detection,dropped_oldest,209,rsg_20260806_24_104880000_000209,dropped,True,fifo_cached_frame,209,22,0,185,22,0,1,0.0,51.02272499061655,frame_fifo_full,,,,,,,,,,,,,,,,,,,,,,,,,,,,,,,,,,,,,,,,,,,,,,,,,,,,,,,,,,,,,,,,,,,,
rsg_object_detection,dropped_oldest,210,rsg_20260806_24_154879999_000210,dropped,True,fifo_cached_frame,210,22,0,186,22,0,1,0.0,49.34332601260394,frame_fifo_full,,,,,,,,,,,,,,,,,,,,,,,,,,,,,,,,,,,,,,,,,,,,,,,,,,,,,,,,,,,,,,,,,,,,
rsg_object_detection,dropped_oldest,211,rsg_20260806_24_204879999_000211,dropped,True,fifo_cached_frame,211,22,0,187,22,0,1,0.0,52.25688200152945,frame_fifo_full,,,,,,,,,,,,,,,,,,,,,,,,,,,,,,,,,,,,,,,,,,,,,,,,,,,,,,,,,,,,,,,,,,,,
rsg_object_detection,frame_trace,201,rsg_20260806_23_704879999_000201,sent_to_hydra,,,,,,,,,,,667.3938839958282,ok,11.868422996485606,515.7688559993403,139.2470449936809,0.1399329921696335,139.10711200151127,0.0021759915398433805,4.988497996237129,0.2144290046999231,357.1096649975516,27.940140003920533,0.006431990186683834,385.27066599635873,71.59530000353698,30.740066009457223,8.982578990980983,13.538156024878845,17.55895900714677,23.592911995365284,15.166867000516504,0.24265398678835481,6.929907016456127,3.673763931146823,1.1579359270399436,4.145120008615777,3.571944995201193,0.6651090079685673,100.0,14.0,0.004832007107324898,0.017279977328144014,3.6548869975376874,0.46123996435198933,0.5298490432323888,1.956032996531576,0.05225499626249075,0.0048000074457377195,101.86570799851324,9.79347999964375,0.16070100537035614,13.64250699407421,0.04729600914288312,6.66507999994792,6.007586998748593,0.09196600876748562,0.5655269924318418,4.520632995991036,0.6775899964850396,0.005120004061609507,0.5073840147815645,8,0,8,0,0,,,,,,,,,,,,,,
rsg_object_detection,dropped_oldest,213,rsg_20260806_24_354880000_000213,dropped,True,fifo_cached_frame,213,23,0,188,23,0,1,0.0,5.541801991057582,frame_fifo_full,,,,,,,,,,,,,,,,,,,,,,,,,,,,,,,,,,,,,,,,,,,,,,,,,,,,,,,,,,,,,,,,,,,,
rsg_object_detection,dropped_oldest,214,rsg_20260806_24_404879999_000214,dropped,True,fifo_cached_frame,214,23,0,189,23,0,1,0.0,36.70438799599651,frame_fifo_full,,,,,,,,,,,,,,,,,,,,,,,,,,,,,,,,,,,,,,,,,,,,,,,,,,,,,,,,,,,,,,,,,,,,
rsg_object_detection,dropped_oldest,215,rsg_20260806_24_454879999_000215,dropped,True,fifo_cached_frame,215,23,0,190,23,0,1,0.0,55.408863991033286,frame_fifo_full,,,,,,,,,,,,,,,,,,,,,,,,,,,,,,,,,,,,,,,,,,,,,,,,,,,,,,,,,,,,,,,,,,,,
rsg_object_detection,dropped_oldest,216,rsg_20260806_24_504880000_000216,dropped,True,fifo_cached_frame,216,23,0,191,23,0,1,0.0,50.9334139933344,frame_fifo_full,,,,,,,,,,,,,,,,,,,,,,,,,,,,,,,,,,,,,,,,,,,,,,,,,,,,,,,,,,,,,,,,,,,,
rsg_object_detection,dropped_oldest,217,rsg_20260806_24_554880000_000217,dropped,True,fifo_cached_frame,217,23,0,192,23,0,1,0.0,50.56532399612479,frame_fifo_full,,,,,,,,,,,,,,,,,,,,,,,,,,,,,,,,,,,,,,,,,,,,,,,,,,,,,,,,,,,,,,,,,,,,
rsg_object_detection,dropped_oldest,218,rsg_20260806_24_604880000_000218,dropped,True,fifo_cached_frame,218,23,0,193,23,0,1,0.0,52.29003299609758,frame_fifo_full,,,,,,,,,,,,,,,,,,,,,,,,,,,,,,,,,,,,,,,,,,,,,,,,,,,,,,,,,,,,,,,,,,,,
rsg_object_detection,dropped_oldest,219,rsg_20260806_24_654879999_000219,dropped,True,fifo_cached_frame,219,23,0,194,23,0,1,0.0,48.6312739958521,frame_fifo_full,,,,,,,,,,,,,,,,,,,,,,,,,,,,,,,,,,,,,,,,,,,,,,,,,,,,,,,,,,,,,,,,,,,,
rsg_object_detection,dropped_oldest,220,rsg_20260806_24_704879999_000220,dropped,True,fifo_cached_frame,220,23,0,195,23,0,1,0.0,85.69946499483194,frame_fifo_full,,,,,,,,,,,,,,,,,,,,,,,,,,,,,,,,,,,,,,,,,,,,,,,,,,,,,,,,,,,,,,,,,,,,
rsg_object_detection,dropped_oldest,221,rsg_20260806_24_754880000_000221,dropped,True,fifo_cached_frame,221,23,0,196,23,0,1,0.0,28.848991001723334,frame_fifo_full,,,,,,,,,,,,,,,,,,,,,,,,,,,,,,,,,,,,,,,,,,,,,,,,,,,,,,,,,,,,,,,,,,,,
rsg_object_detection,dropped_oldest,222,rsg_20260806_24_804880000_000222,dropped,True,fifo_cached_frame,222,23,0,197,24,0,1,0.0,42.3512120032683,frame_fifo_full,,,,,,,,,,,,,,,,,,,,,,,,,,,,,,,,,,,,,,,,,,,,,,,,,,,,,,,,,,,,,,,,,,,,
rsg_object_detection,frame_trace,212,rsg_20260806_24_254880000_000212,sent_to_hydra,,,,,,,,,,,599.6299510006793,ok,12.00592500390485,457.04826900328044,129.90632800210733,0.1813409908208996,129.72498701128643,0.003679990186356008,0.8905779977794737,0.15650900604669005,302.98503799713217,30.529636002029292,0.008639995940029621,333.6798230011482,54.59975800476968,19.227412005420774,5.453769976156764,14.617021006415598,14.637051994213834,35.214043004089035,21.040600011474453,0.278333987807855,13.997287038364448,2.626713045174256,1.2362009729258716,5.637351991026662,6.663576001301408,1.8270440050400794,98.0,14.0,0.005759997293353081,0.017214013496413827,12.669595977058634,0.5923089775023982,0.40741803240962327,1.4832729939371347,0.03776000812649727,0.004735004040412605,105.02844299480785,4.424731989274733,0.14937399828340858,12.82671200169716,0.04860702028963715,6.8760529975406826,6.140672005130909,0.13423799828160554,0.6011429941281676,4.120704004890285,1.004271995043382,0.004896006430499256,0.6657490012003109,8,0,8,0,0,,,,,,,,,,,,,,
rsg_object_detection,dropped_oldest,224,rsg_20260806_24_904879999_000224,dropped,True,fifo_cached_frame,224,24,0,198,24,0,1,0.0,49.13677000149619,frame_fifo_full,,,,,,,,,,,,,,,,,,,,,,,,,,,,,,,,,,,,,,,,,,,,,,,,,,,,,,,,,,,,,,,,,,,,
rsg_object_detection,dropped_oldest,225,rsg_20260806_24_954879999_000225,dropped,True,fifo_cached_frame,225,24,0,199,24,0,1,0.0,49.63823399157263,frame_fifo_full,,,,,,,,,,,,,,,,,,,,,,,,,,,,,,,,,,,,,,,,,,,,,,,,,,,,,,,,,,,,,,,,,,,,
rsg_object_detection,dropped_oldest,226,rsg_20260806_25_004879999_000226,dropped,True,fifo_cached_frame,226,24,0,200,24,0,1,0.0,52.15723499713931,frame_fifo_full,,,,,,,,,,,,,,,,,,,,,,,,,,,,,,,,,,,,,,,,,,,,,,,,,,,,,,,,,,,,,,,,,,,,
rsg_object_detection,dropped_oldest,227,rsg_20260806_25_054880000_000227,dropped,True,fifo_cached_frame,227,24,0,201,24,0,1,0.0,48.52516400569584,frame_fifo_full,,,,,,,,,,,,,,,,,,,,,,,,,,,,,,,,,,,,,,,,,,,,,,,,,,,,,,,,,,,,,,,,,,,,
rsg_object_detection,dropped_oldest,228,rsg_20260806_25_104880000_000228,dropped,True,fifo_cached_frame,228,24,0,202,24,0,1,0.0,52.00910900020972,frame_fifo_full,,,,,,,,,,,,,,,,,,,,,,,,,,,,,,,,,,,,,,,,,,,,,,,,,,,,,,,,,,,,,,,,,,,,
rsg_object_detection,dropped_oldest,229,rsg_20260806_25_154879999_000229,dropped,True,fifo_cached_frame,229,24,0,203,24,0,1,0.0,51.11321900039911,frame_fifo_full,,,,,,,,,,,,,,,,,,,,,,,,,,,,,,,,,,,,,,,,,,,,,,,,,,,,,,,,,,,,,,,,,,,,
rsg_object_detection,dropped_oldest,230,rsg_20260806_25_204879999_000230,dropped,True,fifo_cached_frame,230,24,0,204,24,0,1,0.0,63.12775198603049,frame_fifo_full,,,,,,,,,,,,,,,,,,,,,,,,,,,,,,,,,,,,,,,,,,,,,,,,,,,,,,,,,,,,,,,,,,,,
rsg_object_detection,dropped_oldest,231,rsg_20260806_25_254880000_000231,dropped,True,fifo_cached_frame,231,24,0,205,24,0,1,0.0,50.14945799484849,frame_fifo_full,,,,,,,,,,,,,,,,,,,,,,,,,,,,,,,,,,,,,,,,,,,,,,,,,,,,,,,,,,,,,,,,,,,,
rsg_object_detection,dropped_oldest,232,rsg_20260806_25_304880000_000232,dropped,True,fifo_cached_frame,232,24,0,206,24,0,1,0.0,32.26682500098832,frame_fifo_full,,,,,,,,,,,,,,,,,,,,,,,,,,,,,,,,,,,,,,,,,,,,,,,,,,,,,,,,,,,,,,,,,,,,
rsg_object_detection,frame_trace,223,rsg_20260806_24_854880000_000223,sent_to_hydra,,,,,,,,,,,509.22886400076095,ok,8.724568004254252,498.2441070023924,1.8297319911653176,0.20486098947003484,1.6248710016952828,0.0018559949239715934,1.4241700118873268,0.18159700266551226,303.48490200412925,26.707616008934565,0.007871989510022104,330.38198700523935,105.6284969963599,34.818752988940105,6.814068983658217,42.60368901304901,20.597627983079292,32.85232000052929,26.067401995533146,0.2510699850972742,19.94711188308429,2.1277450141496956,1.119437933084555,3.052368003409356,3.0935200047679245,0.594039011048153,100.0,14.0,0.005312002031132579,0.023551983758807182,4.157374991336837,1.1465429997770116,0.40242601244244725,1.3160429953131825,0.47660099517088383,0.005183988832868636,146.00450900616124,12.632698999368586,0.13145399861969054,7.632841006852686,0.0364469742635265,4.76408599934075,4.2382059909868985,0.09602999489288777,0.42985001346096396,3.2962690020212904,0.6594129954464734,0.0048000074457377195,0.428601008024998,8,0,8,0,0,,,,,,,,,,,,,,
rsg_object_detection,dropped_oldest,234,rsg_20260806_25_404879999_000234,dropped,True,fifo_cached_frame,234,25,0,207,25,0,1,0.0,42.53380199952517,frame_fifo_full,,,,,,,,,,,,,,,,,,,,,,,,,,,,,,,,,,,,,,,,,,,,,,,,,,,,,,,,,,,,,,,,,,,,
rsg_object_detection,dropped_oldest,235,rsg_20260806_25_454879999_000235,dropped,True,fifo_cached_frame,235,25,0,208,25,0,1,0.0,51.09094800718594,frame_fifo_full,,,,,,,,,,,,,,,,,,,,,,,,,,,,,,,,,,,,,,,,,,,,,,,,,,,,,,,,,,,,,,,,,,,,
rsg_object_detection,dropped_oldest,236,rsg_20260806_25_504880000_000236,dropped,True,fifo_cached_frame,236,25,0,209,25,0,1,0.0,48.45694100367837,frame_fifo_full,,,,,,,,,,,,,,,,,,,,,,,,,,,,,,,,,,,,,,,,,,,,,,,,,,,,,,,,,,,,,,,,,,,,
rsg_object_detection,dropped_oldest,237,rsg_20260806_25_554880000_000237,dropped,True,fifo_cached_frame,237,25,0,210,25,0,1,0.0,49.27273599605542,frame_fifo_full,,,,,,,,,,,,,,,,,,,,,,,,,,,,,,,,,,,,,,,,,,,,,,,,,,,,,,,,,,,,,,,,,,,,
rsg_object_detection,dropped_oldest,238,rsg_20260806_25_604880000_000238,dropped,True,fifo_cached_frame,238,25,0,211,25,0,1,0.0,54.25374599872157,frame_fifo_full,,,,,,,,,,,,,,,,,,,,,,,,,,,,,,,,,,,,,,,,,,,,,,,,,,,,,,,,,,,,,,,,,,,,
rsg_object_detection,dropped_oldest,239,rsg_20260806_25_654879999_000239,dropped,True,fifo_cached_frame,239,25,0,212,25,0,1,0.0,47.87128600582946,frame_fifo_full,,,,,,,,,,,,,,,,,,,,,,,,,,,,,,,,,,,,,,,,,,,,,,,,,,,,,,,,,,,,,,,,,,,,
rsg_object_detection,dropped_oldest,240,rsg_20260806_25_704879999_000240,dropped,True,fifo_cached_frame,240,25,0,213,25,0,1,0.0,51.35471899120603,frame_fifo_full,,,,,,,,,,,,,,,,,,,,,,,,,,,,,,,,,,,,,,,,,,,,,,,,,,,,,,,,,,,,,,,,,,,,
rsg_object_detection,dropped_oldest,241,rsg_20260806_25_754880000_000241,dropped,True,fifo_cached_frame,241,25,0,214,25,0,1,0.0,55.634140997426584,frame_fifo_full,,,,,,,,,,,,,,,,,,,,,,,,,,,,,,,,,,,,,,,,,,,,,,,,,,,,,,,,,,,,,,,,,,,,
rsg_object_detection,frame_trace,233,rsg_20260806_25_354880000_000233,sent_to_hydra,,,,,,,,,,,521.6923190018861,ok,8.772950997808948,487.5499390036566,24.898684001527727,0.19090900605078787,24.70777499547694,0.0042239989852532744,1.2576439912663773,1.7337010067421943,343.206844991073,23.917643004097044,0.009408002370037138,368.8675970042823,79.91549001599196,22.76591600093525,4.491675004828721,33.871759005705826,18.04823099519126,20.26768500218168,11.589355999603868,0.2425869897706434,6.401758961146697,1.9612488395068794,1.08074996387586,4.966898006387055,3.0867360037518665,0.5398319917730987,103.0,15.0,0.004992005415260792,0.01315202098339796,2.622327010612935,0.35676198604051024,0.30831598269287497,1.2709880102192983,0.031007002689875662,0.0043199979700148106,104.79231900535524,2.5867439981084317,0.13903800572734326,9.865414001978934,0.04118299693800509,4.660630991565995,4.072832001838833,0.09401500574313104,0.4937839839840308,3.5011300060432404,0.6067420035833493,0.004447996616363525,0.46652099990751594,8,0,7,0,0,,,,,,,,,,,,,,
rsg_object_detection,dropped_oldest,243,rsg_20260806_25_854880000_000243,dropped,True,fifo_cached_frame,243,26,0,215,26,0,1,0.0,4.908851013169624,frame_fifo_full,,,,,,,,,,,,,,,,,,,,,,,,,,,,,,,,,,,,,,,,,,,,,,,,,,,,,,,,,,,,,,,,,,,,
rsg_object_detection,dropped_oldest,244,rsg_20260806_25_904879999_000244,dropped,True,fifo_cached_frame,244,26,0,216,26,0,1,0.0,37.79573099745903,frame_fifo_full,,,,,,,,,,,,,,,,,,,,,,,,,,,,,,,,,,,,,,,,,,,,,,,,,,,,,,,,,,,,,,,,,,,,
rsg_object_detection,dropped_oldest,245,rsg_20260806_25_954879999_000245,dropped,True,fifo_cached_frame,245,26,0,217,26,0,1,0.0,51.11523599771317,frame_fifo_full,,,,,,,,,,,,,,,,,,,,,,,,,,,,,,,,,,,,,,,,,,,,,,,,,,,,,,,,,,,,,,,,,,,,
rsg_object_detection,dropped_oldest,246,rsg_20260806_26_004879999_000246,dropped,True,fifo_cached_frame,246,26,0,218,26,0,1,0.0,59.84223600535188,frame_fifo_full,,,,,,,,,,,,,,,,,,,,,,,,,,,,,,,,,,,,,,,,,,,,,,,,,,,,,,,,,,,,,,,,,,,,
rsg_object_detection,dropped_oldest,247,rsg_20260806_26_054880000_000247,dropped,True,fifo_cached_frame,247,26,0,219,26,0,1,0.0,40.17223900882527,frame_fifo_full,,,,,,,,,,,,,,,,,,,,,,,,,,,,,,,,,,,,,,,,,,,,,,,,,,,,,,,,,,,,,,,,,,,,
rsg_object_detection,dropped_oldest,248,rsg_20260806_26_104880000_000248,dropped,True,fifo_cached_frame,248,26,0,220,26,0,1,0.0,50.91706200619228,frame_fifo_full,,,,,,,,,,,,,,,,,,,,,,,,,,,,,,,,,,,,,,,,,,,,,,,,,,,,,,,,,,,,,,,,,,,,
rsg_object_detection,dropped_oldest,249,rsg_20260806_26_154879999_000249,dropped,True,fifo_cached_frame,249,26,0,221,26,0,1,0.0,53.275938000297174,frame_fifo_full,,,,,,,,,,,,,,,,,,,,,,,,,,,,,,,,,,,,,,,,,,,,,,,,,,,,,,,,,,,,,,,,,,,,
rsg_object_detection,dropped_oldest,250,rsg_20260806_26_204879999_000250,dropped,True,fifo_cached_frame,250,26,0,222,26,0,1,0.0,62.52696199226193,frame_fifo_full,,,,,,,,,,,,,,,,,,,,,,,,,,,,,,,,,,,,,,,,,,,,,,,,,,,,,,,,,,,,,,,,,,,,
rsg_object_detection,dropped_oldest,251,rsg_20260806_26_254880000_000251,dropped,True,fifo_cached_frame,251,26,0,223,26,0,1,0.0,41.85733199119568,frame_fifo_full,,,,,,,,,,,,,,,,,,,,,,,,,,,,,,,,,,,,,,,,,,,,,,,,,,,,,,,,,,,,,,,,,,,,
rsg_object_detection,frame_trace,242,rsg_20260806_25_804880000_000242,sent_to_hydra,,,,,,,,,,,529.5296059921384,ok,9.470412987866439,453.23652200750075,66.30395899992436,0.1510379952378571,66.1529210046865,0.001344000338576734,1.0332639940315858,0.22172500030137599,318.209985998692,29.30056799959857,0.008767005056142807,347.7410460036481,50.05470798641909,19.06117498583626,3.8505950215039775,6.440762983402237,20.081095994100906,37.67221300222445,25.015578998136334,0.27043005684390664,10.406681874883361,8.632692857645452,2.2934430453460664,5.1929429901065305,6.839604990091175,0.5818790086777881,104.0,15.0,0.004255998646840453,0.014110992196947336,3.186797970556654,0.5687270022463053,0.3142040368402377,1.399690008838661,0.03135899896733463,0.004799992893822491,93.24856298917439,2.9237629933049902,0.1343649928458035,8.112065988825634,0.04345504567027092,4.614424993633293,4.009217998827808,0.10182200639974326,0.5033849884057418,4.010624994407408,0.8379070059163496,0.007455993909388781,0.5173679965082556,8,0,8,0,0,,,,,,,,,,,,,,
rsg_object_detection,dropped_oldest,253,rsg_20260806_26_354880000_000253,dropped,True,fifo_cached_frame,253,27,0,224,27,0,1,0.0,39.54815200995654,frame_fifo_full,,,,,,,,,,,,,,,,,,,,,,,,,,,,,,,,,,,,,,,,,,,,,,,,,,,,,,,,,,,,,,,,,,,,
rsg_object_detection,dropped_oldest,254,rsg_20260806_26_404879999_000254,dropped,True,fifo_cached_frame,254,27,0,225,27,0,1,0.0,52.952679005102254,frame_fifo_full,,,,,,,,,,,,,,,,,,,,,,,,,,,,,,,,,,,,,,,,,,,,,,,,,,,,,,,,,,,,,,,,,,,,
rsg_object_detection,dropped_oldest,255,rsg_20260806_26_454879999_000255,dropped,True,fifo_cached_frame,255,27,0,226,27,0,1,0.0,52.2929780127015,frame_fifo_full,,,,,,,,,,,,,,,,,,,,,,,,,,,,,,,,,,,,,,,,,,,,,,,,,,,,,,,,,,,,,,,,,,,,
rsg_object_detection,dropped_oldest,256,rsg_20260806_26_504880000_000256,dropped,True,fifo_cached_frame,256,27,0,227,27,0,1,0.0,48.21771300339606,frame_fifo_full,,,,,,,,,,,,,,,,,,,,,,,,,,,,,,,,,,,,,,,,,,,,,,,,,,,,,,,,,,,,,,,,,,,,
rsg_object_detection,dropped_oldest,257,rsg_20260806_26_554880000_000257,dropped,True,fifo_cached_frame,257,27,0,228,27,0,1,0.0,47.3198709951248,frame_fifo_full,,,,,,,,,,,,,,,,,,,,,,,,,,,,,,,,,,,,,,,,,,,,,,,,,,,,,,,,,,,,,,,,,,,,
rsg_object_detection,dropped_oldest,258,rsg_20260806_26_604880000_000258,dropped,True,fifo_cached_frame,258,27,0,229,27,0,1,0.0,51.48601399559993,frame_fifo_full,,,,,,,,,,,,,,,,,,,,,,,,,,,,,,,,,,,,,,,,,,,,,,,,,,,,,,,,,,,,,,,,,,,,
rsg_object_detection,dropped_oldest,259,rsg_20260806_26_654879999_000259,dropped,True,fifo_cached_frame,259,27,0,230,27,0,1,0.0,65.02199500391725,frame_fifo_full,,,,,,,,,,,,,,,,,,,,,,,,,,,,,,,,,,,,,,,,,,,,,,,,,,,,,,,,,,,,,,,,,,,,
rsg_object_detection,dropped_oldest,260,rsg_20260806_26_704879999_000260,dropped,True,fifo_cached_frame,260,27,0,231,27,0,1,0.0,90.07190901320428,frame_fifo_full,,,,,,,,,,,,,,,,,,,,,,,,,,,,,,,,,,,,,,,,,,,,,,,,,,,,,,,,,,,,,,,,,,,,
rsg_object_detection,dropped_oldest,261,rsg_20260806_26_754880000_000261,dropped,True,fifo_cached_frame,261,27,0,232,27,0,1,0.0,9.635466005420312,frame_fifo_full,,,,,,,,,,,,,,,,,,,,,,,,,,,,,,,,,,,,,,,,,,,,,,,,,,,,,,,,,,,,,,,,,,,,
rsg_object_detection,frame_trace,252,rsg_20260806_26_304880000_000252,sent_to_hydra,,,,,,,,,,,507.24579399684444,ok,16.511358990101144,453.5328400088474,36.4613520068815,0.14815700706094503,36.31319499982055,0.0025600020308047533,1.823011989472434,0.18969300435855985,297.5267889996758,23.788749997038394,0.007007998647168279,321.5122399997199,64.54241898609325,19.338452024385333,6.755892012733966,18.26016401173547,19.47217599081341,33.086493000155315,18.023270997218788,0.6160270859254524,10.547379992203787,2.7137850847793743,1.4852250751573592,7.4589879950508475,5.093008003314026,2.4633859866298735,111.0,16.0,0.004863992216996849,0.017055979697033763,8.244736032793298,1.4499600074486807,0.382169964723289,1.394345992594026,0.1910050050355494,0.0042239989852532744,109.3135610135505,6.586584990145639,3.387882999959402,10.865686999750324,0.043872016249224544,9.239759994670749,8.617177998530678,0.09164700168184936,0.5309349944582209,6.5944259986281395,0.6732370093232021,0.003935987479053438,0.737682988983579,8,0,8,0,0,,,,,,,,,,,,,,
rsg_object_detection,dropped_oldest,263,rsg_20260806_26_854880000_000263,dropped,True,fifo_cached_frame,263,28,0,233,28,0,1,0.0,51.06915699434467,frame_fifo_full,,,,,,,,,,,,,,,,,,,,,,,,,,,,,,,,,,,,,,,,,,,,,,,,,,,,,,,,,,,,,,,,,,,,
rsg_object_detection,dropped_oldest,264,rsg_20260806_26_904879999_000264,dropped,True,fifo_cached_frame,264,28,0,234,28,0,1,0.0,50.929413991980255,frame_fifo_full,,,,,,,,,,,,,,,,,,,,,,,,,,,,,,,,,,,,,,,,,,,,,,,,,,,,,,,,,,,,,,,,,,,,
rsg_object_detection,dropped_oldest,265,rsg_20260806_26_954879999_000265,dropped,True,fifo_cached_frame,265,28,0,235,28,0,1,0.0,58.83322800218593,frame_fifo_full,,,,,,,,,,,,,,,,,,,,,,,,,,,,,,,,,,,,,,,,,,,,,,,,,,,,,,,,,,,,,,,,,,,,
rsg_object_detection,dropped_oldest,266,rsg_20260806_27_004879999_000266,dropped,True,fifo_cached_frame,266,28,0,236,28,0,1,0.0,61.24007000471465,frame_fifo_full,,,,,,,,,,,,,,,,,,,,,,,,,,,,,,,,,,,,,,,,,,,,,,,,,,,,,,,,,,,,,,,,,,,,
rsg_object_detection,dropped_oldest,267,rsg_20260806_27_054880000_000267,dropped,True,fifo_cached_frame,267,28,0,237,28,0,1,0.0,41.39541900076438,frame_fifo_full,,,,,,,,,,,,,,,,,,,,,,,,,,,,,,,,,,,,,,,,,,,,,,,,,,,,,,,,,,,,,,,,,,,,
rsg_object_detection,dropped_oldest,268,rsg_20260806_27_104880000_000268,dropped,True,fifo_cached_frame,268,28,0,238,28,0,1,0.0,50.63268300727941,frame_fifo_full,,,,,,,,,,,,,,,,,,,,,,,,,,,,,,,,,,,,,,,,,,,,,,,,,,,,,,,,,,,,,,,,,,,,
rsg_object_detection,dropped_oldest,269,rsg_20260806_27_154879999_000269,dropped,True,fifo_cached_frame,269,28,0,239,28,0,1,0.0,40.486984988092445,frame_fifo_full,,,,,,,,,,,,,,,,,,,,,,,,,,,,,,,,,,,,,,,,,,,,,,,,,,,,,,,,,,,,,,,,,,,,
rsg_object_detection,dropped_oldest,270,rsg_20260806_27_204879999_000270,dropped,True,fifo_cached_frame,270,28,0,240,28,0,1,0.0,73.57818099262659,frame_fifo_full,,,,,,,,,,,,,,,,,,,,,,,,,,,,,,,,,,,,,,,,,,,,,,,,,,,,,,,,,,,,,,,,,,,,
rsg_object_detection,dropped_oldest,271,rsg_20260806_27_254880000_000271,dropped,True,fifo_cached_frame,271,28,0,241,28,0,1,0.0,38.28295599669218,frame_fifo_full,,,,,,,,,,,,,,,,,,,,,,,,,,,,,,,,,,,,,,,,,,,,,,,,,,,,,,,,,,,,,,,,,,,,
rsg_object_detection,dropped_oldest,272,rsg_20260806_27_304880000_000272,dropped,True,fifo_cached_frame,272,28,0,242,28,0,1,0.0,52.189298992743716,frame_fifo_full,,,,,,,,,,,,,,,,,,,,,,,,,,,,,,,,,,,,,,,,,,,,,,,,,,,,,,,,,,,,,,,,,,,,
rsg_object_detection,,111,rsg_20260806_19_204879999_000111,vlm_failed,,,,,,,,,,,,"{""label"":""unknown_object"",""label_confidence"":0.0,""mobility_class"":""unknown"",""mobility_confidence"":0.0}",,,,,,,,,,,,,,,,,,,,,,,,,,,,,,,,,,,,,,,,,,,,,,,,,,,,,,,rsg_obj_000003,rsg_unknown_rsg_20260806_19_204879999_000111_006_nanosam_005,,,12,0.6189646321546014,unknown_object,0.0,unknown,0.0,7373.400155993295,7521.356566998293,qwen_http,Qwen3-VL-8B-Instruct-GGUF
rsg_object_detection,completed,111,rsg_20260806_19_204879999_000111,,,,,,,,,,,147.9551310039824,,vlm_failed,,,,,,,,,,,,,,,,,,,,,,,,,,,,,,,,,,,,,,,,,,,,,,,,,,,,,,,rsg_obj_000003,rsg_unknown_rsg_20260806_19_204879999_000111_006_nanosam_005,5,300,12,0.6189646321546014,,,,,,,,
rsg_object_detection,dropped_oldest,273,rsg_20260806_27_354880000_000273,dropped,True,fifo_cached_frame,273,28,0,243,28,0,1,0.0,31.946799004799686,frame_fifo_full,,,,,,,,,,,,,,,,,,,,,,,,,,,,,,,,,,,,,,,,,,,,,,,,,,,,,,,,,,,,,,,,,,,,
rsg_object_detection,frame_trace,262,rsg_20260806_26_804880000_000262,sent_to_hydra,,,,,,,,,,,604.2267479933798,ok,9.049618995049968,587.8429069998674,6.8917009921278805,0.13897399185225368,6.752727000275627,0.0016319972928613424,1.925153992488049,0.18412500503472984,388.6911929876078,19.25496400508564,0.007168011507019401,408.1374500092352,105.32786296971608,22.32195700344164,6.4412419887958094,57.36809899099171,18.28259498870466,45.67519300326239,26.035691000288352,0.5012069741496816,13.355116941966116,7.540843929746188,1.5451929939445108,9.613962000003085,9.380013987538405,0.5450790049508214,120.0,18.0,0.004447996616363525,2.7684369997587055,8.889238990377635,0.8074770012171939,0.4473500302992761,1.385323004797101,0.037855992559343576,0.0047679932322353125,162.59221998916473,6.444635000661947,0.12806200538761914,8.581051006331109,0.034334996598772705,4.693751005106606,4.184350997093134,0.08998300472740084,0.4194170032860711,3.6312400043243542,0.7197959930635989,0.00483199255540967,0.4408890090417117,8,0,7,0,0,,,,,,,,,,,,,,
rsg_object_detection,dequeued,1,rsg_20260806_13_704879999_000001,,,,,,,,,,,7250.775416992838,,fifo_order,,,,,,,,,,,,,,,,,,,,,,,,,,,,,,,,,,,,,,,,,,,,,,,,,,,,,,,rsg_obj_000006,rsg_unknown_rsg_20260806_13_704879999_000001_005_nanosam_007,4,300,1,0.6383408250853362,,,,,,,,
rsg_object_detection,dropped_oldest,275,rsg_20260806_27_454879999_000275,dropped,True,fifo_cached_frame,275,29,0,244,29,0,1,0.0,39.68527000688482,frame_fifo_full,,,,,,,,,,,,,,,,,,,,,,,,,,,,,,,,,,,,,,,,,,,,,,,,,,,,,,,,,,,,,,,,,,,,
rsg_object_detection,dropped_oldest,276,rsg_20260806_27_504880000_000276,dropped,True,fifo_cached_frame,276,29,0,245,29,0,1,0.0,60.651086998404935,frame_fifo_full,,,,,,,,,,,,,,,,,,,,,,,,,,,,,,,,,,,,,,,,,,,,,,,,,,,,,,,,,,,,,,,,,,,,
rsg_object_detection,dropped_oldest,277,rsg_20260806_27_554880000_000277,dropped,True,fifo_cached_frame,277,29,0,246,29,0,1,0.0,41.08313699543942,frame_fifo_full,,,,,,,,,,,,,,,,,,,,,,,,,,,,,,,,,,,,,,,,,,,,,,,,,,,,,,,,,,,,,,,,,,,,
rsg_object_detection,dropped_oldest,278,rsg_20260806_27_604880000_000278,dropped,True,fifo_cached_frame,278,29,0,247,29,0,1,0.0,51.39039999630768,frame_fifo_full,,,,,,,,,,,,,,,,,,,,,,,,,,,,,,,,,,,,,,,,,,,,,,,,,,,,,,,,,,,,,,,,,,,,
rsg_object_detection,dropped_oldest,279,rsg_20260806_27_654879999_000279,dropped,True,fifo_cached_frame,279,29,0,248,29,0,1,0.0,51.892119998228736,frame_fifo_full,,,,,,,,,,,,,,,,,,,,,,,,,,,,,,,,,,,,,,,,,,,,,,,,,,,,,,,,,,,,,,,,,,,,
rsg_object_detection,dropped_oldest,280,rsg_20260806_27_704879999_000280,dropped,True,fifo_cached_frame,280,29,0,249,29,0,1,0.0,44.864805007819086,frame_fifo_full,,,,,,,,,,,,,,,,,,,,,,,,,,,,,,,,,,,,,,,,,,,,,,,,,,,,,,,,,,,,,,,,,,,,
rsg_object_detection,frame_trace,274,rsg_20260806_27_404879999_000274,sent_to_hydra,,,,,,,,,,,359.5506249985192,ok,12.336928004515357,321.5324009943288,25.027001989656128,0.1417259918525815,24.885275997803546,0.004447996616363525,0.9817769896471873,0.17529301112517715,205.50732800620608,16.805082006612793,0.0068799854489043355,222.49458300939295,59.693726027035154,15.816232975339517,9.45028301794082,18.165765999583527,15.674444017349742,19.77556399651803,12.351487996056676,0.2722849458223209,6.598878957447596,2.3129849723773077,1.2870781210949644,3.3778670040192083,3.208973997971043,0.792820006608963,121.0,18.0,0.003712004399858415,0.014847988495603204,2.9573940119007602,1.1166550102643669,0.37695396167691797,1.4215779956430197,0.035967008443549275,0.003936002030968666,85.40199800336268,2.5812400126596913,0.14726200606673956,9.881606005365029,0.04393496783450246,8.398813006351702,7.710664009209722,0.07523098611272871,0.6129180110292509,3.230734000680968,0.702805002219975,0.00457599526271224,0.6498460134025663,8,0,8,0,0,,,,,,,,,,,,,,
rsg_object_detection,dropped_oldest,282,rsg_20260806_27_804880000_000282,dropped,True,fifo_cached_frame,282,30,0,250,30,0,1,0.0,46.93501300062053,frame_fifo_full,,,,,,,,,,,,,,,,,,,,,,,,,,,,,,,,,,,,,,,,,,,,,,,,,,,,,,,,,,,,,,,,,,,,
rsg_object_detection,dropped_oldest,283,rsg_20260806_27_854880000_000283,dropped,True,fifo_cached_frame,283,30,0,251,30,0,1,0.0,52.96288699901197,frame_fifo_full,,,,,,,,,,,,,,,,,,,,,,,,,,,,,,,,,,,,,,,,,,,,,,,,,,,,,,,,,,,,,,,,,,,,
rsg_object_detection,dropped_oldest,284,rsg_20260806_27_904879999_000284,dropped,True,fifo_cached_frame,284,30,0,252,30,0,1,0.0,49.45298899838235,frame_fifo_full,,,,,,,,,,,,,,,,,,,,,,,,,,,,,,,,,,,,,,,,,,,,,,,,,,,,,,,,,,,,,,,,,,,,
rsg_object_detection,dropped_oldest,285,rsg_20260806_27_954879999_000285,dropped,True,fifo_cached_frame,285,30,0,253,30,0,1,0.0,59.318019993952475,frame_fifo_full,,,,,,,,,,,,,,,,,,,,,,,,,,,,,,,,,,,,,,,,,,,,,,,,,,,,,,,,,,,,,,,,,,,,
rsg_object_detection,dropped_oldest,286,rsg_20260806_28_004879999_000286,dropped,True,fifo_cached_frame,286,30,0,254,30,0,1,0.0,38.54170399426948,frame_fifo_full,,,,,,,,,,,,,,,,,,,,,,,,,,,,,,,,,,,,,,,,,,,,,,,,,,,,,,,,,,,,,,,,,,,,
rsg_object_detection,dropped_oldest,287,rsg_20260806_28_054880000_000287,dropped,True,fifo_cached_frame,287,30,0,255,30,0,1,0.0,53.8946810120251,frame_fifo_full,,,,,,,,,,,,,,,,,,,,,,,,,,,,,,,,,,,,,,,,,,,,,,,,,,,,,,,,,,,,,,,,,,,,
rsg_object_detection,dropped_oldest,288,rsg_20260806_28_104880000_000288,dropped,True,fifo_cached_frame,288,30,0,256,30,0,1,0.0,47.993205007514916,frame_fifo_full,,,,,,,,,,,,,,,,,,,,,,,,,,,,,,,,,,,,,,,,,,,,,,,,,,,,,,,,,,,,,,,,,,,,
rsg_object_detection,frame_trace,281,rsg_20260806_27_754880000_000281,sent_to_hydra,,,,,,,,,,,442.6836979982909,ok,8.768054991378449,419.8051740095252,13.581677005277015,0.15251000877469778,13.429166996502317,0.0017600104911252856,0.9217780025210232,0.15599699690937996,274.83328800008167,19.411601999308914,0.006624002708122134,294.4075109990081,68.46638898423407,16.645148978568614,3.698760032420978,25.393683012225665,22.13975398626644,35.73976400366519,19.02459999837447,0.32021892548073083,12.305027063121088,2.7115389821119606,1.4443600521190092,13.074867994873784,2.89365099160932,0.7042770012049004,138.0,20.0,0.00483199255540967,0.015455007087439299,5.484395020175725,1.026605983497575,1.252430010936223,1.181773011921905,0.03440000000409782,0.004032001015730202,113.20556499413215,2.6384869997855276,0.11612600064836442,8.483227997203358,0.03247901622671634,4.5170819939812645,3.9669459947617725,0.09526299254503101,0.45487300667446107,3.618472008383833,0.6267739954637364,0.005726993549615145,0.5270319816190749,8,0,8,0,0,,,,,,,,,,,,,,
rsg_object_detection,dropped_oldest,290,rsg_20260806_28_204879999_000290,dropped,True,fifo_cached_frame,290,31,0,257,31,0,1,0.0,47.495163991698064,frame_fifo_full,,,,,,,,,,,,,,,,,,,,,,,,,,,,,,,,,,,,,,,,,,,,,,,,,,,,,,,,,,,,,,,,,,,,
rsg_object_detection,dropped_oldest,291,rsg_20260806_28_254880000_000291,dropped,True,fifo_cached_frame,291,31,0,258,31,0,1,0.0,51.35439999867231,frame_fifo_full,,,,,,,,,,,,,,,,,,,,,,,,,,,,,,,,,,,,,,,,,,,,,,,,,,,,,,,,,,,,,,,,,,,,
rsg_object_detection,dropped_oldest,292,rsg_20260806_28_304880000_000292,dropped,True,fifo_cached_frame,292,31,0,259,31,0,1,0.0,51.89007200533524,frame_fifo_full,,,,,,,,,,,,,,,,,,,,,,,,,,,,,,,,,,,,,,,,,,,,,,,,,,,,,,,,,,,,,,,,,,,,
rsg_object_detection,dropped_oldest,293,rsg_20260806_28_354880000_000293,dropped,True,fifo_cached_frame,293,31,0,260,31,0,1,0.0,49.23948900250252,frame_fifo_full,,,,,,,,,,,,,,,,,,,,,,,,,,,,,,,,,,,,,,,,,,,,,,,,,,,,,,,,,,,,,,,,,,,,
rsg_object_detection,dropped_oldest,294,rsg_20260806_28_404879999_000294,dropped,True,fifo_cached_frame,294,31,0,261,31,0,1,0.0,50.50462200597394,frame_fifo_full,,,,,,,,,,,,,,,,,,,,,,,,,,,,,,,,,,,,,,,,,,,,,,,,,,,,,,,,,,,,,,,,,,,,
rsg_object_detection,dropped_oldest,295,rsg_20260806_28_454879999_000295,dropped,True,fifo_cached_frame,295,31,0,262,31,0,1,0.0,51.13542800245341,frame_fifo_full,,,,,,,,,,,,,,,,,,,,,,,,,,,,,,,,,,,,,,,,,,,,,,,,,,,,,,,,,,,,,,,,,,,,
rsg_object_detection,dropped_oldest,296,rsg_20260806_28_504880000_000296,dropped,True,fifo_cached_frame,296,31,0,263,31,0,1,0.0,87.46529399650171,frame_fifo_full,,,,,,,,,,,,,,,,,,,,,,,,,,,,,,,,,,,,,,,,,,,,,,,,,,,,,,,,,,,,,,,,,,,,
rsg_object_detection,dropped_oldest,297,rsg_20260806_28_554880000_000297,dropped,True,fifo_cached_frame,297,31,0,264,31,0,1,0.0,8.972468000138178,frame_fifo_full,,,,,,,,,,,,,,,,,,,,,,,,,,,,,,,,,,,,,,,,,,,,,,,,,,,,,,,,,,,,,,,,,,,,
rsg_object_detection,frame_trace,289,rsg_20260806_28_154879999_000289,sent_to_hydra,,,,,,,,,,,495.5574680061545,ok,11.641579010756686,435.193735989742,48.03586000343785,0.13491000572685152,47.900949997710995,0.005918991519138217,4.988082000636496,0.19126100232824683,294.1398679977283,26.04055499250535,0.008192015229724348,320.3798760077916,42.81933301535901,16.31308901414741,3.0348340078489855,13.434574997518212,9.504620000370778,46.988900008727796,40.06433598988224,0.3495639975881204,7.684418073040433,28.06548500666395,1.5262490196619183,3.180461993906647,2.998737007146701,0.699925993103534,140.0,21.0,0.004960005753673613,0.018175996956415474,3.651847000583075,0.6767900194972754,0.3375629603397101,1.5345050051109865,0.05881600372958928,0.005918991519138217,96.09395900042728,3.0442090064752847,0.18502101011108607,10.456189003889449,0.046399960410781205,5.3301890002330765,4.639128004782833,0.12028600031044334,0.5707749951398,5.5929049995029345,0.7126290001906455,0.005856010830029845,0.6803740106988698,8,0,8,0,0,,,,,,,,,,,,,,
rsg_object_detection,dropped_oldest,299,rsg_20260806_28_654879999_000299,dropped,True,fifo_cached_frame,299,32,0,265,32,0,1,0.0,57.06135099171661,frame_fifo_full,,,,,,,,,,,,,,,,,,,,,,,,,,,,,,,,,,,,,,,,,,,,,,,,,,,,,,,,,,,,,,,,,,,,
rsg_object_detection,dropped_oldest,300,rsg_20260806_28_704879999_000300,dropped,True,fifo_cached_frame,300,32,0,266,32,0,1,0.0,31.51272499235347,frame_fifo_full,,,,,,,,,,,,,,,,,,,,,,,,,,,,,,,,,,,,,,,,,,,,,,,,,,,,,,,,,,,,,,,,,,,,
rsg_object_detection,dropped_oldest,301,rsg_20260806_28_754880000_000301,dropped,True,fifo_cached_frame,301,32,0,267,32,0,1,0.0,50.91831099707633,frame_fifo_full,,,,,,,,,,,,,,,,,,,,,,,,,,,,,,,,,,,,,,,,,,,,,,,,,,,,,,,,,,,,,,,,,,,,
rsg_object_detection,dropped_oldest,302,rsg_20260806_28_804880000_000302,dropped,True,fifo_cached_frame,302,32,0,268,32,0,1,0.0,53.79225000797305,frame_fifo_full,,,,,,,,,,,,,,,,,,,,,,,,,,,,,,,,,,,,,,,,,,,,,,,,,,,,,,,,,,,,,,,,,,,,
rsg_object_detection,dropped_oldest,303,rsg_20260806_28_854880000_000303,dropped,True,fifo_cached_frame,303,32,0,269,32,0,1,0.0,45.618297008331865,frame_fifo_full,,,,,,,,,,,,,,,,,,,,,,,,,,,,,,,,,,,,,,,,,,,,,,,,,,,,,,,,,,,,,,,,,,,,
rsg_object_detection,dropped_oldest,304,rsg_20260806_28_904879999_000304,dropped,True,fifo_cached_frame,304,32,0,270,32,0,1,0.0,52.20581099274568,frame_fifo_full,,,,,,,,,,,,,,,,,,,,,,,,,,,,,,,,,,,,,,,,,,,,,,,,,,,,,,,,,,,,,,,,,,,,
rsg_object_detection,dropped_oldest,305,rsg_20260806_28_954879999_000305,dropped,True,fifo_cached_frame,305,32,0,271,32,0,1,0.0,49.3397760001244,frame_fifo_full,,,,,,,,,,,,,,,,,,,,,,,,,,,,,,,,,,,,,,,,,,,,,,,,,,,,,,,,,,,,,,,,,,,,
rsg_object_detection,dropped_oldest,306,rsg_20260806_29_004879999_000306,dropped,True,fifo_cached_frame,306,32,0,272,32,0,1,0.0,49.577660000068136,frame_fifo_full,,,,,,,,,,,,,,,,,,,,,,,,,,,,,,,,,,,,,,,,,,,,,,,,,,,,,,,,,,,,,,,,,,,,
rsg_object_detection,dropped_oldest,307,rsg_20260806_29_054880000_000307,dropped,True,fifo_cached_frame,307,32,0,273,32,0,1,0.0,79.4366829941282,frame_fifo_full,,,,,,,,,,,,,,,,,,,,,,,,,,,,,,,,,,,,,,,,,,,,,,,,,,,,,,,,,,,,,,,,,,,,
rsg_object_detection,dropped_oldest,308,rsg_20260806_29_104880000_000308,dropped,True,fifo_cached_frame,308,32,0,274,32,0,1,0.0,26.52077098900918,frame_fifo_full,,,,,,,,,,,,,,,,,,,,,,,,,,,,,,,,,,,,,,,,,,,,,,,,,,,,,,,,,,,,,,,,,,,,
rsg_object_detection,frame_trace,298,rsg_20260806_28_604880000_000298,sent_to_hydra,,,,,,,,,,,577.0314959954703,ok,8.517019989085384,515.9434550005244,52.091764999204315,0.1520609948784113,51.939704004325904,0.001344000338576734,1.0572629980742931,0.1855650043580681,381.1888810014352,25.36501300346572,0.007743990863673389,406.7472030001227,35.86648100463208,17.274674013606273,2.914291006163694,7.137617008993402,8.049026000662707,46.660170002724044,30.59949200542178,1.4446190180024132,20.248036977136508,4.844401919399388,1.7386310355504975,7.008754997514188,8.28345499758143,0.7191569893620908,142.0,21.0,0.00601599458605051,0.014367993571795523,5.126447998918593,0.49915898125618696,0.3292450128355995,4.379739999421872,0.0537269952474162,0.004128000000491738,92.93695300584659,6.234623011550866,0.14850999286863953,8.782198987319134,0.03670400474220514,4.266717995051295,3.7587250117212534,0.0835190003272146,0.42447398300282657,3.5989199968753383,0.6467740022344515,0.004607994924299419,0.47791200631763786,8,0,8,0,0,,,,,,,,,,,,,,
rsg_object_detection,dropped_oldest,310,rsg_20260806_29_204879999_000310,dropped,True,fifo_cached_frame,310,33,0,275,33,0,1,0.0,43.154528000741266,frame_fifo_full,,,,,,,,,,,,,,,,,,,,,,,,,,,,,,,,,,,,,,,,,,,,,,,,,,,,,,,,,,,,,,,,,,,,
rsg_object_detection,dropped_oldest,311,rsg_20260806_29_254880000_000311,dropped,True,fifo_cached_frame,311,33,0,276,33,0,1,0.0,52.915401000063866,frame_fifo_full,,,,,,,,,,,,,,,,,,,,,,,,,,,,,,,,,,,,,,,,,,,,,,,,,,,,,,,,,,,,,,,,,,,,
rsg_object_detection,dropped_oldest,312,rsg_20260806_29_304880000_000312,dropped,True,fifo_cached_frame,312,33,0,277,33,0,1,0.0,50.33368100703228,frame_fifo_full,,,,,,,,,,,,,,,,,,,,,,,,,,,,,,,,,,,,,,,,,,,,,,,,,,,,,,,,,,,,,,,,,,,,
rsg_object_detection,dropped_oldest,313,rsg_20260806_29_354880000_000313,dropped,True,fifo_cached_frame,313,33,0,278,33,0,1,0.0,50.77271399204619,frame_fifo_full,,,,,,,,,,,,,,,,,,,,,,,,,,,,,,,,,,,,,,,,,,,,,,,,,,,,,,,,,,,,,,,,,,,,
rsg_object_detection,dropped_oldest,314,rsg_20260806_29_404879999_000314,dropped,True,fifo_cached_frame,314,33,0,279,33,0,1,0.0,47.503003996098414,frame_fifo_full,,,,,,,,,,,,,,,,,,,,,,,,,,,,,,,,,,,,,,,,,,,,,,,,,,,,,,,,,,,,,,,,,,,,
rsg_object_detection,dropped_oldest,315,rsg_20260806_29_454879999_000315,dropped,True,fifo_cached_frame,315,33,0,280,33,0,1,0.0,51.046341002802365,frame_fifo_full,,,,,,,,,,,,,,,,,,,,,,,,,,,,,,,,,,,,,,,,,,,,,,,,,,,,,,,,,,,,,,,,,,,,
rsg_object_detection,dropped_oldest,316,rsg_20260806_29_504880000_000316,dropped,True,fifo_cached_frame,316,33,0,281,33,0,1,0.0,49.89845499221701,frame_fifo_full,,,,,,,,,,,,,,,,,,,,,,,,,,,,,,,,,,,,,,,,,,,,,,,,,,,,,,,,,,,,,,,,,,,,
rsg_object_detection,dropped_oldest,317,rsg_20260806_29_554880000_000317,dropped,True,fifo_cached_frame,317,33,0,282,33,0,1,0.0,72.5036719959462,frame_fifo_full,,,,,,,,,,,,,,,,,,,,,,,,,,,,,,,,,,,,,,,,,,,,,,,,,,,,,,,,,,,,,,,,,,,,
rsg_object_detection,dropped_oldest,318,rsg_20260806_29_604880000_000318,dropped,True,fifo_cached_frame,318,33,0,283,33,0,1,0.0,50.70026700559538,frame_fifo_full,,,,,,,,,,,,,,,,,,,,,,,,,,,,,,,,,,,,,,,,,,,,,,,,,,,,,,,,,,,,,,,,,,,,
rsg_object_detection,dropped_oldest,319,rsg_20260806_29_654879999_000319,dropped,True,fifo_cached_frame,319,33,0,284,33,0,1,0.0,27.406549008446746,frame_fifo_full,,,,,,,,,,,,,,,,,,,,,,,,,,,,,,,,,,,,,,,,,,,,,,,,,,,,,,,,,,,,,,,,,,,,
rsg_object_detection,frame_trace,309,rsg_20260806_29_154879999_000309,sent_to_hydra,,,,,,,,,,,568.0063899926608,ok,9.141681992332451,531.1477000068408,27.09052199497819,0.1410529948771,26.94946900010109,0.0018880091374740005,1.0086240072268993,0.18642899522092193,370.07539099431597,17.707245002384298,0.0052480027079582214,387.97431299462914,65.66188999568112,20.57545601564925,4.2990369838662446,20.076615997822955,19.992169007309712,51.74956200062297,34.08471700095106,0.39122004818636924,10.063038949738257,3.6074118834221736,2.0979840483050793,13.827913004206493,3.003984995302744,0.7870279951021075,145.0,22.0,0.0045439956011250615,0.017888014554046094,3.554375987732783,2.359034973778762,0.3924430347979069,1.328619007836096,0.06044699694029987,0.005216003046371043,125.13078800111543,7.007378997514024,0.1339820009889081,9.85130199114792,0.04131201421841979,4.581304994644597,3.9886419981485233,0.09247800335288048,0.5001849931431934,3.893475004588254,0.6622939981753007,0.004607994924299419,0.6245979893719777,8,0,8,0,0,,,,,,,,,,,,,,
rsg_object_detection,dropped_oldest,321,rsg_20260806_29_754880000_000321,dropped,True,fifo_cached_frame,321,34,0,285,34,0,1,0.0,49.3443839950487,frame_fifo_full,,,,,,,,,,,,,,,,,,,,,,,,,,,,,,,,,,,,,,,,,,,,,,,,,,,,,,,,,,,,,,,,,,,,
rsg_object_detection,dropped_oldest,322,rsg_20260806_29_804880000_000322,dropped,True,fifo_cached_frame,322,34,0,286,34,0,1,0.0,50.49355000664946,frame_fifo_full,,,,,,,,,,,,,,,,,,,,,,,,,,,,,,,,,,,,,,,,,,,,,,,,,,,,,,,,,,,,,,,,,,,,
rsg_object_detection,dropped_oldest,323,rsg_20260806_29_854880000_000323,dropped,True,fifo_cached_frame,323,34,0,287,34,0,1,0.0,50.777513009961694,frame_fifo_full,,,,,,,,,,,,,,,,,,,,,,,,,,,,,,,,,,,,,,,,,,,,,,,,,,,,,,,,,,,,,,,,,,,,
rsg_object_detection,dropped_oldest,324,rsg_20260806_29_904879999_000324,dropped,True,fifo_cached_frame,324,34,0,288,34,0,1,0.0,52.960871005780064,frame_fifo_full,,,,,,,,,,,,,,,,,,,,,,,,,,,,,,,,,,,,,,,,,,,,,,,,,,,,,,,,,,,,,,,,,,,,
rsg_object_detection,dropped_oldest,325,rsg_20260806_29_954879999_000325,dropped,True,fifo_cached_frame,325,34,0,289,34,0,1,0.0,47.98373299126979,frame_fifo_full,,,,,,,,,,,,,,,,,,,,,,,,,,,,,,,,,,,,,,,,,,,,,,,,,,,,,,,,,,,,,,,,,,,,
rsg_object_detection,dropped_oldest,326,rsg_20260806_30_004879999_000326,dropped,True,fifo_cached_frame,326,34,0,290,34,0,1,0.0,49.60105200007092,frame_fifo_full,,,,,,,,,,,,,,,,,,,,,,,,,,,,,,,,,,,,,,,,,,,,,,,,,,,,,,,,,,,,,,,,,,,,
rsg_object_detection,frame_trace,320,rsg_20260806_29_704879999_000320,sent_to_hydra,,,,,,,,,,,540.3242300089914,ok,10.325088005629368,501.6457279998576,27.618257998256013,0.18770901078823954,27.430548987467773,0.1359650050289929,0.9753769991220906,0.16902100469451398,369.26826799754053,18.990201002452523,0.005727997631765902,388.43321800231934,62.297398020746186,17.791434001992457,4.980532001354732,25.756943025044166,13.12101201619953,27.191608998691663,15.082676996826194,0.31727616442367435,7.967908939463086,2.8455130086513236,1.4768810651730746,7.309742009965703,3.750022005988285,1.0038239997811615,147.0,24.0,0.004927991540171206,0.015519995940849185,4.1223359876312315,1.2705080007435754,0.4078659840160981,1.332715997705236,0.041566992877051234,0.00384000304620713,96.68479900574312,3.0729760037502274,0.12924600741825998,12.30451199808158,0.045599983423016965,4.526522010564804,3.9244189974851906,0.08643101318739355,0.5156719998922199,4.826036994927563,0.9654570021666586,0.007071997970342636,0.5991910002194345,8,0,8,0,0,,,,,,,,,,,,,,
rsg_object_detection,dropped_oldest,328,rsg_20260806_30_154879999_000328,dropped,True,fifo_cached_frame,328,35,0,291,35,0,1,0.0,5.350252991775051,frame_fifo_full,,,,,,,,,,,,,,,,,,,,,,,,,,,,,,,,,,,,,,,,,,,,,,,,,,,,,,,,,,,,,,,,,,,,
rsg_object_detection,dropped_oldest,329,rsg_20260806_30_254880000_000329,dropped,True,fifo_cached_frame,329,35,0,292,35,0,1,0.0,37.13964601047337,frame_fifo_full,,,,,,,,,,,,,,,,,,,,,,,,,,,,,,,,,,,,,,,,,,,,,,,,,,,,,,,,,,,,,,,,,,,,
rsg_object_detection,dropped_oldest,330,rsg_20260806_30_304880000_000330,dropped,True,fifo_cached_frame,330,35,0,293,35,0,1,0.0,53.31929800740909,frame_fifo_full,,,,,,,,,,,,,,,,,,,,,,,,,,,,,,,,,,,,,,,,,,,,,,,,,,,,,,,,,,,,,,,,,,,,
rsg_object_detection,dropped_oldest,331,rsg_20260806_30_354880000_000331,dropped,True,fifo_cached_frame,331,35,0,294,35,0,1,0.0,50.30852899653837,frame_fifo_full,,,,,,,,,,,,,,,,,,,,,,,,,,,,,,,,,,,,,,,,,,,,,,,,,,,,,,,,,,,,,,,,,,,,
rsg_object_detection,dropped_oldest,332,rsg_20260806_30_404879999_000332,dropped,True,fifo_cached_frame,332,35,0,295,35,0,1,0.0,51.98677499720361,frame_fifo_full,,,,,,,,,,,,,,,,,,,,,,,,,,,,,,,,,,,,,,,,,,,,,,,,,,,,,,,,,,,,,,,,,,,,
rsg_object_detection,dropped_oldest,333,rsg_20260806_30_454879999_000333,dropped,True,fifo_cached_frame,333,35,0,296,35,0,1,0.0,45.82667899376247,frame_fifo_full,,,,,,,,,,,,,,,,,,,,,,,,,,,,,,,,,,,,,,,,,,,,,,,,,,,,,,,,,,,,,,,,,,,,
rsg_object_detection,dropped_oldest,334,rsg_20260806_30_504880000_000334,dropped,True,fifo_cached_frame,334,35,0,297,35,0,1,0.0,53.28352299693506,frame_fifo_full,,,,,,,,,,,,,,,,,,,,,,,,,,,,,,,,,,,,,,,,,,,,,,,,,,,,,,,,,,,,,,,,,,,,
rsg_object_detection,dropped_oldest,335,rsg_20260806_30_554880000_000335,dropped,True,fifo_cached_frame,335,35,0,298,35,0,1,0.0,50.26561800332274,frame_fifo_full,,,,,,,,,,,,,,,,,,,,,,,,,,,,,,,,,,,,,,,,,,,,,,,,,,,,,,,,,,,,,,,,,,,,
rsg_object_detection,dropped_oldest,336,rsg_20260806_30_604880000_000336,dropped,True,fifo_cached_frame,336,35,0,299,35,0,1,0.0,67.40199099294841,frame_fifo_full,,,,,,,,,,,,,,,,,,,,,,,,,,,,,,,,,,,,,,,,,,,,,,,,,,,,,,,,,,,,,,,,,,,,
rsg_object_detection,dropped_oldest,337,rsg_20260806_30_654879999_000337,dropped,True,fifo_cached_frame,337,35,0,300,35,0,1,0.0,30.223368987208232,frame_fifo_full,,,,,,,,,,,,,,,,,,,,,,,,,,,,,,,,,,,,,,,,,,,,,,,,,,,,,,,,,,,,,,,,,,,,
rsg_object_detection,dropped_oldest,338,rsg_20260806_30_704879999_000338,dropped,True,fifo_cached_frame,338,35,0,301,35,0,1,0.0,66.7222569900332,frame_fifo_full,,,,,,,,,,,,,,,,,,,,,,,,,,,,,,,,,,,,,,,,,,,,,,,,,,,,,,,,,,,,,,,,,,,,
rsg_object_detection,dropped_oldest,339,rsg_20260806_30_754880000_000339,dropped,True,fifo_cached_frame,339,35,0,302,35,0,1,0.0,65.83500800479669,frame_fifo_full,,,,,,,,,,,,,,,,,,,,,,,,,,,,,,,,,,,,,,,,,,,,,,,,,,,,,,,,,,,,,,,,,,,,
rsg_object_detection,dropped_oldest,340,rsg_20260806_30_804880000_000340,dropped,True,fifo_cached_frame,340,35,0,303,35,0,1,0.0,30.083115998422727,frame_fifo_full,,,,,,,,,,,,,,,,,,,,,,,,,,,,,,,,,,,,,,,,,,,,,,,,,,,,,,,,,,,,,,,,,,,,
rsg_object_detection,dropped_oldest,341,rsg_20260806_30_854880000_000341,dropped,True,fifo_cached_frame,341,35,0,304,36,0,1,0.0,67.12241101195104,frame_fifo_full,,,,,,,,,,,,,,,,,,,,,,,,,,,,,,,,,,,,,,,,,,,,,,,,,,,,,,,,,,,,,,,,,,,,
rsg_object_detection,frame_trace,327,rsg_20260806_30_054880000_000327,sent_to_hydra,,,,,,,,,,,869.7895679943031,ok,27.715408999938518,636.8338659958681,197.72888999432325,0.18351699691265821,197.5453729974106,0.025631001335568726,1.8016999965766445,0.20066900469828397,365.0718870048877,19.747436002944596,0.00726398138795048,385.0272559939185,156.26582498953212,30.183498995029368,27.705137021257542,81.86096500139683,15.675531991291791,59.48989100579638,44.84890199091751,0.5083391588414088,20.464226021431386,14.055207851924933,6.88283602357842,10.486844999832101,3.1150550057645887,0.9870890062302351,170.0,26.0,0.005504000000655651,0.017888029105961323,3.886274993419647,1.0689099872251973,0.3981390327680856,1.3587629946414381,0.25922799250110984,0.004287998308427632,222.74987799755763,12.403230997733772,0.5303600046318024,14.260449999710545,0.060991005739197135,10.330527002224699,9.209551993990317,0.09638199117034674,1.024593017064035,16.74604399886448,0.6327580049401149,0.006079993909224868,7.485772002837621,8,0,8,0,0,,,,,,,,,,,,,,
rsg_object_detection,dropped_oldest,343,rsg_20260806_30_954879999_000343,dropped,True,fifo_cached_frame,343,36,0,305,36,0,1,0.0,63.18522499350365,frame_fifo_full,,,,,,,,,,,,,,,,,,,,,,,,,,,,,,,,,,,,,,,,,,,,,,,,,,,,,,,,,,,,,,,,,,,,
rsg_object_detection,dropped_oldest,344,rsg_20260806_31_004879999_000344,dropped,True,fifo_cached_frame,344,36,0,306,36,0,1,0.0,37.44284200365655,frame_fifo_full,,,,,,,,,,,,,,,,,,,,,,,,,,,,,,,,,,,,,,,,,,,,,,,,,,,,,,,,,,,,,,,,,,,,
rsg_object_detection,dropped_oldest,345,rsg_20260806_31_054880000_000345,dropped,True,fifo_cached_frame,345,36,0,307,36,0,1,0.0,60.213782999198884,frame_fifo_full,,,,,,,,,,,,,,,,,,,,,,,,,,,,,,,,,,,,,,,,,,,,,,,,,,,,,,,,,,,,,,,,,,,,
rsg_object_detection,dropped_oldest,346,rsg_20260806_31_104880000_000346,dropped,True,fifo_cached_frame,346,36,0,308,36,0,1,0.0,44.20219200255815,frame_fifo_full,,,,,,,,,,,,,,,,,,,,,,,,,,,,,,,,,,,,,,,,,,,,,,,,,,,,,,,,,,,,,,,,,,,,
rsg_object_detection,dropped_oldest,347,rsg_20260806_31_154879999_000347,dropped,True,fifo_cached_frame,347,36,0,309,36,0,1,0.0,98.25184699730016,frame_fifo_full,,,,,,,,,,,,,,,,,,,,,,,,,,,,,,,,,,,,,,,,,,,,,,,,,,,,,,,,,,,,,,,,,,,,
rsg_object_detection,dropped_oldest,348,rsg_20260806_31_204879999_000348,dropped,True,fifo_cached_frame,348,36,0,310,36,0,1,0.0,5.702375012333505,frame_fifo_full,,,,,,,,,,,,,,,,,,,,,,,,,,,,,,,,,,,,,,,,,,,,,,,,,,,,,,,,,,,,,,,,,,,,
rsg_object_detection,dropped_oldest,349,rsg_20260806_31_254880000_000349,dropped,True,fifo_cached_frame,349,36,0,311,36,0,1,0.0,44.33406201133039,frame_fifo_full,,,,,,,,,,,,,,,,,,,,,,,,,,,,,,,,,,,,,,,,,,,,,,,,,,,,,,,,,,,,,,,,,,,,
rsg_object_detection,dropped_oldest,350,rsg_20260806_31_304880000_000350,dropped,True,fifo_cached_frame,350,36,0,312,36,0,1,0.0,44.143666003947146,frame_fifo_full,,,,,,,,,,,,,,,,,,,,,,,,,,,,,,,,,,,,,,,,,,,,,,,,,,,,,,,,,,,,,,,,,,,,
rsg_object_detection,dropped_oldest,351,rsg_20260806_31_354880000_000351,dropped,True,fifo_cached_frame,351,36,0,313,36,0,1,0.0,51.41120000916999,frame_fifo_full,,,,,,,,,,,,,,,,,,,,,,,,,,,,,,,,,,,,,,,,,,,,,,,,,,,,,,,,,,,,,,,,,,,,
rsg_object_detection,dropped_oldest,352,rsg_20260806_31_404879999_000352,dropped,True,fifo_cached_frame,352,36,0,314,36,0,1,0.0,110.88441900210455,frame_fifo_full,,,,,,,,,,,,,,,,,,,,,,,,,,,,,,,,,,,,,,,,,,,,,,,,,,,,,,,,,,,,,,,,,,,,
rsg_object_detection,dropped_oldest,353,rsg_20260806_31_504880000_000353,dropped,True,fifo_cached_frame,353,36,0,315,36,0,1,0.0,39.188477996503934,frame_fifo_full,,,,,,,,,,,,,,,,,,,,,,,,,,,,,,,,,,,,,,,,,,,,,,,,,,,,,,,,,,,,,,,,,,,,
rsg_object_detection,frame_trace,342,rsg_20260806_30_904879999_000342,sent_to_hydra,,,,,,,,,,,650.9593750088243,ok,9.020436002174392,639.4601619977038,1.9495370070217177,0.14156600809656084,1.807970998925157,0.002464003046043217,1.640005997614935,0.21135700808372349,395.9101910004392,22.03642501262948,0.005151989171281457,418.1631250103237,131.5924480004469,42.33962998841889,7.791239011567086,55.62796498998068,22.234438991290517,69.18961201154161,45.4302369907964,1.2109249801142141,26.465405971975997,8.04253204842098,2.8657280636252835,14.830616986728273,8.203777004382573,0.6861330039100721,138.0,26.0,0.005216003046371043,0.0140149932121858,3.336620022309944,1.8104350165231153,0.35292394750285894,1.3954979949630797,0.05007899017073214,0.004064000677317381,207.7480640000431,2.770613005850464,0.14553400978911668,8.959123995737173,0.03369597834534943,4.509146005148068,3.9191070100059733,0.08831800369080156,0.5017209914512932,3.848196007311344,0.6589340046048164,0.004159985110163689,0.5267759988782927,8,0,8,0,0,,,,,,,,,,,,,,
rsg_object_detection,dropped_oldest,355,rsg_20260806_31_604880000_000355,dropped,True,fifo_cached_frame,355,37,0,316,37,0,1,0.0,48.0429969902616,frame_fifo_full,,,,,,,,,,,,,,,,,,,,,,,,,,,,,,,,,,,,,,,,,,,,,,,,,,,,,,,,,,,,,,,,,,,,
rsg_object_detection,dropped_oldest,356,rsg_20260806_31_654879999_000356,dropped,True,fifo_cached_frame,356,37,0,317,37,0,1,0.0,52.546958992024884,frame_fifo_full,,,,,,,,,,,,,,,,,,,,,,,,,,,,,,,,,,,,,,,,,,,,,,,,,,,,,,,,,,,,,,,,,,,,
rsg_object_detection,dropped_oldest,357,rsg_20260806_31_704879999_000357,dropped,True,fifo_cached_frame,357,37,0,318,37,0,1,0.0,53.61228600668255,frame_fifo_full,,,,,,,,,,,,,,,,,,,,,,,,,,,,,,,,,,,,,,,,,,,,,,,,,,,,,,,,,,,,,,,,,,,,
rsg_object_detection,dropped_oldest,358,rsg_20260806_31_754880000_000358,dropped,True,fifo_cached_frame,358,37,0,319,37,0,1,0.0,46.47594899870455,frame_fifo_full,,,,,,,,,,,,,,,,,,,,,,,,,,,,,,,,,,,,,,,,,,,,,,,,,,,,,,,,,,,,,,,,,,,,
rsg_object_detection,dropped_oldest,359,rsg_20260806_31_804880000_000359,dropped,True,fifo_cached_frame,359,37,0,320,37,0,1,0.0,51.2400349980453,frame_fifo_full,,,,,,,,,,,,,,,,,,,,,,,,,,,,,,,,,,,,,,,,,,,,,,,,,,,,,,,,,,,,,,,,,,,,
rsg_object_detection,dropped_oldest,360,rsg_20260806_31_854880000_000360,dropped,True,fifo_cached_frame,360,37,0,321,37,0,1,0.0,48.8271760114003,frame_fifo_full,,,,,,,,,,,,,,,,,,,,,,,,,,,,,,,,,,,,,,,,,,,,,,,,,,,,,,,,,,,,,,,,,,,,
rsg_object_detection,dropped_oldest,361,rsg_20260806_31_904879999_000361,dropped,True,fifo_cached_frame,361,37,0,322,37,0,1,0.0,115.72645598789677,frame_fifo_full,,,,,,,,,,,,,,,,,,,,,,,,,,,,,,,,,,,,,,,,,,,,,,,,,,,,,,,,,,,,,,,,,,,,
rsg_object_detection,dropped_oldest,362,rsg_20260806_31_954879999_000362,dropped,True,fifo_cached_frame,362,37,0,323,37,0,1,0.0,2.7835410000989214,frame_fifo_full,,,,,,,,,,,,,,,,,,,,,,,,,,,,,,,,,,,,,,,,,,,,,,,,,,,,,,,,,,,,,,,,,,,,
rsg_object_detection,dropped_oldest,363,rsg_20260806_32_004879999_000363,dropped,True,fifo_cached_frame,363,37,0,324,37,0,1,0.0,39.00800099654589,frame_fifo_full,,,,,,,,,,,,,,,,,,,,,,,,,,,,,,,,,,,,,,,,,,,,,,,,,,,,,,,,,,,,,,,,,,,,
rsg_object_detection,frame_trace,354,rsg_20260806_31_554880000_000354,sent_to_hydra,,,,,,,,,,,519.1517630009912,ok,9.167953001451679,474.34538799279835,34.95763200044166,0.15151800471358,34.80611399572808,0.0013120006769895554,1.0273119987687096,0.17340500198770314,318.98630199430045,23.42939500522334,0.007776005077175796,342.59687800658867,67.02433399914298,17.700365016935393,5.072112020570785,27.447540996945463,16.09226199798286,32.44375099893659,18.631806000485085,0.41695599793456495,9.547178924549371,3.0882390128681436,2.5469028914812952,9.743176007759757,3.357419991516508,0.6683740066364408,137.0,28.0,0.004736008122563362,0.01459202030673623,3.865762017085217,1.483465006458573,0.3896269772667438,1.359946996672079,0.20870099251624197,0.00384000304620713,106.80089899688028,11.180529996636324,0.17228499928023666,12.517405004473403,0.05007899017073214,4.8044369905255735,4.341627995017916,0.09964600030798465,0.3631629951996729,3.592103996197693,0.7667080062674358,0.004704008460976183,0.6794780056225136,8,0,8,0,0,,,,,,,,,,,,,,
rsg_object_detection,dropped_oldest,365,rsg_20260806_32_104880000_000365,dropped,True,fifo_cached_frame,365,38,0,325,38,0,1,0.0,56.48081698745955,frame_fifo_full,,,,,,,,,,,,,,,,,,,,,,,,,,,,,,,,,,,,,,,,,,,,,,,,,,,,,,,,,,,,,,,,,,,,
rsg_object_detection,dropped_oldest,366,rsg_20260806_32_154879999_000366,dropped,True,fifo_cached_frame,366,38,0,326,38,0,1,0.0,44.28103900863789,frame_fifo_full,,,,,,,,,,,,,,,,,,,,,,,,,,,,,,,,,,,,,,,,,,,,,,,,,,,,,,,,,,,,,,,,,,,,
rsg_object_detection,dropped_oldest,367,rsg_20260806_32_204880000_000367,dropped,True,fifo_cached_frame,367,38,0,327,38,0,1,0.0,58.3890749985585,frame_fifo_full,,,,,,,,,,,,,,,,,,,,,,,,,,,,,,,,,,,,,,,,,,,,,,,,,,,,,,,,,,,,,,,,,,,,
rsg_object_detection,dropped_oldest,368,rsg_20260806_32_254880000_000368,dropped,True,fifo_cached_frame,368,38,0,328,38,0,1,0.0,44.91197298921179,frame_fifo_full,,,,,,,,,,,,,,,,,,,,,,,,,,,,,,,,,,,,,,,,,,,,,,,,,,,,,,,,,,,,,,,,,,,,
rsg_object_detection,dropped_oldest,369,rsg_20260806_32_304879999_000369,dropped,True,fifo_cached_frame,369,38,0,329,38,0,1,0.0,47.41519900562707,frame_fifo_full,,,,,,,,,,,,,,,,,,,,,,,,,,,,,,,,,,,,,,,,,,,,,,,,,,,,,,,,,,,,,,,,,,,,
rsg_object_detection,dropped_oldest,370,rsg_20260806_32_354880000_000370,dropped,True,fifo_cached_frame,370,38,0,330,38,0,1,0.0,61.52326699520927,frame_fifo_full,,,,,,,,,,,,,,,,,,,,,,,,,,,,,,,,,,,,,,,,,,,,,,,,,,,,,,,,,,,,,,,,,,,,
rsg_object_detection,dropped_oldest,371,rsg_20260806_32_404879999_000371,dropped,True,fifo_cached_frame,371,38,0,331,38,0,1,0.0,53.271556011168286,frame_fifo_full,,,,,,,,,,,,,,,,,,,,,,,,,,,,,,,,,,,,,,,,,,,,,,,,,,,,,,,,,,,,,,,,,,,,
rsg_object_detection,dropped_oldest,372,rsg_20260806_32_454880000_000372,dropped,True,fifo_cached_frame,372,38,0,332,38,0,1,0.0,34.133804991142824,frame_fifo_full,,,,,,,,,,,,,,,,,,,,,,,,,,,,,,,,,,,,,,,,,,,,,,,,,,,,,,,,,,,,,,,,,,,,
rsg_object_detection,dropped_oldest,373,rsg_20260806_32_504880000_000373,dropped,True,fifo_cached_frame,373,38,0,333,38,0,1,0.0,51.12499700044282,frame_fifo_full,,,,,,,,,,,,,,,,,,,,,,,,,,,,,,,,,,,,,,,,,,,,,,,,,,,,,,,,,,,,,,,,,,,,
rsg_object_detection,frame_trace,364,rsg_20260806_32_054879999_000364,sent_to_hydra,,,,,,,,,,,517.4703499942552,ok,10.265503995469771,490.7720449991757,15.83085699530784,0.1511009904788807,15.67975600482896,0.0018239952623844147,0.9952160035027191,0.17974099318962544,311.4589309989242,31.526965991361067,0.009280018275603652,343.1749180017505,100.90259001299273,16.928983983234502,3.1568799749948084,71.83913899643812,8.421598016866483,23.253845996805467,13.97123899369035,0.42120704893022776,7.262541068485007,2.5704309809952974,1.6508819535374641,3.5305060009704903,4.96667499828618,0.738804999855347,152.0,29.0,0.00457599526271224,0.014815028407610953,3.4874010016210377,1.3966830156277865,0.3489869850454852,1.3780580047750846,0.051071998314000666,0.0040000013541430235,130.83898900367785,6.619065010454506,0.13350100198294967,8.974516997113824,0.035838980693370104,4.382683997391723,3.8493479951284826,0.0928939989535138,0.4404420033097267,5.197006990783848,0.680725002894178,0.005088004400022328,0.6001200090395287,8,0,8,0,0,,,,,,,,,,,,,,
rsg_object_detection,dropped_oldest,375,rsg_20260806_32_604880000_000375,dropped,True,fifo_cached_frame,375,39,0,334,39,0,1,0.0,49.52537400822621,frame_fifo_full,,,,,,,,,,,,,,,,,,,,,,,,,,,,,,,,,,,,,,,,,,,,,,,,,,,,,,,,,,,,,,,,,,,,
rsg_object_detection,dropped_oldest,376,rsg_20260806_32_654879999_000376,dropped,True,fifo_cached_frame,376,39,0,335,39,0,1,0.0,96.66134500002954,frame_fifo_full,,,,,,,,,,,,,,,,,,,,,,,,,,,,,,,,,,,,,,,,,,,,,,,,,,,,,,,,,,,,,,,,,,,,
rsg_object_detection,dropped_oldest,377,rsg_20260806_32_754880000_000377,dropped,True,fifo_cached_frame,377,39,0,336,39,0,1,0.0,47.67583399370778,frame_fifo_full,,,,,,,,,,,,,,,,,,,,,,,,,,,,,,,,,,,,,,,,,,,,,,,,,,,,,,,,,,,,,,,,,,,,
rsg_object_detection,dropped_oldest,378,rsg_20260806_32_804879999_000378,dropped,True,fifo_cached_frame,378,39,0,337,39,0,1,0.0,99.97866900812369,frame_fifo_full,,,,,,,,,,,,,,,,,,,,,,,,,,,,,,,,,,,,,,,,,,,,,,,,,,,,,,,,,,,,,,,,,,,,
rsg_object_detection,dropped_oldest,379,rsg_20260806_32_904879999_000379,dropped,True,fifo_cached_frame,379,39,0,338,39,0,1,0.0,63.50640500022564,frame_fifo_full,,,,,,,,,,,,,,,,,,,,,,,,,,,,,,,,,,,,,,,,,,,,,,,,,,,,,,,,,,,,,,,,,,,,
rsg_object_detection,dropped_oldest,380,rsg_20260806_32_954880000_000380,dropped,True,fifo_cached_frame,380,39,0,339,39,0,1,0.0,92.32669199991506,frame_fifo_full,,,,,,,,,,,,,,,,,,,,,,,,,,,,,,,,,,,,,,,,,,,,,,,,,,,,,,,,,,,,,,,,,,,,
rsg_object_detection,frame_trace,374,rsg_20260806_32_554879999_000374,sent_to_hydra,,,,,,,,,,,508.22435099689756,ok,14.396415994269773,463.5422300052596,29.525140998885036,0.1589739986229688,29.366167000262067,0.002207991201430559,0.9889130014926195,0.15506899217143655,293.012722991989,29.403541993815452,0.006208021659404039,322.5775419996353,75.8370279945666,18.263618971104734,4.428539017681032,40.89379598735832,11.67549699312076,40.175119997002184,26.53219600324519,0.38242299342527986,11.869070149259642,3.2785440125735477,2.7504138852236792,3.092878992902115,9.723880997626111,0.7804040069459006,160.0,31.0,0.004959991201758385,0.014271005056798458,3.0905110033927485,1.3968090061098337,0.32271699456032366,1.3302510051289573,0.26809200062416494,0.004064000677317381,122.44372800341807,6.40818799729459,0.15295798948500305,10.928949996014126,0.041951017919927835,6.01165099942591,5.3619650134351104,0.11014200572390109,0.5395439802668989,7.75869500648696,0.6228059937711805,0.003263994585722685,0.7583560072816908,8,0,8,0,0,,,,,,,,,,,,,,
rsg_object_detection,dropped_oldest,382,rsg_20260806_33_054879999_000382,dropped,True,fifo_cached_frame,382,40,0,340,40,0,1,0.0,33.54520599532407,frame_fifo_full,,,,,,,,,,,,,,,,,,,,,,,,,,,,,,,,,,,,,,,,,,,,,,,,,,,,,,,,,,,,,,,,,,,,
rsg_object_detection,dropped_oldest,383,rsg_20260806_33_104880000_000383,dropped,True,fifo_cached_frame,383,40,0,341,40,0,1,0.0,48.52145299082622,frame_fifo_full,,,,,,,,,,,,,,,,,,,,,,,,,,,,,,,,,,,,,,,,,,,,,,,,,,,,,,,,,,,,,,,,,,,,
rsg_object_detection,dropped_oldest,384,rsg_20260806_33_154879999_000384,dropped,True,fifo_cached_frame,384,40,0,342,40,0,1,0.0,51.40848099836148,frame_fifo_full,,,,,,,,,,,,,,,,,,,,,,,,,,,,,,,,,,,,,,,,,,,,,,,,,,,,,,,,,,,,,,,,,,,,
rsg_object_detection,dropped_oldest,385,rsg_20260806_33_204880000_000385,dropped,True,fifo_cached_frame,385,40,0,343,40,0,1,0.0,48.280176997650415,frame_fifo_full,,,,,,,,,,,,,,,,,,,,,,,,,,,,,,,,,,,,,,,,,,,,,,,,,,,,,,,,,,,,,,,,,,,,
rsg_object_detection,dropped_oldest,386,rsg_20260806_33_254880000_000386,dropped,True,fifo_cached_frame,386,40,0,344,40,0,1,0.0,50.056918000336736,frame_fifo_full,,,,,,,,,,,,,,,,,,,,,,,,,,,,,,,,,,,,,,,,,,,,,,,,,,,,,,,,,,,,,,,,,,,,
rsg_object_detection,dropped_oldest,387,rsg_20260806_33_304879999_000387,dropped,True,fifo_cached_frame,387,40,0,345,40,0,1,0.0,49.24541000218596,frame_fifo_full,,,,,,,,,,,,,,,,,,,,,,,,,,,,,,,,,,,,,,,,,,,,,,,,,,,,,,,,,,,,,,,,,,,,
rsg_object_detection,dropped_oldest,388,rsg_20260806_33_354880000_000388,dropped,True,fifo_cached_frame,388,40,0,346,40,0,1,0.0,51.55295800068416,frame_fifo_full,,,,,,,,,,,,,,,,,,,,,,,,,,,,,,,,,,,,,,,,,,,,,,,,,,,,,,,,,,,,,,,,,,,,
rsg_object_detection,dropped_oldest,389,rsg_20260806_33_404879999_000389,dropped,True,fifo_cached_frame,389,40,0,347,40,0,1,0.0,111.03292999905534,frame_fifo_full,,,,,,,,,,,,,,,,,,,,,,,,,,,,,,,,,,,,,,,,,,,,,,,,,,,,,,,,,,,,,,,,,,,,
rsg_object_detection,dropped_oldest,390,rsg_20260806_33_454880000_000390,dropped,True,fifo_cached_frame,390,40,0,348,40,0,1,0.0,10.81522399908863,frame_fifo_full,,,,,,,,,,,,,,,,,,,,,,,,,,,,,,,,,,,,,,,,,,,,,,,,,,,,,,,,,,,,,,,,,,,,
rsg_object_detection,dropped_oldest,391,rsg_20260806_33_504880000_000391,dropped,True,fifo_cached_frame,391,40,0,349,40,0,1,0.0,44.748807995347306,frame_fifo_full,,,,,,,,,,,,,,,,,,,,,,,,,,,,,,,,,,,,,,,,,,,,,,,,,,,,,,,,,,,,,,,,,,,,
rsg_object_detection,frame_trace,381,rsg_20260806_33_004879999_000381,sent_to_hydra,,,,,,,,,,,572.013151991996,ok,10.658329993020743,552.7970669936622,8.003618990187533,0.1607329904800281,7.842885999707505,0.0018560094758868217,5.0793129921657965,0.2035169891314581,324.9074269988341,23.486259000492282,0.007552007446065545,348.60475499590393,125.21082101739012,47.971062987926416,12.219745985930786,36.00385697791353,28.043370999512263,51.34534600074403,42.42065199650824,1.0587981232674792,22.911452906555496,11.749838988180272,3.629954080679454,5.036529997596517,3.0334250041050836,0.8065790025284514,155.0,33.0,0.004383997293189168,0.01615899964235723,3.5478479985613376,1.515049982117489,0.36792999890167266,1.3827630027662963,0.21813999046571553,0.003936002030968666,183.6092089943122,5.423755996162072,0.1789090019883588,9.860870995908044,0.04025401722174138,5.797285994049162,5.217774989432655,0.0946869986364618,0.4848240059800446,3.5716879938263446,1.2842360010836273,0.005120004061609507,0.5522800056496635,8,0,8,0,0,,,,,,,,,,,,,,
rsg_object_detection,dropped_oldest,393,rsg_20260806_33_654879999_000393,dropped,True,fifo_cached_frame,393,41,0,350,41,0,1,0.0,51.77234699658584,frame_fifo_full,,,,,,,,,,,,,,,,,,,,,,,,,,,,,,,,,,,,,,,,,,,,,,,,,,,,,,,,,,,,,,,,,,,,
rsg_object_detection,dropped_oldest,394,rsg_20260806_33_704880000_000394,dropped,True,fifo_cached_frame,394,41,0,351,41,0,1,0.0,49.34083299303893,frame_fifo_full,,,,,,,,,,,,,,,,,,,,,,,,,,,,,,,,,,,,,,,,,,,,,,,,,,,,,,,,,,,,,,,,,,,,
rsg_object_detection,dropped_oldest,395,rsg_20260806_33_754880000_000395,dropped,True,fifo_cached_frame,395,41,0,352,41,0,1,0.0,101.63234001083765,frame_fifo_full,,,,,,,,,,,,,,,,,,,,,,,,,,,,,,,,,,,,,,,,,,,,,,,,,,,,,,,,,,,,,,,,,,,,
rsg_object_detection,dropped_oldest,396,rsg_20260806_33_854880000_000396,dropped,True,fifo_cached_frame,396,41,0,353,41,0,1,0.0,49.341441001161,frame_fifo_full,,,,,,,,,,,,,,,,,,,,,,,,,,,,,,,,,,,,,,,,,,,,,,,,,,,,,,,,,,,,,,,,,,,,
rsg_object_detection,dropped_oldest,397,rsg_20260806_33_904879999_000397,dropped,True,fifo_cached_frame,397,41,0,354,41,0,1,0.0,49.43737600115128,frame_fifo_full,,,,,,,,,,,,,,,,,,,,,,,,,,,,,,,,,,,,,,,,,,,,,,,,,,,,,,,,,,,,,,,,,,,,
rsg_object_detection,dropped_oldest,398,rsg_20260806_33_954880000_000398,dropped,True,fifo_cached_frame,398,41,0,355,41,0,1,0.0,51.88380100298673,frame_fifo_full,,,,,,,,,,,,,,,,,,,,,,,,,,,,,,,,,,,,,,,,,,,,,,,,,,,,,,,,,,,,,,,,,,,,
rsg_object_detection,dropped_oldest,399,rsg_20260806_34_004879999_000399,dropped,True,fifo_cached_frame,399,41,0,356,41,0,1,0.0,50.00664600811433,frame_fifo_full,,,,,,,,,,,,,,,,,,,,,,,,,,,,,,,,,,,,,,,,,,,,,,,,,,,,,,,,,,,,,,,,,,,,
rsg_object_detection,,1,rsg_20260806_13_704879999_000001,vlm_done,,,,,,,,,,,,ok,,,,,,,,,,,,,,,,,,,,,,,,,,,,,,,,,,,,,,,,,,,,,,,,,,,,,,,rsg_obj_000006,rsg_unknown_rsg_20260806_13_704879999_000001_005_nanosam_007,,,1,0.6383408250853362,floor,0.98,static,0.99,6621.726363999187,13872.5036370015,qwen_http,Qwen3-VL-8B-Instruct-GGUF
rsg_object_detection,completed,1,rsg_20260806_13_704879999_000001,,,,,,,,,,,7250.775416992838,,vlm_done,,,,,,,,,,,,,,,,,,,,,,,,,,,,,,,,,,,,,,,,,,,,,,,,,,,,,,,rsg_obj_000006,rsg_unknown_rsg_20260806_13_704879999_000001_005_nanosam_007,8,300,1,0.6383408250853362,,,,,,,,
rsg_object_detection,dropped_oldest,400,rsg_20260806_34_054879999_000400,dropped,True,fifo_cached_frame,400,41,0,357,41,0,1,0.0,116.28580799151678,frame_fifo_full,,,,,,,,,,,,,,,,,,,,,,,,,,,,,,,,,,,,,,,,,,,,,,,,,,,,,,,,,,,,,,,,,,,,
rsg_object_detection,dropped_oldest,401,rsg_20260806_34_154879999_000401,dropped,True,fifo_cached_frame,401,41,0,358,41,0,1,0.0,50.33572899992578,frame_fifo_full,,,,,,,,,,,,,,,,,,,,,,,,,,,,,,,,,,,,,,,,,,,,,,,,,,,,,,,,,,,,,,,,,,,,
rsg_object_detection,dropped_oldest,402,rsg_20260806_34_204880000_000402,dropped,True,fifo_cached_frame,402,41,0,359,41,0,1,0.0,42.471691995160654,frame_fifo_full,,,,,,,,,,,,,,,,,,,,,,,,,,,,,,,,,,,,,,,,,,,,,,,,,,,,,,,,,,,,,,,,,,,,
rsg_object_detection,dequeued,101,rsg_20260806_18_704879999_000101,,,,,,,,,,,13807.829005992971,,fifo_order,,,,,,,,,,,,,,,,,,,,,,,,,,,,,,,,,,,,,,,,,,,,,,,,,,,,,,,rsg_obj_000008,rsg_unknown_rsg_20260806_18_704879999_000101_007_nanosam_003,7,300,3,0.7277942607065178,,,,,,,,
rsg_object_detection,dropped_oldest,403,rsg_20260806_34_254880000_000403,dropped,True,fifo_cached_frame,403,41,0,360,41,0,1,0.0,44.69140099536162,frame_fifo_full,,,,,,,,,,,,,,,,,,,,,,,,,,,,,,,,,,,,,,,,,,,,,,,,,,,,,,,,,,,,,,,,,,,,
rsg_object_detection,frame_trace,392,rsg_20260806_33_554879999_000392,sent_to_hydra,,,,,,,,,,,749.5055940089514,ok,9.902055011480115,670.3547919896664,68.4761190059362,0.14121399726718664,68.33490500866901,0.003200009814463556,1.1310869886074215,0.3161550121149048,416.5886260016123,25.706351996632293,0.00819200067780912,442.6193250110373,154.6775299939327,40.493707987479866,11.069204032537527,90.96533601405099,11.517548991832882,40.28977399866562,32.23044300102629,0.4832899721805006,12.925647024530917,7.365004930761643,2.5951959541998804,3.2010699942475185,3.657990993815474,1.1499660031404346,193.0,36.0,0.004704008460976183,0.19282901484984905,6.294687977060676,2.7878940163645893,0.5145170143805444,1.260876000742428,0.0577589962631464,0.004351997631601989,205.90530999470502,4.847445001360029,0.16146901180036366,15.649773005861789,0.040382976294495165,5.43735601240769,4.897747989161871,0.10175799252465367,0.43785003072116524,3.7568700063275173,0.7027100073173642,0.005118985427543521,0.7694279920542613,8,0,8,0,0,,,,,,,,,,,,,,
rsg_object_detection,dropped_oldest,405,rsg_20260806_34_354880000_000405,dropped,True,fifo_cached_frame,405,42,0,361,42,0,1,0.0,42.9731879994506,frame_fifo_full,,,,,,,,,,,,,,,,,,,,,,,,,,,,,,,,,,,,,,,,,,,,,,,,,,,,,,,,,,,,,,,,,,,,
rsg_object_detection,dropped_oldest,406,rsg_20260806_34_404879999_000406,dropped,True,fifo_cached_frame,406,42,0,362,42,0,1,0.0,53.10381499293726,frame_fifo_full,,,,,,,,,,,,,,,,,,,,,,,,,,,,,,,,,,,,,,,,,,,,,,,,,,,,,,,,,,,,,,,,,,,,
rsg_object_detection,dropped_oldest,407,rsg_20260806_34_454880000_000407,dropped,True,fifo_cached_frame,407,42,0,363,42,0,1,0.0,103.03273498720955,frame_fifo_full,,,,,,,,,,,,,,,,,,,,,,,,,,,,,,,,,,,,,,,,,,,,,,,,,,,,,,,,,,,,,,,,,,,,
rsg_object_detection,dropped_oldest,408,rsg_20260806_34_554879999_000408,dropped,True,fifo_cached_frame,408,42,0,364,42,0,1,0.0,98.65846599859651,frame_fifo_full,,,,,,,,,,,,,,,,,,,,,,,,,,,,,,,,,,,,,,,,,,,,,,,,,,,,,,,,,,,,,,,,,,,,
rsg_object_detection,dropped_oldest,409,rsg_20260806_34_654879999_000409,dropped,True,fifo_cached_frame,409,42,0,365,42,0,1,0.0,56.51627300539985,frame_fifo_full,,,,,,,,,,,,,,,,,,,,,,,,,,,,,,,,,,,,,,,,,,,,,,,,,,,,,,,,,,,,,,,,,,,,
rsg_object_detection,dropped_oldest,410,rsg_20260806_34_704880000_000410,dropped,True,fifo_cached_frame,410,42,0,366,42,0,1,0.0,65.5457969987765,frame_fifo_full,,,,,,,,,,,,,,,,,,,,,,,,,,,,,,,,,,,,,,,,,,,,,,,,,,,,,,,,,,,,,,,,,,,,
rsg_object_detection,dropped_oldest,411,rsg_20260806_34_754880000_000411,dropped,True,fifo_cached_frame,411,42,0,367,42,0,1,0.0,81.43271801236551,frame_fifo_full,,,,,,,,,,,,,,,,,,,,,,,,,,,,,,,,,,,,,,,,,,,,,,,,,,,,,,,,,,,,,,,,,,,,
rsg_object_detection,frame_trace,404,rsg_20260806_34_304879999_000404,sent_to_hydra,,,,,,,,,,,561.4761990000261,ok,9.436684995307587,533.2126709981821,17.980040007387288,0.1433260040357709,17.836714003351517,0.0026240013539791107,1.020144991343841,0.18617400201037526,290.63471300469246,21.99143399775494,0.009087991202250123,312.82140899566,143.81897999555804,18.95813703595195,13.474511986714788,90.20246902946383,20.30957498936914,33.88801700202748,24.53779400093481,1.322347961831838,12.871255064965226,4.957269935403019,2.1731188462581486,3.5428249975666404,4.77294999291189,0.9308020089520141,200.0,40.0,0.0040000013541430235,0.014527031453326344,4.646551009500399,1.0845599754247814,0.4253060178598389,1.3899299956392497,0.4615929938154295,0.004832007107324898,185.74156099930406,19.898826009011827,0.13254200166556984,13.553197990404442,0.04499001079238951,5.257805998553522,4.758230003062636,0.08809400605969131,0.41148198943119496,3.504553998936899,0.6692699971608818,0.005055000656284392,0.8441789977950975,8,0,7,0,0,,,,,,,,,,,,,,
rsg_object_detection,dropped_oldest,413,rsg_20260806_34_904879999_000413,dropped,True,fifo_cached_frame,413,43,0,368,43,0,1,0.0,46.11105899675749,frame_fifo_full,,,,,,,,,,,,,,,,,,,,,,,,,,,,,,,,,,,,,,,,,,,,,,,,,,,,,,,,,,,,,,,,,,,,
rsg_object_detection,dropped_oldest,414,rsg_20260806_34_954880000_000414,dropped,True,fifo_cached_frame,414,43,0,369,43,0,1,0.0,53.73903700092342,frame_fifo_full,,,,,,,,,,,,,,,,,,,,,,,,,,,,,,,,,,,,,,,,,,,,,,,,,,,,,,,,,,,,,,,,,,,,
rsg_object_detection,dropped_oldest,415,rsg_20260806_35_004879999_000415,dropped,True,fifo_cached_frame,415,43,0,370,43,0,1,0.0,51.90655299520586,frame_fifo_full,,,,,,,,,,,,,,,,,,,,,,,,,,,,,,,,,,,,,,,,,,,,,,,,,,,,,,,,,,,,,,,,,,,,
rsg_object_detection,dropped_oldest,416,rsg_20260806_35_054879999_000416,dropped,True,fifo_cached_frame,416,43,0,371,43,0,1,0.0,99.90212699631229,frame_fifo_full,,,,,,,,,,,,,,,,,,,,,,,,,,,,,,,,,,,,,,,,,,,,,,,,,,,,,,,,,,,,,,,,,,,,
rsg_object_detection,dropped_oldest,417,rsg_20260806_35_154879999_000417,dropped,True,fifo_cached_frame,417,43,0,372,43,0,1,0.0,48.766185995191336,frame_fifo_full,,,,,,,,,,,,,,,,,,,,,,,,,,,,,,,,,,,,,,,,,,,,,,,,,,,,,,,,,,,,,,,,,,,,
rsg_object_detection,dropped_oldest,418,rsg_20260806_35_204880000_000418,dropped,True,fifo_cached_frame,418,43,0,373,43,0,1,0.0,51.69305299932603,frame_fifo_full,,,,,,,,,,,,,,,,,,,,,,,,,,,,,,,,,,,,,,,,,,,,,,,,,,,,,,,,,,,,,,,,,,,,
rsg_object_detection,frame_trace,412,rsg_20260806_34_854880000_000412,sent_to_hydra,,,,,,,,,,,490.23260301328264,ok,11.187602009158581,461.11811099399347,17.11854900349863,0.16191700706258416,16.956631996436045,0.002335989847779274,1.0210079926764593,0.20572400535456836,307.6739370007999,25.19151299202349,0.006528003723360598,333.07770200190134,60.857165037305094,20.15331703296397,5.7753989967750385,21.75758098019287,12.585660995682701,36.320747996796854,26.28029600600712,0.5201530293561518,10.010367885115556,6.633594035520218,3.5973558988189325,4.629207993275486,4.441242999746464,0.929521003854461,225.0,42.0,0.004415996954776347,0.013344004401005805,6.539003006764688,0.9260649821953848,0.3362189745530486,1.4512089983327314,0.36450599145609885,0.004128000000491738,106.81629099417478,8.742903999518603,0.13180600944906473,11.28113700542599,0.04726299084722996,5.713286998798139,5.085488999611698,0.11078199895564467,0.5170160002307966,3.936323002562858,1.5328080044128,0.005184003384783864,0.8060050167841837,8,0,8,0,0,,,,,,,,,,,,,,
rsg_object_detection,dropped_oldest,420,rsg_20260806_35_354880000_000420,dropped,True,fifo_cached_frame,420,44,0,374,44,0,1,0.0,43.23235199262854,frame_fifo_full,,,,,,,,,,,,,,,,,,,,,,,,,,,,,,,,,,,,,,,,,,,,,,,,,,,,,,,,,,,,,,,,,,,,
rsg_object_detection,dropped_oldest,421,rsg_20260806_35_404879999_000421,dropped,True,fifo_cached_frame,421,44,0,375,44,0,1,0.0,49.270146002527326,frame_fifo_full,,,,,,,,,,,,,,,,,,,,,,,,,,,,,,,,,,,,,,,,,,,,,,,,,,,,,,,,,,,,,,,,,,,,
rsg_object_detection,dropped_oldest,422,rsg_20260806_35_454880000_000422,dropped,True,fifo_cached_frame,422,44,0,376,44,0,1,0.0,54.60862399195321,frame_fifo_full,,,,,,,,,,,,,,,,,,,,,,,,,,,,,,,,,,,,,,,,,,,,,,,,,,,,,,,,,,,,,,,,,,,,
rsg_object_detection,dropped_oldest,423,rsg_20260806_35_504880000_000423,dropped,True,fifo_cached_frame,423,44,0,377,44,0,1,0.0,48.436687007779256,frame_fifo_full,,,,,,,,,,,,,,,,,,,,,,,,,,,,,,,,,,,,,,,,,,,,,,,,,,,,,,,,,,,,,,,,,,,,
rsg_object_detection,dropped_oldest,424,rsg_20260806_35_554879999_000424,dropped,True,fifo_cached_frame,424,44,0,378,44,0,1,0.0,60.41307699342724,frame_fifo_full,,,,,,,,,,,,,,,,,,,,,,,,,,,,,,,,,,,,,,,,,,,,,,,,,,,,,,,,,,,,,,,,,,,,
rsg_object_detection,dropped_oldest,425,rsg_20260806_35_604880000_000425,dropped,True,fifo_cached_frame,425,44,0,379,44,0,1,0.0,40.44797900132835,frame_fifo_full,,,,,,,,,,,,,,,,,,,,,,,,,,,,,,,,,,,,,,,,,,,,,,,,,,,,,,,,,,,,,,,,,,,,
rsg_object_detection,dropped_oldest,426,rsg_20260806_35_654879999_000426,dropped,True,fifo_cached_frame,426,44,0,380,44,0,1,0.0,48.49607800133526,frame_fifo_full,,,,,,,,,,,,,,,,,,,,,,,,,,,,,,,,,,,,,,,,,,,,,,,,,,,,,,,,,,,,,,,,,,,,
rsg_object_detection,dropped_oldest,427,rsg_20260806_35_704880000_000427,dropped,True,fifo_cached_frame,427,44,0,381,44,0,1,0.0,81.72288999776356,frame_fifo_full,,,,,,,,,,,,,,,,,,,,,,,,,,,,,,,,,,,,,,,,,,,,,,,,,,,,,,,,,,,,,,,,,,,,
rsg_object_detection,dropped_oldest,428,rsg_20260806_35_754880000_000428,dropped,True,fifo_cached_frame,428,44,0,382,44,0,1,0.0,37.600055991788395,frame_fifo_full,,,,,,,,,,,,,,,,,,,,,,,,,,,,,,,,,,,,,,,,,,,,,,,,,,,,,,,,,,,,,,,,,,,,
rsg_object_detection,frame_trace,419,rsg_20260806_35_254880000_000419,sent_to_hydra,,,,,,,,,,,577.3097799974494,ok,9.284943997045048,467.35484901000746,99.79579299397301,0.15593400166835636,99.63985899230465,0.0015999976312741637,4.402428006869741,0.2915149962063879,326.04379698750563,28.884575003758073,0.008096016244962811,355.22798300371505,44.90099800750613,22.380996015272103,4.330940966610797,7.530826987931505,9.989795988076366,35.62302999489475,21.17749500030186,0.5486979789566249,10.584329997072928,4.571465062326752,2.731540924287401,7.931013009510934,5.454251004266553,1.0069599957205355,240.0,45.0,0.005472000339068472,0.014623015886172652,3.4215140040032566,1.048943042405881,0.3663319512270391,1.894177999929525,0.07052700675558299,0.004672008799389005,87.34795400232542,2.888051007175818,0.14710200775880367,17.302451000432484,0.038879981730133295,4.588152005453594,4.093312003533356,0.10563099931459874,0.3892090026056394,3.9915860106702894,0.7000219920882955,0.005183988832868636,0.8725939987925813,8,0,8,0,0,,,,,,,,,,,,,,
rsg_object_detection,dropped_oldest,430,rsg_20260806_35_854880000_000430,dropped,True,fifo_cached_frame,430,45,0,383,45,0,1,0.0,50.28910600231029,frame_fifo_full,,,,,,,,,,,,,,,,,,,,,,,,,,,,,,,,,,,,,,,,,,,,,,,,,,,,,,,,,,,,,,,,,,,,
rsg_object_detection,dropped_oldest,431,rsg_20260806_35_904879999_000431,dropped,True,fifo_cached_frame,431,45,0,384,45,0,1,0.0,53.06941500748508,frame_fifo_full,,,,,,,,,,,,,,,,,,,,,,,,,,,,,,,,,,,,,,,,,,,,,,,,,,,,,,,,,,,,,,,,,,,,
rsg_object_detection,dropped_oldest,432,rsg_20260806_35_954880000_000432,dropped,True,fifo_cached_frame,432,45,0,385,45,0,1,0.0,152.851255988935,frame_fifo_full,,,,,,,,,,,,,,,,,,,,,,,,,,,,,,,,,,,,,,,,,,,,,,,,,,,,,,,,,,,,,,,,,,,,
rsg_object_detection,dropped_oldest,433,rsg_20260806_36_104880000_000433,dropped,True,fifo_cached_frame,433,45,0,386,45,0,1,0.0,49.93532001390122,frame_fifo_full,,,,,,,,,,,,,,,,,,,,,,,,,,,,,,,,,,,,,,,,,,,,,,,,,,,,,,,,,,,,,,,,,,,,
rsg_object_detection,dropped_oldest,434,rsg_20260806_36_154879999_000434,dropped,True,fifo_cached_frame,434,45,0,387,45,0,1,0.0,48.176947006140836,frame_fifo_full,,,,,,,,,,,,,,,,,,,,,,,,,,,,,,,,,,,,,,,,,,,,,,,,,,,,,,,,,,,,,,,,,,,,
rsg_object_detection,dropped_oldest,435,rsg_20260806_36_204880000_000435,dropped,True,fifo_cached_frame,435,45,0,388,45,0,1,0.0,82.11520400072914,frame_fifo_full,,,,,,,,,,,,,,,,,,,,,,,,,,,,,,,,,,,,,,,,,,,,,,,,,,,,,,,,,,,,,,,,,,,,
rsg_object_detection,dropped_oldest,436,rsg_20260806_36_254880000_000436,dropped,True,fifo_cached_frame,436,45,0,389,45,0,1,0.0,15.339570003561676,frame_fifo_full,,,,,,,,,,,,,,,,,,,,,,,,,,,,,,,,,,,,,,,,,,,,,,,,,,,,,,,,,,,,,,,,,,,,
rsg_object_detection,frame_trace,429,rsg_20260806_35_804879999_000429,sent_to_hydra,,,,,,,,,,,511.9498999993084,ok,9.14100999943912,482.63729899190366,19.38382700609509,0.14617400302086025,19.23765300307423,0.003007997293025255,2.6976859953720123,0.19730899657588452,326.0622279922245,15.554829995380715,0.006720016244798899,341.8210870004259,63.18567403650377,20.840123979724012,2.503640978829935,13.04565199825447,25.85652601555921,47.766554009285755,34.39360999618657,1.6569719009567052,17.729631974361837,7.891853121691383,2.945326894405298,8.780759002547711,3.5643929877551273,0.9675049950601533,210.0,45.0,0.005472000339068472,0.021855012164451182,7.970788996317424,1.4948890311643481,0.4674159281421453,1.4006510027684271,0.06809498881921172,0.004960005753673613,122.37656299839728,2.9748329980066046,0.1441260101273656,12.579004993312992,0.04399899626150727,4.909876006422564,4.298878004192375,0.0957750016823411,0.5152230005478486,3.5648720077006146,0.6610780110349879,0.005183974280953407,0.7847560045775026,8,0,8,0,0,,,,,,,,,,,,,,
rsg_object_detection,dropped_oldest,438,rsg_20260806_36_354880000_000438,dropped,True,fifo_cached_frame,438,46,0,390,46,0,1,0.0,49.983320001047105,frame_fifo_full,,,,,,,,,,,,,,,,,,,,,,,,,,,,,,,,,,,,,,,,,,,,,,,,,,,,,,,,,,,,,,,,,,,,
rsg_object_detection,dropped_oldest,439,rsg_20260806_36_404879999_000439,dropped,True,fifo_cached_frame,439,46,0,391,46,0,1,0.0,59.707104999688454,frame_fifo_full,,,,,,,,,,,,,,,,,,,,,,,,,,,,,,,,,,,,,,,,,,,,,,,,,,,,,,,,,,,,,,,,,,,,
rsg_object_detection,dropped_oldest,440,rsg_20260806_36_454880000_000440,dropped,True,fifo_cached_frame,440,46,0,392,46,0,1,0.0,42.84935000760015,frame_fifo_full,,,,,,,,,,,,,,,,,,,,,,,,,,,,,,,,,,,,,,,,,,,,,,,,,,,,,,,,,,,,,,,,,,,,
rsg_object_detection,dropped_oldest,441,rsg_20260806_36_504880000_000441,dropped,True,fifo_cached_frame,441,46,0,393,46,0,1,0.0,48.90333600633312,frame_fifo_full,,,,,,,,,,,,,,,,,,,,,,,,,,,,,,,,,,,,,,,,,,,,,,,,,,,,,,,,,,,,,,,,,,,,
rsg_object_detection,dropped_oldest,442,rsg_20260806_36_554879999_000442,dropped,True,fifo_cached_frame,442,46,0,394,46,0,1,0.0,48.96682300022803,frame_fifo_full,,,,,,,,,,,,,,,,,,,,,,,,,,,,,,,,,,,,,,,,,,,,,,,,,,,,,,,,,,,,,,,,,,,,
rsg_object_detection,dropped_oldest,443,rsg_20260806_36_604880000_000443,dropped,True,fifo_cached_frame,443,46,0,395,46,0,1,0.0,50.450447990442626,frame_fifo_full,,,,,,,,,,,,,,,,,,,,,,,,,,,,,,,,,,,,,,,,,,,,,,,,,,,,,,,,,,,,,,,,,,,,
rsg_object_detection,dropped_oldest,444,rsg_20260806_36_654879999_000444,dropped,True,fifo_cached_frame,444,46,0,396,46,0,1,0.0,49.035653995815665,frame_fifo_full,,,,,,,,,,,,,,,,,,,,,,,,,,,,,,,,,,,,,,,,,,,,,,,,,,,,,,,,,,,,,,,,,,,,
rsg_object_detection,frame_trace,437,rsg_20260806_36_304879999_000437,sent_to_hydra,,,,,,,,,,,437.5656490010442,ok,9.07534699945245,387.635416991543,40.00878600345459,0.1422380009898916,39.8665480024647,0.0019520084606483579,2.6087920123245567,0.18863700097426772,274.76600199588574,14.282882999395952,0.007807000656612217,289.2453289969126,37.32255600334611,18.456864985637367,2.90449800377246,3.941538991057314,11.411440005758777,27.6760820124764,18.269539999892004,0.49675787158776075,9.120206988882273,4.2662470223149285,2.193628126406111,5.0454260053811595,3.255372997955419,1.0544160031713545,236.0,45.0,0.004415996954776347,0.014143995940685272,6.8156059860484675,1.5800079854670912,0.35321101313456893,1.326091994997114,0.34719399991445243,0.004927991540171206,75.44333999976516,7.6775769994128495,0.1448620023438707,12.476638003136031,0.03887897764798254,4.683638995629735,4.105951986275613,0.08371099829673767,0.4939760110573843,3.5416409955359995,0.8442749967798591,0.005792011506855488,0.8441469981335104,8,0,8,0,0,,,,,,,,,,,,,,
rsg_object_detection,dropped_oldest,446,rsg_20260806_36_754880000_000446,dropped,True,fifo_cached_frame,446,47,0,397,47,0,1,0.0,45.10182699596044,frame_fifo_full,,,,,,,,,,,,,,,,,,,,,,,,,,,,,,,,,,,,,,,,,,,,,,,,,,,,,,,,,,,,,,,,,,,,
rsg_object_detection,dropped_oldest,447,rsg_20260806_36_804879999_000447,dropped,True,fifo_cached_frame,447,47,0,398,47,0,1,0.0,50.19688399625011,frame_fifo_full,,,,,,,,,,,,,,,,,,,,,,,,,,,,,,,,,,,,,,,,,,,,,,,,,,,,,,,,,,,,,,,,,,,,
rsg_object_detection,dropped_oldest,448,rsg_20260806_36_854880000_000448,dropped,True,fifo_cached_frame,448,47,0,399,47,0,1,0.0,53.445025987457484,frame_fifo_full,,,,,,,,,,,,,,,,,,,,,,,,,,,,,,,,,,,,,,,,,,,,,,,,,,,,,,,,,,,,,,,,,,,,
rsg_object_detection,dropped_oldest,449,rsg_20260806_36_904879999_000449,dropped,True,fifo_cached_frame,449,47,0,400,47,0,1,0.0,50.02533500373829,frame_fifo_full,,,,,,,,,,,,,,,,,,,,,,,,,,,,,,,,,,,,,,,,,,,,,,,,,,,,,,,,,,,,,,,,,,,,
rsg_object_detection,dropped_oldest,450,rsg_20260806_36_954880000_000450,dropped,True,fifo_cached_frame,450,47,0,401,47,0,1,0.0,49.20969899103511,frame_fifo_full,,,,,,,,,,,,,,,,,,,,,,,,,,,,,,,,,,,,,,,,,,,,,,,,,,,,,,,,,,,,,,,,,,,,
rsg_object_detection,dropped_oldest,451,rsg_20260806_37_004879999_000451,dropped,True,fifo_cached_frame,451,47,0,402,47,0,1,0.0,50.227892003022134,frame_fifo_full,,,,,,,,,,,,,,,,,,,,,,,,,,,,,,,,,,,,,,,,,,,,,,,,,,,,,,,,,,,,,,,,,,,,
rsg_object_detection,dropped_oldest,452,rsg_20260806_37_054879999_000452,dropped,True,fifo_cached_frame,452,47,0,403,47,0,1,0.0,49.866233006468974,frame_fifo_full,,,,,,,,,,,,,,,,,,,,,,,,,,,,,,,,,,,,,,,,,,,,,,,,,,,,,,,,,,,,,,,,,,,,
rsg_object_detection,dropped_oldest,453,rsg_20260806_37_104880000_000453,dropped,True,fifo_cached_frame,453,47,0,404,47,0,1,0.0,68.96609600516967,frame_fifo_full,,,,,,,,,,,,,,,,,,,,,,,,,,,,,,,,,,,,,,,,,,,,,,,,,,,,,,,,,,,,,,,,,,,,
rsg_object_detection,dropped_oldest,454,rsg_20260806_37_154879999_000454,dropped,True,fifo_cached_frame,454,47,0,405,47,0,1,0.0,36.75318798923399,frame_fifo_full,,,,,,,,,,,,,,,,,,,,,,,,,,,,,,,,,,,,,,,,,,,,,,,,,,,,,,,,,,,,,,,,,,,,
rsg_object_detection,frame_trace,445,rsg_20260806_36_704880000_000445,sent_to_hydra,,,,,,,,,,,516.2657059991034,ok,14.050758007215336,452.4612889945274,48.89568799990229,0.1601249969098717,48.73556300299242,0.0020479928934946656,1.7964839935302734,3.661766997538507,319.68053699529264,22.815485004684888,0.009568000677973032,346.167356998194,41.14656000456307,21.93751600862015,3.0434399959631264,5.558568969718181,9.95085301110521,39.60901699610986,27.94484599144198,0.5229379748925567,16.541585879167542,4.902359141851775,2.3291869438253343,7.651017003809102,3.0939040007069707,0.8705779910087585,211.0,35.0,0.005983994924463332,0.01471900031901896,3.4250040189363062,1.1132940271636471,0.3355779481353238,1.3505389943020418,0.06947100337129086,0.004191999323666096,87.06946299935225,2.5154489994747564,0.17225299961864948,14.69778799219057,0.042495012166909873,9.803719993215054,9.22804900619667,0.09046199556905776,0.4852089914493263,3.5242649901192635,0.7180370012065396,0.0047360226744785905,0.8559230045648292,8,0,8,0,0,,,,,,,,,,,,,,
rsg_object_detection,dropped_oldest,456,rsg_20260806_37_254880000_000456,dropped,True,fifo_cached_frame,456,48,0,406,48,0,1,0.0,97.94670299743302,frame_fifo_full,,,,,,,,,,,,,,,,,,,,,,,,,,,,,,,,,,,,,,,,,,,,,,,,,,,,,,,,,,,,,,,,,,,,
rsg_object_detection,dropped_oldest,457,rsg_20260806_37_354880000_000457,dropped,True,fifo_cached_frame,457,48,0,407,48,0,1,0.0,51.28515600517858,frame_fifo_full,,,,,,,,,,,,,,,,,,,,,,,,,,,,,,,,,,,,,,,,,,,,,,,,,,,,,,,,,,,,,,,,,,,,
rsg_object_detection,dropped_oldest,458,rsg_20260806_37_404879999_000458,dropped,True,fifo_cached_frame,458,48,0,408,48,0,1,0.0,108.88253200391773,frame_fifo_full,,,,,,,,,,,,,,,,,,,,,,,,,,,,,,,,,,,,,,,,,,,,,,,,,,,,,,,,,,,,,,,,,,,,
rsg_object_detection,dropped_oldest,459,rsg_20260806_37_504880000_000459,dropped,True,fifo_cached_frame,459,48,0,409,48,0,1,0.0,43.3083190000616,frame_fifo_full,,,,,,,,,,,,,,,,,,,,,,,,,,,,,,,,,,,,,,,,,,,,,,,,,,,,,,,,,,,,,,,,,,,,
rsg_object_detection,dropped_oldest,460,rsg_20260806_37_554879999_000460,dropped,True,fifo_cached_frame,460,48,0,410,48,0,1,0.0,104.71699699701276,frame_fifo_full,,,,,,,,,,,,,,,,,,,,,,,,,,,,,,,,,,,,,,,,,,,,,,,,,,,,,,,,,,,,,,,,,,,,
rsg_object_detection,dropped_oldest,461,rsg_20260806_37_654879999_000461,dropped,True,fifo_cached_frame,461,48,0,411,49,0,1,0.0,48.32718599936925,frame_fifo_full,,,,,,,,,,,,,,,,,,,,,,,,,,,,,,,,,,,,,,,,,,,,,,,,,,,,,,,,,,,,,,,,,,,,
rsg_object_detection,frame_trace,455,rsg_20260806_37_204880000_000455,sent_to_hydra,,,,,,,,,,,491.90519099647645,ok,12.457246994017623,460.92717499413993,17.636813994613476,0.19846099894493818,17.438352995668538,0.0013120006769895554,0.9324339916929603,0.16105298709589988,313.4985539945774,31.350681005278602,0.008000002708286047,345.01828798966017,52.38238598394673,19.015352983842604,4.420985991600901,14.984056004323065,13.265425994177349,34.6307580039138,26.039659001980908,0.835569851915352,14.688507915707305,4.972525799530558,2.374462055740878,4.128127999138087,3.0290090071503073,1.3912420108681545,234.0,50.0,0.00457599526271224,0.014975012163631618,7.076818015775643,1.6613810003036633,0.3441239823587239,1.2495809933170676,0.3193869924871251,0.0042239989852532744,97.68616300425492,4.271996993338689,0.1342060131719336,12.849560007452965,0.03452699456829578,8.144897990860045,7.461068002157845,0.09302300168201327,0.5908069870201871,3.561096003977582,0.7461969944415614,0.005056004738435149,0.882643013028428,8,0,8,0,0,,,,,,,,,,,,,,
rsg_object_detection,dropped_oldest,463,rsg_20260806_37_754880000_000463,dropped,True,fifo_cached_frame,463,49,0,412,49,0,1,0.0,94.19117699144408,frame_fifo_full,,,,,,,,,,,,,,,,,,,,,,,,,,,,,,,,,,,,,,,,,,,,,,,,,,,,,,,,,,,,,,,,,,,,
rsg_object_detection,dropped_oldest,464,rsg_20260806_37_854880000_000464,dropped,True,fifo_cached_frame,464,49,0,413,49,0,1,0.0,53.926138003589585,frame_fifo_full,,,,,,,,,,,,,,,,,,,,,,,,,,,,,,,,,,,,,,,,,,,,,,,,,,,,,,,,,,,,,,,,,,,,
rsg_object_detection,dropped_oldest,465,rsg_20260806_37_904879999_000465,dropped,True,fifo_cached_frame,465,49,0,414,49,0,1,0.0,53.258500003721565,frame_fifo_full,,,,,,,,,,,,,,,,,,,,,,,,,,,,,,,,,,,,,,,,,,,,,,,,,,,,,,,,,,,,,,,,,,,,
rsg_object_detection,dropped_oldest,466,rsg_20260806_37_954880000_000466,dropped,True,fifo_cached_frame,466,49,0,415,49,0,1,0.0,44.62967500148807,frame_fifo_full,,,,,,,,,,,,,,,,,,,,,,,,,,,,,,,,,,,,,,,,,,,,,,,,,,,,,,,,,,,,,,,,,,,,
rsg_object_detection,dropped_oldest,467,rsg_20260806_38_004879999_000467,dropped,True,fifo_cached_frame,467,49,0,416,49,0,1,0.0,132.56680399354082,frame_fifo_full,,,,,,,,,,,,,,,,,,,,,,,,,,,,,,,,,,,,,,,,,,,,,,,,,,,,,,,,,,,,,,,,,,,,
rsg_object_detection,dropped_oldest,468,rsg_20260806_38_104880000_000468,dropped,True,fifo_cached_frame,468,49,0,417,49,0,1,0.0,125.31635699269827,frame_fifo_full,,,,,,,,,,,,,,,,,,,,,,,,,,,,,,,,,,,,,,,,,,,,,,,,,,,,,,,,,,,,,,,,,,,,
rsg_object_detection,dropped_oldest,469,rsg_20260806_38_154879999_000469,dropped,True,fifo_cached_frame,469,49,0,418,50,0,1,0.0,21.4239560009446,frame_fifo_full,,,,,,,,,,,,,,,,,,,,,,,,,,,,,,,,,,,,,,,,,,,,,,,,,,,,,,,,,,,,,,,,,,,,
rsg_object_detection,frame_trace,462,rsg_20260806_37_704880000_000462,sent_to_hydra,,,,,,,,,,,563.6120449926239,ok,10.225120990071446,550.4486650024774,1.9433300039963797,0.16569400031585246,1.7776360036805272,0.0022400054149329662,1.90310699690599,0.22230000467970967,333.0815459921723,16.74069999717176,0.005888010491617024,350.0504340045154,122.02463198627811,20.261127006961033,4.3308119784342125,76.29602999077179,20.49533199169673,50.120949003030546,44.0030919999117,0.8862828690325841,18.659525056136772,12.16880690481048,9.142291950411163,2.579160005552694,2.583159992354922,0.8291070116683841,244.0,52.0,0.0061119935708120465,0.014688004739582539,2.7661979984259233,0.9571039845468476,0.33762802195269614,1.5895440010353923,0.09660600335337222,0.005823996616527438,177.9199879965745,4.302460991311818,0.14364600065164268,16.084837989183143,0.0441910233348608,5.87984400044661,5.22817499586381,0.12476599658839405,0.5269030079944059,3.8055409968364984,0.5343920056475326,0.005343987140804529,0.9926889906637371,7,0,6,0,0,,,,,,,,,,,,,,
rsg_object_detection,dropped_oldest,471,rsg_20260806_38_254880000_000471,dropped,True,fifo_cached_frame,471,50,0,419,50,0,1,0.0,62.22543300827965,frame_fifo_full,,,,,,,,,,,,,,,,,,,,,,,,,,,,,,,,,,,,,,,,,,,,,,,,,,,,,,,,,,,,,,,,,,,,
rsg_object_detection,dropped_oldest,472,rsg_20260806_38_354880000_000472,dropped,True,fifo_cached_frame,472,50,0,420,50,0,1,0.0,54.18466200353578,frame_fifo_full,,,,,,,,,,,,,,,,,,,,,,,,,,,,,,,,,,,,,,,,,,,,,,,,,,,,,,,,,,,,,,,,,,,,
rsg_object_detection,dropped_oldest,473,rsg_20260806_38_404879999_000473,dropped,True,fifo_cached_frame,473,50,0,421,50,0,1,0.0,50.98695200285874,frame_fifo_full,,,,,,,,,,,,,,,,,,,,,,,,,,,,,,,,,,,,,,,,,,,,,,,,,,,,,,,,,,,,,,,,,,,,
rsg_object_detection,dropped_oldest,474,rsg_20260806_38_454880000_000474,dropped,True,fifo_cached_frame,474,50,0,422,50,0,1,0.0,49.124005003250204,frame_fifo_full,,,,,,,,,,,,,,,,,,,,,,,,,,,,,,,,,,,,,,,,,,,,,,,,,,,,,,,,,,,,,,,,,,,,
rsg_object_detection,dropped_oldest,475,rsg_20260806_38_504880000_000475,dropped,True,fifo_cached_frame,475,50,0,423,50,0,1,0.0,63.02231700101402,frame_fifo_full,,,,,,,,,,,,,,,,,,,,,,,,,,,,,,,,,,,,,,,,,,,,,,,,,,,,,,,,,,,,,,,,,,,,
rsg_object_detection,dropped_oldest,476,rsg_20260806_38_554879999_000476,dropped,True,fifo_cached_frame,476,50,0,424,50,0,1,0.0,38.32686100213323,frame_fifo_full,,,,,,,,,,,,,,,,,,,,,,,,,,,,,,,,,,,,,,,,,,,,,,,,,,,,,,,,,,,,,,,,,,,,
rsg_object_detection,dropped_oldest,477,rsg_20260806_38_604880000_000477,dropped,True,fifo_cached_frame,477,50,0,425,50,0,1,0.0,59.668578003766015,frame_fifo_full,,,,,,,,,,,,,,,,,,,,,,,,,,,,,,,,,,,,,,,,,,,,,,,,,,,,,,,,,,,,,,,,,,,,
rsg_object_detection,dropped_oldest,478,rsg_20260806_38_654879999_000478,dropped,True,fifo_cached_frame,478,50,0,426,50,0,1,0.0,38.50967400649097,frame_fifo_full,,,,,,,,,,,,,,,,,,,,,,,,,,,,,,,,,,,,,,,,,,,,,,,,,,,,,,,,,,,,,,,,,,,,
rsg_object_detection,dropped_oldest,479,rsg_20260806_38_704880000_000479,dropped,True,fifo_cached_frame,479,50,0,427,50,0,1,0.0,49.312834002193995,frame_fifo_full,,,,,,,,,,,,,,,,,,,,,,,,,,,,,,,,,,,,,,,,,,,,,,,,,,,,,,,,,,,,,,,,,,,,
rsg_object_detection,frame_trace,470,rsg_20260806_38_204880000_000470,sent_to_hydra,,,,,,,,,,,502.50800300273113,ok,9.023316000821069,490.5397740076296,2.1138870069989935,0.19279700063634664,1.9210900063626468,0.002272005076520145,5.834436989971437,0.6171109998831525,318.0552839912707,23.154776994488202,0.007743015885353088,341.8349150015274,75.67767302680295,21.038136997958645,9.859975005383603,28.304199993726797,15.736588014988229,40.52989800402429,29.654195008333772,0.6069039372960106,14.098185041802935,5.055569126852788,4.179639116046019,6.2596149946330115,3.304651996586472,1.2590529950102791,241.0,53.0,0.0043199979700148106,0.01462401996832341,6.616890008444898,1.1809399875346571,0.38770797254983336,1.3096119946567342,0.40037800499703735,0.004479996277950704,126.12543399154674,3.9801300008548424,0.12898999557364732,12.594940009876154,0.040928018279373646,4.795478002051823,4.199999006232247,0.08947000605985522,0.5060089897597209,3.567464998923242,0.6560540059581399,0.004318993887864053,0.8287539822049439,8,0,8,0,0,,,,,,,,,,,,,,
rsg_object_detection,dropped_oldest,481,rsg_20260806_38_804879999_000481,dropped,True,fifo_cached_frame,481,51,0,428,51,0,1,0.0,53.01636100921314,frame_fifo_full,,,,,,,,,,,,,,,,,,,,,,,,,,,,,,,,,,,,,,,,,,,,,,,,,,,,,,,,,,,,,,,,,,,,
rsg_object_detection,dropped_oldest,482,rsg_20260806_38_854880000_000482,dropped,True,fifo_cached_frame,482,51,0,429,51,0,1,0.0,49.599101999774575,frame_fifo_full,,,,,,,,,,,,,,,,,,,,,,,,,,,,,,,,,,,,,,,,,,,,,,,,,,,,,,,,,,,,,,,,,,,,
rsg_object_detection,dropped_oldest,483,rsg_20260806_38_904879999_000483,dropped,True,fifo_cached_frame,483,51,0,430,51,0,1,0.0,100.95097598969005,frame_fifo_full,,,,,,,,,,,,,,,,,,,,,,,,,,,,,,,,,,,,,,,,,,,,,,,,,,,,,,,,,,,,,,,,,,,,
rsg_object_detection,dropped_oldest,484,rsg_20260806_39_004879999_000484,dropped,True,fifo_cached_frame,484,51,0,431,51,0,1,0.0,51.40230600954965,frame_fifo_full,,,,,,,,,,,,,,,,,,,,,,,,,,,,,,,,,,,,,,,,,,,,,,,,,,,,,,,,,,,,,,,,,,,,
rsg_object_detection,dropped_oldest,485,rsg_20260806_39_054879999_000485,dropped,True,fifo_cached_frame,485,51,0,432,51,0,1,0.0,49.22621100558899,frame_fifo_full,,,,,,,,,,,,,,,,,,,,,,,,,,,,,,,,,,,,,,,,,,,,,,,,,,,,,,,,,,,,,,,,,,,,
rsg_object_detection,dropped_oldest,486,rsg_20260806_39_104880000_000486,dropped,True,fifo_cached_frame,486,51,0,433,51,0,1,0.0,49.61628500313964,frame_fifo_full,,,,,,,,,,,,,,,,,,,,,,,,,,,,,,,,,,,,,,,,,,,,,,,,,,,,,,,,,,,,,,,,,,,,
rsg_object_detection,dropped_oldest,487,rsg_20260806_39_154879999_000487,dropped,True,fifo_cached_frame,487,51,0,434,51,0,1,0.0,65.62016499810852,frame_fifo_full,,,,,,,,,,,,,,,,,,,,,,,,,,,,,,,,,,,,,,,,,,,,,,,,,,,,,,,,,,,,,,,,,,,,
rsg_object_detection,dropped_oldest,488,rsg_20260806_39_204880000_000488,dropped,True,fifo_cached_frame,488,51,0,435,51,0,1,0.0,53.70108599890955,frame_fifo_full,,,,,,,,,,,,,,,,,,,,,,,,,,,,,,,,,,,,,,,,,,,,,,,,,,,,,,,,,,,,,,,,,,,,
rsg_object_detection,frame_trace,480,rsg_20260806_38_754880000_000480,sent_to_hydra,,,,,,,,,,,577.5188069965225,ok,9.56340300035663,523.5613410040969,42.587370990077034,0.13980599760543555,42.4475649924716,0.002976012183353305,1.6599419905105606,1.2693250027950853,373.53147799149156,19.84359599009622,0.010336021659895778,394.65473500604276,60.58174799545668,23.747917977743782,9.886982981697656,16.65116498770658,9.697287998278625,31.773297989275306,18.560447002528235,0.4548708093352616,10.218629075097851,3.7067229714011773,2.0421819790499285,9.91539801179897,2.3915150086395442,0.8598589920438826,209.0,53.0,0.005312002031132579,0.012414995580911636,2.6019109645858407,0.5356720212148502,0.299803024972789,6.441787991207093,2.51432899676729,0.0055679993238300085,104.77094900852535,10.169986009714194,0.13279799895826727,12.125348002882674,0.047582987463101745,5.337356997188181,4.737270006444305,0.10316599218640476,0.49692099855747074,3.560808996553533,0.6601170025533065,0.005120004061609507,1.803715989808552,7,0,7,0,0,,,,,,,,,,,,,,
rsg_object_detection,dropped_oldest,490,rsg_20260806_39_404879999_000490,dropped,True,fifo_cached_frame,490,52,0,436,52,0,1,0.0,45.7194179907674,frame_fifo_full,,,,,,,,,,,,,,,,,,,,,,,,,,,,,,,,,,,,,,,,,,,,,,,,,,,,,,,,,,,,,,,,,,,,
rsg_object_detection,dropped_oldest,491,rsg_20260806_39_454880000_000491,dropped,True,fifo_cached_frame,491,52,0,437,52,0,1,0.0,61.6684830019949,frame_fifo_full,,,,,,,,,,,,,,,,,,,,,,,,,,,,,,,,,,,,,,,,,,,,,,,,,,,,,,,,,,,,,,,,,,,,
rsg_object_detection,dropped_oldest,492,rsg_20260806_39_504880000_000492,dropped,True,fifo_cached_frame,492,52,0,438,52,0,1,0.0,40.240207003080286,frame_fifo_full,,,,,,,,,,,,,,,,,,,,,,,,,,,,,,,,,,,,,,,,,,,,,,,,,,,,,,,,,,,,,,,,,,,,
rsg_object_detection,dropped_oldest,493,rsg_20260806_39_554879999_000493,dropped,True,fifo_cached_frame,493,52,0,439,52,0,1,0.0,52.50056099612266,frame_fifo_full,,,,,,,,,,,,,,,,,,,,,,,,,,,,,,,,,,,,,,,,,,,,,,,,,,,,,,,,,,,,,,,,,,,,
rsg_object_detection,dropped_oldest,494,rsg_20260806_39_604880000_000494,dropped,True,fifo_cached_frame,494,52,0,440,52,0,1,0.0,49.66502101160586,frame_fifo_full,,,,,,,,,,,,,,,,,,,,,,,,,,,,,,,,,,,,,,,,,,,,,,,,,,,,,,,,,,,,,,,,,,,,
rsg_object_detection,dropped_oldest,495,rsg_20260806_39_654879999_000495,dropped,True,fifo_cached_frame,495,52,0,441,52,0,1,0.0,51.5863350010477,frame_fifo_full,,,,,,,,,,,,,,,,,,,,,,,,,,,,,,,,,,,,,,,,,,,,,,,,,,,,,,,,,,,,,,,,,,,,
rsg_object_detection,dropped_oldest,496,rsg_20260806_39_704880000_000496,dropped,True,fifo_cached_frame,496,52,0,442,52,0,1,0.0,46.68602699530311,frame_fifo_full,,,,,,,,,,,,,,,,,,,,,,,,,,,,,,,,,,,,,,,,,,,,,,,,,,,,,,,,,,,,,,,,,,,,
rsg_object_detection,dropped_oldest,497,rsg_20260806_39_754880000_000497,dropped,True,fifo_cached_frame,497,52,0,443,53,0,1,0.0,104.03048100124579,frame_fifo_full,,,,,,,,,,,,,,,,,,,,,,,,,,,,,,,,,,,,,,,,,,,,,,,,,,,,,,,,,,,,,,,,,,,,
rsg_object_detection,frame_trace,489,rsg_20260806_39_254880000_000489,sent_to_hydra,,,,,,,,,,,575.6646619993262,ok,10.658810992026702,499.94298999081366,64.07209300959948,0.14598200505133718,63.92611100454815,0.0031999952625483274,2.1631029958371073,0.741588999517262,360.9860430005938,24.20253600575961,0.007007998647168279,385.9371760045178,48.22798697568942,16.747289992053993,4.886964976321906,14.087172035942785,11.886407999554649,36.723366007208824,30.057324998779222,0.6377520621754229,14.188994042342529,9.751401768880896,2.7143268089275807,2.5357690028613433,3.1829579966142774,0.9057139977812767,237.0,54.0,0.005088004400022328,0.017311976989731193,4.055776982568204,1.9276170060038567,0.5430970195448026,2.592024000477977,0.23174099624156952,0.004895991878584027,94.33715901104733,2.7368540031602606,0.14108599862083793,14.582492993213236,0.04511898441705853,5.762055006925948,5.075537002994679,0.09859100100584328,0.5879270029254258,4.273148995707743,0.618039004621096,0.00556798477191478,0.9875680116238073,7,0,7,0,0,,,,,,,,,,,,,,
rsg_object_detection,,101,rsg_20260806_18_704879999_000101,vlm_failed,,,,,,,,,,,,"{""label"":""unknown_object"",""label_confidence"":0.0,""mobility_class"":""unknown"",""mobility_confidence"":0.0}",,,,,,,,,,,,,,,,,,,,,,,,,,,,,,,,,,,,,,,,,,,,,,,,,,,,,,,rsg_obj_000008,rsg_unknown_rsg_20260806_18_704879999_000101_007_nanosam_003,,,3,0.7277942607065178,unknown_object,0.0,unknown,0.0,5662.030780993518,19469.861482997658,qwen_http,Qwen3-VL-8B-Instruct-GGUF
rsg_object_detection,completed,101,rsg_20260806_18_704879999_000101,,,,,,,,,,,13807.829005992971,,vlm_failed,,,,,,,,,,,,,,,,,,,,,,,,,,,,,,,,,,,,,,,,,,,,,,,,,,,,,,,rsg_obj_000008,rsg_unknown_rsg_20260806_18_704879999_000101_007_nanosam_003,14,300,3,0.7277942607065178,,,,,,,,
rsg_object_detection,dropped_oldest,499,rsg_20260806_39_904879999_000499,dropped,True,fifo_cached_frame,499,53,0,444,53,0,1,0.0,57.88914900040254,frame_fifo_full,,,,,,,,,,,,,,,,,,,,,,,,,,,,,,,,,,,,,,,,,,,,,,,,,,,,,,,,,,,,,,,,,,,,
rsg_object_detection,dequeued,185,rsg_20260806_22_904879999_000185,,,,,,,,,,,16052.979508996941,,fifo_order,,,,,,,,,,,,,,,,,,,,,,,,,,,,,,,,,,,,,,,,,,,,,,,,,,,,,,,rsg_obj_000010,rsg_unknown_rsg_20260806_22_904879999_000185_002_nanosam_000,13,300,10,0.3513002883506344,,,,,,,,
rsg_object_detection,dropped_oldest,500,rsg_20260806_39_954880000_000500,dropped,True,fifo_cached_frame,500,53,0,445,53,0,1,0.0,40.98793900629971,frame_fifo_full,,,,,,,,,,,,,,,,,,,,,,,,,,,,,,,,,,,,,,,,,,,,,,,,,,,,,,,,,,,,,,,,,,,,
rsg_object_detection,dropped_oldest,501,rsg_20260806_40_004879999_000501,dropped,True,fifo_cached_frame,501,53,0,446,53,0,1,0.0,51.051526999799535,frame_fifo_full,,,,,,,,,,,,,,,,,,,,,,,,,,,,,,,,,,,,,,,,,,,,,,,,,,,,,,,,,,,,,,,,,,,,
rsg_object_detection,dropped_oldest,502,rsg_20260806_40_054879999_000502,dropped,True,fifo_cached_frame,502,53,0,447,53,0,1,0.0,51.2594280007761,frame_fifo_full,,,,,,,,,,,,,,,,,,,,,,,,,,,,,,,,,,,,,,,,,,,,,,,,,,,,,,,,,,,,,,,,,,,,
rsg_object_detection,frame_trace,498,rsg_20260806_39_854880000_000498,sent_to_hydra,,,,,,,,,,,440.48503298836295,ok,11.450189995230176,426.4259229967138,1.8484839965822175,0.14902200200594962,1.699461994576268,0.0050240050768479705,1.5890309878159314,0.1799970050342381,226.33523801050615,16.998392005916685,0.006047979695722461,243.5196750011528,99.49592698831111,19.8476269870298,4.810774029465392,52.99329000990838,21.228341007372364,61.8157120043179,56.99002699111588,0.7507380505558103,35.09158892848063,8.299969995277934,8.895121078239754,2.137150993803516,1.7465970013290644,0.8990579954115674,255.0,58.0,0.005663998308591545,0.011967014870606363,2.439642994431779,0.9743510163389146,0.26530899049248546,0.9729129960760474,0.45676100126001984,0.003744004061445594,166.44074399664532,3.122864000033587,0.12220599455758929,11.591179994866252,0.04022302164230496,5.773445998784155,5.192782991798595,0.0918380101211369,0.48882499686442316,5.188879993511364,0.48306401004083455,0.004799992893822491,0.7554119947599247,6,0,6,0,0,,,,,,,,,,,,,,
rsg_object_detection,dropped_oldest,504,rsg_20260806_40_204880000_000504,dropped,True,fifo_cached_frame,504,54,0,448,54,0,1,0.0,9.058836003532633,frame_fifo_full,,,,,,,,,,,,,,,,,,,,,,,,,,,,,,,,,,,,,,,,,,,,,,,,,,,,,,,,,,,,,,,,,,,,
rsg_object_detection,dropped_oldest,505,rsg_20260806_40_254880000_000505,dropped,True,fifo_cached_frame,505,54,0,449,54,0,1,0.0,9.742729002027772,frame_fifo_full,,,,,,,,,,,,,,,,,,,,,,,,,,,,,,,,,,,,,,,,,,,,,,,,,,,,,,,,,,,,,,,,,,,,
rsg_object_detection,dropped_oldest,506,rsg_20260806_40_304879999_000506,dropped,True,fifo_cached_frame,506,54,0,450,54,0,1,0.0,22.646240002359264,frame_fifo_full,,,,,,,,,,,,,,,,,,,,,,,,,,,,,,,,,,,,,,,,,,,,,,,,,,,,,,,,,,,,,,,,,,,,
rsg_object_detection,dropped_oldest,507,rsg_20260806_40_354880000_000507,dropped,True,fifo_cached_frame,507,54,0,451,54,0,1,0.0,51.99160899792332,frame_fifo_full,,,,,,,,,,,,,,,,,,,,,,,,,,,,,,,,,,,,,,,,,,,,,,,,,,,,,,,,,,,,,,,,,,,,
rsg_object_detection,dropped_oldest,508,rsg_20260806_40_404879999_000508,dropped,True,fifo_cached_frame,508,54,0,452,54,0,1,0.0,51.54492799192667,frame_fifo_full,,,,,,,,,,,,,,,,,,,,,,,,,,,,,,,,,,,,,,,,,,,,,,,,,,,,,,,,,,,,,,,,,,,,
rsg_object_detection,dropped_oldest,509,rsg_20260806_40_454880000_000509,dropped,True,fifo_cached_frame,509,54,0,453,54,0,1,0.0,102.70240499812644,frame_fifo_full,,,,,,,,,,,,,,,,,,,,,,,,,,,,,,,,,,,,,,,,,,,,,,,,,,,,,,,,,,,,,,,,,,,,
rsg_object_detection,dropped_oldest,510,rsg_20260806_40_554879999_000510,dropped,True,fifo_cached_frame,510,54,0,454,54,0,1,0.0,61.15399500413332,frame_fifo_full,,,,,,,,,,,,,,,,,,,,,,,,,,,,,,,,,,,,,,,,,,,,,,,,,,,,,,,,,,,,,,,,,,,,
rsg_object_detection,dropped_oldest,511,rsg_20260806_40_604880000_000511,dropped,True,fifo_cached_frame,511,54,0,455,54,0,1,0.0,39.90264399908483,frame_fifo_full,,,,,,,,,,,,,,,,,,,,,,,,,,,,,,,,,,,,,,,,,,,,,,,,,,,,,,,,,,,,,,,,,,,,
rsg_object_detection,dropped_oldest,512,rsg_20260806_40_654879999_000512,dropped,True,fifo_cached_frame,512,54,0,456,54,0,1,0.0,46.6379640129162,frame_fifo_full,,,,,,,,,,,,,,,,,,,,,,,,,,,,,,,,,,,,,,,,,,,,,,,,,,,,,,,,,,,,,,,,,,,,
rsg_object_detection,dropped_oldest,513,rsg_20260806_40_704880000_000513,dropped,True,fifo_cached_frame,513,54,0,457,54,0,1,0.0,60.64888300898019,frame_fifo_full,,,,,,,,,,,,,,,,,,,,,,,,,,,,,,,,,,,,,,,,,,,,,,,,,,,,,,,,,,,,,,,,,,,,
rsg_object_detection,dropped_oldest,514,rsg_20260806_40_754880000_000514,dropped,True,fifo_cached_frame,514,54,0,458,54,0,1,0.0,36.57344800012652,frame_fifo_full,,,,,,,,,,,,,,,,,,,,,,,,,,,,,,,,,,,,,,,,,,,,,,,,,,,,,,,,,,,,,,,,,,,,
rsg_object_detection,frame_trace,503,rsg_20260806_40_104880000_000503,sent_to_hydra,,,,,,,,,,,723.77615699952,ok,13.58679799886886,506.622183995205,202.6638940005796,0.14975800877436996,202.51413599180523,0.0023999891709536314,5.391404003603384,0.22428500233218074,396.94618999783415,13.342449004994705,0.007327995263040066,410.5202520004241,50.07723801827524,15.88519501092378,3.851108980597928,20.318691997090355,9.648713996284641,18.59360000526067,14.891704995534383,0.4846680094487965,6.94446601846721,3.2700289302738383,2.0915820205118507,1.3788899959763512,1.2139340105932206,1.0673119977582246,227.0,61.0,0.004672008799389005,0.01004802470561117,3.289709013188258,0.3957379958592355,0.2435479691484943,0.925969987292774,0.07846299558877945,0.004064000677317381,73.62448899948504,6.78120598604437,0.11555099627003074,10.149089997867122,0.04019201151095331,5.8676529879448935,5.2165590022923425,0.10476699389982969,0.5463269917527214,7.2298080049222335,0.4845369985559955,0.0048000074457377195,0.9008810156956315,5,0,5,0,0,,,,,,,,,,,,,,
rsg_object_detection,dropped_oldest,516,rsg_20260806_40_904879999_000516,dropped,True,fifo_cached_frame,516,55,0,459,55,0,1,0.0,102.19681399757974,frame_fifo_full,,,,,,,,,,,,,,,,,,,,,,,,,,,,,,,,,,,,,,,,,,,,,,,,,,,,,,,,,,,,,,,,,,,,
rsg_object_detection,dropped_oldest,517,rsg_20260806_41_004879999_000517,dropped,True,fifo_cached_frame,517,55,0,460,55,0,1,0.0,56.938380002975464,frame_fifo_full,,,,,,,,,,,,,,,,,,,,,,,,,,,,,,,,,,,,,,,,,,,,,,,,,,,,,,,,,,,,,,,,,,,,
rsg_object_detection,dropped_oldest,518,rsg_20260806_41_054879999_000518,dropped,True,fifo_cached_frame,518,55,0,461,55,0,1,0.0,96.94636700442061,frame_fifo_full,,,,,,,,,,,,,,,,,,,,,,,,,,,,,,,,,,,,,,,,,,,,,,,,,,,,,,,,,,,,,,,,,,,,
rsg_object_detection,dropped_oldest,519,rsg_20260806_41_154879999_000519,dropped,True,fifo_cached_frame,519,55,0,462,55,0,1,0.0,43.324990998371504,frame_fifo_full,,,,,,,,,,,,,,,,,,,,,,,,,,,,,,,,,,,,,,,,,,,,,,,,,,,,,,,,,,,,,,,,,,,,
rsg_object_detection,dropped_oldest,520,rsg_20260806_41_204880000_000520,dropped,True,fifo_cached_frame,520,55,0,463,55,0,1,0.0,122.7075989881996,frame_fifo_full,,,,,,,,,,,,,,,,,,,,,,,,,,,,,,,,,,,,,,,,,,,,,,,,,,,,,,,,,,,,,,,,,,,,
rsg_object_detection,frame_trace,515,rsg_20260806_40_804879999_000515,sent_to_hydra,,,,,,,,,,,530.1779459987301,ok,12.285632998100482,483.1643399957102,33.689844989567064,0.14790099521633238,33.54194399435073,0.0020479928934946656,1.0048800031654537,0.17874898912850767,342.34422199369874,16.77558000665158,0.006144007784314454,359.30469499726314,53.12487101764418,22.402983988285996,8.560986025258899,8.512763000908308,13.0437980114948,43.7472890043864,34.05771100369748,0.6301320099737495,10.643385059665889,16.522363963304088,3.0224589572753757,4.853716993238777,3.427178002311848,1.3600429956568405,251.0,61.0,0.005184003384783864,0.015038996934890747,6.558935987413861,1.7068879824364558,0.37497001176234335,1.3221550034359097,0.0830710050649941,0.00428801286034286,106.93853200064041,3.3488760091131553,0.161212999955751,12.36012800654862,0.04601597902365029,8.217919996241108,7.593162008561194,0.09449500066693872,0.5302629870129749,3.3981549931922927,0.6646940018981695,0.004864006768912077,1.0360800224589184,8,0,8,0,0,,,,,,,,,,,,,,
rsg_object_detection,dropped_oldest,522,rsg_20260806_41_354880000_000522,dropped,True,fifo_cached_frame,522,56,0,464,56,0,1,0.0,50.27505999896675,frame_fifo_full,,,,,,,,,,,,,,,,,,,,,,,,,,,,,,,,,,,,,,,,,,,,,,,,,,,,,,,,,,,,,,,,,,,,
rsg_object_detection,dropped_oldest,523,rsg_20260806_41_404879999_000523,dropped,True,fifo_cached_frame,523,56,0,465,56,0,1,0.0,51.320963000762276,frame_fifo_full,,,,,,,,,,,,,,,,,,,,,,,,,,,,,,,,,,,,,,,,,,,,,,,,,,,,,,,,,,,,,,,,,,,,
rsg_object_detection,dropped_oldest,524,rsg_20260806_41_454880000_000524,dropped,True,fifo_cached_frame,524,56,0,466,56,0,1,0.0,50.1777809986379,frame_fifo_full,,,,,,,,,,,,,,,,,,,,,,,,,,,,,,,,,,,,,,,,,,,,,,,,,,,,,,,,,,,,,,,,,,,,
rsg_object_detection,dropped_oldest,525,rsg_20260806_41_504880000_000525,dropped,True,fifo_cached_frame,525,56,0,467,56,0,1,0.0,70.24041400291026,frame_fifo_full,,,,,,,,,,,,,,,,,,,,,,,,,,,,,,,,,,,,,,,,,,,,,,,,,,,,,,,,,,,,,,,,,,,,
rsg_object_detection,dropped_oldest,526,rsg_20260806_41_554879999_000526,dropped,True,fifo_cached_frame,526,56,0,468,56,0,1,0.0,81.3116670033196,frame_fifo_full,,,,,,,,,,,,,,,,,,,,,,,,,,,,,,,,,,,,,,,,,,,,,,,,,,,,,,,,,,,,,,,,,,,,
rsg_object_detection,dropped_oldest,527,rsg_20260806_41_654879999_000527,dropped,True,fifo_cached_frame,527,56,0,469,56,0,1,0.0,112.35147299885284,frame_fifo_full,,,,,,,,,,,,,,,,,,,,,,,,,,,,,,,,,,,,,,,,,,,,,,,,,,,,,,,,,,,,,,,,,,,,
rsg_object_detection,dropped_oldest,528,rsg_20260806_41_704880000_000528,dropped,True,fifo_cached_frame,528,56,0,470,56,0,1,0.0,17.041366998455487,frame_fifo_full,,,,,,,,,,,,,,,,,,,,,,,,,,,,,,,,,,,,,,,,,,,,,,,,,,,,,,,,,,,,,,,,,,,,
rsg_object_detection,dropped_oldest,529,rsg_20260806_41_754880000_000529,dropped,True,fifo_cached_frame,529,56,0,471,56,0,1,0.0,24.326022001332603,frame_fifo_full,,,,,,,,,,,,,,,,,,,,,,,,,,,,,,,,,,,,,,,,,,,,,,,,,,,,,,,,,,,,,,,,,,,,
rsg_object_detection,frame_trace,521,rsg_20260806_41_304879999_000521,sent_to_hydra,,,,,,,,,,,493.7543530104449,ok,13.804650006932206,463.88480099267326,15.123573000892065,0.16153301112353802,14.962039989768527,0.0015999976312741637,1.1174870014656335,0.2079639962175861,324.73371300147846,14.104069006862119,0.006784001016058028,339.0525300055742,52.48158700123895,16.264707999653183,5.197167003643699,14.6065239678137,15.808909010956995,27.252824991592206,21.66907199716661,0.5917071539442986,11.856635857839137,3.800038932240568,2.2842579492134973,2.379099008976482,2.245693001896143,0.9105140052270144,234.0,64.0,0.005855996278114617,0.014815974282100797,8.594970000558533,0.7777140126563609,0.41004299419000745,1.2259649956831709,0.40360999992117286,0.004159999662078917,91.16930500022136,17.534511993289925,0.2983309968840331,14.673468002001755,0.03916799323633313,9.49370900343638,8.9015580015257,0.09756599320098758,0.49458500870969146,3.6388239968800917,0.6667730049230158,0.0053440016927197576,0.9397290123160928,7,0,7,0,0,,,,,,,,,,,,,,
rsg_object_detection,frame_trace,530,rsg_20260806_41_804879999_000530,sent_to_hydra,,,,,,,,,,,543.38228800043,ok,9.253361000446603,515.5394229950616,17.802315996959805,0.2619159931782633,17.540400003781542,0.0017600104911252856,1.0789269872475415,0.16994999896269292,370.60429599659983,20.084935997147113,0.007296010153368115,390.866478002863,59.39482199028134,17.388212014338933,5.129008975927718,22.790846007410437,13.473998988047242,27.342168003087863,19.801485002972186,0.5752261349698529,9.8581469792407,4.329530187533237,2.3919669911265373,3.399210996576585,2.997649004100822,1.0895829909713939,250.0,65.0,0.005472000339068472,0.01571100438013673,3.258700991864316,0.8452690235571936,0.3462329914327711,1.3786670024273917,0.2719629992498085,0.004191999323666096,92.86099100427236,17.894730990519747,0.14364499656949192,12.652795994654298,0.0418550189351663,4.849877004744485,4.2426860018167645,0.09036599658429623,0.5168250063434243,3.748678005649708,0.6495900015579537,0.005215988494455814,0.7854279974708334,8,0,8,0,0,,,,,,,,,,,,,,
rsg_object_detection,,185,rsg_20260806_22_904879999_000185,vlm_done,,,,,,,,,,,,ok,,,,,,,,,,,,,,,,,,,,,,,,,,,,,,,,,,,,,,,,,,,,,,,,,,,,,,,rsg_obj_000010,rsg_unknown_rsg_20260806_22_904879999_000185_002_nanosam_000,,,10,0.3513002883506344,ceiling_light,0.98,static,0.99,5527.826809004182,21580.808685990633,qwen_http,Qwen3-VL-8B-Instruct-GGUF
rsg_object_detection,completed,185,rsg_20260806_22_904879999_000185,,,,,,,,,,,16052.979508996941,,vlm_done,,,,,,,,,,,,,,,,,,,,,,,,,,,,,,,,,,,,,,,,,,,,,,,,,,,,,,,rsg_obj_000010,rsg_unknown_rsg_20260806_22_904879999_000185_002_nanosam_000,17,300,10,0.3513002883506344,,,,,,,,
rsg_object_detection,dequeued,156,rsg_20260806_21_454879999_000156,,,,,,,,,,,20133.644337998703,,fifo_order,,,,,,,,,,,,,,,,,,,,,,,,,,,,,,,,,,,,,,,,,,,,,,,,,,,,,,,rsg_obj_000012,rsg_unknown_rsg_20260806_21_454879999_000156_005_nanosam_005,16,300,4,0.6812747749249071,,,,,,,,
rsg_object_detection,,156,rsg_20260806_21_454879999_000156,vlm_done,,,,,,,,,,,,ok,,,,,,,,,,,,,,,,,,,,,,,,,,,,,,,,,,,,,,,,,,,,,,,,,,,,,,,rsg_obj_000012,rsg_unknown_rsg_20260806_21_454879999_000156_005_nanosam_005,,,4,0.6812747749249071,speaker,0.95,static,0.99,5751.581382995937,25885.22728899261,qwen_http,Qwen3-VL-8B-Instruct-GGUF
rsg_object_detection,completed,156,rsg_20260806_21_454879999_000156,,,,,,,,,,,20133.644337998703,,vlm_done,,,,,,,,,,,,,,,,,,,,,,,,,,,,,,,,,,,,,,,,,,,,,,,,,,,,,,,rsg_obj_000012,rsg_unknown_rsg_20260806_21_454879999_000156_005_nanosam_005,16,300,4,0.6812747749249071,,,,,,,,
rsg_object_detection,dequeued,327,rsg_20260806_30_054880000_000327,,,,,,,,,,,24529.7589719994,,fifo_order,,,,,,,,,,,,,,,,,,,,,,,,,,,,,,,,,,,,,,,,,,,,,,,,,,,,,,,rsg_obj_000014,rsg_unknown_rsg_20260806_30_054880000_000327_005_nanosam_002,15,300,18,0.49526063546692,,,,,,,,
rsg_object_detection,,327,rsg_20260806_30_054880000_000327,vlm_failed,,,,,,,,,,,,"{""label"":""unknown_object"",""label_confidence"":0.0,""mobility_class"":""unknown"",""mobility_confidence"":0.0}",,,,,,,,,,,,,,,,,,,,,,,,,,,,,,,,,,,,,,,,,,,,,,,,,,,,,,,rsg_obj_000014,rsg_unknown_rsg_20260806_30_054880000_000327_005_nanosam_002,,,18,0.49526063546692,unknown_object,0.0,unknown,0.0,6338.544850004837,30868.305613999837,qwen_http,Qwen3-VL-8B-Instruct-GGUF
rsg_object_detection,completed,327,rsg_20260806_30_054880000_000327,,,,,,,,,,,24529.7589719994,,vlm_failed,,,,,,,,,,,,,,,,,,,,,,,,,,,,,,,,,,,,,,,,,,,,,,,,,,,,,,,rsg_obj_000014,rsg_unknown_rsg_20260806_30_054880000_000327_005_nanosam_002,15,300,18,0.49526063546692,,,,,,,,
rsg_object_detection,dequeued,223,rsg_20260806_24_854880000_000223,,,,,,,,,,,26850.412914995104,,fifo_order,,,,,,,,,,,,,,,,,,,,,,,,,,,,,,,,,,,,,,,,,,,,,,,,,,,,,,,rsg_obj_000015,rsg_unknown_rsg_20260806_24_854880000_000223_004_nanosam_008,14,300,1,0.6373731746340908,,,,,,,,
rsg_object_detection,frame_trace,531,rsg_20260806_41_904879999_000531,sent_to_hydra,,,,,,,,,,,694.4933030026732,ok,12.761434991261922,679.0863409987651,1.3900580088375136,0.15638100740034133,1.2336770014371723,0.0055679993238300085,2.1922860032645985,0.2926350134657696,435.9534579998581,29.53388000605628,0.010142990504391491,465.7901160098845,119.14772599993739,28.537351012346335,6.336477003060281,64.14236998534761,19.155896981828846,62.57304899918381,49.73769599746447,0.9015907853608951,24.97515408322215,12.865603086538613,4.336315992986783,8.054179008468054,3.3960440050577745,1.3254189980216324,267.0,66.0,0.004607994924299419,0.02047901216428727,3.8823400100227445,3.2194369996432215,0.4395809955894947,1.4133539953036234,0.10066998947877437,0.0045439956011250615,190.80089300405234,4.970834997948259,0.16259000403806567,15.122646000236273,0.04697497934103012,6.908148992806673,6.27139100106433,0.08988699119072407,0.5468710005516186,5.114193001645617,0.7340049924096093,0.005088004400022328,1.2499010044848546,8,0,8,0,0,,,,,,,,,,,,,,
rsg_object_detection,dropped_oldest,884,rsg_20260806_63_254880000_000884,dropped,True,fifo_cached_frame,533,59,0,472,59,0,1,0.0,104.58065700368024,frame_fifo_full,,,,,,,,,,,,,,,,,,,,,,,,,,,,,,,,,,,,,,,,,,,,,,,,,,,,,,,,,,,,,,,,,,,,
rsg_object_detection,dropped_oldest,885,rsg_20260806_63_354880000_000885,dropped,True,fifo_cached_frame,534,59,0,473,59,0,1,0.0,63.79776699759532,frame_fifo_full,,,,,,,,,,,,,,,,,,,,,,,,,,,,,,,,,,,,,,,,,,,,,,,,,,,,,,,,,,,,,,,,,,,,
rsg_object_detection,dropped_oldest,886,rsg_20260806_63_404879999_000886,dropped,True,fifo_cached_frame,535,59,0,474,59,0,1,0.0,33.093408987042494,frame_fifo_full,,,,,,,,,,,,,,,,,,,,,,,,,,,,,,,,,,,,,,,,,,,,,,,,,,,,,,,,,,,,,,,,,,,,
rsg_object_detection,dropped_oldest,887,rsg_20260806_63_454880000_000887,dropped,True,fifo_cached_frame,536,59,0,475,59,0,1,0.0,52.318393005407415,frame_fifo_full,,,,,,,,,,,,,,,,,,,,,,,,,,,,,,,,,,,,,,,,,,,,,,,,,,,,,,,,,,,,,,,,,,,,
rsg_object_detection,dropped_oldest,888,rsg_20260806_63_504880000_000888,dropped,True,fifo_cached_frame,537,59,0,476,59,0,1,0.0,153.47513400774915,frame_fifo_full,,,,,,,,,,,,,,,,,,,,,,,,,,,,,,,,,,,,,,,,,,,,,,,,,,,,,,,,,,,,,,,,,,,,
rsg_object_detection,dropped_oldest,889,rsg_20260806_63_654879999_000889,dropped,True,fifo_cached_frame,538,59,0,477,59,0,1,0.0,45.85132400097791,frame_fifo_full,,,,,,,,,,,,,,,,,,,,,,,,,,,,,,,,,,,,,,,,,,,,,,,,,,,,,,,,,,,,,,,,,,,,
rsg_object_detection,frame_trace,883,rsg_20260806_63_204880000_000883,sent_to_hydra,,,,,,,,,,,505.2012890082551,ok,16.376931002014317,487.58959300175775,0.7197330123744905,0.1030060084303841,0.6167270039441064,0.0022719905246049166,1.6630460013402626,0.25414000265300274,350.2779850095976,22.258760000113398,0.00889599323272705,372.79978100559674,60.40354700235184,23.98811101738829,7.763336994685233,12.925207978696562,15.120310010388494,29.730420996202156,18.647648001206107,0.40005917253438383,6.200351985171437,3.823174978606403,2.4398930254392326,7.884359001764096,2.496090004569851,0.6628059927606955,139.0,66.0,0.0038080033846199512,0.01324799086432904,2.802129994961433,1.7684530175756663,0.3191659925505519,1.3402030017459765,2.7726609987439588,0.004960005753673613,99.15971700684167,5.983844006550498,0.13097400369588286,7.808615002431907,0.04361597530078143,8.731352994800545,8.057890998315997,0.10102200030814856,0.5724399961763993,7.056435002596118,0.5853350012330338,0.0038080033846199512,0.5127600015839562,7,0,7,0,0,,,,,,,,,,,,,,
rsg_object_detection,dropped_oldest,891,rsg_20260806_63_754880000_000891,dropped,True,fifo_cached_frame,540,60,0,478,60,0,1,0.0,54.12290900130756,frame_fifo_full,,,,,,,,,,,,,,,,,,,,,,,,,,,,,,,,,,,,,,,,,,,,,,,,,,,,,,,,,,,,,,,,,,,,
rsg_object_detection,dropped_oldest,892,rsg_20260806_63_804879999_000892,dropped,True,fifo_cached_frame,541,60,0,479,60,0,1,0.0,47.355973001685925,frame_fifo_full,,,,,,,,,,,,,,,,,,,,,,,,,,,,,,,,,,,,,,,,,,,,,,,,,,,,,,,,,,,,,,,,,,,,
rsg_object_detection,dropped_oldest,893,rsg_20260806_63_854880000_000893,dropped,True,fifo_cached_frame,542,60,0,480,60,0,1,0.0,38.6919470038265,frame_fifo_full,,,,,,,,,,,,,,,,,,,,,,,,,,,,,,,,,,,,,,,,,,,,,,,,,,,,,,,,,,,,,,,,,,,,
rsg_object_detection,dropped_oldest,894,rsg_20260806_63_904879999_000894,dropped,True,fifo_cached_frame,543,60,0,481,60,0,1,0.0,61.384045009617694,frame_fifo_full,,,,,,,,,,,,,,,,,,,,,,,,,,,,,,,,,,,,,,,,,,,,,,,,,,,,,,,,,,,,,,,,,,,,
rsg_object_detection,dropped_oldest,895,rsg_20260806_63_954880000_000895,dropped,True,fifo_cached_frame,544,60,0,482,60,0,1,0.0,41.36214600293897,frame_fifo_full,,,,,,,,,,,,,,,,,,,,,,,,,,,,,,,,,,,,,,,,,,,,,,,,,,,,,,,,,,,,,,,,,,,,
rsg_object_detection,dropped_oldest,896,rsg_20260806_64_004879999_000896,dropped,True,fifo_cached_frame,545,60,0,483,60,0,1,0.0,50.43797400139738,frame_fifo_full,,,,,,,,,,,,,,,,,,,,,,,,,,,,,,,,,,,,,,,,,,,,,,,,,,,,,,,,,,,,,,,,,,,,
rsg_object_detection,,223,rsg_20260806_24_854880000_000223,vlm_failed,,,,,,,,,,,,"{""label"":""unknown_object"",""label_confidence"":0.0,""mobility_class"":""unknown"",""mobility_confidence"":0.0}",,,,,,,,,,,,,,,,,,,,,,,,,,,,,,,,,,,,,,,,,,,,,,,,,,,,,,,rsg_obj_000015,rsg_unknown_rsg_20260806_24_854880000_000223_004_nanosam_008,,,1,0.6373731746340908,unknown_object,0.0,unknown,0.0,6228.391021009884,33078.80598399788,qwen_http,Qwen3-VL-8B-Instruct-GGUF
rsg_object_detection,completed,223,rsg_20260806_24_854880000_000223,,,,,,,,,,,26850.412914995104,,vlm_failed,,,,,,,,,,,,,,,,,,,,,,,,,,,,,,,,,,,,,,,,,,,,,,,,,,,,,,,rsg_obj_000015,rsg_unknown_rsg_20260806_24_854880000_000223_004_nanosam_008,16,300,1,0.6373731746340908,,,,,,,,
rsg_object_detection,dropped_oldest,897,rsg_20260806_64_054879999_000897,dropped,True,fifo_cached_frame,546,60,0,484,60,0,1,0.0,52.66392300836742,frame_fifo_full,,,,,,,,,,,,,,,,,,,,,,,,,,,,,,,,,,,,,,,,,,,,,,,,,,,,,,,,,,,,,,,,,,,,
rsg_object_detection,dropped_oldest,898,rsg_20260806_64_104879999_000898,dropped,True,fifo_cached_frame,547,60,0,485,60,0,1,0.0,46.8005250004353,frame_fifo_full,,,,,,,,,,,,,,,,,,,,,,,,,,,,,,,,,,,,,,,,,,,,,,,,,,,,,,,,,,,,,,,,,,,,
rsg_object_detection,dropped_oldest,899,rsg_20260806_64_154880000_000899,dropped,True,fifo_cached_frame,548,60,0,486,60,0,1,0.0,50.29963899869472,frame_fifo_full,,,,,,,,,,,,,,,,,,,,,,,,,,,,,,,,,,,,,,,,,,,,,,,,,,,,,,,,,,,,,,,,,,,,
rsg_object_detection,dequeued,381,rsg_20260806_33_004879999_000381,,,,,,,,,,,31195.81212400226,,fifo_order,,,,,,,,,,,,,,,,,,,,,,,,,,,,,,,,,,,,,,,,,,,,,,,,,,,,,,,rsg_obj_000013,rsg_unknown_rsg_20260806_33_004879999_000381_000_nanosam_007,15,300,22,0.6480920832657279,,,,,,,,
rsg_object_detection,dropped_oldest,900,rsg_20260806_64_204880000_000900,dropped,True,fifo_cached_frame,549,60,0,487,60,0,1,0.0,115.38826700416394,frame_fifo_full,,,,,,,,,,,,,,,,,,,,,,,,,,,,,,,,,,,,,,,,,,,,,,,,,,,,,,,,,,,,,,,,,,,,
rsg_object_detection,dropped_oldest,901,rsg_20260806_64_254880000_000901,dropped,True,fifo_cached_frame,550,60,0,488,60,0,1,0.0,5.856806004885584,frame_fifo_full,,,,,,,,,,,,,,,,,,,,,,,,,,,,,,,,,,,,,,,,,,,,,,,,,,,,,,,,,,,,,,,,,,,,
rsg_object_detection,dropped_oldest,902,rsg_20260806_64_304879999_000902,dropped,True,fifo_cached_frame,551,60,0,489,60,0,1,0.0,42.62171000300441,frame_fifo_full,,,,,,,,,,,,,,,,,,,,,,,,,,,,,,,,,,,,,,,,,,,,,,,,,,,,,,,,,,,,,,,,,,,,
rsg_object_detection,frame_trace,890,rsg_20260806_63_704880000_000890,sent_to_hydra,,,,,,,,,,,674.8476310021942,ok,9.977381996577606,657.9071239975747,5.869318003533408,0.13894200674258173,5.730375996790826,0.0038720027077943087,0.9440819994779304,0.1767650101101026,438.4170400007861,25.085340996156447,0.005440000677481294,463.6845860077301,112.23935498856008,28.451814971049316,7.624522011610679,57.79642100969795,17.634447998716496,54.02150299050845,44.41774700535461,0.7584881677757949,31.70340989890974,3.6383720580488443,2.6200908177997917,4.203582997433841,4.207486999803223,1.1405260011088103,251.0,73.0,0.00454401015304029,0.016895995941013098,3.5064089752268046,2.446617014356889,0.3611160354921594,1.4914010098436847,0.08463900303468108,0.004416011506691575,174.171392005519,3.536265008733608,0.14620600268244743,14.761916012503207,0.6626769609283656,5.180848005693406,4.642200001399033,0.0970230030361563,0.4416250012582168,4.136544011998922,0.6546139920828864,0.005375986802391708,1.089935001800768,8,0,8,0,0,,,,,,,,,,,,,,
rsg_object_detection,dropped_oldest,904,rsg_20260806_64_404880000_000904,dropped,True,fifo_cached_frame,553,61,0,490,61,0,1,0.0,51.33706401102245,frame_fifo_full,,,,,,,,,,,,,,,,,,,,,,,,,,,,,,,,,,,,,,,,,,,,,,,,,,,,,,,,,,,,,,,,,,,,
rsg_object_detection,dropped_oldest,905,rsg_20260806_64_454880000_000905,dropped,True,fifo_cached_frame,554,61,0,491,61,0,1,0.0,50.8769749867497,frame_fifo_full,,,,,,,,,,,,,,,,,,,,,,,,,,,,,,,,,,,,,,,,,,,,,,,,,,,,,,,,,,,,,,,,,,,,
rsg_object_detection,dropped_oldest,906,rsg_20260806_64_504880000_000906,dropped,True,fifo_cached_frame,555,61,0,492,61,0,1,0.0,49.00033101148438,frame_fifo_full,,,,,,,,,,,,,,,,,,,,,,,,,,,,,,,,,,,,,,,,,,,,,,,,,,,,,,,,,,,,,,,,,,,,
rsg_object_detection,dropped_oldest,907,rsg_20260806_64_554879999_000907,dropped,True,fifo_cached_frame,556,61,0,493,61,0,1,0.0,52.85953600832727,frame_fifo_full,,,,,,,,,,,,,,,,,,,,,,,,,,,,,,,,,,,,,,,,,,,,,,,,,,,,,,,,,,,,,,,,,,,,
rsg_object_detection,dropped_oldest,908,rsg_20260806_64_604879999_000908,dropped,True,fifo_cached_frame,557,61,0,494,61,0,1,0.0,57.750852007302456,frame_fifo_full,,,,,,,,,,,,,,,,,,,,,,,,,,,,,,,,,,,,,,,,,,,,,,,,,,,,,,,,,,,,,,,,,,,,
rsg_object_detection,dropped_oldest,909,rsg_20260806_64_654880000_000909,dropped,True,fifo_cached_frame,558,61,0,495,61,0,1,0.0,64.86895099806134,frame_fifo_full,,,,,,,,,,,,,,,,,,,,,,,,,,,,,,,,,,,,,,,,,,,,,,,,,,,,,,,,,,,,,,,,,,,,
rsg_object_detection,dropped_oldest,910,rsg_20260806_64_704880000_000910,dropped,True,fifo_cached_frame,559,61,0,496,61,0,1,0.0,49.902238009963185,frame_fifo_full,,,,,,,,,,,,,,,,,,,,,,,,,,,,,,,,,,,,,,,,,,,,,,,,,,,,,,,,,,,,,,,,,,,,
rsg_object_detection,dropped_oldest,911,rsg_20260806_64_754880000_000911,dropped,True,fifo_cached_frame,560,61,0,497,61,0,1,0.0,50.18466500041541,frame_fifo_full,,,,,,,,,,,,,,,,,,,,,,,,,,,,,,,,,,,,,,,,,,,,,,,,,,,,,,,,,,,,,,,,,,,,
rsg_object_detection,dropped_oldest,912,rsg_20260806_64_804879999_000912,dropped,True,fifo_cached_frame,561,61,0,498,61,0,1,0.0,24.72989099624101,frame_fifo_full,,,,,,,,,,,,,,,,,,,,,,,,,,,,,,,,,,,,,,,,,,,,,,,,,,,,,,,,,,,,,,,,,,,,
rsg_object_detection,frame_trace,903,rsg_20260806_64_354879999_000903,sent_to_hydra,,,,,,,,,,,514.2666550091235,ok,8.769400999881327,485.36262099514715,19.38024500850588,0.15187000099103898,19.228375007514842,0.0032959942473098636,1.0958550119539723,0.19692500063683838,347.3846869892441,15.968457009876147,0.00601599458605051,363.5560849943431,65.51124500401784,20.680447982158512,3.205999018973671,24.917408009059727,16.08234300510958,29.556792011135258,19.312118005473167,0.483993993839249,5.501038976944983,2.764217133517377,2.0286349608795717,3.826564992778003,5.519498998182826,0.8330749988090247,204.0,74.0,0.005246998625807464,0.021055995603092015,8.763865000219084,1.1010400048689917,0.349400972481817,1.35783500445541,0.08607900235801935,0.0035519915400072932,106.74526500224601,2.883730994653888,0.12396599049679935,10.914743994362652,0.042975007090717554,4.555353996693157,3.9261469937628135,0.09375800436828285,0.5354489985620603,3.5229539935244247,0.6864210008643568,0.004672008799389005,0.7510920113418251,8,0,8,0,0,,,,,,,,,,,,,,
rsg_object_detection,dropped_oldest,914,rsg_20260806_64_904880000_000914,dropped,True,fifo_cached_frame,563,62,0,499,62,0,1,0.0,60.0784010021016,frame_fifo_full,,,,,,,,,,,,,,,,,,,,,,,,,,,,,,,,,,,,,,,,,,,,,,,,,,,,,,,,,,,,,,,,,,,,
rsg_object_detection,dropped_oldest,915,rsg_20260806_64_954880000_000915,dropped,True,fifo_cached_frame,564,62,0,500,62,0,1,0.0,40.58926200377755,frame_fifo_full,,,,,,,,,,,,,,,,,,,,,,,,,,,,,,,,,,,,,,,,,,,,,,,,,,,,,,,,,,,,,,,,,,,,
rsg_object_detection,dropped_oldest,916,rsg_20260806_65_004879999_000916,dropped,True,fifo_cached_frame,565,62,0,501,62,0,1,0.0,50.992524993489496,frame_fifo_full,,,,,,,,,,,,,,,,,,,,,,,,,,,,,,,,,,,,,,,,,,,,,,,,,,,,,,,,,,,,,,,,,,,,
rsg_object_detection,dropped_oldest,917,rsg_20260806_65_054879999_000917,dropped,True,fifo_cached_frame,566,62,0,502,62,0,1,0.0,50.44610200275201,frame_fifo_full,,,,,,,,,,,,,,,,,,,,,,,,,,,,,,,,,,,,,,,,,,,,,,,,,,,,,,,,,,,,,,,,,,,,
rsg_object_detection,dropped_oldest,918,rsg_20260806_65_104879999_000918,dropped,True,fifo_cached_frame,567,62,0,503,62,0,1,0.0,51.07693999889307,frame_fifo_full,,,,,,,,,,,,,,,,,,,,,,,,,,,,,,,,,,,,,,,,,,,,,,,,,,,,,,,,,,,,,,,,,,,,
rsg_object_detection,dropped_oldest,919,rsg_20260806_65_154880000_000919,dropped,True,fifo_cached_frame,568,62,0,504,62,0,1,0.0,86.65760600706562,frame_fifo_full,,,,,,,,,,,,,,,,,,,,,,,,,,,,,,,,,,,,,,,,,,,,,,,,,,,,,,,,,,,,,,,,,,,,
rsg_object_detection,dropped_oldest,920,rsg_20260806_65_204880000_000920,dropped,True,fifo_cached_frame,569,62,0,505,62,0,1,0.0,32.06360100011807,frame_fifo_full,,,,,,,,,,,,,,,,,,,,,,,,,,,,,,,,,,,,,,,,,,,,,,,,,,,,,,,,,,,,,,,,,,,,
rsg_object_detection,dropped_oldest,921,rsg_20260806_65_254880000_000921,dropped,True,fifo_cached_frame,570,62,0,506,62,0,1,0.0,29.32044299086556,frame_fifo_full,,,,,,,,,,,,,,,,,,,,,,,,,,,,,,,,,,,,,,,,,,,,,,,,,,,,,,,,,,,,,,,,,,,,
rsg_object_detection,frame_trace,913,rsg_20260806_64_854879999_000913,sent_to_hydra,,,,,,,,,,,480.347819000599,ok,9.005365005577914,435.03475800389424,35.60207500413526,0.14124599692877382,35.460829007206485,0.0016319972928613424,0.949904992012307,0.16246199083980173,276.27548000600655,15.484464995097369,0.006624002708122134,291.92903099465184,77.05704997351859,31.673270030296408,5.732649005949497,26.09902100812178,12.760764002450742,33.779670993681066,19.73639898642432,0.4279620770830661,7.922919932752848,2.8995360480621457,1.7569659830769524,5.052786000305787,8.103107000351883,0.840755004901439,178.0,29.0,0.005472000339068472,0.023712011170573533,7.771270989906043,8.02624603966251,0.47237600665539503,1.4071140030864626,0.11654199624899775,0.0045439956011250615,128.6519659915939,3.0844970024190843,0.14476600335910916,10.235266003292054,0.039327016565948725,4.621369007509202,4.044386005261913,0.08956699457485229,0.48741600767243654,3.6773510073544458,0.7022289937594905,0.004415996954776347,0.7039889896987006,8,0,8,0,0,,,,,,,,,,,,,,
rsg_object_detection,dropped_oldest,923,rsg_20260806_65_354879999_000923,dropped,True,fifo_cached_frame,572,63,0,507,63,0,1,0.0,50.4680849990109,frame_fifo_full,,,,,,,,,,,,,,,,,,,,,,,,,,,,,,,,,,,,,,,,,,,,,,,,,,,,,,,,,,,,,,,,,,,,
rsg_object_detection,dropped_oldest,924,rsg_20260806_65_404880000_000924,dropped,True,fifo_cached_frame,573,63,0,508,63,0,1,0.0,51.537476989324205,frame_fifo_full,,,,,,,,,,,,,,,,,,,,,,,,,,,,,,,,,,,,,,,,,,,,,,,,,,,,,,,,,,,,,,,,,,,,
rsg_object_detection,dropped_oldest,925,rsg_20260806_65_454880000_000925,dropped,True,fifo_cached_frame,574,63,0,509,63,0,1,0.0,51.681698008906096,frame_fifo_full,,,,,,,,,,,,,,,,,,,,,,,,,,,,,,,,,,,,,,,,,,,,,,,,,,,,,,,,,,,,,,,,,,,,
rsg_object_detection,dropped_oldest,926,rsg_20260806_65_504880000_000926,dropped,True,fifo_cached_frame,575,63,0,510,63,0,1,0.0,50.95851000805851,frame_fifo_full,,,,,,,,,,,,,,,,,,,,,,,,,,,,,,,,,,,,,,,,,,,,,,,,,,,,,,,,,,,,,,,,,,,,
rsg_object_detection,dropped_oldest,927,rsg_20260806_65_554879999_000927,dropped,True,fifo_cached_frame,576,63,0,511,63,0,1,0.0,50.76052900403738,frame_fifo_full,,,,,,,,,,,,,,,,,,,,,,,,,,,,,,,,,,,,,,,,,,,,,,,,,,,,,,,,,,,,,,,,,,,,
rsg_object_detection,dropped_oldest,928,rsg_20260806_65_604879999_000928,dropped,True,fifo_cached_frame,577,63,0,512,63,0,1,0.0,74.67824000923429,frame_fifo_full,,,,,,,,,,,,,,,,,,,,,,,,,,,,,,,,,,,,,,,,,,,,,,,,,,,,,,,,,,,,,,,,,,,,
rsg_object_detection,dropped_oldest,929,rsg_20260806_65_654880000_000929,dropped,True,fifo_cached_frame,578,63,0,513,63,0,1,0.0,33.85170201363508,frame_fifo_full,,,,,,,,,,,,,,,,,,,,,,,,,,,,,,,,,,,,,,,,,,,,,,,,,,,,,,,,,,,,,,,,,,,,
rsg_object_detection,dropped_oldest,930,rsg_20260806_65_704880000_000930,dropped,True,fifo_cached_frame,579,63,0,514,63,0,1,0.0,53.96867200033739,frame_fifo_full,,,,,,,,,,,,,,,,,,,,,,,,,,,,,,,,,,,,,,,,,,,,,,,,,,,,,,,,,,,,,,,,,,,,
rsg_object_detection,dropped_oldest,931,rsg_20260806_65_754880000_000931,dropped,True,fifo_cached_frame,580,63,0,515,63,0,1,0.0,35.75829599867575,frame_fifo_full,,,,,,,,,,,,,,,,,,,,,,,,,,,,,,,,,,,,,,,,,,,,,,,,,,,,,,,,,,,,,,,,,,,,
rsg_object_detection,frame_trace,922,rsg_20260806_65_304879999_000922,sent_to_hydra,,,,,,,,,,,512.0391710079275,ok,12.199684002553113,463.2618120085681,35.65637700376101,0.1494370080763474,35.50693999568466,0.0018239952623844147,1.0375199926784262,0.20262101315893233,282.4652419949416,16.106886992929503,0.007360009476542473,298.7821100105066,91.06016297300812,19.7717900009593,9.210865973727778,28.816001999075525,32.123600016348064,48.98167600913439,29.63656699284911,0.7080488285282627,15.953834998072125,6.309513977612369,2.30751397612039,15.02844000060577,3.3816759969340637,0.8839219954097643,207.0,31.0,0.007231006748043001,0.01564798003528267,3.641322997282259,1.2910199875477701,0.39125503099057823,1.4378339983522892,0.10457399184815586,0.003936002030968666,146.92992500204127,2.9625790048157796,0.1419809996150434,13.362194004002959,0.0455029949080199,7.9936690017348155,7.406253993394785,0.09356600639875978,0.4938490019412711,3.482793996226974,0.7183569978224114,0.004864006768912077,0.9194739977829158,8,0,8,0,0,,,,,,,,,,,,,,
rsg_object_detection,dropped_oldest,933,rsg_20260806_65_854879999_000933,dropped,True,fifo_cached_frame,582,64,0,516,64,0,1,0.0,46.180503006326035,frame_fifo_full,,,,,,,,,,,,,,,,,,,,,,,,,,,,,,,,,,,,,,,,,,,,,,,,,,,,,,,,,,,,,,,,,,,,
rsg_object_detection,dropped_oldest,934,rsg_20260806_65_904880000_000934,dropped,True,fifo_cached_frame,583,64,0,517,64,0,1,0.0,53.38884000957478,frame_fifo_full,,,,,,,,,,,,,,,,,,,,,,,,,,,,,,,,,,,,,,,,,,,,,,,,,,,,,,,,,,,,,,,,,,,,
rsg_object_detection,dropped_oldest,935,rsg_20260806_65_954880000_000935,dropped,True,fifo_cached_frame,584,64,0,518,64,0,1,0.0,50.76055999961682,frame_fifo_full,,,,,,,,,,,,,,,,,,,,,,,,,,,,,,,,,,,,,,,,,,,,,,,,,,,,,,,,,,,,,,,,,,,,
rsg_object_detection,dropped_oldest,936,rsg_20260806_66_004879999_000936,dropped,True,fifo_cached_frame,585,64,0,519,64,0,1,0.0,48.12328900152352,frame_fifo_full,,,,,,,,,,,,,,,,,,,,,,,,,,,,,,,,,,,,,,,,,,,,,,,,,,,,,,,,,,,,,,,,,,,,
rsg_object_detection,dropped_oldest,937,rsg_20260806_66_054879999_000937,dropped,True,fifo_cached_frame,586,64,0,520,64,0,1,0.0,49.19831300503574,frame_fifo_full,,,,,,,,,,,,,,,,,,,,,,,,,,,,,,,,,,,,,,,,,,,,,,,,,,,,,,,,,,,,,,,,,,,,
rsg_object_detection,dropped_oldest,938,rsg_20260806_66_104879999_000938,dropped,True,fifo_cached_frame,587,64,0,521,64,0,1,0.0,71.39841899333987,frame_fifo_full,,,,,,,,,,,,,,,,,,,,,,,,,,,,,,,,,,,,,,,,,,,,,,,,,,,,,,,,,,,,,,,,,,,,
rsg_object_detection,dropped_oldest,939,rsg_20260806_66_154880000_000939,dropped,True,fifo_cached_frame,588,64,0,522,64,0,1,0.0,47.561121988110244,frame_fifo_full,,,,,,,,,,,,,,,,,,,,,,,,,,,,,,,,,,,,,,,,,,,,,,,,,,,,,,,,,,,,,,,,,,,,
rsg_object_detection,dropped_oldest,940,rsg_20260806_66_204880000_000940,dropped,True,fifo_cached_frame,589,64,0,523,64,0,1,0.0,41.40131299209315,frame_fifo_full,,,,,,,,,,,,,,,,,,,,,,,,,,,,,,,,,,,,,,,,,,,,,,,,,,,,,,,,,,,,,,,,,,,,
rsg_object_detection,frame_trace,932,rsg_20260806_65_804879999_000932,sent_to_hydra,,,,,,,,,,,472.1254830074031,ok,18.19629500096198,435.53292799333576,17.200565998791717,0.1402850029990077,17.06028099579271,0.0021759915398433805,1.0119520011357963,0.1715500111458823,267.7183650084771,19.395348004763946,0.00822398578748107,287.29348701017443,66.59817299805582,17.016088022501208,4.398140008561313,27.539800983504392,16.76575899182353,54.34815300395712,46.104824999929406,17.067034961655736,14.278016984462738,4.520478003541939,3.9556489064125344,3.790021000895649,3.3284290111623704,1.078255008906126,277.0,83.0,0.004896006430499256,0.017535989172756672,3.7089350225869566,0.989584979834035,0.3880259901052341,1.5354960050899535,0.13647798914462328,0.005759997293353081,127.73339000705164,3.366411998285912,0.18204499792773277,15.897705990937538,0.04793598782271147,11.937414994463325,11.167315999045968,0.10825399658642709,0.6618449988309294,5.388076999224722,0.8648189977975562,0.00598400947637856,1.1935180227737874,8,0,8,0,0,,,,,,,,,,,,,,
rsg_object_detection,dropped_oldest,942,rsg_20260806_66_304879999_000942,dropped,True,fifo_cached_frame,591,65,0,524,65,0,1,0.0,52.88187200494576,frame_fifo_full,,,,,,,,,,,,,,,,,,,,,,,,,,,,,,,,,,,,,,,,,,,,,,,,,,,,,,,,,,,,,,,,,,,,
rsg_object_detection,dropped_oldest,943,rsg_20260806_66_354879999_000943,dropped,True,fifo_cached_frame,592,65,0,525,65,0,1,0.0,56.26121201203205,frame_fifo_full,,,,,,,,,,,,,,,,,,,,,,,,,,,,,,,,,,,,,,,,,,,,,,,,,,,,,,,,,,,,,,,,,,,,
rsg_object_detection,dropped_oldest,944,rsg_20260806_66_404880000_000944,dropped,True,fifo_cached_frame,593,65,0,526,65,0,1,0.0,41.3348500005668,frame_fifo_full,,,,,,,,,,,,,,,,,,,,,,,,,,,,,,,,,,,,,,,,,,,,,,,,,,,,,,,,,,,,,,,,,,,,
rsg_object_detection,dropped_oldest,945,rsg_20260806_66_454880000_000945,dropped,True,fifo_cached_frame,594,65,0,527,65,0,1,0.0,50.27477600378916,frame_fifo_full,,,,,,,,,,,,,,,,,,,,,,,,,,,,,,,,,,,,,,,,,,,,,,,,,,,,,,,,,,,,,,,,,,,,
rsg_object_detection,dropped_oldest,946,rsg_20260806_66_504880000_000946,dropped,True,fifo_cached_frame,595,65,0,528,65,0,1,0.0,51.96732599870302,frame_fifo_full,,,,,,,,,,,,,,,,,,,,,,,,,,,,,,,,,,,,,,,,,,,,,,,,,,,,,,,,,,,,,,,,,,,,
rsg_object_detection,dropped_oldest,947,rsg_20260806_66_554879999_000947,dropped,True,fifo_cached_frame,596,65,0,529,65,0,1,0.0,51.38701500254683,frame_fifo_full,,,,,,,,,,,,,,,,,,,,,,,,,,,,,,,,,,,,,,,,,,,,,,,,,,,,,,,,,,,,,,,,,,,,
rsg_object_detection,dropped_oldest,948,rsg_20260806_66_604879999_000948,dropped,True,fifo_cached_frame,597,65,0,530,65,0,1,0.0,61.159345001215115,frame_fifo_full,,,,,,,,,,,,,,,,,,,,,,,,,,,,,,,,,,,,,,,,,,,,,,,,,,,,,,,,,,,,,,,,,,,,
rsg_object_detection,dropped_oldest,949,rsg_20260806_66_654880000_000949,dropped,True,fifo_cached_frame,598,65,0,531,65,0,1,0.0,57.72490199888125,frame_fifo_full,,,,,,,,,,,,,,,,,,,,,,,,,,,,,,,,,,,,,,,,,,,,,,,,,,,,,,,,,,,,,,,,,,,,
rsg_object_detection,dropped_oldest,950,rsg_20260806_66_704880000_000950,dropped,True,fifo_cached_frame,599,65,0,532,65,0,1,0.0,37.40393499901984,frame_fifo_full,,,,,,,,,,,,,,,,,,,,,,,,,,,,,,,,,,,,,,,,,,,,,,,,,,,,,,,,,,,,,,,,,,,,
rsg_object_detection,frame_trace,941,rsg_20260806_66_254880000_000941,sent_to_hydra,,,,,,,,,,,510.7504890038399,ok,9.795336998649873,475.66501499386504,24.26221799396444,0.20009299623779953,24.06212499772664,0.004447996616363525,1.1023190018022433,0.18342200201004744,278.53995900659356,15.172853993135504,0.006367990863509476,293.9026029926026,108.90004799875896,35.70025198860094,4.233694999129511,56.17903801612556,12.06467796873767,42.67889400944114,29.572440005722456,1.1531908239703625,17.40821094426792,4.721664095995948,2.708472005906515,8.580156005336903,3.154063000692986,1.3252909993752837,267.0,84.0,0.005920010153204203,0.014527991879731417,3.3113749959738925,0.9495219856034964,0.3342960117151961,1.4014189946465194,0.13308599591255188,0.006367001333273947,157.73583800182678,5.03173099423293,0.15522899047937244,17.69582300039474,0.041472012526355684,5.414156999904662,4.827798009500839,0.09923000470735133,0.4871289856964722,3.695718987728469,0.679860997479409,0.005600013537332416,1.0234710207441822,8,0,8,0,0,,,,,,,,,,,,,,
rsg_object_detection,dropped_oldest,952,rsg_20260806_66_804879999_000952,dropped,True,fifo_cached_frame,601,66,0,533,66,0,1,0.0,48.843566997675225,frame_fifo_full,,,,,,,,,,,,,,,,,,,,,,,,,,,,,,,,,,,,,,,,,,,,,,,,,,,,,,,,,,,,,,,,,,,,
rsg_object_detection,dropped_oldest,953,rsg_20260806_66_854879999_000953,dropped,True,fifo_cached_frame,602,66,0,534,66,0,1,0.0,50.08549899503123,frame_fifo_full,,,,,,,,,,,,,,,,,,,,,,,,,,,,,,,,,,,,,,,,,,,,,,,,,,,,,,,,,,,,,,,,,,,,
rsg_object_detection,dropped_oldest,954,rsg_20260806_66_904880000_000954,dropped,True,fifo_cached_frame,603,66,0,535,66,0,1,0.0,52.53173400706146,frame_fifo_full,,,,,,,,,,,,,,,,,,,,,,,,,,,,,,,,,,,,,,,,,,,,,,,,,,,,,,,,,,,,,,,,,,,,
rsg_object_detection,dropped_oldest,955,rsg_20260806_66_954880000_000955,dropped,True,fifo_cached_frame,604,66,0,536,66,0,1,0.0,50.30629600514658,frame_fifo_full,,,,,,,,,,,,,,,,,,,,,,,,,,,,,,,,,,,,,,,,,,,,,,,,,,,,,,,,,,,,,,,,,,,,
rsg_object_detection,dropped_oldest,956,rsg_20260806_67_004879999_000956,dropped,True,fifo_cached_frame,605,66,0,537,66,0,1,0.0,50.06290800520219,frame_fifo_full,,,,,,,,,,,,,,,,,,,,,,,,,,,,,,,,,,,,,,,,,,,,,,,,,,,,,,,,,,,,,,,,,,,,
rsg_object_detection,dropped_oldest,957,rsg_20260806_67_054879999_000957,dropped,True,fifo_cached_frame,606,66,0,538,66,0,1,0.0,50.31957499159034,frame_fifo_full,,,,,,,,,,,,,,,,,,,,,,,,,,,,,,,,,,,,,,,,,,,,,,,,,,,,,,,,,,,,,,,,,,,,
rsg_object_detection,dropped_oldest,958,rsg_20260806_67_104879999_000958,dropped,True,fifo_cached_frame,607,66,0,539,66,0,1,0.0,66.19686700287275,frame_fifo_full,,,,,,,,,,,,,,,,,,,,,,,,,,,,,,,,,,,,,,,,,,,,,,,,,,,,,,,,,,,,,,,,,,,,
rsg_object_detection,dropped_oldest,959,rsg_20260806_67_154880000_000959,dropped,True,fifo_cached_frame,608,66,0,540,66,0,1,0.0,32.3915649933042,frame_fifo_full,,,,,,,,,,,,,,,,,,,,,,,,,,,,,,,,,,,,,,,,,,,,,,,,,,,,,,,,,,,,,,,,,,,,
rsg_object_detection,frame_trace,951,rsg_20260806_66_754880000_000951,sent_to_hydra,,,,,,,,,,,476.7355580115691,ok,11.090612999396399,444.1976920061279,20.27719101170078,0.17657301214057952,20.1006179995602,0.003007997293025255,1.0258719994453713,0.1950049918377772,291.0149669914972,23.04710001044441,0.006304006092250347,314.26337599987164,43.550624992349185,17.524273003800772,3.9348829886876047,11.432751009124331,10.053923950181343,54.73601999983657,43.945049998001195,0.8492020278936252,19.6011679363437,13.743369869189337,2.9754459392279387,4.416955998749472,5.023953999625519,1.2786050065187737,271.0,86.0,0.005600013537332416,0.023486994905397296,4.781559022376314,5.349166021915153,0.4663589643314481,1.5995599969755858,0.13209400640334934,0.006080008461140096,110.64478999469429,3.2121740077855065,0.14694199489895254,14.847546990495175,0.05699101893696934,5.505162989720702,4.751191008836031,0.11827000707853585,0.6357019738061354,4.800694005098194,0.7781640015309677,0.0065920030465349555,1.1670539970509708,8,0,8,0,0,,,,,,,,,,,,,,
rsg_object_detection,dropped_oldest,961,rsg_20260806_67_254880000_000961,dropped,True,fifo_cached_frame,610,67,0,541,67,0,1,0.0,47.57779400097206,frame_fifo_full,,,,,,,,,,,,,,,,,,,,,,,,,,,,,,,,,,,,,,,,,,,,,,,,,,,,,,,,,,,,,,,,,,,,
rsg_object_detection,dropped_oldest,962,rsg_20260806_67_304879999_000962,dropped,True,fifo_cached_frame,611,67,0,542,67,0,1,0.0,48.89140599698294,frame_fifo_full,,,,,,,,,,,,,,,,,,,,,,,,,,,,,,,,,,,,,,,,,,,,,,,,,,,,,,,,,,,,,,,,,,,,
rsg_object_detection,dropped_oldest,963,rsg_20260806_67_354879999_000963,dropped,True,fifo_cached_frame,612,67,0,543,67,0,1,0.0,54.33433000871446,frame_fifo_full,,,,,,,,,,,,,,,,,,,,,,,,,,,,,,,,,,,,,,,,,,,,,,,,,,,,,,,,,,,,,,,,,,,,
rsg_object_detection,dropped_oldest,964,rsg_20260806_67_404880000_000964,dropped,True,fifo_cached_frame,613,67,0,544,67,0,1,0.0,47.753216000273824,frame_fifo_full,,,,,,,,,,,,,,,,,,,,,,,,,,,,,,,,,,,,,,,,,,,,,,,,,,,,,,,,,,,,,,,,,,,,
rsg_object_detection,dropped_oldest,965,rsg_20260806_67_454880000_000965,dropped,True,fifo_cached_frame,614,67,0,545,67,0,1,0.0,50.18744998960756,frame_fifo_full,,,,,,,,,,,,,,,,,,,,,,,,,,,,,,,,,,,,,,,,,,,,,,,,,,,,,,,,,,,,,,,,,,,,
rsg_object_detection,dropped_oldest,966,rsg_20260806_67_504880000_000966,dropped,True,fifo_cached_frame,615,67,0,546,67,0,1,0.0,51.988158011226915,frame_fifo_full,,,,,,,,,,,,,,,,,,,,,,,,,,,,,,,,,,,,,,,,,,,,,,,,,,,,,,,,,,,,,,,,,,,,
rsg_object_detection,dropped_oldest,967,rsg_20260806_67_554879999_000967,dropped,True,fifo_cached_frame,616,67,0,547,67,0,1,0.0,59.3349569971906,frame_fifo_full,,,,,,,,,,,,,,,,,,,,,,,,,,,,,,,,,,,,,,,,,,,,,,,,,,,,,,,,,,,,,,,,,,,,
rsg_object_detection,dropped_oldest,968,rsg_20260806_67_604879999_000968,dropped,True,fifo_cached_frame,617,67,0,548,67,0,1,0.0,62.45295700500719,frame_fifo_full,,,,,,,,,,,,,,,,,,,,,,,,,,,,,,,,,,,,,,,,,,,,,,,,,,,,,,,,,,,,,,,,,,,,
rsg_object_detection,dropped_oldest,969,rsg_20260806_67_654880000_000969,dropped,True,fifo_cached_frame,618,67,0,549,67,0,1,0.0,25.698675992316566,frame_fifo_full,,,,,,,,,,,,,,,,,,,,,,,,,,,,,,,,,,,,,,,,,,,,,,,,,,,,,,,,,,,,,,,,,,,,
rsg_object_detection,frame_trace,960,rsg_20260806_67_204880000_000960,sent_to_hydra,,,,,,,,,,,527.5215919973562,ok,10.002116992836818,469.1982999938773,47.3299900040729,0.15523000911343843,47.17475999495946,0.0026879861252382398,4.851092991884798,0.6629020062973723,288.5719010082539,17.92983600171283,0.008319984772242606,307.17295900103636,63.83553000341635,17.336948003503494,4.394169984152541,29.088224007864483,12.24531399202533,62.721527996473014,55.673062001005746,0.7881768397055566,42.9980941262329,5.674213098245673,2.6698449364630505,3.409451004699804,2.564409005572088,1.0243040014756843,258.0,87.0,0.006559013854712248,0.024223991204053164,4.589529999066144,2.99668796651531,0.4777520371135324,1.628551006433554,0.15084499318618327,0.00624000676907599,136.43597600457724,7.085203003953211,0.16031799896154553,13.445488002616912,0.04726299084722996,5.285709994495846,4.645624998374842,0.10444599320180714,0.5356390029191971,4.035489997477271,0.675860996125266,0.005056004738435149,0.9884970204439014,7,0,7,0,0,,,,,,,,,,,,,,
rsg_object_detection,dropped_oldest,971,rsg_20260806_67_754880000_000971,dropped,True,fifo_cached_frame,620,68,0,550,68,0,1,0.0,58.91925099422224,frame_fifo_full,,,,,,,,,,,,,,,,,,,,,,,,,,,,,,,,,,,,,,,,,,,,,,,,,,,,,,,,,,,,,,,,,,,,
rsg_object_detection,dropped_oldest,972,rsg_20260806_67_804879999_000972,dropped,True,fifo_cached_frame,621,68,0,551,68,0,1,0.0,41.30025900667533,frame_fifo_full,,,,,,,,,,,,,,,,,,,,,,,,,,,,,,,,,,,,,,,,,,,,,,,,,,,,,,,,,,,,,,,,,,,,
rsg_object_detection,dropped_oldest,973,rsg_20260806_67_854879999_000973,dropped,True,fifo_cached_frame,622,68,0,552,68,0,1,0.0,50.079323002137244,frame_fifo_full,,,,,,,,,,,,,,,,,,,,,,,,,,,,,,,,,,,,,,,,,,,,,,,,,,,,,,,,,,,,,,,,,,,,
rsg_object_detection,dropped_oldest,974,rsg_20260806_67_904880000_000974,dropped,True,fifo_cached_frame,623,68,0,553,68,0,1,0.0,50.64369899628218,frame_fifo_full,,,,,,,,,,,,,,,,,,,,,,,,,,,,,,,,,,,,,,,,,,,,,,,,,,,,,,,,,,,,,,,,,,,,
rsg_object_detection,dropped_oldest,975,rsg_20260806_67_954880000_000975,dropped,True,fifo_cached_frame,624,68,0,554,68,0,1,0.0,49.993117005215026,frame_fifo_full,,,,,,,,,,,,,,,,,,,,,,,,,,,,,,,,,,,,,,,,,,,,,,,,,,,,,,,,,,,,,,,,,,,,
rsg_object_detection,dropped_oldest,976,rsg_20260806_68_004879999_000976,dropped,True,fifo_cached_frame,625,68,0,555,68,0,1,0.0,48.879245994612575,frame_fifo_full,,,,,,,,,,,,,,,,,,,,,,,,,,,,,,,,,,,,,,,,,,,,,,,,,,,,,,,,,,,,,,,,,,,,
rsg_object_detection,dropped_oldest,977,rsg_20260806_68_054879999_000977,dropped,True,fifo_cached_frame,626,68,0,556,68,0,1,0.0,102.68846400140319,frame_fifo_full,,,,,,,,,,,,,,,,,,,,,,,,,,,,,,,,,,,,,,,,,,,,,,,,,,,,,,,,,,,,,,,,,,,,
rsg_object_detection,frame_trace,970,rsg_20260806_67_704880000_000970,sent_to_hydra,,,,,,,,,,,484.02488700230606,ok,9.12891500047408,436.6671859897906,37.354911997681484,0.16265299927908927,37.192258998402394,0.0028799986466765404,1.241132995346561,0.2220129972556606,270.06197899754625,15.184342002612539,0.006624002708122134,285.47495800012257,69.84609099163208,16.559038995183073,9.909512009471655,22.453220997704193,20.18176796264015,54.07666999963112,34.880613995483145,0.8763040532357991,18.901048970292322,7.663275973754935,3.4989931154996157,5.355533008696511,12.480671997764148,1.1546059977263212,294.0,88.0,0.006848000339232385,0.019136001355946064,4.456187016330659,5.173870988073759,0.39798000943847,1.2299020017962903,0.11785500100813806,0.004032001015730202,135.31877800414804,2.558616004534997,0.14287799422163516,11.885288986377418,0.04553400503937155,4.747607003082521,4.131329013034701,0.0911029928829521,0.5251749971648678,3.7958449975121766,0.5809510039398447,0.004511995939537883,0.8709940157132223,8,0,7,0,0,,,,,,,,,,,,,,
rsg_object_detection,dropped_oldest,979,rsg_20260806_68_204880000_000979,dropped,True,fifo_cached_frame,628,69,0,557,69,0,1,0.0,100.66548800386954,frame_fifo_full,,,,,,,,,,,,,,,,,,,,,,,,,,,,,,,,,,,,,,,,,,,,,,,,,,,,,,,,,,,,,,,,,,,,
rsg_object_detection,dropped_oldest,980,rsg_20260806_68_304879999_000980,dropped,True,fifo_cached_frame,629,69,0,558,69,0,1,0.0,101.37443699932192,frame_fifo_full,,,,,,,,,,,,,,,,,,,,,,,,,,,,,,,,,,,,,,,,,,,,,,,,,,,,,,,,,,,,,,,,,,,,
rsg_object_detection,dropped_oldest,981,rsg_20260806_68_404880000_000981,dropped,True,fifo_cached_frame,630,69,0,559,69,0,1,0.0,48.82900699158199,frame_fifo_full,,,,,,,,,,,,,,,,,,,,,,,,,,,,,,,,,,,,,,,,,,,,,,,,,,,,,,,,,,,,,,,,,,,,
rsg_object_detection,dropped_oldest,982,rsg_20260806_68_454880000_000982,dropped,True,fifo_cached_frame,631,69,0,560,69,0,1,0.0,99.71020599186886,frame_fifo_full,,,,,,,,,,,,,,,,,,,,,,,,,,,,,,,,,,,,,,,,,,,,,,,,,,,,,,,,,,,,,,,,,,,,
rsg_object_detection,dropped_oldest,983,rsg_20260806_68_554879999_000983,dropped,True,fifo_cached_frame,632,69,0,561,69,0,1,0.0,66.66937201225664,frame_fifo_full,,,,,,,,,,,,,,,,,,,,,,,,,,,,,,,,,,,,,,,,,,,,,,,,,,,,,,,,,,,,,,,,,,,,
rsg_object_detection,frame_trace,978,rsg_20260806_68_154880000_000978,sent_to_hydra,,,,,,,,,,,475.2208319987403,ok,9.373519002110697,423.7274829938542,41.19606800668407,0.1681889989413321,41.02787900774274,0.002464003046043217,1.7942449921974912,0.23641300504095852,270.49090099171735,14.158854013658129,0.008190982043743134,284.8943589924602,80.37517598131672,21.904271008679643,5.522090970771387,18.164040011470206,34.15233698615339,26.750275006634183,20.833727001445368,0.5086930032121018,11.737353066564538,3.6035739904036745,2.3386169923469424,2.5017540028784424,2.3304600035771728,1.0400159953860566,206.0,45.0,0.004447996616363525,0.01657599932514131,3.783493986702524,4.135103037697263,0.3787169844144955,2.246397009002976,0.12783799320459366,0.0069759989855811,117.82560800202191,2.840979999746196,0.2013729972532019,16.125415000715293,0.04550300945993513,5.094705004012212,4.57138501224108,0.0936940050451085,0.42962598672602326,3.6629519890993834,0.6106139917392284,0.00524801725987345,0.9212979930453002,7,0,7,0,0,,,,,,,,,,,,,,
rsg_object_detection,dropped_oldest,985,rsg_20260806_68_654880000_000985,dropped,True,fifo_cached_frame,634,70,0,562,70,0,1,0.0,48.538322997046635,frame_fifo_full,,,,,,,,,,,,,,,,,,,,,,,,,,,,,,,,,,,,,,,,,,,,,,,,,,,,,,,,,,,,,,,,,,,,
rsg_object_detection,dropped_oldest,986,rsg_20260806_68_704880000_000986,dropped,True,fifo_cached_frame,635,70,0,563,70,0,1,0.0,50.102780005545355,frame_fifo_full,,,,,,,,,,,,,,,,,,,,,,,,,,,,,,,,,,,,,,,,,,,,,,,,,,,,,,,,,,,,,,,,,,,,
rsg_object_detection,dropped_oldest,987,rsg_20260806_68_754880000_000987,dropped,True,fifo_cached_frame,636,70,0,564,70,0,1,0.0,153.0151130136801,frame_fifo_full,,,,,,,,,,,,,,,,,,,,,,,,,,,,,,,,,,,,,,,,,,,,,,,,,,,,,,,,,,,,,,,,,,,,
rsg_object_detection,dropped_oldest,988,rsg_20260806_68_904880000_000988,dropped,True,fifo_cached_frame,637,70,0,565,70,0,1,0.0,114.17811100545805,frame_fifo_full,,,,,,,,,,,,,,,,,,,,,,,,,,,,,,,,,,,,,,,,,,,,,,,,,,,,,,,,,,,,,,,,,,,,
rsg_object_detection,dropped_oldest,989,rsg_20260806_68_954880000_000989,dropped,True,fifo_cached_frame,638,70,0,566,70,0,1,0.0,5.049554005381651,frame_fifo_full,,,,,,,,,,,,,,,,,,,,,,,,,,,,,,,,,,,,,,,,,,,,,,,,,,,,,,,,,,,,,,,,,,,,
rsg_object_detection,frame_trace,984,rsg_20260806_68_604879999_000984,sent_to_hydra,,,,,,,,,,,463.4163430018816,ok,9.93149500573054,434.0843789977953,18.472675001248717,0.16502100334037095,18.307653997908346,0.001791995600797236,0.9723370021674782,0.23196499387267977,278.88350799912587,19.172215994331054,0.005792011506855488,298.29348099883646,59.21486299484968,16.90777300973423,6.856790016172454,18.184262997237965,16.584127995884046,50.82619200402405,35.93150900269393,0.6549030367750674,22.803130952524953,4.693988055805676,2.28405516827479,3.8516210042871535,2.2915170120541006,8.699609010363929,213.0,47.0,0.0037760037230327725,0.015359997632913291,3.6448739701882005,1.446794020012021,0.3587760147638619,1.379947003442794,0.717620991053991,0.00415899557992816,117.61066599865444,4.909524999675341,0.15206100943032652,12.101926011382602,0.04438297764863819,5.280718003632501,4.660024002077989,0.08943899592850357,0.5312550056260079,4.027713992400095,0.6177510076668113,0.005312002031132579,0.9260020015062764,7,0,7,0,0,,,,,,,,,,,,,,
rsg_object_detection,dropped_oldest,991,rsg_20260806_69_104879999_000991,dropped,True,fifo_cached_frame,640,71,0,567,71,0,1,0.0,47.77814299450256,frame_fifo_full,,,,,,,,,,,,,,,,,,,,,,,,,,,,,,,,,,,,,,,,,,,,,,,,,,,,,,,,,,,,,,,,,,,,
rsg_object_detection,dropped_oldest,992,rsg_20260806_69_154880000_000992,dropped,True,fifo_cached_frame,641,71,0,568,71,0,1,0.0,51.41770299815107,frame_fifo_full,,,,,,,,,,,,,,,,,,,,,,,,,,,,,,,,,,,,,,,,,,,,,,,,,,,,,,,,,,,,,,,,,,,,
rsg_object_detection,dropped_oldest,993,rsg_20260806_69_204880000_000993,dropped,True,fifo_cached_frame,642,71,0,569,71,0,1,0.0,60.42770898784511,frame_fifo_full,,,,,,,,,,,,,,,,,,,,,,,,,,,,,,,,,,,,,,,,,,,,,,,,,,,,,,,,,,,,,,,,,,,,
rsg_object_detection,dropped_oldest,994,rsg_20260806_69_254880000_000994,dropped,True,fifo_cached_frame,643,71,0,570,71,0,1,0.0,51.912704002461396,frame_fifo_full,,,,,,,,,,,,,,,,,,,,,,,,,,,,,,,,,,,,,,,,,,,,,,,,,,,,,,,,,,,,,,,,,,,,
rsg_object_detection,dropped_oldest,995,rsg_20260806_69_304879999_000995,dropped,True,fifo_cached_frame,644,71,0,571,71,0,1,0.0,39.57599800196476,frame_fifo_full,,,,,,,,,,,,,,,,,,,,,,,,,,,,,,,,,,,,,,,,,,,,,,,,,,,,,,,,,,,,,,,,,,,,
rsg_object_detection,,381,rsg_20260806_33_004879999_000381,vlm_done,,,,,,,,,,,,ok,,,,,,,,,,,,,,,,,,,,,,,,,,,,,,,,,,,,,,,,,,,,,,,,,,,,,,,rsg_obj_000013,rsg_unknown_rsg_20260806_33_004879999_000381_000_nanosam_007,,,22,0.6480920832657279,floor,0.98,static,0.99,5191.75709800038,36387.570726001286,qwen_http,Qwen3-VL-8B-Instruct-GGUF
rsg_object_detection,completed,381,rsg_20260806_33_004879999_000381,,,,,,,,,,,31195.81212400226,,vlm_done,,,,,,,,,,,,,,,,,,,,,,,,,,,,,,,,,,,,,,,,,,,,,,,,,,,,,,,rsg_obj_000013,rsg_unknown_rsg_20260806_33_004879999_000381_000_nanosam_007,17,300,22,0.6480920832657279,,,,,,,,
rsg_object_detection,dropped_oldest,996,rsg_20260806_69_354879999_000996,dropped,True,fifo_cached_frame,645,71,0,572,71,0,1,0.0,97.43417800928,frame_fifo_full,,,,,,,,,,,,,,,,,,,,,,,,,,,,,,,,,,,,,,,,,,,,,,,,,,,,,,,,,,,,,,,,,,,,
rsg_object_detection,dequeued,289,rsg_20260806_28_154879999_000289,,,,,,,,,,,36245.820618001744,,fifo_order,,,,,,,,,,,,,,,,,,,,,,,,,,,,,,,,,,,,,,,,,,,,,,,,,,,,,,,rsg_obj_000020,rsg_unknown_rsg_20260806_28_154879999_000289_005_nanosam_005,16,300,2,0.39000198460541247,,,,,,,,
rsg_object_detection,dropped_oldest,997,rsg_20260806_69_454880000_000997,dropped,True,fifo_cached_frame,646,71,0,573,71,0,1,0.0,51.51283800660167,frame_fifo_full,,,,,,,,,,,,,,,,,,,,,,,,,,,,,,,,,,,,,,,,,,,,,,,,,,,,,,,,,,,,,,,,,,,,
rsg_object_detection,dropped_oldest,998,rsg_20260806_69_504880000_000998,dropped,True,fifo_cached_frame,647,71,0,574,71,0,1,0.0,55.95648099551909,frame_fifo_full,,,,,,,,,,,,,,,,,,,,,,,,,,,,,,,,,,,,,,,,,,,,,,,,,,,,,,,,,,,,,,,,,,,,
rsg_object_detection,dropped_oldest,999,rsg_20260806_69_554879999_000999,dropped,True,fifo_cached_frame,648,71,0,575,71,0,1,0.0,45.87513199658133,frame_fifo_full,,,,,,,,,,,,,,,,,,,,,,,,,,,,,,,,,,,,,,,,,,,,,,,,,,,,,,,,,,,,,,,,,,,,
rsg_object_detection,frame_trace,990,rsg_20260806_69_004879999_000990,sent_to_hydra,,,,,,,,,,,582.9594599927077,ok,14.722780993906781,499.38555000699125,67.77719399542548,0.1435169979231432,67.63367699750233,0.005408001015894115,1.076751999789849,1.388585995300673,343.25291599088814,20.77750400349032,0.006656002369709313,365.42566199204884,69.89889001124538,24.773601020569913,6.497084017610177,26.492393008084036,11.546574009116739,39.35325000202283,27.738004006096162,1.3967160630272701,13.859244107152335,5.740331078413874,3.7466902140295133,7.5554680079221725,3.0452329956460744,0.9738090011524037,290.0,95.0,0.004960005753673613,0.012383985449559987,3.709927012096159,0.5005359853385016,0.28562698571477085,1.1962699936702847,0.28412300162017345,0.0031999952625483274,115.2502229961101,3.8387569948099554,0.13347000640351325,13.614542011055164,0.04614400677382946,6.37417400139384,5.634697008645162,0.09404598677065223,0.6454310059780255,7.753223995678127,0.5910310137551278,0.004351983079686761,1.0685269953683019,7,0,7,0,0,,,,,,,,,,,,,,
rsg_object_detection,dropped_oldest,1001,rsg_20260806_69_654880000_001001,dropped,True,fifo_cached_frame,650,72,0,576,72,0,1,0.0,46.64820899779443,frame_fifo_full,,,,,,,,,,,,,,,,,,,,,,,,,,,,,,,,,,,,,,,,,,,,,,,,,,,,,,,,,,,,,,,,,,,,
rsg_object_detection,dropped_oldest,1002,rsg_20260806_69_704880000_001002,dropped,True,fifo_cached_frame,651,72,0,577,72,0,1,0.0,45.378499999060296,frame_fifo_full,,,,,,,,,,,,,,,,,,,,,,,,,,,,,,,,,,,,,,,,,,,,,,,,,,,,,,,,,,,,,,,,,,,,
rsg_object_detection,dropped_oldest,1003,rsg_20260806_69_754880000_001003,dropped,True,fifo_cached_frame,652,72,0,578,72,0,1,0.0,51.290921997861005,frame_fifo_full,,,,,,,,,,,,,,,,,,,,,,,,,,,,,,,,,,,,,,,,,,,,,,,,,,,,,,,,,,,,,,,,,,,,
rsg_object_detection,dropped_oldest,1004,rsg_20260806_69_804879999_001004,dropped,True,fifo_cached_frame,653,72,0,579,72,0,1,0.0,53.72058000648394,frame_fifo_full,,,,,,,,,,,,,,,,,,,,,,,,,,,,,,,,,,,,,,,,,,,,,,,,,,,,,,,,,,,,,,,,,,,,
rsg_object_detection,dropped_oldest,1005,rsg_20260806_69_854879999_001005,dropped,True,fifo_cached_frame,654,72,0,580,72,0,1,0.0,54.394841004977934,frame_fifo_full,,,,,,,,,,,,,,,,,,,,,,,,,,,,,,,,,,,,,,,,,,,,,,,,,,,,,,,,,,,,,,,,,,,,
rsg_object_detection,dropped_oldest,1006,rsg_20260806_69_904880000_001006,dropped,True,fifo_cached_frame,655,72,0,581,72,0,1,0.0,37.89656700973865,frame_fifo_full,,,,,,,,,,,,,,,,,,,,,,,,,,,,,,,,,,,,,,,,,,,,,,,,,,,,,,,,,,,,,,,,,,,,
rsg_object_detection,dropped_oldest,1007,rsg_20260806_69_954880000_001007,dropped,True,fifo_cached_frame,656,72,0,582,72,0,1,0.0,51.776353997411206,frame_fifo_full,,,,,,,,,,,,,,,,,,,,,,,,,,,,,,,,,,,,,,,,,,,,,,,,,,,,,,,,,,,,,,,,,,,,
rsg_object_detection,dropped_oldest,1008,rsg_20260806_70_004879999_001008,dropped,True,fifo_cached_frame,657,72,0,583,72,0,1,0.0,49.87347198766656,frame_fifo_full,,,,,,,,,,,,,,,,,,,,,,,,,,,,,,,,,,,,,,,,,,,,,,,,,,,,,,,,,,,,,,,,,,,,
rsg_object_detection,dropped_oldest,1009,rsg_20260806_70_054879999_001009,dropped,True,fifo_cached_frame,658,72,0,584,72,0,1,0.0,52.648820987087674,frame_fifo_full,,,,,,,,,,,,,,,,,,,,,,,,,,,,,,,,,,,,,,,,,,,,,,,,,,,,,,,,,,,,,,,,,,,,
rsg_object_detection,frame_trace,1000,rsg_20260806_69_604879999_001000,sent_to_hydra,,,,,,,,,,,542.8356640040874,ok,12.680091997026466,518.1772279902361,10.931128010270186,0.17842900706455112,10.752699003205635,0.001791995600797236,0.9839530102908611,0.19974099996034056,356.7017969908193,18.173032003687695,0.007328009814955294,375.08189800428227,73.42552400950808,24.386281002080068,6.423069993616082,18.59366401913576,23.408408014802262,34.23124901019037,23.99918199807871,0.8632801327621564,11.571662995265797,5.254186107777059,3.200180930434726,3.3402690023649484,5.598440999165177,1.2380929983919486,323.0,96.0,0.004895991878584027,0.01798401353880763,8.153153015882708,3.998401982244104,0.5787759728264064,1.3658670068252832,0.36949799687135965,0.004671994247473776,122.14755699096713,4.8395409976365045,0.1521579979453236,14.935002007405274,0.03711898170877248,6.0427870048442855,5.396524997195229,0.13321400911081582,0.5130479985382408,5.901636992348358,0.729747989680618,0.005920010153204203,1.045424010953866,8,0,8,0,0,,,,,,,,,,,,,,
rsg_object_detection,dropped_oldest,1011,rsg_20260806_70_154880000_001011,dropped,True,fifo_cached_frame,660,73,0,585,73,0,1,0.0,41.86693800147623,frame_fifo_full,,,,,,,,,,,,,,,,,,,,,,,,,,,,,,,,,,,,,,,,,,,,,,,,,,,,,,,,,,,,,,,,,,,,
rsg_object_detection,dropped_oldest,1012,rsg_20260806_70_204880000_001012,dropped,True,fifo_cached_frame,661,73,0,586,73,0,1,0.0,49.43862900836393,frame_fifo_full,,,,,,,,,,,,,,,,,,,,,,,,,,,,,,,,,,,,,,,,,,,,,,,,,,,,,,,,,,,,,,,,,,,,
rsg_object_detection,dropped_oldest,1013,rsg_20260806_70_254880000_001013,dropped,True,fifo_cached_frame,662,73,0,587,73,0,1,0.0,50.23439400247298,frame_fifo_full,,,,,,,,,,,,,,,,,,,,,,,,,,,,,,,,,,,,,,,,,,,,,,,,,,,,,,,,,,,,,,,,,,,,
rsg_object_detection,dropped_oldest,1014,rsg_20260806_70_304879999_001014,dropped,True,fifo_cached_frame,663,73,0,588,73,0,1,0.0,53.315050987293944,frame_fifo_full,,,,,,,,,,,,,,,,,,,,,,,,,,,,,,,,,,,,,,,,,,,,,,,,,,,,,,,,,,,,,,,,,,,,
rsg_object_detection,dropped_oldest,1015,rsg_20260806_70_354879999_001015,dropped,True,fifo_cached_frame,664,73,0,589,73,0,1,0.0,51.95475200889632,frame_fifo_full,,,,,,,,,,,,,,,,,,,,,,,,,,,,,,,,,,,,,,,,,,,,,,,,,,,,,,,,,,,,,,,,,,,,
rsg_object_detection,dropped_oldest,1016,rsg_20260806_70_404880000_001016,dropped,True,fifo_cached_frame,665,73,0,590,73,0,1,0.0,47.653953995904885,frame_fifo_full,,,,,,,,,,,,,,,,,,,,,,,,,,,,,,,,,,,,,,,,,,,,,,,,,,,,,,,,,,,,,,,,,,,,
rsg_object_detection,dropped_oldest,1017,rsg_20260806_70_454880000_001017,dropped,True,fifo_cached_frame,666,73,0,591,73,0,1,0.0,47.66032099723816,frame_fifo_full,,,,,,,,,,,,,,,,,,,,,,,,,,,,,,,,,,,,,,,,,,,,,,,,,,,,,,,,,,,,,,,,,,,,
rsg_object_detection,dropped_oldest,1018,rsg_20260806_70_504880000_001018,dropped,True,fifo_cached_frame,667,73,0,592,73,0,1,0.0,71.54702499974519,frame_fifo_full,,,,,,,,,,,,,,,,,,,,,,,,,,,,,,,,,,,,,,,,,,,,,,,,,,,,,,,,,,,,,,,,,,,,
rsg_object_detection,dropped_oldest,1019,rsg_20260806_70_554879999_001019,dropped,True,fifo_cached_frame,668,73,0,593,73,0,1,0.0,42.48350499256048,frame_fifo_full,,,,,,,,,,,,,,,,,,,,,,,,,,,,,,,,,,,,,,,,,,,,,,,,,,,,,,,,,,,,,,,,,,,,
rsg_object_detection,dropped_oldest,1020,rsg_20260806_70_604879999_001020,dropped,True,fifo_cached_frame,669,73,0,594,73,0,1,0.0,50.07269998895936,frame_fifo_full,,,,,,,,,,,,,,,,,,,,,,,,,,,,,,,,,,,,,,,,,,,,,,,,,,,,,,,,,,,,,,,,,,,,
rsg_object_detection,dropped_oldest,1021,rsg_20260806_70_654880000_001021,dropped,True,fifo_cached_frame,670,73,0,595,73,0,1,0.0,56.48162501165643,frame_fifo_full,,,,,,,,,,,,,,,,,,,,,,,,,,,,,,,,,,,,,,,,,,,,,,,,,,,,,,,,,,,,,,,,,,,,
rsg_object_detection,dropped_oldest,1022,rsg_20260806_70_704880000_001022,dropped,True,fifo_cached_frame,671,73,0,596,73,0,1,0.0,38.15141200902872,frame_fifo_full,,,,,,,,,,,,,,,,,,,,,,,,,,,,,,,,,,,,,,,,,,,,,,,,,,,,,,,,,,,,,,,,,,,,
rsg_object_detection,frame_trace,1010,rsg_20260806_70_104879999_001010,sent_to_hydra,,,,,,,,,,,666.2579870026093,ok,9.067188002518378,603.109329007566,53.001166990725324,0.12959798914380372,52.87156900158152,0.0015039986465126276,4.749558996991254,0.21071599621791393,334.5263640076155,31.18975998950191,0.008128001354634762,365.93496799468994,139.09558397426736,40.41140897606965,10.927640993031673,37.69429797830526,49.21402501349803,64.01043701043818,51.03310200502165,0.8449699234915897,20.838044918491505,18.717324768658727,4.2134358518524095,8.56757999281399,3.22570999560412,1.0460000048624352,319.0,97.0,0.0034560071071609855,0.012800024705938995,2.877203995012678,0.8474110072711483,0.3155790182063356,1.1659019946819171,0.42293700971640646,0.003968001692555845,208.755118001136,6.825303004006855,0.1455020101275295,16.6583350073779,0.040543993236497045,4.743094992591068,4.308541989303194,0.09206200775224715,0.342490995535627,3.7044549972051755,0.6148060056148097,0.004832007107324898,1.078799003153108,8,0,7,0,0,,,,,,,,,,,,,,
rsg_object_detection,dropped_oldest,1024,rsg_20260806_70_804879999_001024,dropped,True,fifo_cached_frame,673,74,0,597,74,0,1,0.0,98.35205200943165,frame_fifo_full,,,,,,,,,,,,,,,,,,,,,,,,,,,,,,,,,,,,,,,,,,,,,,,,,,,,,,,,,,,,,,,,,,,,
rsg_object_detection,dropped_oldest,1025,rsg_20260806_70_904880000_001025,dropped,True,fifo_cached_frame,674,74,0,598,74,0,1,0.0,61.223152006277815,frame_fifo_full,,,,,,,,,,,,,,,,,,,,,,,,,,,,,,,,,,,,,,,,,,,,,,,,,,,,,,,,,,,,,,,,,,,,
rsg_object_detection,dropped_oldest,1026,rsg_20260806_70_954880000_001026,dropped,True,fifo_cached_frame,675,74,0,599,74,0,1,0.0,136.7882279882906,frame_fifo_full,,,,,,,,,,,,,,,,,,,,,,,,,,,,,,,,,,,,,,,,,,,,,,,,,,,,,,,,,,,,,,,,,,,,
rsg_object_detection,dropped_oldest,1027,rsg_20260806_71_104879999_001027,dropped,True,fifo_cached_frame,676,74,0,600,74,0,1,0.0,52.153468001051806,frame_fifo_full,,,,,,,,,,,,,,,,,,,,,,,,,,,,,,,,,,,,,,,,,,,,,,,,,,,,,,,,,,,,,,,,,,,,
rsg_object_detection,dropped_oldest,1028,rsg_20260806_71_154880000_001028,dropped,True,fifo_cached_frame,677,74,0,601,74,0,1,0.0,71.06792899139691,frame_fifo_full,,,,,,,,,,,,,,,,,,,,,,,,,,,,,,,,,,,,,,,,,,,,,,,,,,,,,,,,,,,,,,,,,,,,
rsg_object_detection,dropped_oldest,1029,rsg_20260806_71_204880000_001029,dropped,True,fifo_cached_frame,678,74,0,602,74,0,1,0.0,32.40676500718109,frame_fifo_full,,,,,,,,,,,,,,,,,,,,,,,,,,,,,,,,,,,,,,,,,,,,,,,,,,,,,,,,,,,,,,,,,,,,
rsg_object_detection,dropped_oldest,1030,rsg_20260806_71_254880000_001030,dropped,True,fifo_cached_frame,679,74,0,603,74,0,1,0.0,54.13974200200755,frame_fifo_full,,,,,,,,,,,,,,,,,,,,,,,,,,,,,,,,,,,,,,,,,,,,,,,,,,,,,,,,,,,,,,,,,,,,
rsg_object_detection,dropped_oldest,1031,rsg_20260806_71_304879999_001031,dropped,True,fifo_cached_frame,680,74,0,604,74,0,1,0.0,58.157919003861025,frame_fifo_full,,,,,,,,,,,,,,,,,,,,,,,,,,,,,,,,,,,,,,,,,,,,,,,,,,,,,,,,,,,,,,,,,,,,
rsg_object_detection,dropped_oldest,1032,rsg_20260806_71_354879999_001032,dropped,True,fifo_cached_frame,681,74,0,605,74,0,1,0.0,39.150629003415816,frame_fifo_full,,,,,,,,,,,,,,,,,,,,,,,,,,,,,,,,,,,,,,,,,,,,,,,,,,,,,,,,,,,,,,,,,,,,
rsg_object_detection,dropped_oldest,1033,rsg_20260806_71_404880000_001033,dropped,True,fifo_cached_frame,682,74,0,606,74,0,1,0.0,44.94881100254133,frame_fifo_full,,,,,,,,,,,,,,,,,,,,,,,,,,,,,,,,,,,,,,,,,,,,,,,,,,,,,,,,,,,,,,,,,,,,
rsg_object_detection,frame_trace,1023,rsg_20260806_70_754880000_001023,sent_to_hydra,,,,,,,,,,,693.819899999653,ok,13.899081997806206,659.9179269978777,19.025913992663845,0.13426999794319272,18.891643994720653,0.003936002030968666,1.4831459993729368,0.24988400400616229,394.10691800003406,20.54141100961715,0.007903989171609282,414.906117002829,150.40494600543752,44.26050401525572,21.718705000239424,47.64870600774884,35.85669600579422,68.77471700136084,58.618617011234164,2.435161906760186,30.58182897802908,11.440974019933492,5.191443866351619,6.596153994905762,2.3900749947642908,1.1246869980823249,284.0,97.0,0.0038080033846199512,0.014528020983561873,3.6750139988726005,0.7802439940860495,0.3335000074002892,1.2012289953418076,0.34092299756594,0.003968001692555845,225.53425299702212,5.0074109894922,0.12319799861870706,12.823193988879211,0.04060802166350186,6.450107990531251,5.807045992696658,0.09395099186804146,0.5491110059665516,6.887701994855888,0.5578799900831655,0.0033920223359018564,0.9730410092743114,7,0,7,0,0,,,,,,,,,,,,,,
rsg_object_detection,dropped_oldest,1035,rsg_20260806_71_504880000_001035,dropped,True,fifo_cached_frame,684,75,0,607,75,0,1,0.0,53.423369012307376,frame_fifo_full,,,,,,,,,,,,,,,,,,,,,,,,,,,,,,,,,,,,,,,,,,,,,,,,,,,,,,,,,,,,,,,,,,,,
rsg_object_detection,dropped_oldest,1036,rsg_20260806_71_554879999_001036,dropped,True,fifo_cached_frame,685,75,0,608,75,0,1,0.0,45.25101400213316,frame_fifo_full,,,,,,,,,,,,,,,,,,,,,,,,,,,,,,,,,,,,,,,,,,,,,,,,,,,,,,,,,,,,,,,,,,,,
rsg_object_detection,dropped_oldest,1037,rsg_20260806_71_604879999_001037,dropped,True,fifo_cached_frame,686,75,0,609,75,0,1,0.0,50.65211599867325,frame_fifo_full,,,,,,,,,,,,,,,,,,,,,,,,,,,,,,,,,,,,,,,,,,,,,,,,,,,,,,,,,,,,,,,,,,,,
rsg_object_detection,dropped_oldest,1038,rsg_20260806_71_654880000_001038,dropped,True,fifo_cached_frame,687,75,0,610,75,0,1,0.0,52.481976003036834,frame_fifo_full,,,,,,,,,,,,,,,,,,,,,,,,,,,,,,,,,,,,,,,,,,,,,,,,,,,,,,,,,,,,,,,,,,,,
rsg_object_detection,dropped_oldest,1039,rsg_20260806_71_704880000_001039,dropped,True,fifo_cached_frame,688,75,0,611,75,0,1,0.0,51.35517600865569,frame_fifo_full,,,,,,,,,,,,,,,,,,,,,,,,,,,,,,,,,,,,,,,,,,,,,,,,,,,,,,,,,,,,,,,,,,,,
rsg_object_detection,dropped_oldest,1040,rsg_20260806_71_754880000_001040,dropped,True,fifo_cached_frame,689,75,0,612,75,0,1,0.0,48.16050599038135,frame_fifo_full,,,,,,,,,,,,,,,,,,,,,,,,,,,,,,,,,,,,,,,,,,,,,,,,,,,,,,,,,,,,,,,,,,,,
rsg_object_detection,dropped_oldest,1041,rsg_20260806_71_804879999_001041,dropped,True,fifo_cached_frame,690,75,0,613,75,0,1,0.0,67.2362760087708,frame_fifo_full,,,,,,,,,,,,,,,,,,,,,,,,,,,,,,,,,,,,,,,,,,,,,,,,,,,,,,,,,,,,,,,,,,,,
rsg_object_detection,dropped_oldest,1042,rsg_20260806_71_854879999_001042,dropped,True,fifo_cached_frame,691,75,0,614,75,0,1,0.0,49.60736400971655,frame_fifo_full,,,,,,,,,,,,,,,,,,,,,,,,,,,,,,,,,,,,,,,,,,,,,,,,,,,,,,,,,,,,,,,,,,,,
rsg_object_detection,dropped_oldest,1043,rsg_20260806_71_904880000_001043,dropped,True,fifo_cached_frame,692,75,0,615,75,0,1,0.0,42.966313994838856,frame_fifo_full,,,,,,,,,,,,,,,,,,,,,,,,,,,,,,,,,,,,,,,,,,,,,,,,,,,,,,,,,,,,,,,,,,,,
rsg_object_detection,dropped_oldest,1044,rsg_20260806_71_954880000_001044,dropped,True,fifo_cached_frame,693,75,0,616,75,0,1,0.0,38.99434300547,frame_fifo_full,,,,,,,,,,,,,,,,,,,,,,,,,,,,,,,,,,,,,,,,,,,,,,,,,,,,,,,,,,,,,,,,,,,,
rsg_object_detection,frame_trace,1034,rsg_20260806_71_454880000_001034,sent_to_hydra,,,,,,,,,,,560.0008440087549,ok,14.979257000959478,533.1397209956776,10.806106001837179,0.1370859972666949,10.669020004570484,0.002943997969850898,1.1132630024803802,0.20332500571385026,325.96566500433255,23.18965899758041,0.006815986125729978,349.36546499375254,87.91474101599306,27.00467300019227,7.070256979204714,22.35338398895692,30.796581981121562,68.84089100640267,56.51692100218497,0.6126388907432556,44.097490259446204,4.86095406813547,3.338148002512753,8.36214299488347,3.016209986526519,0.9051380038727075,232.0,40.0,0.004064000677317381,0.014079982065595686,3.4397210110910237,0.5764730012742803,0.3429069765843451,1.507465000031516,0.29023500974290073,0.004511995939537883,162.93579300690908,5.044403005740605,0.1364780036965385,14.497281008516438,0.04703797458205372,10.680378996767104,9.96902999759186,0.10857501183636487,0.6027739873388782,3.551849993527867,0.7411080005113035,0.005920010153204203,1.0728160123107955,8,0,8,0,0,,,,,,,,,,,,,,
rsg_object_detection,dropped_oldest,1046,rsg_20260806_72_054879999_001046,dropped,True,fifo_cached_frame,695,76,0,617,76,0,1,0.0,48.54856399470009,frame_fifo_full,,,,,,,,,,,,,,,,,,,,,,,,,,,,,,,,,,,,,,,,,,,,,,,,,,,,,,,,,,,,,,,,,,,,
rsg_object_detection,dropped_oldest,1047,rsg_20260806_72_104879999_001047,dropped,True,fifo_cached_frame,696,76,0,618,76,0,1,0.0,50.46021500311326,frame_fifo_full,,,,,,,,,,,,,,,,,,,,,,,,,,,,,,,,,,,,,,,,,,,,,,,,,,,,,,,,,,,,,,,,,,,,
rsg_object_detection,dropped_oldest,1048,rsg_20260806_72_154880000_001048,dropped,True,fifo_cached_frame,697,76,0,619,76,0,1,0.0,53.91709000105038,frame_fifo_full,,,,,,,,,,,,,,,,,,,,,,,,,,,,,,,,,,,,,,,,,,,,,,,,,,,,,,,,,,,,,,,,,,,,
rsg_object_detection,dropped_oldest,1049,rsg_20260806_72_204880000_001049,dropped,True,fifo_cached_frame,698,76,0,620,76,0,1,0.0,45.5053140030941,frame_fifo_full,,,,,,,,,,,,,,,,,,,,,,,,,,,,,,,,,,,,,,,,,,,,,,,,,,,,,,,,,,,,,,,,,,,,
rsg_object_detection,dropped_oldest,1050,rsg_20260806_72_254880000_001050,dropped,True,fifo_cached_frame,699,76,0,621,76,0,1,0.0,52.86552199686412,frame_fifo_full,,,,,,,,,,,,,,,,,,,,,,,,,,,,,,,,,,,,,,,,,,,,,,,,,,,,,,,,,,,,,,,,,,,,
rsg_object_detection,dropped_oldest,1051,rsg_20260806_72_304879999_001051,dropped,True,fifo_cached_frame,700,76,0,622,76,0,1,0.0,49.79590499715414,frame_fifo_full,,,,,,,,,,,,,,,,,,,,,,,,,,,,,,,,,,,,,,,,,,,,,,,,,,,,,,,,,,,,,,,,,,,,
rsg_object_detection,dropped_oldest,1052,rsg_20260806_72_354879999_001052,dropped,True,fifo_cached_frame,701,76,0,623,76,0,1,0.0,73.79895899794064,frame_fifo_full,,,,,,,,,,,,,,,,,,,,,,,,,,,,,,,,,,,,,,,,,,,,,,,,,,,,,,,,,,,,,,,,,,,,
rsg_object_detection,frame_trace,1045,rsg_20260806_72_004879999_001045,sent_to_hydra,,,,,,,,,,,511.7820349987596,ok,9.64100299461279,483.04481399827637,18.394340004306287,0.2103970036841929,18.183943000622094,0.0023040047381073236,1.0843360068975016,1.169197988929227,311.69094100187067,26.601894001942128,0.007776005077175796,339.4698089978192,96.52811400883365,23.15721201011911,6.227584992302582,47.74278600234538,17.510642021079548,26.644614001270384,19.38171699293889,0.8614899998065084,9.614598980988376,3.7353730003815144,2.2181080566952005,3.1962710054358467,3.240238002035767,0.6799580005463213,228.0,40.0,0.0052480027079582214,0.012447999324649572,2.6035439950646833,0.439321986050345,0.28437800938263535,1.1212950048502535,0.25958000333048403,0.0039040023693814874,127.90148600470275,4.413212009239942,0.12758199591189623,10.012742000981234,0.03564698272384703,5.098352994536981,4.516025990596972,0.09260699152946472,0.48972001241054386,3.954210988013074,0.583799002924934,0.004640009137801826,0.699573996826075,8,0,6,0,0,,,,,,,,,,,,,,
rsg_object_detection,frame_trace,1053,rsg_20260806_72_404880000_001053,sent_to_hydra,,,,,,,,,,,518.6330669966992,ok,13.355378992855549,410.99654900608584,93.28377900237683,0.15977300063241273,93.12400600174442,0.0034239928936585784,1.2122379994252697,0.1714850077405572,286.8838049907936,20.668065000791103,0.008320013876073062,307.7316750132013,60.87707898404915,14.742813989869319,5.185263013117947,27.346905990270898,13.11903000168968,21.585747992503457,16.92725899920333,0.8876030333340168,8.449894841760397,3.1953681755112484,1.847140069003217,1.8830430053640157,1.806820000638254,0.9204340021824464,184.0,45.0,0.004959991201758385,0.01494398748036474,3.296364040579647,0.6974930001888424,0.34825097827706486,1.1834059987450019,0.1124780101235956,0.0037760037230327725,88.12357099668588,2.227613003924489,0.1544299884699285,11.493230995256454,0.053791009122505784,4.776791000040248,4.083810010342859,0.09206299728248268,0.6009179924149066,7.886373990913853,0.6857179978396744,0.006496004061773419,0.9939360024873167,6,0,6,0,0,,,,,,,,,,,,,,
rsg_object_detection,,289,rsg_20260806_28_154879999_000289,vlm_done,,,,,,,,,,,,ok,,,,,,,,,,,,,,,,,,,,,,,,,,,,,,,,,,,,,,,,,,,,,,,,,,,,,,,rsg_obj_000020,rsg_unknown_rsg_20260806_28_154879999_000289_005_nanosam_005,,,2,0.39000198460541247,plant,0.97,static,0.99,5429.000103002181,41674.822993009,qwen_http,Qwen3-VL-8B-Instruct-GGUF
rsg_object_detection,completed,289,rsg_20260806_28_154879999_000289,,,,,,,,,,,36245.820618001744,,vlm_done,,,,,,,,,,,,,,,,,,,,,,,,,,,,,,,,,,,,,,,,,,,,,,,,,,,,,,,rsg_obj_000020,rsg_unknown_rsg_20260806_28_154879999_000289_005_nanosam_005,22,300,2,0.39000198460541247,,,,,,,,
rsg_object_detection,dequeued,281,rsg_20260806_27_754880000_000281,,,,,,,,,,,41221.281923004426,,fifo_order,,,,,,,,,,,,,,,,,,,,,,,,,,,,,,,,,,,,,,,,,,,,,,,,,,,,,,,rsg_obj_000021,rsg_unknown_rsg_20260806_27_754880000_000281_006_nanosam_000,21,300,1,0.3560137371217371,,,,,,,,
rsg_object_detection,,281,rsg_20260806_27_754880000_000281,vlm_done,,,,,,,,,,,,ok,,,,,,,,,,,,,,,,,,,,,,,,,,,,,,,,,,,,,,,,,,,,,,,,,,,,,,,rsg_obj_000021,rsg_unknown_rsg_20260806_27_754880000_000281_006_nanosam_000,,,1,0.3560137371217371,ceiling_light,0.98,static,0.99,5617.204546986613,46838.48807000322,qwen_http,Qwen3-VL-8B-Instruct-GGUF
rsg_object_detection,completed,281,rsg_20260806_27_754880000_000281,,,,,,,,,,,41221.281923004426,,vlm_done,,,,,,,,,,,,,,,,,,,,,,,,,,,,,,,,,,,,,,,,,,,,,,,,,,,,,,,rsg_obj_000021,rsg_unknown_rsg_20260806_27_754880000_000281_006_nanosam_000,21,300,1,0.3560137371217371,,,,,,,,
rsg_object_detection,dequeued,320,rsg_20260806_29_704879999_000320,,,,,,,,,,,45107.66551800771,,fifo_order,,,,,,,,,,,,,,,,,,,,,,,,,,,,,,,,,,,,,,,,,,,,,,,,,,,,,,,rsg_obj_000026,rsg_unknown_rsg_20260806_29_704879999_000320_007_nanosam_003,20,300,1,0.3552298288731835,,,,,,,,
rsg_object_detection,frame_trace,1054,rsg_20260806_72_454880000_001054,sent_to_hydra,,,,,,,,,,,695.3016290062806,ok,13.127765996614471,680.0750789989252,0.888530004885979,0.1672930084168911,0.7212369964690879,0.005215988494455814,3.728902986040339,0.23522799892816693,415.0060349929845,22.599587988224812,0.0065280182752758265,437.84737899841275,155.30586798558943,42.423059974680655,14.401538981474005,68.10493700322695,29.69947998644784,49.416872003348544,37.97576799115632,0.7375939312623814,11.898922908585519,19.218861067201942,2.4760638480074704,4.781782001373358,5.6235619995277375,0.9820330014918,219.0,45.0,0.0036159908631816506,0.023936008801683784,6.671226001344621,3.1109929986996576,0.4951590090058744,1.6990139993140474,0.1807329972507432,0.007455993909388781,216.9217850023415,5.668199999490753,0.14841400843579322,15.710863008280285,0.0495349959237501,8.711610003956594,8.018245003768243,0.11046200233977288,0.5829029978485778,3.7487100053112954,0.6620700005441904,0.005375986802391708,1.2050380173604935,7,0,7,0,0,,,,,,,,,,,,,,
rsg_object_detection,frame_trace,1055,rsg_20260806_72_504880000_001055,sent_to_hydra,,,,,,,,,,,1293.9119130023755,ok,8.89384699985385,592.9589480074355,690.9847990027629,0.10015800944529474,690.8846409933176,0.003007997293025255,1.8274280009791255,0.22393299150280654,374.6180799935246,17.83460499427747,0.006624017260037363,392.6832419965649,132.00504299311433,32.376013972680084,5.223247018875554,80.23284800583497,13.557006983319297,46.24095300096087,40.28881998965517,0.6001187866786495,29.378678038483486,4.856348998146132,2.375574942561798,2.35151601373218,2.703766993363388,0.8548340119887143,221.0,46.0,0.004511995939537883,0.012766977306455374,3.1551839783787727,0.36495500535238534,0.28572301380336285,1.2255820038262755,0.09951800166163594,0.004415996954776347,183.39759699301794,2.484986005583778,0.1326060009887442,12.383968991343863,0.049120018957182765,4.538649998721667,3.8853159931022674,0.14015698980074376,0.5131770158186555,3.6751119914697483,0.6757660012226552,0.004319008439779282,1.0713109950302169,7,0,7,0,0,,,,,,,,,,,,,,
rsg_object_detection,dropped_oldest,1214,rsg_20260806_81_804879999_001214,dropped,True,fifo_cached_frame,706,80,0,624,80,0,1,0.0,92.94929100724403,frame_fifo_full,,,,,,,,,,,,,,,,,,,,,,,,,,,,,,,,,,,,,,,,,,,,,,,,,,,,,,,,,,,,,,,,,,,,
rsg_object_detection,dropped_oldest,1215,rsg_20260806_81_904880000_001215,dropped,True,fifo_cached_frame,707,80,0,625,80,0,1,0.0,49.89670500799548,frame_fifo_full,,,,,,,,,,,,,,,,,,,,,,,,,,,,,,,,,,,,,,,,,,,,,,,,,,,,,,,,,,,,,,,,,,,,
rsg_object_detection,dropped_oldest,1216,rsg_20260806_81_954880000_001216,dropped,True,fifo_cached_frame,708,80,0,626,80,0,1,0.0,50.79704300442245,frame_fifo_full,,,,,,,,,,,,,,,,,,,,,,,,,,,,,,,,,,,,,,,,,,,,,,,,,,,,,,,,,,,,,,,,,,,,
rsg_object_detection,dropped_oldest,1217,rsg_20260806_82_004879999_001217,dropped,True,fifo_cached_frame,709,80,0,627,80,0,1,0.0,50.152284995419905,frame_fifo_full,,,,,,,,,,,,,,,,,,,,,,,,,,,,,,,,,,,,,,,,,,,,,,,,,,,,,,,,,,,,,,,,,,,,
rsg_object_detection,dropped_oldest,1218,rsg_20260806_82_054879999_001218,dropped,True,fifo_cached_frame,710,80,0,628,80,0,1,0.0,49.854882003273815,frame_fifo_full,,,,,,,,,,,,,,,,,,,,,,,,,,,,,,,,,,,,,,,,,,,,,,,,,,,,,,,,,,,,,,,,,,,,
rsg_object_detection,dropped_oldest,1219,rsg_20260806_82_104879999_001219,dropped,True,fifo_cached_frame,711,80,0,629,80,0,1,0.0,65.18251901434269,frame_fifo_full,,,,,,,,,,,,,,,,,,,,,,,,,,,,,,,,,,,,,,,,,,,,,,,,,,,,,,,,,,,,,,,,,,,,
rsg_object_detection,dropped_oldest,1220,rsg_20260806_82_154880000_001220,dropped,True,fifo_cached_frame,712,80,0,630,80,0,1,0.0,40.493009000783786,frame_fifo_full,,,,,,,,,,,,,,,,,,,,,,,,,,,,,,,,,,,,,,,,,,,,,,,,,,,,,,,,,,,,,,,,,,,,
rsg_object_detection,dropped_oldest,1221,rsg_20260806_82_204880000_001221,dropped,True,fifo_cached_frame,713,80,0,631,80,0,1,0.0,40.43384200485889,frame_fifo_full,,,,,,,,,,,,,,,,,,,,,,,,,,,,,,,,,,,,,,,,,,,,,,,,,,,,,,,,,,,,,,,,,,,,
rsg_object_detection,frame_trace,1213,rsg_20260806_81_754880000_001213,sent_to_hydra,,,,,,,,,,,532.357192991185,ok,9.846408996963874,520.6214369973168,0.7150929886847734,0.09955099085345864,0.6155419978313148,0.003488006768748164,1.7843250097939745,0.22802800231147557,334.8826610017568,27.31538900115993,0.009215000318363309,362.43529300554655,65.23179799842183,19.515253021381795,11.380497977370396,17.1840550028719,16.396579012507573,55.31428499671165,47.221865999745205,2.0202609739499167,24.212375006754883,11.546785157406703,5.853984912391752,3.9550759975099936,2.96017799701076,1.139566011261195,340.0,101.0,0.0048000074457377195,0.016224017599597573,4.805654985830188,2.09269997139927,0.36252604331821203,1.3270509953144938,0.8947059977799654,0.0045439956011250615,130.05118501314428,10.560030001215637,0.13308599591255188,15.6018400011817,0.05567797052208334,5.4900920076761395,4.824629999347962,0.08502299897372723,0.5804390093544498,3.4985380043508485,0.8522429998265579,0.005535985110327601,1.1707660014508292,8,0,8,0,0,,,,,,,,,,,,,,
rsg_object_detection,dropped_oldest,1223,rsg_20260806_82_304879999_001223,dropped,True,fifo_cached_frame,715,81,0,632,81,0,1,0.0,51.50420099380426,frame_fifo_full,,,,,,,,,,,,,,,,,,,,,,,,,,,,,,,,,,,,,,,,,,,,,,,,,,,,,,,,,,,,,,,,,,,,
rsg_object_detection,dropped_oldest,1224,rsg_20260806_82_354879999_001224,dropped,True,fifo_cached_frame,716,81,0,633,81,0,1,0.0,49.86796999583021,frame_fifo_full,,,,,,,,,,,,,,,,,,,,,,,,,,,,,,,,,,,,,,,,,,,,,,,,,,,,,,,,,,,,,,,,,,,,
rsg_object_detection,dropped_oldest,1225,rsg_20260806_82_404880000_001225,dropped,True,fifo_cached_frame,717,81,0,634,81,0,1,0.0,101.93753799831029,frame_fifo_full,,,,,,,,,,,,,,,,,,,,,,,,,,,,,,,,,,,,,,,,,,,,,,,,,,,,,,,,,,,,,,,,,,,,
rsg_object_detection,dropped_oldest,1226,rsg_20260806_82_504880000_001226,dropped,True,fifo_cached_frame,718,81,0,635,81,0,1,0.0,52.1573099977104,frame_fifo_full,,,,,,,,,,,,,,,,,,,,,,,,,,,,,,,,,,,,,,,,,,,,,,,,,,,,,,,,,,,,,,,,,,,,
rsg_object_detection,dropped_oldest,1227,rsg_20260806_82_554879999_001227,dropped,True,fifo_cached_frame,719,81,0,636,81,0,1,0.0,107.05115400196519,frame_fifo_full,,,,,,,,,,,,,,,,,,,,,,,,,,,,,,,,,,,,,,,,,,,,,,,,,,,,,,,,,,,,,,,,,,,,
rsg_object_detection,dropped_oldest,1228,rsg_20260806_82_654880000_001228,dropped,True,fifo_cached_frame,720,81,0,637,81,0,1,0.0,85.97583099617623,frame_fifo_full,,,,,,,,,,,,,,,,,,,,,,,,,,,,,,,,,,,,,,,,,,,,,,,,,,,,,,,,,,,,,,,,,,,,
rsg_object_detection,dropped_oldest,1229,rsg_20260806_82_704880000_001229,dropped,True,fifo_cached_frame,721,81,0,638,81,0,1,0.0,16.50345799862407,frame_fifo_full,,,,,,,,,,,,,,,,,,,,,,,,,,,,,,,,,,,,,,,,,,,,,,,,,,,,,,,,,,,,,,,,,,,,
rsg_object_detection,dropped_oldest,1230,rsg_20260806_82_754880000_001230,dropped,True,fifo_cached_frame,722,81,0,639,81,0,1,0.0,40.246068994747475,frame_fifo_full,,,,,,,,,,,,,,,,,,,,,,,,,,,,,,,,,,,,,,,,,,,,,,,,,,,,,,,,,,,,,,,,,,,,
rsg_object_detection,dropped_oldest,1231,rsg_20260806_82_804879999_001231,dropped,True,fifo_cached_frame,723,81,0,640,81,0,1,0.0,112.40940800053068,frame_fifo_full,,,,,,,,,,,,,,,,,,,,,,,,,,,,,,,,,,,,,,,,,,,,,,,,,,,,,,,,,,,,,,,,,,,,
rsg_object_detection,dropped_oldest,1232,rsg_20260806_82_904880000_001232,dropped,True,fifo_cached_frame,724,81,0,641,81,0,1,0.0,52.21538900514133,frame_fifo_full,,,,,,,,,,,,,,,,,,,,,,,,,,,,,,,,,,,,,,,,,,,,,,,,,,,,,,,,,,,,,,,,,,,,
rsg_object_detection,frame_trace,1222,rsg_20260806_82_254880000_001222,sent_to_hydra,,,,,,,,,,,727.3178460018244,ok,13.226484996266663,668.6660109990044,44.115162003436126,0.15535700367763638,43.95980499975849,0.0019840081222355366,5.183439992833883,0.5122480069985613,371.42267600574996,29.084448993671685,0.0076799915404990315,401.0270529979607,138.9158809761284,45.97410997666884,5.6726810144027695,40.70244598551653,45.69705799804069,87.59215699683409,72.9901750019053,1.3574790209531784,33.94274986931123,21.78864697634708,4.978040786227211,8.087555004749447,4.8409820010419935,1.6279109986498952,406.0,109.0,0.005056004738435149,0.017183978343382478,3.422474968829192,4.33964298281353,0.37686208088416606,1.2902210000902414,0.18966100469697267,0.006079004378989339,236.1535219970392,7.613034991663881,0.1712299999780953,18.475332006346434,0.04239901318214834,8.369087998289615,7.764649009914137,0.09116700675804168,0.5132719816174358,4.103647996089421,0.748021004255861,0.005727997631765902,1.308203994994983,8,0,8,0,0,,,,,,,,,,,,,,
rsg_object_detection,dropped_oldest,1234,rsg_20260806_83_004879999_001234,dropped,True,fifo_cached_frame,726,82,0,642,82,0,1,0.0,50.519671000074595,frame_fifo_full,,,,,,,,,,,,,,,,,,,,,,,,,,,,,,,,,,,,,,,,,,,,,,,,,,,,,,,,,,,,,,,,,,,,
rsg_object_detection,dropped_oldest,1235,rsg_20260806_83_054879999_001235,dropped,True,fifo_cached_frame,727,82,0,643,82,0,1,0.0,91.97359401150607,frame_fifo_full,,,,,,,,,,,,,,,,,,,,,,,,,,,,,,,,,,,,,,,,,,,,,,,,,,,,,,,,,,,,,,,,,,,,
rsg_object_detection,dropped_oldest,1236,rsg_20260806_83_154880000_001236,dropped,True,fifo_cached_frame,728,82,0,644,82,0,1,0.0,47.8057610016549,frame_fifo_full,,,,,,,,,,,,,,,,,,,,,,,,,,,,,,,,,,,,,,,,,,,,,,,,,,,,,,,,,,,,,,,,,,,,
rsg_object_detection,dropped_oldest,1237,rsg_20260806_83_204880000_001237,dropped,True,fifo_cached_frame,729,82,0,645,82,0,1,0.0,103.72090199962258,frame_fifo_full,,,,,,,,,,,,,,,,,,,,,,,,,,,,,,,,,,,,,,,,,,,,,,,,,,,,,,,,,,,,,,,,,,,,
rsg_object_detection,dropped_oldest,1238,rsg_20260806_83_304879999_001238,dropped,True,fifo_cached_frame,730,82,0,646,82,0,1,0.0,101.2202999991132,frame_fifo_full,,,,,,,,,,,,,,,,,,,,,,,,,,,,,,,,,,,,,,,,,,,,,,,,,,,,,,,,,,,,,,,,,,,,
rsg_object_detection,dropped_oldest,1239,rsg_20260806_83_404880000_001239,dropped,True,fifo_cached_frame,731,82,0,647,82,0,1,0.0,52.08665599639062,frame_fifo_full,,,,,,,,,,,,,,,,,,,,,,,,,,,,,,,,,,,,,,,,,,,,,,,,,,,,,,,,,,,,,,,,,,,,
rsg_object_detection,dropped_oldest,1240,rsg_20260806_83_454880000_001240,dropped,True,fifo_cached_frame,732,82,0,648,82,0,1,0.0,55.98115599423181,frame_fifo_full,,,,,,,,,,,,,,,,,,,,,,,,,,,,,,,,,,,,,,,,,,,,,,,,,,,,,,,,,,,,,,,,,,,,
rsg_object_detection,frame_trace,1233,rsg_20260806_82_954880000_001233,sent_to_hydra,,,,,,,,,,,556.0079349961597,ok,9.513548997347243,520.9670990006998,24.389256999711506,0.14025300333742052,24.249003996374086,0.0014079996617510915,2.525080999475904,0.2012449986068532,359.01464300695807,11.303442006465048,0.005791982403025031,370.525121994433,60.608028987189755,33.8911900180392,5.075059016235173,12.613661994691938,8.561691007344052,58.16080200020224,50.34313000214752,0.9415561362402514,30.931049943319522,8.108577036182396,7.8024668619036674,3.141392007819377,1.649894009460695,2.9794750007567927,386.0,110.0,0.004703993909060955,0.011679978342726827,2.3219819995574653,1.2357239902485162,0.33177102159243077,1.337227993644774,0.2723159996094182,0.0057919969549402595,124.29383400012739,3.95619600021746,0.14319700130727142,19.487380995997228,0.03628800914157182,5.075121996924281,4.558650005492382,0.10009499965235591,0.41637699177954346,3.8517479988513514,0.5816869961563498,0.004992005415260792,1.1366219987394288,6,0,6,0,0,,,,,,,,,,,,,,
rsg_object_detection,dropped_oldest,1242,rsg_20260806_83_554879999_001242,dropped,True,fifo_cached_frame,734,83,0,649,83,0,1,0.0,50.73086800985038,frame_fifo_full,,,,,,,,,,,,,,,,,,,,,,,,,,,,,,,,,,,,,,,,,,,,,,,,,,,,,,,,,,,,,,,,,,,,
rsg_object_detection,dropped_oldest,1243,rsg_20260806_83_604879999_001243,dropped,True,fifo_cached_frame,735,83,0,650,83,0,1,0.0,59.46462199790403,frame_fifo_full,,,,,,,,,,,,,,,,,,,,,,,,,,,,,,,,,,,,,,,,,,,,,,,,,,,,,,,,,,,,,,,,,,,,
rsg_object_detection,dropped_oldest,1244,rsg_20260806_83_654880000_001244,dropped,True,fifo_cached_frame,736,83,0,651,83,0,1,0.0,42.237911009578966,frame_fifo_full,,,,,,,,,,,,,,,,,,,,,,,,,,,,,,,,,,,,,,,,,,,,,,,,,,,,,,,,,,,,,,,,,,,,
rsg_object_detection,dropped_oldest,1245,rsg_20260806_83_704880000_001245,dropped,True,fifo_cached_frame,737,83,0,652,83,0,1,0.0,52.14991899265442,frame_fifo_full,,,,,,,,,,,,,,,,,,,,,,,,,,,,,,,,,,,,,,,,,,,,,,,,,,,,,,,,,,,,,,,,,,,,
rsg_object_detection,dropped_oldest,1246,rsg_20260806_83_754880000_001246,dropped,True,fifo_cached_frame,738,83,0,653,83,0,1,0.0,47.96703900501598,frame_fifo_full,,,,,,,,,,,,,,,,,,,,,,,,,,,,,,,,,,,,,,,,,,,,,,,,,,,,,,,,,,,,,,,,,,,,
rsg_object_detection,dropped_oldest,1247,rsg_20260806_83_804879999_001247,dropped,True,fifo_cached_frame,739,83,0,654,83,0,1,0.0,50.66952499328181,frame_fifo_full,,,,,,,,,,,,,,,,,,,,,,,,,,,,,,,,,,,,,,,,,,,,,,,,,,,,,,,,,,,,,,,,,,,,
rsg_object_detection,dropped_oldest,1248,rsg_20260806_83_854879999_001248,dropped,True,fifo_cached_frame,740,83,0,655,83,0,1,0.0,49.33597800845746,frame_fifo_full,,,,,,,,,,,,,,,,,,,,,,,,,,,,,,,,,,,,,,,,,,,,,,,,,,,,,,,,,,,,,,,,,,,,
rsg_object_detection,dropped_oldest,1249,rsg_20260806_83_904880000_001249,dropped,True,fifo_cached_frame,741,83,0,656,83,0,1,0.0,47.41523899429012,frame_fifo_full,,,,,,,,,,,,,,,,,,,,,,,,,,,,,,,,,,,,,,,,,,,,,,,,,,,,,,,,,,,,,,,,,,,,
rsg_object_detection,dropped_oldest,1250,rsg_20260806_83_954880000_001250,dropped,True,fifo_cached_frame,742,83,0,657,83,0,1,0.0,51.57447200326715,frame_fifo_full,,,,,,,,,,,,,,,,,,,,,,,,,,,,,,,,,,,,,,,,,,,,,,,,,,,,,,,,,,,,,,,,,,,,
rsg_object_detection,frame_trace,1241,rsg_20260806_83_504880000_001241,sent_to_hydra,,,,,,,,,,,497.230152002885,ok,12.9428740037838,459.22411199717317,22.274185001151636,0.16998099454212934,22.104204006609507,0.003392007783986628,1.039536000462249,0.18175700097344816,292.4613950017374,27.961554005742073,0.006239992217160761,320.6109460006701,56.7315119842533,19.93707098881714,4.615735990228131,20.188393973512575,11.393136985134333,47.191179008223116,28.740838999510743,1.3277810212457553,13.199642053223215,6.6976610833080485,4.3630348081933334,10.301921007339843,5.153520993189886,2.936243006843142,448.0,110.0,0.004479996277950704,0.01996799255721271,8.784727979218587,2.2989089775364846,0.40322705172002316,1.2679479987127706,0.12082999455742538,0.004639994585886598,116.81990099896211,2.6600229903124273,0.1409899996360764,17.912556999363005,0.04015900776721537,8.561245005694218,7.97629400040023,0.09084600606001914,0.49410499923396856,3.7260230019455776,0.6504539924208075,0.005152003723196685,2.785588992992416,8,0,8,0,0,,,,,,,,,,,,,,
rsg_object_detection,dropped_oldest,1252,rsg_20260806_84_054879999_001252,dropped,True,fifo_cached_frame,744,84,0,658,84,0,1,0.0,39.82751599687617,frame_fifo_full,,,,,,,,,,,,,,,,,,,,,,,,,,,,,,,,,,,,,,,,,,,,,,,,,,,,,,,,,,,,,,,,,,,,
rsg_object_detection,dropped_oldest,1253,rsg_20260806_84_104879999_001253,dropped,True,fifo_cached_frame,745,84,0,659,84,0,1,0.0,50.04895800084341,frame_fifo_full,,,,,,,,,,,,,,,,,,,,,,,,,,,,,,,,,,,,,,,,,,,,,,,,,,,,,,,,,,,,,,,,,,,,
rsg_object_detection,dropped_oldest,1254,rsg_20260806_84_154880000_001254,dropped,True,fifo_cached_frame,746,84,0,660,84,0,1,0.0,52.846356004010886,frame_fifo_full,,,,,,,,,,,,,,,,,,,,,,,,,,,,,,,,,,,,,,,,,,,,,,,,,,,,,,,,,,,,,,,,,,,,
rsg_object_detection,dropped_oldest,1255,rsg_20260806_84_204880000_001255,dropped,True,fifo_cached_frame,747,84,0,661,84,0,1,0.0,48.74347599979956,frame_fifo_full,,,,,,,,,,,,,,,,,,,,,,,,,,,,,,,,,,,,,,,,,,,,,,,,,,,,,,,,,,,,,,,,,,,,
rsg_object_detection,dropped_oldest,1256,rsg_20260806_84_254880000_001256,dropped,True,fifo_cached_frame,748,84,0,662,84,0,1,0.0,102.2572450019652,frame_fifo_full,,,,,,,,,,,,,,,,,,,,,,,,,,,,,,,,,,,,,,,,,,,,,,,,,,,,,,,,,,,,,,,,,,,,
rsg_object_detection,dropped_oldest,1257,rsg_20260806_84_354879999_001257,dropped,True,fifo_cached_frame,749,84,0,663,84,0,1,0.0,54.69576800533105,frame_fifo_full,,,,,,,,,,,,,,,,,,,,,,,,,,,,,,,,,,,,,,,,,,,,,,,,,,,,,,,,,,,,,,,,,,,,
rsg_object_detection,dropped_oldest,1258,rsg_20260806_84_404880000_001258,dropped,True,fifo_cached_frame,750,84,0,664,84,0,1,0.0,56.16697699588258,frame_fifo_full,,,,,,,,,,,,,,,,,,,,,,,,,,,,,,,,,,,,,,,,,,,,,,,,,,,,,,,,,,,,,,,,,,,,
rsg_object_detection,frame_trace,1251,rsg_20260806_84_004879999_001251,sent_to_hydra,,,,,,,,,,,523.6924029886723,ok,8.638011990115047,492.9625389922876,20.76361699437257,0.1448299881303683,20.6187870062422,0.002496002707630396,1.0438559984322637,0.16710199997760355,297.1659299946623,23.617077007656917,0.006688002031296492,320.9567970043281,86.56414298457094,22.531428970978595,21.653267001966015,23.66584500123281,18.03757699963171,53.78992600890342,46.134778996929526,1.1201068991795182,22.140298198792152,6.64841802790761,10.376863065175712,3.195983008481562,2.977554002427496,1.4397540071513504,451.0,113.0,0.005088004400022328,0.01574298948980868,3.097937995335087,1.1552450159797445,2.5203119876096025,1.2674360041273758,0.12028600031044334,0.003968001692555845,148.53544598736335,4.336541998782195,0.15820498811081052,17.88458898954559,0.04710402572527528,4.431163994013332,3.837860989733599,0.08716700540389866,0.506135998875834,3.5315940040163696,0.6700380035908893,0.005215988494455814,1.3257390091894194,8,0,8,0,0,,,,,,,,,,,,,,
rsg_object_detection,dropped_oldest,1260,rsg_20260806_84_554879999_001260,dropped,True,fifo_cached_frame,752,85,0,665,85,0,1,0.0,98.61582999292295,frame_fifo_full,,,,,,,,,,,,,,,,,,,,,,,,,,,,,,,,,,,,,,,,,,,,,,,,,,,,,,,,,,,,,,,,,,,,
rsg_object_detection,dropped_oldest,1261,rsg_20260806_84_654880000_001261,dropped,True,fifo_cached_frame,753,85,0,666,85,0,1,0.0,52.80325299827382,frame_fifo_full,,,,,,,,,,,,,,,,,,,,,,,,,,,,,,,,,,,,,,,,,,,,,,,,,,,,,,,,,,,,,,,,,,,,
rsg_object_detection,dropped_oldest,1262,rsg_20260806_84_704880000_001262,dropped,True,fifo_cached_frame,754,85,0,667,85,0,1,0.0,51.22778899385594,frame_fifo_full,,,,,,,,,,,,,,,,,,,,,,,,,,,,,,,,,,,,,,,,,,,,,,,,,,,,,,,,,,,,,,,,,,,,
rsg_object_detection,dropped_oldest,1263,rsg_20260806_84_754880000_001263,dropped,True,fifo_cached_frame,755,85,0,668,85,0,1,0.0,58.861879995674826,frame_fifo_full,,,,,,,,,,,,,,,,,,,,,,,,,,,,,,,,,,,,,,,,,,,,,,,,,,,,,,,,,,,,,,,,,,,,
rsg_object_detection,dropped_oldest,1264,rsg_20260806_84_804879999_001264,dropped,True,fifo_cached_frame,756,85,0,669,85,0,1,0.0,41.889629006618634,frame_fifo_full,,,,,,,,,,,,,,,,,,,,,,,,,,,,,,,,,,,,,,,,,,,,,,,,,,,,,,,,,,,,,,,,,,,,
rsg_object_detection,dropped_oldest,1265,rsg_20260806_84_854879999_001265,dropped,True,fifo_cached_frame,757,85,0,670,85,0,1,0.0,105.19982400001027,frame_fifo_full,,,,,,,,,,,,,,,,,,,,,,,,,,,,,,,,,,,,,,,,,,,,,,,,,,,,,,,,,,,,,,,,,,,,
rsg_object_detection,dropped_oldest,1266,rsg_20260806_84_954880000_001266,dropped,True,fifo_cached_frame,758,85,0,671,85,0,1,0.0,63.38165100896731,frame_fifo_full,,,,,,,,,,,,,,,,,,,,,,,,,,,,,,,,,,,,,,,,,,,,,,,,,,,,,,,,,,,,,,,,,,,,
rsg_object_detection,dropped_oldest,1267,rsg_20260806_85_004879999_001267,dropped,True,fifo_cached_frame,759,85,0,672,85,0,1,0.0,27.662904001772404,frame_fifo_full,,,,,,,,,,,,,,,,,,,,,,,,,,,,,,,,,,,,,,,,,,,,,,,,,,,,,,,,,,,,,,,,,,,,
rsg_object_detection,frame_trace,1259,rsg_20260806_84_454880000_001259,sent_to_hydra,,,,,,,,,,,619.6087220014306,ok,8.731705995160155,538.4488810086623,71.04658801108599,0.1442540087737143,70.90233400231227,0.004639994585886598,0.9485939954174682,0.1714209938654676,302.3882830020739,26.89456300868187,0.00937600270844996,329.46364300732967,116.57772900070995,24.843042003340088,5.5360109836328775,64.80738798563834,20.59725199069362,54.657943997881375,45.961341995280236,1.159347069915384,21.122808844665997,10.09162918489892,5.716380823287182,4.155681002885103,2.9775229922961444,1.5118480077944696,497.0,115.0,0.004799003363586962,0.022815991542302072,4.30569400487002,3.9657940360484645,0.4761539603350684,1.3151159946573898,0.12297500506974757,0.0037760037230327725,181.44242899143137,6.782422991818748,0.14303800708148628,19.62392299901694,0.044831016566604376,4.468890998396091,3.898052003933117,0.08719800098333508,0.4836409934796393,3.596105001633987,0.6617180042667314,0.004991990863345563,1.3769069919362664,8,0,8,0,0,,,,,,,,,,,,,,
rsg_object_detection,dropped_oldest,1269,rsg_20260806_85_104879999_001269,dropped,True,fifo_cached_frame,761,86,0,673,86,0,1,0.0,47.80371299420949,frame_fifo_full,,,,,,,,,,,,,,,,,,,,,,,,,,,,,,,,,,,,,,,,,,,,,,,,,,,,,,,,,,,,,,,,,,,,
rsg_object_detection,dropped_oldest,1270,rsg_20260806_85_154880000_001270,dropped,True,fifo_cached_frame,762,86,0,674,86,0,1,0.0,99.14103700430132,frame_fifo_full,,,,,,,,,,,,,,,,,,,,,,,,,,,,,,,,,,,,,,,,,,,,,,,,,,,,,,,,,,,,,,,,,,,,
rsg_object_detection,dropped_oldest,1271,rsg_20260806_85_254880000_001271,dropped,True,fifo_cached_frame,763,86,0,675,86,0,1,0.0,53.118607989745215,frame_fifo_full,,,,,,,,,,,,,,,,,,,,,,,,,,,,,,,,,,,,,,,,,,,,,,,,,,,,,,,,,,,,,,,,,,,,
rsg_object_detection,dropped_oldest,1272,rsg_20260806_85_304879999_001272,dropped,True,fifo_cached_frame,764,86,0,676,86,0,1,0.0,47.24836199602578,frame_fifo_full,,,,,,,,,,,,,,,,,,,,,,,,,,,,,,,,,,,,,,,,,,,,,,,,,,,,,,,,,,,,,,,,,,,,
rsg_object_detection,dropped_oldest,1273,rsg_20260806_85_354879999_001273,dropped,True,fifo_cached_frame,765,86,0,677,86,0,1,0.0,116.12858399166726,frame_fifo_full,,,,,,,,,,,,,,,,,,,,,,,,,,,,,,,,,,,,,,,,,,,,,,,,,,,,,,,,,,,,,,,,,,,,
rsg_object_detection,dropped_oldest,1274,rsg_20260806_85_454880000_001274,dropped,True,fifo_cached_frame,766,86,0,678,86,0,1,0.0,49.160652997670695,frame_fifo_full,,,,,,,,,,,,,,,,,,,,,,,,,,,,,,,,,,,,,,,,,,,,,,,,,,,,,,,,,,,,,,,,,,,,
rsg_object_detection,dropped_oldest,1275,rsg_20260806_85_504880000_001275,dropped,True,fifo_cached_frame,767,86,0,679,86,0,1,0.0,75.45202500477899,frame_fifo_full,,,,,,,,,,,,,,,,,,,,,,,,,,,,,,,,,,,,,,,,,,,,,,,,,,,,,,,,,,,,,,,,,,,,
rsg_object_detection,dropped_oldest,1276,rsg_20260806_85_554879999_001276,dropped,True,fifo_cached_frame,768,86,0,680,86,0,1,0.0,16.79234999755863,frame_fifo_full,,,,,,,,,,,,,,,,,,,,,,,,,,,,,,,,,,,,,,,,,,,,,,,,,,,,,,,,,,,,,,,,,,,,
rsg_object_detection,frame_trace,1268,rsg_20260806_85_054879999_001268,sent_to_hydra,,,,,,,,,,,591.3663410028676,ok,10.695771998143755,529.5625549915712,49.95344100461807,0.162110009114258,49.79133099550381,0.0028479989850893617,5.489900009706616,0.20172499353066087,315.5148020014167,13.726413002586924,0.008575996616855264,329.4515159941511,104.59407299640588,22.953024003072642,10.089636009070091,54.19980798615143,16.756542012444697,59.76644199108705,48.2637069944758,1.358821929898113,23.58504589938093,13.05387812317349,5.905385041842237,7.263663996127434,1.6528389969607815,2.5409850059077144,433.0,118.0,0.004863992216996849,0.011424010153859854,2.8927540115546435,0.9451369987800717,0.4407640080899,1.1323029902996495,0.1284140016650781,0.004447996616363525,169.92244600260165,5.946884994045831,0.13148599828127772,18.574690009700134,0.045631983084604144,5.169777010451071,4.527867000433616,0.08822200470604002,0.5536880053114146,4.9556360027054325,0.5642789910780266,0.006079993909224868,1.1517250095494092,6,0,6,0,0,,,,,,,,,,,,,,
rsg_object_detection,dropped_oldest,1278,rsg_20260806_85_654880000_001278,dropped,True,fifo_cached_frame,770,87,0,681,87,0,1,0.0,43.392549006966874,frame_fifo_full,,,,,,,,,,,,,,,,,,,,,,,,,,,,,,,,,,,,,,,,,,,,,,,,,,,,,,,,,,,,,,,,,,,,
rsg_object_detection,dropped_oldest,1279,rsg_20260806_85_704880000_001279,dropped,True,fifo_cached_frame,771,87,0,682,87,0,1,0.0,101.36730699741747,frame_fifo_full,,,,,,,,,,,,,,,,,,,,,,,,,,,,,,,,,,,,,,,,,,,,,,,,,,,,,,,,,,,,,,,,,,,,
rsg_object_detection,dropped_oldest,1280,rsg_20260806_85_804879999_001280,dropped,True,fifo_cached_frame,772,87,0,683,87,0,1,0.0,49.69030800566543,frame_fifo_full,,,,,,,,,,,,,,,,,,,,,,,,,,,,,,,,,,,,,,,,,,,,,,,,,,,,,,,,,,,,,,,,,,,,
rsg_object_detection,dropped_oldest,1281,rsg_20260806_85_854879999_001281,dropped,True,fifo_cached_frame,773,87,0,684,87,0,1,0.0,50.06838298868388,frame_fifo_full,,,,,,,,,,,,,,,,,,,,,,,,,,,,,,,,,,,,,,,,,,,,,,,,,,,,,,,,,,,,,,,,,,,,
rsg_object_detection,dropped_oldest,1282,rsg_20260806_85_904880000_001282,dropped,True,fifo_cached_frame,774,87,0,685,87,0,1,0.0,102.65186399919912,frame_fifo_full,,,,,,,,,,,,,,,,,,,,,,,,,,,,,,,,,,,,,,,,,,,,,,,,,,,,,,,,,,,,,,,,,,,,
rsg_object_detection,dropped_oldest,1283,rsg_20260806_86_004879999_001283,dropped,True,fifo_cached_frame,775,87,0,686,87,0,1,0.0,97.96025601099245,frame_fifo_full,,,,,,,,,,,,,,,,,,,,,,,,,,,,,,,,,,,,,,,,,,,,,,,,,,,,,,,,,,,,,,,,,,,,
rsg_object_detection,frame_trace,1277,rsg_20260806_85_604879999_001277,sent_to_hydra,,,,,,,,,,,536.1267100088298,ok,8.978134006611072,478.37172499566805,47.6878120098263,0.153086002683267,47.534726007143036,0.002272005076520145,5.391533006331883,0.20700499590020627,318.89702199259773,16.563905999646522,0.007136011845432222,335.6750689999899,72.72070701583289,20.339078982942738,5.091058003017679,35.554974994738586,11.274035001406446,38.89895400789101,30.52119600761216,1.3114242028677836,13.636044110171497,8.010884863324463,4.647909023333341,5.5392100039171055,1.180845996714197,1.6167750000022352,421.0,120.0,0.0040000013541430235,0.009664014214649796,2.2033910208847374,2.8576840122696012,0.2864599518943578,1.2132609990658239,0.14476600335910916,0.004864006768912077,118.35251799493562,2.0343369978945702,0.13097400369588286,16.7452140012756,0.04207999154459685,4.857877007452771,4.233279003528878,0.09107099322136492,0.5335270107025281,3.63072901382111,0.4846319934586063,0.004895991878584027,1.0867669916478917,5,0,5,0,0,,,,,,,,,,,,,,
rsg_object_detection,,320,rsg_20260806_29_704879999_000320,vlm_done,,,,,,,,,,,,ok,,,,,,,,,,,,,,,,,,,,,,,,,,,,,,,,,,,,,,,,,,,,,,,,,,,,,,,rsg_obj_000026,rsg_unknown_rsg_20260806_29_704879999_000320_007_nanosam_003,,,1,0.3552298288731835,door,0.97,static,0.99,5554.819889992359,50662.48761600582,qwen_http,Qwen3-VL-8B-Instruct-GGUF
rsg_object_detection,completed,320,rsg_20260806_29_704879999_000320,,,,,,,,,,,45107.66551800771,,vlm_done,,,,,,,,,,,,,,,,,,,,,,,,,,,,,,,,,,,,,,,,,,,,,,,,,,,,,,,rsg_obj_000026,rsg_unknown_rsg_20260806_29_704879999_000320_007_nanosam_003,23,300,1,0.3552298288731835,,,,,,,,
rsg_object_detection,dequeued,419,rsg_20260806_35_254880000_000419,,,,,,,,,,,49390.09706200159,,fifo_order,,,,,,,,,,,,,,,,,,,,,,,,,,,,,,,,,,,,,,,,,,,,,,,,,,,,,,,rsg_obj_000027,rsg_unknown_rsg_20260806_35_254880000_000419_002_nanosam_002,22,300,9,0.4743668023786466,,,,,,,,
rsg_object_detection,dropped_oldest,1285,rsg_20260806_86_154880000_001285,dropped,True,fifo_cached_frame,777,88,0,687,88,0,1,0.0,50.49016900011338,frame_fifo_full,,,,,,,,,,,,,,,,,,,,,,,,,,,,,,,,,,,,,,,,,,,,,,,,,,,,,,,,,,,,,,,,,,,,
rsg_object_detection,dropped_oldest,1286,rsg_20260806_86_204880000_001286,dropped,True,fifo_cached_frame,778,88,0,688,88,0,1,0.0,40.36597200320102,frame_fifo_full,,,,,,,,,,,,,,,,,,,,,,,,,,,,,,,,,,,,,,,,,,,,,,,,,,,,,,,,,,,,,,,,,,,,
rsg_object_detection,dropped_oldest,1287,rsg_20260806_86_254880000_001287,dropped,True,fifo_cached_frame,779,88,0,689,88,0,1,0.0,48.697011996409856,frame_fifo_full,,,,,,,,,,,,,,,,,,,,,,,,,,,,,,,,,,,,,,,,,,,,,,,,,,,,,,,,,,,,,,,,,,,,
rsg_object_detection,dropped_oldest,1288,rsg_20260806_86_304879999_001288,dropped,True,fifo_cached_frame,780,88,0,690,88,0,1,0.0,53.07304099551402,frame_fifo_full,,,,,,,,,,,,,,,,,,,,,,,,,,,,,,,,,,,,,,,,,,,,,,,,,,,,,,,,,,,,,,,,,,,,
rsg_object_detection,dropped_oldest,1289,rsg_20260806_86_354879999_001289,dropped,True,fifo_cached_frame,781,88,0,691,88,0,1,0.0,49.16583700105548,frame_fifo_full,,,,,,,,,,,,,,,,,,,,,,,,,,,,,,,,,,,,,,,,,,,,,,,,,,,,,,,,,,,,,,,,,,,,
rsg_object_detection,dropped_oldest,1290,rsg_20260806_86_404880000_001290,dropped,True,fifo_cached_frame,782,88,0,692,88,0,1,0.0,63.495825001155026,frame_fifo_full,,,,,,,,,,,,,,,,,,,,,,,,,,,,,,,,,,,,,,,,,,,,,,,,,,,,,,,,,,,,,,,,,,,,
rsg_object_detection,dropped_oldest,1291,rsg_20260806_86_454880000_001291,dropped,True,fifo_cached_frame,783,88,0,693,88,0,1,0.0,40.61287999502383,frame_fifo_full,,,,,,,,,,,,,,,,,,,,,,,,,,,,,,,,,,,,,,,,,,,,,,,,,,,,,,,,,,,,,,,,,,,,
rsg_object_detection,dropped_oldest,1292,rsg_20260806_86_504880000_001292,dropped,True,fifo_cached_frame,784,88,0,694,88,0,1,0.0,65.29854900145438,frame_fifo_full,,,,,,,,,,,,,,,,,,,,,,,,,,,,,,,,,,,,,,,,,,,,,,,,,,,,,,,,,,,,,,,,,,,,
rsg_object_detection,frame_trace,1284,rsg_20260806_86_104879999_001284,sent_to_hydra,,,,,,,,,,,479.37519899278414,ok,9.493261997704394,414.43091598921455,54.162688000360504,0.2569880016380921,53.90569999872241,0.004351997631601989,6.078403006540611,4.061921004904434,244.78456100041512,14.411331008886918,0.008927978342399001,263.2667409925489,83.05459601979237,14.865435994579457,5.015636023017578,29.24175900989212,33.43011099786963,35.618334004539065,29.683000000659376,1.1997900146525353,12.424616070347838,9.409359845449217,3.926364704966545,3.493803000310436,1.1823179956991225,1.213484996696934,424.0,121.0,0.0042239989852532744,0.010207993909716606,2.1308469877112657,0.7947080011945218,0.25669999013189226,0.9310570021625608,0.12879799760412425,0.004128000000491738,122.9347839980619,1.9054110016440973,0.12111800606362522,20.084587988094427,0.039870996261015534,5.363885007682256,4.823797993594781,0.08713400166016072,0.4529530124273151,3.613512992160395,0.5109360063215718,0.004927991540171206,1.2839810078730807,5,0,5,0,0,,,,,,,,,,,,,,
rsg_object_detection,dropped_oldest,1294,rsg_20260806_86_604879999_001294,dropped,True,fifo_cached_frame,786,89,0,695,89,0,1,0.0,56.765976987662725,frame_fifo_full,,,,,,,,,,,,,,,,,,,,,,,,,,,,,,,,,,,,,,,,,,,,,,,,,,,,,,,,,,,,,,,,,,,,
rsg_object_detection,dropped_oldest,1295,rsg_20260806_86_654880000_001295,dropped,True,fifo_cached_frame,787,89,0,696,89,0,1,0.0,50.12601400085259,frame_fifo_full,,,,,,,,,,,,,,,,,,,,,,,,,,,,,,,,,,,,,,,,,,,,,,,,,,,,,,,,,,,,,,,,,,,,
rsg_object_detection,dropped_oldest,1296,rsg_20260806_86_704880000_001296,dropped,True,fifo_cached_frame,788,89,0,697,89,0,1,0.0,39.735005993861705,frame_fifo_full,,,,,,,,,,,,,,,,,,,,,,,,,,,,,,,,,,,,,,,,,,,,,,,,,,,,,,,,,,,,,,,,,,,,
rsg_object_detection,dropped_oldest,1297,rsg_20260806_86_754880000_001297,dropped,True,fifo_cached_frame,789,89,0,698,89,0,1,0.0,53.285230009350926,frame_fifo_full,,,,,,,,,,,,,,,,,,,,,,,,,,,,,,,,,,,,,,,,,,,,,,,,,,,,,,,,,,,,,,,,,,,,
rsg_object_detection,dropped_oldest,1298,rsg_20260806_86_804879999_001298,dropped,True,fifo_cached_frame,790,89,0,699,89,0,1,0.0,51.05505599931348,frame_fifo_full,,,,,,,,,,,,,,,,,,,,,,,,,,,,,,,,,,,,,,,,,,,,,,,,,,,,,,,,,,,,,,,,,,,,
rsg_object_detection,dropped_oldest,1299,rsg_20260806_86_854879999_001299,dropped,True,fifo_cached_frame,791,89,0,700,89,0,1,0.0,49.91206599515863,frame_fifo_full,,,,,,,,,,,,,,,,,,,,,,,,,,,,,,,,,,,,,,,,,,,,,,,,,,,,,,,,,,,,,,,,,,,,
rsg_object_detection,dropped_oldest,1300,rsg_20260806_86_904880000_001300,dropped,True,fifo_cached_frame,792,89,0,701,89,0,1,0.0,75.80690000031609,frame_fifo_full,,,,,,,,,,,,,,,,,,,,,,,,,,,,,,,,,,,,,,,,,,,,,,,,,,,,,,,,,,,,,,,,,,,,
rsg_object_detection,dropped_oldest,1301,rsg_20260806_86_954880000_001301,dropped,True,fifo_cached_frame,793,89,0,702,89,0,1,0.0,29.933939993497916,frame_fifo_full,,,,,,,,,,,,,,,,,,,,,,,,,,,,,,,,,,,,,,,,,,,,,,,,,,,,,,,,,,,,,,,,,,,,
rsg_object_detection,frame_trace,1293,rsg_20260806_86_554879999_001293,sent_to_hydra,,,,,,,,,,,470.4195610102033,ok,10.143076011445373,435.9178510057973,23.39666501211468,0.15474901010748,23.2419160020072,0.0018559949239715934,2.5938489998225123,0.18255700706504285,301.84253299375996,15.153526997892186,0.007520007784478366,317.18613700650167,47.821218002354726,12.334498984273523,4.1176969825755805,18.362951013841666,12.57750199874863,42.47115600446705,37.09402300592046,0.8174210524884984,25.325397771666758,5.44841168448329,2.945036845630966,2.697301999432966,1.248428990948014,1.3844909990439191,317.0,122.0,0.005759997293353081,0.012224001693539321,6.506812002044171,1.0481450008228421,0.3061059833271429,1.3231800112407655,0.14796500909142196,0.005088004400022328,99.6476860018447,2.029953000601381,0.13766199117526412,14.279108989285305,0.04345501656644046,4.5524110028054565,3.9112359954742715,0.10041501082014292,0.5407599965110421,4.830773003050126,0.7539410144090652,0.005950991180725396,0.9601129859220237,5,0,5,0,0,,,,,,,,,,,,,,
rsg_object_detection,dropped_oldest,1303,rsg_20260806_87_054879999_001303,dropped,True,fifo_cached_frame,795,90,0,703,90,0,1,0.0,45.56950900587253,frame_fifo_full,,,,,,,,,,,,,,,,,,,,,,,,,,,,,,,,,,,,,,,,,,,,,,,,,,,,,,,,,,,,,,,,,,,,
rsg_object_detection,dropped_oldest,1304,rsg_20260806_87_104879999_001304,dropped,True,fifo_cached_frame,796,90,0,704,90,0,1,0.0,51.35111600975506,frame_fifo_full,,,,,,,,,,,,,,,,,,,,,,,,,,,,,,,,,,,,,,,,,,,,,,,,,,,,,,,,,,,,,,,,,,,,
rsg_object_detection,dropped_oldest,1305,rsg_20260806_87_154880000_001305,dropped,True,fifo_cached_frame,797,90,0,705,90,0,1,0.0,48.49992699746508,frame_fifo_full,,,,,,,,,,,,,,,,,,,,,,,,,,,,,,,,,,,,,,,,,,,,,,,,,,,,,,,,,,,,,,,,,,,,
rsg_object_detection,dropped_oldest,1306,rsg_20260806_87_204880000_001306,dropped,True,fifo_cached_frame,798,90,0,706,90,0,1,0.0,52.69845499424264,frame_fifo_full,,,,,,,,,,,,,,,,,,,,,,,,,,,,,,,,,,,,,,,,,,,,,,,,,,,,,,,,,,,,,,,,,,,,
rsg_object_detection,dropped_oldest,1307,rsg_20260806_87_254880000_001307,dropped,True,fifo_cached_frame,799,90,0,707,90,0,1,0.0,50.28847600624431,frame_fifo_full,,,,,,,,,,,,,,,,,,,,,,,,,,,,,,,,,,,,,,,,,,,,,,,,,,,,,,,,,,,,,,,,,,,,
rsg_object_detection,dropped_oldest,1308,rsg_20260806_87_304879999_001308,dropped,True,fifo_cached_frame,800,90,0,708,90,0,1,0.0,99.6741179988021,frame_fifo_full,,,,,,,,,,,,,,,,,,,,,,,,,,,,,,,,,,,,,,,,,,,,,,,,,,,,,,,,,,,,,,,,,,,,
rsg_object_detection,dropped_oldest,1309,rsg_20260806_87_404880000_001309,dropped,True,fifo_cached_frame,801,90,0,709,90,0,1,0.0,48.974320001434535,frame_fifo_full,,,,,,,,,,,,,,,,,,,,,,,,,,,,,,,,,,,,,,,,,,,,,,,,,,,,,,,,,,,,,,,,,,,,
rsg_object_detection,dropped_oldest,1310,rsg_20260806_87_454880000_001310,dropped,True,fifo_cached_frame,802,90,0,710,90,0,1,0.0,98.09542199946009,frame_fifo_full,,,,,,,,,,,,,,,,,,,,,,,,,,,,,,,,,,,,,,,,,,,,,,,,,,,,,,,,,,,,,,,,,,,,
rsg_object_detection,dropped_oldest,1311,rsg_20260806_87_504880000_001311,dropped,True,fifo_cached_frame,803,90,0,711,90,0,1,0.0,11.722635987098329,frame_fifo_full,,,,,,,,,,,,,,,,,,,,,,,,,,,,,,,,,,,,,,,,,,,,,,,,,,,,,,,,,,,,,,,,,,,,
rsg_object_detection,dropped_oldest,1312,rsg_20260806_87_554879999_001312,dropped,True,fifo_cached_frame,804,90,0,712,90,0,1,0.0,40.026458009378985,frame_fifo_full,,,,,,,,,,,,,,,,,,,,,,,,,,,,,,,,,,,,,,,,,,,,,,,,,,,,,,,,,,,,,,,,,,,,
rsg_object_detection,frame_trace,1302,rsg_20260806_87_004879999_001302,sent_to_hydra,,,,,,,,,,,602.752890001284,ok,13.300948005053215,544.5730149949668,43.51667599985376,0.14786999963689595,43.368806000216864,0.0023039901861920953,4.675095988204703,0.21122900943737477,331.5249900042545,26.842948005651124,0.00851097865961492,358.5876779980026,101.52276200824417,40.138040989404544,7.437484979163855,30.90810299909208,22.49459599261172,50.489176996052265,45.571908995043486,1.0963658278342336,17.94741208141204,13.89380196633283,3.6612150142900646,2.0869119907729328,1.5903750027064234,1.201166000100784,375.0,123.0,0.005055990186519921,0.01142297696787864,2.4943299940787256,0.7439550245180726,0.27292498270981014,1.1294220021227375,0.7974920008564368,0.004159999662078917,157.47076699335594,5.276686992147006,0.13631799083668739,18.379621993517503,0.04684703890234232,8.278880995931104,7.594634997076355,0.10982299863826483,0.5744230002164841,4.083202002220787,0.9316020004916936,0.007263006409630179,1.3599470112239942,6,0,6,0,0,,,,,,,,,,,,,,
rsg_object_detection,dropped_oldest,1314,rsg_20260806_87_654880000_001314,dropped,True,fifo_cached_frame,806,91,0,713,91,0,1,0.0,36.211699989507906,frame_fifo_full,,,,,,,,,,,,,,,,,,,,,,,,,,,,,,,,,,,,,,,,,,,,,,,,,,,,,,,,,,,,,,,,,,,,
rsg_object_detection,dropped_oldest,1315,rsg_20260806_87_704880000_001315,dropped,True,fifo_cached_frame,807,91,0,714,91,0,1,0.0,50.334843996097334,frame_fifo_full,,,,,,,,,,,,,,,,,,,,,,,,,,,,,,,,,,,,,,,,,,,,,,,,,,,,,,,,,,,,,,,,,,,,
rsg_object_detection,dropped_oldest,1316,rsg_20260806_87_754880000_001316,dropped,True,fifo_cached_frame,808,91,0,715,91,0,1,0.0,165.4066769988276,frame_fifo_full,,,,,,,,,,,,,,,,,,,,,,,,,,,,,,,,,,,,,,,,,,,,,,,,,,,,,,,,,,,,,,,,,,,,
rsg_object_detection,dropped_oldest,1317,rsg_20260806_87_904880000_001317,dropped,True,fifo_cached_frame,809,91,0,716,91,0,1,0.0,35.23808300087694,frame_fifo_full,,,,,,,,,,,,,,,,,,,,,,,,,,,,,,,,,,,,,,,,,,,,,,,,,,,,,,,,,,,,,,,,,,,,
rsg_object_detection,dropped_oldest,1318,rsg_20260806_87_954880000_001318,dropped,True,fifo_cached_frame,810,91,0,717,91,0,1,0.0,51.39674700330943,frame_fifo_full,,,,,,,,,,,,,,,,,,,,,,,,,,,,,,,,,,,,,,,,,,,,,,,,,,,,,,,,,,,,,,,,,,,,
rsg_object_detection,dropped_oldest,1319,rsg_20260806_88_004879999_001319,dropped,True,fifo_cached_frame,811,91,0,718,91,0,1,0.0,57.11413099197671,frame_fifo_full,,,,,,,,,,,,,,,,,,,,,,,,,,,,,,,,,,,,,,,,,,,,,,,,,,,,,,,,,,,,,,,,,,,,
rsg_object_detection,dropped_oldest,1320,rsg_20260806_88_054879999_001320,dropped,True,fifo_cached_frame,812,91,0,719,91,0,1,0.0,61.70980499882717,frame_fifo_full,,,,,,,,,,,,,,,,,,,,,,,,,,,,,,,,,,,,,,,,,,,,,,,,,,,,,,,,,,,,,,,,,,,,
rsg_object_detection,dropped_oldest,1321,rsg_20260806_88_104879999_001321,dropped,True,fifo_cached_frame,813,91,0,720,91,0,1,0.0,49.8222759924829,frame_fifo_full,,,,,,,,,,,,,,,,,,,,,,,,,,,,,,,,,,,,,,,,,,,,,,,,,,,,,,,,,,,,,,,,,,,,
rsg_object_detection,dropped_oldest,1322,rsg_20260806_88_154880000_001322,dropped,True,fifo_cached_frame,814,91,0,721,91,0,1,0.0,37.44099299365189,frame_fifo_full,,,,,,,,,,,,,,,,,,,,,,,,,,,,,,,,,,,,,,,,,,,,,,,,,,,,,,,,,,,,,,,,,,,,
rsg_object_detection,frame_trace,1313,rsg_20260806_87_604879999_001313,sent_to_hydra,,,,,,,,,,,616.2149239971768,ok,13.565871005994268,579.4377929996699,22.093804989708588,0.13142199895810336,21.962382990750484,0.0021120067685842514,1.964609997230582,0.21897201077081263,383.41417799529154,14.788509011850692,0.005919981049373746,398.4275789989624,105.97907702322118,14.566366997314617,5.326543003320694,40.10287200799212,45.508871000492945,47.648580992245115,37.30313999403734,0.8525909506715834,18.653725026524626,6.7835209192708135,2.838998945662752,6.9381659995997325,2.2333099914249033,1.1363660014467314,279.0,70.0,0.004576009814627469,0.011520023690536618,2.8634449699893594,1.05275098758284,0.2698200260056183,1.208268993650563,0.12559800234157592,0.003487992216832936,159.1690130007919,2.657527002156712,0.12575800064951181,17.050394002581015,0.042911997297778726,9.228946000803262,8.620826993137598,0.10076600301545113,0.5073530046502128,3.68627900024876,0.6455580005422235,0.005088004400022328,1.115342995035462,6,0,6,0,0,,,,,,,,,,,,,,
rsg_object_detection,dropped_oldest,1324,rsg_20260806_88_254880000_001324,dropped,True,fifo_cached_frame,816,92,0,722,92,0,1,0.0,26.82826000091154,frame_fifo_full,,,,,,,,,,,,,,,,,,,,,,,,,,,,,,,,,,,,,,,,,,,,,,,,,,,,,,,,,,,,,,,,,,,,
rsg_object_detection,dropped_oldest,1325,rsg_20260806_88_304879999_001325,dropped,True,fifo_cached_frame,817,92,0,723,92,0,1,0.0,60.40320098691154,frame_fifo_full,,,,,,,,,,,,,,,,,,,,,,,,,,,,,,,,,,,,,,,,,,,,,,,,,,,,,,,,,,,,,,,,,,,,
rsg_object_detection,dropped_oldest,1326,rsg_20260806_88_354879999_001326,dropped,True,fifo_cached_frame,818,92,0,724,92,0,1,0.0,40.45521900116,frame_fifo_full,,,,,,,,,,,,,,,,,,,,,,,,,,,,,,,,,,,,,,,,,,,,,,,,,,,,,,,,,,,,,,,,,,,,
rsg_object_detection,dropped_oldest,1327,rsg_20260806_88_404880000_001327,dropped,True,fifo_cached_frame,819,92,0,725,92,0,1,0.0,51.43786700500641,frame_fifo_full,,,,,,,,,,,,,,,,,,,,,,,,,,,,,,,,,,,,,,,,,,,,,,,,,,,,,,,,,,,,,,,,,,,,
rsg_object_detection,dropped_oldest,1328,rsg_20260806_88_454880000_001328,dropped,True,fifo_cached_frame,820,92,0,726,92,0,1,0.0,48.56648600252811,frame_fifo_full,,,,,,,,,,,,,,,,,,,,,,,,,,,,,,,,,,,,,,,,,,,,,,,,,,,,,,,,,,,,,,,,,,,,
rsg_object_detection,dropped_oldest,1329,rsg_20260806_88_504880000_001329,dropped,True,fifo_cached_frame,821,92,0,727,92,0,1,0.0,52.3444119899068,frame_fifo_full,,,,,,,,,,,,,,,,,,,,,,,,,,,,,,,,,,,,,,,,,,,,,,,,,,,,,,,,,,,,,,,,,,,,
rsg_object_detection,dropped_oldest,1330,rsg_20260806_88_554879999_001330,dropped,True,fifo_cached_frame,822,92,0,728,92,0,1,0.0,62.7480929979356,frame_fifo_full,,,,,,,,,,,,,,,,,,,,,,,,,,,,,,,,,,,,,,,,,,,,,,,,,,,,,,,,,,,,,,,,,,,,
rsg_object_detection,dropped_oldest,1331,rsg_20260806_88_604879999_001331,dropped,True,fifo_cached_frame,823,92,0,729,92,0,1,0.0,84.77508299984038,frame_fifo_full,,,,,,,,,,,,,,,,,,,,,,,,,,,,,,,,,,,,,,,,,,,,,,,,,,,,,,,,,,,,,,,,,,,,
rsg_object_detection,dropped_oldest,1332,rsg_20260806_88_704880000_001332,dropped,True,fifo_cached_frame,824,92,0,730,92,0,1,0.0,57.59373999899253,frame_fifo_full,,,,,,,,,,,,,,,,,,,,,,,,,,,,,,,,,,,,,,,,,,,,,,,,,,,,,,,,,,,,,,,,,,,,
rsg_object_detection,dropped_oldest,1333,rsg_20260806_88_754880000_001333,dropped,True,fifo_cached_frame,825,92,0,731,93,0,1,0.0,54.489563990500756,frame_fifo_full,,,,,,,,,,,,,,,,,,,,,,,,,,,,,,,,,,,,,,,,,,,,,,,,,,,,,,,,,,,,,,,,,,,,
rsg_object_detection,frame_trace,1323,rsg_20260806_88_204880000_001323,sent_to_hydra,,,,,,,,,,,592.2297259967308,ok,11.528878996614367,559.2636399960611,19.877326994901523,0.1743970060488209,19.702929988852702,0.004960005753673613,1.126734001445584,0.24396499793510884,353.95677499764133,12.169573004939593,0.03155200101900846,366.40186500153504,116.39203799131792,12.710556999081746,19.74267401965335,71.44872800563462,12.04570299887564,52.25244599569123,42.41816498688422,1.438286853954196,19.301426815218292,14.056269108550623,3.7984009832143784,6.845718991826288,1.6913979925448075,1.2547330115921795,381.0,126.0,0.004607994924299419,0.011199997970834374,2.4979139998322353,0.4720230062957853,0.253373000305146,1.0440800106152892,0.121438002679497,0.0036159908631816506,173.0528000043705,2.2009579988662153,0.15628601249773055,16.286726007820107,0.038270969525910914,6.804792006732896,5.922405005549081,0.09724599658511579,0.7851410045986995,4.127681007958017,0.5905180005356669,0.005887981387786567,1.5549200034001842,6,0,6,0,0,,,,,,,,,,,,,,
rsg_object_detection,dropped_oldest,1335,rsg_20260806_88_854879999_001335,dropped,True,fifo_cached_frame,827,93,0,732,93,0,1,0.0,50.53464899538085,frame_fifo_full,,,,,,,,,,,,,,,,,,,,,,,,,,,,,,,,,,,,,,,,,,,,,,,,,,,,,,,,,,,,,,,,,,,,
rsg_object_detection,dropped_oldest,1336,rsg_20260806_88_904880000_001336,dropped,True,fifo_cached_frame,828,93,0,733,93,0,1,0.0,91.89308600616641,frame_fifo_full,,,,,,,,,,,,,,,,,,,,,,,,,,,,,,,,,,,,,,,,,,,,,,,,,,,,,,,,,,,,,,,,,,,,
rsg_object_detection,dropped_oldest,1337,rsg_20260806_89_004879999_001337,dropped,True,fifo_cached_frame,829,93,0,734,93,0,1,0.0,98.32341900619213,frame_fifo_full,,,,,,,,,,,,,,,,,,,,,,,,,,,,,,,,,,,,,,,,,,,,,,,,,,,,,,,,,,,,,,,,,,,,
rsg_object_detection,dropped_oldest,1338,rsg_20260806_89_104879999_001338,dropped,True,fifo_cached_frame,830,93,0,735,93,0,1,0.0,108.81138600234408,frame_fifo_full,,,,,,,,,,,,,,,,,,,,,,,,,,,,,,,,,,,,,,,,,,,,,,,,,,,,,,,,,,,,,,,,,,,,
rsg_object_detection,dropped_oldest,1339,rsg_20260806_89_204880000_001339,dropped,True,fifo_cached_frame,831,93,0,736,93,0,1,0.0,50.01980799715966,frame_fifo_full,,,,,,,,,,,,,,,,,,,,,,,,,,,,,,,,,,,,,,,,,,,,,,,,,,,,,,,,,,,,,,,,,,,,
rsg_object_detection,dropped_oldest,1340,rsg_20260806_89_254880000_001340,dropped,True,fifo_cached_frame,832,93,0,737,93,0,1,0.0,40.66241599502973,frame_fifo_full,,,,,,,,,,,,,,,,,,,,,,,,,,,,,,,,,,,,,,,,,,,,,,,,,,,,,,,,,,,,,,,,,,,,
rsg_object_detection,frame_trace,1334,rsg_20260806_88_804879999_001334,sent_to_hydra,,,,,,,,,,,490.4652409895789,ok,15.14514398877509,471.47695599414874,2.5720249977894127,0.16994999896269292,2.40207499882672,0.004383997293189168,1.6719100094633177,0.21369299793150276,302.6086350000696,13.284596003359184,0.007391994586214423,316.1143159959465,89.13184799894225,14.985401008743793,4.829621990211308,48.16073198162485,20.609284023521468,41.21488799864892,32.58554800413549,1.579329968080856,17.88528199540451,5.629264123854227,3.9395959611283615,2.06899200566113,5.440300999907777,1.0728799970820546,318.0,127.0,0.005695997970178723,0.010143994586542249,2.168223014450632,1.1557589896256104,0.25231500330846757,1.0007519886130467,0.4279300046619028,0.0036480050766840577,135.37350700062234,3.7133829900994897,0.13746999320574105,14.403427005163394,0.06294299964793026,7.272752991411835,6.491772990557365,0.10915000166278332,0.6718299991916865,7.334862995776348,0.5332720029400662,0.004255998646840453,1.2667320115724578,5,0,5,0,0,,,,,,,,,,,,,,
rsg_object_detection,dropped_oldest,1342,rsg_20260806_89_404880000_001342,dropped,True,fifo_cached_frame,834,94,0,738,94,0,1,0.0,50.36274700250942,frame_fifo_full,,,,,,,,,,,,,,,,,,,,,,,,,,,,,,,,,,,,,,,,,,,,,,,,,,,,,,,,,,,,,,,,,,,,
rsg_object_detection,dropped_oldest,1343,rsg_20260806_89_454880000_001343,dropped,True,fifo_cached_frame,835,94,0,739,94,0,1,0.0,58.78517800010741,frame_fifo_full,,,,,,,,,,,,,,,,,,,,,,,,,,,,,,,,,,,,,,,,,,,,,,,,,,,,,,,,,,,,,,,,,,,,
rsg_object_detection,dropped_oldest,1344,rsg_20260806_89_504880000_001344,dropped,True,fifo_cached_frame,836,94,0,740,94,0,1,0.0,41.497635989799164,frame_fifo_full,,,,,,,,,,,,,,,,,,,,,,,,,,,,,,,,,,,,,,,,,,,,,,,,,,,,,,,,,,,,,,,,,,,,
rsg_object_detection,dropped_oldest,1345,rsg_20260806_89_554879999_001345,dropped,True,fifo_cached_frame,837,94,0,741,94,0,1,0.0,60.031239001546055,frame_fifo_full,,,,,,,,,,,,,,,,,,,,,,,,,,,,,,,,,,,,,,,,,,,,,,,,,,,,,,,,,,,,,,,,,,,,
rsg_object_detection,dropped_oldest,1346,rsg_20260806_89_604879999_001346,dropped,True,fifo_cached_frame,838,94,0,742,94,0,1,0.0,42.40648499398958,frame_fifo_full,,,,,,,,,,,,,,,,,,,,,,,,,,,,,,,,,,,,,,,,,,,,,,,,,,,,,,,,,,,,,,,,,,,,
rsg_object_detection,dropped_oldest,1347,rsg_20260806_89_654880000_001347,dropped,True,fifo_cached_frame,839,94,0,743,94,0,1,0.0,62.90376999822911,frame_fifo_full,,,,,,,,,,,,,,,,,,,,,,,,,,,,,,,,,,,,,,,,,,,,,,,,,,,,,,,,,,,,,,,,,,,,
rsg_object_detection,dropped_oldest,1348,rsg_20260806_89_704880000_001348,dropped,True,fifo_cached_frame,840,94,0,744,94,0,1,0.0,32.93997400032822,frame_fifo_full,,,,,,,,,,,,,,,,,,,,,,,,,,,,,,,,,,,,,,,,,,,,,,,,,,,,,,,,,,,,,,,,,,,,
rsg_object_detection,dropped_oldest,1349,rsg_20260806_89_754880000_001349,dropped,True,fifo_cached_frame,841,94,0,745,94,0,1,0.0,77.53420200606342,frame_fifo_full,,,,,,,,,,,,,,,,,,,,,,,,,,,,,,,,,,,,,,,,,,,,,,,,,,,,,,,,,,,,,,,,,,,,
rsg_object_detection,dropped_oldest,1350,rsg_20260806_89_804879999_001350,dropped,True,fifo_cached_frame,842,94,0,746,94,0,1,0.0,31.377054008771665,frame_fifo_full,,,,,,,,,,,,,,,,,,,,,,,,,,,,,,,,,,,,,,,,,,,,,,,,,,,,,,,,,,,,,,,,,,,,
rsg_object_detection,dropped_oldest,1351,rsg_20260806_89_854879999_001351,dropped,True,fifo_cached_frame,843,94,0,747,95,0,1,0.0,56.157761995564215,frame_fifo_full,,,,,,,,,,,,,,,,,,,,,,,,,,,,,,,,,,,,,,,,,,,,,,,,,,,,,,,,,,,,,,,,,,,,
rsg_object_detection,frame_trace,1341,rsg_20260806_89_304879999_001341,sent_to_hydra,,,,,,,,,,,601.100152998697,ok,11.699020004016347,576.3080210017506,10.94290400214959,0.14697399456053972,10.79593000758905,0.002688000677153468,1.6638779925415292,0.18607699894346297,372.1430580044398,17.16696900257375,0.005823996616527438,389.50192800257355,89.83097299642395,17.331860988633707,5.227087007369846,39.07975202309899,27.51189799164422,72.38800899358466,60.18102800589986,1.6981160588329658,24.41082603763789,8.410425842157565,5.106771117425524,8.107620000373572,2.7583899936871603,1.1308949906378984,407.0,127.0,0.005375986802391708,0.01107199932448566,2.5075449666474015,1.097453001420945,0.27881503046955913,1.1195349943591282,0.12822200369555503,0.004159999662078917,167.37138300959487,2.265597999212332,0.1384610077366233,15.317236990085803,0.04953600000590086,7.498380000470206,6.777432005037554,0.11875000200234354,0.602197993430309,3.643272997578606,0.553046993445605,0.004320012521930039,2.1475199901033193,7,0,6,0,0,,,,,,,,,,,,,,
rsg_object_detection,dropped_oldest,1353,rsg_20260806_89_954880000_001353,dropped,True,fifo_cached_frame,845,95,0,748,95,0,1,0.0,38.45486599311698,frame_fifo_full,,,,,,,,,,,,,,,,,,,,,,,,,,,,,,,,,,,,,,,,,,,,,,,,,,,,,,,,,,,,,,,,,,,,
rsg_object_detection,dropped_oldest,1354,rsg_20260806_90_004879999_001354,dropped,True,fifo_cached_frame,846,95,0,749,95,0,1,0.0,49.120206997031346,frame_fifo_full,,,,,,,,,,,,,,,,,,,,,,,,,,,,,,,,,,,,,,,,,,,,,,,,,,,,,,,,,,,,,,,,,,,,
rsg_object_detection,dropped_oldest,1355,rsg_20260806_90_054879999_001355,dropped,True,fifo_cached_frame,847,95,0,750,95,0,1,0.0,52.17375900247134,frame_fifo_full,,,,,,,,,,,,,,,,,,,,,,,,,,,,,,,,,,,,,,,,,,,,,,,,,,,,,,,,,,,,,,,,,,,,
rsg_object_detection,dropped_oldest,1356,rsg_20260806_90_104879999_001356,dropped,True,fifo_cached_frame,848,95,0,751,95,0,1,0.0,54.018498994992115,frame_fifo_full,,,,,,,,,,,,,,,,,,,,,,,,,,,,,,,,,,,,,,,,,,,,,,,,,,,,,,,,,,,,,,,,,,,,
rsg_object_detection,dropped_oldest,1357,rsg_20260806_90_154880000_001357,dropped,True,fifo_cached_frame,849,95,0,752,95,0,1,0.0,48.12569399655331,frame_fifo_full,,,,,,,,,,,,,,,,,,,,,,,,,,,,,,,,,,,,,,,,,,,,,,,,,,,,,,,,,,,,,,,,,,,,
rsg_object_detection,dropped_oldest,1358,rsg_20260806_90_204880000_001358,dropped,True,fifo_cached_frame,850,95,0,753,95,0,1,0.0,58.24656299955677,frame_fifo_full,,,,,,,,,,,,,,,,,,,,,,,,,,,,,,,,,,,,,,,,,,,,,,,,,,,,,,,,,,,,,,,,,,,,
rsg_object_detection,dropped_oldest,1359,rsg_20260806_90_254880000_001359,dropped,True,fifo_cached_frame,851,95,0,754,95,0,1,0.0,54.415612990851514,frame_fifo_full,,,,,,,,,,,,,,,,,,,,,,,,,,,,,,,,,,,,,,,,,,,,,,,,,,,,,,,,,,,,,,,,,,,,
rsg_object_detection,dropped_oldest,1360,rsg_20260806_90_304879999_001360,dropped,True,fifo_cached_frame,852,95,0,755,95,0,1,0.0,53.29035100294277,frame_fifo_full,,,,,,,,,,,,,,,,,,,,,,,,,,,,,,,,,,,,,,,,,,,,,,,,,,,,,,,,,,,,,,,,,,,,
rsg_object_detection,dropped_oldest,1361,rsg_20260806_90_354879999_001361,dropped,True,fifo_cached_frame,853,95,0,756,95,0,1,0.0,39.74271898914594,frame_fifo_full,,,,,,,,,,,,,,,,,,,,,,,,,,,,,,,,,,,,,,,,,,,,,,,,,,,,,,,,,,,,,,,,,,,,
rsg_object_detection,frame_trace,1352,rsg_20260806_89_904880000_001352,sent_to_hydra,,,,,,,,,,,504.6286099968711,ok,12.172932998510078,488.8346759980777,2.4944579927250743,0.16649399185553193,2.3279640008695424,0.0018239952623844147,1.870851992862299,0.1902699877973646,321.28690999525134,17.60385801026132,0.007423004717566073,339.0884609980276,73.02828700630926,28.40442799788434,4.401086043799296,26.029295986518264,13.527758987038396,46.6048850066727,35.78297101194039,1.3499589986167848,17.46280388033483,7.787425915012136,3.972494901972823,6.9624530005967245,2.5445369974477217,1.1606860061874613,387.0,128.0,0.004768007784150541,0.011135984095744789,2.402395984972827,0.6191909924382344,0.2891470066970214,1.1026709980797023,0.3310990141471848,0.00553599966224283,124.39988400728907,7.156369989388622,0.1482539955759421,16.129288007505238,0.04156700742896646,7.790343996020965,7.17633799649775,0.09337399387732148,0.5206320056458935,3.809190005995333,0.5684070056304336,0.004991990863345563,1.1247190122958273,7,0,6,0,0,,,,,,,,,,,,,,
rsg_object_detection,dropped_oldest,1363,rsg_20260806_90_454880000_001363,dropped,True,fifo_cached_frame,855,96,0,757,96,0,1,0.0,45.86384099093266,frame_fifo_full,,,,,,,,,,,,,,,,,,,,,,,,,,,,,,,,,,,,,,,,,,,,,,,,,,,,,,,,,,,,,,,,,,,,
rsg_object_detection,dropped_oldest,1364,rsg_20260806_90_504880000_001364,dropped,True,fifo_cached_frame,856,96,0,758,96,0,1,0.0,101.69796000991482,frame_fifo_full,,,,,,,,,,,,,,,,,,,,,,,,,,,,,,,,,,,,,,,,,,,,,,,,,,,,,,,,,,,,,,,,,,,,
rsg_object_detection,dropped_oldest,1365,rsg_20260806_90_604879999_001365,dropped,True,fifo_cached_frame,857,96,0,759,96,0,1,0.0,50.77096501190681,frame_fifo_full,,,,,,,,,,,,,,,,,,,,,,,,,,,,,,,,,,,,,,,,,,,,,,,,,,,,,,,,,,,,,,,,,,,,
rsg_object_detection,dropped_oldest,1366,rsg_20260806_90_654880000_001366,dropped,True,fifo_cached_frame,858,96,0,760,96,0,1,0.0,50.45848998997826,frame_fifo_full,,,,,,,,,,,,,,,,,,,,,,,,,,,,,,,,,,,,,,,,,,,,,,,,,,,,,,,,,,,,,,,,,,,,
rsg_object_detection,dropped_oldest,1367,rsg_20260806_90_704880000_001367,dropped,True,fifo_cached_frame,859,96,0,761,96,0,1,0.0,48.45794499851763,frame_fifo_full,,,,,,,,,,,,,,,,,,,,,,,,,,,,,,,,,,,,,,,,,,,,,,,,,,,,,,,,,,,,,,,,,,,,
rsg_object_detection,dropped_oldest,1368,rsg_20260806_90_754880000_001368,dropped,True,fifo_cached_frame,860,96,0,762,96,0,1,0.0,66.37616601074114,frame_fifo_full,,,,,,,,,,,,,,,,,,,,,,,,,,,,,,,,,,,,,,,,,,,,,,,,,,,,,,,,,,,,,,,,,,,,
rsg_object_detection,dropped_oldest,1369,rsg_20260806_90_804879999_001369,dropped,True,fifo_cached_frame,861,96,0,763,96,0,1,0.0,43.50067699851934,frame_fifo_full,,,,,,,,,,,,,,,,,,,,,,,,,,,,,,,,,,,,,,,,,,,,,,,,,,,,,,,,,,,,,,,,,,,,
rsg_object_detection,dropped_oldest,1370,rsg_20260806_90_854879999_001370,dropped,True,fifo_cached_frame,862,96,0,764,96,0,1,0.0,47.432296007173136,frame_fifo_full,,,,,,,,,,,,,,,,,,,,,,,,,,,,,,,,,,,,,,,,,,,,,,,,,,,,,,,,,,,,,,,,,,,,
rsg_object_detection,frame_trace,1362,rsg_20260806_90_404880000_001362,sent_to_hydra,,,,,,,,,,,543.9507919945754,ok,10.173891991144046,508.05031799245626,24.56451900070533,0.14233399997465312,24.42218500073068,0.0024959881557151675,1.2817090027965605,0.4705850005848333,346.81192800053395,18.6530259961728,0.007648006430827081,365.9431870037224,71.93953699606936,20.514437012025155,4.203264019452035,32.867942994926125,13.703534001251683,43.05162699893117,30.799366999417543,0.9935268753906712,14.564671932021156,7.2460040100850165,4.510258819209412,7.83143199805636,2.8956349997315556,1.3534520112443715,387.0,129.0,0.004799992893822491,0.011488009477034211,3.1767840264365077,0.7453319994965568,0.310746967443265,1.1635979899438098,0.2966350002679974,0.004351997631601989,120.70640400634147,4.192480002529919,0.14626899792347103,15.744303003884852,0.03596597525756806,5.160272994544357,4.56207399838604,0.09699098882265389,0.5012080073356628,4.365276996395551,0.6428380002034828,0.005504000000655651,1.1595670221140608,7,0,6,0,0,,,,,,,,,,,,,,
rsg_object_detection,dropped_oldest,1372,rsg_20260806_91_004879999_001372,dropped,True,fifo_cached_frame,864,97,0,765,97,0,1,0.0,104.33062301308382,frame_fifo_full,,,,,,,,,,,,,,,,,,,,,,,,,,,,,,,,,,,,,,,,,,,,,,,,,,,,,,,,,,,,,,,,,,,,
rsg_object_detection,dropped_oldest,1373,rsg_20260806_91_104879999_001373,dropped,True,fifo_cached_frame,865,97,0,766,97,0,1,0.0,60.40012900484726,frame_fifo_full,,,,,,,,,,,,,,,,,,,,,,,,,,,,,,,,,,,,,,,,,,,,,,,,,,,,,,,,,,,,,,,,,,,,
rsg_object_detection,dropped_oldest,1374,rsg_20260806_91_154880000_001374,dropped,True,fifo_cached_frame,866,97,0,767,97,0,1,0.0,36.781356000574306,frame_fifo_full,,,,,,,,,,,,,,,,,,,,,,,,,,,,,,,,,,,,,,,,,,,,,,,,,,,,,,,,,,,,,,,,,,,,
rsg_object_detection,dropped_oldest,1375,rsg_20260806_91_204880000_001375,dropped,True,fifo_cached_frame,867,97,0,768,97,0,1,0.0,50.77874100243207,frame_fifo_full,,,,,,,,,,,,,,,,,,,,,,,,,,,,,,,,,,,,,,,,,,,,,,,,,,,,,,,,,,,,,,,,,,,,
rsg_object_detection,dropped_oldest,1376,rsg_20260806_91_254880000_001376,dropped,True,fifo_cached_frame,868,97,0,769,97,0,1,0.0,120.5409679969307,frame_fifo_full,,,,,,,,,,,,,,,,,,,,,,,,,,,,,,,,,,,,,,,,,,,,,,,,,,,,,,,,,,,,,,,,,,,,
rsg_object_detection,dropped_oldest,1377,rsg_20260806_91_304879999_001377,dropped,True,fifo_cached_frame,869,97,0,770,97,0,1,0.0,38.34789199754596,frame_fifo_full,,,,,,,,,,,,,,,,,,,,,,,,,,,,,,,,,,,,,,,,,,,,,,,,,,,,,,,,,,,,,,,,,,,,
rsg_object_detection,dropped_oldest,1378,rsg_20260806_91_354879999_001378,dropped,True,fifo_cached_frame,870,97,0,771,97,0,1,0.0,12.651614000787959,frame_fifo_full,,,,,,,,,,,,,,,,,,,,,,,,,,,,,,,,,,,,,,,,,,,,,,,,,,,,,,,,,,,,,,,,,,,,
rsg_object_detection,dropped_oldest,1379,rsg_20260806_91_404880000_001379,dropped,True,fifo_cached_frame,871,97,0,772,97,0,1,0.0,33.269602005020715,frame_fifo_full,,,,,,,,,,,,,,,,,,,,,,,,,,,,,,,,,,,,,,,,,,,,,,,,,,,,,,,,,,,,,,,,,,,,
rsg_object_detection,frame_trace,1371,rsg_20260806_90_904880000_001371,sent_to_hydra,,,,,,,,,,,558.5950469976524,ok,12.785308004822582,489.4543799891835,55.29166400083341,0.15334099589381367,55.13832300493959,0.0027510104700922966,1.1982529977103695,0.21740500233136117,299.3011360085802,15.231479002977721,0.007647991878911853,314.7576680057682,85.83004301181063,23.622934997547418,5.489964954904281,33.011684980010614,21.969935987726785,64.48870700842235,42.228375998092815,1.827009953558445,19.731800057343207,12.640704080695286,4.0217630303232,19.5015569915995,1.7748529935488477,0.939792997087352,261.0,60.0,0.005312002031132579,0.01200000406242907,2.819253015331924,0.8193469984689727,0.2859809610527009,1.4046819997020066,0.15116599388420582,0.004671994247473776,155.8237869903678,2.1734699985245243,0.188509002327919,15.268214003299363,0.04447899118531495,8.333600999321789,7.66416999977082,0.11110199557151645,0.558329003979452,3.7635579938068986,0.681941004586406,0.006208007107488811,1.0609439923428,6,0,6,0,0,,,,,,,,,,,,,,
rsg_object_detection,dropped_oldest,1381,rsg_20260806_91_504880000_001381,dropped,True,fifo_cached_frame,873,98,0,773,98,0,1,0.0,48.52994400425814,frame_fifo_full,,,,,,,,,,,,,,,,,,,,,,,,,,,,,,,,,,,,,,,,,,,,,,,,,,,,,,,,,,,,,,,,,,,,
rsg_object_detection,dropped_oldest,1382,rsg_20260806_91_554879999_001382,dropped,True,fifo_cached_frame,874,98,0,774,98,0,1,0.0,45.61846899741795,frame_fifo_full,,,,,,,,,,,,,,,,,,,,,,,,,,,,,,,,,,,,,,,,,,,,,,,,,,,,,,,,,,,,,,,,,,,,
rsg_object_detection,dropped_oldest,1383,rsg_20260806_91_604879999_001383,dropped,True,fifo_cached_frame,875,98,0,775,98,0,1,0.0,53.475948006962426,frame_fifo_full,,,,,,,,,,,,,,,,,,,,,,,,,,,,,,,,,,,,,,,,,,,,,,,,,,,,,,,,,,,,,,,,,,,,
rsg_object_detection,dropped_oldest,1384,rsg_20260806_91_654880000_001384,dropped,True,fifo_cached_frame,876,98,0,776,98,0,1,0.0,47.392200998729095,frame_fifo_full,,,,,,,,,,,,,,,,,,,,,,,,,,,,,,,,,,,,,,,,,,,,,,,,,,,,,,,,,,,,,,,,,,,,
rsg_object_detection,dropped_oldest,1385,rsg_20260806_91_704880000_001385,dropped,True,fifo_cached_frame,877,98,0,777,98,0,1,0.0,53.72560799878556,frame_fifo_full,,,,,,,,,,,,,,,,,,,,,,,,,,,,,,,,,,,,,,,,,,,,,,,,,,,,,,,,,,,,,,,,,,,,
rsg_object_detection,dropped_oldest,1386,rsg_20260806_91_754880000_001386,dropped,True,fifo_cached_frame,878,98,0,778,98,0,1,0.0,67.79159999859985,frame_fifo_full,,,,,,,,,,,,,,,,,,,,,,,,,,,,,,,,,,,,,,,,,,,,,,,,,,,,,,,,,,,,,,,,,,,,
rsg_object_detection,dropped_oldest,1387,rsg_20260806_91_804879999_001387,dropped,True,fifo_cached_frame,879,98,0,779,98,0,1,0.0,49.99894500360824,frame_fifo_full,,,,,,,,,,,,,,,,,,,,,,,,,,,,,,,,,,,,,,,,,,,,,,,,,,,,,,,,,,,,,,,,,,,,
rsg_object_detection,dropped_oldest,1388,rsg_20260806_91_854879999_001388,dropped,True,fifo_cached_frame,880,98,0,780,98,0,1,0.0,36.01147900917567,frame_fifo_full,,,,,,,,,,,,,,,,,,,,,,,,,,,,,,,,,,,,,,,,,,,,,,,,,,,,,,,,,,,,,,,,,,,,
rsg_object_detection,frame_trace,1380,rsg_20260806_91_454880000_001380,sent_to_hydra,,,,,,,,,,,480.6231570109958,ok,9.193555000820197,451.4956990024075,18.74860899988562,0.15151800471358,18.59709099517204,0.0030400115065276623,1.1406220000935718,0.2294690057169646,291.52314401289914,16.63670499692671,0.00819198612589389,308.3975100016687,60.251620001508854,12.790428008884192,5.364299984648824,32.16706000966951,9.440109977731481,43.91711800417397,22.337993999826722,1.0082090593641624,9.888740794849582,4.966931068338454,3.687787102535367,18.66473701375071,1.7296059959335253,1.1384779936634004,340.0,133.0,0.005408001015894115,0.013246986782178283,14.190470014000311,0.6961809849599376,0.3365079901413992,1.228268985869363,0.14588599151466042,0.00409600033890456,120.78752399247605,6.361053994623944,0.14364600065164268,14.617695997003466,0.04764701589010656,4.761239004437812,4.1084489930653945,0.09654200403019786,0.5562480073422194,3.787238005315885,0.6385500018950552,0.00652798917144537,1.1822539963759482,6,0,6,0,0,,,,,,,,,,,,,,
rsg_object_detection,,419,rsg_20260806_35_254880000_000419,vlm_done,,,,,,,,,,,,ok,,,,,,,,,,,,,,,,,,,,,,,,,,,,,,,,,,,,,,,,,,,,,,,,,,,,,,,rsg_obj_000027,rsg_unknown_rsg_20260806_35_254880000_000419_002_nanosam_002,,,9,0.4743668023786466,ceiling_light,0.95,static,0.99,5749.149146999116,55139.24774499901,qwen_http,Qwen3-VL-8B-Instruct-GGUF
rsg_object_detection,completed,419,rsg_20260806_35_254880000_000419,,,,,,,,,,,49390.09706200159,,vlm_done,,,,,,,,,,,,,,,,,,,,,,,,,,,,,,,,,,,,,,,,,,,,,,,,,,,,,,,rsg_obj_000027,rsg_unknown_rsg_20260806_35_254880000_000419_002_nanosam_002,26,300,9,0.4743668023786466,,,,,,,,
rsg_object_detection,dequeued,374,rsg_20260806_32_554879999_000374,,,,,,,,,,,54231.87555000186,,fifo_order,,,,,,,,,,,,,,,,,,,,,,,,,,,,,,,,,,,,,,,,,,,,,,,,,,,,,,,rsg_obj_000030,rsg_unknown_rsg_20260806_32_554879999_000374_007_nanosam_005,25,300,2,0.5223766749429533,,,,,,,,
rsg_object_detection,dropped_oldest,1390,rsg_20260806_91_954880000_001390,dropped,True,fifo_cached_frame,882,99,0,781,99,0,1,0.0,96.7533320072107,frame_fifo_full,,,,,,,,,,,,,,,,,,,,,,,,,,,,,,,,,,,,,,,,,,,,,,,,,,,,,,,,,,,,,,,,,,,,
rsg_object_detection,dropped_oldest,1391,rsg_20260806_92_054879999_001391,dropped,True,fifo_cached_frame,883,99,0,782,99,0,1,0.0,49.53229600505438,frame_fifo_full,,,,,,,,,,,,,,,,,,,,,,,,,,,,,,,,,,,,,,,,,,,,,,,,,,,,,,,,,,,,,,,,,,,,
rsg_object_detection,dropped_oldest,1392,rsg_20260806_92_104879999_001392,dropped,True,fifo_cached_frame,884,99,0,783,99,0,1,0.0,52.33465399942361,frame_fifo_full,,,,,,,,,,,,,,,,,,,,,,,,,,,,,,,,,,,,,,,,,,,,,,,,,,,,,,,,,,,,,,,,,,,,
rsg_object_detection,dropped_oldest,1393,rsg_20260806_92_154880000_001393,dropped,True,fifo_cached_frame,885,99,0,784,99,0,1,0.0,50.92949100071564,frame_fifo_full,,,,,,,,,,,,,,,,,,,,,,,,,,,,,,,,,,,,,,,,,,,,,,,,,,,,,,,,,,,,,,,,,,,,
rsg_object_detection,dropped_oldest,1394,rsg_20260806_92_204880000_001394,dropped,True,fifo_cached_frame,886,99,0,785,99,0,1,0.0,60.50444800348487,frame_fifo_full,,,,,,,,,,,,,,,,,,,,,,,,,,,,,,,,,,,,,,,,,,,,,,,,,,,,,,,,,,,,,,,,,,,,
rsg_object_detection,dropped_oldest,1395,rsg_20260806_92_254880000_001395,dropped,True,fifo_cached_frame,887,99,0,786,99,0,1,0.0,50.750581998727284,frame_fifo_full,,,,,,,,,,,,,,,,,,,,,,,,,,,,,,,,,,,,,,,,,,,,,,,,,,,,,,,,,,,,,,,,,,,,
rsg_object_detection,dropped_oldest,1396,rsg_20260806_92_304879999_001396,dropped,True,fifo_cached_frame,888,99,0,787,99,0,1,0.0,43.05194799962919,frame_fifo_full,,,,,,,,,,,,,,,,,,,,,,,,,,,,,,,,,,,,,,,,,,,,,,,,,,,,,,,,,,,,,,,,,,,,
rsg_object_detection,frame_trace,1389,rsg_20260806_91_904880000_001389,sent_to_hydra,,,,,,,,,,,459.00316898769233,ok,15.498770997510292,400.9783939982299,41.04449099395424,0.16198199591599405,40.88250899803825,0.0043199979700148106,5.759207007940859,2.311484990059398,223.8239909929689,25.254908003262244,0.00889600778464228,251.3992799940752,60.22278802993242,21.899886982282624,7.552653012680821,17.461171984905377,12.614366976777092,53.70503199810628,43.7272979906993,2.355123942834325,24.67940181668382,8.845676085911691,4.5983770687598735,6.119106008554809,2.336795994779095,1.4769369881832972,493.0,134.0,0.004640009137801826,0.01321600575465709,2.8613640170078725,0.638836994767189,0.2967659675050527,1.140653999755159,0.29737199656665325,0.004064000677317381,119.18326100567356,3.807877001236193,0.1428139948984608,20.641698996769264,0.04425599763635546,11.209652002435178,10.618333995807916,0.09507099457550794,0.4962470120517537,3.6986639897804707,0.5858790100319311,0.00457599526271224,1.4771930000279099,7,0,7,0,0,,,,,,,,,,,,,,
rsg_object_detection,dropped_oldest,1398,rsg_20260806_92_404880000_001398,dropped,True,fifo_cached_frame,890,100,0,788,100,0,1,0.0,59.83261899382342,frame_fifo_full,,,,,,,,,,,,,,,,,,,,,,,,,,,,,,,,,,,,,,,,,,,,,,,,,,,,,,,,,,,,,,,,,,,,
rsg_object_detection,dropped_oldest,1399,rsg_20260806_92_454880000_001399,dropped,True,fifo_cached_frame,891,100,0,789,100,0,1,0.0,38.358612000592984,frame_fifo_full,,,,,,,,,,,,,,,,,,,,,,,,,,,,,,,,,,,,,,,,,,,,,,,,,,,,,,,,,,,,,,,,,,,,
rsg_object_detection,dropped_oldest,1400,rsg_20260806_92_504880000_001400,dropped,True,fifo_cached_frame,892,100,0,790,100,0,1,0.0,203.64698900084477,frame_fifo_full,,,,,,,,,,,,,,,,,,,,,,,,,,,,,,,,,,,,,,,,,,,,,,,,,,,,,,,,,,,,,,,,,,,,
rsg_object_detection,dropped_oldest,1401,rsg_20260806_92_704880000_001401,dropped,True,fifo_cached_frame,893,100,0,791,100,0,1,0.0,50.904948002425954,frame_fifo_full,,,,,,,,,,,,,,,,,,,,,,,,,,,,,,,,,,,,,,,,,,,,,,,,,,,,,,,,,,,,,,,,,,,,
rsg_object_detection,dropped_oldest,1402,rsg_20260806_92_754880000_001402,dropped,True,fifo_cached_frame,894,100,0,792,100,0,1,0.0,51.326637010788545,frame_fifo_full,,,,,,,,,,,,,,,,,,,,,,,,,,,,,,,,,,,,,,,,,,,,,,,,,,,,,,,,,,,,,,,,,,,,
rsg_object_detection,dropped_oldest,1403,rsg_20260806_92_804879999_001403,dropped,True,fifo_cached_frame,895,100,0,793,100,0,1,0.0,46.70161999820266,frame_fifo_full,,,,,,,,,,,,,,,,,,,,,,,,,,,,,,,,,,,,,,,,,,,,,,,,,,,,,,,,,,,,,,,,,,,,
rsg_object_detection,frame_trace,1397,rsg_20260806_92_354879999_001397,sent_to_hydra,,,,,,,,,,,504.28535499668214,ok,13.759021006990224,462.36545499414206,25.10937499755528,0.15071699453983456,24.958658003015444,0.0038080033846199512,1.3379960000747815,0.22758000704925507,300.5886070022825,28.864741005236283,0.007327995263040066,329.6882560098311,44.34725598548539,17.73976199910976,3.4989520063390955,12.769340013619512,9.569261979777366,52.078593987971544,39.302788994973525,1.8678741762414575,19.495474960422143,8.582200825912878,5.341200157999992,3.761414991458878,7.144339004298672,1.8138919986085966,584.0,135.0,0.00384000304620713,0.017183992895297706,3.8041630323277786,1.475306969950907,0.3969870158471167,1.410379001754336,0.1539490040158853,0.005472000339068472,103.6977379990276,2.8645959973800927,0.15161398914642632,24.57283900002949,0.0524159986525774,9.256049990653992,8.645338995847851,0.10159899829886854,0.5091119965072721,3.709286989760585,0.680404991726391,0.11327903484925628,3.047695994609967,8,0,8,0,0,,,,,,,,,,,,,,
rsg_object_detection,dropped_oldest,1405,rsg_20260806_92_904880000_001405,dropped,True,fifo_cached_frame,897,101,0,794,101,0,1,0.0,98.70255000714678,frame_fifo_full,,,,,,,,,,,,,,,,,,,,,,,,,,,,,,,,,,,,,,,,,,,,,,,,,,,,,,,,,,,,,,,,,,,,
rsg_object_detection,dropped_oldest,1406,rsg_20260806_93_004879999_001406,dropped,True,fifo_cached_frame,898,101,0,795,101,0,1,0.0,57.52279800071847,frame_fifo_full,,,,,,,,,,,,,,,,,,,,,,,,,,,,,,,,,,,,,,,,,,,,,,,,,,,,,,,,,,,,,,,,,,,,
rsg_object_detection,dropped_oldest,1407,rsg_20260806_93_054879999_001407,dropped,True,fifo_cached_frame,899,101,0,796,101,0,1,0.0,46.56587800127454,frame_fifo_full,,,,,,,,,,,,,,,,,,,,,,,,,,,,,,,,,,,,,,,,,,,,,,,,,,,,,,,,,,,,,,,,,,,,
rsg_object_detection,dropped_oldest,1408,rsg_20260806_93_104879999_001408,dropped,True,fifo_cached_frame,900,101,0,797,101,0,1,0.0,100.0087389984401,frame_fifo_full,,,,,,,,,,,,,,,,,,,,,,,,,,,,,,,,,,,,,,,,,,,,,,,,,,,,,,,,,,,,,,,,,,,,
rsg_object_detection,dropped_oldest,1409,rsg_20260806_93_204880000_001409,dropped,True,fifo_cached_frame,901,101,0,798,101,0,1,0.0,57.42635199567303,frame_fifo_full,,,,,,,,,,,,,,,,,,,,,,,,,,,,,,,,,,,,,,,,,,,,,,,,,,,,,,,,,,,,,,,,,,,,
rsg_object_detection,dropped_oldest,1410,rsg_20260806_93_254880000_001410,dropped,True,fifo_cached_frame,902,101,0,799,101,0,1,0.0,93.11060499749146,frame_fifo_full,,,,,,,,,,,,,,,,,,,,,,,,,,,,,,,,,,,,,,,,,,,,,,,,,,,,,,,,,,,,,,,,,,,,
rsg_object_detection,dropped_oldest,1411,rsg_20260806_93_354879999_001411,dropped,True,fifo_cached_frame,903,101,0,800,101,0,1,0.0,51.86387700086925,frame_fifo_full,,,,,,,,,,,,,,,,,,,,,,,,,,,,,,,,,,,,,,,,,,,,,,,,,,,,,,,,,,,,,,,,,,,,
rsg_object_detection,frame_trace,1404,rsg_20260806_92_854879999_001404,sent_to_hydra,,,,,,,,,,,564.7399489971576,ok,14.31654799671378,524.2739140085177,24.25809200212825,0.16044599760789424,24.097646004520357,0.0027840142138302326,0.9979370079236105,0.17449300503358245,299.44587299542036,28.723751005600207,0.006496004061773419,328.3506130101159,88.38798901706468,38.270454009762034,9.930313026416115,25.11411000159569,14.389987001777627,68.73833799909335,57.0301020052284,1.6847461520228535,29.87620999920182,9.519890852971002,11.783242138335481,7.068724007694982,2.9159870027797297,1.6826299979584292,564.0,138.0,0.004159999662078917,0.014527991879731417,3.3310519938822836,1.5315600321628153,0.33961195731535554,1.3889389956602827,0.4245049931341782,0.0042239989852532744,164.16439499880653,3.9184680063044652,0.14351800200529397,26.65472700027749,0.04425598308444023,10.157220007386059,9.474318998400122,0.1009580009849742,0.5819430080009624,3.473482996923849,0.680181008647196,0.005663983756676316,1.8886109755840153,8,0,8,0,0,,,,,,,,,,,,,,
rsg_object_detection,dropped_oldest,1413,rsg_20260806_93_454880000_001413,dropped,True,fifo_cached_frame,905,102,0,801,102,0,1,0.0,48.16770998877473,frame_fifo_full,,,,,,,,,,,,,,,,,,,,,,,,,,,,,,,,,,,,,,,,,,,,,,,,,,,,,,,,,,,,,,,,,,,,
rsg_object_detection,dropped_oldest,1414,rsg_20260806_93_504880000_001414,dropped,True,fifo_cached_frame,906,102,0,802,102,0,1,0.0,51.60935298772529,frame_fifo_full,,,,,,,,,,,,,,,,,,,,,,,,,,,,,,,,,,,,,,,,,,,,,,,,,,,,,,,,,,,,,,,,,,,,
rsg_object_detection,dropped_oldest,1415,rsg_20260806_93_554879999_001415,dropped,True,fifo_cached_frame,907,102,0,803,102,0,1,0.0,51.22526199556887,frame_fifo_full,,,,,,,,,,,,,,,,,,,,,,,,,,,,,,,,,,,,,,,,,,,,,,,,,,,,,,,,,,,,,,,,,,,,
rsg_object_detection,dropped_oldest,1416,rsg_20260806_93_604879999_001416,dropped,True,fifo_cached_frame,908,102,0,804,102,0,1,0.0,101.92720500344876,frame_fifo_full,,,,,,,,,,,,,,,,,,,,,,,,,,,,,,,,,,,,,,,,,,,,,,,,,,,,,,,,,,,,,,,,,,,,
rsg_object_detection,dropped_oldest,1417,rsg_20260806_93_704880000_001417,dropped,True,fifo_cached_frame,909,102,0,805,102,0,1,0.0,51.730566992773674,frame_fifo_full,,,,,,,,,,,,,,,,,,,,,,,,,,,,,,,,,,,,,,,,,,,,,,,,,,,,,,,,,,,,,,,,,,,,
rsg_object_detection,dropped_oldest,1418,rsg_20260806_93_754880000_001418,dropped,True,fifo_cached_frame,910,102,0,806,102,0,1,0.0,48.69682100252248,frame_fifo_full,,,,,,,,,,,,,,,,,,,,,,,,,,,,,,,,,,,,,,,,,,,,,,,,,,,,,,,,,,,,,,,,,,,,
rsg_object_detection,dropped_oldest,1419,rsg_20260806_93_804879999_001419,dropped,True,fifo_cached_frame,911,102,0,807,102,0,1,0.0,76.38798101106659,frame_fifo_full,,,,,,,,,,,,,,,,,,,,,,,,,,,,,,,,,,,,,,,,,,,,,,,,,,,,,,,,,,,,,,,,,,,,
rsg_object_detection,dropped_oldest,1420,rsg_20260806_93_854879999_001420,dropped,True,fifo_cached_frame,912,102,0,808,102,0,1,0.0,22.14327600086108,frame_fifo_full,,,,,,,,,,,,,,,,,,,,,,,,,,,,,,,,,,,,,,,,,,,,,,,,,,,,,,,,,,,,,,,,,,,,
rsg_object_detection,dropped_oldest,1421,rsg_20260806_93_904880000_001421,dropped,True,fifo_cached_frame,913,102,0,809,102,0,1,0.0,48.78702899441123,frame_fifo_full,,,,,,,,,,,,,,,,,,,,,,,,,,,,,,,,,,,,,,,,,,,,,,,,,,,,,,,,,,,,,,,,,,,,
rsg_object_detection,frame_trace,1412,rsg_20260806_93_404880000_001412,sent_to_hydra,,,,,,,,,,,548.983392000082,ok,18.973342012031935,500.77488301030826,27.567864992306568,0.1517409982625395,27.416123994044028,0.0031990057323127985,1.229965011589229,0.21481199655681849,335.4299620114034,25.786868995055556,0.008447997970506549,361.4400910009863,41.63091395457741,23.846770011004992,3.7012580141890794,5.3197250090306625,8.029221004107967,54.101379006169736,39.44464300002437,1.8514987314119935,14.470046924543567,10.764888225821778,8.140446894685738,8.35318400640972,4.101921003893949,2.152254994143732,677.0,143.0,0.005504000000655651,0.016160032828338444,3.8943410181673244,2.360253012739122,0.38056699850130826,1.4945690054446459,0.32114698842633516,0.003392007783986628,104.20416199485771,9.102581010665745,0.13366200437303632,24.614982001367025,0.049439986469224095,8.504605997586623,7.820553000783548,0.11177400301676244,0.5722789937863126,9.768201998667791,0.6960860046092421,0.004448011168278754,1.664102979702875,8,0,8,0,0,,,,,,,,,,,,,,
rsg_object_detection,dropped_oldest,1423,rsg_20260806_94_004879999_001423,dropped,True,fifo_cached_frame,915,103,0,810,103,0,1,0.0,41.50589100026991,frame_fifo_full,,,,,,,,,,,,,,,,,,,,,,,,,,,,,,,,,,,,,,,,,,,,,,,,,,,,,,,,,,,,,,,,,,,,
rsg_object_detection,dropped_oldest,1424,rsg_20260806_94_054879999_001424,dropped,True,fifo_cached_frame,916,103,0,811,103,0,1,0.0,47.49719200481195,frame_fifo_full,,,,,,,,,,,,,,,,,,,,,,,,,,,,,,,,,,,,,,,,,,,,,,,,,,,,,,,,,,,,,,,,,,,,
rsg_object_detection,dropped_oldest,1425,rsg_20260806_94_104879999_001425,dropped,True,fifo_cached_frame,917,103,0,812,103,0,1,0.0,105.41236800781917,frame_fifo_full,,,,,,,,,,,,,,,,,,,,,,,,,,,,,,,,,,,,,,,,,,,,,,,,,,,,,,,,,,,,,,,,,,,,
rsg_object_detection,dropped_oldest,1426,rsg_20260806_94_204880000_001426,dropped,True,fifo_cached_frame,918,103,0,813,103,0,1,0.0,44.62267599592451,frame_fifo_full,,,,,,,,,,,,,,,,,,,,,,,,,,,,,,,,,,,,,,,,,,,,,,,,,,,,,,,,,,,,,,,,,,,,
rsg_object_detection,dropped_oldest,1427,rsg_20260806_94_254880000_001427,dropped,True,fifo_cached_frame,919,103,0,814,103,0,1,0.0,51.04744200070854,frame_fifo_full,,,,,,,,,,,,,,,,,,,,,,,,,,,,,,,,,,,,,,,,,,,,,,,,,,,,,,,,,,,,,,,,,,,,
rsg_object_detection,dropped_oldest,1428,rsg_20260806_94_304879999_001428,dropped,True,fifo_cached_frame,920,103,0,815,103,0,1,0.0,87.33914099866524,frame_fifo_full,,,,,,,,,,,,,,,,,,,,,,,,,,,,,,,,,,,,,,,,,,,,,,,,,,,,,,,,,,,,,,,,,,,,
rsg_object_detection,dropped_oldest,1429,rsg_20260806_94_354879999_001429,dropped,True,fifo_cached_frame,921,103,0,816,103,0,1,0.0,13.339380006073043,frame_fifo_full,,,,,,,,,,,,,,,,,,,,,,,,,,,,,,,,,,,,,,,,,,,,,,,,,,,,,,,,,,,,,,,,,,,,
rsg_object_detection,dropped_oldest,1430,rsg_20260806_94_404880000_001430,dropped,True,fifo_cached_frame,922,103,0,817,104,0,1,0.0,68.98633499804419,frame_fifo_full,,,,,,,,,,,,,,,,,,,,,,,,,,,,,,,,,,,,,,,,,,,,,,,,,,,,,,,,,,,,,,,,,,,,
rsg_object_detection,frame_trace,1422,rsg_20260806_93_954880000_001422,sent_to_hydra,,,,,,,,,,,501.1451180034783,ok,11.885610001627356,468.13560799637344,18.82716699037701,0.2092119975714013,18.617954992805608,0.0031999952625483274,1.0642720008036122,0.20521300029940903,300.71238199889194,25.592792007955723,0.009054987458512187,326.5194419946056,39.74748699693009,21.886321032070555,3.4049740061163902,5.51524201000575,8.372960015549324,67.58542801253498,46.155773001373746,2.0898598013445735,22.182255110237747,10.932560981018469,6.209280094481073,11.6784770070808,7.7238489902811125,1.979042004677467,632.0,146.0,0.0060480087995529175,0.014911973266862333,3.0660030170110986,0.9522100008325651,0.3398959670448676,1.3763949973508716,0.15151800471358,0.005150999641045928,113.24053599673789,2.5900090113282204,0.1425580121576786,24.526408000383526,0.052382980356924236,6.85496699588839,6.193696986883879,0.09510300878901035,0.5661670002155006,4.291645993362181,0.7322770106839016,0.00672000169288367,2.2935330198379233,8,0,8,0,0,,,,,,,,,,,,,,
rsg_object_detection,dropped_oldest,1432,rsg_20260806_94_504880000_001432,dropped,True,fifo_cached_frame,924,104,0,818,104,0,1,0.0,99.3016139982501,frame_fifo_full,,,,,,,,,,,,,,,,,,,,,,,,,,,,,,,,,,,,,,,,,,,,,,,,,,,,,,,,,,,,,,,,,,,,
rsg_object_detection,dropped_oldest,1433,rsg_20260806_94_604879999_001433,dropped,True,fifo_cached_frame,925,104,0,819,104,0,1,0.0,47.8495380084496,frame_fifo_full,,,,,,,,,,,,,,,,,,,,,,,,,,,,,,,,,,,,,,,,,,,,,,,,,,,,,,,,,,,,,,,,,,,,
rsg_object_detection,dropped_oldest,1434,rsg_20260806_94_654880000_001434,dropped,True,fifo_cached_frame,926,104,0,820,104,0,1,0.0,53.57757899037097,frame_fifo_full,,,,,,,,,,,,,,,,,,,,,,,,,,,,,,,,,,,,,,,,,,,,,,,,,,,,,,,,,,,,,,,,,,,,
rsg_object_detection,dropped_oldest,1435,rsg_20260806_94_704880000_001435,dropped,True,fifo_cached_frame,927,104,0,821,104,0,1,0.0,50.48943399742711,frame_fifo_full,,,,,,,,,,,,,,,,,,,,,,,,,,,,,,,,,,,,,,,,,,,,,,,,,,,,,,,,,,,,,,,,,,,,
rsg_object_detection,dropped_oldest,1436,rsg_20260806_94_754880000_001436,dropped,True,fifo_cached_frame,928,104,0,822,104,0,1,0.0,66.74073699105065,frame_fifo_full,,,,,,,,,,,,,,,,,,,,,,,,,,,,,,,,,,,,,,,,,,,,,,,,,,,,,,,,,,,,,,,,,,,,
rsg_object_detection,dropped_oldest,1437,rsg_20260806_94_804879999_001437,dropped,True,fifo_cached_frame,929,104,0,823,104,0,1,0.0,73.39647499611601,frame_fifo_full,,,,,,,,,,,,,,,,,,,,,,,,,,,,,,,,,,,,,,,,,,,,,,,,,,,,,,,,,,,,,,,,,,,,
rsg_object_detection,frame_trace,1431,rsg_20260806_94_454880000_001431,sent_to_hydra,,,,,,,,,,,476.6523110010894,ok,11.797036000643857,459.8440880072303,3.538826000294648,0.2052769996225834,3.3335490006720647,0.002720000338740647,1.8060200090985745,0.19567699928302318,291.3354710035492,18.35584599757567,0.005759997293353081,309.8927539977012,57.468622981105,25.55036000558175,3.499946993542835,19.866733011440374,8.037445993977599,60.16790999274235,48.908241995377466,1.3747350312769413,19.38366577087436,18.33328793873079,4.558684173389338,6.983284998568706,2.4280590005218983,1.796227996237576,472.0,147.0,0.0052480027079582214,0.014016011846251786,3.1627999851480126,1.2339310051174834,0.3218210331397131,1.2728120054816827,0.35205899621360004,0.00454401015304029,124.0021319972584,3.1558230111841112,0.14745400403626263,20.79491299809888,0.04499198985286057,6.092290990636684,5.492940006661229,0.0930539972614497,0.5062969867140055,5.034130997955799,0.6657179910689592,0.004896020982414484,1.4696409925818443,7,0,7,0,0,,,,,,,,,,,,,,
rsg_object_detection,dropped_oldest,1439,rsg_20260806_94_954880000_001439,dropped,True,fifo_cached_frame,931,105,0,824,105,0,1,0.0,43.5213169985218,frame_fifo_full,,,,,,,,,,,,,,,,,,,,,,,,,,,,,,,,,,,,,,,,,,,,,,,,,,,,,,,,,,,,,,,,,,,,
rsg_object_detection,dropped_oldest,1440,rsg_20260806_95_004879999_001440,dropped,True,fifo_cached_frame,932,105,0,825,105,0,1,0.0,91.4764219924109,frame_fifo_full,,,,,,,,,,,,,,,,,,,,,,,,,,,,,,,,,,,,,,,,,,,,,,,,,,,,,,,,,,,,,,,,,,,,
rsg_object_detection,dropped_oldest,1441,rsg_20260806_95_104879999_001441,dropped,True,fifo_cached_frame,933,105,0,826,105,0,1,0.0,51.21163099829573,frame_fifo_full,,,,,,,,,,,,,,,,,,,,,,,,,,,,,,,,,,,,,,,,,,,,,,,,,,,,,,,,,,,,,,,,,,,,
rsg_object_detection,dropped_oldest,1442,rsg_20260806_95_154880000_001442,dropped,True,fifo_cached_frame,934,105,0,827,105,0,1,0.0,52.543290992616676,frame_fifo_full,,,,,,,,,,,,,,,,,,,,,,,,,,,,,,,,,,,,,,,,,,,,,,,,,,,,,,,,,,,,,,,,,,,,
rsg_object_detection,dropped_oldest,1443,rsg_20260806_95_204880000_001443,dropped,True,fifo_cached_frame,935,105,0,828,105,0,1,0.0,48.26566099654883,frame_fifo_full,,,,,,,,,,,,,,,,,,,,,,,,,,,,,,,,,,,,,,,,,,,,,,,,,,,,,,,,,,,,,,,,,,,,
rsg_object_detection,dropped_oldest,1444,rsg_20260806_95_254880000_001444,dropped,True,fifo_cached_frame,936,105,0,829,105,0,1,0.0,149.91962299973238,frame_fifo_full,,,,,,,,,,,,,,,,,,,,,,,,,,,,,,,,,,,,,,,,,,,,,,,,,,,,,,,,,,,,,,,,,,,,
rsg_object_detection,dropped_oldest,1445,rsg_20260806_95_404880000_001445,dropped,True,fifo_cached_frame,937,105,0,830,106,0,1,0.0,66.02596399898175,frame_fifo_full,,,,,,,,,,,,,,,,,,,,,,,,,,,,,,,,,,,,,,,,,,,,,,,,,,,,,,,,,,,,,,,,,,,,
rsg_object_detection,frame_trace,1438,rsg_20260806_94_854879999_001438,sent_to_hydra,,,,,,,,,,,553.7617850059178,ok,11.407376994611695,473.0646539974259,67.58299600915052,0.14060600369703025,67.44239000545349,0.0031039962777867913,5.328813989763148,0.2746199897956103,323.4558109979844,18.35933400434442,0.00816000101622194,342.0979249931406,33.99067901773378,17.100409997510724,3.2448149868287146,5.929765015025623,7.087412988767028,49.02305699943099,39.105001007555984,2.369152134633623,16.14904029702302,9.695853281300515,6.476888214820065,3.3421560074202716,4.1654730011941865,2.360730999498628,735.0,149.0,0.004959991201758385,0.016703022993169725,5.355085013434291,5.682088987668976,0.42476298403926194,1.315307992626913,0.17414099420420825,0.004863992216996849,95.9892490063794,2.955026997369714,0.1566700084367767,26.493866011151113,0.04310299118515104,5.971523991320282,5.189968011109158,0.14777400065213442,0.6337819795589894,4.774935005116276,0.6559899920830503,0.004928006092086434,1.7036540084518492,8,0,8,0,0,,,,,,,,,,,,,,
rsg_object_detection,dropped_oldest,1447,rsg_20260806_95_504880000_001447,dropped,True,fifo_cached_frame,939,106,0,831,106,0,1,0.0,56.977622996782884,frame_fifo_full,,,,,,,,,,,,,,,,,,,,,,,,,,,,,,,,,,,,,,,,,,,,,,,,,,,,,,,,,,,,,,,,,,,,
rsg_object_detection,dropped_oldest,1448,rsg_20260806_95_554879999_001448,dropped,True,fifo_cached_frame,940,106,0,832,106,0,1,0.0,94.35788200062234,frame_fifo_full,,,,,,,,,,,,,,,,,,,,,,,,,,,,,,,,,,,,,,,,,,,,,,,,,,,,,,,,,,,,,,,,,,,,
rsg_object_detection,dropped_oldest,1449,rsg_20260806_95_654880000_001449,dropped,True,fifo_cached_frame,941,106,0,833,106,0,1,0.0,51.982275006594136,frame_fifo_full,,,,,,,,,,,,,,,,,,,,,,,,,,,,,,,,,,,,,,,,,,,,,,,,,,,,,,,,,,,,,,,,,,,,
rsg_object_detection,dropped_oldest,1450,rsg_20260806_95_704880000_001450,dropped,True,fifo_cached_frame,942,106,0,834,106,0,1,0.0,46.63202200026717,frame_fifo_full,,,,,,,,,,,,,,,,,,,,,,,,,,,,,,,,,,,,,,,,,,,,,,,,,,,,,,,,,,,,,,,,,,,,
rsg_object_detection,dropped_oldest,1451,rsg_20260806_95_754880000_001451,dropped,True,fifo_cached_frame,943,106,0,835,106,0,1,0.0,136.28380000591278,frame_fifo_full,,,,,,,,,,,,,,,,,,,,,,,,,,,,,,,,,,,,,,,,,,,,,,,,,,,,,,,,,,,,,,,,,,,,
rsg_object_detection,dropped_oldest,1452,rsg_20260806_95_854879999_001452,dropped,True,fifo_cached_frame,944,106,0,836,106,0,1,0.0,63.4188690019073,frame_fifo_full,,,,,,,,,,,,,,,,,,,,,,,,,,,,,,,,,,,,,,,,,,,,,,,,,,,,,,,,,,,,,,,,,,,,
rsg_object_detection,frame_trace,1446,rsg_20260806_95_454880000_001446,sent_to_hydra,,,,,,,,,,,497.4997999961488,ok,17.59323399164714,475.32900399528444,2.882708009565249,0.13955000031273812,2.743158009252511,0.0032640091376379132,1.60058299661614,0.3576270100893453,323.8235180033371,20.72070600115694,0.009023991879075766,344.91087500646245,33.94271199067589,19.232410020777024,2.922323008533567,4.457372007891536,6.701304999296553,57.990822999272496,47.73360499530099,2.4096539709717035,19.009856900083832,10.315868014004081,6.672735995380208,5.111826001666486,3.2293580006808043,1.8666910036699846,602.0,153.0,0.005150999641045928,0.014112010831013322,3.438315980019979,0.8934579673223197,0.3320270625408739,1.532456008135341,0.3220430080546066,0.00457599526271224,98.4741389984265,4.695063995313831,0.14435000775847584,25.460985998506658,0.043006992200389504,12.26256400696002,11.49361599527765,0.12435000098776072,0.6445980106946081,4.581305998726748,0.743796001188457,0.00556798477191478,1.6915899905143306,8,0,8,0,0,,,,,,,,,,,,,,
rsg_object_detection,dropped_oldest,1454,rsg_20260806_96_004879999_001454,dropped,True,fifo_cached_frame,946,107,0,837,107,0,1,0.0,52.314910004497506,frame_fifo_full,,,,,,,,,,,,,,,,,,,,,,,,,,,,,,,,,,,,,,,,,,,,,,,,,,,,,,,,,,,,,,,,,,,,
rsg_object_detection,dropped_oldest,1455,rsg_20260806_96_054879999_001455,dropped,True,fifo_cached_frame,947,107,0,838,107,0,1,0.0,101.22120099549647,frame_fifo_full,,,,,,,,,,,,,,,,,,,,,,,,,,,,,,,,,,,,,,,,,,,,,,,,,,,,,,,,,,,,,,,,,,,,
rsg_object_detection,dropped_oldest,1456,rsg_20260806_96_154880000_001456,dropped,True,fifo_cached_frame,948,107,0,839,107,0,1,0.0,101.02587599249091,frame_fifo_full,,,,,,,,,,,,,,,,,,,,,,,,,,,,,,,,,,,,,,,,,,,,,,,,,,,,,,,,,,,,,,,,,,,,
rsg_object_detection,dropped_oldest,1457,rsg_20260806_96_254880000_001457,dropped,True,fifo_cached_frame,949,107,0,840,107,0,1,0.0,58.71414000284858,frame_fifo_full,,,,,,,,,,,,,,,,,,,,,,,,,,,,,,,,,,,,,,,,,,,,,,,,,,,,,,,,,,,,,,,,,,,,
rsg_object_detection,dropped_oldest,1458,rsg_20260806_96_304879999_001458,dropped,True,fifo_cached_frame,950,107,0,841,107,0,1,0.0,46.81323398835957,frame_fifo_full,,,,,,,,,,,,,,,,,,,,,,,,,,,,,,,,,,,,,,,,,,,,,,,,,,,,,,,,,,,,,,,,,,,,
rsg_object_detection,dropped_oldest,1459,rsg_20260806_96_354879999_001459,dropped,True,fifo_cached_frame,951,107,0,842,107,0,1,0.0,44.5850769901881,frame_fifo_full,,,,,,,,,,,,,,,,,,,,,,,,,,,,,,,,,,,,,,,,,,,,,,,,,,,,,,,,,,,,,,,,,,,,
rsg_object_detection,dropped_oldest,1460,rsg_20260806_96_404880000_001460,dropped,True,fifo_cached_frame,952,107,0,843,107,0,1,0.0,118.70903000817634,frame_fifo_full,,,,,,,,,,,,,,,,,,,,,,,,,,,,,,,,,,,,,,,,,,,,,,,,,,,,,,,,,,,,,,,,,,,,
rsg_object_detection,frame_trace,1453,rsg_20260806_95_954880000_001453,sent_to_hydra,,,,,,,,,,,582.6158740092069,ok,9.380112998769619,541.6712529986398,30.332432012073696,0.1788460067473352,30.15358600532636,0.0022400054149329662,1.1333270085742697,0.16658900131005794,300.7169289921876,23.349339011474513,0.007486989488825202,324.240343994461,119.5218159846263,26.047312014270574,8.088898990536109,44.64254698541481,40.14616899075918,53.167826001299545,48.43874600192066,1.2837159883929417,31.393632976687513,7.814178170519881,4.1924258985091,1.7476530047133565,1.6719739942345768,1.268396998057142,413.0,155.0,0.005088004400022328,0.012192002031952143,2.6214950339635834,1.1043669655919075,0.29689200164284557,1.5464729949599132,5.455629012431018,0.006239992217160761,183.74272099754307,7.223697000881657,0.16518199117854238,25.126367996563204,0.039614009438082576,5.114418003358878,4.616569000063464,0.08934199286159128,0.40850701043382287,3.5842009965563193,0.675734001561068,0.005759997293353081,1.2298359943088144,6,0,6,0,0,,,,,,,,,,,,,,
rsg_object_detection,dropped_oldest,1462,rsg_20260806_96_604879999_001462,dropped,True,fifo_cached_frame,954,108,0,844,108,0,1,0.0,90.18585000012536,frame_fifo_full,,,,,,,,,,,,,,,,,,,,,,,,,,,,,,,,,,,,,,,,,,,,,,,,,,,,,,,,,,,,,,,,,,,,
rsg_object_detection,dropped_oldest,1463,rsg_20260806_96_704880000_001463,dropped,True,fifo_cached_frame,955,108,0,845,108,0,1,0.0,51.90960499749053,frame_fifo_full,,,,,,,,,,,,,,,,,,,,,,,,,,,,,,,,,,,,,,,,,,,,,,,,,,,,,,,,,,,,,,,,,,,,
rsg_object_detection,dropped_oldest,1464,rsg_20260806_96_754880000_001464,dropped,True,fifo_cached_frame,956,108,0,846,108,0,1,0.0,51.464907999616116,frame_fifo_full,,,,,,,,,,,,,,,,,,,,,,,,,,,,,,,,,,,,,,,,,,,,,,,,,,,,,,,,,,,,,,,,,,,,
rsg_object_detection,dropped_oldest,1465,rsg_20260806_96_804879999_001465,dropped,True,fifo_cached_frame,957,108,0,847,108,0,1,0.0,50.49394600791857,frame_fifo_full,,,,,,,,,,,,,,,,,,,,,,,,,,,,,,,,,,,,,,,,,,,,,,,,,,,,,,,,,,,,,,,,,,,,
rsg_object_detection,dropped_oldest,1466,rsg_20260806_96_854879999_001466,dropped,True,fifo_cached_frame,958,108,0,848,108,0,1,0.0,46.31602601148188,frame_fifo_full,,,,,,,,,,,,,,,,,,,,,,,,,,,,,,,,,,,,,,,,,,,,,,,,,,,,,,,,,,,,,,,,,,,,
rsg_object_detection,dropped_oldest,1467,rsg_20260806_96_904880000_001467,dropped,True,fifo_cached_frame,959,108,0,849,108,0,1,0.0,60.342051001498476,frame_fifo_full,,,,,,,,,,,,,,,,,,,,,,,,,,,,,,,,,,,,,,,,,,,,,,,,,,,,,,,,,,,,,,,,,,,,
rsg_object_detection,frame_trace,1461,rsg_20260806_96_504880000_001461,sent_to_hydra,,,,,,,,,,,566.1387509899214,ok,10.078373990836553,529.4376169913448,25.38034699682612,0.19849299860652536,25.181853998219594,0.0025600020308047533,3.754757999558933,0.21356499928515404,322.2125030006282,23.222877003718168,0.007103997631929815,345.65604900126345,97.68669500772376,26.989313977537677,8.198372015613131,35.373984996112995,25.349083967739716,45.8683850010857,34.59111800475512,1.4813172165304422,17.662725935224444,7.370322186034173,3.7488841771846637,3.214158001355827,2.7262300136499107,5.278384007397108,339.0,62.0,0.003936002030968666,0.016350997611880302,5.923365999478847,2.0350079867057502,0.5814310134155676,1.2651969882426783,0.41749699448700994,0.004128000000491738,153.79770699655637,9.203442998114042,0.21826900774613023,16.750495007727295,0.056895980378612876,4.980947996955365,4.300477987271734,0.09030300134327263,0.5901670083403587,4.384699990623631,0.7084700046107173,0.004255998646840453,1.239853008883074,7,0,7,0,0,,,,,,,,,,,,,,
rsg_object_detection,dropped_oldest,1469,rsg_20260806_97_104879999_001469,dropped,True,fifo_cached_frame,961,109,0,850,109,0,1,0.0,45.75174700585194,frame_fifo_full,,,,,,,,,,,,,,,,,,,,,,,,,,,,,,,,,,,,,,,,,,,,,,,,,,,,,,,,,,,,,,,,,,,,
rsg_object_detection,,374,rsg_20260806_32_554879999_000374,vlm_failed,,,,,,,,,,,,"{""label"":""unknown_object"",""label_confidence"":0.0,""mobility_class"":""unknown"",""mobility_confidence"":0.0}",,,,,,,,,,,,,,,,,,,,,,,,,,,,,,,,,,,,,,,,,,,,,,,,,,,,,,,rsg_obj_000030,rsg_unknown_rsg_20260806_32_554879999_000374_007_nanosam_005,,,2,0.5223766749429533,unknown_object,0.0,unknown,0.0,5145.238832992618,59377.116654999554,qwen_http,Qwen3-VL-8B-Instruct-GGUF
rsg_object_detection,completed,374,rsg_20260806_32_554879999_000374,,,,,,,,,,,54231.87555000186,,vlm_failed,,,,,,,,,,,,,,,,,,,,,,,,,,,,,,,,,,,,,,,,,,,,,,,,,,,,,,,rsg_obj_000030,rsg_unknown_rsg_20260806_32_554879999_000374_007_nanosam_005,30,300,2,0.5223766749429533,,,,,,,,
rsg_object_detection,dropped_oldest,1470,rsg_20260806_97_154880000_001470,dropped,True,fifo_cached_frame,962,109,0,851,109,0,1,0.0,47.020847996464,frame_fifo_full,,,,,,,,,,,,,,,,,,,,,,,,,,,,,,,,,,,,,,,,,,,,,,,,,,,,,,,,,,,,,,,,,,,,
rsg_object_detection,dropped_oldest,1471,rsg_20260806_97_204880000_001471,dropped,True,fifo_cached_frame,963,109,0,852,109,0,1,0.0,52.536666989908554,frame_fifo_full,,,,,,,,,,,,,,,,,,,,,,,,,,,,,,,,,,,,,,,,,,,,,,,,,,,,,,,,,,,,,,,,,,,,
rsg_object_detection,dequeued,404,rsg_20260806_34_304879999_000404,,,,,,,,,,,58389.5153439953,,fifo_order,,,,,,,,,,,,,,,,,,,,,,,,,,,,,,,,,,,,,,,,,,,,,,,,,,,,,,,rsg_obj_000034,rsg_unknown_rsg_20260806_34_304879999_000404_007_nanosam_007,30,300,3,0.6498588262089593,,,,,,,,
rsg_object_detection,dropped_oldest,1472,rsg_20260806_97_254880000_001472,dropped,True,fifo_cached_frame,964,109,0,853,109,0,1,0.0,104.74639599851798,frame_fifo_full,,,,,,,,,,,,,,,,,,,,,,,,,,,,,,,,,,,,,,,,,,,,,,,,,,,,,,,,,,,,,,,,,,,,
rsg_object_detection,dropped_oldest,1473,rsg_20260806_97_354879999_001473,dropped,True,fifo_cached_frame,965,109,0,854,109,0,1,0.0,43.20109800028149,frame_fifo_full,,,,,,,,,,,,,,,,,,,,,,,,,,,,,,,,,,,,,,,,,,,,,,,,,,,,,,,,,,,,,,,,,,,,
rsg_object_detection,dropped_oldest,1474,rsg_20260806_97_404880000_001474,dropped,True,fifo_cached_frame,966,109,0,855,109,0,1,0.0,70.41437699808739,frame_fifo_full,,,,,,,,,,,,,,,,,,,,,,,,,,,,,,,,,,,,,,,,,,,,,,,,,,,,,,,,,,,,,,,,,,,,
rsg_object_detection,dropped_oldest,1475,rsg_20260806_97_454880000_001475,dropped,True,fifo_cached_frame,967,109,0,856,109,0,1,0.0,50.57922600826714,frame_fifo_full,,,,,,,,,,,,,,,,,,,,,,,,,,,,,,,,,,,,,,,,,,,,,,,,,,,,,,,,,,,,,,,,,,,,
rsg_object_detection,frame_trace,1468,rsg_20260806_96_954880000_001468,sent_to_hydra,,,,,,,,,,,571.5149250027025,ok,10.042982001323253,418.6919549974846,141.34404200012796,0.16118100029416382,141.1828609998338,0.004959991201758385,6.652441996266134,0.8616510021965951,184.29826499777846,14.989657996920869,0.006304006092250347,200.15587800298817,99.15563299728092,16.51757099898532,19.51854897197336,29.77787899726536,32.701545977033675,72.47645799361635,65.4133339994587,17.595762052224018,19.806126088951714,19.918673860956915,4.455552159924991,2.4293390015373006,2.8358599956845865,1.7506610020063818,477.0,160.0,0.004671994247473776,0.017344034858979285,3.97334698936902,1.178702004835941,0.5507120076799765,1.2920759909320623,0.42792900057975203,0.004192013875581324,179.07706499681808,6.418141987523995,0.18406100571155548,26.16017500986345,0.0441919983131811,5.281454999931157,4.723032005131245,0.11353399895597249,0.4448889958439395,4.150273001869209,0.6063269975129515,0.004927002009935677,1.430986012564972,7,0,7,0,0,,,,,,,,,,,,,,
rsg_object_detection,dropped_oldest,1477,rsg_20260806_97_554879999_001477,dropped,True,fifo_cached_frame,969,110,0,857,110,0,1,0.0,58.86575499607716,frame_fifo_full,,,,,,,,,,,,,,,,,,,,,,,,,,,,,,,,,,,,,,,,,,,,,,,,,,,,,,,,,,,,,,,,,,,,
rsg_object_detection,dropped_oldest,1478,rsg_20260806_97_604879999_001478,dropped,True,fifo_cached_frame,970,110,0,858,110,0,1,0.0,44.58555699966382,frame_fifo_full,,,,,,,,,,,,,,,,,,,,,,,,,,,,,,,,,,,,,,,,,,,,,,,,,,,,,,,,,,,,,,,,,,,,
rsg_object_detection,dropped_oldest,1479,rsg_20260806_97_654880000_001479,dropped,True,fifo_cached_frame,971,110,0,859,110,0,1,0.0,97.50327399524394,frame_fifo_full,,,,,,,,,,,,,,,,,,,,,,,,,,,,,,,,,,,,,,,,,,,,,,,,,,,,,,,,,,,,,,,,,,,,
rsg_object_detection,dropped_oldest,1480,rsg_20260806_97_754880000_001480,dropped,True,fifo_cached_frame,972,110,0,860,110,0,1,0.0,50.73464701126795,frame_fifo_full,,,,,,,,,,,,,,,,,,,,,,,,,,,,,,,,,,,,,,,,,,,,,,,,,,,,,,,,,,,,,,,,,,,,
rsg_object_detection,dropped_oldest,1481,rsg_20260806_97_804879999_001481,dropped,True,fifo_cached_frame,973,110,0,861,110,0,1,0.0,50.19977600022685,frame_fifo_full,,,,,,,,,,,,,,,,,,,,,,,,,,,,,,,,,,,,,,,,,,,,,,,,,,,,,,,,,,,,,,,,,,,,
rsg_object_detection,dropped_oldest,1482,rsg_20260806_97_854879999_001482,dropped,True,fifo_cached_frame,974,110,0,862,110,0,1,0.0,107.33083600644022,frame_fifo_full,,,,,,,,,,,,,,,,,,,,,,,,,,,,,,,,,,,,,,,,,,,,,,,,,,,,,,,,,,,,,,,,,,,,
rsg_object_detection,frame_trace,1476,rsg_20260806_97_504880000_001476,sent_to_hydra,,,,,,,,,,,508.420661004493,ok,9.67044400749728,468.43400900252163,29.114721997757442,0.1549419976072386,28.959780000150204,0.0026560010155662894,6.094562995713204,0.23478000366594642,304.3627299921354,19.800401001702994,0.0076160067692399025,324.4055270042736,48.1703659897903,14.90681197901722,5.458796018501744,12.443746003555134,14.808762993197888,45.111885003279895,30.162929993821308,1.707145944237709,14.096289916778915,6.6447610151953995,4.225410768412985,7.850246998714283,3.8121980032883584,3.2360140030505136,412.0,162.0,0.006207992555573583,0.014975012163631618,3.3750860020518303,13.730058999499306,0.39468299655709416,1.2782200064975768,0.488792997202836,0.004703993909060955,112.58099600672722,5.6434970028931275,0.18489299691282213,19.480789997032844,0.04374299896880984,5.512107993126847,4.91237299866043,0.09084699559025466,0.5088879988761619,3.4067949891323224,0.7463249930879101,0.0052160321502014995,1.1988299957010895,6,0,6,0,0,,,,,,,,,,,,,,
rsg_object_detection,dropped_oldest,1484,rsg_20260806_98_054879999_001484,dropped,True,fifo_cached_frame,976,111,0,863,111,0,1,0.0,50.066816998878494,frame_fifo_full,,,,,,,,,,,,,,,,,,,,,,,,,,,,,,,,,,,,,,,,,,,,,,,,,,,,,,,,,,,,,,,,,,,,
rsg_object_detection,dropped_oldest,1485,rsg_20260806_98_104879999_001485,dropped,True,fifo_cached_frame,977,111,0,864,111,0,1,0.0,90.15439500217326,frame_fifo_full,,,,,,,,,,,,,,,,,,,,,,,,,,,,,,,,,,,,,,,,,,,,,,,,,,,,,,,,,,,,,,,,,,,,
rsg_object_detection,dropped_oldest,1486,rsg_20260806_98_204880000_001486,dropped,True,fifo_cached_frame,978,111,0,865,111,0,1,0.0,49.964033998548985,frame_fifo_full,,,,,,,,,,,,,,,,,,,,,,,,,,,,,,,,,,,,,,,,,,,,,,,,,,,,,,,,,,,,,,,,,,,,
rsg_object_detection,dropped_oldest,1487,rsg_20260806_98_254880000_001487,dropped,True,fifo_cached_frame,979,111,0,866,111,0,1,0.0,53.670954002882354,frame_fifo_full,,,,,,,,,,,,,,,,,,,,,,,,,,,,,,,,,,,,,,,,,,,,,,,,,,,,,,,,,,,,,,,,,,,,
rsg_object_detection,dropped_oldest,1488,rsg_20260806_98_304879999_001488,dropped,True,fifo_cached_frame,980,111,0,867,111,0,1,0.0,100.40447799838148,frame_fifo_full,,,,,,,,,,,,,,,,,,,,,,,,,,,,,,,,,,,,,,,,,,,,,,,,,,,,,,,,,,,,,,,,,,,,
rsg_object_detection,dropped_oldest,1489,rsg_20260806_98_404880000_001489,dropped,True,fifo_cached_frame,981,111,0,868,111,0,1,0.0,49.99955400126055,frame_fifo_full,,,,,,,,,,,,,,,,,,,,,,,,,,,,,,,,,,,,,,,,,,,,,,,,,,,,,,,,,,,,,,,,,,,,
rsg_object_detection,dropped_oldest,1490,rsg_20260806_98_454880000_001490,dropped,True,fifo_cached_frame,982,111,0,869,111,0,1,0.0,106.5203210018808,frame_fifo_full,,,,,,,,,,,,,,,,,,,,,,,,,,,,,,,,,,,,,,,,,,,,,,,,,,,,,,,,,,,,,,,,,,,,
rsg_object_detection,dropped_oldest,1491,rsg_20260806_98_554879999_001491,dropped,True,fifo_cached_frame,983,111,0,870,111,0,1,0.0,52.72924099699594,frame_fifo_full,,,,,,,,,,,,,,,,,,,,,,,,,,,,,,,,,,,,,,,,,,,,,,,,,,,,,,,,,,,,,,,,,,,,
rsg_object_detection,dropped_oldest,1492,rsg_20260806_98_604879999_001492,dropped,True,fifo_cached_frame,984,111,0,871,111,0,1,0.0,47.640998993301764,frame_fifo_full,,,,,,,,,,,,,,,,,,,,,,,,,,,,,,,,,,,,,,,,,,,,,,,,,,,,,,,,,,,,,,,,,,,,
rsg_object_detection,frame_trace,1483,rsg_20260806_97_954880000_001483,sent_to_hydra,,,,,,,,,,,708.4580149967223,ok,12.423649997799657,614.8485360026825,79.60860499588307,0.1293740060646087,79.47923098981846,0.0019519939087331295,2.3326680093305185,0.2569559874245897,328.2466850068886,24.41040999838151,0.0069759989855811,352.92102699168026,166.31483001401648,40.470258973073214,13.27656400098931,75.44626999879256,36.219828005414456,56.019430005108006,36.5803680033423,1.4897019136697054,17.64625195937697,7.634758003405295,4.86484172870405,10.789371008286253,6.855094994534738,1.7482289986219257,513.0,163.0,0.004448011168278754,0.014687975635752082,3.9477809914387763,1.084718038327992,0.3609219565987587,1.9255700026405975,0.5891109904041514,0.005184003384783864,230.2712579985382,6.42524599970784,0.1443170040147379,22.70973299164325,0.04428700776770711,8.061540997005068,7.478957006242126,0.09065501217264682,0.4919289785902947,3.513225994538516,0.8450430032098666,0.00384000304620713,1.5752720064483583,8,0,8,0,0,,,,,,,,,,,,,,
rsg_object_detection,dropped_oldest,1494,rsg_20260806_98_704880000_001494,dropped,True,fifo_cached_frame,986,112,0,872,112,0,1,0.0,48.18879801314324,frame_fifo_full,,,,,,,,,,,,,,,,,,,,,,,,,,,,,,,,,,,,,,,,,,,,,,,,,,,,,,,,,,,,,,,,,,,,
rsg_object_detection,dropped_oldest,1495,rsg_20260806_98_754880000_001495,dropped,True,fifo_cached_frame,987,112,0,873,112,0,1,0.0,103.10606900020503,frame_fifo_full,,,,,,,,,,,,,,,,,,,,,,,,,,,,,,,,,,,,,,,,,,,,,,,,,,,,,,,,,,,,,,,,,,,,
rsg_object_detection,dropped_oldest,1496,rsg_20260806_98_854879999_001496,dropped,True,fifo_cached_frame,988,112,0,874,112,0,1,0.0,49.28692599060014,frame_fifo_full,,,,,,,,,,,,,,,,,,,,,,,,,,,,,,,,,,,,,,,,,,,,,,,,,,,,,,,,,,,,,,,,,,,,
rsg_object_detection,dropped_oldest,1497,rsg_20260806_98_904880000_001497,dropped,True,fifo_cached_frame,989,112,0,875,112,0,1,0.0,108.49299500114284,frame_fifo_full,,,,,,,,,,,,,,,,,,,,,,,,,,,,,,,,,,,,,,,,,,,,,,,,,,,,,,,,,,,,,,,,,,,,
rsg_object_detection,dropped_oldest,1498,rsg_20260806_99_004879999_001498,dropped,True,fifo_cached_frame,990,112,0,876,112,0,1,0.0,41.9718690100126,frame_fifo_full,,,,,,,,,,,,,,,,,,,,,,,,,,,,,,,,,,,,,,,,,,,,,,,,,,,,,,,,,,,,,,,,,,,,
rsg_object_detection,dropped_oldest,1499,rsg_20260806_99_054879999_001499,dropped,True,fifo_cached_frame,991,112,0,877,112,0,1,0.0,61.44542699621525,frame_fifo_full,,,,,,,,,,,,,,,,,,,,,,,,,,,,,,,,,,,,,,,,,,,,,,,,,,,,,,,,,,,,,,,,,,,,
rsg_object_detection,dropped_oldest,1500,rsg_20260806_99_104879999_001500,dropped,True,fifo_cached_frame,992,112,0,878,112,0,1,0.0,40.372789997491054,frame_fifo_full,,,,,,,,,,,,,,,,,,,,,,,,,,,,,,,,,,,,,,,,,,,,,,,,,,,,,,,,,,,,,,,,,,,,
rsg_object_detection,dropped_oldest,1501,rsg_20260806_99_154880000_001501,dropped,True,fifo_cached_frame,993,112,0,879,112,0,1,0.0,75.0672659924021,frame_fifo_full,,,,,,,,,,,,,,,,,,,,,,,,,,,,,,,,,,,,,,,,,,,,,,,,,,,,,,,,,,,,,,,,,,,,
rsg_object_detection,dropped_oldest,1502,rsg_20260806_99_204880000_001502,dropped,True,fifo_cached_frame,994,112,0,880,112,0,1,0.0,57.14053400151897,frame_fifo_full,,,,,,,,,,,,,,,,,,,,,,,,,,,,,,,,,,,,,,,,,,,,,,,,,,,,,,,,,,,,,,,,,,,,
rsg_object_detection,dropped_oldest,1503,rsg_20260806_99_254880000_001503,dropped,True,fifo_cached_frame,995,112,0,881,112,0,1,0.0,16.36311000038404,frame_fifo_full,,,,,,,,,,,,,,,,,,,,,,,,,,,,,,,,,,,,,,,,,,,,,,,,,,,,,,,,,,,,,,,,,,,,
rsg_object_detection,frame_trace,1493,rsg_20260806_98_654880000_001493,sent_to_hydra,,,,,,,,,,,642.6395029993728,ok,15.407956001581624,600.7904490106739,24.674661995959468,0.14175799151416868,24.5329040044453,0.00313599593937397,1.179245999082923,0.24773999757599086,339.8845239862567,34.88176999962889,0.00864001049194485,375.0226739939535,127.82175499887671,19.839888002024963,5.492843047250062,87.00174001569394,14.688638984807767,58.27229098940734,35.32400399853941,1.8244838720420375,16.87027512525674,7.8989167377585545,4.594554935465567,18.28013600606937,2.9650740034412593,1.6538310010218993,489.0,163.0,0.0057910074247047305,0.016640013200230896,3.7262130208546296,0.5646000208798796,0.3630369756137952,1.5376410010503605,0.6091739924158901,0.004704008460976183,192.9187740024645,6.462589008151554,0.14070200268179178,25.01868900435511,0.047774999984540045,7.576780000817962,6.832664003013633,0.11257499863859266,0.6315409991657361,7.14350699854549,0.6841809954494238,0.003488006768748164,1.7632999952184036,8,0,8,0,0,,,,,,,,,,,,,,
rsg_object_detection,dropped_oldest,1505,rsg_20260806_99_354879999_001505,dropped,True,fifo_cached_frame,997,113,0,882,113,0,1,0.0,57.57822199666407,frame_fifo_full,,,,,,,,,,,,,,,,,,,,,,,,,,,,,,,,,,,,,,,,,,,,,,,,,,,,,,,,,,,,,,,,,,,,
rsg_object_detection,dropped_oldest,1506,rsg_20260806_99_404880000_001506,dropped,True,fifo_cached_frame,998,113,0,883,113,0,1,0.0,38.396788004320115,frame_fifo_full,,,,,,,,,,,,,,,,,,,,,,,,,,,,,,,,,,,,,,,,,,,,,,,,,,,,,,,,,,,,,,,,,,,,
rsg_object_detection,dropped_oldest,1507,rsg_20260806_99_454880000_001507,dropped,True,fifo_cached_frame,999,113,0,884,113,0,1,0.0,61.741422992781736,frame_fifo_full,,,,,,,,,,,,,,,,,,,,,,,,,,,,,,,,,,,,,,,,,,,,,,,,,,,,,,,,,,,,,,,,,,,,
rsg_object_detection,dropped_oldest,1508,rsg_20260806_99_504880000_001508,dropped,True,fifo_cached_frame,1000,113,0,885,113,0,1,0.0,52.06390700186603,frame_fifo_full,,,,,,,,,,,,,,,,,,,,,,,,,,,,,,,,,,,,,,,,,,,,,,,,,,,,,,,,,,,,,,,,,,,,
rsg_object_detection,dropped_oldest,1509,rsg_20260806_99_554879999_001509,dropped,True,fifo_cached_frame,1001,113,0,886,113,0,1,0.0,45.175980994827114,frame_fifo_full,,,,,,,,,,,,,,,,,,,,,,,,,,,,,,,,,,,,,,,,,,,,,,,,,,,,,,,,,,,,,,,,,,,,
rsg_object_detection,dropped_oldest,1510,rsg_20260806_99_604879999_001510,dropped,True,fifo_cached_frame,1002,113,0,887,113,0,1,0.0,55.28792199038435,frame_fifo_full,,,,,,,,,,,,,,,,,,,,,,,,,,,,,,,,,,,,,,,,,,,,,,,,,,,,,,,,,,,,,,,,,,,,
rsg_object_detection,dropped_oldest,1511,rsg_20260806_99_654880000_001511,dropped,True,fifo_cached_frame,1003,113,0,888,113,0,1,0.0,94.46738599217497,frame_fifo_full,,,,,,,,,,,,,,,,,,,,,,,,,,,,,,,,,,,,,,,,,,,,,,,,,,,,,,,,,,,,,,,,,,,,
rsg_object_detection,dropped_oldest,1512,rsg_20260806_99_754880000_001512,dropped,True,fifo_cached_frame,1004,113,0,889,113,0,1,0.0,61.26702998881228,frame_fifo_full,,,,,,,,,,,,,,,,,,,,,,,,,,,,,,,,,,,,,,,,,,,,,,,,,,,,,,,,,,,,,,,,,,,,
rsg_object_detection,dropped_oldest,1513,rsg_20260806_99_804879999_001513,dropped,True,fifo_cached_frame,1005,113,0,890,113,0,1,0.0,87.14599300583359,frame_fifo_full,,,,,,,,,,,,,,,,,,,,,,,,,,,,,,,,,,,,,,,,,,,,,,,,,,,,,,,,,,,,,,,,,,,,
rsg_object_detection,frame_trace,1504,rsg_20260806_99_304879999_001504,sent_to_hydra,,,,,,,,,,,612.7153560082661,ok,12.58627200149931,582.8578610089608,15.92855600756593,0.13503800437320024,15.79351800319273,0.00384000304620713,1.1208790092496201,0.2077410026686266,360.6013590033399,23.93912200932391,0.007135982741601765,384.75535799807403,89.35226299217902,23.309179989155382,6.957171994145028,38.43432398571167,19.60187399527058,79.6431970084086,70.99104100780096,2.1731450397055596,38.208269004826434,21.12452787696384,5.0800800090655684,3.7916860019322485,3.165040005114861,1.5103120094863698,495.0,164.0,0.00454401015304029,0.012990974937565625,3.122321009868756,0.4384900094009936,0.3350659826537594,1.3456110027618706,0.1773089898051694,0.004479996277950704,174.43774499406572,2.562712994404137,0.15430100029334426,19.787762008490972,0.039103004382923245,8.136068005114794,7.551723989308812,0.09116600267589092,0.49317801313009113,3.8316849968396127,0.613879004959017,0.004639994585886598,1.3388269871938974,8,0,7,0,0,,,,,,,,,,,,,,
rsg_object_detection,dropped_oldest,1515,rsg_20260806_99_954880000_001515,dropped,True,fifo_cached_frame,1007,114,0,891,114,0,1,0.0,38.6208170093596,frame_fifo_full,,,,,,,,,,,,,,,,,,,,,,,,,,,,,,,,,,,,,,,,,,,,,,,,,,,,,,,,,,,,,,,,,,,,
rsg_object_detection,dropped_oldest,1516,rsg_20260806_100_004900000_001516,dropped,True,fifo_cached_frame,1008,114,0,892,114,0,1,0.0,52.28614299267065,frame_fifo_full,,,,,,,,,,,,,,,,,,,,,,,,,,,,,,,,,,,,,,,,,,,,,,,,,,,,,,,,,,,,,,,,,,,,
rsg_object_detection,dropped_oldest,1517,rsg_20260806_100_054900000_001517,dropped,True,fifo_cached_frame,1009,114,0,893,114,0,1,0.0,49.21908600954339,frame_fifo_full,,,,,,,,,,,,,,,,,,,,,,,,,,,,,,,,,,,,,,,,,,,,,,,,,,,,,,,,,,,,,,,,,,,,
rsg_object_detection,dropped_oldest,1518,rsg_20260806_100_104900000_001518,dropped,True,fifo_cached_frame,1010,114,0,894,114,0,1,0.0,151.51748798962217,frame_fifo_full,,,,,,,,,,,,,,,,,,,,,,,,,,,,,,,,,,,,,,,,,,,,,,,,,,,,,,,,,,,,,,,,,,,,
rsg_object_detection,dropped_oldest,1519,rsg_20260806_100_254900000_001519,dropped,True,fifo_cached_frame,1011,114,0,895,114,0,1,0.0,63.93908501195256,frame_fifo_full,,,,,,,,,,,,,,,,,,,,,,,,,,,,,,,,,,,,,,,,,,,,,,,,,,,,,,,,,,,,,,,,,,,,
rsg_object_detection,dropped_oldest,1520,rsg_20260806_100_304900000_001520,dropped,True,fifo_cached_frame,1012,114,0,896,114,0,1,0.0,49.58743299357593,frame_fifo_full,,,,,,,,,,,,,,,,,,,,,,,,,,,,,,,,,,,,,,,,,,,,,,,,,,,,,,,,,,,,,,,,,,,,
rsg_object_detection,dropped_oldest,1521,rsg_20260806_100_354900000_001521,dropped,True,fifo_cached_frame,1013,114,0,897,114,0,1,0.0,52.45618900517002,frame_fifo_full,,,,,,,,,,,,,,,,,,,,,,,,,,,,,,,,,,,,,,,,,,,,,,,,,,,,,,,,,,,,,,,,,,,,
rsg_object_detection,frame_trace,1514,rsg_20260806_99_904880000_001514,sent_to_hydra,,,,,,,,,,,524.708383003599,ok,9.814441000344232,491.7937520076521,21.72990700637456,0.1577259972691536,21.572181009105407,0.003168010152876377,0.9648820123402402,0.18742200336419046,315.34768400888424,25.834292013314553,0.006431975634768605,341.37583000119776,63.16815300669987,17.311607021838427,4.188063991023228,23.992977003217675,16.899389011086896,46.13177401188295,28.896549993078224,1.5601361956214532,12.139883023337461,6.9484890409512445,4.533797953627072,11.728299999958836,3.2129750034073368,2.239836991066113,454.0,164.0,0.004703993909060955,0.01577602233737707,5.046931997640058,0.7332370150834322,0.34757696266751736,1.3953390007372946,0.5501989944605157,0.004159999662078917,117.39381898951251,9.098324997466989,0.14963001012802124,22.769923001760617,0.04134299524594098,5.389005003962666,4.839412998990156,0.10323099559172988,0.44636100938078016,3.50324300234206,0.9176180028589442,0.004574991180561483,1.367114979075268,8,0,8,0,0,,,,,,,,,,,,,,
rsg_object_detection,dropped_oldest,1523,rsg_20260806_100_454899999_001523,dropped,True,fifo_cached_frame,1015,115,0,898,115,0,1,0.0,48.45733899855986,frame_fifo_full,,,,,,,,,,,,,,,,,,,,,,,,,,,,,,,,,,,,,,,,,,,,,,,,,,,,,,,,,,,,,,,,,,,,
rsg_object_detection,dropped_oldest,1524,rsg_20260806_100_504900000_001524,dropped,True,fifo_cached_frame,1016,115,0,899,115,0,1,0.0,59.35947499528993,frame_fifo_full,,,,,,,,,,,,,,,,,,,,,,,,,,,,,,,,,,,,,,,,,,,,,,,,,,,,,,,,,,,,,,,,,,,,
rsg_object_detection,dropped_oldest,1525,rsg_20260806_100_554900000_001525,dropped,True,fifo_cached_frame,1017,115,0,900,115,0,1,0.0,94.13308699731715,frame_fifo_full,,,,,,,,,,,,,,,,,,,,,,,,,,,,,,,,,,,,,,,,,,,,,,,,,,,,,,,,,,,,,,,,,,,,
rsg_object_detection,dropped_oldest,1526,rsg_20260806_100_654899999_001526,dropped,True,fifo_cached_frame,1018,115,0,901,115,0,1,0.0,48.44521000632085,frame_fifo_full,,,,,,,,,,,,,,,,,,,,,,,,,,,,,,,,,,,,,,,,,,,,,,,,,,,,,,,,,,,,,,,,,,,,
rsg_object_detection,dropped_oldest,1527,rsg_20260806_100_704899999_001527,dropped,True,fifo_cached_frame,1019,115,0,902,115,0,1,0.0,50.892340994323604,frame_fifo_full,,,,,,,,,,,,,,,,,,,,,,,,,,,,,,,,,,,,,,,,,,,,,,,,,,,,,,,,,,,,,,,,,,,,
rsg_object_detection,dropped_oldest,1528,rsg_20260806_100_754900000_001528,dropped,True,fifo_cached_frame,1020,115,0,903,115,0,1,0.0,50.67487200722098,frame_fifo_full,,,,,,,,,,,,,,,,,,,,,,,,,,,,,,,,,,,,,,,,,,,,,,,,,,,,,,,,,,,,,,,,,,,,
rsg_object_detection,dropped_oldest,1529,rsg_20260806_100_804900000_001529,dropped,True,fifo_cached_frame,1021,115,0,904,115,0,1,0.0,51.82899799547158,frame_fifo_full,,,,,,,,,,,,,,,,,,,,,,,,,,,,,,,,,,,,,,,,,,,,,,,,,,,,,,,,,,,,,,,,,,,,
rsg_object_detection,dropped_oldest,1530,rsg_20260806_100_854900000_001530,dropped,True,fifo_cached_frame,1022,115,0,905,115,0,1,0.0,61.52587399992626,frame_fifo_full,,,,,,,,,,,,,,,,,,,,,,,,,,,,,,,,,,,,,,,,,,,,,,,,,,,,,,,,,,,,,,,,,,,,
rsg_object_detection,dropped_oldest,1531,rsg_20260806_100_904899999_001531,dropped,True,fifo_cached_frame,1023,115,0,906,115,0,1,0.0,39.529410991235636,frame_fifo_full,,,,,,,,,,,,,,,,,,,,,,,,,,,,,,,,,,,,,,,,,,,,,,,,,,,,,,,,,,,,,,,,,,,,
rsg_object_detection,dropped_oldest,1532,rsg_20260806_100_954899999_001532,dropped,True,fifo_cached_frame,1024,115,0,907,115,0,1,0.0,120.06197099981364,frame_fifo_full,,,,,,,,,,,,,,,,,,,,,,,,,,,,,,,,,,,,,,,,,,,,,,,,,,,,,,,,,,,,,,,,,,,,
rsg_object_detection,frame_trace,1522,rsg_20260806_100_404899999_001522,sent_to_hydra,,,,,,,,,,,670.9337629872607,ok,9.93536799796857,631.3803520024521,27.919252999708988,0.13855799625162035,27.780695003457367,0.005215988494455814,7.800328006851487,0.293468008749187,403.824890992837,14.596384004107676,0.007584007107652724,418.72232701280154,107.18085600819904,23.54956101044081,9.676238012616523,54.203712032176554,18.918080008006655,60.784413988585584,52.012355998158455,1.5358738601207733,15.017596786492504,18.155727899284102,10.950421084999107,3.045297009521164,3.369388999999501,2.3043479886837304,606.0,166.0,0.004927991540171206,0.015295998309738934,3.7274609931046143,2.347323010326363,0.3585889935493469,1.381098001729697,0.19372500537429005,0.0050240050768479705,175.9958979964722,2.761941999779083,0.14783799997530878,25.908083000103943,0.043935986468568444,4.985620005754754,4.446652004844509,0.08492699998896569,0.4540410009212792,4.125089006265625,0.8184190082829446,0.006239977665245533,1.693573998636566,8,0,8,0,0,,,,,,,,,,,,,,
rsg_object_detection,dropped_oldest,1534,rsg_20260806_101_104900000_001534,dropped,True,fifo_cached_frame,1026,116,0,908,116,0,1,0.0,40.43346201069653,frame_fifo_full,,,,,,,,,,,,,,,,,,,,,,,,,,,,,,,,,,,,,,,,,,,,,,,,,,,,,,,,,,,,,,,,,,,,
rsg_object_detection,dropped_oldest,1535,rsg_20260806_101_154899999_001535,dropped,True,fifo_cached_frame,1027,116,0,909,116,0,1,0.0,105.73134099831805,frame_fifo_full,,,,,,,,,,,,,,,,,,,,,,,,,,,,,,,,,,,,,,,,,,,,,,,,,,,,,,,,,,,,,,,,,,,,
rsg_object_detection,dropped_oldest,1536,rsg_20260806_101_254900000_001536,dropped,True,fifo_cached_frame,1028,116,0,910,116,0,1,0.0,100.63657199498266,frame_fifo_full,,,,,,,,,,,,,,,,,,,,,,,,,,,,,,,,,,,,,,,,,,,,,,,,,,,,,,,,,,,,,,,,,,,,
rsg_object_detection,dropped_oldest,1537,rsg_20260806_101_354900000_001537,dropped,True,fifo_cached_frame,1029,116,0,911,116,0,1,0.0,46.39026601216756,frame_fifo_full,,,,,,,,,,,,,,,,,,,,,,,,,,,,,,,,,,,,,,,,,,,,,,,,,,,,,,,,,,,,,,,,,,,,
rsg_object_detection,dropped_oldest,1538,rsg_20260806_101_404899999_001538,dropped,True,fifo_cached_frame,1030,116,0,912,116,0,1,0.0,59.60123099794146,frame_fifo_full,,,,,,,,,,,,,,,,,,,,,,,,,,,,,,,,,,,,,,,,,,,,,,,,,,,,,,,,,,,,,,,,,,,,
rsg_object_detection,dropped_oldest,1539,rsg_20260806_101_454899999_001539,dropped,True,fifo_cached_frame,1031,116,0,913,116,0,1,0.0,208.23758099868428,frame_fifo_full,,,,,,,,,,,,,,,,,,,,,,,,,,,,,,,,,,,,,,,,,,,,,,,,,,,,,,,,,,,,,,,,,,,,
rsg_object_detection,dropped_oldest,1540,rsg_20260806_101_554900000_001540,dropped,True,fifo_cached_frame,1032,116,0,914,116,0,1,0.0,12.648797986912541,frame_fifo_full,,,,,,,,,,,,,,,,,,,,,,,,,,,,,,,,,,,,,,,,,,,,,,,,,,,,,,,,,,,,,,,,,,,,
rsg_object_detection,dropped_oldest,1541,rsg_20260806_101_654899999_001541,dropped,True,fifo_cached_frame,1033,116,0,915,116,0,1,0.0,53.215889987768605,frame_fifo_full,,,,,,,,,,,,,,,,,,,,,,,,,,,,,,,,,,,,,,,,,,,,,,,,,,,,,,,,,,,,,,,,,,,,
rsg_object_detection,dropped_oldest,1542,rsg_20260806_101_704899999_001542,dropped,True,fifo_cached_frame,1034,116,0,916,116,0,1,0.0,15.443379990756512,frame_fifo_full,,,,,,,,,,,,,,,,,,,,,,,,,,,,,,,,,,,,,,,,,,,,,,,,,,,,,,,,,,,,,,,,,,,,
rsg_object_detection,frame_trace,1533,rsg_20260806_101_054900000_001533,sent_to_hydra,,,,,,,,,,,675.7123790011974,ok,19.934894997277297,624.0360179945128,30.060820005019195,0.15529400843661278,29.905525996582583,0.001983993570320308,4.786167002748698,0.1778209989424795,304.73587999586016,22.484872009954415,0.007487993570975959,327.40606099832803,181.02964498393703,40.456021000863984,14.116328020463698,86.90484598628245,38.74916698259767,74.39307001186535,60.188167000887915,1.6899889742489904,18.302272976143286,13.38719813793432,11.915553957805969,6.6594819945748895,5.532811002922244,1.9633300107670948,619.0,167.0,0.004864006768912077,0.014559991541318595,3.5317540023243055,1.355114989564754,0.3558990138117224,1.3374190020840615,0.4949690046487376,0.004128000000491738,262.5201430055313,5.131537007400766,0.16537400369998068,23.98561598965898,0.04111998714506626,11.654542002361268,11.045591003494337,0.0920939928619191,0.5168570060050115,4.020034000859596,4.254686995409429,0.005631998647004366,1.6786620108177885,8,0,8,0,0,,,,,,,,,,,,,,
rsg_object_detection,dropped_oldest,1544,rsg_20260806_101_854900000_001544,dropped,True,fifo_cached_frame,1036,117,0,917,117,0,1,0.0,51.00069199397694,frame_fifo_full,,,,,,,,,,,,,,,,,,,,,,,,,,,,,,,,,,,,,,,,,,,,,,,,,,,,,,,,,,,,,,,,,,,,
rsg_object_detection,dropped_oldest,1545,rsg_20260806_101_904899999_001545,dropped,True,fifo_cached_frame,1037,117,0,918,117,0,1,0.0,101.48868699616287,frame_fifo_full,,,,,,,,,,,,,,,,,,,,,,,,,,,,,,,,,,,,,,,,,,,,,,,,,,,,,,,,,,,,,,,,,,,,
rsg_object_detection,dropped_oldest,1546,rsg_20260806_102_004900000_001546,dropped,True,fifo_cached_frame,1038,117,0,919,117,0,1,0.0,102.55401500035077,frame_fifo_full,,,,,,,,,,,,,,,,,,,,,,,,,,,,,,,,,,,,,,,,,,,,,,,,,,,,,,,,,,,,,,,,,,,,
rsg_object_detection,dropped_oldest,1547,rsg_20260806_102_104900000_001547,dropped,True,fifo_cached_frame,1039,117,0,920,117,0,1,0.0,46.15497299528215,frame_fifo_full,,,,,,,,,,,,,,,,,,,,,,,,,,,,,,,,,,,,,,,,,,,,,,,,,,,,,,,,,,,,,,,,,,,,
rsg_object_detection,dropped_oldest,1548,rsg_20260806_102_154899999_001548,dropped,True,fifo_cached_frame,1040,117,0,921,117,0,1,0.0,97.71056899626274,frame_fifo_full,,,,,,,,,,,,,,,,,,,,,,,,,,,,,,,,,,,,,,,,,,,,,,,,,,,,,,,,,,,,,,,,,,,,
rsg_object_detection,dropped_oldest,1549,rsg_20260806_102_254900000_001549,dropped,True,fifo_cached_frame,1041,117,0,922,117,0,1,0.0,51.77357600769028,frame_fifo_full,,,,,,,,,,,,,,,,,,,,,,,,,,,,,,,,,,,,,,,,,,,,,,,,,,,,,,,,,,,,,,,,,,,,
rsg_object_detection,frame_trace,1543,rsg_20260806_101_754900000_001543,sent_to_hydra,,,,,,,,,,,597.8663400019286,ok,12.009513011435047,566.381028998876,18.064748001052067,0.15276599151547998,17.911982009536587,0.0023040047381073236,5.669160993420519,0.20937299996148795,348.7103119987296,24.804515996947885,0.006880000000819564,373.7310809956398,84.77623799990397,22.834341012639925,6.4540759776718915,36.925450011040084,17.839502994320355,65.93188700207975,55.90996000682935,1.4939900283934548,32.63808484189212,7.1284410514635965,4.440226781298406,5.0232200010214,3.2643670128891245,1.6803270118543878,475.0,167.0,0.004736008122563362,0.016542995581403375,7.615338996401988,1.3894180010538548,0.3708440053742379,1.493736999691464,0.38690600194968283,0.00384000304620713,161.99124899867456,6.150785993668251,0.13596599455922842,18.648643002961762,0.05414301995187998,7.490541989682242,6.870294993859716,0.08991900540422648,0.5303279904183,3.8198450056370348,0.6939099985174835,0.005216017598286271,1.4087459858274087,8,0,8,0,0,,,,,,,,,,,,,,
rsg_object_detection,dropped_oldest,1551,rsg_20260806_102_404899999_001551,dropped,True,fifo_cached_frame,1043,118,0,923,118,0,1,0.0,49.323596991598606,frame_fifo_full,,,,,,,,,,,,,,,,,,,,,,,,,,,,,,,,,,,,,,,,,,,,,,,,,,,,,,,,,,,,,,,,,,,,
rsg_object_detection,dropped_oldest,1552,rsg_20260806_102_454899999_001552,dropped,True,fifo_cached_frame,1044,118,0,924,118,0,1,0.0,49.65268100204412,frame_fifo_full,,,,,,,,,,,,,,,,,,,,,,,,,,,,,,,,,,,,,,,,,,,,,,,,,,,,,,,,,,,,,,,,,,,,
rsg_object_detection,dropped_oldest,1553,rsg_20260806_102_504900000_001553,dropped,True,fifo_cached_frame,1045,118,0,925,118,0,1,0.0,104.57401699386537,frame_fifo_full,,,,,,,,,,,,,,,,,,,,,,,,,,,,,,,,,,,,,,,,,,,,,,,,,,,,,,,,,,,,,,,,,,,,
rsg_object_detection,dropped_oldest,1554,rsg_20260806_102_604900000_001554,dropped,True,fifo_cached_frame,1046,118,0,926,118,0,1,0.0,50.59599399100989,frame_fifo_full,,,,,,,,,,,,,,,,,,,,,,,,,,,,,,,,,,,,,,,,,,,,,,,,,,,,,,,,,,,,,,,,,,,,
rsg_object_detection,dropped_oldest,1555,rsg_20260806_102_654899999_001555,dropped,True,fifo_cached_frame,1047,118,0,927,118,0,1,0.0,50.39158099680208,frame_fifo_full,,,,,,,,,,,,,,,,,,,,,,,,,,,,,,,,,,,,,,,,,,,,,,,,,,,,,,,,,,,,,,,,,,,,
rsg_object_detection,dropped_oldest,1556,rsg_20260806_102_704899999_001556,dropped,True,fifo_cached_frame,1048,118,0,928,118,0,1,0.0,99.72269799618516,frame_fifo_full,,,,,,,,,,,,,,,,,,,,,,,,,,,,,,,,,,,,,,,,,,,,,,,,,,,,,,,,,,,,,,,,,,,,
rsg_object_detection,dropped_oldest,1557,rsg_20260806_102_804900000_001557,dropped,True,fifo_cached_frame,1049,118,0,929,118,0,1,0.0,46.21628500171937,frame_fifo_full,,,,,,,,,,,,,,,,,,,,,,,,,,,,,,,,,,,,,,,,,,,,,,,,,,,,,,,,,,,,,,,,,,,,
rsg_object_detection,frame_trace,1550,rsg_20260806_102_304900000_001550,sent_to_hydra,,,,,,,,,,,601.9508540048264,ok,9.25976199505385,531.6452419938287,59.54708901117556,0.14003000978846103,59.4070590013871,0.0025600020308047533,1.1677259899443015,0.1937890046974644,309.3681949976599,24.633702996652573,0.009440002031624317,334.20512700104155,110.09204300353304,19.9398230179213,5.844965999131091,58.91257199982647,24.61005499935709,51.60103399248328,35.185893008019775,1.3926799729233608,15.742536968900822,7.18261995643843,5.762116867117584,10.691964998841286,3.851525005302392,1.8198439938714728,493.0,169.0,0.004608009476214647,0.014719014870934188,4.219456997816451,1.093711020075716,0.3636099863797426,1.4743130013812333,0.4415930015966296,0.004512010491453111,169.30992099514697,5.077715002698824,0.17270099488086998,21.666291999281384,0.045760010834783316,4.9930440000025555,4.428027998073958,0.08559899288229644,0.47941700904630125,3.5117860097670928,0.750259991036728,0.004671994247473776,1.4962010027375072,8,0,8,0,0,,,,,,,,,,,,,,
rsg_object_detection,dropped_oldest,1559,rsg_20260806_102_954899999_001559,dropped,True,fifo_cached_frame,1051,119,0,930,119,0,1,0.0,37.87830000510439,frame_fifo_full,,,,,,,,,,,,,,,,,,,,,,,,,,,,,,,,,,,,,,,,,,,,,,,,,,,,,,,,,,,,,,,,,,,,
rsg_object_detection,,404,rsg_20260806_34_304879999_000404,vlm_done,,,,,,,,,,,,ok,,,,,,,,,,,,,,,,,,,,,,,,,,,,,,,,,,,,,,,,,,,,,,,,,,,,,,,rsg_obj_000034,rsg_unknown_rsg_20260806_34_304879999_000404_007_nanosam_007,,,3,0.6498588262089593,floor,0.98,static,0.99,5754.409446002683,64143.92655000847,qwen_http,Qwen3-VL-8B-Instruct-GGUF
rsg_object_detection,completed,404,rsg_20260806_34_304879999_000404,,,,,,,,,,,58389.5153439953,,vlm_done,,,,,,,,,,,,,,,,,,,,,,,,,,,,,,,,,,,,,,,,,,,,,,,,,,,,,,,rsg_obj_000034,rsg_unknown_rsg_20260806_34_304879999_000404_007_nanosam_007,43,300,3,0.6498588262089593,,,,,,,,
rsg_object_detection,dequeued,381,rsg_20260806_33_004879999_000381,,,,,,,,,,,63978.656582999974,,fifo_order,,,,,,,,,,,,,,,,,,,,,,,,,,,,,,,,,,,,,,,,,,,,,,,,,,,,,,,rsg_obj_000036,rsg_unknown_rsg_20260806_33_004879999_000381_007_nanosam_003,42,300,1,0.35327163902702624,,,,,,,,
rsg_object_detection,dropped_oldest,1560,rsg_20260806_103_004900000_001560,dropped,True,fifo_cached_frame,1052,119,0,931,119,0,1,0.0,99.47195000131615,frame_fifo_full,,,,,,,,,,,,,,,,,,,,,,,,,,,,,,,,,,,,,,,,,,,,,,,,,,,,,,,,,,,,,,,,,,,,
rsg_object_detection,dropped_oldest,1561,rsg_20260806_103_104900000_001561,dropped,True,fifo_cached_frame,1053,119,0,932,119,0,1,0.0,53.35476799518801,frame_fifo_full,,,,,,,,,,,,,,,,,,,,,,,,,,,,,,,,,,,,,,,,,,,,,,,,,,,,,,,,,,,,,,,,,,,,
rsg_object_detection,dropped_oldest,1562,rsg_20260806_103_154899999_001562,dropped,True,fifo_cached_frame,1054,119,0,933,119,0,1,0.0,124.98461600625888,frame_fifo_full,,,,,,,,,,,,,,,,,,,,,,,,,,,,,,,,,,,,,,,,,,,,,,,,,,,,,,,,,,,,,,,,,,,,
rsg_object_detection,dropped_oldest,1563,rsg_20260806_103_254900000_001563,dropped,True,fifo_cached_frame,1055,119,0,934,119,0,1,0.0,71.7437340063043,frame_fifo_full,,,,,,,,,,,,,,,,,,,,,,,,,,,,,,,,,,,,,,,,,,,,,,,,,,,,,,,,,,,,,,,,,,,,
rsg_object_detection,frame_trace,1558,rsg_20260806_102_854900000_001558,sent_to_hydra,,,,,,,,,,,605.4039870068664,ok,13.840749001246877,523.1045419932343,66.66589200904127,0.15145400539040565,66.51443800365087,0.00630300201009959,0.9628339903429151,0.16902100469451398,276.77400600805413,20.25533800770063,0.007327980711124837,297.2056930011604,139.8649960028706,32.983047014568,7.2759530012262985,74.2544490203727,23.384795014862902,48.08185600268189,30.586541004595347,1.1273080453975126,13.70465113723185,7.18786301149521,4.825175899895839,5.830150010297075,7.046612998237833,4.561850990285166,499.0,172.0,0.0042869942262768745,0.016894962755031884,5.402702008723281,1.0312159865861759,0.39711399585939944,1.8630429985933006,0.46834499516990036,0.004864006768912077,197.1350639942102,6.587643001694232,0.17628500063437968,20.98659100010991,0.05043200508225709,8.296353000332601,7.669578000786714,0.09023900202009827,0.5365359975257888,4.738487987197004,0.8002120011951774,0.005696012522093952,1.7865010013338178,8,0,8,0,0,,,,,,,,,,,,,,
rsg_object_detection,dropped_oldest,1565,rsg_20260806_103_404899999_001565,dropped,True,fifo_cached_frame,1057,120,0,935,120,0,1,0.0,6.560220004757866,frame_fifo_full,,,,,,,,,,,,,,,,,,,,,,,,,,,,,,,,,,,,,,,,,,,,,,,,,,,,,,,,,,,,,,,,,,,,
rsg_object_detection,dropped_oldest,1566,rsg_20260806_103_454899999_001566,dropped,True,fifo_cached_frame,1058,120,0,936,120,0,1,0.0,23.860658999183215,frame_fifo_full,,,,,,,,,,,,,,,,,,,,,,,,,,,,,,,,,,,,,,,,,,,,,,,,,,,,,,,,,,,,,,,,,,,,
rsg_object_detection,dropped_oldest,1567,rsg_20260806_103_504900000_001567,dropped,True,fifo_cached_frame,1059,120,0,937,120,0,1,0.0,43.970655009616166,frame_fifo_full,,,,,,,,,,,,,,,,,,,,,,,,,,,,,,,,,,,,,,,,,,,,,,,,,,,,,,,,,,,,,,,,,,,,
rsg_object_detection,dropped_oldest,1568,rsg_20260806_103_554900000_001568,dropped,True,fifo_cached_frame,1060,120,0,938,120,0,1,0.0,98.6173389974283,frame_fifo_full,,,,,,,,,,,,,,,,,,,,,,,,,,,,,,,,,,,,,,,,,,,,,,,,,,,,,,,,,,,,,,,,,,,,
rsg_object_detection,dropped_oldest,1569,rsg_20260806_103_654899999_001569,dropped,True,fifo_cached_frame,1061,120,0,939,120,0,1,0.0,103.91610600345302,frame_fifo_full,,,,,,,,,,,,,,,,,,,,,,,,,,,,,,,,,,,,,,,,,,,,,,,,,,,,,,,,,,,,,,,,,,,,
rsg_object_detection,dropped_oldest,1570,rsg_20260806_103_754900000_001570,dropped,True,fifo_cached_frame,1062,120,0,940,120,0,1,0.0,50.57055399811361,frame_fifo_full,,,,,,,,,,,,,,,,,,,,,,,,,,,,,,,,,,,,,,,,,,,,,,,,,,,,,,,,,,,,,,,,,,,,
rsg_object_detection,dropped_oldest,1571,rsg_20260806_103_804900000_001571,dropped,True,fifo_cached_frame,1063,120,0,941,120,0,1,0.0,119.12307400780264,frame_fifo_full,,,,,,,,,,,,,,,,,,,,,,,,,,,,,,,,,,,,,,,,,,,,,,,,,,,,,,,,,,,,,,,,,,,,
rsg_object_detection,dropped_oldest,1572,rsg_20260806_103_904899999_001572,dropped,True,fifo_cached_frame,1064,120,0,942,120,0,1,0.0,82.48203399125487,frame_fifo_full,,,,,,,,,,,,,,,,,,,,,,,,,,,,,,,,,,,,,,,,,,,,,,,,,,,,,,,,,,,,,,,,,,,,
rsg_object_detection,dropped_oldest,1573,rsg_20260806_103_954899999_001573,dropped,True,fifo_cached_frame,1065,120,0,943,120,0,1,0.0,46.59128800267354,frame_fifo_full,,,,,,,,,,,,,,,,,,,,,,,,,,,,,,,,,,,,,,,,,,,,,,,,,,,,,,,,,,,,,,,,,,,,
rsg_object_detection,frame_trace,1564,rsg_20260806_103_354900000_001564,sent_to_hydra,,,,,,,,,,,711.891254002694,ok,13.938506002887152,571.1615670006722,123.94453599699773,0.1316779962508008,123.81285800074693,0.004703993909060955,4.6756399970036,1.2688449933193624,315.024205003283,18.189738009823486,0.010687988833524287,334.49347599525936,144.27478502329905,19.035035991691984,5.237295990809798,92.42834700853564,26.86317401821725,58.15872699895408,45.3643299988471,1.3281040883157402,18.37661987519823,7.442725211149082,7.000026045716368,7.605292004882358,3.3296769979642704,1.8103080074070022,496.0,172.0,0.005376001354306936,0.015103985788300633,3.592040011426434,0.40485800127498806,0.34866695932578295,1.3987949932925403,0.16431800031568855,0.004703004378825426,208.3629240078153,3.0245620000641793,0.15443000302184373,20.4032720066607,0.04726299084722996,9.28350600588601,8.531838000635616,0.09897399286273867,0.6526940123876557,3.8757800066377968,0.7742919988231733,0.004927991540171206,2.8419410082278773,8,0,8,0,0,,,,,,,,,,,,,,
rsg_object_detection,dropped_oldest,1575,rsg_20260806_104_104900000_001575,dropped,True,fifo_cached_frame,1067,121,0,944,121,0,1,0.0,44.72754000744317,frame_fifo_full,,,,,,,,,,,,,,,,,,,,,,,,,,,,,,,,,,,,,,,,,,,,,,,,,,,,,,,,,,,,,,,,,,,,
rsg_object_detection,dropped_oldest,1576,rsg_20260806_104_154899999_001576,dropped,True,fifo_cached_frame,1068,121,0,945,121,0,1,0.0,99.45659099321347,frame_fifo_full,,,,,,,,,,,,,,,,,,,,,,,,,,,,,,,,,,,,,,,,,,,,,,,,,,,,,,,,,,,,,,,,,,,,
rsg_object_detection,dropped_oldest,1577,rsg_20260806_104_254900000_001577,dropped,True,fifo_cached_frame,1069,121,0,946,121,0,1,0.0,53.70634701102972,frame_fifo_full,,,,,,,,,,,,,,,,,,,,,,,,,,,,,,,,,,,,,,,,,,,,,,,,,,,,,,,,,,,,,,,,,,,,
rsg_object_detection,dropped_oldest,1578,rsg_20260806_104_304900000_001578,dropped,True,fifo_cached_frame,1070,121,0,947,121,0,1,0.0,52.04112399951555,frame_fifo_full,,,,,,,,,,,,,,,,,,,,,,,,,,,,,,,,,,,,,,,,,,,,,,,,,,,,,,,,,,,,,,,,,,,,
rsg_object_detection,dropped_oldest,1579,rsg_20260806_104_354900000_001579,dropped,True,fifo_cached_frame,1071,121,0,948,121,0,1,0.0,45.934688998386264,frame_fifo_full,,,,,,,,,,,,,,,,,,,,,,,,,,,,,,,,,,,,,,,,,,,,,,,,,,,,,,,,,,,,,,,,,,,,
rsg_object_detection,dropped_oldest,1580,rsg_20260806_104_404899999_001580,dropped,True,fifo_cached_frame,1072,121,0,949,121,0,1,0.0,53.28750499757007,frame_fifo_full,,,,,,,,,,,,,,,,,,,,,,,,,,,,,,,,,,,,,,,,,,,,,,,,,,,,,,,,,,,,,,,,,,,,
rsg_object_detection,dropped_oldest,1581,rsg_20260806_104_454899999_001581,dropped,True,fifo_cached_frame,1073,121,0,950,121,0,1,0.0,65.76529900485184,frame_fifo_full,,,,,,,,,,,,,,,,,,,,,,,,,,,,,,,,,,,,,,,,,,,,,,,,,,,,,,,,,,,,,,,,,,,,
rsg_object_detection,dropped_oldest,1582,rsg_20260806_104_504900000_001582,dropped,True,fifo_cached_frame,1074,121,0,951,121,0,1,0.0,47.98749000474345,frame_fifo_full,,,,,,,,,,,,,,,,,,,,,,,,,,,,,,,,,,,,,,,,,,,,,,,,,,,,,,,,,,,,,,,,,,,,
rsg_object_detection,frame_trace,1574,rsg_20260806_104_054900000_001574,sent_to_hydra,,,,,,,,,,,530.3535210114205,ok,11.44993701018393,493.4273660037434,23.92491401406005,0.15551800606772304,23.769396007992327,0.002815999323502183,0.9851689974311739,0.17167700571008027,311.065451009199,21.250235004117712,0.006719987140968442,332.4940830061678,68.29175500024576,23.743028999888338,5.238929006736726,20.885951016680337,17.524853989016265,51.65856999519747,39.359622009214945,1.6687699971953407,16.87116894754581,7.630961845279671,7.43866729317233,7.614923000801355,2.9588990000775084,1.6781180020188913,505.0,172.0,0.0036480050766840577,0.014016011846251786,3.430155018577352,0.35612199280876666,0.3197409969288856,1.364459007163532,0.3569550026440993,0.004415996954776347,125.79948399798013,8.800696989055723,0.1559979864396155,25.145086998236366,0.04684802843257785,5.6493219890398905,4.98578000406269,0.11346999963279814,0.5500719853444025,5.037202994571999,0.7581649988424033,0.005247027729637921,1.54848798410967,8,0,8,0,0,,,,,,,,,,,,,,
rsg_object_detection,dropped_oldest,1584,rsg_20260806_104_604900000_001584,dropped,True,fifo_cached_frame,1076,122,0,952,122,0,1,0.0,48.10073699627537,frame_fifo_full,,,,,,,,,,,,,,,,,,,,,,,,,,,,,,,,,,,,,,,,,,,,,,,,,,,,,,,,,,,,,,,,,,,,
rsg_object_detection,dropped_oldest,1585,rsg_20260806_104_654899999_001585,dropped,True,fifo_cached_frame,1077,122,0,953,122,0,1,0.0,51.22811300680041,frame_fifo_full,,,,,,,,,,,,,,,,,,,,,,,,,,,,,,,,,,,,,,,,,,,,,,,,,,,,,,,,,,,,,,,,,,,,
rsg_object_detection,dropped_oldest,1586,rsg_20260806_104_704899999_001586,dropped,True,fifo_cached_frame,1078,122,0,954,122,0,1,0.0,49.463499992270954,frame_fifo_full,,,,,,,,,,,,,,,,,,,,,,,,,,,,,,,,,,,,,,,,,,,,,,,,,,,,,,,,,,,,,,,,,,,,
rsg_object_detection,dropped_oldest,1587,rsg_20260806_104_754900000_001587,dropped,True,fifo_cached_frame,1079,122,0,955,122,0,1,0.0,53.87981599778868,frame_fifo_full,,,,,,,,,,,,,,,,,,,,,,,,,,,,,,,,,,,,,,,,,,,,,,,,,,,,,,,,,,,,,,,,,,,,
rsg_object_detection,dropped_oldest,1588,rsg_20260806_104_804900000_001588,dropped,True,fifo_cached_frame,1080,122,0,956,122,0,1,0.0,49.75008699693717,frame_fifo_full,,,,,,,,,,,,,,,,,,,,,,,,,,,,,,,,,,,,,,,,,,,,,,,,,,,,,,,,,,,,,,,,,,,,
rsg_object_detection,dropped_oldest,1589,rsg_20260806_104_854900000_001589,dropped,True,fifo_cached_frame,1081,122,0,957,122,0,1,0.0,49.94704401178751,frame_fifo_full,,,,,,,,,,,,,,,,,,,,,,,,,,,,,,,,,,,,,,,,,,,,,,,,,,,,,,,,,,,,,,,,,,,,
rsg_object_detection,dropped_oldest,1590,rsg_20260806_104_904899999_001590,dropped,True,fifo_cached_frame,1082,122,0,958,122,0,1,0.0,49.28411099535879,frame_fifo_full,,,,,,,,,,,,,,,,,,,,,,,,,,,,,,,,,,,,,,,,,,,,,,,,,,,,,,,,,,,,,,,,,,,,
rsg_object_detection,dropped_oldest,1591,rsg_20260806_104_954899999_001591,dropped,True,fifo_cached_frame,1083,122,0,959,122,0,1,0.0,165.0507560116239,frame_fifo_full,,,,,,,,,,,,,,,,,,,,,,,,,,,,,,,,,,,,,,,,,,,,,,,,,,,,,,,,,,,,,,,,,,,,
rsg_object_detection,dropped_oldest,1592,rsg_20260806_105_004900000_001592,dropped,True,fifo_cached_frame,1084,122,0,960,122,0,1,0.0,5.550636007683352,frame_fifo_full,,,,,,,,,,,,,,,,,,,,,,,,,,,,,,,,,,,,,,,,,,,,,,,,,,,,,,,,,,,,,,,,,,,,
rsg_object_detection,dropped_oldest,1593,rsg_20260806_105_054900000_001593,dropped,True,fifo_cached_frame,1085,122,0,961,122,0,1,0.0,2.8353480010991916,frame_fifo_full,,,,,,,,,,,,,,,,,,,,,,,,,,,,,,,,,,,,,,,,,,,,,,,,,,,,,,,,,,,,,,,,,,,,
rsg_object_detection,frame_trace,1583,rsg_20260806_104_554900000_001583,sent_to_hydra,,,,,,,,,,,567.9786750115454,ok,15.690865009673871,521.3508430024376,29.32438401330728,0.1479339989600703,29.17645001434721,0.0025280023692175746,5.385069001931697,0.5704880022676662,315.7416350004496,20.96393599640578,0.006783011485822499,337.2828420106089,105.47470599703956,25.465017984970473,7.806791996699758,50.07929800194688,21.357369027100503,36.24546200444456,27.876981999725103,1.1511150805745274,11.994857035460882,6.4837800891837105,4.672369905165397,3.3873719949042425,3.2464139949297532,1.6888700047275051,494.0,172.0,0.0031039962777867913,0.015263998648151755,3.6855129874311388,0.39887499588076025,0.3577210154617205,1.6421829932369292,0.26047599385492504,0.007648006430827081,148.09853599581402,5.11438499961514,0.1645419979467988,25.25587000127416,0.04959899524692446,10.97983299405314,10.3070100012701,0.11759799963328987,0.5552249931497499,3.99907398968935,0.7074140012264252,0.004544024704955518,1.6100549837574363,8,0,8,0,0,,,,,,,,,,,,,,
rsg_object_detection,dropped_oldest,1595,rsg_20260806_105_154899999_001595,dropped,True,fifo_cached_frame,1087,123,0,962,123,0,1,0.0,45.27969101036433,frame_fifo_full,,,,,,,,,,,,,,,,,,,,,,,,,,,,,,,,,,,,,,,,,,,,,,,,,,,,,,,,,,,,,,,,,,,,
rsg_object_detection,dropped_oldest,1596,rsg_20260806_105_204899999_001596,dropped,True,fifo_cached_frame,1088,123,0,963,123,0,1,0.0,106.08960900572129,frame_fifo_full,,,,,,,,,,,,,,,,,,,,,,,,,,,,,,,,,,,,,,,,,,,,,,,,,,,,,,,,,,,,,,,,,,,,
rsg_object_detection,dropped_oldest,1597,rsg_20260806_105_304900000_001597,dropped,True,fifo_cached_frame,1089,123,0,964,123,0,1,0.0,46.975858000223525,frame_fifo_full,,,,,,,,,,,,,,,,,,,,,,,,,,,,,,,,,,,,,,,,,,,,,,,,,,,,,,,,,,,,,,,,,,,,
rsg_object_detection,dropped_oldest,1598,rsg_20260806_105_354900000_001598,dropped,True,fifo_cached_frame,1090,123,0,965,123,0,1,0.0,52.34780799946748,frame_fifo_full,,,,,,,,,,,,,,,,,,,,,,,,,,,,,,,,,,,,,,,,,,,,,,,,,,,,,,,,,,,,,,,,,,,,
rsg_object_detection,dropped_oldest,1599,rsg_20260806_105_404899999_001599,dropped,True,fifo_cached_frame,1091,123,0,966,123,0,1,0.0,49.656647999654524,frame_fifo_full,,,,,,,,,,,,,,,,,,,,,,,,,,,,,,,,,,,,,,,,,,,,,,,,,,,,,,,,,,,,,,,,,,,,
rsg_object_detection,dropped_oldest,1600,rsg_20260806_105_454899999_001600,dropped,True,fifo_cached_frame,1092,123,0,967,123,0,1,0.0,74.56301999627613,frame_fifo_full,,,,,,,,,,,,,,,,,,,,,,,,,,,,,,,,,,,,,,,,,,,,,,,,,,,,,,,,,,,,,,,,,,,,
rsg_object_detection,dropped_oldest,1601,rsg_20260806_105_504900000_001601,dropped,True,fifo_cached_frame,1093,123,0,968,124,0,1,0.0,238.45747399900574,frame_fifo_full,,,,,,,,,,,,,,,,,,,,,,,,,,,,,,,,,,,,,,,,,,,,,,,,,,,,,,,,,,,,,,,,,,,,
rsg_object_detection,frame_trace,1594,rsg_20260806_105_104900000_001594,sent_to_hydra,,,,,,,,,,,627.5813170068432,ok,12.509537002188154,587.8190119983628,25.634680001530796,0.11833501048386097,25.516344991046935,0.003168010152876377,5.064498007413931,0.22159700165502727,317.410026997095,17.695569011266343,0.006911985110491514,335.33410499512684,149.81786998396274,39.03501699096523,13.943978992756456,64.79548901552334,29.99893296509981,68.82893200963736,59.017498002504,2.615923949633725,23.131234978791326,13.36407098278869,6.620005893637426,4.654807999031618,3.401708003366366,1.5439129929291084,508.0,172.0,0.005855996278114617,0.013598983059637249,3.625928991823457,0.47557600191794336,0.3342020063428208,1.288043989916332,0.3253070026403293,0.004576009814627469,224.71618000417948,3.928387988707982,0.1532460009912029,18.569092004327103,0.05350299761630595,8.082947999355383,7.3866070015355945,0.10652700439095497,0.5898139934288338,3.6381209938554093,0.781907991040498,0.006560017936863005,1.614919994608499,8,0,7,0,0,,,,,,,,,,,,,,
rsg_object_detection,dropped_oldest,1603,rsg_20260806_105_604900000_001603,dropped,True,fifo_cached_frame,1095,124,0,969,124,0,1,0.0,6.20886599062942,frame_fifo_full,,,,,,,,,,,,,,,,,,,,,,,,,,,,,,,,,,,,,,,,,,,,,,,,,,,,,,,,,,,,,,,,,,,,
rsg_object_detection,dropped_oldest,1604,rsg_20260806_105_754900000_001604,dropped,True,fifo_cached_frame,1096,124,0,970,124,0,1,0.0,21.443031990202144,frame_fifo_full,,,,,,,,,,,,,,,,,,,,,,,,,,,,,,,,,,,,,,,,,,,,,,,,,,,,,,,,,,,,,,,,,,,,
rsg_object_detection,dropped_oldest,1605,rsg_20260806_105_804900000_001605,dropped,True,fifo_cached_frame,1097,124,0,971,124,0,1,0.0,50.53855599544477,frame_fifo_full,,,,,,,,,,,,,,,,,,,,,,,,,,,,,,,,,,,,,,,,,,,,,,,,,,,,,,,,,,,,,,,,,,,,
rsg_object_detection,dropped_oldest,1606,rsg_20260806_105_854900000_001606,dropped,True,fifo_cached_frame,1098,124,0,972,124,0,1,0.0,49.46970799937844,frame_fifo_full,,,,,,,,,,,,,,,,,,,,,,,,,,,,,,,,,,,,,,,,,,,,,,,,,,,,,,,,,,,,,,,,,,,,
rsg_object_detection,dropped_oldest,1607,rsg_20260806_105_904899999_001607,dropped,True,fifo_cached_frame,1099,124,0,973,124,0,1,0.0,50.383198002236895,frame_fifo_full,,,,,,,,,,,,,,,,,,,,,,,,,,,,,,,,,,,,,,,,,,,,,,,,,,,,,,,,,,,,,,,,,,,,
rsg_object_detection,dropped_oldest,1608,rsg_20260806_105_954899999_001608,dropped,True,fifo_cached_frame,1100,124,0,974,124,0,1,0.0,53.59905200020876,frame_fifo_full,,,,,,,,,,,,,,,,,,,,,,,,,,,,,,,,,,,,,,,,,,,,,,,,,,,,,,,,,,,,,,,,,,,,
rsg_object_detection,dropped_oldest,1609,rsg_20260806_106_004900000_001609,dropped,True,fifo_cached_frame,1101,124,0,975,124,0,1,0.0,49.97161999926902,frame_fifo_full,,,,,,,,,,,,,,,,,,,,,,,,,,,,,,,,,,,,,,,,,,,,,,,,,,,,,,,,,,,,,,,,,,,,
rsg_object_detection,dropped_oldest,1610,rsg_20260806_106_054900000_001610,dropped,True,fifo_cached_frame,1102,124,0,976,124,0,1,0.0,50.83720599941444,frame_fifo_full,,,,,,,,,,,,,,,,,,,,,,,,,,,,,,,,,,,,,,,,,,,,,,,,,,,,,,,,,,,,,,,,,,,,
rsg_object_detection,dropped_oldest,1611,rsg_20260806_106_104900000_001611,dropped,True,fifo_cached_frame,1103,124,0,977,124,0,1,0.0,68.12401399656665,frame_fifo_full,,,,,,,,,,,,,,,,,,,,,,,,,,,,,,,,,,,,,,,,,,,,,,,,,,,,,,,,,,,,,,,,,,,,
rsg_object_detection,dropped_oldest,1612,rsg_20260806_106_154899999_001612,dropped,True,fifo_cached_frame,1104,124,0,978,124,0,1,0.0,27.041859008022584,frame_fifo_full,,,,,,,,,,,,,,,,,,,,,,,,,,,,,,,,,,,,,,,,,,,,,,,,,,,,,,,,,,,,,,,,,,,,
rsg_object_detection,dropped_oldest,1613,rsg_20260806_106_204899999_001613,dropped,True,fifo_cached_frame,1105,124,0,979,124,0,1,0.0,73.3896619931329,frame_fifo_full,,,,,,,,,,,,,,,,,,,,,,,,,,,,,,,,,,,,,,,,,,,,,,,,,,,,,,,,,,,,,,,,,,,,
rsg_object_detection,dropped_oldest,1614,rsg_20260806_106_254900000_001614,dropped,True,fifo_cached_frame,1106,124,0,980,124,0,1,0.0,31.533758010482416,frame_fifo_full,,,,,,,,,,,,,,,,,,,,,,,,,,,,,,,,,,,,,,,,,,,,,,,,,,,,,,,,,,,,,,,,,,,,
rsg_object_detection,dropped_oldest,1615,rsg_20260806_106_304900000_001615,dropped,True,fifo_cached_frame,1107,124,0,981,125,0,1,0.0,55.9506319987122,frame_fifo_full,,,,,,,,,,,,,,,,,,,,,,,,,,,,,,,,,,,,,,,,,,,,,,,,,,,,,,,,,,,,,,,,,,,,
rsg_object_detection,frame_trace,1602,rsg_20260806_105_554900000_001602,sent_to_hydra,,,,,,,,,,,577.7477110095788,ok,11.923434009077027,561.1710999946808,3.0206900119083,0.15849299961701035,2.86219701229129,0.002976012183353305,4.522713992628269,0.18946999625768512,311.1094510095427,28.79565600596834,0.007839975296519697,340.1024169870652,124.16405296244193,30.831018986646086,6.777014015824534,66.43492099829018,19.278776017017663,49.104656995041296,39.563330996315926,1.6712669021217152,16.159692764631473,11.355688984622248,4.957893368555233,3.989314995124005,3.2774220017017797,2.206846998888068,506.0,173.0,0.004959991201758385,0.019615996279753745,5.659018002916127,2.2377580171450973,0.4428100219229236,1.4538649993482977,0.4465220117708668,0.005662994226440787,183.5350499895867,11.89005900232587,0.15372500638477504,20.92012901266571,0.047006004024297,5.509291993803345,4.8350939905503765,0.1315179979428649,0.5426800053101033,5.699016997823492,0.7104529940988868,0.004672023351304233,1.6295109817292541,8,0,8,0,0,,,,,,,,,,,,,,
rsg_object_detection,dropped_oldest,1617,rsg_20260806_106_404899999_001617,dropped,True,fifo_cached_frame,1109,125,0,982,125,0,1,0.0,40.70856199541595,frame_fifo_full,,,,,,,,,,,,,,,,,,,,,,,,,,,,,,,,,,,,,,,,,,,,,,,,,,,,,,,,,,,,,,,,,,,,
rsg_object_detection,dropped_oldest,1618,rsg_20260806_106_454899999_001618,dropped,True,fifo_cached_frame,1110,125,0,983,125,0,1,0.0,51.227025003754534,frame_fifo_full,,,,,,,,,,,,,,,,,,,,,,,,,,,,,,,,,,,,,,,,,,,,,,,,,,,,,,,,,,,,,,,,,,,,
rsg_object_detection,dropped_oldest,1619,rsg_20260806_106_504900000_001619,dropped,True,fifo_cached_frame,1111,125,0,984,125,0,1,0.0,50.722807995043695,frame_fifo_full,,,,,,,,,,,,,,,,,,,,,,,,,,,,,,,,,,,,,,,,,,,,,,,,,,,,,,,,,,,,,,,,,,,,
rsg_object_detection,dropped_oldest,1620,rsg_20260806_106_554900000_001620,dropped,True,fifo_cached_frame,1112,125,0,985,125,0,1,0.0,51.78176800836809,frame_fifo_full,,,,,,,,,,,,,,,,,,,,,,,,,,,,,,,,,,,,,,,,,,,,,,,,,,,,,,,,,,,,,,,,,,,,
rsg_object_detection,dropped_oldest,1621,rsg_20260806_106_604900000_001621,dropped,True,fifo_cached_frame,1113,125,0,986,125,0,1,0.0,46.94206599378958,frame_fifo_full,,,,,,,,,,,,,,,,,,,,,,,,,,,,,,,,,,,,,,,,,,,,,,,,,,,,,,,,,,,,,,,,,,,,
rsg_object_detection,dropped_oldest,1622,rsg_20260806_106_654899999_001622,dropped,True,fifo_cached_frame,1114,125,0,987,125,0,1,0.0,66.80166699516121,frame_fifo_full,,,,,,,,,,,,,,,,,,,,,,,,,,,,,,,,,,,,,,,,,,,,,,,,,,,,,,,,,,,,,,,,,,,,
rsg_object_detection,dropped_oldest,1623,rsg_20260806_106_704899999_001623,dropped,True,fifo_cached_frame,1115,125,0,988,125,0,1,0.0,42.399223006214015,frame_fifo_full,,,,,,,,,,,,,,,,,,,,,,,,,,,,,,,,,,,,,,,,,,,,,,,,,,,,,,,,,,,,,,,,,,,,
rsg_object_detection,dropped_oldest,1624,rsg_20260806_106_754900000_001624,dropped,True,fifo_cached_frame,1116,125,0,989,125,0,1,0.0,64.91990400536451,frame_fifo_full,,,,,,,,,,,,,,,,,,,,,,,,,,,,,,,,,,,,,,,,,,,,,,,,,,,,,,,,,,,,,,,,,,,,
rsg_object_detection,dropped_oldest,1625,rsg_20260806_106_804900000_001625,dropped,True,fifo_cached_frame,1117,125,0,990,125,0,1,0.0,46.91243499109987,frame_fifo_full,,,,,,,,,,,,,,,,,,,,,,,,,,,,,,,,,,,,,,,,,,,,,,,,,,,,,,,,,,,,,,,,,,,,
rsg_object_detection,frame_trace,1616,rsg_20260806_106_354900000_001616,sent_to_hydra,,,,,,,,,,,522.9835570062278,ok,9.679595998022705,508.68614501086995,3.099503999692388,0.14671700773760676,2.952786991954781,0.0023039901861920953,1.7745649965945631,0.17820601351559162,299.999189999653,18.18394599831663,0.007391994586214423,318.36873400607146,79.23469200613908,27.219490002607927,8.49065199145116,20.27236200228799,22.500424980535172,71.80386300024111,58.670750993769616,1.5120719763217494,29.0849432349205,14.009350939886644,7.490479169064201,7.591436005895957,3.527146007400006,1.9624019914772362,503.0,175.0,0.0043199979700148106,0.024863009457476437,5.3538720094366,2.9112819902366027,0.4722159937955439,1.4693220000481233,0.19084499217569828,0.004896006430499256,161.45865200087428,2.9687860078411177,0.17289399693254381,23.896626007626764,0.0458879949292168,5.114418003358878,4.608857008861378,0.09078299626708031,0.41477799823042005,3.781670005992055,0.7784210029058158,0.005086985765956342,1.5160080074565485,8,0,8,0,0,,,,,,,,,,,,,,
rsg_object_detection,dropped_oldest,1627,rsg_20260806_106_904899999_001627,dropped,True,fifo_cached_frame,1119,126,0,991,126,0,1,0.0,100.28749099001288,frame_fifo_full,,,,,,,,,,,,,,,,,,,,,,,,,,,,,,,,,,,,,,,,,,,,,,,,,,,,,,,,,,,,,,,,,,,,
rsg_object_detection,dropped_oldest,1628,rsg_20260806_107_004900000_001628,dropped,True,fifo_cached_frame,1120,126,0,992,126,0,1,0.0,47.23633399407845,frame_fifo_full,,,,,,,,,,,,,,,,,,,,,,,,,,,,,,,,,,,,,,,,,,,,,,,,,,,,,,,,,,,,,,,,,,,,
rsg_object_detection,dropped_oldest,1629,rsg_20260806_107_054900000_001629,dropped,True,fifo_cached_frame,1121,126,0,993,126,0,1,0.0,52.850040010525845,frame_fifo_full,,,,,,,,,,,,,,,,,,,,,,,,,,,,,,,,,,,,,,,,,,,,,,,,,,,,,,,,,,,,,,,,,,,,
rsg_object_detection,dropped_oldest,1630,rsg_20260806_107_104900000_001630,dropped,True,fifo_cached_frame,1122,126,0,994,126,0,1,0.0,49.529323005117476,frame_fifo_full,,,,,,,,,,,,,,,,,,,,,,,,,,,,,,,,,,,,,,,,,,,,,,,,,,,,,,,,,,,,,,,,,,,,
rsg_object_detection,dropped_oldest,1631,rsg_20260806_107_154899999_001631,dropped,True,fifo_cached_frame,1123,126,0,995,126,0,1,0.0,51.04990801191889,frame_fifo_full,,,,,,,,,,,,,,,,,,,,,,,,,,,,,,,,,,,,,,,,,,,,,,,,,,,,,,,,,,,,,,,,,,,,
rsg_object_detection,dropped_oldest,1632,rsg_20260806_107_204899999_001632,dropped,True,fifo_cached_frame,1124,126,0,996,126,0,1,0.0,83.16359299351461,frame_fifo_full,,,,,,,,,,,,,,,,,,,,,,,,,,,,,,,,,,,,,,,,,,,,,,,,,,,,,,,,,,,,,,,,,,,,
rsg_object_detection,frame_trace,1626,rsg_20260806_106_854900000_001626,sent_to_hydra,,,,,,,,,,,573.5961610043887,ok,11.90618600230664,532.8858710126951,27.210528001887724,0.1405100047122687,27.070017997175455,0.0025600020308047533,5.1130740030203015,0.48354499449487776,302.8198829997564,25.36246000090614,0.00793600338511169,328.6738239985425,99.77076298673637,24.150350989657454,5.201455016504042,49.745288997655734,20.021069009089842,66.12993299495429,56.254244002047926,1.9278438267065212,27.964524924755096,15.695623063948005,4.945857857819647,4.969268004060723,3.038226001081057,1.8204850057372823,531.0,178.0,0.004191999323666096,0.01491200237069279,3.8248369965003803,1.0311540245311335,0.34079399483744055,1.3543469976866618,0.3568270039977506,0.004895991878584027,172.8305430006003,3.917380003258586,0.13516598846763372,22.169964999193326,0.04591901961248368,5.52717900427524,4.918003993225284,0.09308700100518763,0.5160880100447685,5.699432993424125,0.6748059968231246,0.004768007784150541,1.5910159854684025,8,0,8,0,0,,,,,,,,,,,,,,
rsg_object_detection,dropped_oldest,1634,rsg_20260806_107_304900000_001634,dropped,True,fifo_cached_frame,1126,127,0,997,127,0,1,0.0,5.916740992688574,frame_fifo_full,,,,,,,,,,,,,,,,,,,,,,,,,,,,,,,,,,,,,,,,,,,,,,,,,,,,,,,,,,,,,,,,,,,,
rsg_object_detection,dropped_oldest,1635,rsg_20260806_107_404899999_001635,dropped,True,fifo_cached_frame,1127,127,0,998,127,0,1,0.0,6.796152010792866,frame_fifo_full,,,,,,,,,,,,,,,,,,,,,,,,,,,,,,,,,,,,,,,,,,,,,,,,,,,,,,,,,,,,,,,,,,,,
rsg_object_detection,dropped_oldest,1636,rsg_20260806_107_504900000_001636,dropped,True,fifo_cached_frame,1128,127,0,999,127,0,1,0.0,36.051769013283774,frame_fifo_full,,,,,,,,,,,,,,,,,,,,,,,,,,,,,,,,,,,,,,,,,,,,,,,,,,,,,,,,,,,,,,,,,,,,
rsg_object_detection,dropped_oldest,1637,rsg_20260806_107_554900000_001637,dropped,True,fifo_cached_frame,1129,127,0,1000,127,0,1,0.0,46.0214719932992,frame_fifo_full,,,,,,,,,,,,,,,,,,,,,,,,,,,,,,,,,,,,,,,,,,,,,,,,,,,,,,,,,,,,,,,,,,,,
rsg_object_detection,dropped_oldest,1638,rsg_20260806_107_604900000_001638,dropped,True,fifo_cached_frame,1130,127,0,1001,127,0,1,0.0,51.89898300159257,frame_fifo_full,,,,,,,,,,,,,,,,,,,,,,,,,,,,,,,,,,,,,,,,,,,,,,,,,,,,,,,,,,,,,,,,,,,,
rsg_object_detection,dropped_oldest,1639,rsg_20260806_107_654899999_001639,dropped,True,fifo_cached_frame,1131,127,0,1002,127,0,1,0.0,110.79373100074008,frame_fifo_full,,,,,,,,,,,,,,,,,,,,,,,,,,,,,,,,,,,,,,,,,,,,,,,,,,,,,,,,,,,,,,,,,,,,
rsg_object_detection,dropped_oldest,1640,rsg_20260806_107_754900000_001640,dropped,True,fifo_cached_frame,1132,127,0,1003,127,0,1,0.0,58.23696599691175,frame_fifo_full,,,,,,,,,,,,,,,,,,,,,,,,,,,,,,,,,,,,,,,,,,,,,,,,,,,,,,,,,,,,,,,,,,,,
rsg_object_detection,dropped_oldest,1641,rsg_20260806_107_804900000_001641,dropped,True,fifo_cached_frame,1133,127,0,1004,127,0,1,0.0,40.804400996421464,frame_fifo_full,,,,,,,,,,,,,,,,,,,,,,,,,,,,,,,,,,,,,,,,,,,,,,,,,,,,,,,,,,,,,,,,,,,,
rsg_object_detection,dropped_oldest,1642,rsg_20260806_107_854900000_001642,dropped,True,fifo_cached_frame,1134,127,0,1005,127,0,1,0.0,44.05260700150393,frame_fifo_full,,,,,,,,,,,,,,,,,,,,,,,,,,,,,,,,,,,,,,,,,,,,,,,,,,,,,,,,,,,,,,,,,,,,
rsg_object_detection,dropped_oldest,1643,rsg_20260806_107_904899999_001643,dropped,True,fifo_cached_frame,1135,127,0,1006,127,0,1,0.0,47.11489599139895,frame_fifo_full,,,,,,,,,,,,,,,,,,,,,,,,,,,,,,,,,,,,,,,,,,,,,,,,,,,,,,,,,,,,,,,,,,,,
rsg_object_detection,,381,rsg_20260806_33_004879999_000381,vlm_done,,,,,,,,,,,,ok,,,,,,,,,,,,,,,,,,,,,,,,,,,,,,,,,,,,,,,,,,,,,,,,,,,,,,,rsg_obj_000036,rsg_unknown_rsg_20260806_33_004879999_000381_007_nanosam_003,,,1,0.35327163902702624,door,0.97,static,0.99,4880.345090990886,68859.00349800067,qwen_http,Qwen3-VL-8B-Instruct-GGUF
rsg_object_detection,completed,381,rsg_20260806_33_004879999_000381,,,,,,,,,,,63978.656582999974,,vlm_done,,,,,,,,,,,,,,,,,,,,,,,,,,,,,,,,,,,,,,,,,,,,,,,,,,,,,,,rsg_obj_000036,rsg_unknown_rsg_20260806_33_004879999_000381_007_nanosam_003,46,300,1,0.35327163902702624,,,,,,,,
rsg_object_detection,dropped_oldest,1644,rsg_20260806_107_954899999_001644,dropped,True,fifo_cached_frame,1136,127,0,1007,127,0,1,0.0,54.09123800927773,frame_fifo_full,,,,,,,,,,,,,,,,,,,,,,,,,,,,,,,,,,,,,,,,,,,,,,,,,,,,,,,,,,,,,,,,,,,,
rsg_object_detection,frame_trace,1633,rsg_20260806_107_254900000_001633,sent_to_hydra,,,,,,,,,,,730.677248997381,ok,12.6712619967293,544.8201859981054,171.67587199946865,0.16713299555703998,171.50873900391161,0.0028799986466765404,1.4463780098594725,0.19958100165240467,300.86109800322447,24.52874500886537,0.00630397698841989,325.59572799073067,95.39723102352582,21.001407993026078,24.236587967607193,31.556446017930284,17.87646397133358,83.00983501248993,69.29161299194675,1.8054330721497536,25.47491094446741,20.44992518494837,17.15580915333703,8.574941006372683,3.165198999340646,1.921155009767972,542.0,179.0,0.004864006768912077,0.34140300704166293,6.578490982064977,3.2336789736291394,0.44370500836521387,1.396585998008959,0.18409400945529342,0.0044470070861279964,190.26777999533806,3.607784994528629,0.14883000403642654,23.712374008027837,0.041310995584353805,8.233474000007845,7.670890990993939,0.08790199353825301,0.4746810154756531,3.546857988112606,0.8850419981172308,0.005888010491617024,1.5070490044308826,8,0,8,0,0,,,,,,,,,,,,,,
rsg_object_detection,dropped_oldest,1646,rsg_20260806_108_054900000_001646,dropped,True,fifo_cached_frame,1138,128,0,1008,128,0,1,0.0,50.51657200965565,frame_fifo_full,,,,,,,,,,,,,,,,,,,,,,,,,,,,,,,,,,,,,,,,,,,,,,,,,,,,,,,,,,,,,,,,,,,,
rsg_object_detection,dequeued,392,rsg_20260806_33_554879999_000392,,,,,,,,,,,68716.633878008,,fifo_order,,,,,,,,,,,,,,,,,,,,,,,,,,,,,,,,,,,,,,,,,,,,,,,,,,,,,,,rsg_obj_000037,rsg_unknown_rsg_20260806_33_554879999_000392_003_nanosam_000,45,300,1,0.5655255249350318,,,,,,,,
rsg_object_detection,dropped_oldest,1647,rsg_20260806_108_104900000_001647,dropped,True,fifo_cached_frame,1139,128,0,1009,128,0,1,0.0,49.11582500790246,frame_fifo_full,,,,,,,,,,,,,,,,,,,,,,,,,,,,,,,,,,,,,,,,,,,,,,,,,,,,,,,,,,,,,,,,,,,,
rsg_object_detection,dropped_oldest,1648,rsg_20260806_108_154899999_001648,dropped,True,fifo_cached_frame,1140,128,0,1010,128,0,1,0.0,61.667697998927906,frame_fifo_full,,,,,,,,,,,,,,,,,,,,,,,,,,,,,,,,,,,,,,,,,,,,,,,,,,,,,,,,,,,,,,,,,,,,
rsg_object_detection,dropped_oldest,1649,rsg_20260806_108_204899999_001649,dropped,True,fifo_cached_frame,1141,128,0,1011,128,0,1,0.0,43.89081700355746,frame_fifo_full,,,,,,,,,,,,,,,,,,,,,,,,,,,,,,,,,,,,,,,,,,,,,,,,,,,,,,,,,,,,,,,,,,,,
rsg_object_detection,dropped_oldest,1650,rsg_20260806_108_254900000_001650,dropped,True,fifo_cached_frame,1142,128,0,1012,128,0,1,0.0,102.066185005242,frame_fifo_full,,,,,,,,,,,,,,,,,,,,,,,,,,,,,,,,,,,,,,,,,,,,,,,,,,,,,,,,,,,,,,,,,,,,
rsg_object_detection,dropped_oldest,1651,rsg_20260806_108_354900000_001651,dropped,True,fifo_cached_frame,1143,128,0,1013,128,0,1,0.0,45.193646001280285,frame_fifo_full,,,,,,,,,,,,,,,,,,,,,,,,,,,,,,,,,,,,,,,,,,,,,,,,,,,,,,,,,,,,,,,,,,,,
rsg_object_detection,frame_trace,1645,rsg_20260806_108_004900000_001645,sent_to_hydra,,,,,,,,,,,455.68935699702706,ok,13.240085987490602,415.9991789929336,24.05515300051775,0.13814200065098703,23.91701099986676,0.004287998308427632,1.0980310034938157,0.19606099522206932,225.1426069997251,21.3494659983553,0.0069759989855811,246.69510999228805,62.43610198725946,20.729665964609012,5.184462992474437,22.120207009720616,13.78135800769087,68.23895699926652,58.2674929901259,3.338442271342501,13.707827049074695,10.454778821440414,15.857749021961354,5.748359995777719,2.3637720005353913,1.8121320026693866,612.0,179.0,0.004607994924299419,0.013727971236221492,3.255887990235351,0.9548329981043935,0.37192901072558016,1.3921700010541826,0.47669699415564537,0.005504000000655651,137.15256001160014,6.137634001788683,0.1637419918552041,24.69754200137686,0.0545599905308336,6.898551000631414,6.284511997364461,0.10223899153061211,0.5118000117363408,5.66551300289575,0.6702300015604123,0.005791982403025031,2.3906510177766904,7,0,7,0,0,,,,,,,,,,,,,,
rsg_object_detection,dropped_oldest,1653,rsg_20260806_108_504900000_001653,dropped,True,fifo_cached_frame,1145,129,0,1014,129,0,1,0.0,43.53207100939471,frame_fifo_full,,,,,,,,,,,,,,,,,,,,,,,,,,,,,,,,,,,,,,,,,,,,,,,,,,,,,,,,,,,,,,,,,,,,
rsg_object_detection,dropped_oldest,1654,rsg_20260806_108_554900000_001654,dropped,True,fifo_cached_frame,1146,129,0,1015,129,0,1,0.0,49.38747000414878,frame_fifo_full,,,,,,,,,,,,,,,,,,,,,,,,,,,,,,,,,,,,,,,,,,,,,,,,,,,,,,,,,,,,,,,,,,,,
rsg_object_detection,dropped_oldest,1655,rsg_20260806_108_604900000_001655,dropped,True,fifo_cached_frame,1147,129,0,1016,129,0,1,0.0,50.25238399684895,frame_fifo_full,,,,,,,,,,,,,,,,,,,,,,,,,,,,,,,,,,,,,,,,,,,,,,,,,,,,,,,,,,,,,,,,,,,,
rsg_object_detection,dropped_oldest,1656,rsg_20260806_108_654899999_001656,dropped,True,fifo_cached_frame,1148,129,0,1017,129,0,1,0.0,52.92130299494602,frame_fifo_full,,,,,,,,,,,,,,,,,,,,,,,,,,,,,,,,,,,,,,,,,,,,,,,,,,,,,,,,,,,,,,,,,,,,
rsg_object_detection,dropped_oldest,1657,rsg_20260806_108_704899999_001657,dropped,True,fifo_cached_frame,1149,129,0,1018,129,0,1,0.0,53.239474989823066,frame_fifo_full,,,,,,,,,,,,,,,,,,,,,,,,,,,,,,,,,,,,,,,,,,,,,,,,,,,,,,,,,,,,,,,,,,,,
rsg_object_detection,dropped_oldest,1658,rsg_20260806_108_754900000_001658,dropped,True,fifo_cached_frame,1150,129,0,1019,129,0,1,0.0,109.54914300236851,frame_fifo_full,,,,,,,,,,,,,,,,,,,,,,,,,,,,,,,,,,,,,,,,,,,,,,,,,,,,,,,,,,,,,,,,,,,,
rsg_object_detection,dropped_oldest,1659,rsg_20260806_108_854900000_001659,dropped,True,fifo_cached_frame,1151,129,0,1020,129,0,1,0.0,49.636073992587626,frame_fifo_full,,,,,,,,,,,,,,,,,,,,,,,,,,,,,,,,,,,,,,,,,,,,,,,,,,,,,,,,,,,,,,,,,,,,
rsg_object_detection,dropped_oldest,1660,rsg_20260806_108_904899999_001660,dropped,True,fifo_cached_frame,1152,129,0,1021,129,0,1,0.0,59.88222100131679,frame_fifo_full,,,,,,,,,,,,,,,,,,,,,,,,,,,,,,,,,,,,,,,,,,,,,,,,,,,,,,,,,,,,,,,,,,,,
rsg_object_detection,dropped_oldest,1661,rsg_20260806_108_954899999_001661,dropped,True,fifo_cached_frame,1153,129,0,1022,129,0,1,0.0,39.622563010198064,frame_fifo_full,,,,,,,,,,,,,,,,,,,,,,,,,,,,,,,,,,,,,,,,,,,,,,,,,,,,,,,,,,,,,,,,,,,,
rsg_object_detection,frame_trace,1652,rsg_20260806_108_404899999_001652,sent_to_hydra,,,,,,,,,,,620.8368820080068,ok,12.548704005894251,529.7733140032506,76.84980200428981,0.13388600200414658,76.71591600228567,0.001983993570320308,1.2436289980541915,0.35394700535107404,339.9657169939019,17.599954997422174,0.007744005415588617,357.9273630020907,90.69243901467416,16.429221999715082,5.736040984629653,52.976054983446375,14.937114989152178,51.015732999076135,42.30834600457456,1.7004521941998973,9.008094973978586,6.4336531213484704,21.813616127474234,5.3427979873958975,1.7183099989779294,1.6048069956013933,567.0,180.0,0.005088004400022328,0.010110990842804313,2.16022199310828,0.5142950103618205,0.29340498440433294,1.0859030007850379,0.1697249972494319,0.003936002030968666,145.95194600406103,2.185119010391645,0.13721399591304362,22.287115003564395,0.04092798917554319,8.087364010862075,7.4601099913707,0.09292599861510098,0.5343280208762735,3.836774005321786,0.6193830049596727,0.005182984750717878,1.6630780010018498,6,0,6,0,0,,,,,,,,,,,,,,
rsg_object_detection,dropped_oldest,1663,rsg_20260806_109_104900000_001663,dropped,True,fifo_cached_frame,1155,130,0,1023,130,0,1,0.0,49.70439200405963,frame_fifo_full,,,,,,,,,,,,,,,,,,,,,,,,,,,,,,,,,,,,,,,,,,,,,,,,,,,,,,,,,,,,,,,,,,,,
rsg_object_detection,dropped_oldest,1664,rsg_20260806_109_154899999_001664,dropped,True,fifo_cached_frame,1156,130,0,1024,130,0,1,0.0,100.45936099777464,frame_fifo_full,,,,,,,,,,,,,,,,,,,,,,,,,,,,,,,,,,,,,,,,,,,,,,,,,,,,,,,,,,,,,,,,,,,,
rsg_object_detection,dropped_oldest,1665,rsg_20260806_109_254900000_001665,dropped,True,fifo_cached_frame,1157,130,0,1025,130,0,1,0.0,111.79528399952687,frame_fifo_full,,,,,,,,,,,,,,,,,,,,,,,,,,,,,,,,,,,,,,,,,,,,,,,,,,,,,,,,,,,,,,,,,,,,
rsg_object_detection,dropped_oldest,1666,rsg_20260806_109_354900000_001666,dropped,True,fifo_cached_frame,1158,130,0,1026,130,0,1,0.0,96.23005001049023,frame_fifo_full,,,,,,,,,,,,,,,,,,,,,,,,,,,,,,,,,,,,,,,,,,,,,,,,,,,,,,,,,,,,,,,,,,,,
rsg_object_detection,dropped_oldest,1667,rsg_20260806_109_454899999_001667,dropped,True,fifo_cached_frame,1159,130,0,1027,130,0,1,0.0,56.70787001145072,frame_fifo_full,,,,,,,,,,,,,,,,,,,,,,,,,,,,,,,,,,,,,,,,,,,,,,,,,,,,,,,,,,,,,,,,,,,,
rsg_object_detection,dropped_oldest,1668,rsg_20260806_109_504900000_001668,dropped,True,fifo_cached_frame,1160,130,0,1028,130,0,1,0.0,42.52306200214662,frame_fifo_full,,,,,,,,,,,,,,,,,,,,,,,,,,,,,,,,,,,,,,,,,,,,,,,,,,,,,,,,,,,,,,,,,,,,
rsg_object_detection,frame_trace,1662,rsg_20260806_109_004900000_001662,sent_to_hydra,,,,,,,,,,,553.6002779990667,ok,12.757917007547803,515.3207350085722,23.968721987330355,0.13231798948254436,23.83640399784781,0.0028799986466765404,2.4788739974610507,0.22255700605455786,278.7577569979476,17.365334002533928,0.006367990863509476,296.3520159973996,140.0120059843175,20.486918991082348,12.168932007625699,89.81107700674329,16.865438999957405,46.75630999554414,35.46329899108969,2.949896952486597,8.977718200185336,10.335524944821373,5.624399200314656,7.155762999900617,1.7421170050511137,2.338045000215061,555.0,180.0,0.005184003384783864,0.013760014553554356,2.910868002800271,0.3695940104080364,0.37877701106481254,1.1985099990852177,0.19478099420666695,0.0050879898481070995,191.843342006905,2.4645700032124296,0.15622199862264097,21.985519997542724,0.04019100742880255,8.678620011778548,8.043109002755955,0.09145500371232629,0.5440560053102672,3.4389869979349896,0.6341029948089272,0.006207003025338054,1.550023996969685,6,0,6,0,0,,,,,,,,,,,,,,
rsg_object_detection,dropped_oldest,1670,rsg_20260806_109_654899999_001670,dropped,True,fifo_cached_frame,1162,131,0,1029,131,0,1,0.0,46.595576000981964,frame_fifo_full,,,,,,,,,,,,,,,,,,,,,,,,,,,,,,,,,,,,,,,,,,,,,,,,,,,,,,,,,,,,,,,,,,,,
rsg_object_detection,dropped_oldest,1671,rsg_20260806_109_704899999_001671,dropped,True,fifo_cached_frame,1163,131,0,1030,131,0,1,0.0,51.39102300745435,frame_fifo_full,,,,,,,,,,,,,,,,,,,,,,,,,,,,,,,,,,,,,,,,,,,,,,,,,,,,,,,,,,,,,,,,,,,,
rsg_object_detection,dropped_oldest,1672,rsg_20260806_109_754900000_001672,dropped,True,fifo_cached_frame,1164,131,0,1031,131,0,1,0.0,53.596076992107555,frame_fifo_full,,,,,,,,,,,,,,,,,,,,,,,,,,,,,,,,,,,,,,,,,,,,,,,,,,,,,,,,,,,,,,,,,,,,
rsg_object_detection,dropped_oldest,1673,rsg_20260806_109_804900000_001673,dropped,True,fifo_cached_frame,1165,131,0,1032,131,0,1,0.0,47.17604799952824,frame_fifo_full,,,,,,,,,,,,,,,,,,,,,,,,,,,,,,,,,,,,,,,,,,,,,,,,,,,,,,,,,,,,,,,,,,,,
rsg_object_detection,dropped_oldest,1674,rsg_20260806_109_854900000_001674,dropped,True,fifo_cached_frame,1166,131,0,1033,131,0,1,0.0,122.30750800517853,frame_fifo_full,,,,,,,,,,,,,,,,,,,,,,,,,,,,,,,,,,,,,,,,,,,,,,,,,,,,,,,,,,,,,,,,,,,,
rsg_object_detection,dropped_oldest,1675,rsg_20260806_109_954899999_001675,dropped,True,fifo_cached_frame,1167,131,0,1034,131,0,1,0.0,28.45281400368549,frame_fifo_full,,,,,,,,,,,,,,,,,,,,,,,,,,,,,,,,,,,,,,,,,,,,,,,,,,,,,,,,,,,,,,,,,,,,
rsg_object_detection,dropped_oldest,1676,rsg_20260806_110_004900000_001676,dropped,True,fifo_cached_frame,1168,131,0,1035,131,0,1,0.0,58.56217700056732,frame_fifo_full,,,,,,,,,,,,,,,,,,,,,,,,,,,,,,,,,,,,,,,,,,,,,,,,,,,,,,,,,,,,,,,,,,,,
rsg_object_detection,dropped_oldest,1677,rsg_20260806_110_054900000_001677,dropped,True,fifo_cached_frame,1169,131,0,1036,132,0,1,0.0,62.61779500346165,frame_fifo_full,,,,,,,,,,,,,,,,,,,,,,,,,,,,,,,,,,,,,,,,,,,,,,,,,,,,,,,,,,,,,,,,,,,,
rsg_object_detection,frame_trace,1669,rsg_20260806_109_554900000_001669,sent_to_hydra,,,,,,,,,,,551.6338769957656,ok,10.031174999312498,514.645418006694,23.041280001052655,0.1454699959140271,22.895810005138628,0.004191999323666096,1.1785100068664178,0.2026839938480407,315.4900289955549,21.020927000790834,0.00819200067780912,336.7218319908716,91.99376200558618,15.739886977826245,5.942245028563775,36.77015801076777,32.98906399868429,53.78199499682523,42.45189600624144,1.4388310810318217,20.261028097593226,10.517043076106347,6.699081917759031,3.63293600094039,5.74471200525295,1.9125469989376143,552.0,180.0,0.005504000000655651,0.010784002370201051,2.240093017462641,0.7775560079608113,0.2768289705272764,1.0923039953922853,0.19730901112779975,0.0050240050768479705,150.38352699775714,2.266460985993035,0.15394999354612082,23.888146999524906,0.052991032134741545,5.557484008022584,4.872246005106717,0.1038390037138015,0.5813989992020652,3.891780012054369,0.5764389934483916,0.005471985787153244,3.9118119893828407,6,0,6,0,0,,,,,,,,,,,,,,
rsg_object_detection,dropped_oldest,1679,rsg_20260806_110_154899999_001679,dropped,True,fifo_cached_frame,1171,132,0,1037,132,0,1,0.0,90.53048900386784,frame_fifo_full,,,,,,,,,,,,,,,,,,,,,,,,,,,,,,,,,,,,,,,,,,,,,,,,,,,,,,,,,,,,,,,,,,,,
rsg_object_detection,dropped_oldest,1680,rsg_20260806_110_254900000_001680,dropped,True,fifo_cached_frame,1172,132,0,1038,132,0,1,0.0,53.1813949928619,frame_fifo_full,,,,,,,,,,,,,,,,,,,,,,,,,,,,,,,,,,,,,,,,,,,,,,,,,,,,,,,,,,,,,,,,,,,,
rsg_object_detection,dropped_oldest,1681,rsg_20260806_110_304900000_001681,dropped,True,fifo_cached_frame,1173,132,0,1039,132,0,1,0.0,50.05901100230403,frame_fifo_full,,,,,,,,,,,,,,,,,,,,,,,,,,,,,,,,,,,,,,,,,,,,,,,,,,,,,,,,,,,,,,,,,,,,
rsg_object_detection,dropped_oldest,1682,rsg_20260806_110_354900000_001682,dropped,True,fifo_cached_frame,1174,132,0,1040,132,0,1,0.0,46.5386169962585,frame_fifo_full,,,,,,,,,,,,,,,,,,,,,,,,,,,,,,,,,,,,,,,,,,,,,,,,,,,,,,,,,,,,,,,,,,,,
rsg_object_detection,dropped_oldest,1683,rsg_20260806_110_404899999_001683,dropped,True,fifo_cached_frame,1175,132,0,1041,132,0,1,0.0,62.54854799772147,frame_fifo_full,,,,,,,,,,,,,,,,,,,,,,,,,,,,,,,,,,,,,,,,,,,,,,,,,,,,,,,,,,,,,,,,,,,,
rsg_object_detection,dropped_oldest,1684,rsg_20260806_110_454899999_001684,dropped,True,fifo_cached_frame,1176,132,0,1042,132,0,1,0.0,99.87495400127955,frame_fifo_full,,,,,,,,,,,,,,,,,,,,,,,,,,,,,,,,,,,,,,,,,,,,,,,,,,,,,,,,,,,,,,,,,,,,
rsg_object_detection,dropped_oldest,1685,rsg_20260806_110_554900000_001685,dropped,True,fifo_cached_frame,1177,132,0,1043,132,0,1,0.0,59.36821299837902,frame_fifo_full,,,,,,,,,,,,,,,,,,,,,,,,,,,,,,,,,,,,,,,,,,,,,,,,,,,,,,,,,,,,,,,,,,,,
rsg_object_detection,dropped_oldest,1686,rsg_20260806_110_604900000_001686,dropped,True,fifo_cached_frame,1178,132,0,1044,132,0,1,0.0,37.79516699432861,frame_fifo_full,,,,,,,,,,,,,,,,,,,,,,,,,,,,,,,,,,,,,,,,,,,,,,,,,,,,,,,,,,,,,,,,,,,,
rsg_object_detection,frame_trace,1678,rsg_20260806_110_104900000_001678,sent_to_hydra,,,,,,,,,,,546.1727459914982,ok,12.951705997693352,528.6952530004783,3.003666002769023,0.1426539965905249,2.8610120061784983,0.0017279962776228786,1.9423060002736747,0.2732440043473616,323.74379099928774,24.72410300106276,0.009055991540662944,348.7501939962385,96.3052479783073,17.869933988549747,6.39382099325303,56.26006801321637,15.111417000298388,45.64055100490805,36.43534799630288,2.5653669581515715,11.81423119851388,9.359456948004663,6.350210009259172,3.0838249949738383,3.7998129992047325,2.2691819904139265,594.0,181.0,0.004512010491453111,0.013887998647987843,6.560123016242869,1.2611330166691914,0.38658698031213135,1.1634700058493763,0.19980499928351492,0.004351997631601989,151.53720500529744,2.672502989298664,0.14278199523687363,23.60831199621316,0.041951017919927835,8.642972010420635,7.996101994649507,0.10649400064721704,0.5403760151239112,3.6976710107410327,0.6062629981897771,0.004799978341907263,1.5203929942799732,7,0,7,0,0,,,,,,,,,,,,,,
rsg_object_detection,dropped_oldest,1688,rsg_20260806_110_754900000_001688,dropped,True,fifo_cached_frame,1180,133,0,1045,133,0,1,0.0,50.66002599778585,frame_fifo_full,,,,,,,,,,,,,,,,,,,,,,,,,,,,,,,,,,,,,,,,,,,,,,,,,,,,,,,,,,,,,,,,,,,,
rsg_object_detection,dropped_oldest,1689,rsg_20260806_110_804900000_001689,dropped,True,fifo_cached_frame,1181,133,0,1046,133,0,1,0.0,59.36738099262584,frame_fifo_full,,,,,,,,,,,,,,,,,,,,,,,,,,,,,,,,,,,,,,,,,,,,,,,,,,,,,,,,,,,,,,,,,,,,
rsg_object_detection,dropped_oldest,1690,rsg_20260806_110_854900000_001690,dropped,True,fifo_cached_frame,1182,133,0,1047,133,0,1,0.0,44.26815600891132,frame_fifo_full,,,,,,,,,,,,,,,,,,,,,,,,,,,,,,,,,,,,,,,,,,,,,,,,,,,,,,,,,,,,,,,,,,,,
rsg_object_detection,dropped_oldest,1691,rsg_20260806_110_904899999_001691,dropped,True,fifo_cached_frame,1183,133,0,1048,133,0,1,0.0,50.404381996486336,frame_fifo_full,,,,,,,,,,,,,,,,,,,,,,,,,,,,,,,,,,,,,,,,,,,,,,,,,,,,,,,,,,,,,,,,,,,,
rsg_object_detection,dropped_oldest,1692,rsg_20260806_110_954899999_001692,dropped,True,fifo_cached_frame,1184,133,0,1049,133,0,1,0.0,59.22629500855692,frame_fifo_full,,,,,,,,,,,,,,,,,,,,,,,,,,,,,,,,,,,,,,,,,,,,,,,,,,,,,,,,,,,,,,,,,,,,
rsg_object_detection,dropped_oldest,1693,rsg_20260806_111_004900000_001693,dropped,True,fifo_cached_frame,1185,133,0,1050,133,0,1,0.0,67.88056399091147,frame_fifo_full,,,,,,,,,,,,,,,,,,,,,,,,,,,,,,,,,,,,,,,,,,,,,,,,,,,,,,,,,,,,,,,,,,,,
rsg_object_detection,dropped_oldest,1694,rsg_20260806_111_054900000_001694,dropped,True,fifo_cached_frame,1186,133,0,1051,133,0,1,0.0,48.287103010807186,frame_fifo_full,,,,,,,,,,,,,,,,,,,,,,,,,,,,,,,,,,,,,,,,,,,,,,,,,,,,,,,,,,,,,,,,,,,,
rsg_object_detection,dropped_oldest,1695,rsg_20260806_111_104900000_001695,dropped,True,fifo_cached_frame,1187,133,0,1052,133,0,1,0.0,60.45312499918509,frame_fifo_full,,,,,,,,,,,,,,,,,,,,,,,,,,,,,,,,,,,,,,,,,,,,,,,,,,,,,,,,,,,,,,,,,,,,
rsg_object_detection,dropped_oldest,1696,rsg_20260806_111_154899999_001696,dropped,True,fifo_cached_frame,1188,133,0,1053,133,0,1,0.0,10.56931099446956,frame_fifo_full,,,,,,,,,,,,,,,,,,,,,,,,,,,,,,,,,,,,,,,,,,,,,,,,,,,,,,,,,,,,,,,,,,,,
rsg_object_detection,frame_trace,1687,rsg_20260806_110_654899999_001687,sent_to_hydra,,,,,,,,,,,548.3931280032266,ok,16.255591996014118,506.95302500389516,23.632247000932693,0.14329300029203296,23.48895400064066,0.0042239989852532744,0.989009000477381,0.18022199219558388,318.7334359972738,19.10882799711544,0.007744005415588617,338.0302299920004,77.55295999231748,22.670436999760568,5.934343003900722,28.104306999011897,19.967982996604405,58.394852007040754,49.21499300689902,3.083505973336287,25.760833988897502,8.515010180417448,6.705129926558584,5.088689998956397,1.9591700111050159,2.0831360016018152,554.0,182.0,0.005375011824071407,0.010879986803047359,2.142494995496236,0.625814005616121,0.31945099181029946,1.1356949980836362,0.3627780097303912,0.0039040023693814874,140.5556129902834,3.1246879952959716,0.15065399929881096,24.06068900017999,0.04214202635921538,10.81461900321301,10.151684997254051,0.11228700168430805,0.5506470042746514,4.91726900509093,0.5189039948163554,0.004799992893822491,1.5480400033993647,6,0,6,0,0,,,,,,,,,,,,,,
rsg_object_detection,dropped_oldest,1698,rsg_20260806_111_254900000_001698,dropped,True,fifo_cached_frame,1190,134,0,1054,134,0,1,0.0,55.453808992751874,frame_fifo_full,,,,,,,,,,,,,,,,,,,,,,,,,,,,,,,,,,,,,,,,,,,,,,,,,,,,,,,,,,,,,,,,,,,,
rsg_object_detection,dropped_oldest,1699,rsg_20260806_111_304900000_001699,dropped,True,fifo_cached_frame,1191,134,0,1055,134,0,1,0.0,29.546332996687852,frame_fifo_full,,,,,,,,,,,,,,,,,,,,,,,,,,,,,,,,,,,,,,,,,,,,,,,,,,,,,,,,,,,,,,,,,,,,
rsg_object_detection,dropped_oldest,1700,rsg_20260806_111_354900000_001700,dropped,True,fifo_cached_frame,1192,134,0,1056,134,0,1,0.0,50.97112599469256,frame_fifo_full,,,,,,,,,,,,,,,,,,,,,,,,,,,,,,,,,,,,,,,,,,,,,,,,,,,,,,,,,,,,,,,,,,,,
rsg_object_detection,dropped_oldest,1701,rsg_20260806_111_404899999_001701,dropped,True,fifo_cached_frame,1193,134,0,1057,134,0,1,0.0,61.54472399794031,frame_fifo_full,,,,,,,,,,,,,,,,,,,,,,,,,,,,,,,,,,,,,,,,,,,,,,,,,,,,,,,,,,,,,,,,,,,,
rsg_object_detection,dropped_oldest,1702,rsg_20260806_111_454899999_001702,dropped,True,fifo_cached_frame,1194,134,0,1058,134,0,1,0.0,40.37154300021939,frame_fifo_full,,,,,,,,,,,,,,,,,,,,,,,,,,,,,,,,,,,,,,,,,,,,,,,,,,,,,,,,,,,,,,,,,,,,
rsg_object_detection,dropped_oldest,1703,rsg_20260806_111_504900000_001703,dropped,True,fifo_cached_frame,1195,134,0,1059,134,0,1,0.0,101.42961899691727,frame_fifo_full,,,,,,,,,,,,,,,,,,,,,,,,,,,,,,,,,,,,,,,,,,,,,,,,,,,,,,,,,,,,,,,,,,,,
rsg_object_detection,dropped_oldest,1704,rsg_20260806_111_604900000_001704,dropped,True,fifo_cached_frame,1196,134,0,1060,134,0,1,0.0,49.28731100517325,frame_fifo_full,,,,,,,,,,,,,,,,,,,,,,,,,,,,,,,,,,,,,,,,,,,,,,,,,,,,,,,,,,,,,,,,,,,,
rsg_object_detection,dropped_oldest,1705,rsg_20260806_111_654899999_001705,dropped,True,fifo_cached_frame,1197,134,0,1061,134,0,1,0.0,89.22270100447349,frame_fifo_full,,,,,,,,,,,,,,,,,,,,,,,,,,,,,,,,,,,,,,,,,,,,,,,,,,,,,,,,,,,,,,,,,,,,
rsg_object_detection,dropped_oldest,1706,rsg_20260806_111_704899999_001706,dropped,True,fifo_cached_frame,1198,134,0,1062,135,0,1,0.0,25.199550989782438,frame_fifo_full,,,,,,,,,,,,,,,,,,,,,,,,,,,,,,,,,,,,,,,,,,,,,,,,,,,,,,,,,,,,,,,,,,,,
rsg_object_detection,frame_trace,1697,rsg_20260806_111_204899999_001697,sent_to_hydra,,,,,,,,,,,554.7146019962383,ok,9.865832995274104,520.2949670056114,23.175901995273307,0.14118199760559946,23.034719997667708,0.0033919932320713997,1.1116629902971908,0.18745299894362688,346.43538200180046,20.543110003927723,0.007263995939865708,367.1732090006117,80.76996698218863,35.601471972768195,4.848407013923861,24.012081004912034,15.642416969058104,37.56281798996497,31.029061996378005,1.3896750169806182,16.027308942284435,5.784524109913036,4.433753914781846,2.454009998473339,2.455515001202002,1.5801359986653551,448.0,182.0,0.0044800108298659325,0.014782999642193317,3.3215830044355243,0.8270599937532097,0.39004001882858574,1.4443620020756498,0.38357799348887056,0.005983994924463332,124.72305601113476,4.3105259974254295,0.17791699792724103,22.74042098724749,0.05817502096761018,5.4199169971980155,4.864246002398431,0.1036140020005405,0.45205699279904366,3.7395909894257784,0.7012690039118752,0.005056004738435149,1.3745080068474635,7,0,7,0,0,,,,,,,,,,,,,,
rsg_object_detection,dropped_oldest,1708,rsg_20260806_111_804900000_001708,dropped,True,fifo_cached_frame,1200,135,0,1063,135,0,1,0.0,98.5678390134126,frame_fifo_full,,,,,,,,,,,,,,,,,,,,,,,,,,,,,,,,,,,,,,,,,,,,,,,,,,,,,,,,,,,,,,,,,,,,
rsg_object_detection,dropped_oldest,1709,rsg_20260806_111_904899999_001709,dropped,True,fifo_cached_frame,1201,135,0,1064,135,0,1,0.0,104.39421399496496,frame_fifo_full,,,,,,,,,,,,,,,,,,,,,,,,,,,,,,,,,,,,,,,,,,,,,,,,,,,,,,,,,,,,,,,,,,,,
rsg_object_detection,dropped_oldest,1710,rsg_20260806_112_004900000_001710,dropped,True,fifo_cached_frame,1202,135,0,1065,135,0,1,0.0,49.81018300168216,frame_fifo_full,,,,,,,,,,,,,,,,,,,,,,,,,,,,,,,,,,,,,,,,,,,,,,,,,,,,,,,,,,,,,,,,,,,,
rsg_object_detection,dropped_oldest,1711,rsg_20260806_112_054900000_001711,dropped,True,fifo_cached_frame,1203,135,0,1066,135,0,1,0.0,129.28647399530746,frame_fifo_full,,,,,,,,,,,,,,,,,,,,,,,,,,,,,,,,,,,,,,,,,,,,,,,,,,,,,,,,,,,,,,,,,,,,
rsg_object_detection,dropped_oldest,1712,rsg_20260806_112_154899999_001712,dropped,True,fifo_cached_frame,1204,135,0,1067,135,0,1,0.0,80.18027999787591,frame_fifo_full,,,,,,,,,,,,,,,,,,,,,,,,,,,,,,,,,,,,,,,,,,,,,,,,,,,,,,,,,,,,,,,,,,,,
rsg_object_detection,frame_trace,1707,rsg_20260806_111_754900000_001707,sent_to_hydra,,,,,,,,,,,508.121200997266,ok,10.37916899076663,493.1679900037125,3.4990819985978305,0.1609250030014664,3.338156995596364,0.0016319972928613424,1.9455700094113126,0.22553300368599594,295.6895329989493,15.571826006635092,0.007647991878911853,311.4945400011493,105.93268599768635,19.142107994412072,12.414370008627884,53.590286988765,20.078572968486696,41.59315700235311,35.00842599896714,1.4306697412393987,7.657539928914048,4.0333119832212105,18.626055025379173,2.637719997437671,2.7196390001336113,1.176110003143549,304.0,48.0,0.004576009814627469,0.01417601015418768,3.3619019959587604,1.4295150176621974,0.3525369829731062,1.543912003398873,0.5470320029417053,0.005023000994697213,154.79072400194127,7.423791001201607,0.14569400809705257,17.32200699916575,0.04566398274619132,5.6155619968194515,5.079025999293663,0.107741987449117,0.42879401007667184,4.08118600898888,0.6769489991711453,0.005471985787153244,1.0733280068961903,7,0,7,0,0,,,,,,,,,,,,,,
rsg_object_detection,dropped_oldest,1714,rsg_20260806_112_354900000_001714,dropped,True,fifo_cached_frame,1206,136,0,1068,136,0,1,0.0,102.51638700719923,frame_fifo_full,,,,,,,,,,,,,,,,,,,,,,,,,,,,,,,,,,,,,,,,,,,,,,,,,,,,,,,,,,,,,,,,,,,,
rsg_object_detection,dropped_oldest,1715,rsg_20260806_112_454899999_001715,dropped,True,fifo_cached_frame,1207,136,0,1069,136,0,1,0.0,53.19941199559253,frame_fifo_full,,,,,,,,,,,,,,,,,,,,,,,,,,,,,,,,,,,,,,,,,,,,,,,,,,,,,,,,,,,,,,,,,,,,
rsg_object_detection,dropped_oldest,1716,rsg_20260806_112_504900000_001716,dropped,True,fifo_cached_frame,1208,136,0,1070,136,0,1,0.0,51.0901319939876,frame_fifo_full,,,,,,,,,,,,,,,,,,,,,,,,,,,,,,,,,,,,,,,,,,,,,,,,,,,,,,,,,,,,,,,,,,,,
rsg_object_detection,dropped_oldest,1717,rsg_20260806_112_554900000_001717,dropped,True,fifo_cached_frame,1209,136,0,1071,136,0,1,0.0,95.67597899877,frame_fifo_full,,,,,,,,,,,,,,,,,,,,,,,,,,,,,,,,,,,,,,,,,,,,,,,,,,,,,,,,,,,,,,,,,,,,
rsg_object_detection,dropped_oldest,1718,rsg_20260806_112_654899999_001718,dropped,True,fifo_cached_frame,1210,136,0,1072,136,0,1,0.0,92.96770101354923,frame_fifo_full,,,,,,,,,,,,,,,,,,,,,,,,,,,,,,,,,,,,,,,,,,,,,,,,,,,,,,,,,,,,,,,,,,,,
rsg_object_detection,dropped_oldest,1719,rsg_20260806_112_704899999_001719,dropped,True,fifo_cached_frame,1211,136,0,1073,136,0,1,0.0,18.516677009756677,frame_fifo_full,,,,,,,,,,,,,,,,,,,,,,,,,,,,,,,,,,,,,,,,,,,,,,,,,,,,,,,,,,,,,,,,,,,,
rsg_object_detection,dropped_oldest,1720,rsg_20260806_112_754900000_001720,dropped,True,fifo_cached_frame,1212,136,0,1074,136,0,1,0.0,54.389442011597566,frame_fifo_full,,,,,,,,,,,,,,,,,,,,,,,,,,,,,,,,,,,,,,,,,,,,,,,,,,,,,,,,,,,,,,,,,,,,
rsg_object_detection,dropped_oldest,1721,rsg_20260806_112_804900000_001721,dropped,True,fifo_cached_frame,1213,136,0,1075,136,0,1,0.0,37.18432899040636,frame_fifo_full,,,,,,,,,,,,,,,,,,,,,,,,,,,,,,,,,,,,,,,,,,,,,,,,,,,,,,,,,,,,,,,,,,,,
rsg_object_detection,frame_trace,1713,rsg_20260806_112_254900000_001713,sent_to_hydra,,,,,,,,,,,630.0202069978695,ok,12.067079995176755,595.9109029936371,20.94435298931785,0.13241400301922113,20.811938986298628,0.0033279939088970423,1.0609440068947151,0.18121300672646612,352.5126020103926,29.326240997761488,0.00988798274192959,382.02994399762247,117.97698400914669,20.84576099878177,10.703802996431477,26.500811000005342,58.060362993273884,64.47184800344985,48.354558006394655,0.7267699402291328,8.836092121782713,29.826342200976796,3.69647701154463,12.387779002892785,2.4676740140421316,1.2119169987272471,295.0,49.0,0.004895991878584027,0.013407974620349705,7.003029022598639,1.3338660210138187,0.3470029478194192,1.265419996343553,0.32690700027160347,0.0038720027077943087,192.74665699049365,4.621689993655309,0.14594900130759925,15.242711990140378,0.06300701352301985,5.9265969903208315,5.143570000655018,0.13065399252809584,0.6523729971377179,5.460332991788164,0.6753499910701066,0.004800021997652948,1.094543025828898,7,0,7,0,0,,,,,,,,,,,,,,
rsg_object_detection,dropped_oldest,1723,rsg_20260806_112_904899999_001723,dropped,True,fifo_cached_frame,1215,137,0,1076,137,0,1,0.0,56.47539399797097,frame_fifo_full,,,,,,,,,,,,,,,,,,,,,,,,,,,,,,,,,,,,,,,,,,,,,,,,,,,,,,,,,,,,,,,,,,,,
rsg_object_detection,dropped_oldest,1724,rsg_20260806_112_954899999_001724,dropped,True,fifo_cached_frame,1216,137,0,1077,137,0,1,0.0,34.45390600245446,frame_fifo_full,,,,,,,,,,,,,,,,,,,,,,,,,,,,,,,,,,,,,,,,,,,,,,,,,,,,,,,,,,,,,,,,,,,,
rsg_object_detection,dropped_oldest,1725,rsg_20260806_113_004900000_001725,dropped,True,fifo_cached_frame,1217,137,0,1078,137,0,1,0.0,105.01097301312257,frame_fifo_full,,,,,,,,,,,,,,,,,,,,,,,,,,,,,,,,,,,,,,,,,,,,,,,,,,,,,,,,,,,,,,,,,,,,
rsg_object_detection,dropped_oldest,1726,rsg_20260806_113_104900000_001726,dropped,True,fifo_cached_frame,1218,137,0,1079,137,0,1,0.0,50.968918003491126,frame_fifo_full,,,,,,,,,,,,,,,,,,,,,,,,,,,,,,,,,,,,,,,,,,,,,,,,,,,,,,,,,,,,,,,,,,,,
rsg_object_detection,dropped_oldest,1727,rsg_20260806_113_154899999_001727,dropped,True,fifo_cached_frame,1219,137,0,1080,137,0,1,0.0,106.1068920098478,frame_fifo_full,,,,,,,,,,,,,,,,,,,,,,,,,,,,,,,,,,,,,,,,,,,,,,,,,,,,,,,,,,,,,,,,,,,,
rsg_object_detection,frame_trace,1722,rsg_20260806_112_854900000_001722,sent_to_hydra,,,,,,,,,,,553.2525460002944,ok,9.944520003045909,491.46062599902507,50.425597990397364,0.13142199895810336,50.29417599143926,0.005216003046371043,4.778679009177722,0.6722459947923198,288.50417101057246,16.011564002837986,0.007551992894150317,305.1955330010969,110.62189497170039,18.63331599452067,8.808312995824963,34.81719699630048,47.643558980780654,41.37492099835072,32.19525200256612,1.483303916756995,9.664812052506022,7.6502809970406815,4.147871848545037,4.51964300009422,2.611703996080905,1.999937987420708,442.0,186.0,0.005023990524932742,0.015583995264023542,3.3265090169152245,1.2913079845020548,0.37567502295132726,1.4882340037729591,0.22165999689605087,0.004640009137801826,158.72797700285446,2.8577479970408604,0.17580599524080753,19.682803002069704,0.04207999154459685,5.775783996796235,5.140049004694447,0.09455799590796232,0.5411769961938262,3.551529996911995,0.6126299995230511,0.004576009814627469,1.4165860047796741,7,0,7,0,0,,,,,,,,,,,,,,
rsg_object_detection,dropped_oldest,1729,rsg_20260806_113_304900000_001729,dropped,True,fifo_cached_frame,1221,138,0,1081,138,0,1,0.0,4.998356002033688,frame_fifo_full,,,,,,,,,,,,,,,,,,,,,,,,,,,,,,,,,,,,,,,,,,,,,,,,,,,,,,,,,,,,,,,,,,,,
rsg_object_detection,,392,rsg_20260806_33_554879999_000392,vlm_failed,,,,,,,,,,,,"{""label"":""unknown_object"",""label_confidence"":0.0,""mobility_class"":""unknown"",""mobility_confidence"":0.0}",,,,,,,,,,,,,,,,,,,,,,,,,,,,,,,,,,,,,,,,,,,,,,,,,,,,,,,rsg_obj_000037,rsg_unknown_rsg_20260806_33_554879999_000392_003_nanosam_000,,,1,0.5655255249350318,unknown_object,0.0,unknown,0.0,5321.106892995886,74037.74198700557,qwen_http,Qwen3-VL-8B-Instruct-GGUF
rsg_object_detection,completed,392,rsg_20260806_33_554879999_000392,,,,,,,,,,,68716.633878008,,vlm_failed,,,,,,,,,,,,,,,,,,,,,,,,,,,,,,,,,,,,,,,,,,,,,,,,,,,,,,,rsg_obj_000037,rsg_unknown_rsg_20260806_33_554879999_000392_003_nanosam_000,47,300,1,0.5655255249350318,,,,,,,,
rsg_object_detection,dropped_oldest,1730,rsg_20260806_113_354900000_001730,dropped,True,fifo_cached_frame,1222,138,0,1082,138,0,1,0.0,8.359297004062682,frame_fifo_full,,,,,,,,,,,,,,,,,,,,,,,,,,,,,,,,,,,,,,,,,,,,,,,,,,,,,,,,,,,,,,,,,,,,
rsg_object_detection,dequeued,429,rsg_20260806_35_804879999_000429,,,,,,,,,,,73846.16075000667,,fifo_order,,,,,,,,,,,,,,,,,,,,,,,,,,,,,,,,,,,,,,,,,,,,,,,,,,,,,,,rsg_obj_000040,rsg_unknown_rsg_20260806_35_804879999_000429_007_nanosam_004,46,300,2,0.388591666208182,,,,,,,,
rsg_object_detection,dropped_oldest,1731,rsg_20260806_113_404899999_001731,dropped,True,fifo_cached_frame,1223,138,0,1083,138,0,1,0.0,45.14612699858844,frame_fifo_full,,,,,,,,,,,,,,,,,,,,,,,,,,,,,,,,,,,,,,,,,,,,,,,,,,,,,,,,,,,,,,,,,,,,
rsg_object_detection,dropped_oldest,1732,rsg_20260806_113_454899999_001732,dropped,True,fifo_cached_frame,1224,138,0,1084,138,0,1,0.0,17.055228003300726,frame_fifo_full,,,,,,,,,,,,,,,,,,,,,,,,,,,,,,,,,,,,,,,,,,,,,,,,,,,,,,,,,,,,,,,,,,,,
rsg_object_detection,dropped_oldest,1733,rsg_20260806_113_504900000_001733,dropped,True,fifo_cached_frame,1225,138,0,1085,138,0,1,0.0,104.50579700409435,frame_fifo_full,,,,,,,,,,,,,,,,,,,,,,,,,,,,,,,,,,,,,,,,,,,,,,,,,,,,,,,,,,,,,,,,,,,,
rsg_object_detection,dropped_oldest,1734,rsg_20260806_113_604900000_001734,dropped,True,fifo_cached_frame,1226,138,0,1086,138,0,1,0.0,100.94053899229039,frame_fifo_full,,,,,,,,,,,,,,,,,,,,,,,,,,,,,,,,,,,,,,,,,,,,,,,,,,,,,,,,,,,,,,,,,,,,
rsg_object_detection,dropped_oldest,1735,rsg_20260806_113_704899999_001735,dropped,True,fifo_cached_frame,1227,138,0,1087,138,0,1,0.0,47.36817300727125,frame_fifo_full,,,,,,,,,,,,,,,,,,,,,,,,,,,,,,,,,,,,,,,,,,,,,,,,,,,,,,,,,,,,,,,,,,,,
rsg_object_detection,dropped_oldest,1736,rsg_20260806_113_754900000_001736,dropped,True,fifo_cached_frame,1228,138,0,1088,138,0,1,0.0,136.62636300432496,frame_fifo_full,,,,,,,,,,,,,,,,,,,,,,,,,,,,,,,,,,,,,,,,,,,,,,,,,,,,,,,,,,,,,,,,,,,,
rsg_object_detection,frame_trace,1728,rsg_20260806_113_254900000_001728,sent_to_hydra,,,,,,,,,,,669.1544909990625,ok,9.146643991698511,500.68819799344055,158.2206250022864,0.13814200065098703,158.0824830016354,0.004287998308427632,11.520111991558224,0.18745299894362688,254.22200799221173,26.7341199942166,0.007968017598614097,281.15154900297057,126.43477397796232,39.50080402137246,10.040359004051425,31.6244440182345,44.44060298555996,56.99759400158655,45.49277799378615,1.3085890677757561,18.694124053581618,5.991036014165729,4.0403861057711765,7.642570999450982,2.394490991719067,1.368459008517675,325.0,50.0,0.005440000677481294,0.015519006410613656,3.1681429682066664,1.3465069932863116,0.36198007001075894,1.389835000736639,0.20198000129312277,0.004191999323666096,189.92452500970103,3.280238001025282,0.13638200471177697,14.630688994657248,0.044702988816425204,4.570297998725437,3.9831720059737563,0.08854200132191181,0.4985839914297685,3.89392398938071,0.677622010698542,0.004799992893822491,1.0947360133286566,7,0,7,0,0,,,,,,,,,,,,,,
rsg_object_detection,dropped_oldest,1738,rsg_20260806_113_954899999_001738,dropped,True,fifo_cached_frame,1230,139,0,1089,139,0,1,0.0,45.124912008759566,frame_fifo_full,,,,,,,,,,,,,,,,,,,,,,,,,,,,,,,,,,,,,,,,,,,,,,,,,,,,,,,,,,,,,,,,,,,,
rsg_object_detection,dropped_oldest,1739,rsg_20260806_114_004900000_001739,dropped,True,fifo_cached_frame,1231,139,0,1090,139,0,1,0.0,101.58776098978706,frame_fifo_full,,,,,,,,,,,,,,,,,,,,,,,,,,,,,,,,,,,,,,,,,,,,,,,,,,,,,,,,,,,,,,,,,,,,
rsg_object_detection,dropped_oldest,1740,rsg_20260806_114_104900000_001740,dropped,True,fifo_cached_frame,1232,139,0,1091,139,0,1,0.0,52.115715996478684,frame_fifo_full,,,,,,,,,,,,,,,,,,,,,,,,,,,,,,,,,,,,,,,,,,,,,,,,,,,,,,,,,,,,,,,,,,,,
rsg_object_detection,dropped_oldest,1741,rsg_20260806_114_154899999_001741,dropped,True,fifo_cached_frame,1233,139,0,1092,139,0,1,0.0,117.82008998852689,frame_fifo_full,,,,,,,,,,,,,,,,,,,,,,,,,,,,,,,,,,,,,,,,,,,,,,,,,,,,,,,,,,,,,,,,,,,,
rsg_object_detection,dropped_oldest,1742,rsg_20260806_114_254900000_001742,dropped,True,fifo_cached_frame,1234,139,0,1093,139,0,1,0.0,44.93812999862712,frame_fifo_full,,,,,,,,,,,,,,,,,,,,,,,,,,,,,,,,,,,,,,,,,,,,,,,,,,,,,,,,,,,,,,,,,,,,
rsg_object_detection,dropped_oldest,1743,rsg_20260806_114_304900000_001743,dropped,True,fifo_cached_frame,1235,139,0,1094,139,0,1,0.0,86.31541900103912,frame_fifo_full,,,,,,,,,,,,,,,,,,,,,,,,,,,,,,,,,,,,,,,,,,,,,,,,,,,,,,,,,,,,,,,,,,,,
rsg_object_detection,frame_trace,1737,rsg_20260806_113_854900000_001737,sent_to_hydra,,,,,,,,,,,524.2435510008363,ok,14.038890003575943,453.41247199394275,53.551310003967956,0.16966099792625755,53.3816490060417,0.0038080033846199512,3.1390560034196824,0.21519701112993062,276.8471019953722,17.496981003205292,0.007103997631929815,294.56638400733937,88.45906602800824,25.65032998973038,5.098418012494221,34.83476299152244,22.07937597995624,39.223336993018165,30.89898500184063,1.2713401956716552,15.713746033725329,5.925214019953273,3.8401070196414366,4.171424006926827,2.387387998169288,1.6967739938991144,464.0,190.0,0.0047679932322353125,0.0139519979711622,3.07220897229854,1.0953110177069902,0.36383498809300363,1.3769709912594408,0.22271700436249375,0.00553599966224283,133.84224599576555,3.032304986845702,0.16819000302348286,18.612995991134085,0.05129500641487539,9.561166007188149,8.812056999886408,0.1309100043727085,0.6181990029290318,3.853668997180648,0.6195429887156934,0.004512010491453111,3.237070995965041,7,0,7,0,0,,,,,,,,,,,,,,
rsg_object_detection,dropped_oldest,1745,rsg_20260806_114_454899999_001745,dropped,True,fifo_cached_frame,1237,140,0,1095,140,0,1,0.0,6.2439689936582,frame_fifo_full,,,,,,,,,,,,,,,,,,,,,,,,,,,,,,,,,,,,,,,,,,,,,,,,,,,,,,,,,,,,,,,,,,,,
rsg_object_detection,dropped_oldest,1746,rsg_20260806_114_504900000_001746,dropped,True,fifo_cached_frame,1238,140,0,1096,140,0,1,0.0,77.18650200695265,frame_fifo_full,,,,,,,,,,,,,,,,,,,,,,,,,,,,,,,,,,,,,,,,,,,,,,,,,,,,,,,,,,,,,,,,,,,,
rsg_object_detection,dropped_oldest,1747,rsg_20260806_114_604900000_001747,dropped,True,fifo_cached_frame,1239,140,0,1097,140,0,1,0.0,105.40008801035583,frame_fifo_full,,,,,,,,,,,,,,,,,,,,,,,,,,,,,,,,,,,,,,,,,,,,,,,,,,,,,,,,,,,,,,,,,,,,
rsg_object_detection,dropped_oldest,1748,rsg_20260806_114_704899999_001748,dropped,True,fifo_cached_frame,1240,140,0,1098,140,0,1,0.0,47.90115699870512,frame_fifo_full,,,,,,,,,,,,,,,,,,,,,,,,,,,,,,,,,,,,,,,,,,,,,,,,,,,,,,,,,,,,,,,,,,,,
rsg_object_detection,dropped_oldest,1749,rsg_20260806_114_754900000_001749,dropped,True,fifo_cached_frame,1241,140,0,1099,140,0,1,0.0,46.813045992166735,frame_fifo_full,,,,,,,,,,,,,,,,,,,,,,,,,,,,,,,,,,,,,,,,,,,,,,,,,,,,,,,,,,,,,,,,,,,,
rsg_object_detection,dropped_oldest,1750,rsg_20260806_114_804900000_001750,dropped,True,fifo_cached_frame,1242,140,0,1100,140,0,1,0.0,108.17514899827074,frame_fifo_full,,,,,,,,,,,,,,,,,,,,,,,,,,,,,,,,,,,,,,,,,,,,,,,,,,,,,,,,,,,,,,,,,,,,
rsg_object_detection,dropped_oldest,1751,rsg_20260806_114_854900000_001751,dropped,True,fifo_cached_frame,1243,140,0,1101,140,0,1,0.0,4.932373005431145,frame_fifo_full,,,,,,,,,,,,,,,,,,,,,,,,,,,,,,,,,,,,,,,,,,,,,,,,,,,,,,,,,,,,,,,,,,,,
rsg_object_detection,dropped_oldest,1752,rsg_20260806_114_904899999_001752,dropped,True,fifo_cached_frame,1244,140,0,1102,140,0,1,0.0,46.575864995247684,frame_fifo_full,,,,,,,,,,,,,,,,,,,,,,,,,,,,,,,,,,,,,,,,,,,,,,,,,,,,,,,,,,,,,,,,,,,,
rsg_object_detection,frame_trace,1744,rsg_20260806_114_404899999_001744,sent_to_hydra,,,,,,,,,,,567.2030249988893,ok,13.672047993168235,528.3154260105221,23.89096299884841,0.1824930077418685,23.70846999110654,0.002239990863017738,1.0323680035071447,0.16828598745632917,303.2984440069413,19.03782099543605,0.007264010491780937,322.51181500032544,111.16262397263199,33.87673001270741,5.838598997797817,40.509782993467525,30.21358503610827,61.12166000821162,43.372906002332456,1.5502500027650967,10.692320167436264,6.376539880875498,20.222093095071614,12.902714996016584,3.236111006117426,1.4437859936151654,510.0,191.0,0.0048000074457377195,0.01350398815702647,2.9507709987228736,1.4944419963285327,0.322841020533815,1.4327139942906797,2.500506001524627,0.007520007784478366,181.0123420000309,2.790037004160695,0.1643819996388629,20.762147003551945,0.04233499930705875,9.088405990041792,8.454494993202388,0.10031899728346616,0.533591999555938,3.94045100256335,0.6373990036081523,0.0057919969549402595,1.3223480054875836,8,0,7,0,0,,,,,,,,,,,,,,
rsg_object_detection,dropped_oldest,1754,rsg_20260806_115_004900000_001754,dropped,True,fifo_cached_frame,1246,141,0,1103,141,0,1,0.0,37.58832199673634,frame_fifo_full,,,,,,,,,,,,,,,,,,,,,,,,,,,,,,,,,,,,,,,,,,,,,,,,,,,,,,,,,,,,,,,,,,,,
rsg_object_detection,dropped_oldest,1755,rsg_20260806_115_054900000_001755,dropped,True,fifo_cached_frame,1247,141,0,1104,141,0,1,0.0,49.401294003473595,frame_fifo_full,,,,,,,,,,,,,,,,,,,,,,,,,,,,,,,,,,,,,,,,,,,,,,,,,,,,,,,,,,,,,,,,,,,,
rsg_object_detection,dropped_oldest,1756,rsg_20260806_115_104900000_001756,dropped,True,fifo_cached_frame,1248,141,0,1105,141,0,1,0.0,105.62840499915183,frame_fifo_full,,,,,,,,,,,,,,,,,,,,,,,,,,,,,,,,,,,,,,,,,,,,,,,,,,,,,,,,,,,,,,,,,,,,
rsg_object_detection,dropped_oldest,1757,rsg_20260806_115_204899999_001757,dropped,True,fifo_cached_frame,1249,141,0,1106,141,0,1,0.0,50.899319001473486,frame_fifo_full,,,,,,,,,,,,,,,,,,,,,,,,,,,,,,,,,,,,,,,,,,,,,,,,,,,,,,,,,,,,,,,,,,,,
rsg_object_detection,dropped_oldest,1758,rsg_20260806_115_254900000_001758,dropped,True,fifo_cached_frame,1250,141,0,1107,141,0,1,0.0,118.70903699309565,frame_fifo_full,,,,,,,,,,,,,,,,,,,,,,,,,,,,,,,,,,,,,,,,,,,,,,,,,,,,,,,,,,,,,,,,,,,,
rsg_object_detection,dropped_oldest,1759,rsg_20260806_115_354900000_001759,dropped,True,fifo_cached_frame,1251,141,0,1108,141,0,1,0.0,36.85217400197871,frame_fifo_full,,,,,,,,,,,,,,,,,,,,,,,,,,,,,,,,,,,,,,,,,,,,,,,,,,,,,,,,,,,,,,,,,,,,
rsg_object_detection,frame_trace,1753,rsg_20260806_114_954899999_001753,sent_to_hydra,,,,,,,,,,,512.2596719884314,ok,10.19920498947613,477.23034999216907,22.99260899599176,0.15446099860128015,22.83814799739048,0.004639994585886598,1.107823001802899,0.18879699928220361,290.04318999068346,17.767760989954695,0.006464018952101469,308.00621199887246,66.68295197596308,19.427798994001932,5.776360019808635,26.68650500709191,14.026377990376204,63.344537004013546,54.67228600173257,2.025527835940011,9.943401979398914,28.36751214636024,5.335024019586854,3.680295994854532,3.0733610037714243,1.8634919979376718,671.0,195.0,0.005695997970178723,0.014623990864492953,3.0658730102004483,1.6193999908864498,0.3434180107433349,1.2843650038121268,0.3931460087187588,0.005088004400022328,136.75698600127362,5.454027996165678,0.15849398914724588,25.70255199680105,0.04425500810611993,5.858054995769635,5.1372659945627674,0.15001300198491663,0.5707759992219508,3.5765210050158203,0.7595409988425672,0.0050879898481070995,1.832868016208522,8,0,8,0,0,,,,,,,,,,,,,,
rsg_object_detection,dropped_oldest,1761,rsg_20260806_115_504900000_001761,dropped,True,fifo_cached_frame,1253,142,0,1109,142,0,1,0.0,43.88361900055315,frame_fifo_full,,,,,,,,,,,,,,,,,,,,,,,,,,,,,,,,,,,,,,,,,,,,,,,,,,,,,,,,,,,,,,,,,,,,
rsg_object_detection,dropped_oldest,1762,rsg_20260806_115_554900000_001762,dropped,True,fifo_cached_frame,1254,142,0,1110,142,0,1,0.0,55.802733011660166,frame_fifo_full,,,,,,,,,,,,,,,,,,,,,,,,,,,,,,,,,,,,,,,,,,,,,,,,,,,,,,,,,,,,,,,,,,,,
rsg_object_detection,dropped_oldest,1763,rsg_20260806_115_604900000_001763,dropped,True,fifo_cached_frame,1255,142,0,1111,142,0,1,0.0,94.9267760006478,frame_fifo_full,,,,,,,,,,,,,,,,,,,,,,,,,,,,,,,,,,,,,,,,,,,,,,,,,,,,,,,,,,,,,,,,,,,,
rsg_object_detection,dropped_oldest,1764,rsg_20260806_115_704899999_001764,dropped,True,fifo_cached_frame,1256,142,0,1112,142,0,1,0.0,56.99490598635748,frame_fifo_full,,,,,,,,,,,,,,,,,,,,,,,,,,,,,,,,,,,,,,,,,,,,,,,,,,,,,,,,,,,,,,,,,,,,
rsg_object_detection,dropped_oldest,1765,rsg_20260806_115_754900000_001765,dropped,True,fifo_cached_frame,1257,142,0,1113,142,0,1,0.0,47.42388500017114,frame_fifo_full,,,,,,,,,,,,,,,,,,,,,,,,,,,,,,,,,,,,,,,,,,,,,,,,,,,,,,,,,,,,,,,,,,,,
rsg_object_detection,dropped_oldest,1766,rsg_20260806_115_804900000_001766,dropped,True,fifo_cached_frame,1258,142,0,1114,142,0,1,0.0,94.392864004476,frame_fifo_full,,,,,,,,,,,,,,,,,,,,,,,,,,,,,,,,,,,,,,,,,,,,,,,,,,,,,,,,,,,,,,,,,,,,
rsg_object_detection,frame_trace,1760,rsg_20260806_115_404899999_001760,sent_to_hydra,,,,,,,,,,,576.8118080013664,ok,9.173395999823697,488.08096900756937,77.90981899597682,0.17622100131120533,77.73359799466562,0.0015999976312741637,1.398314008838497,0.25737199757713825,330.75831399764866,14.367397001478821,0.006752001354470849,345.3898349980591,76.96711398602929,22.080015012761578,4.7601830010535195,35.41366898571141,14.049417004571296,35.29859699483495,27.27311999478843,1.279694028198719,11.312439164612442,7.204205132438801,4.136708113946952,3.2465109979966655,2.9818099865224212,1.7480050009908155,524.0,199.0,0.005599998985417187,0.013823999324813485,3.1633119797334075,0.8411080198129639,0.33391402394045144,1.3558510108850896,0.2109729975927621,0.005184003384783864,118.19429299794137,3.0718570051249117,0.1532140013296157,19.82625799428206,0.04719800199382007,4.6783279976807535,4.106432999833487,0.09308700100518763,0.47880799684207886,3.7792709917994216,0.7094930042512715,0.006304006092250347,1.646024000365287,8,0,8,0,0,,,,,,,,,,,,,,
rsg_object_detection,dropped_oldest,1768,rsg_20260806_116_004900000_001768,dropped,True,fifo_cached_frame,1260,143,0,1115,143,0,1,0.0,54.12704600894358,frame_fifo_full,,,,,,,,,,,,,,,,,,,,,,,,,,,,,,,,,,,,,,,,,,,,,,,,,,,,,,,,,,,,,,,,,,,,
rsg_object_detection,dropped_oldest,1769,rsg_20260806_116_054900000_001769,dropped,True,fifo_cached_frame,1261,143,0,1116,143,0,1,0.0,39.270441004191525,frame_fifo_full,,,,,,,,,,,,,,,,,,,,,,,,,,,,,,,,,,,,,,,,,,,,,,,,,,,,,,,,,,,,,,,,,,,,
rsg_object_detection,dropped_oldest,1770,rsg_20260806_116_104900000_001770,dropped,True,fifo_cached_frame,1262,143,0,1117,143,0,1,0.0,103.61953900428489,frame_fifo_full,,,,,,,,,,,,,,,,,,,,,,,,,,,,,,,,,,,,,,,,,,,,,,,,,,,,,,,,,,,,,,,,,,,,
rsg_object_detection,dropped_oldest,1771,rsg_20260806_116_204899999_001771,dropped,True,fifo_cached_frame,1263,143,0,1118,143,0,1,0.0,47.55962599301711,frame_fifo_full,,,,,,,,,,,,,,,,,,,,,,,,,,,,,,,,,,,,,,,,,,,,,,,,,,,,,,,,,,,,,,,,,,,,
rsg_object_detection,dropped_oldest,1772,rsg_20260806_116_254900000_001772,dropped,True,fifo_cached_frame,1264,143,0,1119,143,0,1,0.0,127.70902800548356,frame_fifo_full,,,,,,,,,,,,,,,,,,,,,,,,,,,,,,,,,,,,,,,,,,,,,,,,,,,,,,,,,,,,,,,,,,,,
rsg_object_detection,dropped_oldest,1773,rsg_20260806_116_354900000_001773,dropped,True,fifo_cached_frame,1265,143,0,1120,143,0,1,0.0,44.073536002542824,frame_fifo_full,,,,,,,,,,,,,,,,,,,,,,,,,,,,,,,,,,,,,,,,,,,,,,,,,,,,,,,,,,,,,,,,,,,,
rsg_object_detection,dropped_oldest,1774,rsg_20260806_116_404899999_001774,dropped,True,fifo_cached_frame,1266,143,0,1121,143,0,1,0.0,47.880134006845765,frame_fifo_full,,,,,,,,,,,,,,,,,,,,,,,,,,,,,,,,,,,,,,,,,,,,,,,,,,,,,,,,,,,,,,,,,,,,
rsg_object_detection,frame_trace,1767,rsg_20260806_115_904899999_001767,sent_to_hydra,,,,,,,,,,,585.2473289996851,ok,9.740076013258658,467.7827519917628,105.88142499909736,0.16057399625424296,105.72085100284312,0.0024320033844560385,5.512524003279395,0.20271699759177864,301.86237100861035,13.966187005280517,0.006910981028340757,316.038185992511,43.239372986136004,15.27375093428418,5.346190970158204,9.794954006792977,12.048871009028517,63.411321010789834,50.758041004883125,3.335877336212434,10.350119147915393,21.733111076173373,10.462880323757418,7.593453003210016,2.9559550021076575,2.050625000265427,670.0,199.0,0.006143993232399225,0.013887984096072614,2.9140669794287533,0.867475027916953,0.32165899756364524,3.0493610101984814,0.25765999453142285,0.005216003046371043,114.09112399269361,4.6745210129301995,0.19186899589840323,27.229312996496446,0.04521499795373529,5.291374996886589,4.7462630027439445,0.09305500134360045,0.45205699279904366,3.7738310056738555,0.6700060039293021,0.004864006768912077,1.8406439921818674,8,0,8,0,0,,,,,,,,,,,,,,
rsg_object_detection,dropped_oldest,1776,rsg_20260806_116_504900000_001776,dropped,True,fifo_cached_frame,1268,144,0,1122,144,0,1,0.0,44.00409699883312,frame_fifo_full,,,,,,,,,,,,,,,,,,,,,,,,,,,,,,,,,,,,,,,,,,,,,,,,,,,,,,,,,,,,,,,,,,,,
rsg_object_detection,dropped_oldest,1777,rsg_20260806_116_554900000_001777,dropped,True,fifo_cached_frame,1269,144,0,1123,144,0,1,0.0,49.1333629906876,frame_fifo_full,,,,,,,,,,,,,,,,,,,,,,,,,,,,,,,,,,,,,,,,,,,,,,,,,,,,,,,,,,,,,,,,,,,,
rsg_object_detection,dropped_oldest,1778,rsg_20260806_116_604900000_001778,dropped,True,fifo_cached_frame,1270,144,0,1124,144,0,1,0.0,105.67134799202904,frame_fifo_full,,,,,,,,,,,,,,,,,,,,,,,,,,,,,,,,,,,,,,,,,,,,,,,,,,,,,,,,,,,,,,,,,,,,
rsg_object_detection,dropped_oldest,1779,rsg_20260806_116_704899999_001779,dropped,True,fifo_cached_frame,1271,144,0,1125,144,0,1,0.0,48.11299400171265,frame_fifo_full,,,,,,,,,,,,,,,,,,,,,,,,,,,,,,,,,,,,,,,,,,,,,,,,,,,,,,,,,,,,,,,,,,,,
rsg_object_detection,dropped_oldest,1780,rsg_20260806_116_754900000_001780,dropped,True,fifo_cached_frame,1272,144,0,1126,144,0,1,0.0,47.20030399039388,frame_fifo_full,,,,,,,,,,,,,,,,,,,,,,,,,,,,,,,,,,,,,,,,,,,,,,,,,,,,,,,,,,,,,,,,,,,,
rsg_object_detection,dropped_oldest,1781,rsg_20260806_116_804900000_001781,dropped,True,fifo_cached_frame,1273,144,0,1127,144,0,1,0.0,53.88634599512443,frame_fifo_full,,,,,,,,,,,,,,,,,,,,,,,,,,,,,,,,,,,,,,,,,,,,,,,,,,,,,,,,,,,,,,,,,,,,
rsg_object_detection,dropped_oldest,1782,rsg_20260806_116_854900000_001782,dropped,True,fifo_cached_frame,1274,144,0,1128,144,0,1,0.0,75.76799600792583,frame_fifo_full,,,,,,,,,,,,,,,,,,,,,,,,,,,,,,,,,,,,,,,,,,,,,,,,,,,,,,,,,,,,,,,,,,,,
rsg_object_detection,dropped_oldest,1783,rsg_20260806_116_904899999_001783,dropped,True,fifo_cached_frame,1275,144,0,1129,144,0,1,0.0,52.72473199875094,frame_fifo_full,,,,,,,,,,,,,,,,,,,,,,,,,,,,,,,,,,,,,,,,,,,,,,,,,,,,,,,,,,,,,,,,,,,,
rsg_object_detection,frame_trace,1775,rsg_20260806_116_454899999_001775,sent_to_hydra,,,,,,,,,,,513.7920349952765,ok,14.868380996631458,465.52118699764833,32.197556996834464,0.1697569969110191,32.027799999923445,0.002368004061281681,5.296623014146462,0.21305200061760843,304.67685700568836,14.196391988662072,0.006880000000819564,319.09318099496886,58.10183302673977,17.774514009943232,4.018818013719283,24.226093999459408,11.422640978707932,54.020455994759686,45.963619006215595,1.0033539147116244,29.679066850803792,7.023063051747158,3.2297041034325957,3.1740000122226775,3.2954369962681085,1.5288089925888926,376.0,52.0,0.004895991878584027,0.018175982404500246,4.100607999134809,2.7122780156787485,0.4005079681519419,1.5321370010497048,0.5249520036159083,0.0043199979700148106,121.41683600202668,3.2666059996699914,0.14806201215833426,16.24932000413537,0.05055897054262459,5.599017997155897,4.992532005417161,0.0854070094646886,0.521078982274048,8.553053994546644,0.712373002897948,0.003936002030968666,1.202542000100948,8,0,8,0,0,,,,,,,,,,,,,,
rsg_object_detection,dropped_oldest,1785,rsg_20260806_117_004900000_001785,dropped,True,fifo_cached_frame,1277,145,0,1130,145,0,1,0.0,100.35882200463675,frame_fifo_full,,,,,,,,,,,,,,,,,,,,,,,,,,,,,,,,,,,,,,,,,,,,,,,,,,,,,,,,,,,,,,,,,,,,
rsg_object_detection,dropped_oldest,1786,rsg_20260806_117_104900000_001786,dropped,True,fifo_cached_frame,1278,145,0,1131,145,0,1,0.0,49.88154300372116,frame_fifo_full,,,,,,,,,,,,,,,,,,,,,,,,,,,,,,,,,,,,,,,,,,,,,,,,,,,,,,,,,,,,,,,,,,,,
rsg_object_detection,dropped_oldest,1787,rsg_20260806_117_154899999_001787,dropped,True,fifo_cached_frame,1279,145,0,1132,145,0,1,0.0,106.66093298641499,frame_fifo_full,,,,,,,,,,,,,,,,,,,,,,,,,,,,,,,,,,,,,,,,,,,,,,,,,,,,,,,,,,,,,,,,,,,,
rsg_object_detection,dropped_oldest,1788,rsg_20260806_117_254900000_001788,dropped,True,fifo_cached_frame,1280,145,0,1133,145,0,1,0.0,96.69244599353988,frame_fifo_full,,,,,,,,,,,,,,,,,,,,,,,,,,,,,,,,,,,,,,,,,,,,,,,,,,,,,,,,,,,,,,,,,,,,
rsg_object_detection,dropped_oldest,1789,rsg_20260806_117_354900000_001789,dropped,True,fifo_cached_frame,1281,145,0,1134,145,0,1,0.0,60.68339500052389,frame_fifo_full,,,,,,,,,,,,,,,,,,,,,,,,,,,,,,,,,,,,,,,,,,,,,,,,,,,,,,,,,,,,,,,,,,,,
rsg_object_detection,dropped_oldest,1790,rsg_20260806_117_404899999_001790,dropped,True,fifo_cached_frame,1282,145,0,1135,145,0,1,0.0,109.95877100504003,frame_fifo_full,,,,,,,,,,,,,,,,,,,,,,,,,,,,,,,,,,,,,,,,,,,,,,,,,,,,,,,,,,,,,,,,,,,,
rsg_object_detection,frame_trace,1784,rsg_20260806_116_954899999_001784,sent_to_hydra,,,,,,,,,,,552.391926990822,ok,14.01671399071347,521.9747280061711,15.125017001992092,0.15759699454065412,14.967420007451437,0.0015039986465126276,5.268496010103263,0.26079600502271205,333.32851600425784,28.266417008126155,0.008063987479545176,361.86379300488625,91.55793099489529,18.03182299772743,5.621256976155564,50.38307198265102,16.777568016550504,29.86261699697934,22.121582995168865,1.223397979629226,9.693007028545253,4.820952904992737,3.2115368521772325,3.3110849908553064,3.0338100041262805,1.3511470024241135,377.0,51.0,0.005504000000655651,0.02220796886831522,4.131425972445868,3.4750830236589536,0.41704901377670467,1.4936730003682896,0.38591399788856506,0.004159999662078917,131.3467969885096,5.931748994044028,0.19289299962110817,17.331191993434913,0.03980801557190716,9.63329299702309,9.006709995446727,0.09596699965186417,0.5306160019244999,3.596488997573033,0.7819719903636724,0.004960005753673613,1.2739639932988212,8,0,8,0,0,,,,,,,,,,,,,,
rsg_object_detection,dropped_oldest,1792,rsg_20260806_117_554900000_001792,dropped,True,fifo_cached_frame,1284,146,0,1136,146,0,1,0.0,51.30600200209301,frame_fifo_full,,,,,,,,,,,,,,,,,,,,,,,,,,,,,,,,,,,,,,,,,,,,,,,,,,,,,,,,,,,,,,,,,,,,
rsg_object_detection,dropped_oldest,1793,rsg_20260806_117_604900000_001793,dropped,True,fifo_cached_frame,1285,146,0,1137,146,0,1,0.0,95.12766999250744,frame_fifo_full,,,,,,,,,,,,,,,,,,,,,,,,,,,,,,,,,,,,,,,,,,,,,,,,,,,,,,,,,,,,,,,,,,,,
rsg_object_detection,dropped_oldest,1794,rsg_20260806_117_704899999_001794,dropped,True,fifo_cached_frame,1286,146,0,1138,146,0,1,0.0,54.523361002793536,frame_fifo_full,,,,,,,,,,,,,,,,,,,,,,,,,,,,,,,,,,,,,,,,,,,,,,,,,,,,,,,,,,,,,,,,,,,,
rsg_object_detection,dropped_oldest,1795,rsg_20260806_117_754900000_001795,dropped,True,fifo_cached_frame,1287,146,0,1139,146,0,1,0.0,58.913661996484734,frame_fifo_full,,,,,,,,,,,,,,,,,,,,,,,,,,,,,,,,,,,,,,,,,,,,,,,,,,,,,,,,,,,,,,,,,,,,
rsg_object_detection,dropped_oldest,1796,rsg_20260806_117_804900000_001796,dropped,True,fifo_cached_frame,1288,146,0,1140,146,0,1,0.0,109.08656001265626,frame_fifo_full,,,,,,,,,,,,,,,,,,,,,,,,,,,,,,,,,,,,,,,,,,,,,,,,,,,,,,,,,,,,,,,,,,,,
rsg_object_detection,dropped_oldest,1797,rsg_20260806_117_904899999_001797,dropped,True,fifo_cached_frame,1289,146,0,1141,146,0,1,0.0,91.8202629982261,frame_fifo_full,,,,,,,,,,,,,,,,,,,,,,,,,,,,,,,,,,,,,,,,,,,,,,,,,,,,,,,,,,,,,,,,,,,,
rsg_object_detection,dropped_oldest,1798,rsg_20260806_118_004900000_001798,dropped,True,fifo_cached_frame,1290,146,0,1142,146,0,1,0.0,49.183601993718185,frame_fifo_full,,,,,,,,,,,,,,,,,,,,,,,,,,,,,,,,,,,,,,,,,,,,,,,,,,,,,,,,,,,,,,,,,,,,
rsg_object_detection,frame_trace,1791,rsg_20260806_117_504900000_001791,sent_to_hydra,,,,,,,,,,,547.8004140022676,ok,13.318837009137496,507.3479109996697,25.419483994483016,0.13513400335796177,25.284349991125055,0.0016959966160356998,5.5365559965139255,0.21481199655681849,330.6640140071977,18.037964997347444,0.008511997293680906,348.92530299839564,72.11681999615394,24.669226026162505,4.731797016575001,21.522906012251042,19.93726297223475,47.23783899680711,33.58326399757061,1.7623490275582299,11.652713976218365,6.848280012491159,7.942922049551271,7.778729996061884,3.249838002375327,2.565625007264316,531.0,205.0,0.005887006409466267,0.015392011846415699,4.1032969747902825,0.8980669808806852,0.3690190496854484,1.4291950064944103,0.24082801246549934,0.005823996616527438,126.42226400203072,2.990257999044843,0.17961299454327673,23.24556600069627,0.04835100844502449,8.655675992486067,7.896198992966674,0.09695898916106671,0.6625180103583261,3.920899995137006,0.7370130042545497,0.00524801725987345,1.712486002361402,8,0,8,0,0,,,,,,,,,,,,,,
rsg_object_detection,dropped_oldest,1800,rsg_20260806_118_104900000_001800,dropped,True,fifo_cached_frame,1292,147,0,1143,147,0,1,0.0,47.87987799500115,frame_fifo_full,,,,,,,,,,,,,,,,,,,,,,,,,,,,,,,,,,,,,,,,,,,,,,,,,,,,,,,,,,,,,,,,,,,,
rsg_object_detection,dropped_oldest,1801,rsg_20260806_118_154899999_001801,dropped,True,fifo_cached_frame,1293,147,0,1144,147,0,1,0.0,49.07441898831166,frame_fifo_full,,,,,,,,,,,,,,,,,,,,,,,,,,,,,,,,,,,,,,,,,,,,,,,,,,,,,,,,,,,,,,,,,,,,
rsg_object_detection,dropped_oldest,1802,rsg_20260806_118_204899999_001802,dropped,True,fifo_cached_frame,1294,147,0,1145,147,0,1,0.0,51.32692999904975,frame_fifo_full,,,,,,,,,,,,,,,,,,,,,,,,,,,,,,,,,,,,,,,,,,,,,,,,,,,,,,,,,,,,,,,,,,,,
rsg_object_detection,dropped_oldest,1803,rsg_20260806_118_254900000_001803,dropped,True,fifo_cached_frame,1295,147,0,1146,147,0,1,0.0,52.0923260046402,frame_fifo_full,,,,,,,,,,,,,,,,,,,,,,,,,,,,,,,,,,,,,,,,,,,,,,,,,,,,,,,,,,,,,,,,,,,,
rsg_object_detection,dropped_oldest,1804,rsg_20260806_118_304900000_001804,dropped,True,fifo_cached_frame,1296,147,0,1147,147,0,1,0.0,49.88845600746572,frame_fifo_full,,,,,,,,,,,,,,,,,,,,,,,,,,,,,,,,,,,,,,,,,,,,,,,,,,,,,,,,,,,,,,,,,,,,
rsg_object_detection,dropped_oldest,1805,rsg_20260806_118_354900000_001805,dropped,True,fifo_cached_frame,1297,147,0,1148,147,0,1,0.0,49.5554049994098,frame_fifo_full,,,,,,,,,,,,,,,,,,,,,,,,,,,,,,,,,,,,,,,,,,,,,,,,,,,,,,,,,,,,,,,,,,,,
rsg_object_detection,dropped_oldest,1806,rsg_20260806_118_404899999_001806,dropped,True,fifo_cached_frame,1298,147,0,1149,147,0,1,0.0,116.3360820064554,frame_fifo_full,,,,,,,,,,,,,,,,,,,,,,,,,,,,,,,,,,,,,,,,,,,,,,,,,,,,,,,,,,,,,,,,,,,,
rsg_object_detection,dropped_oldest,1807,rsg_20260806_118_504900000_001807,dropped,True,fifo_cached_frame,1299,147,0,1150,147,0,1,0.0,48.47871699894313,frame_fifo_full,,,,,,,,,,,,,,,,,,,,,,,,,,,,,,,,,,,,,,,,,,,,,,,,,,,,,,,,,,,,,,,,,,,,
rsg_object_detection,frame_trace,1799,rsg_20260806_118_054900000_001799,sent_to_hydra,,,,,,,,,,,517.659403005382,ok,10.268994999933057,481.1979429941857,24.599816999398172,0.14489400200545788,24.454922997392714,0.0022400054149329662,2.089343994157389,0.4352569958427921,286.9880079961149,31.0670780017972,0.007744005415588617,318.4980869991705,63.75832397316117,33.689919029711746,3.850724984658882,14.99311500811018,10.595421976177022,56.6519680141937,44.56517600920051,2.040542211034335,9.19740495737642,23.474680114304647,4.507963909418322,7.0514770050067455,3.1453599949600175,1.8375079962424934,530.0,205.0,0.006144007784314454,0.014911987818777561,3.7842949968762696,0.6910929951118305,0.34002702159341425,1.3957549963379279,0.49228100397158414,0.00384000304620713,127.13755000731908,9.136917011346668,0.1321580057265237,24.159695996786468,0.04419097967911512,5.284718994516879,4.755511006806046,0.08895799692254514,0.4402499907882884,4.131744994083419,0.846546987304464,0.005984024028293788,1.5904080064501613,8,0,8,0,0,,,,,,,,,,,,,,
rsg_object_detection,dropped_oldest,1809,rsg_20260806_118_654899999_001809,dropped,True,fifo_cached_frame,1301,148,0,1151,148,0,1,0.0,100.57584299647715,frame_fifo_full,,,,,,,,,,,,,,,,,,,,,,,,,,,,,,,,,,,,,,,,,,,,,,,,,,,,,,,,,,,,,,,,,,,,
rsg_object_detection,,429,rsg_20260806_35_804879999_000429,vlm_done,,,,,,,,,,,,ok,,,,,,,,,,,,,,,,,,,,,,,,,,,,,,,,,,,,,,,,,,,,,,,,,,,,,,,rsg_obj_000040,rsg_unknown_rsg_20260806_35_804879999_000429_007_nanosam_004,,,2,0.388591666208182,door,0.97,static,0.99,5277.76432200335,79123.92696000461,qwen_http,Qwen3-VL-8B-Instruct-GGUF
rsg_object_detection,completed,429,rsg_20260806_35_804879999_000429,,,,,,,,,,,73846.16075000667,,vlm_done,,,,,,,,,,,,,,,,,,,,,,,,,,,,,,,,,,,,,,,,,,,,,,,,,,,,,,,rsg_obj_000040,rsg_unknown_rsg_20260806_35_804879999_000429_007_nanosam_004,49,300,2,0.388591666208182,,,,,,,,
rsg_object_detection,dropped_oldest,1810,rsg_20260806_118_754900000_001810,dropped,True,fifo_cached_frame,1302,148,0,1152,148,0,1,0.0,51.28798600344453,frame_fifo_full,,,,,,,,,,,,,,,,,,,,,,,,,,,,,,,,,,,,,,,,,,,,,,,,,,,,,,,,,,,,,,,,,,,,
rsg_object_detection,dequeued,404,rsg_20260806_34_304879999_000404,,,,,,,,,,,78470.07502699853,,fifo_order,,,,,,,,,,,,,,,,,,,,,,,,,,,,,,,,,,,,,,,,,,,,,,,,,,,,,,,rsg_obj_000042,rsg_unknown_rsg_20260806_34_304879999_000404_005_nanosam_004,49,300,1,0.7073103621058817,,,,,,,,
rsg_object_detection,dropped_oldest,1811,rsg_20260806_118_804900000_001811,dropped,True,fifo_cached_frame,1303,148,0,1153,148,0,1,0.0,111.17600099532865,frame_fifo_full,,,,,,,,,,,,,,,,,,,,,,,,,,,,,,,,,,,,,,,,,,,,,,,,,,,,,,,,,,,,,,,,,,,,
rsg_object_detection,dropped_oldest,1812,rsg_20260806_118_904899999_001812,dropped,True,fifo_cached_frame,1304,148,0,1154,148,0,1,0.0,98.65795201039873,frame_fifo_full,,,,,,,,,,,,,,,,,,,,,,,,,,,,,,,,,,,,,,,,,,,,,,,,,,,,,,,,,,,,,,,,,,,,
rsg_object_detection,dropped_oldest,1813,rsg_20260806_118_954899999_001813,dropped,True,fifo_cached_frame,1305,148,0,1155,148,0,1,0.0,2.7938459970755503,frame_fifo_full,,,,,,,,,,,,,,,,,,,,,,,,,,,,,,,,,,,,,,,,,,,,,,,,,,,,,,,,,,,,,,,,,,,,
rsg_object_detection,frame_trace,1808,rsg_20260806_118_554900000_001808,sent_to_hydra,,,,,,,,,,,459.5905290043447,ok,15.99361200351268,410.65249100211076,31.320195004809648,0.14511799963656813,31.17507700517308,0.005023990524932742,1.296716000069864,0.2139489952242002,252.74069100851193,20.520327001577243,0.007071997970342636,273.4820390032837,56.40022800071165,16.56377801555209,3.841348981950432,24.14952100662049,11.213268982828595,42.74859599536285,25.13804800400976,1.5439201233675703,9.473352183704264,6.182084965985268,4.522877090494148,10.262244002660736,5.378925998229533,1.8077800050377846,536.0,206.0,0.0050879898481070995,0.0158400071086362,6.900216001668014,1.0283359879394993,0.5174310063011944,1.5101210010470822,0.4089540016138926,0.004128000000491738,109.53641000378411,3.7342149880714715,0.14422200911212713,22.414122009649873,0.04476698813959956,11.547280009835958,10.927417009952478,0.09222199150826782,0.5276410083752126,3.4537390019977465,0.98760100081563,0.004991990863345563,1.6192070033866912,8,0,8,0,0,,,,,,,,,,,,,,
rsg_object_detection,dropped_oldest,1815,rsg_20260806_119_104900000_001815,dropped,True,fifo_cached_frame,1307,149,0,1156,149,0,1,0.0,48.90939898905344,frame_fifo_full,,,,,,,,,,,,,,,,,,,,,,,,,,,,,,,,,,,,,,,,,,,,,,,,,,,,,,,,,,,,,,,,,,,,
rsg_object_detection,dropped_oldest,1816,rsg_20260806_119_154899999_001816,dropped,True,fifo_cached_frame,1308,149,0,1157,149,0,1,0.0,104.26442600146402,frame_fifo_full,,,,,,,,,,,,,,,,,,,,,,,,,,,,,,,,,,,,,,,,,,,,,,,,,,,,,,,,,,,,,,,,,,,,
rsg_object_detection,dropped_oldest,1817,rsg_20260806_119_254900000_001817,dropped,True,fifo_cached_frame,1309,149,0,1158,149,0,1,0.0,49.74320899054874,frame_fifo_full,,,,,,,,,,,,,,,,,,,,,,,,,,,,,,,,,,,,,,,,,,,,,,,,,,,,,,,,,,,,,,,,,,,,
rsg_object_detection,dropped_oldest,1818,rsg_20260806_119_304900000_001818,dropped,True,fifo_cached_frame,1310,149,0,1159,149,0,1,0.0,49.887303001014516,frame_fifo_full,,,,,,,,,,,,,,,,,,,,,,,,,,,,,,,,,,,,,,,,,,,,,,,,,,,,,,,,,,,,,,,,,,,,
rsg_object_detection,dropped_oldest,1819,rsg_20260806_119_354900000_001819,dropped,True,fifo_cached_frame,1311,149,0,1160,149,0,1,0.0,61.7927220009733,frame_fifo_full,,,,,,,,,,,,,,,,,,,,,,,,,,,,,,,,,,,,,,,,,,,,,,,,,,,,,,,,,,,,,,,,,,,,
rsg_object_detection,dropped_oldest,1820,rsg_20260806_119_404899999_001820,dropped,True,fifo_cached_frame,1312,149,0,1161,149,0,1,0.0,93.60932500567287,frame_fifo_full,,,,,,,,,,,,,,,,,,,,,,,,,,,,,,,,,,,,,,,,,,,,,,,,,,,,,,,,,,,,,,,,,,,,
rsg_object_detection,dropped_oldest,1821,rsg_20260806_119_504900000_001821,dropped,True,fifo_cached_frame,1313,149,0,1162,149,0,1,0.0,60.01607699727174,frame_fifo_full,,,,,,,,,,,,,,,,,,,,,,,,,,,,,,,,,,,,,,,,,,,,,,,,,,,,,,,,,,,,,,,,,,,,
rsg_object_detection,frame_trace,1814,rsg_20260806_119_004900000_001814,sent_to_hydra,,,,,,,,,,,565.3882769984193,ok,16.878686990821734,520.0881680066232,26.468203999684192,0.10950199794024229,26.35870200174395,0.002815999323502183,1.6963260131888092,0.1777580037014559,358.79888200724963,26.88256600231398,0.006431990186683834,385.86563800345175,43.337866984074935,18.696036015171558,7.460304026608355,5.91728399740532,10.459967001224868,51.00677500013262,42.05494299822021,1.8355208594584838,16.56180410645902,8.8393707992509,5.167869079741649,3.8535089988727123,3.286573992227204,1.7669170047156513,534.0,207.0,0.004799992893822491,0.01686399627942592,5.26939301926177,1.4344739902298898,0.6971399998292327,1.5506000054301694,0.2167329948861152,0.005055990186519921,103.54098198877182,2.8421000024536625,0.15250999422278255,25.84421400388237,0.1463980006519705,10.095270001329482,9.353680987260304,0.09743899863678962,0.6441500154323876,5.568523003603332,1.2093580007785931,0.005535985110327601,1.9504020019667223,8,0,8,0,0,,,,,,,,,,,,,,
rsg_object_detection,dropped_oldest,1823,rsg_20260806_119_654899999_001823,dropped,True,fifo_cached_frame,1315,150,0,1163,150,0,1,0.0,98.05834598955698,frame_fifo_full,,,,,,,,,,,,,,,,,,,,,,,,,,,,,,,,,,,,,,,,,,,,,,,,,,,,,,,,,,,,,,,,,,,,
rsg_object_detection,dropped_oldest,1824,rsg_20260806_119_754900000_001824,dropped,True,fifo_cached_frame,1316,150,0,1164,150,0,1,0.0,54.37561900180299,frame_fifo_full,,,,,,,,,,,,,,,,,,,,,,,,,,,,,,,,,,,,,,,,,,,,,,,,,,,,,,,,,,,,,,,,,,,,
rsg_object_detection,dropped_oldest,1825,rsg_20260806_119_804900000_001825,dropped,True,fifo_cached_frame,1317,150,0,1165,150,0,1,0.0,48.25254500610754,frame_fifo_full,,,,,,,,,,,,,,,,,,,,,,,,,,,,,,,,,,,,,,,,,,,,,,,,,,,,,,,,,,,,,,,,,,,,
rsg_object_detection,dropped_oldest,1826,rsg_20260806_119_854900000_001826,dropped,True,fifo_cached_frame,1318,150,0,1166,150,0,1,0.0,50.78456999035552,frame_fifo_full,,,,,,,,,,,,,,,,,,,,,,,,,,,,,,,,,,,,,,,,,,,,,,,,,,,,,,,,,,,,,,,,,,,,
rsg_object_detection,dropped_oldest,1827,rsg_20260806_119_904899999_001827,dropped,True,fifo_cached_frame,1319,150,0,1167,150,0,1,0.0,120.2010480046738,frame_fifo_full,,,,,,,,,,,,,,,,,,,,,,,,,,,,,,,,,,,,,,,,,,,,,,,,,,,,,,,,,,,,,,,,,,,,
rsg_object_detection,dropped_oldest,1828,rsg_20260806_120_004900000_001828,dropped,True,fifo_cached_frame,1320,150,0,1168,150,0,1,0.0,31.17434099840466,frame_fifo_full,,,,,,,,,,,,,,,,,,,,,,,,,,,,,,,,,,,,,,,,,,,,,,,,,,,,,,,,,,,,,,,,,,,,
rsg_object_detection,frame_trace,1822,rsg_20260806_119_554900000_001822,sent_to_hydra,,,,,,,,,,,496.2013969925465,ok,14.811806991929188,450.26852800219785,29.4935669953702,0.17666899657342583,29.316897998796776,0.0016639969544485211,1.873187007731758,0.20508500165306032,296.84443499718327,30.057622003369033,0.007167996955104172,327.11430999916047,43.21230101049878,21.42818800348323,3.628456950536929,6.4950699743349105,10.843035008292645,39.63251599634532,28.84260000428185,1.9258578249718994,10.675765894120559,6.803782875067554,4.533790081040934,5.426540999906138,3.324333010823466,1.9846740033244714,544.0,209.0,0.005983994924463332,0.01449498813599348,3.169104005792178,0.7964360120240599,0.3455939731793478,1.3798830041196197,0.4394489951664582,0.00384000304620713,88.99630699306726,8.597884996561334,0.13932600268162787,23.505402001319453,0.0421110016759485,10.468448992469348,9.838441997999325,0.09465399489272386,0.5353529995772988,3.618025002651848,0.7205010042525828,0.00483199255540967,1.6258310060948133,8,0,8,0,0,,,,,,,,,,,,,,
rsg_object_detection,dropped_oldest,1830,rsg_20260806_120_154899999_001830,dropped,True,fifo_cached_frame,1322,151,0,1169,151,0,1,0.0,91.39473500545137,frame_fifo_full,,,,,,,,,,,,,,,,,,,,,,,,,,,,,,,,,,,,,,,,,,,,,,,,,,,,,,,,,,,,,,,,,,,,
rsg_object_detection,dropped_oldest,1831,rsg_20260806_120_254900000_001831,dropped,True,fifo_cached_frame,1323,151,0,1170,151,0,1,0.0,100.64547399815638,frame_fifo_full,,,,,,,,,,,,,,,,,,,,,,,,,,,,,,,,,,,,,,,,,,,,,,,,,,,,,,,,,,,,,,,,,,,,
rsg_object_detection,dropped_oldest,1832,rsg_20260806_120_354900000_001832,dropped,True,fifo_cached_frame,1324,151,0,1171,151,0,1,0.0,112.12117099785246,frame_fifo_full,,,,,,,,,,,,,,,,,,,,,,,,,,,,,,,,,,,,,,,,,,,,,,,,,,,,,,,,,,,,,,,,,,,,
rsg_object_detection,dropped_oldest,1833,rsg_20260806_120_454899999_001833,dropped,True,fifo_cached_frame,1325,151,0,1172,151,0,1,0.0,61.966127002961,frame_fifo_full,,,,,,,,,,,,,,,,,,,,,,,,,,,,,,,,,,,,,,,,,,,,,,,,,,,,,,,,,,,,,,,,,,,,
rsg_object_detection,dropped_oldest,1834,rsg_20260806_120_504900000_001834,dropped,True,fifo_cached_frame,1326,151,0,1173,151,0,1,0.0,51.06322201027069,frame_fifo_full,,,,,,,,,,,,,,,,,,,,,,,,,,,,,,,,,,,,,,,,,,,,,,,,,,,,,,,,,,,,,,,,,,,,
rsg_object_detection,dropped_oldest,1835,rsg_20260806_120_554900000_001835,dropped,True,fifo_cached_frame,1327,151,0,1174,151,0,1,0.0,23.06553600647021,frame_fifo_full,,,,,,,,,,,,,,,,,,,,,,,,,,,,,,,,,,,,,,,,,,,,,,,,,,,,,,,,,,,,,,,,,,,,
rsg_object_detection,dropped_oldest,1836,rsg_20260806_120_604900000_001836,dropped,True,fifo_cached_frame,1328,151,0,1175,151,0,1,0.0,51.730186998611316,frame_fifo_full,,,,,,,,,,,,,,,,,,,,,,,,,,,,,,,,,,,,,,,,,,,,,,,,,,,,,,,,,,,,,,,,,,,,
rsg_object_detection,frame_trace,1829,rsg_20260806_120_054900000_001829,sent_to_hydra,,,,,,,,,,,607.5197009922704,ok,15.772143000504002,564.0758840017952,25.09392199863214,0.1450220006518066,24.948899997980334,0.005023990524932742,1.1126229946967214,0.2004449925152585,371.79193399788346,23.428475004038773,0.006880000000819564,395.4277339944383,57.61294600961264,20.91171601205133,3.765990026295185,17.966925996006466,14.140679006231949,74.91969100374263,61.93812799756415,1.4883958792779595,41.60787015280221,8.699012847500853,4.750993131892756,8.008838005480357,3.2049110013758764,1.7167420010082424,540.0,209.0,0.005919995601288974,0.013471988495439291,3.0893919902155176,0.8798930211924016,0.329335976857692,1.3959149946458638,0.7502280059270561,0.00457599526271224,139.00133699644357,5.4514049988938496,0.1574060006532818,22.878210991621017,0.047168025048449636,11.397970010875724,10.526142999879085,0.10518199997022748,0.7666450110264122,3.6853519995929673,0.6837969995103776,0.005023990524932742,2.572728000814095,8,0,8,0,0,,,,,,,,,,,,,,
rsg_object_detection,dropped_oldest,1838,rsg_20260806_120_754900000_001838,dropped,True,fifo_cached_frame,1330,152,0,1176,152,0,1,0.0,48.658714003977366,frame_fifo_full,,,,,,,,,,,,,,,,,,,,,,,,,,,,,,,,,,,,,,,,,,,,,,,,,,,,,,,,,,,,,,,,,,,,
rsg_object_detection,dropped_oldest,1839,rsg_20260806_120_804900000_001839,dropped,True,fifo_cached_frame,1331,152,0,1177,152,0,1,0.0,91.49857300508302,frame_fifo_full,,,,,,,,,,,,,,,,,,,,,,,,,,,,,,,,,,,,,,,,,,,,,,,,,,,,,,,,,,,,,,,,,,,,
rsg_object_detection,dropped_oldest,1840,rsg_20260806_120_904899999_001840,dropped,True,fifo_cached_frame,1332,152,0,1178,152,0,1,0.0,102.47005400015041,frame_fifo_full,,,,,,,,,,,,,,,,,,,,,,,,,,,,,,,,,,,,,,,,,,,,,,,,,,,,,,,,,,,,,,,,,,,,
rsg_object_detection,dropped_oldest,1841,rsg_20260806_121_004900000_001841,dropped,True,fifo_cached_frame,1333,152,0,1179,152,0,1,0.0,52.33737800153904,frame_fifo_full,,,,,,,,,,,,,,,,,,,,,,,,,,,,,,,,,,,,,,,,,,,,,,,,,,,,,,,,,,,,,,,,,,,,
rsg_object_detection,dropped_oldest,1842,rsg_20260806_121_054900000_001842,dropped,True,fifo_cached_frame,1334,152,0,1180,152,0,1,0.0,105.70146099780686,frame_fifo_full,,,,,,,,,,,,,,,,,,,,,,,,,,,,,,,,,,,,,,,,,,,,,,,,,,,,,,,,,,,,,,,,,,,,
rsg_object_detection,dropped_oldest,1843,rsg_20260806_121_154899999_001843,dropped,True,fifo_cached_frame,1335,152,0,1181,152,0,1,0.0,59.51317299332004,frame_fifo_full,,,,,,,,,,,,,,,,,,,,,,,,,,,,,,,,,,,,,,,,,,,,,,,,,,,,,,,,,,,,,,,,,,,,
rsg_object_detection,frame_trace,1837,rsg_20260806_120_654899999_001837,sent_to_hydra,,,,,,,,,,,582.550674007507,ok,9.90253700001631,546.5189999958966,24.43293899705168,0.15177299792412668,24.281165999127552,0.004799992893822491,1.084592004190199,0.24901999859139323,362.17204899003264,23.814549000235274,0.007232010830193758,386.2428499996895,67.62914601131342,17.232988015166484,4.4233550142962486,27.013350001652725,18.139723004424013,54.84834800881799,45.66906500258483,1.6938387998379767,15.818346219020896,11.983695876551792,5.6770600931486115,4.162880999501795,3.1580639915773645,1.8029799975920469,541.0,210.0,0.005887995939701796,0.017183978343382478,3.824358995188959,0.4501999937929213,0.3899449948221445,1.5358800010289997,0.3031639935215935,0.00601599458605051,129.00865799747407,5.237616001977585,0.18178900063503534,24.71667899226304,0.04681599966716021,5.173265002667904,4.6359609987121075,0.09699100337456912,0.44031300058122724,3.9948189951246604,0.7293329981621355,0.005120004061609507,1.691398021648638,8,0,8,0,0,,,,,,,,,,,,,,
rsg_object_detection,dropped_oldest,1845,rsg_20260806_121_304900000_001845,dropped,True,fifo_cached_frame,1337,153,0,1182,153,0,1,0.0,112.03246901277453,frame_fifo_full,,,,,,,,,,,,,,,,,,,,,,,,,,,,,,,,,,,,,,,,,,,,,,,,,,,,,,,,,,,,,,,,,,,,
rsg_object_detection,dropped_oldest,1846,rsg_20260806_121_404899999_001846,dropped,True,fifo_cached_frame,1338,153,0,1183,153,0,1,0.0,42.933553995680995,frame_fifo_full,,,,,,,,,,,,,,,,,,,,,,,,,,,,,,,,,,,,,,,,,,,,,,,,,,,,,,,,,,,,,,,,,,,,
rsg_object_detection,dropped_oldest,1847,rsg_20260806_121_454899999_001847,dropped,True,fifo_cached_frame,1339,153,0,1184,153,0,1,0.0,99.71540900005493,frame_fifo_full,,,,,,,,,,,,,,,,,,,,,,,,,,,,,,,,,,,,,,,,,,,,,,,,,,,,,,,,,,,,,,,,,,,,
rsg_object_detection,dropped_oldest,1848,rsg_20260806_121_554900000_001848,dropped,True,fifo_cached_frame,1340,153,0,1185,153,0,1,0.0,47.81655200349633,frame_fifo_full,,,,,,,,,,,,,,,,,,,,,,,,,,,,,,,,,,,,,,,,,,,,,,,,,,,,,,,,,,,,,,,,,,,,
rsg_object_detection,dropped_oldest,1849,rsg_20260806_121_604900000_001849,dropped,True,fifo_cached_frame,1341,153,0,1186,153,0,1,0.0,64.57667998620309,frame_fifo_full,,,,,,,,,,,,,,,,,,,,,,,,,,,,,,,,,,,,,,,,,,,,,,,,,,,,,,,,,,,,,,,,,,,,
rsg_object_detection,dropped_oldest,1850,rsg_20260806_121_654899999_001850,dropped,True,fifo_cached_frame,1342,153,0,1187,153,0,1,0.0,48.002563999034464,frame_fifo_full,,,,,,,,,,,,,,,,,,,,,,,,,,,,,,,,,,,,,,,,,,,,,,,,,,,,,,,,,,,,,,,,,,,,
rsg_object_detection,dropped_oldest,1851,rsg_20260806_121_704899999_001851,dropped,True,fifo_cached_frame,1343,153,0,1188,153,0,1,0.0,91.00638999370858,frame_fifo_full,,,,,,,,,,,,,,,,,,,,,,,,,,,,,,,,,,,,,,,,,,,,,,,,,,,,,,,,,,,,,,,,,,,,
rsg_object_detection,frame_trace,1844,rsg_20260806_121_204899999_001844,sent_to_hydra,,,,,,,,,,,593.6723310005618,ok,12.950491000083275,550.1149150077254,28.893223992781714,0.14444600674323738,28.748777986038476,0.002815999323502183,1.9181149982614443,0.1925730030052364,304.3895059963688,22.825603999081068,0.006880000000819564,327.41456299845595,114.89754499052651,28.1726270186482,9.584045998053625,54.16352600150276,22.13259100972209,70.32644799619447,58.71008201211225,1.7302439955528826,14.281777097494341,21.97140295174904,17.13058419409208,3.1820309959584847,6.666683009825647,1.7143730074167252,538.0,210.0,0.005440000677481294,0.013407014193944633,4.269504017429426,0.8284359792014584,0.3604740049922839,1.4469539892161265,0.5100720009068027,0.004895991878584027,192.66221699945163,6.138690005172975,0.15455800166819245,21.783220014185645,0.0435519905295223,8.25075400643982,7.624107995070517,0.09356701048091054,0.5330790008883923,3.988035998190753,0.7075419998727739,0.00415899557992816,1.710885000647977,8,0,8,0,0,,,,,,,,,,,,,,
rsg_object_detection,dropped_oldest,1853,rsg_20260806_121_854900000_001853,dropped,True,fifo_cached_frame,1345,154,0,1189,154,0,1,0.0,37.402054003905505,frame_fifo_full,,,,,,,,,,,,,,,,,,,,,,,,,,,,,,,,,,,,,,,,,,,,,,,,,,,,,,,,,,,,,,,,,,,,
rsg_object_detection,dropped_oldest,1854,rsg_20260806_121_904899999_001854,dropped,True,fifo_cached_frame,1346,154,0,1190,154,0,1,0.0,60.80345700320322,frame_fifo_full,,,,,,,,,,,,,,,,,,,,,,,,,,,,,,,,,,,,,,,,,,,,,,,,,,,,,,,,,,,,,,,,,,,,
rsg_object_detection,dropped_oldest,1855,rsg_20260806_121_954899999_001855,dropped,True,fifo_cached_frame,1347,154,0,1191,154,0,1,0.0,94.33875499235,frame_fifo_full,,,,,,,,,,,,,,,,,,,,,,,,,,,,,,,,,,,,,,,,,,,,,,,,,,,,,,,,,,,,,,,,,,,,
rsg_object_detection,dropped_oldest,1856,rsg_20260806_122_054900000_001856,dropped,True,fifo_cached_frame,1348,154,0,1192,154,0,1,0.0,100.82595198764466,frame_fifo_full,,,,,,,,,,,,,,,,,,,,,,,,,,,,,,,,,,,,,,,,,,,,,,,,,,,,,,,,,,,,,,,,,,,,
rsg_object_detection,dropped_oldest,1857,rsg_20260806_122_154899999_001857,dropped,True,fifo_cached_frame,1349,154,0,1193,154,0,1,0.0,95.43854600633495,frame_fifo_full,,,,,,,,,,,,,,,,,,,,,,,,,,,,,,,,,,,,,,,,,,,,,,,,,,,,,,,,,,,,,,,,,,,,
rsg_object_detection,dropped_oldest,1858,rsg_20260806_122_254900000_001858,dropped,True,fifo_cached_frame,1350,154,0,1194,154,0,1,0.0,69.04470799781848,frame_fifo_full,,,,,,,,,,,,,,,,,,,,,,,,,,,,,,,,,,,,,,,,,,,,,,,,,,,,,,,,,,,,,,,,,,,,
rsg_object_detection,dropped_oldest,1859,rsg_20260806_122_304900000_001859,dropped,True,fifo_cached_frame,1351,154,0,1195,154,0,1,0.0,49.62573999364395,frame_fifo_full,,,,,,,,,,,,,,,,,,,,,,,,,,,,,,,,,,,,,,,,,,,,,,,,,,,,,,,,,,,,,,,,,,,,
rsg_object_detection,frame_trace,1852,rsg_20260806_121_804900000_001852,sent_to_hydra,,,,,,,,,,,576.0043769987533,ok,9.766827992280014,541.1582200031262,23.61733600264415,0.14473400369752198,23.47260199894663,0.001791995600797236,3.9701799978502095,0.2108449989464134,366.4350250037387,20.97168000182137,0.007423994247801602,387.6249739987543,60.94918298185803,23.155837974627502,5.240399012109265,20.294636022299528,11.540209001395851,51.176820998080075,35.32365401042625,2.777882880764082,13.271244039060548,8.975540229585022,5.575026123551652,8.20048300374765,5.819079000502825,1.7777329921955243,539.0,211.0,0.005504000000655651,0.018623977666720748,4.445851998752914,1.5629529661964625,0.41829705878626555,1.5232720033964142,0.23010899894870818,0.005312002031132579,120.33320699993055,4.939605001709424,0.19043000065721571,24.061009011347778,0.03881499287672341,5.407502001617104,4.90232500305865,0.09190200944431126,0.41327498911414295,3.656455999589525,0.698005998856388,0.004863992216996849,1.4602010051021352,8,0,8,0,0,,,,,,,,,,,,,,
rsg_object_detection,dropped_oldest,1861,rsg_20260806_122_404899999_001861,dropped,True,fifo_cached_frame,1353,155,0,1196,155,0,1,0.0,48.89400700631086,frame_fifo_full,,,,,,,,,,,,,,,,,,,,,,,,,,,,,,,,,,,,,,,,,,,,,,,,,,,,,,,,,,,,,,,,,,,,
rsg_object_detection,dropped_oldest,1862,rsg_20260806_122_454899999_001862,dropped,True,fifo_cached_frame,1354,155,0,1197,155,0,1,0.0,105.95656200894155,frame_fifo_full,,,,,,,,,,,,,,,,,,,,,,,,,,,,,,,,,,,,,,,,,,,,,,,,,,,,,,,,,,,,,,,,,,,,
rsg_object_detection,dropped_oldest,1863,rsg_20260806_122_554900000_001863,dropped,True,fifo_cached_frame,1355,155,0,1198,155,0,1,0.0,43.90342699480243,frame_fifo_full,,,,,,,,,,,,,,,,,,,,,,,,,,,,,,,,,,,,,,,,,,,,,,,,,,,,,,,,,,,,,,,,,,,,
rsg_object_detection,dropped_oldest,1864,rsg_20260806_122_604900000_001864,dropped,True,fifo_cached_frame,1356,155,0,1199,155,0,1,0.0,103.35810600372497,frame_fifo_full,,,,,,,,,,,,,,,,,,,,,,,,,,,,,,,,,,,,,,,,,,,,,,,,,,,,,,,,,,,,,,,,,,,,
rsg_object_detection,dropped_oldest,1865,rsg_20260806_122_704899999_001865,dropped,True,fifo_cached_frame,1357,155,0,1200,155,0,1,0.0,70.52830098837148,frame_fifo_full,,,,,,,,,,,,,,,,,,,,,,,,,,,,,,,,,,,,,,,,,,,,,,,,,,,,,,,,,,,,,,,,,,,,
rsg_object_detection,dropped_oldest,1866,rsg_20260806_122_754900000_001866,dropped,True,fifo_cached_frame,1358,155,0,1201,155,0,1,0.0,100.0838830077555,frame_fifo_full,,,,,,,,,,,,,,,,,,,,,,,,,,,,,,,,,,,,,,,,,,,,,,,,,,,,,,,,,,,,,,,,,,,,
rsg_object_detection,frame_trace,1860,rsg_20260806_122_354900000_001860,sent_to_hydra,,,,,,,,,,,515.5550909985323,ok,14.108200994087383,470.4681610019179,29.272961997776292,0.13910200505051762,29.133859992725775,0.0021120067685842514,5.073683001683094,0.20505199790932238,267.1640589978779,22.178062004968524,0.009055991540662944,289.5562289922964,95.64174198021647,42.67646899097599,5.325777005054988,34.647918000700884,12.152261973824352,33.50361800403334,25.255167987779714,1.2323352129897103,9.854117000941187,6.023012057994492,4.400605073897168,3.395341002033092,2.9707060020882636,1.8379560060566291,551.0,215.0,0.004255998646840453,0.014015997294336557,2.919764010584913,0.7071260042721406,0.34210601006634533,1.6124230023706332,0.4060740029672161,0.004191999323666096,135.1570770057151,18.942430993774906,0.20655700063798577,21.482616997673176,0.04956701013725251,9.444112001801841,8.785179001279175,0.11807800910901278,0.5408549914136529,3.914756001904607,0.7437650056090206,0.00556798477191478,1.7036549979820848,8,0,8,0,0,,,,,,,,,,,,,,
rsg_object_detection,dropped_oldest,1868,rsg_20260806_122_904899999_001868,dropped,True,fifo_cached_frame,1360,156,0,1202,156,0,1,0.0,59.24188200151548,frame_fifo_full,,,,,,,,,,,,,,,,,,,,,,,,,,,,,,,,,,,,,,,,,,,,,,,,,,,,,,,,,,,,,,,,,,,,
rsg_object_detection,dropped_oldest,1869,rsg_20260806_122_954899999_001869,dropped,True,fifo_cached_frame,1361,156,0,1203,156,0,1,0.0,36.98641300434247,frame_fifo_full,,,,,,,,,,,,,,,,,,,,,,,,,,,,,,,,,,,,,,,,,,,,,,,,,,,,,,,,,,,,,,,,,,,,
rsg_object_detection,dropped_oldest,1870,rsg_20260806_123_004900000_001870,dropped,True,fifo_cached_frame,1362,156,0,1204,156,0,1,0.0,101.1233879980864,frame_fifo_full,,,,,,,,,,,,,,,,,,,,,,,,,,,,,,,,,,,,,,,,,,,,,,,,,,,,,,,,,,,,,,,,,,,,
rsg_object_detection,dropped_oldest,1871,rsg_20260806_123_104900000_001871,dropped,True,fifo_cached_frame,1363,156,0,1205,156,0,1,0.0,48.234657995635644,frame_fifo_full,,,,,,,,,,,,,,,,,,,,,,,,,,,,,,,,,,,,,,,,,,,,,,,,,,,,,,,,,,,,,,,,,,,,
rsg_object_detection,dropped_oldest,1872,rsg_20260806_123_154899999_001872,dropped,True,fifo_cached_frame,1364,156,0,1206,156,0,1,0.0,53.58164801145904,frame_fifo_full,,,,,,,,,,,,,,,,,,,,,,,,,,,,,,,,,,,,,,,,,,,,,,,,,,,,,,,,,,,,,,,,,,,,
rsg_object_detection,dropped_oldest,1873,rsg_20260806_123_204899999_001873,dropped,True,fifo_cached_frame,1365,156,0,1207,156,0,1,0.0,115.65212700224947,frame_fifo_full,,,,,,,,,,,,,,,,,,,,,,,,,,,,,,,,,,,,,,,,,,,,,,,,,,,,,,,,,,,,,,,,,,,,
rsg_object_detection,frame_trace,1867,rsg_20260806_122_854900000_001867,sent_to_hydra,,,,,,,,,,,491.77903700910974,ok,9.676269008195959,453.3693820121698,27.146370004629716,0.1346540084341541,27.011715996195562,0.002464003046043217,5.920805997448042,0.7891080022091046,288.94244600087404,20.081997994566336,0.009056006092578173,309.82260800374206,56.99849197117146,21.023007997428067,4.216416011331603,19.573654994019307,11.530255011166446,37.406374991405755,29.212995010311715,1.9360350852366537,11.849098227685317,6.66601698321756,4.948206129483879,3.920708011719398,2.3692120012128726,1.8562280019978061,516.0,216.0,0.0042239989852532744,0.012128031812608242,2.787829012959264,0.6920209998497739,0.33833102497737855,1.3177079963497818,0.22588399588130414,0.005183988832868636,99.79092799767386,14.612514001782984,0.1500129874330014,23.026722003123723,0.045791020966134965,5.400078007369302,4.784406992257573,0.09929400403052568,0.5163770110812038,3.640616007032804,0.6308070005616173,0.0047679932322353125,1.5845519810682163,7,0,7,0,0,,,,,,,,,,,,,,
rsg_object_detection,dropped_oldest,1875,rsg_20260806_123_404899999_001875,dropped,True,fifo_cached_frame,1367,157,0,1208,157,0,1,0.0,86.98529998946469,frame_fifo_full,,,,,,,,,,,,,,,,,,,,,,,,,,,,,,,,,,,,,,,,,,,,,,,,,,,,,,,,,,,,,,,,,,,,
rsg_object_detection,dropped_oldest,1876,rsg_20260806_123_504900000_001876,dropped,True,fifo_cached_frame,1368,157,0,1209,157,0,1,0.0,48.52156499691773,frame_fifo_full,,,,,,,,,,,,,,,,,,,,,,,,,,,,,,,,,,,,,,,,,,,,,,,,,,,,,,,,,,,,,,,,,,,,
rsg_object_detection,dropped_oldest,1877,rsg_20260806_123_554900000_001877,dropped,True,fifo_cached_frame,1369,157,0,1210,157,0,1,0.0,51.546607006457634,frame_fifo_full,,,,,,,,,,,,,,,,,,,,,,,,,,,,,,,,,,,,,,,,,,,,,,,,,,,,,,,,,,,,,,,,,,,,
rsg_object_detection,dropped_oldest,1878,rsg_20260806_123_604900000_001878,dropped,True,fifo_cached_frame,1370,157,0,1211,157,0,1,0.0,49.57364501024131,frame_fifo_full,,,,,,,,,,,,,,,,,,,,,,,,,,,,,,,,,,,,,,,,,,,,,,,,,,,,,,,,,,,,,,,,,,,,
rsg_object_detection,dropped_oldest,1879,rsg_20260806_123_654899999_001879,dropped,True,fifo_cached_frame,1371,157,0,1212,157,0,1,0.0,109.83410300104879,frame_fifo_full,,,,,,,,,,,,,,,,,,,,,,,,,,,,,,,,,,,,,,,,,,,,,,,,,,,,,,,,,,,,,,,,,,,,
rsg_object_detection,frame_trace,1874,rsg_20260806_123_304900000_001874,sent_to_hydra,,,,,,,,,,,508.5183670016704,ok,9.790633994271047,436.9007060013246,60.251337999943644,0.12940600572619587,60.12193199421745,0.0023360043996945024,1.0986709967255592,0.2156129921786487,276.0695869947085,21.007488001487218,0.00838401319924742,297.30107200157363,47.10328301007394,16.74371499393601,4.210366998449899,13.19813601730857,12.227877014083788,42.60232699743938,32.149045990081504,1.2399501429172233,10.274337080772966,6.2505410896847025,4.261589958332479,6.205600991961546,2.293309007654898,1.9005799986189231,511.0,216.0,0.005855996278114617,0.012607997632585466,2.6488870207685977,0.8031869947444648,0.43305096914991736,6.482205004431307,0.4820090107386932,0.004064000677317381,100.57821299415082,16.077035004855134,0.17922899860423058,21.612886994262226,0.05359901115298271,5.42628500261344,4.776471003424376,0.09167799726128578,0.5581360019277781,3.62061700434424,0.7376839930657297,0.006047994247637689,1.5733530017314479,7,0,7,0,0,,,,,,,,,,,,,,
rsg_object_detection,dropped_oldest,1881,rsg_20260806_123_854900000_001881,dropped,True,fifo_cached_frame,1373,158,0,1213,158,0,1,0.0,49.02210099680815,frame_fifo_full,,,,,,,,,,,,,,,,,,,,,,,,,,,,,,,,,,,,,,,,,,,,,,,,,,,,,,,,,,,,,,,,,,,,
rsg_object_detection,dropped_oldest,1882,rsg_20260806_123_904899999_001882,dropped,True,fifo_cached_frame,1374,158,0,1214,158,0,1,0.0,99.63480300211813,frame_fifo_full,,,,,,,,,,,,,,,,,,,,,,,,,,,,,,,,,,,,,,,,,,,,,,,,,,,,,,,,,,,,,,,,,,,,
rsg_object_detection,dropped_oldest,1883,rsg_20260806_124_004900000_001883,dropped,True,fifo_cached_frame,1375,158,0,1215,158,0,1,0.0,53.63771099655423,frame_fifo_full,,,,,,,,,,,,,,,,,,,,,,,,,,,,,,,,,,,,,,,,,,,,,,,,,,,,,,,,,,,,,,,,,,,,
rsg_object_detection,dropped_oldest,1884,rsg_20260806_124_054900000_001884,dropped,True,fifo_cached_frame,1376,158,0,1216,158,0,1,0.0,49.96115900576115,frame_fifo_full,,,,,,,,,,,,,,,,,,,,,,,,,,,,,,,,,,,,,,,,,,,,,,,,,,,,,,,,,,,,,,,,,,,,
rsg_object_detection,dropped_oldest,1885,rsg_20260806_124_104900000_001885,dropped,True,fifo_cached_frame,1377,158,0,1217,158,0,1,0.0,48.77608899550978,frame_fifo_full,,,,,,,,,,,,,,,,,,,,,,,,,,,,,,,,,,,,,,,,,,,,,,,,,,,,,,,,,,,,,,,,,,,,
rsg_object_detection,dropped_oldest,1886,rsg_20260806_124_154899999_001886,dropped,True,fifo_cached_frame,1378,158,0,1218,158,0,1,0.0,73.86889100598637,frame_fifo_full,,,,,,,,,,,,,,,,,,,,,,,,,,,,,,,,,,,,,,,,,,,,,,,,,,,,,,,,,,,,,,,,,,,,
rsg_object_detection,dropped_oldest,1887,rsg_20260806_124_204899999_001887,dropped,True,fifo_cached_frame,1379,158,0,1219,159,0,1,0.0,78.96490900020581,frame_fifo_full,,,,,,,,,,,,,,,,,,,,,,,,,,,,,,,,,,,,,,,,,,,,,,,,,,,,,,,,,,,,,,,,,,,,
rsg_object_detection,frame_trace,1880,rsg_20260806_123_754900000_001880,sent_to_hydra,,,,,,,,,,,529.0463109995471,ok,9.366833008243702,435.0615659932373,83.22321299056057,0.13346999185159802,83.08974299870897,0.0023039901861920953,3.412844002014026,0.25999599893111736,288.24751400679816,21.848467004019767,0.007199982064776123,310.3631769918138,40.6706439825939,13.70110601419583,3.241487007471733,14.661761015304364,8.558300993172452,43.718565997551195,23.641111998585984,1.2677860213443637,8.389255977817811,5.825536922202446,3.938660811400041,14.84531001187861,3.667719996883534,1.5149209939409047,499.0,216.0,0.0057919969549402595,0.011840005754493177,2.8280850092414767,0.6356709927786142,0.2946510212495923,1.222221995703876,0.39682599890511483,0.004064000677317381,89.78775200375821,11.523793000378646,0.164669007062912,19.76024299801793,0.04908799019176513,4.627129004802555,4.037826001876965,0.08364699897356331,0.5056560039520264,3.9973479870241135,0.735987996449694,0.006368019967339933,1.3923950173193589,7,0,7,0,0,,,,,,,,,,,,,,
rsg_object_detection,,404,rsg_20260806_34_304879999_000404,vlm_failed,,,,,,,,,,,,"{""label"":""unknown_object"",""label_confidence"":0.0,""mobility_class"":""unknown"",""mobility_confidence"":0.0}",,,,,,,,,,,,,,,,,,,,,,,,,,,,,,,,,,,,,,,,,,,,,,,,,,,,,,,rsg_obj_000042,rsg_unknown_rsg_20260806_34_304879999_000404_005_nanosam_004,,,1,0.7073103621058817,unknown_object,0.0,unknown,0.0,5515.4382979962975,83985.51566099923,qwen_http,Qwen3-VL-8B-Instruct-GGUF
rsg_object_detection,completed,404,rsg_20260806_34_304879999_000404,,,,,,,,,,,78470.07502699853,,vlm_failed,,,,,,,,,,,,,,,,,,,,,,,,,,,,,,,,,,,,,,,,,,,,,,,,,,,,,,,rsg_obj_000042,rsg_unknown_rsg_20260806_34_304879999_000404_005_nanosam_004,53,300,1,0.7073103621058817,,,,,,,,
rsg_object_detection,dequeued,412,rsg_20260806_34_854880000_000412,,,,,,,,,,,83751.53172601131,,fifo_order,,,,,,,,,,,,,,,,,,,,,,,,,,,,,,,,,,,,,,,,,,,,,,,,,,,,,,,rsg_obj_000045,rsg_unknown_rsg_20260806_34_854880000_000412_004_nanosam_001,53,300,1,0.4764339496113643,,,,,,,,
rsg_object_detection,dropped_oldest,1889,rsg_20260806_124_354900000_001889,dropped,True,fifo_cached_frame,1381,159,0,1220,159,0,1,0.0,140.86614298867062,frame_fifo_full,,,,,,,,,,,,,,,,,,,,,,,,,,,,,,,,,,,,,,,,,,,,,,,,,,,,,,,,,,,,,,,,,,,,
rsg_object_detection,dropped_oldest,1890,rsg_20260806_124_504900000_001890,dropped,True,fifo_cached_frame,1382,159,0,1221,159,0,1,0.0,61.93064099352341,frame_fifo_full,,,,,,,,,,,,,,,,,,,,,,,,,,,,,,,,,,,,,,,,,,,,,,,,,,,,,,,,,,,,,,,,,,,,
rsg_object_detection,dropped_oldest,1891,rsg_20260806_124_554900000_001891,dropped,True,fifo_cached_frame,1383,159,0,1222,159,0,1,0.0,95.27646900096443,frame_fifo_full,,,,,,,,,,,,,,,,,,,,,,,,,,,,,,,,,,,,,,,,,,,,,,,,,,,,,,,,,,,,,,,,,,,,
rsg_object_detection,frame_trace,1888,rsg_20260806_124_304900000_001888,sent_to_hydra,,,,,,,,,,,356.65709800377954,ok,15.517235995503142,336.2948470021365,3.371853003045544,0.1306220074184239,3.24123099562712,0.004927991540171206,1.4744100044481456,0.22006100334692746,179.23483900085557,25.569851000909694,0.008383998647332191,205.03313500375953,36.074906965950504,15.876046003540978,3.8461499789264053,5.67962700733915,10.164389008423313,60.16868400911335,38.864752001245506,1.2059009459335357,8.009347133338451,21.7236319440417,4.220192102366127,16.628962999675423,2.9646269977092743,1.666022013523616,525.0,217.0,0.004735993570648134,0.013983037206344306,3.4222209797007963,0.7571390015073121,0.31653905170969665,1.3814510020893067,0.44066600094083697,0.004159999662078917,102.58394200354815,6.671194001683034,0.13791798846796155,20.33546600432601,0.05878199590370059,7.07653199788183,6.502364994958043,0.09139100438915193,0.4827759985346347,3.680839989101514,4.754135996336117,0.00572801218368113,1.4682340115541592,8,0,8,0,0,,,,,,,,,,,,,,
rsg_object_detection,dropped_oldest,1893,rsg_20260806_124_704899999_001893,dropped,True,fifo_cached_frame,1385,160,0,1223,160,0,1,0.0,53.34117099118885,frame_fifo_full,,,,,,,,,,,,,,,,,,,,,,,,,,,,,,,,,,,,,,,,,,,,,,,,,,,,,,,,,,,,,,,,,,,,
rsg_object_detection,dropped_oldest,1894,rsg_20260806_124_754900000_001894,dropped,True,fifo_cached_frame,1386,160,0,1224,160,0,1,0.0,34.776717991917394,frame_fifo_full,,,,,,,,,,,,,,,,,,,,,,,,,,,,,,,,,,,,,,,,,,,,,,,,,,,,,,,,,,,,,,,,,,,,
rsg_object_detection,dropped_oldest,1895,rsg_20260806_124_804900000_001895,dropped,True,fifo_cached_frame,1387,160,0,1225,160,0,1,0.0,107.57186599948909,frame_fifo_full,,,,,,,,,,,,,,,,,,,,,,,,,,,,,,,,,,,,,,,,,,,,,,,,,,,,,,,,,,,,,,,,,,,,
rsg_object_detection,dropped_oldest,1896,rsg_20260806_124_904899999_001896,dropped,True,fifo_cached_frame,1388,160,0,1226,160,0,1,0.0,94.05399099341594,frame_fifo_full,,,,,,,,,,,,,,,,,,,,,,,,,,,,,,,,,,,,,,,,,,,,,,,,,,,,,,,,,,,,,,,,,,,,
rsg_object_detection,dropped_oldest,1897,rsg_20260806_125_004900000_001897,dropped,True,fifo_cached_frame,1389,160,0,1227,160,0,1,0.0,86.6536239918787,frame_fifo_full,,,,,,,,,,,,,,,,,,,,,,,,,,,,,,,,,,,,,,,,,,,,,,,,,,,,,,,,,,,,,,,,,,,,
rsg_object_detection,frame_trace,1892,rsg_20260806_124_654899999_001892,sent_to_hydra,,,,,,,,,,,476.98832199967,ok,9.432400998775847,451.08775499102194,14.759263998712413,0.14012600877322257,14.61913798993919,0.0026240013539791107,0.9999200119636953,0.2314849989488721,302.6008960005129,24.982724004075862,0.006848000339232385,327.82195300387684,39.41831296833698,16.819264958030544,3.719081010785885,7.599533011671156,10.713307012338191,53.24136500712484,40.75563600054011,2.4632270651636645,8.645151843666099,6.8367088824743405,18.461911124177277,7.7282020065467805,3.0280819919425994,1.6791420057415962,532.0,219.0,0.006336005753837526,0.01449597766622901,3.5000730131287128,0.81365201913286,0.3356429951963946,1.358378998702392,0.21417299285531044,0.0045439956011250615,98.9069739880506,2.8068690007785335,0.13503800437320024,20.3722020087298,0.04479897324927151,4.8660379979992285,4.214688000502065,0.11762999929487705,0.5337199982022867,3.824005994829349,0.7366929930867627,0.005664012860506773,1.7062780098058283,8,0,8,0,0,,,,,,,,,,,,,,
rsg_object_detection,dropped_oldest,1899,rsg_20260806_125_154899999_001899,dropped,True,fifo_cached_frame,1391,161,0,1228,161,0,1,0.0,43.521033992874436,frame_fifo_full,,,,,,,,,,,,,,,,,,,,,,,,,,,,,,,,,,,,,,,,,,,,,,,,,,,,,,,,,,,,,,,,,,,,
rsg_object_detection,dropped_oldest,1900,rsg_20260806_125_204899999_001900,dropped,True,fifo_cached_frame,1392,161,0,1229,161,0,1,0.0,89.1296829940984,frame_fifo_full,,,,,,,,,,,,,,,,,,,,,,,,,,,,,,,,,,,,,,,,,,,,,,,,,,,,,,,,,,,,,,,,,,,,
rsg_object_detection,dropped_oldest,1901,rsg_20260806_125_304900000_001901,dropped,True,fifo_cached_frame,1393,161,0,1230,161,0,1,0.0,49.67937200854067,frame_fifo_full,,,,,,,,,,,,,,,,,,,,,,,,,,,,,,,,,,,,,,,,,,,,,,,,,,,,,,,,,,,,,,,,,,,,
rsg_object_detection,dropped_oldest,1902,rsg_20260806_125_354900000_001902,dropped,True,fifo_cached_frame,1394,161,0,1231,161,0,1,0.0,117.96700400009286,frame_fifo_full,,,,,,,,,,,,,,,,,,,,,,,,,,,,,,,,,,,,,,,,,,,,,,,,,,,,,,,,,,,,,,,,,,,,
rsg_object_detection,dropped_oldest,1903,rsg_20260806_125_454899999_001903,dropped,True,fifo_cached_frame,1395,161,0,1232,162,0,1,0.0,97.90190200146753,frame_fifo_full,,,,,,,,,,,,,,,,,,,,,,,,,,,,,,,,,,,,,,,,,,,,,,,,,,,,,,,,,,,,,,,,,,,,
rsg_object_detection,frame_trace,1898,rsg_20260806_125_054900000_001898,sent_to_hydra,,,,,,,,,,,465.61681499588303,ok,10.87865000590682,386.7496000020765,66.2113439902896,0.13711799692828208,66.07422599336132,0.0027520000003278255,1.8084850016748533,0.21615601144731045,251.7540880071465,20.037837995914742,0.00940798781812191,272.01749000232667,49.7146030102158,20.798883982934058,5.275566974887624,11.457520973635837,11.485426017316058,34.00610599783249,26.04241900553461,1.2639529013540596,7.537123950896785,6.332357865176164,4.027872928418219,3.123761009192094,3.0548329959856346,1.7367100081173703,526.0,220.0,0.004416011506691575,0.01443199289496988,3.0075380200287327,0.6096239521866664,0.35439402563497424,1.8335399945499375,0.21228499826975167,0.00428801286034286,89.75985000142828,2.6680230075726286,0.1426539965905249,20.296490998589434,0.05660699389409274,6.326879010885023,5.663370000547729,0.10156699863728136,0.5619420117000118,3.796550998231396,0.7488209957955405,0.006399000994861126,1.7744689976098016,8,0,8,0,0,,,,,,,,,,,,,,
rsg_object_detection,dropped_oldest,1905,rsg_20260806_125_654899999_001905,dropped,True,fifo_cached_frame,1397,162,0,1233,162,0,1,0.0,48.70629799552262,frame_fifo_full,,,,,,,,,,,,,,,,,,,,,,,,,,,,,,,,,,,,,,,,,,,,,,,,,,,,,,,,,,,,,,,,,,,,
rsg_object_detection,dropped_oldest,1906,rsg_20260806_125_704899999_001906,dropped,True,fifo_cached_frame,1398,162,0,1234,162,0,1,0.0,54.22583100153133,frame_fifo_full,,,,,,,,,,,,,,,,,,,,,,,,,,,,,,,,,,,,,,,,,,,,,,,,,,,,,,,,,,,,,,,,,,,,
rsg_object_detection,dropped_oldest,1907,rsg_20260806_125_754900000_001907,dropped,True,fifo_cached_frame,1399,162,0,1235,162,0,1,0.0,98.9799020026112,frame_fifo_full,,,,,,,,,,,,,,,,,,,,,,,,,,,,,,,,,,,,,,,,,,,,,,,,,,,,,,,,,,,,,,,,,,,,
rsg_object_detection,dropped_oldest,1908,rsg_20260806_125_854900000_001908,dropped,True,fifo_cached_frame,1400,162,0,1236,162,0,1,0.0,109.07366800529417,frame_fifo_full,,,,,,,,,,,,,,,,,,,,,,,,,,,,,,,,,,,,,,,,,,,,,,,,,,,,,,,,,,,,,,,,,,,,
rsg_object_detection,dropped_oldest,1909,rsg_20260806_125_954899999_001909,dropped,True,fifo_cached_frame,1401,162,0,1237,162,0,1,0.0,42.691477996413596,frame_fifo_full,,,,,,,,,,,,,,,,,,,,,,,,,,,,,,,,,,,,,,,,,,,,,,,,,,,,,,,,,,,,,,,,,,,,
rsg_object_detection,frame_trace,1904,rsg_20260806_125_554900000_001904,sent_to_hydra,,,,,,,,,,,446.9445239956258,ok,13.106455997331068,428.3111110125901,3.5807780077448115,0.15206199896056205,3.4287160087842494,0.006144007784314454,4.24934399779886,0.20569300977513194,259.15759000054095,26.420941998367198,0.0071359972935169935,285.7913610059768,60.95948901202064,17.793905004509725,3.5330030077602714,20.56992900907062,18.014732020674273,45.810918003553525,32.09650299686473,1.3321891019586474,14.586401855922304,6.3417320779990405,4.492289081099443,3.9698910113656893,7.899368007201701,1.7883250111481175,524.0,220.0,0.005088004400022328,0.014432007446885109,3.7209349975455552,1.1268620291957632,0.3763149579754099,1.3426669902401045,0.23452499590348452,0.005184003384783864,113.59843099489808,2.6226799964206293,0.168669008417055,21.828051991178654,0.052574017900042236,8.774554007686675,8.017190004466102,0.09420698916073889,0.6631570140598342,3.661673006718047,0.6656210025539622,0.0046079803723841906,1.9400349701754749,8,0,8,0,0,,,,,,,,,,,,,,
rsg_object_detection,dropped_oldest,1911,rsg_20260806_126_054900000_001911,dropped,True,fifo_cached_frame,1403,163,0,1238,163,0,1,0.0,44.468346997746266,frame_fifo_full,,,,,,,,,,,,,,,,,,,,,,,,,,,,,,,,,,,,,,,,,,,,,,,,,,,,,,,,,,,,,,,,,,,,
rsg_object_detection,dropped_oldest,1912,rsg_20260806_126_104900000_001912,dropped,True,fifo_cached_frame,1404,163,0,1239,163,0,1,0.0,152.39787199243437,frame_fifo_full,,,,,,,,,,,,,,,,,,,,,,,,,,,,,,,,,,,,,,,,,,,,,,,,,,,,,,,,,,,,,,,,,,,,
rsg_object_detection,dropped_oldest,1913,rsg_20260806_126_254900000_001913,dropped,True,fifo_cached_frame,1405,163,0,1240,163,0,1,0.0,49.442254996392876,frame_fifo_full,,,,,,,,,,,,,,,,,,,,,,,,,,,,,,,,,,,,,,,,,,,,,,,,,,,,,,,,,,,,,,,,,,,,
rsg_object_detection,dropped_oldest,1914,rsg_20260806_126_304900000_001914,dropped,True,fifo_cached_frame,1406,163,0,1241,163,0,1,0.0,153.19757199904416,frame_fifo_full,,,,,,,,,,,,,,,,,,,,,,,,,,,,,,,,,,,,,,,,,,,,,,,,,,,,,,,,,,,,,,,,,,,,
rsg_object_detection,dropped_oldest,1915,rsg_20260806_126_404899999_001915,dropped,True,fifo_cached_frame,1407,163,0,1242,163,0,1,0.0,10.693437012378126,frame_fifo_full,,,,,,,,,,,,,,,,,,,,,,,,,,,,,,,,,,,,,,,,,,,,,,,,,,,,,,,,,,,,,,,,,,,,
rsg_object_detection,frame_trace,1910,rsg_20260806_126_004900000_001910,sent_to_hydra,,,,,,,,,,,463.4188019990688,ok,16.546244005439803,423.14757499843836,22.37402700120583,0.13375798880588263,22.24026901239995,0.0018880091374740005,1.1291350092506036,0.1988769945455715,270.40692299488,19.941296995966695,0.00742400879971683,290.554520994192,53.03612096759025,14.980444000684656,4.033762015751563,23.322238004766405,10.203780999290757,51.135572997736745,46.09590700420085,1.3257138925837353,11.880329198902473,26.31265796662774,3.5578590468503535,1.9031070114579052,1.6929020057432353,1.4035310014151037,444.0,221.0,0.004991990863345563,0.01148802402894944,3.838884978904389,0.6773679924663156,0.28220206149853766,1.0878559987759218,0.2226530050393194,0.004512010491453111,110.30260899860878,2.235197986010462,0.16527700063306838,18.723171000601724,0.03766400914173573,9.037718002218753,8.428959001321346,0.09890999353956431,0.5098490073578432,3.6261209897929803,3.8776690053055063,0.004736008122563362,1.349067984847352,6,0,6,0,0,,,,,,,,,,,,,,
rsg_object_detection,dropped_oldest,1917,rsg_20260806_126_554900000_001917,dropped,True,fifo_cached_frame,1409,164,0,1243,164,0,1,0.0,48.21097799867857,frame_fifo_full,,,,,,,,,,,,,,,,,,,,,,,,,,,,,,,,,,,,,,,,,,,,,,,,,,,,,,,,,,,,,,,,,,,,
rsg_object_detection,dropped_oldest,1918,rsg_20260806_126_604900000_001918,dropped,True,fifo_cached_frame,1410,164,0,1244,164,0,1,0.0,59.63714099198114,frame_fifo_full,,,,,,,,,,,,,,,,,,,,,,,,,,,,,,,,,,,,,,,,,,,,,,,,,,,,,,,,,,,,,,,,,,,,
rsg_object_detection,dropped_oldest,1919,rsg_20260806_126_654899999_001919,dropped,True,fifo_cached_frame,1411,164,0,1245,164,0,1,0.0,94.28362100152299,frame_fifo_full,,,,,,,,,,,,,,,,,,,,,,,,,,,,,,,,,,,,,,,,,,,,,,,,,,,,,,,,,,,,,,,,,,,,
rsg_object_detection,dropped_oldest,1920,rsg_20260806_126_754900000_001920,dropped,True,fifo_cached_frame,1412,164,0,1246,164,0,1,0.0,96.13271300622728,frame_fifo_full,,,,,,,,,,,,,,,,,,,,,,,,,,,,,,,,,,,,,,,,,,,,,,,,,,,,,,,,,,,,,,,,,,,,
rsg_object_detection,dropped_oldest,1921,rsg_20260806_126_854900000_001921,dropped,True,fifo_cached_frame,1413,164,0,1247,164,0,1,0.0,81.75689999188762,frame_fifo_full,,,,,,,,,,,,,,,,,,,,,,,,,,,,,,,,,,,,,,,,,,,,,,,,,,,,,,,,,,,,,,,,,,,,
rsg_object_detection,frame_trace,1916,rsg_20260806_126_454899999_001916,sent_to_hydra,,,,,,,,,,,521.5433260018472,ok,9.44020799943246,497.86038999445736,12.65939199947752,0.13724601012654603,12.522145989350975,0.003296008799225092,1.071150996722281,0.1988769945455715,257.5918239890598,23.06809699803125,0.006624017260037363,280.86542199889664,129.58945104037412,23.987121967365965,10.985080007230863,73.60012803110294,20.09844599524513,56.14564199640881,36.579091000021435,2.514935069484636,9.577424119925126,8.136763761285692,7.378162059467286,10.37696200364735,6.878391999634914,2.142368000932038,523.0,221.0,0.0055679993238300085,0.015424011508002877,3.299308998975903,0.9403690200997517,0.465529941720888,1.4827289996901527,0.24975600535981357,0.005983994924463332,192.19739400432445,2.900404011597857,0.17452600877732038,20.590694999555126,0.06079797458369285,4.9534290010342374,4.304094996768981,0.09791800403036177,0.5514160002348945,3.776326004299335,0.704916994436644,0.00553599966224283,1.5800399996805936,8,0,7,0,0,,,,,,,,,,,,,,
rsg_object_detection,dropped_oldest,1923,rsg_20260806_127_004900000_001923,dropped,True,fifo_cached_frame,1415,165,0,1248,165,0,1,0.0,57.784271994023584,frame_fifo_full,,,,,,,,,,,,,,,,,,,,,,,,,,,,,,,,,,,,,,,,,,,,,,,,,,,,,,,,,,,,,,,,,,,,
rsg_object_detection,dropped_oldest,1924,rsg_20260806_127_054900000_001924,dropped,True,fifo_cached_frame,1416,165,0,1249,165,0,1,0.0,37.30429599818308,frame_fifo_full,,,,,,,,,,,,,,,,,,,,,,,,,,,,,,,,,,,,,,,,,,,,,,,,,,,,,,,,,,,,,,,,,,,,
rsg_object_detection,dropped_oldest,1925,rsg_20260806_127_104900000_001925,dropped,True,fifo_cached_frame,1417,165,0,1250,165,0,1,0.0,100.09326100407634,frame_fifo_full,,,,,,,,,,,,,,,,,,,,,,,,,,,,,,,,,,,,,,,,,,,,,,,,,,,,,,,,,,,,,,,,,,,,
rsg_object_detection,dropped_oldest,1926,rsg_20260806_127_204899999_001926,dropped,True,fifo_cached_frame,1418,165,0,1251,165,0,1,0.0,50.63618900021538,frame_fifo_full,,,,,,,,,,,,,,,,,,,,,,,,,,,,,,,,,,,,,,,,,,,,,,,,,,,,,,,,,,,,,,,,,,,,
rsg_object_detection,dropped_oldest,1927,rsg_20260806_127_254900000_001927,dropped,True,fifo_cached_frame,1419,165,0,1252,165,0,1,0.0,98.72268899925984,frame_fifo_full,,,,,,,,,,,,,,,,,,,,,,,,,,,,,,,,,,,,,,,,,,,,,,,,,,,,,,,,,,,,,,,,,,,,
rsg_object_detection,dropped_oldest,1928,rsg_20260806_127_354900000_001928,dropped,True,fifo_cached_frame,1420,165,0,1253,165,0,1,0.0,60.212203999981284,frame_fifo_full,,,,,,,,,,,,,,,,,,,,,,,,,,,,,,,,,,,,,,,,,,,,,,,,,,,,,,,,,,,,,,,,,,,,
rsg_object_detection,dropped_oldest,1929,rsg_20260806_127_404899999_001929,dropped,True,fifo_cached_frame,1421,165,0,1254,165,0,1,0.0,98.59619599592406,frame_fifo_full,,,,,,,,,,,,,,,,,,,,,,,,,,,,,,,,,,,,,,,,,,,,,,,,,,,,,,,,,,,,,,,,,,,,
rsg_object_detection,dropped_oldest,1930,rsg_20260806_127_504900000_001930,dropped,True,fifo_cached_frame,1422,165,0,1255,165,0,1,0.0,49.80417000479065,frame_fifo_full,,,,,,,,,,,,,,,,,,,,,,,,,,,,,,,,,,,,,,,,,,,,,,,,,,,,,,,,,,,,,,,,,,,,
rsg_object_detection,frame_trace,1922,rsg_20260806_126_904899999_001922,sent_to_hydra,,,,,,,,,,,638.1585440103663,ok,14.896765002049506,549.995373992715,71.91586600674782,0.21394900977611542,71.7019169969717,0.002335989847779274,4.878580992226489,0.21257299522403628,343.88894199219067,13.125912999385037,0.005823007086291909,357.23325099388603,100.96547100692987,18.001518008532003,13.31765198847279,35.097611020319164,23.370586990495212,58.951391009031795,52.3588829964865,3.2051628950284794,29.40105804009363,9.321582896518521,3.874855989124626,2.534168990678154,2.4170839897124097,1.5915909898467362,479.0,222.0,0.005504000000655651,0.01248001353815198,2.696438998100348,0.6799910042900592,0.29897097556386143,1.1789900017902255,0.6057190039427951,0.004032001015730202,165.39745200134348,3.448426999966614,0.13535800098907202,18.857568997191265,0.04473600711207837,10.063334993901663,9.430863996385597,0.11193400132469833,0.5205369961913675,4.101313999854028,0.7272200018633157,0.004896006430499256,1.3482030190061778,7,0,7,0,0,,,,,,,,,,,,,,
rsg_object_detection,dropped_oldest,1932,rsg_20260806_127_654899999_001932,dropped,True,fifo_cached_frame,1424,166,0,1256,166,0,1,0.0,87.99904500483535,frame_fifo_full,,,,,,,,,,,,,,,,,,,,,,,,,,,,,,,,,,,,,,,,,,,,,,,,,,,,,,,,,,,,,,,,,,,,
rsg_object_detection,dropped_oldest,1933,rsg_20260806_127_754900000_001933,dropped,True,fifo_cached_frame,1425,166,0,1257,166,0,1,0.0,57.819760011625476,frame_fifo_full,,,,,,,,,,,,,,,,,,,,,,,,,,,,,,,,,,,,,,,,,,,,,,,,,,,,,,,,,,,,,,,,,,,,
rsg_object_detection,dropped_oldest,1934,rsg_20260806_127_804900000_001934,dropped,True,fifo_cached_frame,1426,166,0,1258,166,0,1,0.0,92.52697600459214,frame_fifo_full,,,,,,,,,,,,,,,,,,,,,,,,,,,,,,,,,,,,,,,,,,,,,,,,,,,,,,,,,,,,,,,,,,,,
rsg_object_detection,dropped_oldest,1935,rsg_20260806_127_904899999_001935,dropped,True,fifo_cached_frame,1427,166,0,1259,166,0,1,0.0,101.06463800184429,frame_fifo_full,,,,,,,,,,,,,,,,,,,,,,,,,,,,,,,,,,,,,,,,,,,,,,,,,,,,,,,,,,,,,,,,,,,,
rsg_object_detection,dropped_oldest,1936,rsg_20260806_128_004899999_001936,dropped,True,fifo_cached_frame,1428,166,0,1260,166,0,1,0.0,109.55132498929743,frame_fifo_full,,,,,,,,,,,,,,,,,,,,,,,,,,,,,,,,,,,,,,,,,,,,,,,,,,,,,,,,,,,,,,,,,,,,
rsg_object_detection,frame_trace,1931,rsg_20260806_127_554900000_001931,sent_to_hydra,,,,,,,,,,,620.2968330035219,ok,9.72602800175082,584.8410839971621,23.97829099209048,0.14034900232218206,23.837941989768296,0.0022400054149329662,1.2665079993894324,0.17698999727144837,431.7860060109524,15.240439999615774,0.006686997949145734,447.2101230057888,57.16070004564244,17.157945985672995,3.9885139995021746,20.811908005271107,14.515940012643114,48.047236996353604,39.860673001385294,1.3057718751952052,6.7460760328685865,23.747321698465385,4.395352661958896,3.468875991529785,3.025906000402756,1.6441670013591647,513.0,222.0,0.005472000339068472,0.015232042642310262,3.516425975249149,1.771013019606471,0.3434499667491764,1.5737999929115176,0.4055299941683188,0.004511995939537883,112.84209100995213,4.004482994787395,0.15218999760691077,19.307098002173007,0.05859098746441305,4.671032991609536,4.096898002899252,0.09689500438980758,0.47723998432047665,4.344126005889848,0.7069010025588796,0.003968001692555845,1.749190007103607,8,0,8,0,0,,,,,,,,,,,,,,
rsg_object_detection,dropped_oldest,1938,rsg_20260806_128_204900000_001938,dropped,True,fifo_cached_frame,1430,167,0,1261,167,0,1,0.0,40.51339899888262,frame_fifo_full,,,,,,,,,,,,,,,,,,,,,,,,,,,,,,,,,,,,,,,,,,,,,,,,,,,,,,,,,,,,,,,,,,,,
rsg_object_detection,dropped_oldest,1939,rsg_20260806_128_254899999_001939,dropped,True,fifo_cached_frame,1431,167,0,1262,167,0,1,0.0,100.09815699595492,frame_fifo_full,,,,,,,,,,,,,,,,,,,,,,,,,,,,,,,,,,,,,,,,,,,,,,,,,,,,,,,,,,,,,,,,,,,,
rsg_object_detection,dropped_oldest,1940,rsg_20260806_128_354899999_001940,dropped,True,fifo_cached_frame,1432,167,0,1263,167,0,1,0.0,51.771244005067274,frame_fifo_full,,,,,,,,,,,,,,,,,,,,,,,,,,,,,,,,,,,,,,,,,,,,,,,,,,,,,,,,,,,,,,,,,,,,
rsg_object_detection,dropped_oldest,1941,rsg_20260806_128_404899999_001941,dropped,True,fifo_cached_frame,1433,167,0,1264,167,0,1,0.0,102.7041659981478,frame_fifo_full,,,,,,,,,,,,,,,,,,,,,,,,,,,,,,,,,,,,,,,,,,,,,,,,,,,,,,,,,,,,,,,,,,,,
rsg_object_detection,dropped_oldest,1942,rsg_20260806_128_504899999_001942,dropped,True,fifo_cached_frame,1434,167,0,1265,167,0,1,0.0,118.44616598682478,frame_fifo_full,,,,,,,,,,,,,,,,,,,,,,,,,,,,,,,,,,,,,,,,,,,,,,,,,,,,,,,,,,,,,,,,,,,,
rsg_object_detection,frame_trace,1937,rsg_20260806_128_104899999_001937,sent_to_hydra,,,,,,,,,,,584.7938229999272,ok,9.36027299030684,491.44593099481426,82.20025400805753,0.13673400098923594,82.06352000706829,0.0020160077838227153,3.8347900117514655,0.20322900672908872,318.6664149980061,19.459192000795156,0.007391994586214423,338.33622800011653,63.56344900268596,17.906573993968777,4.204127995762974,29.480031007551588,11.313651979435235,56.282631994690746,47.76989700621925,1.8643571820575744,30.50133219221607,7.070266976370476,4.104855892364867,3.2363990030717105,3.506282009766437,1.7213179962709546,522.0,223.0,0.004672008799389005,0.013438970199786127,3.3126540074590594,1.0366270144004375,0.3441199805820361,1.4784739905735478,0.22556399926543236,0.004159999662078917,126.26838299911469,2.7862620045198128,0.12556600267998874,20.046542995260097,0.04815898137167096,4.925012995954603,4.306943010305986,0.08623900066595525,0.5318309849826619,3.691142992465757,0.7380689930869266,0.0060480087995529175,1.7853489989647642,8,0,8,0,0,,,,,,,,,,,,,,
rsg_object_detection,dropped_oldest,1944,rsg_20260806_128_704900000_001944,dropped,True,fifo_cached_frame,1436,168,0,1266,168,0,1,0.0,48.721530998591334,frame_fifo_full,,,,,,,,,,,,,,,,,,,,,,,,,,,,,,,,,,,,,,,,,,,,,,,,,,,,,,,,,,,,,,,,,,,,
rsg_object_detection,dropped_oldest,1945,rsg_20260806_128_754899999_001945,dropped,True,fifo_cached_frame,1437,168,0,1267,168,0,1,0.0,39.87977799260989,frame_fifo_full,,,,,,,,,,,,,,,,,,,,,,,,,,,,,,,,,,,,,,,,,,,,,,,,,,,,,,,,,,,,,,,,,,,,
rsg_object_detection,dropped_oldest,1946,rsg_20260806_128_804900000_001946,dropped,True,fifo_cached_frame,1438,168,0,1268,168,0,1,0.0,154.73191799537744,frame_fifo_full,,,,,,,,,,,,,,,,,,,,,,,,,,,,,,,,,,,,,,,,,,,,,,,,,,,,,,,,,,,,,,,,,,,,
rsg_object_detection,dropped_oldest,1947,rsg_20260806_128_954900000_001947,dropped,True,fifo_cached_frame,1439,168,0,1269,168,0,1,0.0,61.951825991855,frame_fifo_full,,,,,,,,,,,,,,,,,,,,,,,,,,,,,,,,,,,,,,,,,,,,,,,,,,,,,,,,,,,,,,,,,,,,
rsg_object_detection,dropped_oldest,1948,rsg_20260806_129_004899999_001948,dropped,True,fifo_cached_frame,1440,168,0,1270,168,0,1,0.0,91.02328700828366,frame_fifo_full,,,,,,,,,,,,,,,,,,,,,,,,,,,,,,,,,,,,,,,,,,,,,,,,,,,,,,,,,,,,,,,,,,,,
rsg_object_detection,frame_trace,1943,rsg_20260806_128_604899999_001943,sent_to_hydra,,,,,,,,,,,492.53407400101423,ok,12.418307000189088,394.6993389981799,83.98457799921744,0.1329569931840524,83.85162100603338,0.00428801286034286,5.328302999259904,0.21945199114270508,254.90012299269438,18.566373008070514,0.006400005077011883,273.6923479969846,55.71623997821007,19.613590018707328,3.500043007079512,21.72405499732122,10.182564976275899,28.392400010488927,20.741923988680355,1.5516218991251662,6.001414032652974,5.241269100224599,4.35250905866269,2.9357960011111572,2.673334995051846,1.9945289968745783,472.0,223.0,0.005695997970178723,0.011648007784970105,2.863219997379929,0.7155090133892372,0.31612400198355317,1.5458319976460189,0.22182101383805275,0.004383997293189168,89.79425000143237,2.684951003175229,0.14614200335927308,23.00976199330762,0.04358300066087395,8.065221991273575,7.3586400103522465,0.08179098949767649,0.6247909914236516,3.7143750087125227,0.6344860012177378,0.0042239989852532744,1.427561990567483,7,0,7,0,0,,,,,,,,,,,,,,
rsg_object_detection,dropped_oldest,1950,rsg_20260806_129_204900000_001950,dropped,True,fifo_cached_frame,1442,169,0,1271,169,0,1,0.0,48.040228997706436,frame_fifo_full,,,,,,,,,,,,,,,,,,,,,,,,,,,,,,,,,,,,,,,,,,,,,,,,,,,,,,,,,,,,,,,,,,,,
rsg_object_detection,dropped_oldest,1951,rsg_20260806_129_254899999_001951,dropped,True,fifo_cached_frame,1443,169,0,1272,169,0,1,0.0,101.61535000952426,frame_fifo_full,,,,,,,,,,,,,,,,,,,,,,,,,,,,,,,,,,,,,,,,,,,,,,,,,,,,,,,,,,,,,,,,,,,,
rsg_object_detection,dropped_oldest,1952,rsg_20260806_129_354899999_001952,dropped,True,fifo_cached_frame,1444,169,0,1273,169,0,1,0.0,60.01031899359077,frame_fifo_full,,,,,,,,,,,,,,,,,,,,,,,,,,,,,,,,,,,,,,,,,,,,,,,,,,,,,,,,,,,,,,,,,,,,
rsg_object_detection,dropped_oldest,1953,rsg_20260806_129_404899999_001953,dropped,True,fifo_cached_frame,1445,169,0,1274,169,0,1,0.0,60.52371999248862,frame_fifo_full,,,,,,,,,,,,,,,,,,,,,,,,,,,,,,,,,,,,,,,,,,,,,,,,,,,,,,,,,,,,,,,,,,,,
rsg_object_detection,frame_trace,1949,rsg_20260806_129_104899999_001949,sent_to_hydra,,,,,,,,,,,467.6760540023679,ok,9.962825002730824,433.772634001798,22.502281004562974,0.1315179979428649,22.37076300662011,0.002272005076520145,0.9437300032004714,0.16284499724861234,257.25186298950575,22.803397005191073,0.005440000677481294,280.2235449926229,94.04513001209125,14.419651008211076,29.901978967245668,38.95297599956393,10.19629200163763,30.297523000626825,23.742359000607394,1.0622190457070246,4.999764889362268,5.530539056053385,9.196824015816674,2.524473995435983,2.383130995440297,1.5979599993443117,470.0,223.0,0.004991990863345563,0.012511984095908701,2.998035022756085,0.36805997660849243,0.29608899785671383,1.2687160051427782,0.37701900873798877,0.003936002030968666,129.67236300755758,4.372413997771218,0.15750199963804334,18.35664799727965,0.04643200372811407,5.278352007735521,4.6865530021023005,0.09148599929176271,0.5003130063414574,4.035650999867357,0.6436699914047495,0.005152003723196685,1.4360419881995767,7,0,7,0,0,,,,,,,,,,,,,,
rsg_object_detection,dropped_oldest,1955,rsg_20260806_129_604899999_001955,dropped,True,fifo_cached_frame,1447,170,0,1275,170,0,1,0.0,97.53144498972688,frame_fifo_full,,,,,,,,,,,,,,,,,,,,,,,,,,,,,,,,,,,,,,,,,,,,,,,,,,,,,,,,,,,,,,,,,,,,
rsg_object_detection,dropped_oldest,1956,rsg_20260806_129_704900000_001956,dropped,True,fifo_cached_frame,1448,170,0,1276,170,0,1,0.0,55.74433600122575,frame_fifo_full,,,,,,,,,,,,,,,,,,,,,,,,,,,,,,,,,,,,,,,,,,,,,,,,,,,,,,,,,,,,,,,,,,,,
rsg_object_detection,dropped_oldest,1957,rsg_20260806_129_754899999_001957,dropped,True,fifo_cached_frame,1449,170,0,1277,170,0,1,0.0,99.95809500105679,frame_fifo_full,,,,,,,,,,,,,,,,,,,,,,,,,,,,,,,,,,,,,,,,,,,,,,,,,,,,,,,,,,,,,,,,,,,,
rsg_object_detection,dropped_oldest,1958,rsg_20260806_129_854899999_001958,dropped,True,fifo_cached_frame,1450,170,0,1278,170,0,1,0.0,49.002998988726176,frame_fifo_full,,,,,,,,,,,,,,,,,,,,,,,,,,,,,,,,,,,,,,,,,,,,,,,,,,,,,,,,,,,,,,,,,,,,
rsg_object_detection,dropped_oldest,1959,rsg_20260806_129_904899999_001959,dropped,True,fifo_cached_frame,1451,170,0,1279,170,0,1,0.0,105.65148098976351,frame_fifo_full,,,,,,,,,,,,,,,,,,,,,,,,,,,,,,,,,,,,,,,,,,,,,,,,,,,,,,,,,,,,,,,,,,,,
rsg_object_detection,dropped_oldest,1960,rsg_20260806_130_004899999_001960,dropped,True,fifo_cached_frame,1452,170,0,1280,170,0,1,0.0,366.1123510100879,frame_fifo_full,,,,,,,,,,,,,,,,,,,,,,,,,,,,,,,,,,,,,,,,,,,,,,,,,,,,,,,,,,,,,,,,,,,,
rsg_object_detection,dropped_oldest,1961,rsg_20260806_130_104899999_001961,dropped,True,fifo_cached_frame,1453,170,0,1281,170,0,1,0.0,5.5083640036173165,frame_fifo_full,,,,,,,,,,,,,,,,,,,,,,,,,,,,,,,,,,,,,,,,,,,,,,,,,,,,,,,,,,,,,,,,,,,,
rsg_object_detection,dropped_oldest,1962,rsg_20260806_130_204900000_001962,dropped,True,fifo_cached_frame,1454,170,0,1282,170,0,1,0.0,3.140753004117869,frame_fifo_full,,,,,,,,,,,,,,,,,,,,,,,,,,,,,,,,,,,,,,,,,,,,,,,,,,,,,,,,,,,,,,,,,,,,
rsg_object_detection,,412,rsg_20260806_34_854880000_000412,vlm_done,,,,,,,,,,,,ok,,,,,,,,,,,,,,,,,,,,,,,,,,,,,,,,,,,,,,,,,,,,,,,,,,,,,,,rsg_obj_000045,rsg_unknown_rsg_20260806_34_854880000_000412_004_nanosam_001,,,1,0.4764339496113643,ceiling_light,0.95,static,0.99,5954.329003987368,89705.863064999,qwen_http,Qwen3-VL-8B-Instruct-GGUF
rsg_object_detection,completed,412,rsg_20260806_34_854880000_000412,,,,,,,,,,,83751.53172601131,,vlm_done,,,,,,,,,,,,,,,,,,,,,,,,,,,,,,,,,,,,,,,,,,,,,,,,,,,,,,,rsg_obj_000045,rsg_unknown_rsg_20260806_34_854880000_000412_004_nanosam_001,61,300,1,0.4764339496113643,,,,,,,,
rsg_object_detection,frame_trace,1954,rsg_20260806_129_454900000_001954,sent_to_hydra,,,,,,,,,,,962.6887820049888,ok,9.00207100494299,834.4334529974731,117.94495800859295,0.1352620020043105,117.80969600658864,0.002048007445409894,1.4992090000305325,3.120241002761759,301.58926799776964,23.906453003291972,0.010496005415916443,328.6264580092393,138.34890302678104,16.51869401393924,3.93363501643762,99.06114902696572,18.192939009168185,335.66014299867675,314.69876499613747,1.2684317625826225,5.872010777238756,5.163504887605086,11.850758965010755,17.25029799854383,2.199902999564074,1.46100101119373,474.0,223.0,0.004799992893822491,0.3340750263305381,3.3627010125201195,2.5154820032184944,0.32089096202980727,1.1676620051730424,0.36108300264459103,0.003487992216832936,481.7564809927717,4.256062995409593,0.13609400775749236,18.11415600241162,0.04499198985286057,4.55253898689989,4.02022700291127,0.08195100235752761,0.4503609816310927,3.442475004703738,1.0021609923569486,0.004896020982414484,1.3062519865343347,7,0,7,0,0,,,,,,,,,,,,,,
rsg_object_detection,dropped_oldest,1964,rsg_20260806_130_454900000_001964,dropped,True,fifo_cached_frame,1456,171,0,1283,171,0,1,0.0,45.80800799885765,frame_fifo_full,,,,,,,,,,,,,,,,,,,,,,,,,,,,,,,,,,,,,,,,,,,,,,,,,,,,,,,,,,,,,,,,,,,,
rsg_object_detection,dequeued,498,rsg_20260806_39_854880000_000498,,,,,,,,,,,88584.33278399752,,fifo_order,,,,,,,,,,,,,,,,,,,,,,,,,,,,,,,,,,,,,,,,,,,,,,,,,,,,,,,rsg_obj_000048,rsg_unknown_rsg_20260806_39_854880000_000498_002_nanosam_007,61,300,8,0.7024998199466828,,,,,,,,
rsg_object_detection,dropped_oldest,1965,rsg_20260806_130_504899999_001965,dropped,True,fifo_cached_frame,1457,171,0,1284,171,0,1,0.0,101.23647600994445,frame_fifo_full,,,,,,,,,,,,,,,,,,,,,,,,,,,,,,,,,,,,,,,,,,,,,,,,,,,,,,,,,,,,,,,,,,,,
rsg_object_detection,dropped_oldest,1966,rsg_20260806_130_604899999_001966,dropped,True,fifo_cached_frame,1458,171,0,1285,171,0,1,0.0,50.199843986774795,frame_fifo_full,,,,,,,,,,,,,,,,,,,,,,,,,,,,,,,,,,,,,,,,,,,,,,,,,,,,,,,,,,,,,,,,,,,,
rsg_object_detection,dropped_oldest,1967,rsg_20260806_130_654899999_001967,dropped,True,fifo_cached_frame,1459,171,0,1286,171,0,1,0.0,108.09608400450088,frame_fifo_full,,,,,,,,,,,,,,,,,,,,,,,,,,,,,,,,,,,,,,,,,,,,,,,,,,,,,,,,,,,,,,,,,,,,
rsg_object_detection,frame_trace,1963,rsg_20260806_130_304900000_001963,sent_to_hydra,,,,,,,,,,,432.2186750068795,ok,11.184694012627006,352.3363059939584,67.20390600094106,0.13235000369604677,67.07155599724501,0.003487992216832936,7.316367991734296,0.18233299488201737,180.551398996613,18.458950988133438,0.007456023013219237,199.20013900264166,76.0361879656557,33.082857000408694,5.616810987703502,22.430378041462973,13.132152002071962,36.452982007176615,23.635353005374782,1.6776421543909237,7.189495139755309,5.624091965728439,4.09879325889051,7.545004991698079,3.284462000010535,1.939779001986608,523.0,225.0,0.004415996954776347,0.01683102163951844,4.288607000489719,1.2569720129249617,0.3651140141300857,1.6053520084824413,0.43253699550405145,0.00409600033890456,120.46357600775082,3.6719759955303743,0.170141996932216,21.45650499733165,0.057600002037361264,6.290495992288925,5.730760996812023,0.08707099186722189,0.47266400360967964,4.191681000520475,0.698805000865832,0.0037120189517736435,1.4902810071362182,8,0,8,0,0,,,,,,,,,,,,,,
rsg_object_detection,dropped_oldest,1969,rsg_20260806_130_854899999_001969,dropped,True,fifo_cached_frame,1461,172,0,1287,172,0,1,0.0,98.79360199556686,frame_fifo_full,,,,,,,,,,,,,,,,,,,,,,,,,,,,,,,,,,,,,,,,,,,,,,,,,,,,,,,,,,,,,,,,,,,,
rsg_object_detection,dropped_oldest,1970,rsg_20260806_130_954900000_001970,dropped,True,fifo_cached_frame,1462,172,0,1288,172,0,1,0.0,51.246995994006284,frame_fifo_full,,,,,,,,,,,,,,,,,,,,,,,,,,,,,,,,,,,,,,,,,,,,,,,,,,,,,,,,,,,,,,,,,,,,
rsg_object_detection,dropped_oldest,1971,rsg_20260806_131_004899999_001971,dropped,True,fifo_cached_frame,1463,172,0,1289,172,0,1,0.0,102.04251200775616,frame_fifo_full,,,,,,,,,,,,,,,,,,,,,,,,,,,,,,,,,,,,,,,,,,,,,,,,,,,,,,,,,,,,,,,,,,,,
rsg_object_detection,dropped_oldest,1972,rsg_20260806_131_104899999_001972,dropped,True,fifo_cached_frame,1464,172,0,1290,172,0,1,0.0,110.84429900802206,frame_fifo_full,,,,,,,,,,,,,,,,,,,,,,,,,,,,,,,,,,,,,,,,,,,,,,,,,,,,,,,,,,,,,,,,,,,,
rsg_object_detection,dropped_oldest,1973,rsg_20260806_131_154899999_001973,dropped,True,fifo_cached_frame,1465,172,0,1291,172,0,1,0.0,36.937230004696175,frame_fifo_full,,,,,,,,,,,,,,,,,,,,,,,,,,,,,,,,,,,,,,,,,,,,,,,,,,,,,,,,,,,,,,,,,,,,
rsg_object_detection,dropped_oldest,1974,rsg_20260806_131_254899999_001974,dropped,True,fifo_cached_frame,1466,172,0,1292,172,0,1,0.0,67.88463199336547,frame_fifo_full,,,,,,,,,,,,,,,,,,,,,,,,,,,,,,,,,,,,,,,,,,,,,,,,,,,,,,,,,,,,,,,,,,,,
rsg_object_detection,frame_trace,1968,rsg_20260806_130_754899999_001968,sent_to_hydra,,,,,,,,,,,568.6564089992316,ok,9.339570009615272,487.16964799677953,70.57249499484897,0.12258999049663544,70.44990500435233,0.0025600020308047533,1.2477890122681856,0.205564996576868,286.9732679973822,20.183500993880443,0.006976013537496328,307.369310001377,114.35298202559352,25.215040979674086,4.780214992933907,66.89075901522301,16.815840994240716,32.937002994003706,23.642649000976235,1.587597100296989,7.939340983284637,5.93387708067894,4.38758400559891,3.589001004002057,3.51767499523703,1.9185620039934292,547.0,228.0,0.0042239989852532744,0.01452698779758066,4.712792986538261,0.7865800143918023,0.35119298263452947,1.12241500755772,0.3264270053477958,0.005055990186519921,154.6135850076098,2.2135339968372136,0.1420780026819557,21.534808009164408,0.048543966840952635,4.977555989171378,4.4424609950510785,0.08076599624473602,0.4543289978755638,3.77895099518355,0.5778469931101426,0.0052160321502014995,1.572135995957069,8,0,6,0,0,,,,,,,,,,,,,,
rsg_object_detection,dropped_oldest,1976,rsg_20260806_131_454900000_001976,dropped,True,fifo_cached_frame,1468,173,0,1293,173,0,1,0.0,114.56136299239006,frame_fifo_full,,,,,,,,,,,,,,,,,,,,,,,,,,,,,,,,,,,,,,,,,,,,,,,,,,,,,,,,,,,,,,,,,,,,
rsg_object_detection,dropped_oldest,1977,rsg_20260806_131_554900000_001977,dropped,True,fifo_cached_frame,1469,173,0,1294,173,0,1,0.0,89.39598500728607,frame_fifo_full,,,,,,,,,,,,,,,,,,,,,,,,,,,,,,,,,,,,,,,,,,,,,,,,,,,,,,,,,,,,,,,,,,,,
rsg_object_detection,dropped_oldest,1978,rsg_20260806_131_654899999_001978,dropped,True,fifo_cached_frame,1470,173,0,1295,173,0,1,0.0,109.1724200086901,frame_fifo_full,,,,,,,,,,,,,,,,,,,,,,,,,,,,,,,,,,,,,,,,,,,,,,,,,,,,,,,,,,,,,,,,,,,,
rsg_object_detection,frame_trace,1975,rsg_20260806_131_304900000_001975,sent_to_hydra,,,,,,,,,,,493.7269579968415,ok,9.721516995341517,458.6706900008721,23.762999000609852,0.14940599794499576,23.613593002664857,0.003455003025010228,2.609207993373275,0.19753300875891,285.6644570128992,25.58277899515815,0.006943984772078693,311.45171300158836,79.59127101639751,35.73916903405916,4.559610009891912,23.25820799160283,14.28128601401113,35.58816300937906,24.22622400627006,1.2010000937152654,7.079732007696293,7.819050195394084,4.001985958893783,6.824536001658998,2.5938809994840994,1.8878429982578382,496.0,229.0,0.00457599526271224,0.01702402369119227,3.73600801685825,0.6553809944307432,0.3452739620115608,1.3117560010869056,0.26790000265464187,0.0060480087995529175,121.5217360004317,2.4204429937526584,0.13407799997366965,20.48941700195428,0.04409500979818404,5.463405002956279,4.840502995648421,0.0975030125118792,0.5253989947959781,3.590410007745959,0.663061990053393,0.004639994585886598,1.5682969969930127,7,0,7,0,0,,,,,,,,,,,,,,
rsg_object_detection,dropped_oldest,1980,rsg_20260806_131_854899999_001980,dropped,True,fifo_cached_frame,1472,174,0,1296,174,0,1,0.0,39.634373009903356,frame_fifo_full,,,,,,,,,,,,,,,,,,,,,,,,,,,,,,,,,,,,,,,,,,,,,,,,,,,,,,,,,,,,,,,,,,,,
rsg_object_detection,dropped_oldest,1981,rsg_20260806_131_904899999_001981,dropped,True,fifo_cached_frame,1473,174,0,1297,174,0,1,0.0,104.45281199645251,frame_fifo_full,,,,,,,,,,,,,,,,,,,,,,,,,,,,,,,,,,,,,,,,,,,,,,,,,,,,,,,,,,,,,,,,,,,,
rsg_object_detection,dropped_oldest,1982,rsg_20260806_132_004899999_001982,dropped,True,fifo_cached_frame,1474,174,0,1298,174,0,1,0.0,50.74140499345958,frame_fifo_full,,,,,,,,,,,,,,,,,,,,,,,,,,,,,,,,,,,,,,,,,,,,,,,,,,,,,,,,,,,,,,,,,,,,
rsg_object_detection,dropped_oldest,1983,rsg_20260806_132_054900000_001983,dropped,True,fifo_cached_frame,1475,174,0,1299,174,0,1,0.0,50.83717900561169,frame_fifo_full,,,,,,,,,,,,,,,,,,,,,,,,,,,,,,,,,,,,,,,,,,,,,,,,,,,,,,,,,,,,,,,,,,,,
rsg_object_detection,frame_trace,1979,rsg_20260806_131_754899999_001979,sent_to_hydra,,,,,,,,,,,607.3044950026087,ok,10.635774000547826,533.0430960020749,61.44120999670122,0.15097399591468275,61.290236000786535,0.0024320033844560385,1.0848160018213093,0.20073199993930757,295.64696199668106,24.798790997010656,0.009023002348840237,320.65550799597986,120.29849100508727,20.61587799107656,5.141874018590897,80.43560896476265,13.455794993205927,48.989623013767414,24.13899298699107,1.5010999486548826,8.060002262936905,6.021800028975122,4.2892450001090765,15.790831996127963,5.383277995861135,3.624969001975842,549.0,230.0,0.006656002369709313,0.015103985788300633,7.042418990749866,1.525064028101042,0.367261964129284,1.5318160003516823,0.4197699890937656,0.0043199979700148106,180.19831700075883,7.131154998205602,0.1443499932065606,23.773687003995292,0.05526300810743123,6.233633001102135,5.60989799851086,0.0923830084502697,0.531351994141005,3.5774819989455864,0.8199879957828671,0.004671004717238247,2.181982999900356,8,0,8,0,0,,,,,,,,,,,,,,
rsg_object_detection,dropped_oldest,1985,rsg_20260806_132_254899999_001985,dropped,True,fifo_cached_frame,1477,175,0,1300,175,0,1,0.0,5.601547003607266,frame_fifo_full,,,,,,,,,,,,,,,,,,,,,,,,,,,,,,,,,,,,,,,,,,,,,,,,,,,,,,,,,,,,,,,,,,,,
rsg_object_detection,dropped_oldest,1986,rsg_20260806_132_304900000_001986,dropped,True,fifo_cached_frame,1478,175,0,1301,175,0,1,0.0,6.027427996741608,frame_fifo_full,,,,,,,,,,,,,,,,,,,,,,,,,,,,,,,,,,,,,,,,,,,,,,,,,,,,,,,,,,,,,,,,,,,,
rsg_object_detection,dropped_oldest,1987,rsg_20260806_132_404899999_001987,dropped,True,fifo_cached_frame,1479,175,0,1302,175,0,1,0.0,17.976015005842783,frame_fifo_full,,,,,,,,,,,,,,,,,,,,,,,,,,,,,,,,,,,,,,,,,,,,,,,,,,,,,,,,,,,,,,,,,,,,
rsg_object_detection,dropped_oldest,1988,rsg_20260806_132_454900000_001988,dropped,True,fifo_cached_frame,1480,175,0,1303,175,0,1,0.0,156.1983620049432,frame_fifo_full,,,,,,,,,,,,,,,,,,,,,,,,,,,,,,,,,,,,,,,,,,,,,,,,,,,,,,,,,,,,,,,,,,,,
rsg_object_detection,dropped_oldest,1989,rsg_20260806_132_604899999_001989,dropped,True,fifo_cached_frame,1481,175,0,1304,175,0,1,0.0,98.18887499568518,frame_fifo_full,,,,,,,,,,,,,,,,,,,,,,,,,,,,,,,,,,,,,,,,,,,,,,,,,,,,,,,,,,,,,,,,,,,,
rsg_object_detection,dropped_oldest,1990,rsg_20260806_132_704900000_001990,dropped,True,fifo_cached_frame,1482,175,0,1305,175,0,1,0.0,81.83555600407999,frame_fifo_full,,,,,,,,,,,,,,,,,,,,,,,,,,,,,,,,,,,,,,,,,,,,,,,,,,,,,,,,,,,,,,,,,,,,
rsg_object_detection,dropped_oldest,1991,rsg_20260806_132_754899999_001991,dropped,True,fifo_cached_frame,1483,175,0,1306,175,0,1,0.0,66.49383800686337,frame_fifo_full,,,,,,,,,,,,,,,,,,,,,,,,,,,,,,,,,,,,,,,,,,,,,,,,,,,,,,,,,,,,,,,,,,,,
rsg_object_detection,frame_trace,1984,rsg_20260806_132_104899999_001984,sent_to_hydra,,,,,,,,,,,755.6120980007108,ok,15.848943003220484,458.03476600849535,279.6870120073436,0.17522899725008756,279.5117830100935,0.002720000338740647,1.0061290086014196,0.30069900094531476,285.8175440051127,24.73949499835726,0.007263995939865708,310.86500200035516,64.93734802643303,19.813967985101044,9.503888024482876,24.58657100214623,10.382786000263877,44.19907199917361,33.94789999583736,2.620442712213844,8.716087657376193,12.445323169231415,5.831610935274512,4.540283000096679,3.28900599561166,2.3752600100124255,753.0,234.0,0.004607994924299419,0.014624005416408181,3.1268649909179658,1.056975030223839,0.337308956659399,1.740292995236814,0.35906700941268355,0.006399000994861126,115.78051198739558,2.9106119909556583,0.1333739928668365,27.293057006318122,0.04608002200257033,11.105943005532026,9.083830009330995,0.08889500168152153,1.9332179945195094,4.061282001202926,0.6768220046069473,0.004895991878584027,2.03865698131267,8,0,8,0,0,,,,,,,,,,,,,,
rsg_object_detection,dropped_oldest,1993,rsg_20260806_132_904899999_001993,dropped,True,fifo_cached_frame,1485,176,0,1307,176,0,1,0.0,51.309588001458906,frame_fifo_full,,,,,,,,,,,,,,,,,,,,,,,,,,,,,,,,,,,,,,,,,,,,,,,,,,,,,,,,,,,,,,,,,,,,
rsg_object_detection,dropped_oldest,1994,rsg_20260806_132_954900000_001994,dropped,True,fifo_cached_frame,1486,176,0,1308,176,0,1,0.0,46.47254200244788,frame_fifo_full,,,,,,,,,,,,,,,,,,,,,,,,,,,,,,,,,,,,,,,,,,,,,,,,,,,,,,,,,,,,,,,,,,,,
rsg_object_detection,dropped_oldest,1995,rsg_20260806_133_004899999_001995,dropped,True,fifo_cached_frame,1487,176,0,1309,176,0,1,0.0,54.08551399887074,frame_fifo_full,,,,,,,,,,,,,,,,,,,,,,,,,,,,,,,,,,,,,,,,,,,,,,,,,,,,,,,,,,,,,,,,,,,,
rsg_object_detection,dropped_oldest,1996,rsg_20260806_133_054900000_001996,dropped,True,fifo_cached_frame,1488,176,0,1310,176,0,1,0.0,107.18390699184965,frame_fifo_full,,,,,,,,,,,,,,,,,,,,,,,,,,,,,,,,,,,,,,,,,,,,,,,,,,,,,,,,,,,,,,,,,,,,
rsg_object_detection,dropped_oldest,1997,rsg_20260806_133_154899999_001997,dropped,True,fifo_cached_frame,1489,176,0,1311,176,0,1,0.0,109.7443480102811,frame_fifo_full,,,,,,,,,,,,,,,,,,,,,,,,,,,,,,,,,,,,,,,,,,,,,,,,,,,,,,,,,,,,,,,,,,,,
rsg_object_detection,frame_trace,1992,rsg_20260806_132_854899999_001992,sent_to_hydra,,,,,,,,,,,482.7633499953663,ok,10.986873006913811,442.6981350115966,27.258913993136957,0.16409398813266307,27.094820005004294,0.0026240013539791107,1.0765280021587387,0.25522800569888204,287.0460050035035,14.1917520086281,0.005855996278114617,301.4988410141086,48.16579598991666,19.183773998520337,3.873605004628189,14.223367994418368,10.286083008395508,53.67163199116476,45.53076399315614,17.60389082483016,7.822117928299122,6.755016933311708,4.397268901811913,3.215631004422903,2.978131000418216,1.8985630013048649,560.0,236.0,0.0052800023695454,0.01683201116975397,3.6899609840475023,3.3938679844141006,0.41128904558718204,1.6116869956022128,0.5489839968504384,0.004960005753673613,111.51897700619884,5.89043801301159,0.17516600200906396,22.48490600322839,0.05327897088136524,6.466589999035932,5.787752001197077,0.09910200606100261,0.5797359917778522,3.7506630033021793,0.7652999920537695,0.004320012521930039,1.8168039823649451,8,0,8,0,0,,,,,,,,,,,,,,
rsg_object_detection,dropped_oldest,1999,rsg_20260806_133_354899999_001999,dropped,True,fifo_cached_frame,1491,177,0,1312,177,0,1,0.0,90.19722099765204,frame_fifo_full,,,,,,,,,,,,,,,,,,,,,,,,,,,,,,,,,,,,,,,,,,,,,,,,,,,,,,,,,,,,,,,,,,,,
rsg_object_detection,dropped_oldest,2000,rsg_20260806_133_454900000_002000,dropped,True,fifo_cached_frame,1492,177,0,1313,177,0,1,0.0,103.99083500669803,frame_fifo_full,,,,,,,,,,,,,,,,,,,,,,,,,,,,,,,,,,,,,,,,,,,,,,,,,,,,,,,,,,,,,,,,,,,,
rsg_object_detection,dropped_oldest,2001,rsg_20260806_133_554900000_002001,dropped,True,fifo_cached_frame,1493,177,0,1314,177,0,1,0.0,95.6225469999481,frame_fifo_full,,,,,,,,,,,,,,,,,,,,,,,,,,,,,,,,,,,,,,,,,,,,,,,,,,,,,,,,,,,,,,,,,,,,
rsg_object_detection,dropped_oldest,2002,rsg_20260806_133_654899999_002002,dropped,True,fifo_cached_frame,1494,177,0,1315,177,0,1,0.0,102.43434800941031,frame_fifo_full,,,,,,,,,,,,,,,,,,,,,,,,,,,,,,,,,,,,,,,,,,,,,,,,,,,,,,,,,,,,,,,,,,,,
rsg_object_detection,dropped_oldest,2003,rsg_20260806_133_754899999_002003,dropped,True,fifo_cached_frame,1495,177,0,1316,177,0,1,0.0,111.82470098719932,frame_fifo_full,,,,,,,,,,,,,,,,,,,,,,,,,,,,,,,,,,,,,,,,,,,,,,,,,,,,,,,,,,,,,,,,,,,,
rsg_object_detection,frame_trace,1998,rsg_20260806_133_254899999_001998,sent_to_hydra,,,,,,,,,,,603.4172299987404,ok,12.961403001099825,507.141797002987,81.55258500482887,0.1448620023438707,81.407723002485,0.002592001692391932,2.289372991072014,0.19455701112747192,300.9807380003622,25.189569001668133,0.009503986802883446,326.37436799996067,92.26611700432841,19.72229099192191,4.1936959605664015,59.15145302424207,8.637180013465695,51.59156800073106,42.55519300932065,1.7899929807754233,22.127633856143802,9.207504976075143,4.90635096502956,3.9536999975098297,3.0047219916014,2.028802002314478,588.0,240.0,0.00454401015304029,0.015102996258065104,3.444940986810252,0.5977190303383395,0.3603779769036919,1.4148589980322868,0.25609199656173587,0.004735993570648134,149.9543609970715,2.6718949957285076,0.19010899995919317,25.616507002268918,0.0451840169262141,8.689371999935247,8.068645009188913,0.10364598711021245,0.5170810036361217,3.5282659955555573,0.739348994102329,0.004416011506691575,1.7588529881322756,8,0,8,0,0,,,,,,,,,,,,,,
rsg_object_detection,dropped_oldest,2005,rsg_20260806_133_904899999_002005,dropped,True,fifo_cached_frame,1497,178,0,1317,178,0,1,0.0,48.195842988207005,frame_fifo_full,,,,,,,,,,,,,,,,,,,,,,,,,,,,,,,,,,,,,,,,,,,,,,,,,,,,,,,,,,,,,,,,,,,,
rsg_object_detection,dropped_oldest,2006,rsg_20260806_133_954900000_002006,dropped,True,fifo_cached_frame,1498,178,0,1318,178,0,1,0.0,98.89388900774065,frame_fifo_full,,,,,,,,,,,,,,,,,,,,,,,,,,,,,,,,,,,,,,,,,,,,,,,,,,,,,,,,,,,,,,,,,,,,
rsg_object_detection,dropped_oldest,2007,rsg_20260806_134_054900000_002007,dropped,True,fifo_cached_frame,1499,178,0,1319,178,0,1,0.0,55.564851994859055,frame_fifo_full,,,,,,,,,,,,,,,,,,,,,,,,,,,,,,,,,,,,,,,,,,,,,,,,,,,,,,,,,,,,,,,,,,,,
rsg_object_detection,dropped_oldest,2008,rsg_20260806_134_104899999_002008,dropped,True,fifo_cached_frame,1500,178,0,1320,178,0,1,0.0,47.30836900125723,frame_fifo_full,,,,,,,,,,,,,,,,,,,,,,,,,,,,,,,,,,,,,,,,,,,,,,,,,,,,,,,,,,,,,,,,,,,,
rsg_object_detection,dropped_oldest,2009,rsg_20260806_134_154899999_002009,dropped,True,fifo_cached_frame,1501,178,0,1321,179,0,1,0.0,178.03303900291212,frame_fifo_full,,,,,,,,,,,,,,,,,,,,,,,,,,,,,,,,,,,,,,,,,,,,,,,,,,,,,,,,,,,,,,,,,,,,
rsg_object_detection,frame_trace,2004,rsg_20260806_133_854899999_002004,sent_to_hydra,,,,,,,,,,,452.0341220049886,ok,9.851946000708267,414.483813001425,26.10312300384976,0.1352620020043105,25.96786100184545,0.002176006091758609,2.55711299541872,0.20633300300687551,275.1962650072528,21.702103011193685,0.005663983756676316,297.11036500521004,43.652615990140475,16.436549980426207,4.353692987933755,13.310164998983964,8.98917501035612,39.21527600323316,30.943498000851832,2.4417259119218215,9.663407894549891,7.322415913222358,6.795641878852621,4.114754003239796,2.343739994103089,1.7623089952394366,539.0,241.0,0.0042239989852532744,0.013600001693703234,3.477324018604122,0.782099028583616,0.33026795426849276,1.3247479946585372,0.27087600028607994,0.0052480027079582214,89.07816599821672,2.363708001212217,0.18233299488201737,23.14860800106544,0.04352000541985035,5.189072995563038,4.576314007863402,0.09465399489272386,0.5181049928069115,4.029955001897179,0.627733999863267,0.005184003384783864,1.5930639929138124,7,0,7,0,0,,,,,,,,,,,,,,
rsg_object_detection,dropped_oldest,2011,rsg_20260806_134_304900000_002011,dropped,True,fifo_cached_frame,1503,179,0,1322,179,0,1,0.0,23.231647006468847,frame_fifo_full,,,,,,,,,,,,,,,,,,,,,,,,,,,,,,,,,,,,,,,,,,,,,,,,,,,,,,,,,,,,,,,,,,,,
rsg_object_detection,dropped_oldest,2012,rsg_20260806_134_354899999_002012,dropped,True,fifo_cached_frame,1504,179,0,1323,179,0,1,0.0,48.865434000617824,frame_fifo_full,,,,,,,,,,,,,,,,,,,,,,,,,,,,,,,,,,,,,,,,,,,,,,,,,,,,,,,,,,,,,,,,,,,,
rsg_object_detection,dropped_oldest,2013,rsg_20260806_134_404899999_002013,dropped,True,fifo_cached_frame,1505,179,0,1324,179,0,1,0.0,50.222852994920686,frame_fifo_full,,,,,,,,,,,,,,,,,,,,,,,,,,,,,,,,,,,,,,,,,,,,,,,,,,,,,,,,,,,,,,,,,,,,
rsg_object_detection,dropped_oldest,2014,rsg_20260806_134_454900000_002014,dropped,True,fifo_cached_frame,1506,179,0,1325,179,0,1,0.0,94.35005499108229,frame_fifo_full,,,,,,,,,,,,,,,,,,,,,,,,,,,,,,,,,,,,,,,,,,,,,,,,,,,,,,,,,,,,,,,,,,,,
rsg_object_detection,dropped_oldest,2015,rsg_20260806_134_554900000_002015,dropped,True,fifo_cached_frame,1507,179,0,1326,179,0,1,0.0,102.72864700527862,frame_fifo_full,,,,,,,,,,,,,,,,,,,,,,,,,,,,,,,,,,,,,,,,,,,,,,,,,,,,,,,,,,,,,,,,,,,,
rsg_object_detection,dropped_oldest,2016,rsg_20260806_134_654899999_002016,dropped,True,fifo_cached_frame,1508,179,0,1327,179,0,1,0.0,48.22934699768666,frame_fifo_full,,,,,,,,,,,,,,,,,,,,,,,,,,,,,,,,,,,,,,,,,,,,,,,,,,,,,,,,,,,,,,,,,,,,
rsg_object_detection,dropped_oldest,2017,rsg_20260806_134_704900000_002017,dropped,True,fifo_cached_frame,1509,179,0,1328,179,0,1,0.0,157.76838699821383,frame_fifo_full,,,,,,,,,,,,,,,,,,,,,,,,,,,,,,,,,,,,,,,,,,,,,,,,,,,,,,,,,,,,,,,,,,,,
rsg_object_detection,frame_trace,2010,rsg_20260806_134_254899999_002010,sent_to_hydra,,,,,,,,,,,574.3468569999095,ok,9.445809002500027,559.5622499968158,3.551305999280885,0.167453006724827,3.383852992556058,0.002496002707630396,6.338463004794903,1.1106710007879883,324.1347230068641,25.209632993210107,0.009663999662734568,350.4646910005249,113.89545399288181,29.379521001828834,6.111554990638979,45.85703200427815,31.66934399632737,48.91599300026428,31.397858998388983,1.5641669742763042,11.42133492976427,7.7916610753163695,4.991179011994973,9.137300992733799,5.679402005625889,2.647096000146121,592.0,242.0,0.005408001015894115,0.01548796717543155,4.007490977528505,5.487051996169612,0.4347780341049656,1.5143769996939227,0.30809199961367995,0.005919006071053445,174.5980509876972,3.54023500403855,0.15554898709524423,24.42026900826022,0.0449920044047758,5.092850988148712,4.513723004492931,0.09142199996858835,0.4877059836871922,3.6624399945139885,0.6858459964860231,0.004672023351304233,1.7849959986051545,8,0,8,0,0,,,,,,,,,,,,,,
rsg_object_detection,dropped_oldest,2019,rsg_20260806_134_954900000_002019,dropped,True,fifo_cached_frame,1511,180,0,1329,180,0,1,0.0,47.42238299513701,frame_fifo_full,,,,,,,,,,,,,,,,,,,,,,,,,,,,,,,,,,,,,,,,,,,,,,,,,,,,,,,,,,,,,,,,,,,,
rsg_object_detection,dropped_oldest,2020,rsg_20260806_135_004899999_002020,dropped,True,fifo_cached_frame,1512,180,0,1330,180,0,1,0.0,105.73119300534017,frame_fifo_full,,,,,,,,,,,,,,,,,,,,,,,,,,,,,,,,,,,,,,,,,,,,,,,,,,,,,,,,,,,,,,,,,,,,
rsg_object_detection,dropped_oldest,2021,rsg_20260806_135_104899999_002021,dropped,True,fifo_cached_frame,1513,180,0,1331,180,0,1,0.0,47.35275199345779,frame_fifo_full,,,,,,,,,,,,,,,,,,,,,,,,,,,,,,,,,,,,,,,,,,,,,,,,,,,,,,,,,,,,,,,,,,,,
rsg_object_detection,dropped_oldest,2022,rsg_20260806_135_154899999_002022,dropped,True,fifo_cached_frame,1514,180,0,1332,180,0,1,0.0,113.0056429974502,frame_fifo_full,,,,,,,,,,,,,,,,,,,,,,,,,,,,,,,,,,,,,,,,,,,,,,,,,,,,,,,,,,,,,,,,,,,,
rsg_object_detection,dropped_oldest,2023,rsg_20260806_135_254899999_002023,dropped,True,fifo_cached_frame,1515,180,0,1333,180,0,1,0.0,103.50588399160188,frame_fifo_full,,,,,,,,,,,,,,,,,,,,,,,,,,,,,,,,,,,,,,,,,,,,,,,,,,,,,,,,,,,,,,,,,,,,
rsg_object_detection,dropped_oldest,2024,rsg_20260806_135_354899999_002024,dropped,True,fifo_cached_frame,1516,180,0,1334,180,0,1,0.0,54.22711199207697,frame_fifo_full,,,,,,,,,,,,,,,,,,,,,,,,,,,,,,,,,,,,,,,,,,,,,,,,,,,,,,,,,,,,,,,,,,,,
rsg_object_detection,,498,rsg_20260806_39_854880000_000498,vlm_failed,,,,,,,,,,,,"{""label"":""unknown_object"",""label_confidence"":0.0,""mobility_class"":""unknown"",""mobility_confidence"":0.0}",,,,,,,,,,,,,,,,,,,,,,,,,,,,,,,,,,,,,,,,,,,,,,,,,,,,,,,rsg_obj_000048,rsg_unknown_rsg_20260806_39_854880000_000498_002_nanosam_007,,,8,0.7024998199466828,unknown_object,0.0,unknown,0.0,4876.374264000333,93460.70925598906,qwen_http,Qwen3-VL-8B-Instruct-GGUF
rsg_object_detection,completed,498,rsg_20260806_39_854880000_000498,,,,,,,,,,,88584.33278399752,,vlm_failed,,,,,,,,,,,,,,,,,,,,,,,,,,,,,,,,,,,,,,,,,,,,,,,,,,,,,,,rsg_obj_000048,rsg_unknown_rsg_20260806_39_854880000_000498_002_nanosam_007,62,300,8,0.7024998199466828,,,,,,,,
rsg_object_detection,frame_trace,2018,rsg_20260806_134_854899999_002018,sent_to_hydra,,,,,,,,,,,574.286443006713,ok,15.95652601099573,500.10520200885367,56.346792000113055,0.14172600640449673,56.20506599370856,0.0045439956011250615,1.0080170031869784,0.18412500503472984,278.665205987636,23.10534499702044,0.006912014214321971,301.9615880039055,107.6655320066493,16.89209701726213,5.0875369779532775,52.107976996921934,32.93111601669807,49.81914701056667,37.7434580004774,2.8404270706232637,16.811681984108873,8.38068890152499,4.976817013812251,6.732665991876274,3.0849129980197176,2.2043509961804375,625.0,245.0,0.004351997631601989,0.01599994720891118,3.4850669908337295,1.0931350116152316,0.3549069806467742,1.33914798789192,0.5150959914317355,0.004960005753673613,164.29395199520513,6.185922000440769,0.16492500435560942,26.443278999067843,0.047519002691842616,11.380628013284877,10.782619996462017,0.07334300607908517,0.5246650107437745,3.4471149992896244,1.1237910075578839,0.004991990863345563,1.873378991149366,8,0,8,0,0,,,,,,,,,,,,,,
rsg_object_detection,dequeued,455,rsg_20260806_37_204880000_000455,,,,,,,,,,,93437.28340299276,,fifo_order,,,,,,,,,,,,,,,,,,,,,,,,,,,,,,,,,,,,,,,,,,,,,,,,,,,,,,,rsg_obj_000049,rsg_unknown_rsg_20260806_37_204880000_000455_004_nanosam_001,61,300,3,0.5141272999799076,,,,,,,,
rsg_object_detection,dropped_oldest,2026,rsg_20260806_135_454900000_002026,dropped,True,fifo_cached_frame,1518,181,0,1335,181,0,1,0.0,152.86993399786297,frame_fifo_full,,,,,,,,,,,,,,,,,,,,,,,,,,,,,,,,,,,,,,,,,,,,,,,,,,,,,,,,,,,,,,,,,,,,
rsg_object_detection,dropped_oldest,2027,rsg_20260806_135_604899999_002027,dropped,True,fifo_cached_frame,1519,181,0,1336,181,0,1,0.0,39.00670299481135,frame_fifo_full,,,,,,,,,,,,,,,,,,,,,,,,,,,,,,,,,,,,,,,,,,,,,,,,,,,,,,,,,,,,,,,,,,,,
rsg_object_detection,dropped_oldest,2028,rsg_20260806_135_654899999_002028,dropped,True,fifo_cached_frame,1520,181,0,1337,181,0,1,0.0,52.5819530012086,frame_fifo_full,,,,,,,,,,,,,,,,,,,,,,,,,,,,,,,,,,,,,,,,,,,,,,,,,,,,,,,,,,,,,,,,,,,,
rsg_object_detection,dropped_oldest,2029,rsg_20260806_135_704900000_002029,dropped,True,fifo_cached_frame,1521,181,0,1338,181,0,1,0.0,120.34572400443722,frame_fifo_full,,,,,,,,,,,,,,,,,,,,,,,,,,,,,,,,,,,,,,,,,,,,,,,,,,,,,,,,,,,,,,,,,,,,
rsg_object_detection,dropped_oldest,2030,rsg_20260806_135_804900000_002030,dropped,True,fifo_cached_frame,1522,181,0,1339,181,0,1,0.0,27.875065003172494,frame_fifo_full,,,,,,,,,,,,,,,,,,,,,,,,,,,,,,,,,,,,,,,,,,,,,,,,,,,,,,,,,,,,,,,,,,,,
rsg_object_detection,dropped_oldest,2031,rsg_20260806_135_854899999_002031,dropped,True,fifo_cached_frame,1523,181,0,1340,182,0,1,0.0,61.760468990541995,frame_fifo_full,,,,,,,,,,,,,,,,,,,,,,,,,,,,,,,,,,,,,,,,,,,,,,,,,,,,,,,,,,,,,,,,,,,,
rsg_object_detection,frame_trace,2025,rsg_20260806_135_404899999_002025,sent_to_hydra,,,,,,,,,,,470.77953700500075,ok,12.434243006282486,425.82853900967166,30.726062002941035,0.13282999861985445,30.59323200432118,0.0036479905247688293,6.031076991348527,0.25177199859172106,246.28544200095348,18.756642995867878,0.007968003046698868,265.3018249984598,57.909488983568735,20.73270600521937,6.336673002806492,15.910348971374333,14.221639998140745,52.60454500967171,45.70452201005537,2.607962960610166,14.997113205026835,9.468433927395381,6.078208942199126,2.738294002483599,2.4202830099966377,1.6989189898595214,584.0,248.0,0.00457599526271224,0.01932698069140315,6.340862993965857,1.9820830057142302,0.477400011732243,1.5079139993758872,0.633175004622899,0.005472000339068472,121.48964300286025,8.942328000557609,0.15804500435478985,23.86267799010966,0.042943021981045604,5.995749001158401,5.3586389985866845,0.09651000436861068,0.5405999982031062,5.719944994780235,0.7137810025596991,0.004768007784150541,1.7870449955807999,7,0,7,0,0,,,,,,,,,,,,,,
rsg_object_detection,dropped_oldest,2033,rsg_20260806_135_954900000_002033,dropped,True,fifo_cached_frame,1525,182,0,1341,182,0,1,0.0,59.82357100583613,frame_fifo_full,,,,,,,,,,,,,,,,,,,,,,,,,,,,,,,,,,,,,,,,,,,,,,,,,,,,,,,,,,,,,,,,,,,,
rsg_object_detection,dropped_oldest,2034,rsg_20260806_136_004899999_002034,dropped,True,fifo_cached_frame,1526,182,0,1342,182,0,1,0.0,92.25907799554989,frame_fifo_full,,,,,,,,,,,,,,,,,,,,,,,,,,,,,,,,,,,,,,,,,,,,,,,,,,,,,,,,,,,,,,,,,,,,
rsg_object_detection,dropped_oldest,2035,rsg_20260806_136_104899999_002035,dropped,True,fifo_cached_frame,1527,182,0,1343,182,0,1,0.0,48.66098800266627,frame_fifo_full,,,,,,,,,,,,,,,,,,,,,,,,,,,,,,,,,,,,,,,,,,,,,,,,,,,,,,,,,,,,,,,,,,,,
rsg_object_detection,dropped_oldest,2036,rsg_20260806_136_154899999_002036,dropped,True,fifo_cached_frame,1528,182,0,1344,182,0,1,0.0,98.66080500069074,frame_fifo_full,,,,,,,,,,,,,,,,,,,,,,,,,,,,,,,,,,,,,,,,,,,,,,,,,,,,,,,,,,,,,,,,,,,,
rsg_object_detection,dropped_oldest,2037,rsg_20260806_136_254899999_002037,dropped,True,fifo_cached_frame,1529,182,0,1345,182,0,1,0.0,106.70365999976639,frame_fifo_full,,,,,,,,,,,,,,,,,,,,,,,,,,,,,,,,,,,,,,,,,,,,,,,,,,,,,,,,,,,,,,,,,,,,
rsg_object_detection,dropped_oldest,2038,rsg_20260806_136_354899999_002038,dropped,True,fifo_cached_frame,1530,182,0,1346,182,0,1,0.0,43.62650599796325,frame_fifo_full,,,,,,,,,,,,,,,,,,,,,,,,,,,,,,,,,,,,,,,,,,,,,,,,,,,,,,,,,,,,,,,,,,,,
rsg_object_detection,dropped_oldest,2039,rsg_20260806_136_404899999_002039,dropped,True,fifo_cached_frame,1531,182,0,1347,183,0,1,0.0,66.49953400483355,frame_fifo_full,,,,,,,,,,,,,,,,,,,,,,,,,,,,,,,,,,,,,,,,,,,,,,,,,,,,,,,,,,,,,,,,,,,,
rsg_object_detection,frame_trace,2032,rsg_20260806_135_904899999_002032,sent_to_hydra,,,,,,,,,,,537.4530839908402,ok,11.2656529963715,519.0748349996284,4.8995729885064065,0.37708198942709714,4.522490999079309,0.003520006430335343,6.446013998356648,0.20735700672958046,309.3878119980218,24.071666004601866,0.00819198612589389,333.67502699547913,80.99032299651299,16.887583027710207,7.035062008071691,23.338302969932556,33.05031402851455,65.36150399188045,52.1103770006448,1.556970106321387,10.970053117489442,7.871926078223623,27.649252166156657,4.15116899239365,7.185491005657241,1.8637800094438717,589.0,250.0,0.005823996616527438,0.01206299930345267,2.8916349983774126,1.277036004466936,0.3231950104236603,1.2348930031294003,0.31730699993204325,0.004992005415260792,152.41829300066456,2.9377469909377396,0.1367980003124103,23.41001300374046,0.05094301013741642,6.512477004434913,5.77453599544242,0.09500599117018282,0.6429350178223103,4.104354011360556,0.643542007310316,0.005279973265714943,2.209502999903634,7,0,7,0,0,,,,,,,,,,,,,,
rsg_object_detection,dropped_oldest,2041,rsg_20260806_136_604899999_002041,dropped,True,fifo_cached_frame,1533,183,0,1348,183,0,1,0.0,40.56920799484942,frame_fifo_full,,,,,,,,,,,,,,,,,,,,,,,,,,,,,,,,,,,,,,,,,,,,,,,,,,,,,,,,,,,,,,,,,,,,
rsg_object_detection,dropped_oldest,2042,rsg_20260806_136_654899999_002042,dropped,True,fifo_cached_frame,1534,183,0,1349,183,0,1,0.0,50.82169199886266,frame_fifo_full,,,,,,,,,,,,,,,,,,,,,,,,,,,,,,,,,,,,,,,,,,,,,,,,,,,,,,,,,,,,,,,,,,,,
rsg_object_detection,dropped_oldest,2043,rsg_20260806_136_704900000_002043,dropped,True,fifo_cached_frame,1535,183,0,1350,183,0,1,0.0,50.81042798701674,frame_fifo_full,,,,,,,,,,,,,,,,,,,,,,,,,,,,,,,,,,,,,,,,,,,,,,,,,,,,,,,,,,,,,,,,,,,,
rsg_object_detection,dropped_oldest,2044,rsg_20260806_136_754899999_002044,dropped,True,fifo_cached_frame,1536,183,0,1351,183,0,1,0.0,105.40383998886682,frame_fifo_full,,,,,,,,,,,,,,,,,,,,,,,,,,,,,,,,,,,,,,,,,,,,,,,,,,,,,,,,,,,,,,,,,,,,
rsg_object_detection,dropped_oldest,2045,rsg_20260806_136_854899999_002045,dropped,True,fifo_cached_frame,1537,183,0,1352,183,0,1,0.0,54.56723499810323,frame_fifo_full,,,,,,,,,,,,,,,,,,,,,,,,,,,,,,,,,,,,,,,,,,,,,,,,,,,,,,,,,,,,,,,,,,,,
rsg_object_detection,dropped_oldest,2046,rsg_20260806_136_904899999_002046,dropped,True,fifo_cached_frame,1538,183,0,1353,183,0,1,0.0,57.60968499816954,frame_fifo_full,,,,,,,,,,,,,,,,,,,,,,,,,,,,,,,,,,,,,,,,,,,,,,,,,,,,,,,,,,,,,,,,,,,,
rsg_object_detection,dropped_oldest,2047,rsg_20260806_136_954900000_002047,dropped,True,fifo_cached_frame,1539,183,0,1354,183,0,1,0.0,50.121799009502865,frame_fifo_full,,,,,,,,,,,,,,,,,,,,,,,,,,,,,,,,,,,,,,,,,,,,,,,,,,,,,,,,,,,,,,,,,,,,
rsg_object_detection,frame_trace,2040,rsg_20260806_136_454900000_002040,sent_to_hydra,,,,,,,,,,,563.5932959994534,ok,12.748125998768955,544.783630000893,4.144833001191728,0.18079699657391757,3.9640360046178102,0.002176006091758609,1.892002997919917,0.21014100639149547,277.42586701060645,24.231311996118166,0.00771199120208621,301.8750320043182,154.76635299273767,26.710059013566934,7.155377985327505,85.7646500080591,34.06604297924787,50.13059900375083,34.38629400625359,2.0596800168277696,13.3707812638022,8.484992824378423,5.699558038031682,9.1526929900283,4.205088000162505,2.1183360076975077,649.0,251.0,0.0047679932322353125,0.013375989510677755,3.0235379963414744,0.9198569896398112,0.39103502058424056,1.3367469946388155,0.2621079911477864,0.00457599526271224,210.85452500847168,2.9926909919595346,0.16351700469385833,26.962855001329444,0.043006992200389504,8.641309002996422,8.009286000742577,0.0953900016611442,0.5366330005927011,3.4742830030154437,0.6275100022321567,0.005023990524932742,1.9145309925079346,8,0,7,0,0,,,,,,,,,,,,,,
rsg_object_detection,dropped_oldest,2049,rsg_20260806_137_054900000_002049,dropped,True,fifo_cached_frame,1541,184,0,1355,184,0,1,0.0,86.45532699301839,frame_fifo_full,,,,,,,,,,,,,,,,,,,,,,,,,,,,,,,,,,,,,,,,,,,,,,,,,,,,,,,,,,,,,,,,,,,,
rsg_object_detection,dropped_oldest,2050,rsg_20260806_137_154899999_002050,dropped,True,fifo_cached_frame,1542,184,0,1356,184,0,1,0.0,52.217158998246305,frame_fifo_full,,,,,,,,,,,,,,,,,,,,,,,,,,,,,,,,,,,,,,,,,,,,,,,,,,,,,,,,,,,,,,,,,,,,
rsg_object_detection,dropped_oldest,2051,rsg_20260806_137_204900000_002051,dropped,True,fifo_cached_frame,1543,184,0,1357,184,0,1,0.0,49.81553100515157,frame_fifo_full,,,,,,,,,,,,,,,,,,,,,,,,,,,,,,,,,,,,,,,,,,,,,,,,,,,,,,,,,,,,,,,,,,,,
rsg_object_detection,dropped_oldest,2052,rsg_20260806_137_254899999_002052,dropped,True,fifo_cached_frame,1544,184,0,1358,184,0,1,0.0,49.938121999730356,frame_fifo_full,,,,,,,,,,,,,,,,,,,,,,,,,,,,,,,,,,,,,,,,,,,,,,,,,,,,,,,,,,,,,,,,,,,,
rsg_object_detection,dropped_oldest,2053,rsg_20260806_137_304900000_002053,dropped,True,fifo_cached_frame,1545,184,0,1359,184,0,1,0.0,52.22810299892444,frame_fifo_full,,,,,,,,,,,,,,,,,,,,,,,,,,,,,,,,,,,,,,,,,,,,,,,,,,,,,,,,,,,,,,,,,,,,
rsg_object_detection,dropped_oldest,2054,rsg_20260806_137_354899999_002054,dropped,True,fifo_cached_frame,1546,184,0,1360,184,0,1,0.0,172.90716600837186,frame_fifo_full,,,,,,,,,,,,,,,,,,,,,,,,,,,,,,,,,,,,,,,,,,,,,,,,,,,,,,,,,,,,,,,,,,,,
rsg_object_detection,dropped_oldest,2055,rsg_20260806_137_404899999_002055,dropped,True,fifo_cached_frame,1547,184,0,1361,184,0,1,0.0,3.574953996576369,frame_fifo_full,,,,,,,,,,,,,,,,,,,,,,,,,,,,,,,,,,,,,,,,,,,,,,,,,,,,,,,,,,,,,,,,,,,,
rsg_object_detection,dropped_oldest,2056,rsg_20260806_137_454900000_002056,dropped,True,fifo_cached_frame,1548,184,0,1362,184,0,1,0.0,2.896756006521173,frame_fifo_full,,,,,,,,,,,,,,,,,,,,,,,,,,,,,,,,,,,,,,,,,,,,,,,,,,,,,,,,,,,,,,,,,,,,
rsg_object_detection,frame_trace,2048,rsg_20260806_137_004899999_002048,sent_to_hydra,,,,,,,,,,,523.0086329975165,ok,20.89731399610173,473.3390519977547,26.925862999632955,0.13417399895843118,26.791689000674523,0.006208007107488811,1.5181850030785426,0.2214679989265278,268.42510800634045,28.130741004133597,0.007647991878911853,296.7849650012795,83.07150701875798,25.11171597870998,6.7811739863827825,32.62203199847136,17.81109001603909,47.661611999501474,33.611072998610325,2.0313329878263175,13.435190165182576,8.144510764395818,5.15083983191289,8.786587000940926,3.1993430020520464,1.8747560097835958,649.0,251.0,0.004704008460976183,0.01296000846195966,2.9476669878931716,0.6332390184979886,0.31679497624281794,1.2155980075476691,1.9858580053551123,0.004992005415260792,137.8547390049789,9.977577006793581,0.16518100164830685,26.99197400943376,0.046430970542132854,15.441109004314058,14.714208999066614,0.0965750077739358,0.6303249974735081,3.577738010790199,1.8724200053839013,0.0060469756135717034,1.8401959969196469,8,0,7,0,0,,,,,,,,,,,,,,
rsg_object_detection,dropped_oldest,2058,rsg_20260806_137_604899999_002058,dropped,True,fifo_cached_frame,1550,185,0,1363,185,0,1,0.0,58.539079007459804,frame_fifo_full,,,,,,,,,,,,,,,,,,,,,,,,,,,,,,,,,,,,,,,,,,,,,,,,,,,,,,,,,,,,,,,,,,,,
rsg_object_detection,dropped_oldest,2059,rsg_20260806_137_654899999_002059,dropped,True,fifo_cached_frame,1551,185,0,1364,185,0,1,0.0,39.48196099372581,frame_fifo_full,,,,,,,,,,,,,,,,,,,,,,,,,,,,,,,,,,,,,,,,,,,,,,,,,,,,,,,,,,,,,,,,,,,,
rsg_object_detection,dropped_oldest,2060,rsg_20260806_137_704900000_002060,dropped,True,fifo_cached_frame,1552,185,0,1365,185,0,1,0.0,152.47307700337842,frame_fifo_full,,,,,,,,,,,,,,,,,,,,,,,,,,,,,,,,,,,,,,,,,,,,,,,,,,,,,,,,,,,,,,,,,,,,
rsg_object_detection,dropped_oldest,2061,rsg_20260806_137_854899999_002061,dropped,True,fifo_cached_frame,1553,185,0,1366,185,0,1,0.0,57.100956997601315,frame_fifo_full,,,,,,,,,,,,,,,,,,,,,,,,,,,,,,,,,,,,,,,,,,,,,,,,,,,,,,,,,,,,,,,,,,,,
rsg_object_detection,dropped_oldest,2062,rsg_20260806_137_904899999_002062,dropped,True,fifo_cached_frame,1554,185,0,1367,185,0,1,0.0,101.42818800522946,frame_fifo_full,,,,,,,,,,,,,,,,,,,,,,,,,,,,,,,,,,,,,,,,,,,,,,,,,,,,,,,,,,,,,,,,,,,,
rsg_object_detection,dropped_oldest,2063,rsg_20260806_138_004899999_002063,dropped,True,fifo_cached_frame,1555,185,0,1368,185,0,1,0.0,43.31873399496544,frame_fifo_full,,,,,,,,,,,,,,,,,,,,,,,,,,,,,,,,,,,,,,,,,,,,,,,,,,,,,,,,,,,,,,,,,,,,
rsg_object_detection,frame_trace,2057,rsg_20260806_137_504899999_002057,sent_to_hydra,,,,,,,,,,,531.8197000015061,ok,14.950397002394311,488.53911001060624,26.969286001985893,0.11459000234026462,26.854695999645628,0.0021439918782562017,1.1086229933425784,0.2559009881224483,296.47888999897987,22.7767420001328,0.007808004738762975,319.5193409919739,97.24841199931689,31.415138000738807,5.383949974202551,37.575398993794806,22.10151897452306,40.99649700219743,29.151558002922684,1.0457441239850596,13.320626225322485,6.547547105583362,4.221542098093778,7.486574002541602,2.7365339919924736,1.4015789929544553,404.0,64.0,0.005823996616527438,0.011936004739254713,3.041265008505434,0.8980030252132565,0.3197709593223408,1.4892900071572512,0.2554199891164899,0.004511995939537883,144.27131300908513,2.5467770028626546,0.20844499522354454,20.833956004935317,0.050655013183131814,10.033672006102279,9.304051010985859,0.1226539898198098,0.6069670052966103,4.163297009654343,0.7476360042346641,0.005791982403025031,1.3587629946414381,7,0,6,0,0,,,,,,,,,,,,,,
rsg_object_detection,dropped_oldest,2065,rsg_20260806_138_204900000_002065,dropped,True,fifo_cached_frame,1557,186,0,1369,186,0,1,0.0,52.98191499605309,frame_fifo_full,,,,,,,,,,,,,,,,,,,,,,,,,,,,,,,,,,,,,,,,,,,,,,,,,,,,,,,,,,,,,,,,,,,,
rsg_object_detection,dropped_oldest,2066,rsg_20260806_138_254899999_002066,dropped,True,fifo_cached_frame,1558,186,0,1370,186,0,1,0.0,100.46148199762683,frame_fifo_full,,,,,,,,,,,,,,,,,,,,,,,,,,,,,,,,,,,,,,,,,,,,,,,,,,,,,,,,,,,,,,,,,,,,
rsg_object_detection,dropped_oldest,2067,rsg_20260806_138_354899999_002067,dropped,True,fifo_cached_frame,1559,186,0,1371,186,0,1,0.0,63.780215990846045,frame_fifo_full,,,,,,,,,,,,,,,,,,,,,,,,,,,,,,,,,,,,,,,,,,,,,,,,,,,,,,,,,,,,,,,,,,,,
rsg_object_detection,dropped_oldest,2068,rsg_20260806_138_404899999_002068,dropped,True,fifo_cached_frame,1560,186,0,1372,186,0,1,0.0,137.7754129935056,frame_fifo_full,,,,,,,,,,,,,,,,,,,,,,,,,,,,,,,,,,,,,,,,,,,,,,,,,,,,,,,,,,,,,,,,,,,,
rsg_object_detection,dropped_oldest,2069,rsg_20260806_138_454900000_002069,dropped,True,fifo_cached_frame,1561,186,0,1373,186,0,1,0.0,9.31477099948097,frame_fifo_full,,,,,,,,,,,,,,,,,,,,,,,,,,,,,,,,,,,,,,,,,,,,,,,,,,,,,,,,,,,,,,,,,,,,
rsg_object_detection,frame_trace,2064,rsg_20260806_138_054900000_002064,sent_to_hydra,,,,,,,,,,,559.6380310016684,ok,11.114966997411102,522.7780470013386,24.168785006622784,0.15212500875350088,24.016659997869283,0.0014399993233382702,1.687366995611228,0.2669720124686137,291.01484500279184,22.245806001592427,0.007743990863673389,313.53536700771656,108.81204401084688,21.878356987144798,8.715196992852725,60.646471989457496,16.88105500943493,59.71397399844136,45.95885399612598,17.096738956752233,14.455233947956003,6.722772042849101,3.8350140675902367,4.547450997051783,7.535501994425431,1.6170640010386705,461.0,66.0,0.004863992216996849,0.015008015907369554,3.837156997178681,4.923795000649989,0.3762849955819547,1.5088410000316799,0.552151002921164,0.0053440016927197576,179.75029499211814,4.87192599393893,0.15225399693008512,22.73616699676495,0.04467101825866848,6.182722005178221,5.599946991424076,0.09183899965137243,0.4909360141027719,4.155297006946057,0.7726920011918992,0.004255984094925225,1.5747919969726354,8,0,8,0,0,,,,,,,,,,,,,,
rsg_object_detection,dropped_oldest,2071,rsg_20260806_138_654899999_002071,dropped,True,fifo_cached_frame,1563,187,0,1374,187,0,1,0.0,97.4848240002757,frame_fifo_full,,,,,,,,,,,,,,,,,,,,,,,,,,,,,,,,,,,,,,,,,,,,,,,,,,,,,,,,,,,,,,,,,,,,
rsg_object_detection,dropped_oldest,2072,rsg_20260806_138_754899999_002072,dropped,True,fifo_cached_frame,1564,187,0,1375,187,0,1,0.0,105.82492100365926,frame_fifo_full,,,,,,,,,,,,,,,,,,,,,,,,,,,,,,,,,,,,,,,,,,,,,,,,,,,,,,,,,,,,,,,,,,,,
rsg_object_detection,dropped_oldest,2073,rsg_20260806_138_854899999_002073,dropped,True,fifo_cached_frame,1565,187,0,1376,187,0,1,0.0,46.7820740013849,frame_fifo_full,,,,,,,,,,,,,,,,,,,,,,,,,,,,,,,,,,,,,,,,,,,,,,,,,,,,,,,,,,,,,,,,,,,,
rsg_object_detection,dropped_oldest,2074,rsg_20260806_138_904899999_002074,dropped,True,fifo_cached_frame,1566,187,0,1377,187,0,1,0.0,116.88533000415191,frame_fifo_full,,,,,,,,,,,,,,,,,,,,,,,,,,,,,,,,,,,,,,,,,,,,,,,,,,,,,,,,,,,,,,,,,,,,
rsg_object_detection,dropped_oldest,2075,rsg_20260806_139_004899999_002075,dropped,True,fifo_cached_frame,1567,187,0,1378,187,0,1,0.0,48.56803099391982,frame_fifo_full,,,,,,,,,,,,,,,,,,,,,,,,,,,,,,,,,,,,,,,,,,,,,,,,,,,,,,,,,,,,,,,,,,,,
rsg_object_detection,dropped_oldest,2076,rsg_20260806_139_054900000_002076,dropped,True,fifo_cached_frame,1568,187,0,1379,187,0,1,0.0,140.71540000441018,frame_fifo_full,,,,,,,,,,,,,,,,,,,,,,,,,,,,,,,,,,,,,,,,,,,,,,,,,,,,,,,,,,,,,,,,,,,,
rsg_object_detection,frame_trace,2070,rsg_20260806_138_554900000_002070,sent_to_hydra,,,,,,,,,,,651.5568280010484,ok,12.842493000789545,575.1598119968548,62.44714799686335,0.13586999557446688,62.31127800128888,0.0018559949239715934,1.356138993287459,0.28050800028722733,318.3033279929077,21.667798995622434,0.006784015567973256,340.25841900438536,151.03332203580067,34.98868401220534,19.83345799089875,58.30074597906787,36.72683400509413,57.9114410065813,45.52478100231383,1.7475200147600845,22.549193861777894,8.81056286743842,5.549637149670161,4.548826997051947,5.8223110099788755,1.4937380037736148,484.0,70.0,0.005632013198919594,0.009952011168934405,2.416859002551064,0.526998977875337,0.30377297662198544,1.1015830095857382,0.2749720006249845,0.005215988494455814,213.59182900050655,2.1679990022676066,0.15657399490009993,17.587252994417213,0.04159900709055364,8.762746991124004,8.153508009854704,0.0941749894991517,0.5150639917701483,3.524075000314042,0.5498790123965591,0.0057919969549402595,1.1055190116167068,8,0,5,0,0,,,,,,,,,,,,,,
rsg_object_detection,dropped_oldest,2078,rsg_20260806_139_254899999_002078,dropped,True,fifo_cached_frame,1570,188,0,1380,188,0,1,0.0,90.30765299394261,frame_fifo_full,,,,,,,,,,,,,,,,,,,,,,,,,,,,,,,,,,,,,,,,,,,,,,,,,,,,,,,,,,,,,,,,,,,,
rsg_object_detection,dropped_oldest,2079,rsg_20260806_139_354899999_002079,dropped,True,fifo_cached_frame,1571,188,0,1381,188,0,1,0.0,50.970330004929565,frame_fifo_full,,,,,,,,,,,,,,,,,,,,,,,,,,,,,,,,,,,,,,,,,,,,,,,,,,,,,,,,,,,,,,,,,,,,
rsg_object_detection,dropped_oldest,2080,rsg_20260806_139_404899999_002080,dropped,True,fifo_cached_frame,1572,188,0,1382,188,0,1,0.0,53.25602300581522,frame_fifo_full,,,,,,,,,,,,,,,,,,,,,,,,,,,,,,,,,,,,,,,,,,,,,,,,,,,,,,,,,,,,,,,,,,,,
rsg_object_detection,dropped_oldest,2081,rsg_20260806_139_454900000_002081,dropped,True,fifo_cached_frame,1573,188,0,1383,188,0,1,0.0,48.76802799117286,frame_fifo_full,,,,,,,,,,,,,,,,,,,,,,,,,,,,,,,,,,,,,,,,,,,,,,,,,,,,,,,,,,,,,,,,,,,,
rsg_object_detection,dropped_oldest,2082,rsg_20260806_139_504899999_002082,dropped,True,fifo_cached_frame,1574,188,0,1384,188,0,1,0.0,71.16336800390854,frame_fifo_full,,,,,,,,,,,,,,,,,,,,,,,,,,,,,,,,,,,,,,,,,,,,,,,,,,,,,,,,,,,,,,,,,,,,
rsg_object_detection,dropped_oldest,2083,rsg_20260806_139_554900000_002083,dropped,True,fifo_cached_frame,1575,188,0,1385,188,0,1,0.0,144.13899699866306,frame_fifo_full,,,,,,,,,,,,,,,,,,,,,,,,,,,,,,,,,,,,,,,,,,,,,,,,,,,,,,,,,,,,,,,,,,,,
rsg_object_detection,frame_trace,2077,rsg_20260806_139_204900000_002077,sent_to_hydra,,,,,,,,,,,524.7133800003212,ok,10.883258990361355,493.9595100004226,18.386761003057472,0.1380460016662255,18.248715001391247,0.002015993231907487,1.0416159930173308,0.19481299386825413,281.14827700483147,21.134943002834916,0.006432004738599062,302.48446500627324,93.63557100004982,17.33928699104581,10.86690700321924,38.65708000375889,26.061876997118816,59.27596500259824,50.719614009722136,2.063073989120312,32.48975602036808,7.416621025186032,4.080673912540078,3.4139650088036433,3.364044998306781,1.572808003402315,486.0,70.0,0.004896006430499256,0.013536016922444105,3.617928974563256,0.6843089940957725,0.33977002021856606,1.5355290088336915,0.5159919965080917,0.0045439956011250615,159.63386499788612,5.602346995146945,0.21554800332523882,24.941637995652854,0.040031009120866656,6.128290988272056,5.558571996516548,0.09273499017581344,0.47698400157969445,4.067650006618351,0.6827420002082363,0.00457599526271224,1.4818340132478625,8,0,7,0,0,,,,,,,,,,,,,,
rsg_object_detection,dropped_oldest,2085,rsg_20260806_139_754899999_002085,dropped,True,fifo_cached_frame,1577,189,0,1386,189,0,1,0.0,97.83345900359564,frame_fifo_full,,,,,,,,,,,,,,,,,,,,,,,,,,,,,,,,,,,,,,,,,,,,,,,,,,,,,,,,,,,,,,,,,,,,
rsg_object_detection,dropped_oldest,2086,rsg_20260806_139_854899999_002086,dropped,True,fifo_cached_frame,1578,189,0,1387,189,0,1,0.0,49.394225992728025,frame_fifo_full,,,,,,,,,,,,,,,,,,,,,,,,,,,,,,,,,,,,,,,,,,,,,,,,,,,,,,,,,,,,,,,,,,,,
rsg_object_detection,dropped_oldest,2087,rsg_20260806_139_904899999_002087,dropped,True,fifo_cached_frame,1579,189,0,1388,189,0,1,0.0,52.99225200724322,frame_fifo_full,,,,,,,,,,,,,,,,,,,,,,,,,,,,,,,,,,,,,,,,,,,,,,,,,,,,,,,,,,,,,,,,,,,,
rsg_object_detection,dropped_oldest,2088,rsg_20260806_139_954900000_002088,dropped,True,fifo_cached_frame,1580,189,0,1389,189,0,1,0.0,101.645657006884,frame_fifo_full,,,,,,,,,,,,,,,,,,,,,,,,,,,,,,,,,,,,,,,,,,,,,,,,,,,,,,,,,,,,,,,,,,,,
rsg_object_detection,dropped_oldest,2089,rsg_20260806_140_054900000_002089,dropped,True,fifo_cached_frame,1581,189,0,1390,189,0,1,0.0,59.26543701207265,frame_fifo_full,,,,,,,,,,,,,,,,,,,,,,,,,,,,,,,,,,,,,,,,,,,,,,,,,,,,,,,,,,,,,,,,,,,,
rsg_object_detection,dropped_oldest,2090,rsg_20260806_140_104899999_002090,dropped,True,fifo_cached_frame,1582,189,0,1391,189,0,1,0.0,77.97769700118806,frame_fifo_full,,,,,,,,,,,,,,,,,,,,,,,,,,,,,,,,,,,,,,,,,,,,,,,,,,,,,,,,,,,,,,,,,,,,
rsg_object_detection,dropped_oldest,2091,rsg_20260806_140_154899999_002091,dropped,True,fifo_cached_frame,1583,189,0,1392,189,0,1,0.0,8.060837993980385,frame_fifo_full,,,,,,,,,,,,,,,,,,,,,,,,,,,,,,,,,,,,,,,,,,,,,,,,,,,,,,,,,,,,,,,,,,,,
rsg_object_detection,dropped_oldest,2092,rsg_20260806_140_204900000_002092,dropped,True,fifo_cached_frame,1584,189,0,1393,189,0,1,0.0,54.64390599809121,frame_fifo_full,,,,,,,,,,,,,,,,,,,,,,,,,,,,,,,,,,,,,,,,,,,,,,,,,,,,,,,,,,,,,,,,,,,,
rsg_object_detection,frame_trace,2084,rsg_20260806_139_704900000_002084,sent_to_hydra,,,,,,,,,,,544.8702580033569,ok,12.585249001858756,501.43296500027645,28.863402010756545,0.17910099995788187,28.684301010798663,0.004064000677317381,2.4464590096613392,3.7301830016076565,291.89742599555757,29.48102400114294,0.008319999324157834,325.1169529976323,65.20755399833433,17.998191993683577,4.616535981767811,29.378947016084567,12.488161999499425,64.78832899301779,47.338129006675445,2.2140418586786836,15.6898629211355,18.049420235911384,6.217846093932167,8.535486995242536,6.7896569962613285,2.072703995509073,674.0,258.0,0.005151989171281457,0.015839992556720972,4.227040000841953,1.2378680112306029,0.40181899385061115,1.5360719989985228,0.5543280130950734,0.004864006768912077,137.9804019961739,6.620635002036579,0.16265400336124003,29.058726999210194,0.04713499220088124,8.259586989879608,7.625772006576881,0.10505400132387877,0.5287609819788486,3.4925229992950335,0.828147996799089,0.004991015885025263,1.9845779897877946,8,0,8,0,0,,,,,,,,,,,,,,
rsg_object_detection,dropped_oldest,2094,rsg_20260806_140_354899999_002094,dropped,True,fifo_cached_frame,1586,190,0,1394,190,0,1,0.0,38.97422399313655,frame_fifo_full,,,,,,,,,,,,,,,,,,,,,,,,,,,,,,,,,,,,,,,,,,,,,,,,,,,,,,,,,,,,,,,,,,,,
rsg_object_detection,dropped_oldest,2095,rsg_20260806_140_404899999_002095,dropped,True,fifo_cached_frame,1587,190,0,1395,190,0,1,0.0,54.251495996140875,frame_fifo_full,,,,,,,,,,,,,,,,,,,,,,,,,,,,,,,,,,,,,,,,,,,,,,,,,,,,,,,,,,,,,,,,,,,,
rsg_object_detection,,455,rsg_20260806_37_204880000_000455,vlm_done,,,,,,,,,,,,ok,,,,,,,,,,,,,,,,,,,,,,,,,,,,,,,,,,,,,,,,,,,,,,,,,,,,,,,rsg_obj_000049,rsg_unknown_rsg_20260806_37_204880000_000455_004_nanosam_001,,,3,0.5141272999799076,ceiling_light,0.95,static,0.99,4964.202319999458,98401.4873230044,qwen_http,Qwen3-VL-8B-Instruct-GGUF
rsg_object_detection,completed,455,rsg_20260806_37_204880000_000455,,,,,,,,,,,93437.28340299276,,vlm_done,,,,,,,,,,,,,,,,,,,,,,,,,,,,,,,,,,,,,,,,,,,,,,,,,,,,,,,rsg_obj_000049,rsg_unknown_rsg_20260806_37_204880000_000455_004_nanosam_001,69,300,3,0.5141272999799076,,,,,,,,
rsg_object_detection,dropped_oldest,2096,rsg_20260806_140_454900000_002096,dropped,True,fifo_cached_frame,1588,190,0,1396,190,0,1,0.0,49.49931299779564,frame_fifo_full,,,,,,,,,,,,,,,,,,,,,,,,,,,,,,,,,,,,,,,,,,,,,,,,,,,,,,,,,,,,,,,,,,,,
rsg_object_detection,dropped_oldest,2097,rsg_20260806_140_504899999_002097,dropped,True,fifo_cached_frame,1589,190,0,1397,190,0,1,0.0,46.79916200984735,frame_fifo_full,,,,,,,,,,,,,,,,,,,,,,,,,,,,,,,,,,,,,,,,,,,,,,,,,,,,,,,,,,,,,,,,,,,,
rsg_object_detection,dropped_oldest,2098,rsg_20260806_140_554900000_002098,dropped,True,fifo_cached_frame,1590,190,0,1398,190,0,1,0.0,65.81519400060643,frame_fifo_full,,,,,,,,,,,,,,,,,,,,,,,,,,,,,,,,,,,,,,,,,,,,,,,,,,,,,,,,,,,,,,,,,,,,
rsg_object_detection,dequeued,515,rsg_20260806_40_804879999_000515,,,,,,,,,,,76710.28468199074,,fifo_order,,,,,,,,,,,,,,,,,,,,,,,,,,,,,,,,,,,,,,,,,,,,,,,,,,,,,,,rsg_obj_000053,rsg_unknown_rsg_20260806_40_804879999_000515_007_nanosam_003,68,300,5,0.761741120474458,,,,,,,,
rsg_object_detection,dropped_oldest,2099,rsg_20260806_140_604899999_002099,dropped,True,fifo_cached_frame,1591,190,0,1399,190,0,1,0.0,49.71166199538857,frame_fifo_full,,,,,,,,,,,,,,,,,,,,,,,,,,,,,,,,,,,,,,,,,,,,,,,,,,,,,,,,,,,,,,,,,,,,
rsg_object_detection,dropped_oldest,2100,rsg_20260806_140_654899999_002100,dropped,True,fifo_cached_frame,1592,190,0,1400,190,0,1,0.0,35.238473006756976,frame_fifo_full,,,,,,,,,,,,,,,,,,,,,,,,,,,,,,,,,,,,,,,,,,,,,,,,,,,,,,,,,,,,,,,,,,,,
rsg_object_detection,dropped_oldest,2101,rsg_20260806_140_704900000_002101,dropped,True,fifo_cached_frame,1593,190,0,1401,190,0,1,0.0,51.11871300323401,frame_fifo_full,,,,,,,,,,,,,,,,,,,,,,,,,,,,,,,,,,,,,,,,,,,,,,,,,,,,,,,,,,,,,,,,,,,,
rsg_object_detection,frame_trace,2093,rsg_20260806_140_254899999_002093,sent_to_hydra,,,,,,,,,,,504.85604999994393,ok,16.78822500980459,458.38347599783447,27.753049987950362,0.12898999557364732,27.624059992376715,0.005408001015894115,1.3745399919571355,1.0968150018015876,259.1648990055546,22.12424000026658,0.007743990863673389,282.39369799848646,81.99849996890407,30.159351008478552,5.880937009351328,14.550177031196654,30.54676900501363,56.13370900391601,41.5121379919583,1.8732580356299877,15.204392955638468,13.166040836949833,5.7854580954881385,4.972852999344468,7.540492995758541,2.061409002635628,668.0,260.0,0.004991990863345563,0.014559016562998295,3.4785069728968665,0.606326007982716,0.34505104122217745,1.4232109970180318,0.5303280049702153,0.0036800047382712364,144.54049500636756,3.7347269972087815,0.1478060003137216,26.132819009944797,0.05939099355600774,12.658880004892126,12.072329001966864,0.08530999184586108,0.5012410110794008,3.3957239938899875,0.7281170110218227,0.005504000000655651,1.92589100333862,8,0,8,0,0,,,,,,,,,,,,,,
rsg_object_detection,dropped_oldest,2103,rsg_20260806_140_804900000_002103,dropped,True,fifo_cached_frame,1595,191,0,1402,191,0,1,0.0,49.23298099311069,frame_fifo_full,,,,,,,,,,,,,,,,,,,,,,,,,,,,,,,,,,,,,,,,,,,,,,,,,,,,,,,,,,,,,,,,,,,,
rsg_object_detection,dropped_oldest,2104,rsg_20260806_140_854899999_002104,dropped,True,fifo_cached_frame,1596,191,0,1403,191,0,1,0.0,46.29184099030681,frame_fifo_full,,,,,,,,,,,,,,,,,,,,,,,,,,,,,,,,,,,,,,,,,,,,,,,,,,,,,,,,,,,,,,,,,,,,
rsg_object_detection,dropped_oldest,2105,rsg_20260806_140_904899999_002105,dropped,True,fifo_cached_frame,1597,191,0,1404,191,0,1,0.0,53.285271002096124,frame_fifo_full,,,,,,,,,,,,,,,,,,,,,,,,,,,,,,,,,,,,,,,,,,,,,,,,,,,,,,,,,,,,,,,,,,,,
rsg_object_detection,dropped_oldest,2106,rsg_20260806_140_954900000_002106,dropped,True,fifo_cached_frame,1598,191,0,1405,191,0,1,0.0,52.46154000633396,frame_fifo_full,,,,,,,,,,,,,,,,,,,,,,,,,,,,,,,,,,,,,,,,,,,,,,,,,,,,,,,,,,,,,,,,,,,,
rsg_object_detection,dropped_oldest,2107,rsg_20260806_141_004899999_002107,dropped,True,fifo_cached_frame,1599,191,0,1406,191,0,1,0.0,59.5186489954358,frame_fifo_full,,,,,,,,,,,,,,,,,,,,,,,,,,,,,,,,,,,,,,,,,,,,,,,,,,,,,,,,,,,,,,,,,,,,
rsg_object_detection,dropped_oldest,2108,rsg_20260806_141_054900000_002108,dropped,True,fifo_cached_frame,1600,191,0,1407,191,0,1,0.0,109.26723800366744,frame_fifo_full,,,,,,,,,,,,,,,,,,,,,,,,,,,,,,,,,,,,,,,,,,,,,,,,,,,,,,,,,,,,,,,,,,,,
rsg_object_detection,dropped_oldest,2109,rsg_20260806_141_154899999_002109,dropped,True,fifo_cached_frame,1601,191,0,1408,191,0,1,0.0,55.32412001048215,frame_fifo_full,,,,,,,,,,,,,,,,,,,,,,,,,,,,,,,,,,,,,,,,,,,,,,,,,,,,,,,,,,,,,,,,,,,,
rsg_object_detection,dropped_oldest,2110,rsg_20260806_141_204900000_002110,dropped,True,fifo_cached_frame,1602,191,0,1409,191,0,1,0.0,21.44911499635782,frame_fifo_full,,,,,,,,,,,,,,,,,,,,,,,,,,,,,,,,,,,,,,,,,,,,,,,,,,,,,,,,,,,,,,,,,,,,
rsg_object_detection,dropped_oldest,2111,rsg_20260806_141_254899999_002111,dropped,True,fifo_cached_frame,1603,191,0,1410,192,0,1,0.0,64.54833300085738,frame_fifo_full,,,,,,,,,,,,,,,,,,,,,,,,,,,,,,,,,,,,,,,,,,,,,,,,,,,,,,,,,,,,,,,,,,,,
rsg_object_detection,frame_trace,2102,rsg_20260806_140_754899999_002102,sent_to_hydra,,,,,,,,,,,544.550424994668,ok,11.909676002687775,504.3350340129109,26.32737699605059,0.1439339976059273,26.18344299844466,0.0031999952625483274,1.3834670098731294,0.20822000806219876,325.5320199968992,20.819012002903037,0.007583992555737495,346.56683600042015,55.22559498785995,20.038830014527775,4.208670972730033,19.370618974789977,10.99864901334513,57.154876994900405,45.367758997599594,2.2401282913051546,17.16710306936875,14.267429214669392,6.631896700127982,6.580765009857714,2.948084002127871,2.199134003603831,680.0,260.0,0.003968001692555845,0.01705599424894899,4.094626012374647,2.701781995710917,0.4026500100735575,1.3756279950030148,0.47388000530190766,0.0042560131987556815,121.45316500391345,8.949208000558428,0.14329400437418371,25.789368999539874,0.049694994231685996,5.582476005656645,4.895125995972194,0.1243820006493479,0.562968009035103,5.608553998172283,0.713845991413109,0.0048000074457377195,1.9751379877561703,8,0,8,0,0,,,,,,,,,,,,,,
rsg_object_detection,dropped_oldest,2113,rsg_20260806_141_354899999_002113,dropped,True,fifo_cached_frame,1605,192,0,1411,192,0,1,0.0,51.46363499807194,frame_fifo_full,,,,,,,,,,,,,,,,,,,,,,,,,,,,,,,,,,,,,,,,,,,,,,,,,,,,,,,,,,,,,,,,,,,,
rsg_object_detection,dropped_oldest,2114,rsg_20260806_141_404899999_002114,dropped,True,fifo_cached_frame,1606,192,0,1412,192,0,1,0.0,50.079079999704845,frame_fifo_full,,,,,,,,,,,,,,,,,,,,,,,,,,,,,,,,,,,,,,,,,,,,,,,,,,,,,,,,,,,,,,,,,,,,
rsg_object_detection,dropped_oldest,2115,rsg_20260806_141_454900000_002115,dropped,True,fifo_cached_frame,1607,192,0,1413,192,0,1,0.0,49.510801007272676,frame_fifo_full,,,,,,,,,,,,,,,,,,,,,,,,,,,,,,,,,,,,,,,,,,,,,,,,,,,,,,,,,,,,,,,,,,,,
rsg_object_detection,dropped_oldest,2116,rsg_20260806_141_504899999_002116,dropped,True,fifo_cached_frame,1608,192,0,1414,192,0,1,0.0,53.158873997745104,frame_fifo_full,,,,,,,,,,,,,,,,,,,,,,,,,,,,,,,,,,,,,,,,,,,,,,,,,,,,,,,,,,,,,,,,,,,,
rsg_object_detection,dropped_oldest,2117,rsg_20260806_141_554900000_002117,dropped,True,fifo_cached_frame,1609,192,0,1415,192,0,1,0.0,46.411999996053055,frame_fifo_full,,,,,,,,,,,,,,,,,,,,,,,,,,,,,,,,,,,,,,,,,,,,,,,,,,,,,,,,,,,,,,,,,,,,
rsg_object_detection,dropped_oldest,2118,rsg_20260806_141_604899999_002118,dropped,True,fifo_cached_frame,1610,192,0,1416,192,0,1,0.0,72.03810699866153,frame_fifo_full,,,,,,,,,,,,,,,,,,,,,,,,,,,,,,,,,,,,,,,,,,,,,,,,,,,,,,,,,,,,,,,,,,,,
rsg_object_detection,dropped_oldest,2119,rsg_20260806_141_654899999_002119,dropped,True,fifo_cached_frame,1611,192,0,1417,192,0,1,0.0,50.54742500942666,frame_fifo_full,,,,,,,,,,,,,,,,,,,,,,,,,,,,,,,,,,,,,,,,,,,,,,,,,,,,,,,,,,,,,,,,,,,,
rsg_object_detection,dropped_oldest,2120,rsg_20260806_141_704900000_002120,dropped,True,fifo_cached_frame,1612,192,0,1418,192,0,1,0.0,34.02127599110827,frame_fifo_full,,,,,,,,,,,,,,,,,,,,,,,,,,,,,,,,,,,,,,,,,,,,,,,,,,,,,,,,,,,,,,,,,,,,
rsg_object_detection,dropped_oldest,2121,rsg_20260806_141_754899999_002121,dropped,True,fifo_cached_frame,1613,192,0,1419,192,0,1,0.0,44.609723991015926,frame_fifo_full,,,,,,,,,,,,,,,,,,,,,,,,,,,,,,,,,,,,,,,,,,,,,,,,,,,,,,,,,,,,,,,,,,,,
rsg_object_detection,frame_trace,2112,rsg_20260806_141_304900000_002112,sent_to_hydra,,,,,,,,,,,496.129049002775,ok,13.205272000050172,476.4325149881188,4.511676001129672,0.15234999591484666,4.359326005214825,0.0025600020308047533,2.19068699516356,1.0549600119702518,295.9859419934219,16.18183399841655,0.006910995580255985,313.22964699938893,45.780200976878405,20.380650021252222,3.184560002409853,12.756510986946523,8.84370700805448,69.35680400056299,56.64570099906996,2.1058276761323214,15.036413911730051,9.041881130542606,21.98285893246066,6.26499300415162,3.420523993554525,2.966643005493097,687.0,261.0,0.004671994247473776,0.018207982066087425,8.575710031436756,1.4436270284932107,0.4181049589533359,1.6412229888373986,0.4634810029529035,0.004128000000491738,127.70411100063939,3.8806450029369444,0.14566199388355017,29.23910900426563,0.04265399184077978,8.386272995267063,7.74423401162494,0.09778999083209783,0.5442489928100258,4.128640997805633,0.686005994793959,0.004352012183517218,1.9770260114455596,8,0,8,0,0,,,,,,,,,,,,,,
rsg_object_detection,dropped_oldest,2123,rsg_20260806_141_854899999_002123,dropped,True,fifo_cached_frame,1615,193,0,1420,193,0,1,0.0,39.241965001565404,frame_fifo_full,,,,,,,,,,,,,,,,,,,,,,,,,,,,,,,,,,,,,,,,,,,,,,,,,,,,,,,,,,,,,,,,,,,,
rsg_object_detection,dropped_oldest,2124,rsg_20260806_141_904899999_002124,dropped,True,fifo_cached_frame,1616,193,0,1421,193,0,1,0.0,51.55208200449124,frame_fifo_full,,,,,,,,,,,,,,,,,,,,,,,,,,,,,,,,,,,,,,,,,,,,,,,,,,,,,,,,,,,,,,,,,,,,
rsg_object_detection,dropped_oldest,2125,rsg_20260806_141_954900000_002125,dropped,True,fifo_cached_frame,1617,193,0,1422,193,0,1,0.0,55.557140993187204,frame_fifo_full,,,,,,,,,,,,,,,,,,,,,,,,,,,,,,,,,,,,,,,,,,,,,,,,,,,,,,,,,,,,,,,,,,,,
rsg_object_detection,dropped_oldest,2126,rsg_20260806_142_004899999_002126,dropped,True,fifo_cached_frame,1618,193,0,1423,193,0,1,0.0,46.46969500754494,frame_fifo_full,,,,,,,,,,,,,,,,,,,,,,,,,,,,,,,,,,,,,,,,,,,,,,,,,,,,,,,,,,,,,,,,,,,,
rsg_object_detection,dropped_oldest,2127,rsg_20260806_142_054900000_002127,dropped,True,fifo_cached_frame,1619,193,0,1424,193,0,1,0.0,48.60185500001535,frame_fifo_full,,,,,,,,,,,,,,,,,,,,,,,,,,,,,,,,,,,,,,,,,,,,,,,,,,,,,,,,,,,,,,,,,,,,
rsg_object_detection,dropped_oldest,2128,rsg_20260806_142_104899999_002128,dropped,True,fifo_cached_frame,1620,193,0,1425,193,0,1,0.0,74.38837600057013,frame_fifo_full,,,,,,,,,,,,,,,,,,,,,,,,,,,,,,,,,,,,,,,,,,,,,,,,,,,,,,,,,,,,,,,,,,,,
rsg_object_detection,dropped_oldest,2129,rsg_20260806_142_154899999_002129,dropped,True,fifo_cached_frame,1621,193,0,1426,193,0,1,0.0,33.61264200066216,frame_fifo_full,,,,,,,,,,,,,,,,,,,,,,,,,,,,,,,,,,,,,,,,,,,,,,,,,,,,,,,,,,,,,,,,,,,,
rsg_object_detection,dropped_oldest,2130,rsg_20260806_142_204900000_002130,dropped,True,fifo_cached_frame,1622,193,0,1427,193,0,1,0.0,72.68782499886584,frame_fifo_full,,,,,,,,,,,,,,,,,,,,,,,,,,,,,,,,,,,,,,,,,,,,,,,,,,,,,,,,,,,,,,,,,,,,
rsg_object_detection,dropped_oldest,2131,rsg_20260806_142_254899999_002131,dropped,True,fifo_cached_frame,1623,193,0,1428,193,0,1,0.0,22.452555989730172,frame_fifo_full,,,,,,,,,,,,,,,,,,,,,,,,,,,,,,,,,,,,,,,,,,,,,,,,,,,,,,,,,,,,,,,,,,,,
rsg_object_detection,frame_trace,2122,rsg_20260806_141_804900000_002122,sent_to_hydra,,,,,,,,,,,542.979218007531,ok,10.657406004611403,502.32572299137246,28.297683005803265,0.1484460080973804,28.149236997705884,0.002368004061281681,2.1189760009292513,0.640437996480614,285.30331900401507,18.057421999401413,0.007615992217324674,304.0087949921144,88.92073102470022,23.518267014878802,3.9692190039204434,48.15568601770792,12.623457005247474,69.33974799176212,54.051883998909034,1.4519218675559387,34.70010576711502,8.511640800861642,4.342883097706363,7.742346002487466,5.659305999870412,1.8303399992873892,517.0,76.0,0.005120004061609507,0.015040015568956733,4.352381991338916,1.2855799723183736,0.35493902396410704,1.4846490084892139,0.2795160107780248,0.0053440016927197576,166.04087299492676,6.744953992892988,0.1497570046922192,23.217663998366334,0.04470400745049119,4.920373001368716,4.320798005210236,0.0981110060820356,0.501463990076445,3.510378999635577,2.2198379883775488,0.006816015229560435,1.6960380016826093,8,0,8,0,0,,,,,,,,,,,,,,
rsg_object_detection,dropped_oldest,2133,rsg_20260806_142_404899999_002133,dropped,True,fifo_cached_frame,1625,194,0,1429,194,0,1,0.0,48.48422500072047,frame_fifo_full,,,,,,,,,,,,,,,,,,,,,,,,,,,,,,,,,,,,,,,,,,,,,,,,,,,,,,,,,,,,,,,,,,,,
rsg_object_detection,dropped_oldest,2134,rsg_20260806_142_454900000_002134,dropped,True,fifo_cached_frame,1626,194,0,1430,194,0,1,0.0,48.01636000047438,frame_fifo_full,,,,,,,,,,,,,,,,,,,,,,,,,,,,,,,,,,,,,,,,,,,,,,,,,,,,,,,,,,,,,,,,,,,,
rsg_object_detection,dropped_oldest,2135,rsg_20260806_142_504899999_002135,dropped,True,fifo_cached_frame,1627,194,0,1431,194,0,1,0.0,54.13975499686785,frame_fifo_full,,,,,,,,,,,,,,,,,,,,,,,,,,,,,,,,,,,,,,,,,,,,,,,,,,,,,,,,,,,,,,,,,,,,
rsg_object_detection,dropped_oldest,2136,rsg_20260806_142_554900000_002136,dropped,True,fifo_cached_frame,1628,194,0,1432,194,0,1,0.0,100.05688200180884,frame_fifo_full,,,,,,,,,,,,,,,,,,,,,,,,,,,,,,,,,,,,,,,,,,,,,,,,,,,,,,,,,,,,,,,,,,,,
rsg_object_detection,dropped_oldest,2137,rsg_20260806_142_654899999_002137,dropped,True,fifo_cached_frame,1629,194,0,1433,194,0,1,0.0,55.71556999348104,frame_fifo_full,,,,,,,,,,,,,,,,,,,,,,,,,,,,,,,,,,,,,,,,,,,,,,,,,,,,,,,,,,,,,,,,,,,,
rsg_object_detection,dropped_oldest,2138,rsg_20260806_142_704900000_002138,dropped,True,fifo_cached_frame,1630,194,0,1434,194,0,1,0.0,61.733944006846286,frame_fifo_full,,,,,,,,,,,,,,,,,,,,,,,,,,,,,,,,,,,,,,,,,,,,,,,,,,,,,,,,,,,,,,,,,,,,
rsg_object_detection,dropped_oldest,2139,rsg_20260806_142_754899999_002139,dropped,True,fifo_cached_frame,1631,194,0,1435,194,0,1,0.0,50.91881200496573,frame_fifo_full,,,,,,,,,,,,,,,,,,,,,,,,,,,,,,,,,,,,,,,,,,,,,,,,,,,,,,,,,,,,,,,,,,,,
rsg_object_detection,frame_trace,2132,rsg_20260806_142_304900000_002132,sent_to_hydra,,,,,,,,,,,530.5423520039767,ok,9.801707012229599,461.4835919928737,57.25967600301374,0.13826999929733574,57.1214060037164,0.003359993570484221,1.198382000438869,0.19023699860554188,284.1879130137386,24.7760729980655,0.006046990165486932,309.1602700005751,59.018400992499664,23.936723999213427,3.4854850091505796,21.275550039717928,9.655467001721263,50.53372899419628,37.36256899719592,1.6686881135683507,15.219546185107902,9.265707223676145,6.811898172600195,7.687722987611778,3.239791010855697,2.191231003962457,693.0,264.0,0.005471985787153244,0.016192003386095166,3.5852589790010825,0.7885360100772232,0.3471900272415951,1.5129370003705844,0.34149899147450924,0.005472000339068472,116.15209499723278,4.458876006538048,0.16863700875546783,30.300373007776216,0.044958971557207406,5.461068998556584,4.830711011891253,0.10876599117182195,0.5215919954935089,3.5623779986053705,0.7724360038992018,0.0058240111684426665,1.9940170022891834,8,0,8,0,0,,,,,,,,,,,,,,
rsg_object_detection,dropped_oldest,2141,rsg_20260806_142_854899999_002141,dropped,True,fifo_cached_frame,1633,195,0,1436,195,0,1,0.0,40.655415010405704,frame_fifo_full,,,,,,,,,,,,,,,,,,,,,,,,,,,,,,,,,,,,,,,,,,,,,,,,,,,,,,,,,,,,,,,,,,,,
rsg_object_detection,dropped_oldest,2142,rsg_20260806_142_904899999_002142,dropped,True,fifo_cached_frame,1634,195,0,1437,195,0,1,0.0,98.36919599911198,frame_fifo_full,,,,,,,,,,,,,,,,,,,,,,,,,,,,,,,,,,,,,,,,,,,,,,,,,,,,,,,,,,,,,,,,,,,,
rsg_object_detection,dropped_oldest,2143,rsg_20260806_143_004899999_002143,dropped,True,fifo_cached_frame,1635,195,0,1438,195,0,1,0.0,105.72332500305492,frame_fifo_full,,,,,,,,,,,,,,,,,,,,,,,,,,,,,,,,,,,,,,,,,,,,,,,,,,,,,,,,,,,,,,,,,,,,
rsg_object_detection,dropped_oldest,2144,rsg_20260806_143_104899999_002144,dropped,True,fifo_cached_frame,1636,195,0,1439,195,0,1,0.0,48.33513899939135,frame_fifo_full,,,,,,,,,,,,,,,,,,,,,,,,,,,,,,,,,,,,,,,,,,,,,,,,,,,,,,,,,,,,,,,,,,,,
rsg_object_detection,dropped_oldest,2145,rsg_20260806_143_154899999_002145,dropped,True,fifo_cached_frame,1637,195,0,1440,195,0,1,0.0,83.52830100920983,frame_fifo_full,,,,,,,,,,,,,,,,,,,,,,,,,,,,,,,,,,,,,,,,,,,,,,,,,,,,,,,,,,,,,,,,,,,,
rsg_object_detection,dropped_oldest,2146,rsg_20260806_143_204900000_002146,dropped,True,fifo_cached_frame,1638,195,0,1441,195,0,1,0.0,29.185060993768275,frame_fifo_full,,,,,,,,,,,,,,,,,,,,,,,,,,,,,,,,,,,,,,,,,,,,,,,,,,,,,,,,,,,,,,,,,,,,
rsg_object_detection,dropped_oldest,2147,rsg_20260806_143_254899999_002147,dropped,True,fifo_cached_frame,1639,195,0,1442,195,0,1,0.0,54.837217001477256,frame_fifo_full,,,,,,,,,,,,,,,,,,,,,,,,,,,,,,,,,,,,,,,,,,,,,,,,,,,,,,,,,,,,,,,,,,,,
rsg_object_detection,frame_trace,2140,rsg_20260806_142_804900000_002140,sent_to_hydra,,,,,,,,,,,508.69644299382344,ok,13.015193995670415,457.7086409990443,35.749600996496156,0.16377300198655576,35.5858279945096,0.002911998308263719,5.517612007679418,0.22889299725648016,278.6701410077512,18.113262005499564,0.007390990504063666,297.01968700101133,49.26014901138842,17.82241703767795,9.528493974357843,11.869580004713498,9.282966013415717,66.67143698723521,53.10162699606735,2.6090468891197816,19.928402951336466,17.22807378973812,7.313542111660354,8.083237000391819,3.0996650020824745,2.328317001229152,711.0,266.0,0.005504000000655651,0.01481603248976171,4.19315202452708,0.697587980539538,0.34902000334113836,1.4749539986951277,0.27628400130197406,0.005151989171281457,122.94802301039454,2.5056260055862367,0.15046099724713713,29.523873003199697,0.04335897392593324,8.521599011146463,7.844553008908406,0.11980600538663566,0.5572399968514219,3.700615998241119,0.7877000025473535,0.0052789837354794145,2.220095004304312,8,0,8,0,0,,,,,,,,,,,,,,
rsg_object_detection,dropped_oldest,2149,rsg_20260806_143_354899999_002149,dropped,True,fifo_cached_frame,1641,196,0,1443,196,0,1,0.0,43.96874099620618,frame_fifo_full,,,,,,,,,,,,,,,,,,,,,,,,,,,,,,,,,,,,,,,,,,,,,,,,,,,,,,,,,,,,,,,,,,,,
rsg_object_detection,dropped_oldest,2150,rsg_20260806_143_404899999_002150,dropped,True,fifo_cached_frame,1642,196,0,1444,196,0,1,0.0,99.81125399644952,frame_fifo_full,,,,,,,,,,,,,,,,,,,,,,,,,,,,,,,,,,,,,,,,,,,,,,,,,,,,,,,,,,,,,,,,,,,,
rsg_object_detection,dropped_oldest,2151,rsg_20260806_143_504899999_002151,dropped,True,fifo_cached_frame,1643,196,0,1445,196,0,1,0.0,53.96715000097174,frame_fifo_full,,,,,,,,,,,,,,,,,,,,,,,,,,,,,,,,,,,,,,,,,,,,,,,,,,,,,,,,,,,,,,,,,,,,
rsg_object_detection,dropped_oldest,2152,rsg_20260806_143_554900000_002152,dropped,True,fifo_cached_frame,1644,196,0,1446,196,0,1,0.0,52.30637500062585,frame_fifo_full,,,,,,,,,,,,,,,,,,,,,,,,,,,,,,,,,,,,,,,,,,,,,,,,,,,,,,,,,,,,,,,,,,,,
rsg_object_detection,dropped_oldest,2153,rsg_20260806_143_604899999_002153,dropped,True,fifo_cached_frame,1645,196,0,1447,196,0,1,0.0,47.41380900668446,frame_fifo_full,,,,,,,,,,,,,,,,,,,,,,,,,,,,,,,,,,,,,,,,,,,,,,,,,,,,,,,,,,,,,,,,,,,,
rsg_object_detection,dropped_oldest,2154,rsg_20260806_143_654899999_002154,dropped,True,fifo_cached_frame,1646,196,0,1448,196,0,1,0.0,76.18310100224335,frame_fifo_full,,,,,,,,,,,,,,,,,,,,,,,,,,,,,,,,,,,,,,,,,,,,,,,,,,,,,,,,,,,,,,,,,,,,
rsg_object_detection,frame_trace,2148,rsg_20260806_143_304900000_002148,sent_to_hydra,,,,,,,,,,,501.9098279881291,ok,11.059735988965258,457.5473969889572,31.105128000490367,0.12889399658888578,30.97623400390148,0.002464003046043217,4.982900994946249,0.2026839938480407,280.4823070036946,19.25689200288616,0.007423994247801602,299.9493069946766,46.84322500543203,16.581445015617646,3.9503719890490174,14.80691198958084,10.779805015772581,65.97922299988568,56.598149007186294,3.1721130799269304,31.310713166021742,10.19227180222515,6.6383269731886685,3.949411999201402,3.1459369929507375,2.2327660117298365,734.0,267.0,0.005599998985417187,0.014783974620513618,3.651591992820613,0.8966280001914129,0.32524300331715494,1.3939310010755435,0.5730470002163202,0.005120004061609507,119.68826399242971,3.3991169912042096,0.13948600098956376,29.350467011681758,0.03785500302910805,6.475517991930246,5.83562400424853,0.08886300201993436,0.5510309856617823,3.724711001268588,0.8543229923816398,0.005184003384783864,2.1951030066702515,8,0,8,0,0,,,,,,,,,,,,,,
rsg_object_detection,dropped_oldest,2156,rsg_20260806_143_854899999_002156,dropped,True,fifo_cached_frame,1648,197,0,1449,197,0,1,0.0,46.49673501262441,frame_fifo_full,,,,,,,,,,,,,,,,,,,,,,,,,,,,,,,,,,,,,,,,,,,,,,,,,,,,,,,,,,,,,,,,,,,,
rsg_object_detection,dropped_oldest,2157,rsg_20260806_143_904899999_002157,dropped,True,fifo_cached_frame,1649,197,0,1450,197,0,1,0.0,51.942699996288866,frame_fifo_full,,,,,,,,,,,,,,,,,,,,,,,,,,,,,,,,,,,,,,,,,,,,,,,,,,,,,,,,,,,,,,,,,,,,
rsg_object_detection,dropped_oldest,2158,rsg_20260806_143_954900000_002158,dropped,True,fifo_cached_frame,1650,197,0,1451,197,0,1,0.0,47.673933004261926,frame_fifo_full,,,,,,,,,,,,,,,,,,,,,,,,,,,,,,,,,,,,,,,,,,,,,,,,,,,,,,,,,,,,,,,,,,,,
rsg_object_detection,dropped_oldest,2159,rsg_20260806_144_004899999_002159,dropped,True,fifo_cached_frame,1651,197,0,1452,197,0,1,0.0,53.448245002073236,frame_fifo_full,,,,,,,,,,,,,,,,,,,,,,,,,,,,,,,,,,,,,,,,,,,,,,,,,,,,,,,,,,,,,,,,,,,,
rsg_object_detection,dropped_oldest,2160,rsg_20260806_144_054900000_002160,dropped,True,fifo_cached_frame,1652,197,0,1453,197,0,1,0.0,100.42103700106964,frame_fifo_full,,,,,,,,,,,,,,,,,,,,,,,,,,,,,,,,,,,,,,,,,,,,,,,,,,,,,,,,,,,,,,,,,,,,
rsg_object_detection,dropped_oldest,2161,rsg_20260806_144_154899999_002161,dropped,True,fifo_cached_frame,1653,197,0,1454,197,0,1,0.0,47.94343298999593,frame_fifo_full,,,,,,,,,,,,,,,,,,,,,,,,,,,,,,,,,,,,,,,,,,,,,,,,,,,,,,,,,,,,,,,,,,,,
rsg_object_detection,dropped_oldest,2162,rsg_20260806_144_204900000_002162,dropped,True,fifo_cached_frame,1654,197,0,1455,197,0,1,0.0,58.43738499970641,frame_fifo_full,,,,,,,,,,,,,,,,,,,,,,,,,,,,,,,,,,,,,,,,,,,,,,,,,,,,,,,,,,,,,,,,,,,,
rsg_object_detection,dropped_oldest,2163,rsg_20260806_144_254899999_002163,dropped,True,fifo_cached_frame,1655,197,0,1456,197,0,1,0.0,55.5417489958927,frame_fifo_full,,,,,,,,,,,,,,,,,,,,,,,,,,,,,,,,,,,,,,,,,,,,,,,,,,,,,,,,,,,,,,,,,,,,
rsg_object_detection,dropped_oldest,2164,rsg_20260806_144_304900000_002164,dropped,True,fifo_cached_frame,1656,197,0,1457,197,0,1,0.0,51.99066699424293,frame_fifo_full,,,,,,,,,,,,,,,,,,,,,,,,,,,,,,,,,,,,,,,,,,,,,,,,,,,,,,,,,,,,,,,,,,,,
rsg_object_detection,frame_trace,2155,rsg_20260806_143_704900000_002155,sent_to_hydra,,,,,,,,,,,650.4709360015113,ok,14.245672995457426,516.8424339935882,117.63914399489295,0.1563179976074025,117.48282599728554,0.002048007445409894,2.474713997798972,0.28326000028755516,320.1796880020993,22.515529999509454,0.007615992217324674,342.9860939941136,72.76884799648542,30.82855600223411,4.7369200037792325,19.11254100559745,16.983484980301,60.590089997276664,49.081495992140844,1.8673699378268793,23.613845114596188,12.435648837708868,5.0191550981253386,6.486205995315686,3.0852009949740022,1.8847390019800514,554.0,78.0,0.003936002030968666,0.013886980013921857,3.581835000659339,1.2322359980316833,0.37231401074677706,1.4787940017413348,0.49279200902674347,0.004639994585886598,140.54132498858962,3.305837992229499,0.1479659986216575,27.34284900361672,0.04364801861811429,9.863530998700298,9.229940013028681,0.09836599929258227,0.5352249863790348,3.5767460067290813,0.800308000179939,0.0050879898481070995,1.741637010127306,8,0,8,0,0,,,,,,,,,,,,,,
rsg_object_detection,dropped_oldest,2166,rsg_20260806_144_404899999_002166,dropped,True,fifo_cached_frame,1658,198,0,1458,198,0,1,0.0,49.44030700426083,frame_fifo_full,,,,,,,,,,,,,,,,,,,,,,,,,,,,,,,,,,,,,,,,,,,,,,,,,,,,,,,,,,,,,,,,,,,,
rsg_object_detection,dropped_oldest,2167,rsg_20260806_144_454900000_002167,dropped,True,fifo_cached_frame,1659,198,0,1459,198,0,1,0.0,90.97670100163668,frame_fifo_full,,,,,,,,,,,,,,,,,,,,,,,,,,,,,,,,,,,,,,,,,,,,,,,,,,,,,,,,,,,,,,,,,,,,
rsg_object_detection,dropped_oldest,2168,rsg_20260806_144_554900000_002168,dropped,True,fifo_cached_frame,1660,198,0,1460,198,0,1,0.0,52.98799599404447,frame_fifo_full,,,,,,,,,,,,,,,,,,,,,,,,,,,,,,,,,,,,,,,,,,,,,,,,,,,,,,,,,,,,,,,,,,,,
rsg_object_detection,dropped_oldest,2169,rsg_20260806_144_604899999_002169,dropped,True,fifo_cached_frame,1661,198,0,1461,198,0,1,0.0,97.9992179927649,frame_fifo_full,,,,,,,,,,,,,,,,,,,,,,,,,,,,,,,,,,,,,,,,,,,,,,,,,,,,,,,,,,,,,,,,,,,,
rsg_object_detection,dropped_oldest,2170,rsg_20260806_144_704900000_002170,dropped,True,fifo_cached_frame,1662,198,0,1462,198,0,1,0.0,126.88857200555503,frame_fifo_full,,,,,,,,,,,,,,,,,,,,,,,,,,,,,,,,,,,,,,,,,,,,,,,,,,,,,,,,,,,,,,,,,,,,
rsg_object_detection,dropped_oldest,2171,rsg_20260806_144_804900000_002171,dropped,True,fifo_cached_frame,1663,198,0,1463,198,0,1,0.0,21.47570600209292,frame_fifo_full,,,,,,,,,,,,,,,,,,,,,,,,,,,,,,,,,,,,,,,,,,,,,,,,,,,,,,,,,,,,,,,,,,,,
rsg_object_detection,frame_trace,2165,rsg_20260806_144_354899999_002165,sent_to_hydra,,,,,,,,,,,527.4927700083936,ok,12.986587011255324,483.3172159997048,29.300868001882918,0.14473400369752198,29.156133998185396,0.0031999952625483274,3.2737419969635084,0.3780109982471913,286.15194899612106,19.835475002764724,0.007647991878911853,306.3730829890119,72.56030901044142,14.937054002075456,3.3132939861388877,26.987399003701285,26.61437996721361,58.967329998267815,45.80564200296067,1.672136946581304,21.956710101221688,10.423824904137291,5.150544922798872,7.722986993030645,3.006226004799828,2.350907991058193,554.0,79.0,0.004927991540171206,0.016798992874100804,4.614009987562895,0.43474599078763276,0.3953840205213055,1.4488739980151877,0.5197040009079501,0.004384011845104396,138.96358900819905,8.942264001234435,0.1786539942258969,25.53423600329552,0.05164800677448511,6.223968986887485,5.498283993802033,0.10313501115888357,0.6225499819265679,3.9323249948211014,2.8236380021553487,0.006655027391389012,1.8848990002879873,8,0,8,0,0,,,,,,,,,,,,,,
rsg_object_detection,dropped_oldest,2173,rsg_20260806_144_954900000_002173,dropped,True,fifo_cached_frame,1665,199,0,1464,199,0,1,0.0,41.28151798795443,frame_fifo_full,,,,,,,,,,,,,,,,,,,,,,,,,,,,,,,,,,,,,,,,,,,,,,,,,,,,,,,,,,,,,,,,,,,,
rsg_object_detection,dropped_oldest,2174,rsg_20260806_145_004899999_002174,dropped,True,fifo_cached_frame,1666,199,0,1465,199,0,1,0.0,100.78794400033075,frame_fifo_full,,,,,,,,,,,,,,,,,,,,,,,,,,,,,,,,,,,,,,,,,,,,,,,,,,,,,,,,,,,,,,,,,,,,
rsg_object_detection,dropped_oldest,2175,rsg_20260806_145_104899999_002175,dropped,True,fifo_cached_frame,1667,199,0,1466,199,0,1,0.0,47.71271700155921,frame_fifo_full,,,,,,,,,,,,,,,,,,,,,,,,,,,,,,,,,,,,,,,,,,,,,,,,,,,,,,,,,,,,,,,,,,,,
rsg_object_detection,dropped_oldest,2176,rsg_20260806_145_154899999_002176,dropped,True,fifo_cached_frame,1668,199,0,1467,199,0,1,0.0,48.95999399013817,frame_fifo_full,,,,,,,,,,,,,,,,,,,,,,,,,,,,,,,,,,,,,,,,,,,,,,,,,,,,,,,,,,,,,,,,,,,,
rsg_object_detection,dropped_oldest,2177,rsg_20260806_145_204900000_002177,dropped,True,fifo_cached_frame,1669,199,0,1468,199,0,1,0.0,52.44525198941119,frame_fifo_full,,,,,,,,,,,,,,,,,,,,,,,,,,,,,,,,,,,,,,,,,,,,,,,,,,,,,,,,,,,,,,,,,,,,
rsg_object_detection,dropped_oldest,2178,rsg_20260806_145_254899999_002178,dropped,True,fifo_cached_frame,1670,199,0,1469,199,0,1,0.0,47.87712999677751,frame_fifo_full,,,,,,,,,,,,,,,,,,,,,,,,,,,,,,,,,,,,,,,,,,,,,,,,,,,,,,,,,,,,,,,,,,,,
rsg_object_detection,dropped_oldest,2179,rsg_20260806_145_304900000_002179,dropped,True,fifo_cached_frame,1671,199,0,1470,199,0,1,0.0,102.09698100516107,frame_fifo_full,,,,,,,,,,,,,,,,,,,,,,,,,,,,,,,,,,,,,,,,,,,,,,,,,,,,,,,,,,,,,,,,,,,,
rsg_object_detection,dropped_oldest,2180,rsg_20260806_145_404899999_002180,dropped,True,fifo_cached_frame,1672,199,0,1471,199,0,1,0.0,62.26670400064904,frame_fifo_full,,,,,,,,,,,,,,,,,,,,,,,,,,,,,,,,,,,,,,,,,,,,,,,,,,,,,,,,,,,,,,,,,,,,
rsg_object_detection,dropped_oldest,2181,rsg_20260806_145_454900000_002181,dropped,True,fifo_cached_frame,1673,199,0,1472,199,0,1,0.0,53.92027000198141,frame_fifo_full,,,,,,,,,,,,,,,,,,,,,,,,,,,,,,,,,,,,,,,,,,,,,,,,,,,,,,,,,,,,,,,,,,,,
rsg_object_detection,dropped_oldest,2182,rsg_20260806_145_504899999_002182,dropped,True,fifo_cached_frame,1674,199,0,1473,199,0,1,0.0,44.30918399884831,frame_fifo_full,,,,,,,,,,,,,,,,,,,,,,,,,,,,,,,,,,,,,,,,,,,,,,,,,,,,,,,,,,,,,,,,,,,,
rsg_object_detection,frame_trace,2172,rsg_20260806_144_854899999_002172,sent_to_hydra,,,,,,,,,,,722.2104259999469,ok,16.265097001451068,640.4446899978211,63.425214000744745,0.15068599896039814,63.27452800178435,0.0033279939088970423,3.2412950095022097,0.2931469934992492,398.76256200659554,15.443126001628116,0.007327995263040066,414.50616299698595,85.44932800577953,18.133548015612178,7.74173901299946,45.127955003408715,13.659760006703436,89.65652900224086,78.52639400516637,10.113703829119913,41.76569885748904,11.235257974476553,7.678285750444047,5.186961003346369,3.303566001704894,2.577656996436417,741.0,269.0,0.0048000074457377195,0.017759986803866923,4.644729997380637,1.02599999809172,0.41605799924582243,1.4644900074927136,0.4799599992111325,0.0037760037230327725,183.15952700504567,9.723469003802165,0.14050999016035348,29.62627100350801,0.04745498881675303,11.963049997575581,11.337108007865027,0.08975899254437536,0.5361829971661791,3.4935150033561513,0.8037639927351847,0.004768007784150541,2.0720970060210675,8,0,8,0,0,,,,,,,,,,,,,,
rsg_object_detection,dropped_oldest,2184,rsg_20260806_145_604899999_002184,dropped,True,fifo_cached_frame,1676,200,0,1474,200,0,1,0.0,43.28270399128087,frame_fifo_full,,,,,,,,,,,,,,,,,,,,,,,,,,,,,,,,,,,,,,,,,,,,,,,,,,,,,,,,,,,,,,,,,,,,
rsg_object_detection,dropped_oldest,2185,rsg_20260806_145_654899999_002185,dropped,True,fifo_cached_frame,1677,200,0,1475,200,0,1,0.0,50.20195900578983,frame_fifo_full,,,,,,,,,,,,,,,,,,,,,,,,,,,,,,,,,,,,,,,,,,,,,,,,,,,,,,,,,,,,,,,,,,,,
rsg_object_detection,dropped_oldest,2186,rsg_20260806_145_704900000_002186,dropped,True,fifo_cached_frame,1678,200,0,1476,200,0,1,0.0,53.630675000022165,frame_fifo_full,,,,,,,,,,,,,,,,,,,,,,,,,,,,,,,,,,,,,,,,,,,,,,,,,,,,,,,,,,,,,,,,,,,,
rsg_object_detection,dropped_oldest,2187,rsg_20260806_145_754899999_002187,dropped,True,fifo_cached_frame,1679,200,0,1477,200,0,1,0.0,99.18124899559189,frame_fifo_full,,,,,,,,,,,,,,,,,,,,,,,,,,,,,,,,,,,,,,,,,,,,,,,,,,,,,,,,,,,,,,,,,,,,
rsg_object_detection,,515,rsg_20260806_40_804879999_000515,vlm_failed,,,,,,,,,,,,"{""label"":""unknown_object"",""label_confidence"":0.0,""mobility_class"":""unknown"",""mobility_confidence"":0.0}",,,,,,,,,,,,,,,,,,,,,,,,,,,,,,,,,,,,,,,,,,,,,,,,,,,,,,,rsg_obj_000053,rsg_unknown_rsg_20260806_40_804879999_000515_007_nanosam_003,,,5,0.761741120474458,unknown_object,0.0,unknown,0.0,5258.683120002388,81968.96972200193,qwen_http,Qwen3-VL-8B-Instruct-GGUF
rsg_object_detection,completed,515,rsg_20260806_40_804879999_000515,,,,,,,,,,,76710.28468199074,,vlm_failed,,,,,,,,,,,,,,,,,,,,,,,,,,,,,,,,,,,,,,,,,,,,,,,,,,,,,,,rsg_obj_000053,rsg_unknown_rsg_20260806_40_804879999_000515_007_nanosam_003,75,300,5,0.761741120474458,,,,,,,,
rsg_object_detection,dropped_oldest,2188,rsg_20260806_145_854899999_002188,dropped,True,fifo_cached_frame,1680,200,0,1478,200,0,1,0.0,50.85961299482733,frame_fifo_full,,,,,,,,,,,,,,,,,,,,,,,,,,,,,,,,,,,,,,,,,,,,,,,,,,,,,,,,,,,,,,,,,,,,
rsg_object_detection,dequeued,489,rsg_20260806_39_254880000_000489,,,,,,,,,,,81953.20695301052,,fifo_order,,,,,,,,,,,,,,,,,,,,,,,,,,,,,,,,,,,,,,,,,,,,,,,,,,,,,,,rsg_obj_000054,rsg_unknown_rsg_20260806_39_254880000_000489_004_nanosam_001,74,300,2,0.6755980736774704,,,,,,,,
rsg_object_detection,dropped_oldest,2189,rsg_20260806_145_904899999_002189,dropped,True,fifo_cached_frame,1681,200,0,1479,200,0,1,0.0,113.89001799398102,frame_fifo_full,,,,,,,,,,,,,,,,,,,,,,,,,,,,,,,,,,,,,,,,,,,,,,,,,,,,,,,,,,,,,,,,,,,,
rsg_object_detection,dropped_oldest,2190,rsg_20260806_146_004899999_002190,dropped,True,fifo_cached_frame,1682,200,0,1480,200,0,1,0.0,88.40656399843283,frame_fifo_full,,,,,,,,,,,,,,,,,,,,,,,,,,,,,,,,,,,,,,,,,,,,,,,,,,,,,,,,,,,,,,,,,,,,
rsg_object_detection,dropped_oldest,2191,rsg_20260806_146_104899999_002191,dropped,True,fifo_cached_frame,1683,200,0,1481,200,0,1,0.0,45.73402700771112,frame_fifo_full,,,,,,,,,,,,,,,,,,,,,,,,,,,,,,,,,,,,,,,,,,,,,,,,,,,,,,,,,,,,,,,,,,,,
rsg_object_detection,frame_trace,2183,rsg_20260806_145_554900000_002183,sent_to_hydra,,,,,,,,,,,646.5314460074296,ok,10.158502002013847,598.0061989976093,36.21417100657709,0.15942100435495377,36.054750002222136,0.0031999952625483274,2.2846060019219294,0.21090800873935223,294.43512100260705,19.25605999713298,0.006175992893986404,313.90826500137337,163.4630900080083,15.426518992171623,4.8873490013647825,130.33645601535682,12.191205023555085,69.15015100094024,58.3345719933277,1.8218260229332373,36.00636495684739,9.432506980374455,6.238941990886815,3.322542004752904,4.850805999012664,2.5898489984683692,747.0,269.0,0.004799003363586962,0.019647966837510467,8.376097001018934,1.3858029706170782,0.4273540253052488,1.7528690077597275,0.3636110050138086,0.007423994247801602,244.95039899193216,3.235213996958919,0.16463799693156034,33.416677004424855,0.04640000406652689,5.4908610036363825,4.88034199224785,0.08748599793761969,0.5230330134509131,3.8656060060020536,0.7968830032041296,0.005151989171281457,2.14937400596682,8,0,8,0,0,,,,,,,,,,,,,,
rsg_object_detection,dropped_oldest,2193,rsg_20260806_146_254899999_002193,dropped,True,fifo_cached_frame,1685,201,0,1482,201,0,1,0.0,39.93325099872891,frame_fifo_full,,,,,,,,,,,,,,,,,,,,,,,,,,,,,,,,,,,,,,,,,,,,,,,,,,,,,,,,,,,,,,,,,,,,
rsg_object_detection,dropped_oldest,2194,rsg_20260806_146_304900000_002194,dropped,True,fifo_cached_frame,1686,201,0,1483,201,0,1,0.0,100.75482500542421,frame_fifo_full,,,,,,,,,,,,,,,,,,,,,,,,,,,,,,,,,,,,,,,,,,,,,,,,,,,,,,,,,,,,,,,,,,,,
rsg_object_detection,dropped_oldest,2195,rsg_20260806_146_404899999_002195,dropped,True,fifo_cached_frame,1687,201,0,1484,201,0,1,0.0,51.07852201035712,frame_fifo_full,,,,,,,,,,,,,,,,,,,,,,,,,,,,,,,,,,,,,,,,,,,,,,,,,,,,,,,,,,,,,,,,,,,,
rsg_object_detection,dropped_oldest,2196,rsg_20260806_146_454900000_002196,dropped,True,fifo_cached_frame,1688,201,0,1485,201,0,1,0.0,47.080631004064344,frame_fifo_full,,,,,,,,,,,,,,,,,,,,,,,,,,,,,,,,,,,,,,,,,,,,,,,,,,,,,,,,,,,,,,,,,,,,
rsg_object_detection,dropped_oldest,2197,rsg_20260806_146_504899999_002197,dropped,True,fifo_cached_frame,1689,201,0,1486,201,0,1,0.0,101.68783500557765,frame_fifo_full,,,,,,,,,,,,,,,,,,,,,,,,,,,,,,,,,,,,,,,,,,,,,,,,,,,,,,,,,,,,,,,,,,,,
rsg_object_detection,dropped_oldest,2198,rsg_20260806_146_604899999_002198,dropped,True,fifo_cached_frame,1690,201,0,1487,201,0,1,0.0,70.86983800400048,frame_fifo_full,,,,,,,,,,,,,,,,,,,,,,,,,,,,,,,,,,,,,,,,,,,,,,,,,,,,,,,,,,,,,,,,,,,,
rsg_object_detection,dropped_oldest,2199,rsg_20260806_146_654899999_002199,dropped,True,fifo_cached_frame,1691,201,0,1488,201,0,1,0.0,26.795818004757166,frame_fifo_full,,,,,,,,,,,,,,,,,,,,,,,,,,,,,,,,,,,,,,,,,,,,,,,,,,,,,,,,,,,,,,,,,,,,
rsg_object_detection,dropped_oldest,2200,rsg_20260806_146_704900000_002200,dropped,True,fifo_cached_frame,1692,201,0,1489,202,0,1,0.0,69.38678800361231,frame_fifo_full,,,,,,,,,,,,,,,,,,,,,,,,,,,,,,,,,,,,,,,,,,,,,,,,,,,,,,,,,,,,,,,,,,,,
rsg_object_detection,frame_trace,2192,rsg_20260806_146_154899999_002192,sent_to_hydra,,,,,,,,,,,597.3353299923474,ok,12.219494994496927,505.8644930104492,76.96459299768321,0.1243820006493479,76.84021099703386,0.004384011845104396,0.9373939974466339,0.1668129989411682,276.77244499500375,20.85677199647762,0.007200011168606579,297.80323000159115,86.61491099337582,18.68509198538959,5.355022993171588,37.36823299550451,24.51639798528049,69.47459500224795,56.07748599140905,2.638130055856891,30.60462701250799,11.00021398451645,6.75376107392367,7.709323006565683,3.111792990239337,2.5266820011893287,760.0,270.0,0.004415996954776347,0.019360013538971543,5.142548005096614,0.6830269994679838,0.45324199891183525,1.5727759891888127,0.4234180087223649,0.00409600033890456,164.3924850068288,10.70009300019592,0.32127600570674986,31.645600000047125,0.06441499863285571,7.882121004513465,7.211953998194076,0.106845996924676,0.5633210093947127,3.6327130073914304,0.6996050069574267,0.0050559756346046925,2.2823649778729305,8,0,8,0,0,,,,,,,,,,,,,,
rsg_object_detection,dropped_oldest,2202,rsg_20260806_146_854899999_002202,dropped,True,fifo_cached_frame,1694,202,0,1490,202,0,1,0.0,48.871355000301264,frame_fifo_full,,,,,,,,,,,,,,,,,,,,,,,,,,,,,,,,,,,,,,,,,,,,,,,,,,,,,,,,,,,,,,,,,,,,
rsg_object_detection,dropped_oldest,2203,rsg_20260806_146_904899999_002203,dropped,True,fifo_cached_frame,1695,202,0,1491,202,0,1,0.0,52.459365004324354,frame_fifo_full,,,,,,,,,,,,,,,,,,,,,,,,,,,,,,,,,,,,,,,,,,,,,,,,,,,,,,,,,,,,,,,,,,,,
rsg_object_detection,dropped_oldest,2204,rsg_20260806_146_954900000_002204,dropped,True,fifo_cached_frame,1696,202,0,1492,202,0,1,0.0,49.5320170011837,frame_fifo_full,,,,,,,,,,,,,,,,,,,,,,,,,,,,,,,,,,,,,,,,,,,,,,,,,,,,,,,,,,,,,,,,,,,,
rsg_object_detection,dropped_oldest,2205,rsg_20260806_147_004899999_002205,dropped,True,fifo_cached_frame,1697,202,0,1493,202,0,1,0.0,49.95041100482922,frame_fifo_full,,,,,,,,,,,,,,,,,,,,,,,,,,,,,,,,,,,,,,,,,,,,,,,,,,,,,,,,,,,,,,,,,,,,
rsg_object_detection,dropped_oldest,2206,rsg_20260806_147_054900000_002206,dropped,True,fifo_cached_frame,1698,202,0,1494,202,0,1,0.0,52.734304990735836,frame_fifo_full,,,,,,,,,,,,,,,,,,,,,,,,,,,,,,,,,,,,,,,,,,,,,,,,,,,,,,,,,,,,,,,,,,,,
rsg_object_detection,dropped_oldest,2207,rsg_20260806_147_104899999_002207,dropped,True,fifo_cached_frame,1699,202,0,1495,202,0,1,0.0,47.90557798696682,frame_fifo_full,,,,,,,,,,,,,,,,,,,,,,,,,,,,,,,,,,,,,,,,,,,,,,,,,,,,,,,,,,,,,,,,,,,,
rsg_object_detection,dropped_oldest,2208,rsg_20260806_147_154899999_002208,dropped,True,fifo_cached_frame,1700,202,0,1496,202,0,1,0.0,75.49015199765563,frame_fifo_full,,,,,,,,,,,,,,,,,,,,,,,,,,,,,,,,,,,,,,,,,,,,,,,,,,,,,,,,,,,,,,,,,,,,
rsg_object_detection,dropped_oldest,2209,rsg_20260806_147_204900000_002209,dropped,True,fifo_cached_frame,1701,202,0,1497,202,0,1,0.0,25.349215997266583,frame_fifo_full,,,,,,,,,,,,,,,,,,,,,,,,,,,,,,,,,,,,,,,,,,,,,,,,,,,,,,,,,,,,,,,,,,,,
rsg_object_detection,dropped_oldest,2210,rsg_20260806_147_254899999_002210,dropped,True,fifo_cached_frame,1702,202,0,1498,202,0,1,0.0,60.099409995018505,frame_fifo_full,,,,,,,,,,,,,,,,,,,,,,,,,,,,,,,,,,,,,,,,,,,,,,,,,,,,,,,,,,,,,,,,,,,,
rsg_object_detection,frame_trace,2201,rsg_20260806_146_754899999_002201,sent_to_hydra,,,,,,,,,,,553.9351879997412,ok,13.898477001930587,533.7589510018006,4.04521900054533,0.14467000437434763,3.9005489961709827,0.0026560010155662894,6.696315002045594,0.35954600025434047,349.23793899361044,17.25301900296472,0.0068160006776452065,366.85731999750715,44.24390601343475,15.210329002002254,3.9774429897079244,14.169801012030803,10.274563988787122,72.53307600331027,58.55892000545282,2.64159103971906,27.47645588533487,11.882848062668927,8.56595317600295,8.083013002760708,3.2675349939381704,2.570105003542267,764.0,270.0,0.004992005415260792,0.014462973922491074,4.285057017114013,0.8927199960453436,0.37007496575824916,1.4948899915907532,0.3197069891029969,0.0043199979700148106,124.16554200171959,2.9605309973703697,0.17433300672564656,32.859886006917804,0.04502398951444775,9.412881001480855,8.733372000278905,0.10479899356141686,0.5747100076405331,3.715368002303876,0.7637000089744106,0.00652798917144537,2.229884994449094,8,0,8,0,0,,,,,,,,,,,,,,
rsg_object_detection,dropped_oldest,2212,rsg_20260806_147_454900000_002212,dropped,True,fifo_cached_frame,1704,203,0,1499,203,0,1,0.0,58.47069699666463,frame_fifo_full,,,,,,,,,,,,,,,,,,,,,,,,,,,,,,,,,,,,,,,,,,,,,,,,,,,,,,,,,,,,,,,,,,,,
rsg_object_detection,dropped_oldest,2213,rsg_20260806_147_504899999_002213,dropped,True,fifo_cached_frame,1705,203,0,1500,203,0,1,0.0,40.677847995539196,frame_fifo_full,,,,,,,,,,,,,,,,,,,,,,,,,,,,,,,,,,,,,,,,,,,,,,,,,,,,,,,,,,,,,,,,,,,,
rsg_object_detection,dropped_oldest,2214,rsg_20260806_147_554900000_002214,dropped,True,fifo_cached_frame,1706,203,0,1501,203,0,1,0.0,51.574961995356716,frame_fifo_full,,,,,,,,,,,,,,,,,,,,,,,,,,,,,,,,,,,,,,,,,,,,,,,,,,,,,,,,,,,,,,,,,,,,
rsg_object_detection,dropped_oldest,2215,rsg_20260806_147_604899999_002215,dropped,True,fifo_cached_frame,1707,203,0,1502,203,0,1,0.0,108.98970800917596,frame_fifo_full,,,,,,,,,,,,,,,,,,,,,,,,,,,,,,,,,,,,,,,,,,,,,,,,,,,,,,,,,,,,,,,,,,,,
rsg_object_detection,dropped_oldest,2216,rsg_20260806_147_704900000_002216,dropped,True,fifo_cached_frame,1708,203,0,1503,203,0,1,0.0,61.01449999550823,frame_fifo_full,,,,,,,,,,,,,,,,,,,,,,,,,,,,,,,,,,,,,,,,,,,,,,,,,,,,,,,,,,,,,,,,,,,,
rsg_object_detection,dropped_oldest,2217,rsg_20260806_147_754899999_002217,dropped,True,fifo_cached_frame,1709,203,0,1504,203,0,1,0.0,27.31462600058876,frame_fifo_full,,,,,,,,,,,,,,,,,,,,,,,,,,,,,,,,,,,,,,,,,,,,,,,,,,,,,,,,,,,,,,,,,,,,
rsg_object_detection,dropped_oldest,2218,rsg_20260806_147_804900000_002218,dropped,True,fifo_cached_frame,1710,203,0,1505,203,0,1,0.0,76.4290180086391,frame_fifo_full,,,,,,,,,,,,,,,,,,,,,,,,,,,,,,,,,,,,,,,,,,,,,,,,,,,,,,,,,,,,,,,,,,,,
rsg_object_detection,frame_trace,2211,rsg_20260806_147_304900000_002211,sent_to_hydra,,,,,,,,,,,576.5805109986104,ok,16.305160999763757,528.7510600028327,29.167366010369733,0.16524600505363196,29.0021200053161,0.0032320094760507345,2.4875790113583207,0.18182200437877327,298.88379100884777,21.32623600482475,0.007743976311758161,320.39959299436305,87.35314100340474,16.904352974961512,3.9711100253043696,37.74352199980058,28.04997601197101,74.75659600459039,66.07691899989732,2.8892409027321264,34.35335609538015,17.159708731924184,5.992455771774985,3.1770399946253747,3.0473769875243306,2.4005400046007708,749.0,270.0,0.005120004061609507,0.01417601015418768,4.269088007276878,0.7921139622339979,0.3529870155034587,1.3699310075026006,0.6813330110162497,0.005247988156042993,169.6009180013789,4.975157004082575,0.1677410036791116,31.070857992745005,0.04921399522572756,11.918603995582089,11.251926000113599,0.09068699728231877,0.575990998186171,3.6742160009453073,0.708021005266346,0.0043199979700148106,2.353691976168193,8,0,8,0,0,,,,,,,,,,,,,,
rsg_object_detection,dropped_oldest,2220,rsg_20260806_147_954900000_002220,dropped,True,fifo_cached_frame,1712,204,0,1506,204,0,1,0.0,98.55777000484522,frame_fifo_full,,,,,,,,,,,,,,,,,,,,,,,,,,,,,,,,,,,,,,,,,,,,,,,,,,,,,,,,,,,,,,,,,,,,
rsg_object_detection,dropped_oldest,2221,rsg_20260806_148_054900000_002221,dropped,True,fifo_cached_frame,1713,204,0,1507,204,0,1,0.0,50.971131000551395,frame_fifo_full,,,,,,,,,,,,,,,,,,,,,,,,,,,,,,,,,,,,,,,,,,,,,,,,,,,,,,,,,,,,,,,,,,,,
rsg_object_detection,dropped_oldest,2222,rsg_20260806_148_104899999_002222,dropped,True,fifo_cached_frame,1714,204,0,1508,204,0,1,0.0,49.057337004342116,frame_fifo_full,,,,,,,,,,,,,,,,,,,,,,,,,,,,,,,,,,,,,,,,,,,,,,,,,,,,,,,,,,,,,,,,,,,,
rsg_object_detection,dropped_oldest,2223,rsg_20260806_148_154899999_002223,dropped,True,fifo_cached_frame,1715,204,0,1509,204,0,1,0.0,47.98330499033909,frame_fifo_full,,,,,,,,,,,,,,,,,,,,,,,,,,,,,,,,,,,,,,,,,,,,,,,,,,,,,,,,,,,,,,,,,,,,
rsg_object_detection,dropped_oldest,2224,rsg_20260806_148_204900000_002224,dropped,True,fifo_cached_frame,1716,204,0,1510,204,0,1,0.0,53.90449600236025,frame_fifo_full,,,,,,,,,,,,,,,,,,,,,,,,,,,,,,,,,,,,,,,,,,,,,,,,,,,,,,,,,,,,,,,,,,,,
rsg_object_detection,dropped_oldest,2225,rsg_20260806_148_254899999_002225,dropped,True,fifo_cached_frame,1717,204,0,1511,204,0,1,0.0,51.5566590038361,frame_fifo_full,,,,,,,,,,,,,,,,,,,,,,,,,,,,,,,,,,,,,,,,,,,,,,,,,,,,,,,,,,,,,,,,,,,,
rsg_object_detection,dropped_oldest,2226,rsg_20260806_148_304900000_002226,dropped,True,fifo_cached_frame,1718,204,0,1512,204,0,1,0.0,47.64753399649635,frame_fifo_full,,,,,,,,,,,,,,,,,,,,,,,,,,,,,,,,,,,,,,,,,,,,,,,,,,,,,,,,,,,,,,,,,,,,
rsg_object_detection,dropped_oldest,2227,rsg_20260806_148_354899999_002227,dropped,True,fifo_cached_frame,1719,204,0,1513,204,0,1,0.0,48.710718008806,frame_fifo_full,,,,,,,,,,,,,,,,,,,,,,,,,,,,,,,,,,,,,,,,,,,,,,,,,,,,,,,,,,,,,,,,,,,,
rsg_object_detection,frame_trace,2219,rsg_20260806_147_854899999_002219,sent_to_hydra,,,,,,,,,,,568.1514239986427,ok,10.086024005431682,521.2150790030137,34.780944988597184,0.18258999625686556,34.59835499234032,0.0033280084608122706,5.869190994417295,0.26229998911730945,317.65307500609197,22.70903199678287,0.006560003384947777,340.6309669953771,66.3632190116914,20.234061012160964,3.9481010317103937,31.351171026472002,10.1331619953271,64.38884799717925,55.49131899897475,2.2879549796925858,22.903384946403094,10.19961727433838,8.000092100701295,3.155023994622752,3.1516320013906807,2.5409220106666908,755.0,271.0,0.00457599526271224,0.016735997633077204,4.6347460156539455,0.41343401244375855,0.34738596878014505,1.8044199969153851,0.3422350127948448,0.0053440016927197576,138.32171200192533,7.340016993111931,0.15935699047986418,28.839146994869225,0.054688032832928,5.1464819989632815,4.518044006545097,0.09814300574362278,0.5302949866745621,3.9629160019103438,0.9707059944048524,0.005920010153204203,2.066047993139364,8,0,8,0,0,,,,,,,,,,,,,,
rsg_object_detection,dropped_oldest,2229,rsg_20260806_148_454900000_002229,dropped,True,fifo_cached_frame,1721,205,0,1514,205,0,1,0.0,129.3417520064395,frame_fifo_full,,,,,,,,,,,,,,,,,,,,,,,,,,,,,,,,,,,,,,,,,,,,,,,,,,,,,,,,,,,,,,,,,,,,
rsg_object_detection,dropped_oldest,2230,rsg_20260806_148_604899999_002230,dropped,True,fifo_cached_frame,1722,205,0,1515,205,0,1,0.0,52.100713990512304,frame_fifo_full,,,,,,,,,,,,,,,,,,,,,,,,,,,,,,,,,,,,,,,,,,,,,,,,,,,,,,,,,,,,,,,,,,,,
rsg_object_detection,dropped_oldest,2231,rsg_20260806_148_654899999_002231,dropped,True,fifo_cached_frame,1723,205,0,1516,205,0,1,0.0,52.058795001357794,frame_fifo_full,,,,,,,,,,,,,,,,,,,,,,,,,,,,,,,,,,,,,,,,,,,,,,,,,,,,,,,,,,,,,,,,,,,,
rsg_object_detection,dropped_oldest,2232,rsg_20260806_148_704900000_002232,dropped,True,fifo_cached_frame,1724,205,0,1517,205,0,1,0.0,49.29688498668838,frame_fifo_full,,,,,,,,,,,,,,,,,,,,,,,,,,,,,,,,,,,,,,,,,,,,,,,,,,,,,,,,,,,,,,,,,,,,
rsg_object_detection,dropped_oldest,2233,rsg_20260806_148_754899999_002233,dropped,True,fifo_cached_frame,1725,205,0,1518,205,0,1,0.0,51.834958998369984,frame_fifo_full,,,,,,,,,,,,,,,,,,,,,,,,,,,,,,,,,,,,,,,,,,,,,,,,,,,,,,,,,,,,,,,,,,,,
rsg_object_detection,dropped_oldest,2234,rsg_20260806_148_804900000_002234,dropped,True,fifo_cached_frame,1726,205,0,1519,205,0,1,0.0,54.59763700491749,frame_fifo_full,,,,,,,,,,,,,,,,,,,,,,,,,,,,,,,,,,,,,,,,,,,,,,,,,,,,,,,,,,,,,,,,,,,,
rsg_object_detection,dropped_oldest,2235,rsg_20260806_148_854899999_002235,dropped,True,fifo_cached_frame,1727,205,0,1520,205,0,1,0.0,58.30170899571385,frame_fifo_full,,,,,,,,,,,,,,,,,,,,,,,,,,,,,,,,,,,,,,,,,,,,,,,,,,,,,,,,,,,,,,,,,,,,
rsg_object_detection,dropped_oldest,2236,rsg_20260806_148_904899999_002236,dropped,True,fifo_cached_frame,1728,205,0,1521,205,0,1,0.0,35.17757900408469,frame_fifo_full,,,,,,,,,,,,,,,,,,,,,,,,,,,,,,,,,,,,,,,,,,,,,,,,,,,,,,,,,,,,,,,,,,,,
rsg_object_detection,dropped_oldest,2237,rsg_20260806_148_954900000_002237,dropped,True,fifo_cached_frame,1729,205,0,1522,205,0,1,0.0,55.90302498603705,frame_fifo_full,,,,,,,,,,,,,,,,,,,,,,,,,,,,,,,,,,,,,,,,,,,,,,,,,,,,,,,,,,,,,,,,,,,,
rsg_object_detection,frame_trace,2228,rsg_20260806_148_404899999_002228,sent_to_hydra,,,,,,,,,,,610.3335049992893,ok,14.299558999482542,525.6981160055147,67.7038700086996,0.1335340057266876,67.57033600297291,0.004672008799389005,4.890965996310115,0.18668499251361936,294.0248899976723,23.444860009476542,0.007743990863673389,317.6641789905261,72.38501599931624,24.363438991713338,6.951002011192031,17.927889013662934,22.305103004327975,76.05254401278216,66.21307600289583,4.045501002110541,27.306447198498063,16.104730952065438,11.543166343471967,3.3900290000019595,3.238798992242664,2.988050997373648,987.0,271.0,0.0039040023693814874,0.015968005754984915,5.6311130174435675,0.456569017842412,0.43148295662831515,1.3528440031223,0.6166620005387813,0.004960005753673613,156.9573339947965,11.006585991708562,0.16543800302315503,34.9586699885549,0.0549430405953899,6.185154008562677,5.462829998577945,0.10547100100666285,0.6168530089780688,7.510094001190737,0.6001189904054627,0.004191999323666096,2.6272879767930135,8,0,7,0,0,,,,,,,,,,,,,,
rsg_object_detection,dropped_oldest,2239,rsg_20260806_149_054900000_002239,dropped,True,fifo_cached_frame,1731,206,0,1523,206,0,1,0.0,85.93361001112498,frame_fifo_full,,,,,,,,,,,,,,,,,,,,,,,,,,,,,,,,,,,,,,,,,,,,,,,,,,,,,,,,,,,,,,,,,,,,
rsg_object_detection,dropped_oldest,2240,rsg_20260806_149_154899999_002240,dropped,True,fifo_cached_frame,1732,206,0,1524,206,0,1,0.0,51.06764200900216,frame_fifo_full,,,,,,,,,,,,,,,,,,,,,,,,,,,,,,,,,,,,,,,,,,,,,,,,,,,,,,,,,,,,,,,,,,,,
rsg_object_detection,dropped_oldest,2241,rsg_20260806_149_204900000_002241,dropped,True,fifo_cached_frame,1733,206,0,1525,206,0,1,0.0,53.06073199608363,frame_fifo_full,,,,,,,,,,,,,,,,,,,,,,,,,,,,,,,,,,,,,,,,,,,,,,,,,,,,,,,,,,,,,,,,,,,,
rsg_object_detection,dropped_oldest,2242,rsg_20260806_149_254899999_002242,dropped,True,fifo_cached_frame,1734,206,0,1526,206,0,1,0.0,48.23613399639726,frame_fifo_full,,,,,,,,,,,,,,,,,,,,,,,,,,,,,,,,,,,,,,,,,,,,,,,,,,,,,,,,,,,,,,,,,,,,
rsg_object_detection,dropped_oldest,2243,rsg_20260806_149_304900000_002243,dropped,True,fifo_cached_frame,1735,206,0,1527,206,0,1,0.0,49.34334900463,frame_fifo_full,,,,,,,,,,,,,,,,,,,,,,,,,,,,,,,,,,,,,,,,,,,,,,,,,,,,,,,,,,,,,,,,,,,,
rsg_object_detection,dropped_oldest,2244,rsg_20260806_149_354899999_002244,dropped,True,fifo_cached_frame,1736,206,0,1528,206,0,1,0.0,123.01138399925549,frame_fifo_full,,,,,,,,,,,,,,,,,,,,,,,,,,,,,,,,,,,,,,,,,,,,,,,,,,,,,,,,,,,,,,,,,,,,
rsg_object_detection,dropped_oldest,2245,rsg_20260806_149_454900000_002245,dropped,True,fifo_cached_frame,1737,206,0,1529,206,0,1,0.0,68.57515299634542,frame_fifo_full,,,,,,,,,,,,,,,,,,,,,,,,,,,,,,,,,,,,,,,,,,,,,,,,,,,,,,,,,,,,,,,,,,,,
rsg_object_detection,frame_trace,2238,rsg_20260806_149_004899999_002238,sent_to_hydra,,,,,,,,,,,550.4841410001973,ok,12.366692011710256,510.6335770105943,25.075140001717955,0.1500779908383265,24.92506201087963,0.004191999323666096,3.3604930067667738,0.19110100402031094,299.96950400527567,22.838598000817,0.006687987479381263,323.00589099759236,62.66484301886521,17.65902800252661,4.161378004937433,29.575712003861554,10.552479987381957,70.42600499698892,58.66554399835877,3.248374938266352,24.88409091893118,13.666678554727696,8.267941491794772,4.111265006940812,4.441693003172986,3.0009470065124333,985.0,271.0,0.004640009137801826,0.01580802199896425,5.808007001178339,0.6063259788788855,0.3869720094371587,1.240397003130056,0.5269359971862286,0.004895991878584027,141.68409400735982,4.753336004796438,0.1604129938641563,37.620871007675305,0.04847899253945798,7.858888988266699,7.269202003953978,0.09311900066677481,0.4965679836459458,3.606729005696252,0.8959219994721934,0.005152018275111914,2.4045399768510833,8,0,7,0,0,,,,,,,,,,,,,,
rsg_object_detection,dropped_oldest,2247,rsg_20260806_149_604899999_002247,dropped,True,fifo_cached_frame,1739,207,0,1530,207,0,1,0.0,37.810594993061386,frame_fifo_full,,,,,,,,,,,,,,,,,,,,,,,,,,,,,,,,,,,,,,,,,,,,,,,,,,,,,,,,,,,,,,,,,,,,
rsg_object_detection,dropped_oldest,2248,rsg_20260806_149_654899999_002248,dropped,True,fifo_cached_frame,1740,207,0,1531,207,0,1,0.0,51.08677799580619,frame_fifo_full,,,,,,,,,,,,,,,,,,,,,,,,,,,,,,,,,,,,,,,,,,,,,,,,,,,,,,,,,,,,,,,,,,,,
rsg_object_detection,dropped_oldest,2249,rsg_20260806_149_704900000_002249,dropped,True,fifo_cached_frame,1741,207,0,1532,207,0,1,0.0,53.42687100346666,frame_fifo_full,,,,,,,,,,,,,,,,,,,,,,,,,,,,,,,,,,,,,,,,,,,,,,,,,,,,,,,,,,,,,,,,,,,,
rsg_object_detection,dropped_oldest,2250,rsg_20260806_149_754899999_002250,dropped,True,fifo_cached_frame,1742,207,0,1533,207,0,1,0.0,51.01477899006568,frame_fifo_full,,,,,,,,,,,,,,,,,,,,,,,,,,,,,,,,,,,,,,,,,,,,,,,,,,,,,,,,,,,,,,,,,,,,
rsg_object_detection,dropped_oldest,2251,rsg_20260806_149_804900000_002251,dropped,True,fifo_cached_frame,1743,207,0,1534,207,0,1,0.0,49.08379999687895,frame_fifo_full,,,,,,,,,,,,,,,,,,,,,,,,,,,,,,,,,,,,,,,,,,,,,,,,,,,,,,,,,,,,,,,,,,,,
rsg_object_detection,dropped_oldest,2252,rsg_20260806_149_854899999_002252,dropped,True,fifo_cached_frame,1744,207,0,1535,207,0,1,0.0,49.31899700022768,frame_fifo_full,,,,,,,,,,,,,,,,,,,,,,,,,,,,,,,,,,,,,,,,,,,,,,,,,,,,,,,,,,,,,,,,,,,,
rsg_object_detection,dropped_oldest,2253,rsg_20260806_149_904899999_002253,dropped,True,fifo_cached_frame,1745,207,0,1536,207,0,1,0.0,116.5237389941467,frame_fifo_full,,,,,,,,,,,,,,,,,,,,,,,,,,,,,,,,,,,,,,,,,,,,,,,,,,,,,,,,,,,,,,,,,,,,
rsg_object_detection,dropped_oldest,2254,rsg_20260806_149_954900000_002254,dropped,True,fifo_cached_frame,1746,207,0,1537,207,0,1,0.0,13.659025004017167,frame_fifo_full,,,,,,,,,,,,,,,,,,,,,,,,,,,,,,,,,,,,,,,,,,,,,,,,,,,,,,,,,,,,,,,,,,,,
rsg_object_detection,dropped_oldest,2255,rsg_20260806_150_004899999_002255,dropped,True,fifo_cached_frame,1747,207,0,1538,208,0,1,0.0,89.18261699727736,frame_fifo_full,,,,,,,,,,,,,,,,,,,,,,,,,,,,,,,,,,,,,,,,,,,,,,,,,,,,,,,,,,,,,,,,,,,,
rsg_object_detection,frame_trace,2246,rsg_20260806_149_504899999_002246,sent_to_hydra,,,,,,,,,,,555.2642620023107,ok,11.13288800115697,502.4957799905678,38.927699002670124,0.16457399760838598,38.76312500506174,0.00771199120208621,5.291502995532937,0.2506849996279925,310.75084500480443,24.267567991046235,0.007872004061937332,335.2769699995406,48.27450099401176,15.987118007615209,3.252076974604279,18.693381993216462,9.593134993338026,71.84639999468345,59.09372899623122,3.676106804050505,25.61107806104701,13.907454995205626,9.372308981255628,5.986948992358521,3.82672599516809,2.8836359997512773,917.0,272.0,0.005376001354306936,0.011519994586706161,3.1802400189917535,0.5912880005780607,0.334232987370342,1.2084299960406497,0.2651479881023988,0.0048000074457377195,125.7245909946505,2.213342988397926,0.14940599794499576,33.7832319928566,0.05673502164427191,5.058548005763441,4.377756995381787,0.10911800200119615,0.5716730083804578,5.400622001616284,0.66895000054501,0.0047679932322353125,2.7001830167137086,7,0,7,0,0,,,,,,,,,,,,,,
rsg_object_detection,dropped_oldest,2257,rsg_20260806_150_154899999_002257,dropped,True,fifo_cached_frame,1749,208,0,1539,208,0,1,0.0,49.23023100127466,frame_fifo_full,,,,,,,,,,,,,,,,,,,,,,,,,,,,,,,,,,,,,,,,,,,,,,,,,,,,,,,,,,,,,,,,,,,,
rsg_object_detection,dropped_oldest,2258,rsg_20260806_150_204900000_002258,dropped,True,fifo_cached_frame,1750,208,0,1540,208,0,1,0.0,51.00812298769597,frame_fifo_full,,,,,,,,,,,,,,,,,,,,,,,,,,,,,,,,,,,,,,,,,,,,,,,,,,,,,,,,,,,,,,,,,,,,
rsg_object_detection,dropped_oldest,2259,rsg_20260806_150_254899999_002259,dropped,True,fifo_cached_frame,1751,208,0,1541,208,0,1,0.0,54.52621399308555,frame_fifo_full,,,,,,,,,,,,,,,,,,,,,,,,,,,,,,,,,,,,,,,,,,,,,,,,,,,,,,,,,,,,,,,,,,,,
rsg_object_detection,dropped_oldest,2260,rsg_20260806_150_304900000_002260,dropped,True,fifo_cached_frame,1752,208,0,1542,208,0,1,0.0,48.399778999737464,frame_fifo_full,,,,,,,,,,,,,,,,,,,,,,,,,,,,,,,,,,,,,,,,,,,,,,,,,,,,,,,,,,,,,,,,,,,,
rsg_object_detection,dropped_oldest,2261,rsg_20260806_150_354899999_002261,dropped,True,fifo_cached_frame,1753,208,0,1543,208,0,1,0.0,46.508767001796514,frame_fifo_full,,,,,,,,,,,,,,,,,,,,,,,,,,,,,,,,,,,,,,,,,,,,,,,,,,,,,,,,,,,,,,,,,,,,
rsg_object_detection,dropped_oldest,2262,rsg_20260806_150_404899999_002262,dropped,True,fifo_cached_frame,1754,208,0,1544,208,0,1,0.0,77.15780699800234,frame_fifo_full,,,,,,,,,,,,,,,,,,,,,,,,,,,,,,,,,,,,,,,,,,,,,,,,,,,,,,,,,,,,,,,,,,,,
rsg_object_detection,dropped_oldest,2263,rsg_20260806_150_454900000_002263,dropped,True,fifo_cached_frame,1755,208,0,1545,208,0,1,0.0,30.219894004403614,frame_fifo_full,,,,,,,,,,,,,,,,,,,,,,,,,,,,,,,,,,,,,,,,,,,,,,,,,,,,,,,,,,,,,,,,,,,,
rsg_object_detection,dropped_oldest,2264,rsg_20260806_150_504899999_002264,dropped,True,fifo_cached_frame,1756,208,0,1546,208,0,1,0.0,59.22783899586648,frame_fifo_full,,,,,,,,,,,,,,,,,,,,,,,,,,,,,,,,,,,,,,,,,,,,,,,,,,,,,,,,,,,,,,,,,,,,
rsg_object_detection,dropped_oldest,2265,rsg_20260806_150_554900000_002265,dropped,True,fifo_cached_frame,1757,208,0,1547,208,0,1,0.0,58.97766699490603,frame_fifo_full,,,,,,,,,,,,,,,,,,,,,,,,,,,,,,,,,,,,,,,,,,,,,,,,,,,,,,,,,,,,,,,,,,,,
rsg_object_detection,frame_trace,2256,rsg_20260806_150_104899999_002256,sent_to_hydra,,,,,,,,,,,514.1828049963806,ok,13.31557400408201,494.0541500109248,4.429532986250706,0.17263799963984638,4.25689498661086,0.0036800047382712364,1.792965005734004,0.2072609931929037,286.6836580069503,12.778239004546776,0.006750997272320092,299.6759090019623,89.35400702466723,16.429351002443582,6.12864299910143,51.00380397925619,15.051836977363564,58.5283940017689,46.40409699641168,2.898130187531933,18.113981917849742,12.404782959492877,7.721706191659905,6.875639999634586,2.5260740076191723,2.6714479899965227,925.0,272.0,0.004064000677317381,0.014208024367690086,3.580520991818048,0.3659770009107888,0.3472609678283334,1.1056150106014684,0.2650840033311397,0.004799992893822491,153.56903499923646,2.4509070062777027,0.13177399523556232,36.38556100486312,0.047998997615650296,9.056502996827476,8.411168993916363,0.09347099694423378,0.5518630059668794,3.608297003665939,0.6446939951274544,0.006080008461140096,2.3798679903848097,7,0,7,0,0,,,,,,,,,,,,,,
rsg_object_detection,dropped_oldest,2267,rsg_20260806_150_654899999_002267,dropped,True,fifo_cached_frame,1759,209,0,1548,209,0,1,0.0,35.62019699893426,frame_fifo_full,,,,,,,,,,,,,,,,,,,,,,,,,,,,,,,,,,,,,,,,,,,,,,,,,,,,,,,,,,,,,,,,,,,,
rsg_object_detection,dropped_oldest,2268,rsg_20260806_150_704900000_002268,dropped,True,fifo_cached_frame,1760,209,0,1549,209,0,1,0.0,51.5192839957308,frame_fifo_full,,,,,,,,,,,,,,,,,,,,,,,,,,,,,,,,,,,,,,,,,,,,,,,,,,,,,,,,,,,,,,,,,,,,
rsg_object_detection,dropped_oldest,2269,rsg_20260806_150_754899999_002269,dropped,True,fifo_cached_frame,1761,209,0,1550,209,0,1,0.0,49.7742220031796,frame_fifo_full,,,,,,,,,,,,,,,,,,,,,,,,,,,,,,,,,,,,,,,,,,,,,,,,,,,,,,,,,,,,,,,,,,,,
rsg_object_detection,dropped_oldest,2270,rsg_20260806_150_804900000_002270,dropped,True,fifo_cached_frame,1762,209,0,1551,209,0,1,0.0,152.11647999240085,frame_fifo_full,,,,,,,,,,,,,,,,,,,,,,,,,,,,,,,,,,,,,,,,,,,,,,,,,,,,,,,,,,,,,,,,,,,,
rsg_object_detection,dropped_oldest,2271,rsg_20260806_150_954900000_002271,dropped,True,fifo_cached_frame,1763,209,0,1552,209,0,1,0.0,48.51644899463281,frame_fifo_full,,,,,,,,,,,,,,,,,,,,,,,,,,,,,,,,,,,,,,,,,,,,,,,,,,,,,,,,,,,,,,,,,,,,
rsg_object_detection,dropped_oldest,2272,rsg_20260806_151_004899999_002272,dropped,True,fifo_cached_frame,1764,209,0,1553,209,0,1,0.0,69.32429400330875,frame_fifo_full,,,,,,,,,,,,,,,,,,,,,,,,,,,,,,,,,,,,,,,,,,,,,,,,,,,,,,,,,,,,,,,,,,,,
rsg_object_detection,dropped_oldest,2273,rsg_20260806_151_054900000_002273,dropped,True,fifo_cached_frame,1765,209,0,1554,209,0,1,0.0,56.94438600039575,frame_fifo_full,,,,,,,,,,,,,,,,,,,,,,,,,,,,,,,,,,,,,,,,,,,,,,,,,,,,,,,,,,,,,,,,,,,,
rsg_object_detection,dropped_oldest,2274,rsg_20260806_151_104899999_002274,dropped,True,fifo_cached_frame,1766,209,0,1555,209,0,1,0.0,25.133412011200562,frame_fifo_full,,,,,,,,,,,,,,,,,,,,,,,,,,,,,,,,,,,,,,,,,,,,,,,,,,,,,,,,,,,,,,,,,,,,
rsg_object_detection,dropped_oldest,2275,rsg_20260806_151_154899999_002275,dropped,True,fifo_cached_frame,1767,209,0,1556,209,0,1,0.0,47.43531400163192,frame_fifo_full,,,,,,,,,,,,,,,,,,,,,,,,,,,,,,,,,,,,,,,,,,,,,,,,,,,,,,,,,,,,,,,,,,,,
rsg_object_detection,frame_trace,2266,rsg_20260806_150_604899999_002266,sent_to_hydra,,,,,,,,,,,588.8507939962437,ok,10.09194299695082,540.1126209908398,36.14642900356557,0.1643819996388629,35.98204700392671,0.00246299896389246,5.628426995826885,0.22198101214598864,282.4967780034058,26.21157100657001,0.007455979357473552,308.93778600147925,84.4737930019619,20.77744499547407,5.327471983036958,42.4880270002177,15.015452008810826,78.86184500239324,65.02103099774104,3.2695853005861863,26.85864626255352,19.404820981435478,9.491846998571418,6.879704000311904,3.043122007511556,3.8065980043029413,983.0,272.0,0.05081499693915248,0.018336009816266596,5.371662977267988,2.8957610193174332,0.4299809952499345,1.4659940061392263,0.6989329995121807,0.007327995263040066,174.23201799101662,10.081318992888555,0.13692601351067424,41.048946004593745,0.0471989915240556,5.701194007997401,5.147730000317097,0.09618999320082366,0.4572740144794807,3.6160410090815276,0.769524005590938,0.005183974280953407,2.497338005923666,8,0,8,0,0,,,,,,,,,,,,,,
rsg_object_detection,dropped_oldest,2277,rsg_20260806_151_254899999_002277,dropped,True,fifo_cached_frame,1769,210,0,1557,210,0,1,0.0,49.54020999139175,frame_fifo_full,,,,,,,,,,,,,,,,,,,,,,,,,,,,,,,,,,,,,,,,,,,,,,,,,,,,,,,,,,,,,,,,,,,,
rsg_object_detection,dropped_oldest,2278,rsg_20260806_151_304900000_002278,dropped,True,fifo_cached_frame,1770,210,0,1558,210,0,1,0.0,49.605904991040006,frame_fifo_full,,,,,,,,,,,,,,,,,,,,,,,,,,,,,,,,,,,,,,,,,,,,,,,,,,,,,,,,,,,,,,,,,,,,
rsg_object_detection,,489,rsg_20260806_39_254880000_000489,vlm_done,,,,,,,,,,,,ok,,,,,,,,,,,,,,,,,,,,,,,,,,,,,,,,,,,,,,,,,,,,,,,,,,,,,,,rsg_obj_000054,rsg_unknown_rsg_20260806_39_254880000_000489_004_nanosam_001,,,2,0.6755980736774704,ceiling_light,0.95,static,0.99,5430.707609993988,87383.91613100248,qwen_http,Qwen3-VL-8B-Instruct-GGUF
rsg_object_detection,completed,489,rsg_20260806_39_254880000_000489,,,,,,,,,,,81953.20695301052,,vlm_done,,,,,,,,,,,,,,,,,,,,,,,,,,,,,,,,,,,,,,,,,,,,,,,,,,,,,,,rsg_obj_000054,rsg_unknown_rsg_20260806_39_254880000_000489_004_nanosam_001,77,300,2,0.6755980736774704,,,,,,,,
rsg_object_detection,dropped_oldest,2279,rsg_20260806_151_354899999_002279,dropped,True,fifo_cached_frame,1771,210,0,1559,210,0,1,0.0,99.87810399616137,frame_fifo_full,,,,,,,,,,,,,,,,,,,,,,,,,,,,,,,,,,,,,,,,,,,,,,,,,,,,,,,,,,,,,,,,,,,,
rsg_object_detection,dropped_oldest,2280,rsg_20260806_151_454900000_002280,dropped,True,fifo_cached_frame,1772,210,0,1560,210,0,1,0.0,51.29013599071186,frame_fifo_full,,,,,,,,,,,,,,,,,,,,,,,,,,,,,,,,,,,,,,,,,,,,,,,,,,,,,,,,,,,,,,,,,,,,
rsg_object_detection,dequeued,498,rsg_20260806_39_854880000_000498,,,,,,,,,,,87099.6493499988,,fifo_order,,,,,,,,,,,,,,,,,,,,,,,,,,,,,,,,,,,,,,,,,,,,,,,,,,,,,,,rsg_obj_000061,rsg_unknown_rsg_20260806_39_854880000_000498_005_nanosam_001,76,300,1,0.7009088456903059,,,,,,,,
rsg_object_detection,dropped_oldest,2281,rsg_20260806_151_504899999_002281,dropped,True,fifo_cached_frame,1773,210,0,1561,210,0,1,0.0,75.96710600773804,frame_fifo_full,,,,,,,,,,,,,,,,,,,,,,,,,,,,,,,,,,,,,,,,,,,,,,,,,,,,,,,,,,,,,,,,,,,,
rsg_object_detection,dropped_oldest,2282,rsg_20260806_151_554900000_002282,dropped,True,fifo_cached_frame,1774,210,0,1562,210,0,1,0.0,34.769713995046914,frame_fifo_full,,,,,,,,,,,,,,,,,,,,,,,,,,,,,,,,,,,,,,,,,,,,,,,,,,,,,,,,,,,,,,,,,,,,
rsg_object_detection,dropped_oldest,2283,rsg_20260806_151_604899999_002283,dropped,True,fifo_cached_frame,1775,210,0,1563,210,0,1,0.0,93.48248800961301,frame_fifo_full,,,,,,,,,,,,,,,,,,,,,,,,,,,,,,,,,,,,,,,,,,,,,,,,,,,,,,,,,,,,,,,,,,,,
rsg_object_detection,dropped_oldest,2284,rsg_20260806_151_654899999_002284,dropped,True,fifo_cached_frame,1776,210,0,1564,210,0,1,0.0,3.0726889963261783,frame_fifo_full,,,,,,,,,,,,,,,,,,,,,,,,,,,,,,,,,,,,,,,,,,,,,,,,,,,,,,,,,,,,,,,,,,,,
rsg_object_detection,dropped_oldest,2285,rsg_20260806_151_704900000_002285,dropped,True,fifo_cached_frame,1777,210,0,1565,210,0,1,0.0,56.260876008309424,frame_fifo_full,,,,,,,,,,,,,,,,,,,,,,,,,,,,,,,,,,,,,,,,,,,,,,,,,,,,,,,,,,,,,,,,,,,,
rsg_object_detection,frame_trace,2276,rsg_20260806_151_204900000_002276,sent_to_hydra,,,,,,,,,,,571.7159519990673,ok,12.909308992675506,519.657187993289,37.098542001331225,0.14303800708148628,36.95550399424974,0.0033280084608122706,6.506524994620122,0.9336500079371035,230.02784499840345,18.194156989920884,0.009056006092578173,249.16470800235402,140.1610780012561,31.732736009871587,5.921672011027113,58.510794027824886,42.800313007319346,82.8281219874043,67.303781004739,2.335803277674131,29.716419259784743,18.191431285231374,8.90402622462716,9.672205997048877,3.5274340043542907,2.1208960097283125,826.0,275.0,0.0052800023695454,0.012352000339888036,3.4467640361981466,0.8858419751049951,0.3260429948568344,1.3123640092089772,0.29516300128307194,0.006144007784314454,229.27995199279394,2.5980409991461784,0.12742199760396034,31.93670000473503,0.043840002035722136,8.539966991520487,7.938696013297886,0.09279799996875226,0.5084729782538489,3.7399110005935654,0.6248229910852388,0.004608009476214647,2.0475850033108145,8,0,7,0,0,,,,,,,,,,,,,,
rsg_object_detection,dropped_oldest,2287,rsg_20260806_151_854899999_002287,dropped,True,fifo_cached_frame,1779,211,0,1566,211,0,1,0.0,50.46106000372674,frame_fifo_full,,,,,,,,,,,,,,,,,,,,,,,,,,,,,,,,,,,,,,,,,,,,,,,,,,,,,,,,,,,,,,,,,,,,
rsg_object_detection,dropped_oldest,2288,rsg_20260806_151_904899999_002288,dropped,True,fifo_cached_frame,1780,211,0,1567,211,0,1,0.0,48.85849299898837,frame_fifo_full,,,,,,,,,,,,,,,,,,,,,,,,,,,,,,,,,,,,,,,,,,,,,,,,,,,,,,,,,,,,,,,,,,,,
rsg_object_detection,dropped_oldest,2289,rsg_20260806_151_954900000_002289,dropped,True,fifo_cached_frame,1781,211,0,1568,211,0,1,0.0,101.02432600979228,frame_fifo_full,,,,,,,,,,,,,,,,,,,,,,,,,,,,,,,,,,,,,,,,,,,,,,,,,,,,,,,,,,,,,,,,,,,,
rsg_object_detection,dropped_oldest,2290,rsg_20260806_152_054900000_002290,dropped,True,fifo_cached_frame,1782,211,0,1569,211,0,1,0.0,51.952621011878364,frame_fifo_full,,,,,,,,,,,,,,,,,,,,,,,,,,,,,,,,,,,,,,,,,,,,,,,,,,,,,,,,,,,,,,,,,,,,
rsg_object_detection,dropped_oldest,2291,rsg_20260806_152_104899999_002291,dropped,True,fifo_cached_frame,1783,211,0,1570,211,0,1,0.0,62.6241079880856,frame_fifo_full,,,,,,,,,,,,,,,,,,,,,,,,,,,,,,,,,,,,,,,,,,,,,,,,,,,,,,,,,,,,,,,,,,,,
rsg_object_detection,dropped_oldest,2292,rsg_20260806_152_154899999_002292,dropped,True,fifo_cached_frame,1784,211,0,1571,211,0,1,0.0,54.619524991721846,frame_fifo_full,,,,,,,,,,,,,,,,,,,,,,,,,,,,,,,,,,,,,,,,,,,,,,,,,,,,,,,,,,,,,,,,,,,,
rsg_object_detection,dropped_oldest,2293,rsg_20260806_152_204900000_002293,dropped,True,fifo_cached_frame,1785,211,0,1572,211,0,1,0.0,34.00009300094098,frame_fifo_full,,,,,,,,,,,,,,,,,,,,,,,,,,,,,,,,,,,,,,,,,,,,,,,,,,,,,,,,,,,,,,,,,,,,
rsg_object_detection,dropped_oldest,2294,rsg_20260806_152_254899999_002294,dropped,True,fifo_cached_frame,1786,211,0,1573,211,0,1,0.0,61.21692901069764,frame_fifo_full,,,,,,,,,,,,,,,,,,,,,,,,,,,,,,,,,,,,,,,,,,,,,,,,,,,,,,,,,,,,,,,,,,,,
rsg_object_detection,frame_trace,2286,rsg_20260806_151_754899999_002286,sent_to_hydra,,,,,,,,,,,560.0200329936342,ok,14.252456996473484,512.4078579974594,31.130279996432364,0.13775799016002566,30.99252200627234,0.002272005076520145,1.514792995294556,0.18774101044982672,274.041930999374,23.698104996583425,0.0071359972935169935,297.9349130037008,88.35082099540159,21.12640101404395,12.746527019771747,34.00012600468472,19.562136018066667,79.38868599012494,65.8460440026829,3.3454852091381326,27.49130717711523,18.162334934459068,7.343247925746255,8.003334995009936,3.042706011910923,2.4442190042464063,832.0,277.0,0.004608009476214647,0.014528020983561873,3.5726810165215284,1.3300580030772835,0.42159800068475306,1.4024419942870736,0.29814000299666077,0.004287998308427632,174.78740199294407,3.715719998581335,0.14687700604554266,34.25964199414011,0.048511006752960384,9.839627004112117,9.208244999172166,0.09875099931377918,0.5326310056261718,3.6753690073965117,0.7325969927478582,0.004863992216996849,2.227165998192504,8,0,8,0,0,,,,,,,,,,,,,,
rsg_object_detection,dropped_oldest,2296,rsg_20260806_152_354899999_002296,dropped,True,fifo_cached_frame,1788,212,0,1574,212,0,1,0.0,49.67921601200942,frame_fifo_full,,,,,,,,,,,,,,,,,,,,,,,,,,,,,,,,,,,,,,,,,,,,,,,,,,,,,,,,,,,,,,,,,,,,
rsg_object_detection,dropped_oldest,2297,rsg_20260806_152_404899999_002297,dropped,True,fifo_cached_frame,1789,212,0,1575,212,0,1,0.0,43.3716959960293,frame_fifo_full,,,,,,,,,,,,,,,,,,,,,,,,,,,,,,,,,,,,,,,,,,,,,,,,,,,,,,,,,,,,,,,,,,,,
rsg_object_detection,dropped_oldest,2298,rsg_20260806_152_454900000_002298,dropped,True,fifo_cached_frame,1790,212,0,1576,212,0,1,0.0,104.61547199520282,frame_fifo_full,,,,,,,,,,,,,,,,,,,,,,,,,,,,,,,,,,,,,,,,,,,,,,,,,,,,,,,,,,,,,,,,,,,,
rsg_object_detection,dropped_oldest,2299,rsg_20260806_152_554900000_002299,dropped,True,fifo_cached_frame,1791,212,0,1577,212,0,1,0.0,49.85082900384441,frame_fifo_full,,,,,,,,,,,,,,,,,,,,,,,,,,,,,,,,,,,,,,,,,,,,,,,,,,,,,,,,,,,,,,,,,,,,
rsg_object_detection,dropped_oldest,2300,rsg_20260806_152_604899999_002300,dropped,True,fifo_cached_frame,1792,212,0,1578,212,0,1,0.0,109.84387299686205,frame_fifo_full,,,,,,,,,,,,,,,,,,,,,,,,,,,,,,,,,,,,,,,,,,,,,,,,,,,,,,,,,,,,,,,,,,,,
rsg_object_detection,dropped_oldest,2301,rsg_20260806_152_704900000_002301,dropped,True,fifo_cached_frame,1793,212,0,1579,212,0,1,0.0,57.900947009329684,frame_fifo_full,,,,,,,,,,,,,,,,,,,,,,,,,,,,,,,,,,,,,,,,,,,,,,,,,,,,,,,,,,,,,,,,,,,,
rsg_object_detection,frame_trace,2295,rsg_20260806_152_304900000_002295,sent_to_hydra,,,,,,,,,,,467.41500399366487,ok,13.681904994882643,413.1004990049405,38.478777001728304,0.17618900164961815,38.302588000078686,0.003006993210874498,5.933926004217938,0.23478099319618195,231.51697499270085,21.674296003766358,0.006624002708122134,253.43267599237151,34.502581984270364,13.68507398001384,3.1179050129139796,8.421057005762123,8.759771008044481,75.81152400234714,63.62806099059526,3.6296381731517613,36.67335186037235,11.103450000518933,6.677669225609861,6.811801009462215,2.9216199909569696,2.3967949964571744,755.0,280.0,0.004927991540171206,0.013247001334093511,3.1419680162798613,0.6379419792210683,0.30716400942765176,1.8073640094371513,0.5201199965085834,0.004959991201758385,116.75580000155605,5.333904002327472,0.13961301010567695,31.461348000448197,0.04323199391365051,9.380274001159705,8.661533007398248,0.10179099626839161,0.6169499974930659,3.611849999288097,0.6842769944341853,0.005504000000655651,2.1508159989025444,7,0,7,0,0,,,,,,,,,,,,,,
rsg_object_detection,dropped_oldest,2303,rsg_20260806_152_804900000_002303,dropped,True,fifo_cached_frame,1795,213,0,1580,213,0,1,0.0,40.36271700169891,frame_fifo_full,,,,,,,,,,,,,,,,,,,,,,,,,,,,,,,,,,,,,,,,,,,,,,,,,,,,,,,,,,,,,,,,,,,,
rsg_object_detection,dropped_oldest,2304,rsg_20260806_152_854899999_002304,dropped,True,fifo_cached_frame,1796,213,0,1581,213,0,1,0.0,51.75230400345754,frame_fifo_full,,,,,,,,,,,,,,,,,,,,,,,,,,,,,,,,,,,,,,,,,,,,,,,,,,,,,,,,,,,,,,,,,,,,
rsg_object_detection,dropped_oldest,2305,rsg_20260806_152_904899999_002305,dropped,True,fifo_cached_frame,1797,213,0,1582,213,0,1,0.0,49.990635001449846,frame_fifo_full,,,,,,,,,,,,,,,,,,,,,,,,,,,,,,,,,,,,,,,,,,,,,,,,,,,,,,,,,,,,,,,,,,,,
rsg_object_detection,dropped_oldest,2306,rsg_20260806_152_954900000_002306,dropped,True,fifo_cached_frame,1798,213,0,1583,213,0,1,0.0,51.84132800786756,frame_fifo_full,,,,,,,,,,,,,,,,,,,,,,,,,,,,,,,,,,,,,,,,,,,,,,,,,,,,,,,,,,,,,,,,,,,,
rsg_object_detection,dropped_oldest,2307,rsg_20260806_153_004899999_002307,dropped,True,fifo_cached_frame,1799,213,0,1584,213,0,1,0.0,49.663377008982934,frame_fifo_full,,,,,,,,,,,,,,,,,,,,,,,,,,,,,,,,,,,,,,,,,,,,,,,,,,,,,,,,,,,,,,,,,,,,
rsg_object_detection,dropped_oldest,2308,rsg_20260806_153_054900000_002308,dropped,True,fifo_cached_frame,1800,213,0,1585,213,0,1,0.0,48.88614000810776,frame_fifo_full,,,,,,,,,,,,,,,,,,,,,,,,,,,,,,,,,,,,,,,,,,,,,,,,,,,,,,,,,,,,,,,,,,,,
rsg_object_detection,dropped_oldest,2309,rsg_20260806_153_104899999_002309,dropped,True,fifo_cached_frame,1801,213,0,1586,213,0,1,0.0,119.25413100107107,frame_fifo_full,,,,,,,,,,,,,,,,,,,,,,,,,,,,,,,,,,,,,,,,,,,,,,,,,,,,,,,,,,,,,,,,,,,,
rsg_object_detection,dropped_oldest,2310,rsg_20260806_153_154899999_002310,dropped,True,fifo_cached_frame,1802,213,0,1587,213,0,1,0.0,17.92516899877228,frame_fifo_full,,,,,,,,,,,,,,,,,,,,,,,,,,,,,,,,,,,,,,,,,,,,,,,,,,,,,,,,,,,,,,,,,,,,
rsg_object_detection,dropped_oldest,2311,rsg_20260806_153_204900000_002311,dropped,True,fifo_cached_frame,1803,213,0,1588,213,0,1,0.0,14.840064002783038,frame_fifo_full,,,,,,,,,,,,,,,,,,,,,,,,,,,,,,,,,,,,,,,,,,,,,,,,,,,,,,,,,,,,,,,,,,,,
rsg_object_detection,frame_trace,2302,rsg_20260806_152_754899999_002302,sent_to_hydra,,,,,,,,,,,545.863000996178,ok,9.948873004759662,500.189197002328,33.37402299803216,0.13660600234288722,33.23741699568927,0.003583991201594472,1.9433630077401176,0.19654100469779223,288.4107059944654,25.120067002717406,0.007007998647168279,313.73432200052775,64.94554398523178,23.3734049834311,3.6627930094255134,26.032341018435545,11.19202098925598,78.31523098866455,65.08413499977905,2.733663859544322,29.56032392103225,13.074462927761488,11.653691064566374,7.631531989318319,3.103792987531051,2.4463309964630753,781.0,282.0,0.004576009814627469,0.014335993910208344,3.2819680200191215,0.8737479947740212,0.37640801747329533,1.4348900003824383,0.276987993856892,0.0045439956011250615,149.52717699634377,2.6390319981146604,0.15529399388469756,32.13855299691204,0.05145600880496204,5.717224994441494,5.019636009819806,0.106175008113496,0.5914139765081927,3.510507012833841,0.7161169924074784,0.0050240050768479705,2.3473239998565987,8,0,8,0,0,,,,,,,,,,,,,,
rsg_object_detection,dropped_oldest,2313,rsg_20260806_153_354899999_002313,dropped,True,fifo_cached_frame,1805,214,0,1589,214,0,1,0.0,47.71991798770614,frame_fifo_full,,,,,,,,,,,,,,,,,,,,,,,,,,,,,,,,,,,,,,,,,,,,,,,,,,,,,,,,,,,,,,,,,,,,
rsg_object_detection,dropped_oldest,2314,rsg_20260806_153_404899999_002314,dropped,True,fifo_cached_frame,1806,214,0,1590,214,0,1,0.0,48.97570700268261,frame_fifo_full,,,,,,,,,,,,,,,,,,,,,,,,,,,,,,,,,,,,,,,,,,,,,,,,,,,,,,,,,,,,,,,,,,,,
rsg_object_detection,dropped_oldest,2315,rsg_20260806_153_454900000_002315,dropped,True,fifo_cached_frame,1807,214,0,1591,214,0,1,0.0,53.50443899806123,frame_fifo_full,,,,,,,,,,,,,,,,,,,,,,,,,,,,,,,,,,,,,,,,,,,,,,,,,,,,,,,,,,,,,,,,,,,,
rsg_object_detection,dropped_oldest,2316,rsg_20260806_153_504899999_002316,dropped,True,fifo_cached_frame,1808,214,0,1592,214,0,1,0.0,52.59926799044479,frame_fifo_full,,,,,,,,,,,,,,,,,,,,,,,,,,,,,,,,,,,,,,,,,,,,,,,,,,,,,,,,,,,,,,,,,,,,
rsg_object_detection,dropped_oldest,2317,rsg_20260806_153_554900000_002317,dropped,True,fifo_cached_frame,1809,214,0,1593,214,0,1,0.0,47.09951100812759,frame_fifo_full,,,,,,,,,,,,,,,,,,,,,,,,,,,,,,,,,,,,,,,,,,,,,,,,,,,,,,,,,,,,,,,,,,,,
rsg_object_detection,dropped_oldest,2318,rsg_20260806_153_604899999_002318,dropped,True,fifo_cached_frame,1810,214,0,1594,214,0,1,0.0,48.22429400519468,frame_fifo_full,,,,,,,,,,,,,,,,,,,,,,,,,,,,,,,,,,,,,,,,,,,,,,,,,,,,,,,,,,,,,,,,,,,,
rsg_object_detection,dropped_oldest,2319,rsg_20260806_153_654899999_002319,dropped,True,fifo_cached_frame,1811,214,0,1595,214,0,1,0.0,101.80665100051556,frame_fifo_full,,,,,,,,,,,,,,,,,,,,,,,,,,,,,,,,,,,,,,,,,,,,,,,,,,,,,,,,,,,,,,,,,,,,
rsg_object_detection,frame_trace,2312,rsg_20260806_153_254899999_002312,sent_to_hydra,,,,,,,,,,,558.3863329957239,ok,10.623198992107064,458.1483619986102,87.40402100374922,0.1359979942208156,87.2680230095284,0.0035519915400072932,1.1463499977253377,0.19942100334446877,280.9898279956542,19.812915998045355,0.006880000000819564,301.00904499704484,51.39227797917556,22.78861500963103,4.1757439757930115,11.693263979395851,11.992746978648938,62.77962599415332,47.119573995587416,2.4329531006515026,20.28215028985869,11.532256889040582,7.570539019070566,5.591244000243023,7.343535995460115,2.6684400072554126,794.0,283.0,0.005631998647004366,0.014560006093233824,3.1513459980487823,0.7242109859362245,0.3220110374968499,1.5425369929289445,0.2883790002670139,0.005088004400022328,120.22323600831442,2.4143640039255843,0.1358379959128797,33.17089000483975,0.04863899084739387,6.212993990629911,5.495021003298461,0.11126200843136758,0.6067109789000824,3.6940559948561713,0.7115409971447662,0.004608009476214647,2.207199009717442,8,0,8,0,0,,,,,,,,,,,,,,
rsg_object_detection,dropped_oldest,2321,rsg_20260806_153_854899999_002321,dropped,True,fifo_cached_frame,1813,215,0,1596,215,0,1,0.0,47.597423996194266,frame_fifo_full,,,,,,,,,,,,,,,,,,,,,,,,,,,,,,,,,,,,,,,,,,,,,,,,,,,,,,,,,,,,,,,,,,,,
rsg_object_detection,dropped_oldest,2322,rsg_20260806_153_904899999_002322,dropped,True,fifo_cached_frame,1814,215,0,1597,215,0,1,0.0,49.80340600013733,frame_fifo_full,,,,,,,,,,,,,,,,,,,,,,,,,,,,,,,,,,,,,,,,,,,,,,,,,,,,,,,,,,,,,,,,,,,,
rsg_object_detection,dropped_oldest,2323,rsg_20260806_153_954900000_002323,dropped,True,fifo_cached_frame,1815,215,0,1598,215,0,1,0.0,53.75445001118351,frame_fifo_full,,,,,,,,,,,,,,,,,,,,,,,,,,,,,,,,,,,,,,,,,,,,,,,,,,,,,,,,,,,,,,,,,,,,
rsg_object_detection,dropped_oldest,2324,rsg_20260806_154_004899999_002324,dropped,True,fifo_cached_frame,1816,215,0,1599,215,0,1,0.0,98.30635199614335,frame_fifo_full,,,,,,,,,,,,,,,,,,,,,,,,,,,,,,,,,,,,,,,,,,,,,,,,,,,,,,,,,,,,,,,,,,,,
rsg_object_detection,dropped_oldest,2325,rsg_20260806_154_104899999_002325,dropped,True,fifo_cached_frame,1817,215,0,1600,215,0,1,0.0,51.616979006212205,frame_fifo_full,,,,,,,,,,,,,,,,,,,,,,,,,,,,,,,,,,,,,,,,,,,,,,,,,,,,,,,,,,,,,,,,,,,,
rsg_object_detection,dropped_oldest,2326,rsg_20260806_154_154899999_002326,dropped,True,fifo_cached_frame,1818,215,0,1601,215,0,1,0.0,66.70743899303488,frame_fifo_full,,,,,,,,,,,,,,,,,,,,,,,,,,,,,,,,,,,,,,,,,,,,,,,,,,,,,,,,,,,,,,,,,,,,
rsg_object_detection,dropped_oldest,2327,rsg_20260806_154_204900000_002327,dropped,True,fifo_cached_frame,1819,215,0,1602,215,0,1,0.0,56.453642013366334,frame_fifo_full,,,,,,,,,,,,,,,,,,,,,,,,,,,,,,,,,,,,,,,,,,,,,,,,,,,,,,,,,,,,,,,,,,,,
rsg_object_detection,dropped_oldest,2328,rsg_20260806_154_254899999_002328,dropped,True,fifo_cached_frame,1820,215,0,1603,215,0,1,0.0,34.10287600127049,frame_fifo_full,,,,,,,,,,,,,,,,,,,,,,,,,,,,,,,,,,,,,,,,,,,,,,,,,,,,,,,,,,,,,,,,,,,,
rsg_object_detection,dropped_oldest,2329,rsg_20260806_154_304900000_002329,dropped,True,fifo_cached_frame,1821,215,0,1604,215,0,1,0.0,54.173484997591004,frame_fifo_full,,,,,,,,,,,,,,,,,,,,,,,,,,,,,,,,,,,,,,,,,,,,,,,,,,,,,,,,,,,,,,,,,,,,
rsg_object_detection,frame_trace,2320,rsg_20260806_153_754899999_002320,sent_to_hydra,,,,,,,,,,,622.5773300102446,ok,13.789807009743527,524.3600640096702,82.66905300843064,0.1523180108051747,82.51673499762546,0.001983993570320308,1.158190003479831,0.1925410033436492,292.98631800338626,25.68700299889315,0.006432004738599062,318.87229401036166,89.34024797054008,19.793748040683568,5.060500028776005,38.9785449806368,24.8177359753754,75.48349800345022,62.198162006097846,1.8973480619024485,20.958984925528057,29.484830170986243,4.8675439320504665,8.175013004802167,3.121615998679772,1.9368670036783442,568.0,93.0,0.0042239989852532744,0.014495017239823937,3.5481060040183365,1.1580650025280192,0.32709602965041995,1.5841360000194982,0.3122509951936081,0.004799992893822491,171.77688800438773,3.4213570033898577,0.17142100841738284,28.911658009747043,0.048255969886668026,9.091029991395772,8.406656997976825,0.10726199252530932,0.5771110008936375,3.904740995494649,0.7886280072852969,0.005408015567809343,1.7564219888299704,8,0,8,0,0,,,,,,,,,,,,,,
rsg_object_detection,dropped_oldest,2331,rsg_20260806_154_404899999_002331,dropped,True,fifo_cached_frame,1823,216,0,1605,216,0,1,0.0,57.23987000237685,frame_fifo_full,,,,,,,,,,,,,,,,,,,,,,,,,,,,,,,,,,,,,,,,,,,,,,,,,,,,,,,,,,,,,,,,,,,,
rsg_object_detection,dropped_oldest,2332,rsg_20260806_154_454900000_002332,dropped,True,fifo_cached_frame,1824,216,0,1606,216,0,1,0.0,39.92093200213276,frame_fifo_full,,,,,,,,,,,,,,,,,,,,,,,,,,,,,,,,,,,,,,,,,,,,,,,,,,,,,,,,,,,,,,,,,,,,
rsg_object_detection,dropped_oldest,2333,rsg_20260806_154_504899999_002333,dropped,True,fifo_cached_frame,1825,216,0,1607,216,0,1,0.0,53.33724099909887,frame_fifo_full,,,,,,,,,,,,,,,,,,,,,,,,,,,,,,,,,,,,,,,,,,,,,,,,,,,,,,,,,,,,,,,,,,,,
rsg_object_detection,dropped_oldest,2334,rsg_20260806_154_554900000_002334,dropped,True,fifo_cached_frame,1826,216,0,1608,216,0,1,0.0,54.26893899857532,frame_fifo_full,,,,,,,,,,,,,,,,,,,,,,,,,,,,,,,,,,,,,,,,,,,,,,,,,,,,,,,,,,,,,,,,,,,,
rsg_object_detection,dropped_oldest,2335,rsg_20260806_154_604899999_002335,dropped,True,fifo_cached_frame,1827,216,0,1609,216,0,1,0.0,47.846764005953446,frame_fifo_full,,,,,,,,,,,,,,,,,,,,,,,,,,,,,,,,,,,,,,,,,,,,,,,,,,,,,,,,,,,,,,,,,,,,
rsg_object_detection,dropped_oldest,2336,rsg_20260806_154_654899999_002336,dropped,True,fifo_cached_frame,1828,216,0,1610,216,0,1,0.0,96.29988600499928,frame_fifo_full,,,,,,,,,,,,,,,,,,,,,,,,,,,,,,,,,,,,,,,,,,,,,,,,,,,,,,,,,,,,,,,,,,,,
rsg_object_detection,dropped_oldest,2337,rsg_20260806_154_754899999_002337,dropped,True,fifo_cached_frame,1829,216,0,1611,216,0,1,0.0,74.73694899817929,frame_fifo_full,,,,,,,,,,,,,,,,,,,,,,,,,,,,,,,,,,,,,,,,,,,,,,,,,,,,,,,,,,,,,,,,,,,,
rsg_object_detection,dropped_oldest,2338,rsg_20260806_154_804900000_002338,dropped,True,fifo_cached_frame,1830,216,0,1612,216,0,1,0.0,27.520799994817935,frame_fifo_full,,,,,,,,,,,,,,,,,,,,,,,,,,,,,,,,,,,,,,,,,,,,,,,,,,,,,,,,,,,,,,,,,,,,
rsg_object_detection,dropped_oldest,2339,rsg_20260806_154_854899999_002339,dropped,True,fifo_cached_frame,1831,216,0,1613,216,0,1,0.0,53.686996005126275,frame_fifo_full,,,,,,,,,,,,,,,,,,,,,,,,,,,,,,,,,,,,,,,,,,,,,,,,,,,,,,,,,,,,,,,,,,,,
rsg_object_detection,frame_trace,2330,rsg_20260806_154_354899999_002330,sent_to_hydra,,,,,,,,,,,545.674078995944,ok,17.611798000871204,495.10197999188676,30.445587006397545,0.14710200775880367,30.29848499863874,0.004320012521930039,3.2474069885211065,0.22793299285694957,298.2894379965728,24.723306007217616,0.006272006430663168,323.24694900307804,48.97673199593555,25.735291972523555,4.25606501812581,6.635258992901072,11.581712009501643,65.61865498952102,53.008446004241705,2.6886649284278974,23.786173871485516,12.604982999619097,7.153489888878539,6.903639994561672,3.186160000041127,2.468859005603008,817.0,287.0,0.006399000994861126,0.01638398680370301,3.866694009047933,3.334446984808892,0.38703101745340973,1.388650998705998,0.43304900464136153,0.0038080033846199512,124.02794699301012,10.815517001901753,0.135709997266531,33.57773199968506,0.050718008424155414,7.941703996038996,7.242546998895705,0.1035510067595169,0.595605990383774,8.959673010394908,0.7062930089887232,0.00412798544857651,2.510393984266557,8,0,8,0,0,,,,,,,,,,,,,,
rsg_object_detection,dropped_oldest,2341,rsg_20260806_154_954900000_002341,dropped,True,fifo_cached_frame,1833,217,0,1614,217,0,1,0.0,35.58752599928994,frame_fifo_full,,,,,,,,,,,,,,,,,,,,,,,,,,,,,,,,,,,,,,,,,,,,,,,,,,,,,,,,,,,,,,,,,,,,
rsg_object_detection,dropped_oldest,2342,rsg_20260806_155_004899999_002342,dropped,True,fifo_cached_frame,1834,217,0,1615,217,0,1,0.0,48.40848399908282,frame_fifo_full,,,,,,,,,,,,,,,,,,,,,,,,,,,,,,,,,,,,,,,,,,,,,,,,,,,,,,,,,,,,,,,,,,,,
rsg_object_detection,dropped_oldest,2343,rsg_20260806_155_054900000_002343,dropped,True,fifo_cached_frame,1835,217,0,1616,217,0,1,0.0,52.96403099782765,frame_fifo_full,,,,,,,,,,,,,,,,,,,,,,,,,,,,,,,,,,,,,,,,,,,,,,,,,,,,,,,,,,,,,,,,,,,,
rsg_object_detection,dropped_oldest,2344,rsg_20260806_155_104899999_002344,dropped,True,fifo_cached_frame,1836,217,0,1617,217,0,1,0.0,61.28777700359933,frame_fifo_full,,,,,,,,,,,,,,,,,,,,,,,,,,,,,,,,,,,,,,,,,,,,,,,,,,,,,,,,,,,,,,,,,,,,
rsg_object_detection,dropped_oldest,2345,rsg_20260806_155_154899999_002345,dropped,True,fifo_cached_frame,1837,217,0,1618,217,0,1,0.0,38.2958679983858,frame_fifo_full,,,,,,,,,,,,,,,,,,,,,,,,,,,,,,,,,,,,,,,,,,,,,,,,,,,,,,,,,,,,,,,,,,,,
rsg_object_detection,dropped_oldest,2346,rsg_20260806_155_204900000_002346,dropped,True,fifo_cached_frame,1838,217,0,1619,217,0,1,0.0,59.39209301141091,frame_fifo_full,,,,,,,,,,,,,,,,,,,,,,,,,,,,,,,,,,,,,,,,,,,,,,,,,,,,,,,,,,,,,,,,,,,,
rsg_object_detection,dropped_oldest,2347,rsg_20260806_155_254899999_002347,dropped,True,fifo_cached_frame,1839,217,0,1620,217,0,1,0.0,58.853380993241444,frame_fifo_full,,,,,,,,,,,,,,,,,,,,,,,,,,,,,,,,,,,,,,,,,,,,,,,,,,,,,,,,,,,,,,,,,,,,
rsg_object_detection,dropped_oldest,2348,rsg_20260806_155_304900000_002348,dropped,True,fifo_cached_frame,1840,217,0,1621,217,0,1,0.0,82.22982799634337,frame_fifo_full,,,,,,,,,,,,,,,,,,,,,,,,,,,,,,,,,,,,,,,,,,,,,,,,,,,,,,,,,,,,,,,,,,,,
rsg_object_detection,frame_trace,2340,rsg_20260806_154_904899999_002340,sent_to_hydra,,,,,,,,,,,504.75984999502543,ok,13.690480991499498,463.7470309971832,25.446558007388376,0.175484994542785,25.27107301284559,0.002272005076520145,1.200622005853802,0.16518199117854238,281.1084499990102,9.942536999005824,0.007296010153368115,291.2234649993479,85.33269302279223,10.55779198941309,3.823396997177042,53.5997650003992,16.952545003732666,55.24863599566743,50.800543001969345,2.1156218426767737,26.933440880384296,7.2360808262601495,11.09801088750828,1.3164279953343794,1.2971649994142354,1.7874930053949356,588.0,292.0,0.005376001354306936,0.00956801522988826,1.8022130097961053,0.8108029724098742,0.2613729884615168,0.9765610011527315,0.32412300060968846,0.004928006092086434,144.78113800578285,1.8719079962465912,0.13756500266026706,24.4827659917064,0.04956699558533728,9.317970994743519,8.598846005043015,0.1253100053872913,0.5938149843132123,3.858245996525511,0.5088559992145747,0.005408001015894115,1.8735079938778654,5,0,5,0,0,,,,,,,,,,,,,,
rsg_object_detection,dropped_oldest,2350,rsg_20260806_155_454900000_002350,dropped,True,fifo_cached_frame,1842,218,0,1622,218,0,1,0.0,37.64243899786379,frame_fifo_full,,,,,,,,,,,,,,,,,,,,,,,,,,,,,,,,,,,,,,,,,,,,,,,,,,,,,,,,,,,,,,,,,,,,
rsg_object_detection,dropped_oldest,2351,rsg_20260806_155_504899999_002351,dropped,True,fifo_cached_frame,1843,218,0,1623,218,0,1,0.0,50.52630700811278,frame_fifo_full,,,,,,,,,,,,,,,,,,,,,,,,,,,,,,,,,,,,,,,,,,,,,,,,,,,,,,,,,,,,,,,,,,,,
rsg_object_detection,dropped_oldest,2352,rsg_20260806_155_554900000_002352,dropped,True,fifo_cached_frame,1844,218,0,1624,218,0,1,0.0,58.37146900012158,frame_fifo_full,,,,,,,,,,,,,,,,,,,,,,,,,,,,,,,,,,,,,,,,,,,,,,,,,,,,,,,,,,,,,,,,,,,,
rsg_object_detection,dropped_oldest,2353,rsg_20260806_155_604899999_002353,dropped,True,fifo_cached_frame,1845,218,0,1625,218,0,1,0.0,45.097366004483774,frame_fifo_full,,,,,,,,,,,,,,,,,,,,,,,,,,,,,,,,,,,,,,,,,,,,,,,,,,,,,,,,,,,,,,,,,,,,
rsg_object_detection,dropped_oldest,2354,rsg_20260806_155_654899999_002354,dropped,True,fifo_cached_frame,1846,218,0,1626,218,0,1,0.0,46.85282699938398,frame_fifo_full,,,,,,,,,,,,,,,,,,,,,,,,,,,,,,,,,,,,,,,,,,,,,,,,,,,,,,,,,,,,,,,,,,,,
rsg_object_detection,dropped_oldest,2355,rsg_20260806_155_704900000_002355,dropped,True,fifo_cached_frame,1847,218,0,1627,218,0,1,0.0,68.3569180109771,frame_fifo_full,,,,,,,,,,,,,,,,,,,,,,,,,,,,,,,,,,,,,,,,,,,,,,,,,,,,,,,,,,,,,,,,,,,,
rsg_object_detection,dropped_oldest,2356,rsg_20260806_155_754899999_002356,dropped,True,fifo_cached_frame,1848,218,0,1628,218,0,1,0.0,33.70061000168789,frame_fifo_full,,,,,,,,,,,,,,,,,,,,,,,,,,,,,,,,,,,,,,,,,,,,,,,,,,,,,,,,,,,,,,,,,,,,
rsg_object_detection,dropped_oldest,2357,rsg_20260806_155_804900000_002357,dropped,True,fifo_cached_frame,1849,218,0,1629,218,0,1,0.0,61.70249098795466,frame_fifo_full,,,,,,,,,,,,,,,,,,,,,,,,,,,,,,,,,,,,,,,,,,,,,,,,,,,,,,,,,,,,,,,,,,,,
rsg_object_detection,frame_trace,2349,rsg_20260806_155_404899999_002349,sent_to_hydra,,,,,,,,,,,473.14288999768905,ok,13.076729999738745,433.0386010115035,25.11952399800066,0.1381740003125742,24.981349997688085,0.003616005415096879,1.0105130058946088,0.16556600166950375,284.8424420080846,9.21093299984932,0.00841599830891937,294.22735700791236,27.24826001212932,9.84286199673079,2.620310988277197,6.833238992840052,7.5595329981297255,77.16462499229237,71.48087098903488,1.881508927908726,25.59836281579919,11.601393052842468,13.366865008720197,2.2382379975169897,1.3624109997181222,2.001442000619136,612.0,292.0,0.005759997293353081,0.011936019291169941,2.460667004925199,1.0441439953865483,0.3026189951924607,1.0242410062346607,0.2929869951913133,0.004640009137801826,109.5622459979495,1.7200380098074675,0.12722999963443726,26.349330000812188,0.04188698949292302,8.585917996242642,7.8485209960490465,0.11497401283122599,0.6224229873623699,3.9237159944605082,0.5616879934677854,0.005408015567809343,1.9044189830310643,5,0,5,0,0,,,,,,,,,,,,,,
rsg_object_detection,dropped_oldest,2359,rsg_20260806_155_904899999_002359,dropped,True,fifo_cached_frame,1851,219,0,1630,219,0,1,0.0,47.529201008728705,frame_fifo_full,,,,,,,,,,,,,,,,,,,,,,,,,,,,,,,,,,,,,,,,,,,,,,,,,,,,,,,,,,,,,,,,,,,,
rsg_object_detection,dropped_oldest,2360,rsg_20260806_155_954900000_002360,dropped,True,fifo_cached_frame,1852,219,0,1631,219,0,1,0.0,151.70135301013943,frame_fifo_full,,,,,,,,,,,,,,,,,,,,,,,,,,,,,,,,,,,,,,,,,,,,,,,,,,,,,,,,,,,,,,,,,,,,
rsg_object_detection,dropped_oldest,2361,rsg_20260806_156_104899999_002361,dropped,True,fifo_cached_frame,1853,219,0,1632,219,0,1,0.0,50.0712420034688,frame_fifo_full,,,,,,,,,,,,,,,,,,,,,,,,,,,,,,,,,,,,,,,,,,,,,,,,,,,,,,,,,,,,,,,,,,,,
rsg_object_detection,dropped_oldest,2362,rsg_20260806_156_154899999_002362,dropped,True,fifo_cached_frame,1854,219,0,1633,219,0,1,0.0,48.56617700716015,frame_fifo_full,,,,,,,,,,,,,,,,,,,,,,,,,,,,,,,,,,,,,,,,,,,,,,,,,,,,,,,,,,,,,,,,,,,,
rsg_object_detection,dropped_oldest,2363,rsg_20260806_156_204900000_002363,dropped,True,fifo_cached_frame,1855,219,0,1634,219,0,1,0.0,51.20165699918289,frame_fifo_full,,,,,,,,,,,,,,,,,,,,,,,,,,,,,,,,,,,,,,,,,,,,,,,,,,,,,,,,,,,,,,,,,,,,
rsg_object_detection,dropped_oldest,2364,rsg_20260806_156_254899999_002364,dropped,True,fifo_cached_frame,1856,219,0,1635,219,0,1,0.0,62.99475899140816,frame_fifo_full,,,,,,,,,,,,,,,,,,,,,,,,,,,,,,,,,,,,,,,,,,,,,,,,,,,,,,,,,,,,,,,,,,,,
rsg_object_detection,dropped_oldest,2365,rsg_20260806_156_304900000_002365,dropped,True,fifo_cached_frame,1857,219,0,1636,219,0,1,0.0,61.838617009925656,frame_fifo_full,,,,,,,,,,,,,,,,,,,,,,,,,,,,,,,,,,,,,,,,,,,,,,,,,,,,,,,,,,,,,,,,,,,,
rsg_object_detection,frame_trace,2358,rsg_20260806_155_854899999_002358,sent_to_hydra,,,,,,,,,,,525.5355380068067,ok,11.20191000518389,484.665979995043,27.07290300168097,0.1451499992981553,26.927753002382815,0.002911998308263719,2.9695550038013607,0.21199601178523153,273.82302600017283,19.127805993775837,0.009184004738926888,293.1720120104728,51.45304500183556,17.793907987652346,3.8053809839766473,20.754182027303614,8.46153701422736,84.40381201216951,70.7424499996705,3.5592366475611925,35.01449796021916,15.554630212136544,8.96069586451631,7.629101004567929,3.070513004786335,2.912276002462022,1041.0,293.0,0.0053440016927197576,0.013599987141788006,3.1408170179929584,1.2301899841986597,0.3544899809639901,1.3277239922899753,0.5684720090357587,0.003744004061445594,142.50162099779118,4.08089799748268,0.14230200031306595,41.75453599600587,0.04505598917603493,6.328319999738596,5.7299609907204285,0.1110700104618445,0.48728899855632335,4.139233002206311,0.7280209974851459,0.006336005753837526,2.591833006590605,8,0,8,0,0,,,,,,,,,,,,,,
rsg_object_detection,dropped_oldest,2367,rsg_20260806_156_404899999_002367,dropped,True,fifo_cached_frame,1859,220,0,1637,220,0,1,0.0,31.576257999404334,frame_fifo_full,,,,,,,,,,,,,,,,,,,,,,,,,,,,,,,,,,,,,,,,,,,,,,,,,,,,,,,,,,,,,,,,,,,,
rsg_object_detection,dropped_oldest,2368,rsg_20260806_156_454900000_002368,dropped,True,fifo_cached_frame,1860,220,0,1638,220,0,1,0.0,63.684508990263566,frame_fifo_full,,,,,,,,,,,,,,,,,,,,,,,,,,,,,,,,,,,,,,,,,,,,,,,,,,,,,,,,,,,,,,,,,,,,
rsg_object_detection,dropped_oldest,2369,rsg_20260806_156_504899999_002369,dropped,True,fifo_cached_frame,1861,220,0,1639,220,0,1,0.0,34.605748995090835,frame_fifo_full,,,,,,,,,,,,,,,,,,,,,,,,,,,,,,,,,,,,,,,,,,,,,,,,,,,,,,,,,,,,,,,,,,,,
rsg_object_detection,dropped_oldest,2370,rsg_20260806_156_554900000_002370,dropped,True,fifo_cached_frame,1862,220,0,1640,220,0,1,0.0,49.5325310039334,frame_fifo_full,,,,,,,,,,,,,,,,,,,,,,,,,,,,,,,,,,,,,,,,,,,,,,,,,,,,,,,,,,,,,,,,,,,,
rsg_object_detection,dropped_oldest,2371,rsg_20260806_156_604899999_002371,dropped,True,fifo_cached_frame,1863,220,0,1641,220,0,1,0.0,50.44550899765454,frame_fifo_full,,,,,,,,,,,,,,,,,,,,,,,,,,,,,,,,,,,,,,,,,,,,,,,,,,,,,,,,,,,,,,,,,,,,
rsg_object_detection,dropped_oldest,2372,rsg_20260806_156_654899999_002372,dropped,True,fifo_cached_frame,1864,220,0,1642,220,0,1,0.0,50.987676993827336,frame_fifo_full,,,,,,,,,,,,,,,,,,,,,,,,,,,,,,,,,,,,,,,,,,,,,,,,,,,,,,,,,,,,,,,,,,,,
rsg_object_detection,dropped_oldest,2373,rsg_20260806_156_704900000_002373,dropped,True,fifo_cached_frame,1865,220,0,1643,220,0,1,0.0,100.96829700341914,frame_fifo_full,,,,,,,,,,,,,,,,,,,,,,,,,,,,,,,,,,,,,,,,,,,,,,,,,,,,,,,,,,,,,,,,,,,,
rsg_object_detection,,498,rsg_20260806_39_854880000_000498,vlm_done,,,,,,,,,,,,ok,,,,,,,,,,,,,,,,,,,,,,,,,,,,,,,,,,,,,,,,,,,,,,,,,,,,,,,rsg_obj_000061,rsg_unknown_rsg_20260806_39_854880000_000498_005_nanosam_001,,,1,0.7009088456903059,ceiling_light,0.97,static,0.99,5291.795020995778,92391.44571499492,qwen_http,Qwen3-VL-8B-Instruct-GGUF
rsg_object_detection,completed,498,rsg_20260806_39_854880000_000498,,,,,,,,,,,87099.6493499988,,vlm_done,,,,,,,,,,,,,,,,,,,,,,,,,,,,,,,,,,,,,,,,,,,,,,,,,,,,,,,rsg_obj_000061,rsg_unknown_rsg_20260806_39_854880000_000498_005_nanosam_001,79,300,1,0.7009088456903059,,,,,,,,
rsg_object_detection,dropped_oldest,2374,rsg_20260806_156_804900000_002374,dropped,True,fifo_cached_frame,1866,220,0,1644,220,0,1,0.0,71.75693000317551,frame_fifo_full,,,,,,,,,,,,,,,,,,,,,,,,,,,,,,,,,,,,,,,,,,,,,,,,,,,,,,,,,,,,,,,,,,,,
rsg_object_detection,dropped_oldest,2375,rsg_20260806_156_854899999_002375,dropped,True,fifo_cached_frame,1867,220,0,1645,220,0,1,0.0,27.952345000812784,frame_fifo_full,,,,,,,,,,,,,,,,,,,,,,,,,,,,,,,,,,,,,,,,,,,,,,,,,,,,,,,,,,,,,,,,,,,,
rsg_object_detection,dropped_oldest,2376,rsg_20260806_156_904899999_002376,dropped,True,fifo_cached_frame,1868,220,0,1646,220,0,1,0.0,51.742800991632976,frame_fifo_full,,,,,,,,,,,,,,,,,,,,,,,,,,,,,,,,,,,,,,,,,,,,,,,,,,,,,,,,,,,,,,,,,,,,
rsg_object_detection,frame_trace,2366,rsg_20260806_156_354899999_002366,sent_to_hydra,,,,,,,,,,,587.9612179996911,ok,15.077916003065184,529.632532998221,41.58068299875595,0.15302099927794188,41.427661999478005,0.0030719966161996126,5.089490994578227,0.34002600295934826,301.19157300214283,26.6438529943116,0.010272007784806192,328.1857240071986,82.177796997712,33.66329602431506,5.123379989527166,16.767488996265456,25.916985017829575,76.42124401172623,60.0005960004637,1.753217336954549,29.25916315871291,17.3213090893114,5.504436936462298,10.81350099411793,3.5524580016499385,1.7845170077634975,641.0,95.0,0.004768007784150541,0.014271019608713686,3.3580290037207305,1.38420399161987,0.3942659968743101,1.3677870010724291,0.4768250073539093,0.004255998646840453,165.60412000399083,4.400701000122353,0.13775800471194088,26.172276004217565,0.04246298340149224,10.631872006342746,10.02570500713773,0.09308700100518763,0.513079998199828,3.7672709877369925,0.6738130032317713,0.004960005753673613,1.6670140030328184,8,0,7,0,0,,,,,,,,,,,,,,
rsg_object_detection,dequeued,515,rsg_20260806_40_804879999_000515,,,,,,,,,,,92531.84479600168,,fifo_order,,,,,,,,,,,,,,,,,,,,,,,,,,,,,,,,,,,,,,,,,,,,,,,,,,,,,,,rsg_obj_000064,rsg_unknown_rsg_20260806_40_804879999_000515_005_nanosam_006,78,300,1,0.42971719273284187,,,,,,,,
rsg_object_detection,dropped_oldest,2378,rsg_20260806_157_104899999_002378,dropped,True,fifo_cached_frame,1870,221,0,1647,221,0,1,0.0,48.099592997459695,frame_fifo_full,,,,,,,,,,,,,,,,,,,,,,,,,,,,,,,,,,,,,,,,,,,,,,,,,,,,,,,,,,,,,,,,,,,,
rsg_object_detection,dropped_oldest,2379,rsg_20260806_157_154899999_002379,dropped,True,fifo_cached_frame,1871,221,0,1648,221,0,1,0.0,54.52858400531113,frame_fifo_full,,,,,,,,,,,,,,,,,,,,,,,,,,,,,,,,,,,,,,,,,,,,,,,,,,,,,,,,,,,,,,,,,,,,
rsg_object_detection,dropped_oldest,2380,rsg_20260806_157_204900000_002380,dropped,True,fifo_cached_frame,1872,221,0,1649,221,0,1,0.0,56.24942100257613,frame_fifo_full,,,,,,,,,,,,,,,,,,,,,,,,,,,,,,,,,,,,,,,,,,,,,,,,,,,,,,,,,,,,,,,,,,,,
rsg_object_detection,dropped_oldest,2381,rsg_20260806_157_254899999_002381,dropped,True,fifo_cached_frame,1873,221,0,1650,221,0,1,0.0,50.79142400063574,frame_fifo_full,,,,,,,,,,,,,,,,,,,,,,,,,,,,,,,,,,,,,,,,,,,,,,,,,,,,,,,,,,,,,,,,,,,,
rsg_object_detection,dropped_oldest,2382,rsg_20260806_157_304900000_002382,dropped,True,fifo_cached_frame,1874,221,0,1651,221,0,1,0.0,51.683794998098165,frame_fifo_full,,,,,,,,,,,,,,,,,,,,,,,,,,,,,,,,,,,,,,,,,,,,,,,,,,,,,,,,,,,,,,,,,,,,
rsg_object_detection,dropped_oldest,2383,rsg_20260806_157_354899999_002383,dropped,True,fifo_cached_frame,1875,221,0,1652,221,0,1,0.0,51.97406199295074,frame_fifo_full,,,,,,,,,,,,,,,,,,,,,,,,,,,,,,,,,,,,,,,,,,,,,,,,,,,,,,,,,,,,,,,,,,,,
rsg_object_detection,dropped_oldest,2384,rsg_20260806_157_404899999_002384,dropped,True,fifo_cached_frame,1876,221,0,1653,221,0,1,0.0,57.90354000055231,frame_fifo_full,,,,,,,,,,,,,,,,,,,,,,,,,,,,,,,,,,,,,,,,,,,,,,,,,,,,,,,,,,,,,,,,,,,,
rsg_object_detection,dropped_oldest,2385,rsg_20260806_157_454900000_002385,dropped,True,fifo_cached_frame,1877,221,0,1654,221,0,1,0.0,83.19528600259218,frame_fifo_full,,,,,,,,,,,,,,,,,,,,,,,,,,,,,,,,,,,,,,,,,,,,,,,,,,,,,,,,,,,,,,,,,,,,
rsg_object_detection,dropped_oldest,2386,rsg_20260806_157_504899999_002386,dropped,True,fifo_cached_frame,1878,221,0,1655,221,0,1,0.0,8.213572000386193,frame_fifo_full,,,,,,,,,,,,,,,,,,,,,,,,,,,,,,,,,,,,,,,,,,,,,,,,,,,,,,,,,,,,,,,,,,,,
rsg_object_detection,frame_trace,2377,rsg_20260806_156_954900000_002377,sent_to_hydra,,,,,,,,,,,620.3128899942385,ok,15.351319991168566,574.3260980088962,27.844793992699124,0.13241400301922113,27.712379989679903,0.004896006430499256,1.0020969930337742,0.31609099823981524,253.40941500326153,17.35733800160233,0.006880000000819564,271.0897240031045,164.5476240082644,76.23424002667889,9.261843995773233,61.27977601136081,17.0112959749531,70.67563499731477,61.08442001277581,5.73610000719782,25.377216094057076,14.474910829449072,9.227453891071491,3.265710998675786,3.1106090027606115,3.1636319909011945,1111.0,301.0,0.004768007784150541,0.01657599932514131,4.071650997502729,3.1640469969715923,0.38473001040983945,1.2892609956907108,0.6106789951445535,0.004639994585886598,244.76692199823447,10.913819001871161,0.17718100571073592,46.32698000932578,0.04937499761581421,10.590239995508455,9.968457001377828,0.09842999861575663,0.5233529955148697,4.02601899986621,0.730132989701815,0.004928006092086434,2.78578199504409,8,0,8,0,0,,,,,,,,,,,,,,
rsg_object_detection,dropped_oldest,2388,rsg_20260806_157_604899999_002388,dropped,True,fifo_cached_frame,1880,222,0,1656,222,0,1,0.0,43.34408100112341,frame_fifo_full,,,,,,,,,,,,,,,,,,,,,,,,,,,,,,,,,,,,,,,,,,,,,,,,,,,,,,,,,,,,,,,,,,,,
rsg_object_detection,dropped_oldest,2389,rsg_20260806_157_654899999_002389,dropped,True,fifo_cached_frame,1881,222,0,1657,222,0,1,0.0,49.34853399754502,frame_fifo_full,,,,,,,,,,,,,,,,,,,,,,,,,,,,,,,,,,,,,,,,,,,,,,,,,,,,,,,,,,,,,,,,,,,,
rsg_object_detection,dropped_oldest,2390,rsg_20260806_157_704900000_002390,dropped,True,fifo_cached_frame,1882,222,0,1658,222,0,1,0.0,47.38750800606795,frame_fifo_full,,,,,,,,,,,,,,,,,,,,,,,,,,,,,,,,,,,,,,,,,,,,,,,,,,,,,,,,,,,,,,,,,,,,
rsg_object_detection,dropped_oldest,2391,rsg_20260806_157_754899999_002391,dropped,True,fifo_cached_frame,1883,222,0,1659,222,0,1,0.0,52.729859002283774,frame_fifo_full,,,,,,,,,,,,,,,,,,,,,,,,,,,,,,,,,,,,,,,,,,,,,,,,,,,,,,,,,,,,,,,,,,,,
rsg_object_detection,dropped_oldest,2392,rsg_20260806_157_804900000_002392,dropped,True,fifo_cached_frame,1884,222,0,1660,222,0,1,0.0,50.12132199772168,frame_fifo_full,,,,,,,,,,,,,,,,,,,,,,,,,,,,,,,,,,,,,,,,,,,,,,,,,,,,,,,,,,,,,,,,,,,,
rsg_object_detection,dropped_oldest,2393,rsg_20260806_157_854899999_002393,dropped,True,fifo_cached_frame,1885,222,0,1661,222,0,1,0.0,49.04005800199229,frame_fifo_full,,,,,,,,,,,,,,,,,,,,,,,,,,,,,,,,,,,,,,,,,,,,,,,,,,,,,,,,,,,,,,,,,,,,
rsg_object_detection,dropped_oldest,2394,rsg_20260806_157_904899999_002394,dropped,True,fifo_cached_frame,1886,222,0,1662,222,0,1,0.0,52.83507300191559,frame_fifo_full,,,,,,,,,,,,,,,,,,,,,,,,,,,,,,,,,,,,,,,,,,,,,,,,,,,,,,,,,,,,,,,,,,,,
rsg_object_detection,dropped_oldest,2395,rsg_20260806_157_954900000_002395,dropped,True,fifo_cached_frame,1887,222,0,1663,222,0,1,0.0,64.66746999649331,frame_fifo_full,,,,,,,,,,,,,,,,,,,,,,,,,,,,,,,,,,,,,,,,,,,,,,,,,,,,,,,,,,,,,,,,,,,,
rsg_object_detection,dropped_oldest,2396,rsg_20260806_158_004899999_002396,dropped,True,fifo_cached_frame,1888,222,0,1664,222,0,1,0.0,35.002446005819365,frame_fifo_full,,,,,,,,,,,,,,,,,,,,,,,,,,,,,,,,,,,,,,,,,,,,,,,,,,,,,,,,,,,,,,,,,,,,
rsg_object_detection,dropped_oldest,2397,rsg_20260806_158_054900000_002397,dropped,True,fifo_cached_frame,1889,222,0,1665,222,0,1,0.0,49.605298001552,frame_fifo_full,,,,,,,,,,,,,,,,,,,,,,,,,,,,,,,,,,,,,,,,,,,,,,,,,,,,,,,,,,,,,,,,,,,,
rsg_object_detection,dropped_oldest,2398,rsg_20260806_158_104899999_002398,dropped,True,fifo_cached_frame,1890,222,0,1666,222,0,1,0.0,57.88635699718725,frame_fifo_full,,,,,,,,,,,,,,,,,,,,,,,,,,,,,,,,,,,,,,,,,,,,,,,,,,,,,,,,,,,,,,,,,,,,
rsg_object_detection,frame_trace,2387,rsg_20260806_157_554900000_002387,sent_to_hydra,,,,,,,,,,,608.5995650064433,ok,16.640645000734366,546.1989080067724,43.051669010310434,0.1278060080949217,42.92386300221551,0.004319008439779282,6.197537994012237,0.22706900199409574,332.85967000119854,28.996745008043945,0.008351984433829784,362.0918359956704,46.229446976212785,17.752339015714824,3.8023429951863363,9.36936101061292,14.691873991978355,75.56263300648425,63.48739200620912,3.7031501124147326,26.644296376616694,15.028024688945152,9.960167939425446,3.624841003329493,5.29409600130748,3.103216993622482,1089.0,303.0,0.0037439895095303655,0.019135986804030836,4.710616034572013,4.88143099937588,0.4468079860089347,1.3370680098887533,0.504953000927344,0.003711000317707658,133.69647398940288,5.0450120033929124,0.1378860033582896,38.97217899793759,0.05798302299808711,12.283015006687492,11.623151993262582,0.1027510006679222,0.5571120127569884,3.5925529955420643,0.7597009971505031,0.005376001354306936,2.704023980186321,8,0,8,0,0,,,,,,,,,,,,,,
rsg_object_detection,dropped_oldest,2400,rsg_20260806_158_204900000_002400,dropped,True,fifo_cached_frame,1892,223,0,1667,223,0,1,0.0,47.20866300340276,frame_fifo_full,,,,,,,,,,,,,,,,,,,,,,,,,,,,,,,,,,,,,,,,,,,,,,,,,,,,,,,,,,,,,,,,,,,,
rsg_object_detection,dropped_oldest,2401,rsg_20260806_158_254899999_002401,dropped,True,fifo_cached_frame,1893,223,0,1668,223,0,1,0.0,51.36795900762081,frame_fifo_full,,,,,,,,,,,,,,,,,,,,,,,,,,,,,,,,,,,,,,,,,,,,,,,,,,,,,,,,,,,,,,,,,,,,
rsg_object_detection,dropped_oldest,2402,rsg_20260806_158_304900000_002402,dropped,True,fifo_cached_frame,1894,223,0,1669,223,0,1,0.0,51.753266001469456,frame_fifo_full,,,,,,,,,,,,,,,,,,,,,,,,,,,,,,,,,,,,,,,,,,,,,,,,,,,,,,,,,,,,,,,,,,,,
rsg_object_detection,dropped_oldest,2403,rsg_20260806_158_354899999_002403,dropped,True,fifo_cached_frame,1895,223,0,1670,223,0,1,0.0,51.14994599716738,frame_fifo_full,,,,,,,,,,,,,,,,,,,,,,,,,,,,,,,,,,,,,,,,,,,,,,,,,,,,,,,,,,,,,,,,,,,,
rsg_object_detection,dropped_oldest,2404,rsg_20260806_158_404899999_002404,dropped,True,fifo_cached_frame,1896,223,0,1671,223,0,1,0.0,96.35195099690463,frame_fifo_full,,,,,,,,,,,,,,,,,,,,,,,,,,,,,,,,,,,,,,,,,,,,,,,,,,,,,,,,,,,,,,,,,,,,
rsg_object_detection,dropped_oldest,2405,rsg_20260806_158_504899999_002405,dropped,True,fifo_cached_frame,1897,223,0,1672,223,0,1,0.0,67.00234700110741,frame_fifo_full,,,,,,,,,,,,,,,,,,,,,,,,,,,,,,,,,,,,,,,,,,,,,,,,,,,,,,,,,,,,,,,,,,,,
rsg_object_detection,dropped_oldest,2406,rsg_20260806_158_554900000_002406,dropped,True,fifo_cached_frame,1898,223,0,1673,223,0,1,0.0,56.866468003136106,frame_fifo_full,,,,,,,,,,,,,,,,,,,,,,,,,,,,,,,,,,,,,,,,,,,,,,,,,,,,,,,,,,,,,,,,,,,,
rsg_object_detection,dropped_oldest,2407,rsg_20260806_158_604899999_002407,dropped,True,fifo_cached_frame,1899,223,0,1674,223,0,1,0.0,58.20526399475057,frame_fifo_full,,,,,,,,,,,,,,,,,,,,,,,,,,,,,,,,,,,,,,,,,,,,,,,,,,,,,,,,,,,,,,,,,,,,
rsg_object_detection,dropped_oldest,2408,rsg_20260806_158_654899999_002408,dropped,True,fifo_cached_frame,1900,223,0,1675,223,0,1,0.0,18.944448995171115,frame_fifo_full,,,,,,,,,,,,,,,,,,,,,,,,,,,,,,,,,,,,,,,,,,,,,,,,,,,,,,,,,,,,,,,,,,,,
rsg_object_detection,frame_trace,2399,rsg_20260806_158_154899999_002399,sent_to_hydra,,,,,,,,,,,604.6087779977825,ok,12.585953998495825,550.4941719991621,38.73682199628092,0.1847969979280606,38.55202499835286,0.0035510020097717643,5.6675619998713955,0.24345199926756322,279.6667479997268,33.07620399573352,0.009216004400514066,312.9956199991284,88.7713610281935,21.16652599943336,5.443312969873659,38.17628799879458,23.167810984887183,87.67198699933942,71.48247100121807,4.317466082284227,36.76202417409513,14.618737157434225,8.977752091595903,7.739883003523573,5.344623001292348,3.0510259966831654,1130.0,306.0,0.005727997631765902,0.015583980712108314,3.4252919867867604,4.56741800007876,0.4310029908083379,1.2479489960242063,0.5282799975248054,0.004383997293189168,186.66437799402047,4.386237997096032,0.1444140070816502,40.58136999083217,0.05459001113194972,8.101254003122449,7.467214993084781,0.09164601215161383,0.5423929978860542,3.6369049921631813,0.8429950103163719,0.004799992893822491,2.788279001833871,8,0,8,0,0,,,,,,,,,,,,,,
rsg_object_detection,dropped_oldest,2410,rsg_20260806_158_854899999_002410,dropped,True,fifo_cached_frame,1902,224,0,1676,224,0,1,0.0,49.91316600353457,frame_fifo_full,,,,,,,,,,,,,,,,,,,,,,,,,,,,,,,,,,,,,,,,,,,,,,,,,,,,,,,,,,,,,,,,,,,,
rsg_object_detection,dropped_oldest,2411,rsg_20260806_158_904899999_002411,dropped,True,fifo_cached_frame,1903,224,0,1677,224,0,1,0.0,54.55315900326241,frame_fifo_full,,,,,,,,,,,,,,,,,,,,,,,,,,,,,,,,,,,,,,,,,,,,,,,,,,,,,,,,,,,,,,,,,,,,
rsg_object_detection,dropped_oldest,2412,rsg_20260806_158_954900000_002412,dropped,True,fifo_cached_frame,1904,224,0,1678,224,0,1,0.0,49.014010990504175,frame_fifo_full,,,,,,,,,,,,,,,,,,,,,,,,,,,,,,,,,,,,,,,,,,,,,,,,,,,,,,,,,,,,,,,,,,,,
rsg_object_detection,dropped_oldest,2413,rsg_20260806_159_004899999_002413,dropped,True,fifo_cached_frame,1905,224,0,1679,224,0,1,0.0,50.36183100310154,frame_fifo_full,,,,,,,,,,,,,,,,,,,,,,,,,,,,,,,,,,,,,,,,,,,,,,,,,,,,,,,,,,,,,,,,,,,,
rsg_object_detection,dropped_oldest,2414,rsg_20260806_159_054900000_002414,dropped,True,fifo_cached_frame,1906,224,0,1680,224,0,1,0.0,47.2287260054145,frame_fifo_full,,,,,,,,,,,,,,,,,,,,,,,,,,,,,,,,,,,,,,,,,,,,,,,,,,,,,,,,,,,,,,,,,,,,
rsg_object_detection,dropped_oldest,2415,rsg_20260806_159_104899999_002415,dropped,True,fifo_cached_frame,1907,224,0,1681,224,0,1,0.0,71.32672899751924,frame_fifo_full,,,,,,,,,,,,,,,,,,,,,,,,,,,,,,,,,,,,,,,,,,,,,,,,,,,,,,,,,,,,,,,,,,,,
rsg_object_detection,dropped_oldest,2416,rsg_20260806_159_154899999_002416,dropped,True,fifo_cached_frame,1908,224,0,1682,224,0,1,0.0,32.19989799254108,frame_fifo_full,,,,,,,,,,,,,,,,,,,,,,,,,,,,,,,,,,,,,,,,,,,,,,,,,,,,,,,,,,,,,,,,,,,,
rsg_object_detection,dropped_oldest,2417,rsg_20260806_159_204900000_002417,dropped,True,fifo_cached_frame,1909,224,0,1683,224,0,1,0.0,66.88279700756539,frame_fifo_full,,,,,,,,,,,,,,,,,,,,,,,,,,,,,,,,,,,,,,,,,,,,,,,,,,,,,,,,,,,,,,,,,,,,
rsg_object_detection,dropped_oldest,2418,rsg_20260806_159_254899999_002418,dropped,True,fifo_cached_frame,1910,224,0,1684,224,0,1,0.0,31.775296010891907,frame_fifo_full,,,,,,,,,,,,,,,,,,,,,,,,,,,,,,,,,,,,,,,,,,,,,,,,,,,,,,,,,,,,,,,,,,,,
rsg_object_detection,dropped_oldest,2419,rsg_20260806_159_304900000_002419,dropped,True,fifo_cached_frame,1911,224,0,1685,224,0,1,0.0,53.734963992610574,frame_fifo_full,,,,,,,,,,,,,,,,,,,,,,,,,,,,,,,,,,,,,,,,,,,,,,,,,,,,,,,,,,,,,,,,,,,,
rsg_object_detection,frame_trace,2409,rsg_20260806_158_704900000_002409,sent_to_hydra,,,,,,,,,,,667.5683709909208,ok,14.749440990271978,554.9655619979603,94.98189199075568,0.12722999963443726,94.85466199112125,0.0029120128601789474,1.124526999774389,0.1929889986058697,295.6797539955005,26.2239230069099,0.00816000101622194,322.1048260020325,92.27182299946435,15.90398300322704,3.508301029796712,46.36153900355566,25.886039991746657,80.1481319940649,70.21343399537727,3.303526929812506,24.568959037424065,22.126062816823833,13.75616692530457,3.2721739989938214,3.2346709922421724,3.36900599359069,1106.0,307.0,0.0047679932322353125,0.01590399187989533,4.1173779900418594,0.7804680208209902,0.36274500598665327,1.3507319963537157,0.5844070110470057,0.004415996954776347,179.6428840025328,11.59454500884749,0.15151700063142926,40.29871900274884,0.04854398139286786,10.306116993888281,9.60564699198585,0.10735800606198609,0.5931119958404452,3.7655429914593697,0.6726610008627176,0.005120004061609507,2.8685639990726486,8,0,8,0,0,,,,,,,,,,,,,,
rsg_object_detection,dropped_oldest,2421,rsg_20260806_159_404899999_002421,dropped,True,fifo_cached_frame,1913,225,0,1686,225,0,1,0.0,56.66637499234639,frame_fifo_full,,,,,,,,,,,,,,,,,,,,,,,,,,,,,,,,,,,,,,,,,,,,,,,,,,,,,,,,,,,,,,,,,,,,
rsg_object_detection,dropped_oldest,2422,rsg_20260806_159_454900000_002422,dropped,True,fifo_cached_frame,1914,225,0,1687,225,0,1,0.0,40.00240299501456,frame_fifo_full,,,,,,,,,,,,,,,,,,,,,,,,,,,,,,,,,,,,,,,,,,,,,,,,,,,,,,,,,,,,,,,,,,,,
rsg_object_detection,dropped_oldest,2423,rsg_20260806_159_504899999_002423,dropped,True,fifo_cached_frame,1915,225,0,1688,225,0,1,0.0,50.39136599225458,frame_fifo_full,,,,,,,,,,,,,,,,,,,,,,,,,,,,,,,,,,,,,,,,,,,,,,,,,,,,,,,,,,,,,,,,,,,,
rsg_object_detection,dropped_oldest,2424,rsg_20260806_159_554900000_002424,dropped,True,fifo_cached_frame,1916,225,0,1689,225,0,1,0.0,51.0800279880641,frame_fifo_full,,,,,,,,,,,,,,,,,,,,,,,,,,,,,,,,,,,,,,,,,,,,,,,,,,,,,,,,,,,,,,,,,,,,
rsg_object_detection,dropped_oldest,2425,rsg_20260806_159_604899999_002425,dropped,True,fifo_cached_frame,1917,225,0,1690,225,0,1,0.0,102.30498200689908,frame_fifo_full,,,,,,,,,,,,,,,,,,,,,,,,,,,,,,,,,,,,,,,,,,,,,,,,,,,,,,,,,,,,,,,,,,,,
rsg_object_detection,dropped_oldest,2426,rsg_20260806_159_704900000_002426,dropped,True,fifo_cached_frame,1918,225,0,1691,225,0,1,0.0,59.245056996587664,frame_fifo_full,,,,,,,,,,,,,,,,,,,,,,,,,,,,,,,,,,,,,,,,,,,,,,,,,,,,,,,,,,,,,,,,,,,,
rsg_object_detection,dropped_oldest,2427,rsg_20260806_159_754899999_002427,dropped,True,fifo_cached_frame,1919,225,0,1692,225,0,1,0.0,39.00904199690558,frame_fifo_full,,,,,,,,,,,,,,,,,,,,,,,,,,,,,,,,,,,,,,,,,,,,,,,,,,,,,,,,,,,,,,,,,,,,
rsg_object_detection,dropped_oldest,2428,rsg_20260806_159_804900000_002428,dropped,True,fifo_cached_frame,1920,225,0,1693,225,0,1,0.0,62.574030001997016,frame_fifo_full,,,,,,,,,,,,,,,,,,,,,,,,,,,,,,,,,,,,,,,,,,,,,,,,,,,,,,,,,,,,,,,,,,,,
rsg_object_detection,dropped_oldest,2429,rsg_20260806_159_854899999_002429,dropped,True,fifo_cached_frame,1921,225,0,1694,225,0,1,0.0,77.29374400514644,frame_fifo_full,,,,,,,,,,,,,,,,,,,,,,,,,,,,,,,,,,,,,,,,,,,,,,,,,,,,,,,,,,,,,,,,,,,,
rsg_object_detection,frame_trace,2420,rsg_20260806_159_354899999_002420,sent_to_hydra,,,,,,,,,,,595.2666819939623,ok,18.247468004119582,534.996232992853,39.08900999522302,0.14543799625243992,38.94357199897058,0.00313599593937397,2.7620699984254315,0.20642900199163705,293.66592899896204,30.038842000067234,0.00819200067780912,323.9193920016987,82.09063098183833,29.365124995820224,4.925493965856731,22.68624899443239,24.442030990030617,69.08973900135607,55.31561099633109,3.821348087512888,17.881966836284846,15.328494177083485,11.631326284259558,7.319345997530036,2.987986008520238,3.415180995943956,1360.0,310.0,0.004511995939537883,0.014527991879731417,3.5781849874183536,0.8848179859342054,0.34354905073996633,1.164270011940971,0.6525339995278046,0.0037760037230327725,157.8241739916848,4.939892998663709,0.1207349996548146,45.374994006124325,0.054974996601231396,13.699537012143992,12.98361099907197,0.10418999590910971,0.6117360171629116,3.843622005661018,0.6987730012042448,0.005535985110327601,2.930835005827248,8,0,8,0,0,,,,,,,,,,,,,,
rsg_object_detection,dropped_oldest,2431,rsg_20260806_160_004899999_002431,dropped,True,fifo_cached_frame,1923,226,0,1695,226,0,1,0.0,88.94911900279112,frame_fifo_full,,,,,,,,,,,,,,,,,,,,,,,,,,,,,,,,,,,,,,,,,,,,,,,,,,,,,,,,,,,,,,,,,,,,
rsg_object_detection,dropped_oldest,2432,rsg_20260806_160_104899999_002432,dropped,True,fifo_cached_frame,1924,226,0,1696,226,0,1,0.0,62.33028900169302,frame_fifo_full,,,,,,,,,,,,,,,,,,,,,,,,,,,,,,,,,,,,,,,,,,,,,,,,,,,,,,,,,,,,,,,,,,,,
rsg_object_detection,dropped_oldest,2433,rsg_20260806_160_154899999_002433,dropped,True,fifo_cached_frame,1925,226,0,1697,226,0,1,0.0,40.24918400682509,frame_fifo_full,,,,,,,,,,,,,,,,,,,,,,,,,,,,,,,,,,,,,,,,,,,,,,,,,,,,,,,,,,,,,,,,,,,,
rsg_object_detection,dropped_oldest,2434,rsg_20260806_160_204900000_002434,dropped,True,fifo_cached_frame,1926,226,0,1698,226,0,1,0.0,99.89653799857479,frame_fifo_full,,,,,,,,,,,,,,,,,,,,,,,,,,,,,,,,,,,,,,,,,,,,,,,,,,,,,,,,,,,,,,,,,,,,
rsg_object_detection,dropped_oldest,2435,rsg_20260806_160_304900000_002435,dropped,True,fifo_cached_frame,1927,226,0,1699,226,0,1,0.0,124.03127700963523,frame_fifo_full,,,,,,,,,,,,,,,,,,,,,,,,,,,,,,,,,,,,,,,,,,,,,,,,,,,,,,,,,,,,,,,,,,,,
rsg_object_detection,dropped_oldest,2436,rsg_20260806_160_404899999_002436,dropped,True,fifo_cached_frame,1928,226,0,1700,226,0,1,0.0,41.262225000537,frame_fifo_full,,,,,,,,,,,,,,,,,,,,,,,,,,,,,,,,,,,,,,,,,,,,,,,,,,,,,,,,,,,,,,,,,,,,
rsg_object_detection,dropped_oldest,2437,rsg_20260806_160_454900000_002437,dropped,True,fifo_cached_frame,1929,226,0,1701,226,0,1,0.0,33.68560300441459,frame_fifo_full,,,,,,,,,,,,,,,,,,,,,,,,,,,,,,,,,,,,,,,,,,,,,,,,,,,,,,,,,,,,,,,,,,,,
rsg_object_detection,frame_trace,2430,rsg_20260806_159_904899999_002430,sent_to_hydra,,,,,,,,,,,610.2820389933186,ok,11.498002000735141,554.1439760127105,41.5812909923261,0.1853729918366298,41.39591800048947,0.0042239989852532744,3.4889079979620874,0.19327701011206955,353.89775398653,28.491409990238026,0.007200011168606579,382.5896409980487,48.31363700213842,16.762883999035694,3.1987990078050643,16.782818012870848,10.860185968340375,70.3008900018176,61.205090998555534,6.871835808851756,27.762814934249036,12.268975973711349,8.043381065363064,3.36644500202965,3.0051380017539486,2.6699760055635124,886.0,311.0,0.00457599526271224,0.016511985450051725,4.057475001900457,2.550712990341708,0.36277899926062673,1.4515939983539283,0.32834699959494174,0.0048000074457377195,127.38745099341031,6.708411005092785,0.13999801012687385,33.73638600169215,0.09318100637756288,6.873399994219653,5.949350001174025,0.12134300777688622,0.8027069852687418,3.8525499985553324,0.7452680001733825,0.026784007786773145,3.0545459885615855,8,0,8,0,0,,,,,,,,,,,,,,
rsg_object_detection,dropped_oldest,2439,rsg_20260806_160_554900000_002439,dropped,True,fifo_cached_frame,1931,227,0,1702,227,0,1,0.0,32.28188000502996,frame_fifo_full,,,,,,,,,,,,,,,,,,,,,,,,,,,,,,,,,,,,,,,,,,,,,,,,,,,,,,,,,,,,,,,,,,,,
rsg_object_detection,dropped_oldest,2440,rsg_20260806_160_604899999_002440,dropped,True,fifo_cached_frame,1932,227,0,1703,227,0,1,0.0,59.40559798909817,frame_fifo_full,,,,,,,,,,,,,,,,,,,,,,,,,,,,,,,,,,,,,,,,,,,,,,,,,,,,,,,,,,,,,,,,,,,,
rsg_object_detection,dropped_oldest,2441,rsg_20260806_160_654899999_002441,dropped,True,fifo_cached_frame,1933,227,0,1704,227,0,1,0.0,39.195119999931194,frame_fifo_full,,,,,,,,,,,,,,,,,,,,,,,,,,,,,,,,,,,,,,,,,,,,,,,,,,,,,,,,,,,,,,,,,,,,
rsg_object_detection,dropped_oldest,2442,rsg_20260806_160_704900000_002442,dropped,True,fifo_cached_frame,1934,227,0,1705,227,0,1,0.0,42.14925099222455,frame_fifo_full,,,,,,,,,,,,,,,,,,,,,,,,,,,,,,,,,,,,,,,,,,,,,,,,,,,,,,,,,,,,,,,,,,,,
rsg_object_detection,dropped_oldest,2443,rsg_20260806_160_754899999_002443,dropped,True,fifo_cached_frame,1935,227,0,1706,227,0,1,0.0,49.66008200426586,frame_fifo_full,,,,,,,,,,,,,,,,,,,,,,,,,,,,,,,,,,,,,,,,,,,,,,,,,,,,,,,,,,,,,,,,,,,,
rsg_object_detection,dropped_oldest,2444,rsg_20260806_160_804900000_002444,dropped,True,fifo_cached_frame,1936,227,0,1707,227,0,1,0.0,53.546839000773616,frame_fifo_full,,,,,,,,,,,,,,,,,,,,,,,,,,,,,,,,,,,,,,,,,,,,,,,,,,,,,,,,,,,,,,,,,,,,
rsg_object_detection,dropped_oldest,2445,rsg_20260806_160_854899999_002445,dropped,True,fifo_cached_frame,1937,227,0,1708,227,0,1,0.0,46.61727900383994,frame_fifo_full,,,,,,,,,,,,,,,,,,,,,,,,,,,,,,,,,,,,,,,,,,,,,,,,,,,,,,,,,,,,,,,,,,,,
rsg_object_detection,dropped_oldest,2446,rsg_20260806_160_904899999_002446,dropped,True,fifo_cached_frame,1938,227,0,1709,227,0,1,0.0,113.78800799138844,frame_fifo_full,,,,,,,,,,,,,,,,,,,,,,,,,,,,,,,,,,,,,,,,,,,,,,,,,,,,,,,,,,,,,,,,,,,,
rsg_object_detection,dropped_oldest,2447,rsg_20260806_161_004899999_002447,dropped,True,fifo_cached_frame,1939,227,0,1710,227,0,1,0.0,56.90003599738702,frame_fifo_full,,,,,,,,,,,,,,,,,,,,,,,,,,,,,,,,,,,,,,,,,,,,,,,,,,,,,,,,,,,,,,,,,,,,
rsg_object_detection,frame_trace,2438,rsg_20260806_160_504899999_002438,sent_to_hydra,,,,,,,,,,,580.7460069918307,ok,12.840829993365332,490.36254099337384,74.92437200562563,0.14092600031290203,74.78344600531273,0.005472000339068472,5.5516919965157285,0.18924499454442412,284.16396099783015,19.29407699208241,0.008160015568137169,303.6554430000251,64.9952090025181,23.582460984471254,4.1395199950784445,17.317819001618773,19.33119402383454,75.45162799942773,61.96575200010557,2.82181627699174,29.0354632306844,14.96520587534178,8.318409105413593,7.50046300527174,3.2475030020577833,2.4519629951100796,934.0,314.0,0.005183988832868636,0.012128002708777785,3.138159998343326,0.5360889772418886,0.3154510195599869,1.2204290105728433,0.30361200333572924,0.0052470131777226925,145.9834889974445,2.197278998210095,0.14543799625243992,32.77707300730981,0.052126997616142035,8.276610999018885,7.624013000167906,0.10857499728444964,0.5440230015665293,3.8880700012668967,0.6704530096612871,0.005695983418263495,2.6127919991267845,8,0,7,0,0,,,,,,,,,,,,,,
rsg_object_detection,dropped_oldest,2449,rsg_20260806_161_154899999_002449,dropped,True,fifo_cached_frame,1941,228,0,1711,228,0,1,0.0,50.62745898612775,frame_fifo_full,,,,,,,,,,,,,,,,,,,,,,,,,,,,,,,,,,,,,,,,,,,,,,,,,,,,,,,,,,,,,,,,,,,,
rsg_object_detection,dropped_oldest,2450,rsg_20260806_161_204900000_002450,dropped,True,fifo_cached_frame,1942,228,0,1712,228,0,1,0.0,50.608547011506744,frame_fifo_full,,,,,,,,,,,,,,,,,,,,,,,,,,,,,,,,,,,,,,,,,,,,,,,,,,,,,,,,,,,,,,,,,,,,
rsg_object_detection,dropped_oldest,2451,rsg_20260806_161_254899999_002451,dropped,True,fifo_cached_frame,1943,228,0,1713,228,0,1,0.0,113.65767399547622,frame_fifo_full,,,,,,,,,,,,,,,,,,,,,,,,,,,,,,,,,,,,,,,,,,,,,,,,,,,,,,,,,,,,,,,,,,,,
rsg_object_detection,dropped_oldest,2452,rsg_20260806_161_354899999_002452,dropped,True,fifo_cached_frame,1944,228,0,1714,228,0,1,0.0,39.90131699538324,frame_fifo_full,,,,,,,,,,,,,,,,,,,,,,,,,,,,,,,,,,,,,,,,,,,,,,,,,,,,,,,,,,,,,,,,,,,,
rsg_object_detection,dropped_oldest,2453,rsg_20260806_161_404899999_002453,dropped,True,fifo_cached_frame,1945,228,0,1715,228,0,1,0.0,62.35621000814717,frame_fifo_full,,,,,,,,,,,,,,,,,,,,,,,,,,,,,,,,,,,,,,,,,,,,,,,,,,,,,,,,,,,,,,,,,,,,
rsg_object_detection,dropped_oldest,2454,rsg_20260806_161_454900000_002454,dropped,True,fifo_cached_frame,1946,228,0,1716,228,0,1,0.0,107.33716200047638,frame_fifo_full,,,,,,,,,,,,,,,,,,,,,,,,,,,,,,,,,,,,,,,,,,,,,,,,,,,,,,,,,,,,,,,,,,,,
rsg_object_detection,,515,rsg_20260806_40_804879999_000515,vlm_failed,,,,,,,,,,,,"{""label"":""unknown_object"",""label_confidence"":0.0,""mobility_class"":""unknown"",""mobility_confidence"":0.0}",,,,,,,,,,,,,,,,,,,,,,,,,,,,,,,,,,,,,,,,,,,,,,,,,,,,,,,rsg_obj_000064,rsg_unknown_rsg_20260806_40_804879999_000515_005_nanosam_006,,,1,0.42971719273284187,unknown_object,0.0,unknown,0.0,4622.656291991007,97154.50294400216,qwen_http,Qwen3-VL-8B-Instruct-GGUF
rsg_object_detection,completed,515,rsg_20260806_40_804879999_000515,,,,,,,,,,,92531.84479600168,,vlm_failed,,,,,,,,,,,,,,,,,,,,,,,,,,,,,,,,,,,,,,,,,,,,,,,,,,,,,,,rsg_obj_000064,rsg_unknown_rsg_20260806_40_804879999_000515_005_nanosam_006,83,300,1,0.42971719273284187,,,,,,,,
rsg_object_detection,dropped_oldest,2455,rsg_20260806_161_554900000_002455,dropped,True,fifo_cached_frame,1947,228,0,1717,228,0,1,0.0,76.81128699914552,frame_fifo_full,,,,,,,,,,,,,,,,,,,,,,,,,,,,,,,,,,,,,,,,,,,,,,,,,,,,,,,,,,,,,,,,,,,,
rsg_object_detection,frame_trace,2448,rsg_20260806_161_054900000_002448,sent_to_hydra,,,,,,,,,,,587.1818150044419,ok,20.713767007691786,530.253299002652,33.84419300709851,0.14204600302036852,33.70214700407814,0.005374997272156179,2.1911980002187192,0.20210900402162224,291.3487490004627,23.20380999299232,0.008736009476706386,314.76340400695335,90.92851399327628,24.224145003245212,3.6075609968975186,43.47176000010222,18.929473037132993,71.30100300128106,62.00827899738215,2.8430050442693755,28.888905988424085,14.602613053284585,9.599153097951785,3.6314649914857,2.898292994359508,2.709783992031589,933.0,315.0,0.004960005753673613,0.016640027752146125,4.068771988386288,2.8023559862049296,0.3838340344373137,1.4866650017211214,0.7018770120339468,0.004416011506691575,171.69532499974594,6.793018008465879,0.14950100739952177,34.61186100321356,0.048991976655088365,14.487332999124192,13.844590008375235,0.09439900168217719,0.5483439890667796,3.3626060030655935,2.857875995687209,0.005952009814791381,2.365180989727378,8,0,8,0,0,,,,,,,,,,,,,,
rsg_object_detection,dropped_oldest,2457,rsg_20260806_161_704900000_002457,dropped,True,fifo_cached_frame,1949,229,0,1718,229,0,1,0.0,37.042095995275304,frame_fifo_full,,,,,,,,,,,,,,,,,,,,,,,,,,,,,,,,,,,,,,,,,,,,,,,,,,,,,,,,,,,,,,,,,,,,
rsg_object_detection,dropped_oldest,2458,rsg_20260806_161_754899999_002458,dropped,True,fifo_cached_frame,1950,229,0,1719,229,0,1,0.0,48.76553500071168,frame_fifo_full,,,,,,,,,,,,,,,,,,,,,,,,,,,,,,,,,,,,,,,,,,,,,,,,,,,,,,,,,,,,,,,,,,,,
rsg_object_detection,dequeued,922,rsg_20260806_65_304879999_000922,,,,,,,,,,,92334.76863600663,,fifo_order,,,,,,,,,,,,,,,,,,,,,,,,,,,,,,,,,,,,,,,,,,,,,,,,,,,,,,,rsg_obj_000070,rsg_unknown_rsg_20260806_65_304879999_000922_006_nanosam_001,83,300,5,0.6660686858296755,,,,,,,,
rsg_object_detection,dropped_oldest,2459,rsg_20260806_161_804900000_002459,dropped,True,fifo_cached_frame,1951,229,0,1720,229,0,1,0.0,50.717888996587135,frame_fifo_full,,,,,,,,,,,,,,,,,,,,,,,,,,,,,,,,,,,,,,,,,,,,,,,,,,,,,,,,,,,,,,,,,,,,
rsg_object_detection,dropped_oldest,2460,rsg_20260806_161_854899999_002460,dropped,True,fifo_cached_frame,1952,229,0,1721,229,0,1,0.0,50.03652400046121,frame_fifo_full,,,,,,,,,,,,,,,,,,,,,,,,,,,,,,,,,,,,,,,,,,,,,,,,,,,,,,,,,,,,,,,,,,,,
rsg_object_detection,dropped_oldest,2461,rsg_20260806_161_904899999_002461,dropped,True,fifo_cached_frame,1953,229,0,1722,229,0,1,0.0,66.68763198831584,frame_fifo_full,,,,,,,,,,,,,,,,,,,,,,,,,,,,,,,,,,,,,,,,,,,,,,,,,,,,,,,,,,,,,,,,,,,,
rsg_object_detection,dropped_oldest,2462,rsg_20260806_161_954900000_002462,dropped,True,fifo_cached_frame,1954,229,0,1723,229,0,1,0.0,56.15230400871951,frame_fifo_full,,,,,,,,,,,,,,,,,,,,,,,,,,,,,,,,,,,,,,,,,,,,,,,,,,,,,,,,,,,,,,,,,,,,
rsg_object_detection,dropped_oldest,2463,rsg_20260806_162_004899999_002463,dropped,True,fifo_cached_frame,1955,229,0,1724,229,0,1,0.0,71.42740100971423,frame_fifo_full,,,,,,,,,,,,,,,,,,,,,,,,,,,,,,,,,,,,,,,,,,,,,,,,,,,,,,,,,,,,,,,,,,,,
rsg_object_detection,dropped_oldest,2464,rsg_20260806_162_054900000_002464,dropped,True,fifo_cached_frame,1956,229,0,1725,229,0,1,0.0,5.869896005606279,frame_fifo_full,,,,,,,,,,,,,,,,,,,,,,,,,,,,,,,,,,,,,,,,,,,,,,,,,,,,,,,,,,,,,,,,,,,,
rsg_object_detection,dropped_oldest,2465,rsg_20260806_162_104899999_002465,dropped,True,fifo_cached_frame,1957,229,0,1726,229,0,1,0.0,68.08073099819012,frame_fifo_full,,,,,,,,,,,,,,,,,,,,,,,,,,,,,,,,,,,,,,,,,,,,,,,,,,,,,,,,,,,,,,,,,,,,
rsg_object_detection,dropped_oldest,2466,rsg_20260806_162_154899999_002466,dropped,True,fifo_cached_frame,1958,229,0,1727,230,0,1,0.0,35.71088399621658,frame_fifo_full,,,,,,,,,,,,,,,,,,,,,,,,,,,,,,,,,,,,,,,,,,,,,,,,,,,,,,,,,,,,,,,,,,,,
rsg_object_detection,frame_trace,2456,rsg_20260806_161_654899999_002456,sent_to_hydra,,,,,,,,,,,527.2093770036008,ok,13.084730002447031,478.8799959933385,32.633459006319754,0.12898999557364732,32.50446901074611,0.006847985787317157,2.650103997439146,0.300252009765245,210.83111799089238,22.466987997177057,0.006400005077011883,233.6047580029117,75.41620498523116,24.94880699669011,5.98448800155893,23.485051991883665,20.245230014552362,115.30219299311284,95.67273099673912,5.0745201733661816,48.82433592865709,19.561088003683835,10.702240775572136,13.366901999688707,3.2232149969786406,2.9914430051576346,961.0,317.0,0.004607994924299419,0.014496021321974695,4.297438994399272,0.8409140136791393,0.34591701114550233,1.3857070007361472,0.5551280046347529,0.003903987817466259,198.16478200664278,7.454734994098544,0.12921399320475757,36.83169999567326,0.04470300336834043,8.810522995190695,8.13645300513599,0.09158199827652425,0.58248799177818,3.4767469915095717,0.7923720113467425,0.005088004400022328,2.604344015708193,8,0,8,0,0,,,,,,,,,,,,,,
rsg_object_detection,dropped_oldest,2468,rsg_20260806_162_304900000_002468,dropped,True,fifo_cached_frame,1960,230,0,1728,230,0,1,0.0,50.48550901119597,frame_fifo_full,,,,,,,,,,,,,,,,,,,,,,,,,,,,,,,,,,,,,,,,,,,,,,,,,,,,,,,,,,,,,,,,,,,,
rsg_object_detection,dropped_oldest,2469,rsg_20260806_162_354899999_002469,dropped,True,fifo_cached_frame,1961,230,0,1729,230,0,1,0.0,103.9567010011524,frame_fifo_full,,,,,,,,,,,,,,,,,,,,,,,,,,,,,,,,,,,,,,,,,,,,,,,,,,,,,,,,,,,,,,,,,,,,
rsg_object_detection,dropped_oldest,2470,rsg_20260806_162_454900000_002470,dropped,True,fifo_cached_frame,1962,230,0,1730,230,0,1,0.0,49.62641799647827,frame_fifo_full,,,,,,,,,,,,,,,,,,,,,,,,,,,,,,,,,,,,,,,,,,,,,,,,,,,,,,,,,,,,,,,,,,,,
rsg_object_detection,dropped_oldest,2471,rsg_20260806_162_504899999_002471,dropped,True,fifo_cached_frame,1963,230,0,1731,230,0,1,0.0,115.90260099910665,frame_fifo_full,,,,,,,,,,,,,,,,,,,,,,,,,,,,,,,,,,,,,,,,,,,,,,,,,,,,,,,,,,,,,,,,,,,,
rsg_object_detection,dropped_oldest,2472,rsg_20260806_162_604899999_002472,dropped,True,fifo_cached_frame,1964,230,0,1732,230,0,1,0.0,66.79303898999933,frame_fifo_full,,,,,,,,,,,,,,,,,,,,,,,,,,,,,,,,,,,,,,,,,,,,,,,,,,,,,,,,,,,,,,,,,,,,
rsg_object_detection,dropped_oldest,2473,rsg_20260806_162_654899999_002473,dropped,True,fifo_cached_frame,1965,230,0,1733,230,0,1,0.0,70.21615499979816,frame_fifo_full,,,,,,,,,,,,,,,,,,,,,,,,,,,,,,,,,,,,,,,,,,,,,,,,,,,,,,,,,,,,,,,,,,,,
rsg_object_detection,frame_trace,2467,rsg_20260806_162_204900000_002467,sent_to_hydra,,,,,,,,,,,562.5062220060499,ok,15.31042400165461,538.440089992946,5.693706014426425,0.14025400741957128,5.553452007006854,0.004128000000491738,1.1614550021477044,0.22822000028099865,302.5909170100931,14.194856994436122,0.006400005077011883,317.02039400988724,65.64083298144396,14.304681026260369,18.761221013846807,21.998421012540348,10.002536000683904,103.48409999278374,89.6565340080997,3.196692152414471,27.652861943352036,15.993136985343881,35.25559416448232,8.09152600413654,2.9985459987074137,2.68591201165691,934.0,319.0,0.0033919932320713997,0.014175981050357223,3.859908989397809,0.8020349778234959,0.3301090619061142,1.837635994888842,0.5310319975251332,0.004991990863345563,176.51112600287888,5.342959004337899,0.1552620087750256,38.13011200691108,0.11878195800818503,9.967561010853387,9.268339999835007,0.0905900087673217,0.6086310022510588,4.601977998390794,0.7361169991781935,0.0047679932322353125,3.057873997022398,8,0,8,0,0,,,,,,,,,,,,,,
rsg_object_detection,dropped_oldest,2475,rsg_20260806_162_804900000_002475,dropped,True,fifo_cached_frame,1967,231,0,1734,231,0,1,0.0,43.103860996779986,frame_fifo_full,,,,,,,,,,,,,,,,,,,,,,,,,,,,,,,,,,,,,,,,,,,,,,,,,,,,,,,,,,,,,,,,,,,,
rsg_object_detection,dropped_oldest,2476,rsg_20260806_162_854899999_002476,dropped,True,fifo_cached_frame,1968,231,0,1735,231,0,1,0.0,49.54165199887939,frame_fifo_full,,,,,,,,,,,,,,,,,,,,,,,,,,,,,,,,,,,,,,,,,,,,,,,,,,,,,,,,,,,,,,,,,,,,
rsg_object_detection,dropped_oldest,2477,rsg_20260806_162_904899999_002477,dropped,True,fifo_cached_frame,1969,231,0,1736,231,0,1,0.0,53.60821400245186,frame_fifo_full,,,,,,,,,,,,,,,,,,,,,,,,,,,,,,,,,,,,,,,,,,,,,,,,,,,,,,,,,,,,,,,,,,,,
rsg_object_detection,dropped_oldest,2478,rsg_20260806_162_954900000_002478,dropped,True,fifo_cached_frame,1970,231,0,1737,231,0,1,0.0,51.83374499029014,frame_fifo_full,,,,,,,,,,,,,,,,,,,,,,,,,,,,,,,,,,,,,,,,,,,,,,,,,,,,,,,,,,,,,,,,,,,,
rsg_object_detection,dropped_oldest,2479,rsg_20260806_163_004899999_002479,dropped,True,fifo_cached_frame,1971,231,0,1738,231,0,1,0.0,100.47377800219692,frame_fifo_full,,,,,,,,,,,,,,,,,,,,,,,,,,,,,,,,,,,,,,,,,,,,,,,,,,,,,,,,,,,,,,,,,,,,
rsg_object_detection,dropped_oldest,2480,rsg_20260806_163_104899999_002480,dropped,True,fifo_cached_frame,1972,231,0,1739,231,0,1,0.0,147.27521500026342,frame_fifo_full,,,,,,,,,,,,,,,,,,,,,,,,,,,,,,,,,,,,,,,,,,,,,,,,,,,,,,,,,,,,,,,,,,,,
rsg_object_detection,dropped_oldest,2481,rsg_20260806_163_204900000_002481,dropped,True,fifo_cached_frame,1973,231,0,1740,231,0,1,0.0,3.140209009870887,frame_fifo_full,,,,,,,,,,,,,,,,,,,,,,,,,,,,,,,,,,,,,,,,,,,,,,,,,,,,,,,,,,,,,,,,,,,,
rsg_object_detection,dropped_oldest,2482,rsg_20260806_163_254899999_002482,dropped,True,fifo_cached_frame,1974,231,0,1741,232,0,1,0.0,104.02818900183775,frame_fifo_full,,,,,,,,,,,,,,,,,,,,,,,,,,,,,,,,,,,,,,,,,,,,,,,,,,,,,,,,,,,,,,,,,,,,
rsg_object_detection,frame_trace,2474,rsg_20260806_162_754899999_002474,sent_to_hydra,,,,,,,,,,,575.8358769962797,ok,11.592336988542229,526.1415239947382,35.32023400475737,0.15599800099153072,35.164236003765836,0.003968001692555845,6.535100998007692,0.2206370118074119,288.52767300850246,33.443174994317815,0.0073599949246272445,322.1988450095523,53.43464799807407,19.00255998771172,4.500251990975812,18.586790989502333,10.756094023236074,91.43273100198712,75.40654100012034,5.760645915870555,34.22164720541332,19.24294585478492,8.724744824576192,9.97053699393291,3.1629599980078638,2.8427090001059696,966.0,320.0,0.004159999662078917,0.014655000995844603,3.7033359985798597,0.5338490009307861,0.34328999754507095,1.6087120020529255,0.6088230002205819,0.005152003723196685,151.6930039942963,7.010037996224128,0.14678199659101665,38.50949800107628,0.04825599899049848,7.336048991419375,6.454014001064934,0.2934990043286234,0.5885359860258177,3.4399479918647557,0.8119240083033219,0.004415996954776347,2.777814006549306,8,0,8,0,0,,,,,,,,,,,,,,
rsg_object_detection,dropped_oldest,2484,rsg_20260806_163_404899999_002484,dropped,True,fifo_cached_frame,1976,232,0,1742,232,0,1,0.0,98.60935900360346,frame_fifo_full,,,,,,,,,,,,,,,,,,,,,,,,,,,,,,,,,,,,,,,,,,,,,,,,,,,,,,,,,,,,,,,,,,,,
rsg_object_detection,dropped_oldest,2485,rsg_20260806_163_504899999_002485,dropped,True,fifo_cached_frame,1977,232,0,1743,232,0,1,0.0,106.14463599631563,frame_fifo_full,,,,,,,,,,,,,,,,,,,,,,,,,,,,,,,,,,,,,,,,,,,,,,,,,,,,,,,,,,,,,,,,,,,,
rsg_object_detection,dropped_oldest,2486,rsg_20260806_163_604899999_002486,dropped,True,fifo_cached_frame,1978,232,0,1744,232,0,1,0.0,44.91989799134899,frame_fifo_full,,,,,,,,,,,,,,,,,,,,,,,,,,,,,,,,,,,,,,,,,,,,,,,,,,,,,,,,,,,,,,,,,,,,
rsg_object_detection,dropped_oldest,2487,rsg_20260806_163_654899999_002487,dropped,True,fifo_cached_frame,1979,232,0,1745,232,0,1,0.0,110.1444480009377,frame_fifo_full,,,,,,,,,,,,,,,,,,,,,,,,,,,,,,,,,,,,,,,,,,,,,,,,,,,,,,,,,,,,,,,,,,,,
rsg_object_detection,dropped_oldest,2488,rsg_20260806_163_754899999_002488,dropped,True,fifo_cached_frame,1980,232,0,1746,232,0,1,0.0,42.80559300968889,frame_fifo_full,,,,,,,,,,,,,,,,,,,,,,,,,,,,,,,,,,,,,,,,,,,,,,,,,,,,,,,,,,,,,,,,,,,,
rsg_object_detection,frame_trace,2483,rsg_20260806_163_354899999_002483,sent_to_hydra,,,,,,,,,,,513.0585550068645,ok,9.870955007500015,495.88978999236133,5.091635001008399,0.17638200370129198,4.915252997307107,0.0019840081222355366,2.503515002899803,0.22406000061891973,259.06351099547464,27.10794299491681,0.006816015229560435,286.40233000623994,66.44542899448425,19.417082017753273,3.615434019593522,20.250157976988703,22.454541016486473,95.27638499275781,81.18968500639312,2.112414105795324,44.06731724156998,20.09504417947028,7.919851123006083,8.195747999707237,3.4180289949290454,2.419994998490438,734.0,107.0,0.005792011506855488,0.015615965821780264,4.75711197941564,0.7460390334017575,0.3597030008677393,1.5432410000357777,0.34473100095056,0.004862988134846091,169.49795100663323,3.456492006080225,0.20098900131415576,33.780897996621206,0.047614972572773695,5.447278002975509,4.74690500413999,0.12073399557266384,0.5796390032628551,3.6140890006208792,0.8053320052567869,0.004255998646840453,2.2041909978725016,8,0,8,0,0,,,,,,,,,,,,,,
rsg_object_detection,dropped_oldest,2490,rsg_20260806_163_954900000_002490,dropped,True,fifo_cached_frame,1982,233,0,1747,233,0,1,0.0,45.62036698916927,frame_fifo_full,,,,,,,,,,,,,,,,,,,,,,,,,,,,,,,,,,,,,,,,,,,,,,,,,,,,,,,,,,,,,,,,,,,,
rsg_object_detection,dropped_oldest,2491,rsg_20260806_164_004899999_002491,dropped,True,fifo_cached_frame,1983,233,0,1748,233,0,1,0.0,50.53082101221662,frame_fifo_full,,,,,,,,,,,,,,,,,,,,,,,,,,,,,,,,,,,,,,,,,,,,,,,,,,,,,,,,,,,,,,,,,,,,
rsg_object_detection,dropped_oldest,2492,rsg_20260806_164_054900000_002492,dropped,True,fifo_cached_frame,1984,233,0,1749,233,0,1,0.0,49.19061700638849,frame_fifo_full,,,,,,,,,,,,,,,,,,,,,,,,,,,,,,,,,,,,,,,,,,,,,,,,,,,,,,,,,,,,,,,,,,,,
rsg_object_detection,dropped_oldest,2493,rsg_20260806_164_104899999_002493,dropped,True,fifo_cached_frame,1985,233,0,1750,233,0,1,0.0,54.35207500704564,frame_fifo_full,,,,,,,,,,,,,,,,,,,,,,,,,,,,,,,,,,,,,,,,,,,,,,,,,,,,,,,,,,,,,,,,,,,,
rsg_object_detection,dropped_oldest,2494,rsg_20260806_164_154899999_002494,dropped,True,fifo_cached_frame,1986,233,0,1751,233,0,1,0.0,48.96793300576974,frame_fifo_full,,,,,,,,,,,,,,,,,,,,,,,,,,,,,,,,,,,,,,,,,,,,,,,,,,,,,,,,,,,,,,,,,,,,
rsg_object_detection,dropped_oldest,2495,rsg_20260806_164_204900000_002495,dropped,True,fifo_cached_frame,1987,233,0,1752,233,0,1,0.0,171.929371994338,frame_fifo_full,,,,,,,,,,,,,,,,,,,,,,,,,,,,,,,,,,,,,,,,,,,,,,,,,,,,,,,,,,,,,,,,,,,,
rsg_object_detection,dropped_oldest,2496,rsg_20260806_164_254899999_002496,dropped,True,fifo_cached_frame,1988,233,0,1753,233,0,1,0.0,6.50281400885433,frame_fifo_full,,,,,,,,,,,,,,,,,,,,,,,,,,,,,,,,,,,,,,,,,,,,,,,,,,,,,,,,,,,,,,,,,,,,
rsg_object_detection,dropped_oldest,2497,rsg_20260806_164_354899999_002497,dropped,True,fifo_cached_frame,1989,233,0,1754,233,0,1,0.0,28.52485000039451,frame_fifo_full,,,,,,,,,,,,,,,,,,,,,,,,,,,,,,,,,,,,,,,,,,,,,,,,,,,,,,,,,,,,,,,,,,,,
rsg_object_detection,frame_trace,2489,rsg_20260806_163_804900000_002489,sent_to_hydra,,,,,,,,,,,677.2719779983163,ok,11.393235996365547,572.2350050054956,90.73174899094738,0.1405729999532923,90.59117599099409,0.002720000338740647,1.6092239966383204,0.19414100097492337,282.50920500431675,29.118632010067813,0.0073599949246272445,311.8293380102841,83.94753202446736,37.39680998842232,4.696314004831947,16.987422000966035,24.210001996834762,115.11710900231265,102.01628399954643,5.880482887732796,43.338318791938946,21.528470839257352,16.292564338073134,6.4763500122353435,3.1469280074816197,3.426413008128293,1199.0,321.0,0.0045439956011250615,0.016192003386095166,3.731271965079941,5.464590038172901,0.4064889653818682,1.3099639909341931,0.6877019914099947,0.004960005753673613,210.68942599231377,4.792983003426343,0.13932600268162787,43.12526898866054,0.049439011490903795,6.3177929987432435,5.650891005643643,0.09567801316734403,0.571223979932256,4.322719003539532,0.7461320055881515,0.006591988494619727,2.9092680051689968,8,0,8,0,0,,,,,,,,,,,,,,
rsg_object_detection,dropped_oldest,2499,rsg_20260806_164_504899999_002499,dropped,True,fifo_cached_frame,1991,234,0,1755,234,0,1,0.0,3.8509820005856454,frame_fifo_full,,,,,,,,,,,,,,,,,,,,,,,,,,,,,,,,,,,,,,,,,,,,,,,,,,,,,,,,,,,,,,,,,,,,
rsg_object_detection,dropped_oldest,2500,rsg_20260806_164_554900000_002500,dropped,True,fifo_cached_frame,1992,234,0,1756,234,0,1,0.0,3.2876300101634115,frame_fifo_full,,,,,,,,,,,,,,,,,,,,,,,,,,,,,,,,,,,,,,,,,,,,,,,,,,,,,,,,,,,,,,,,,,,,
rsg_object_detection,dropped_oldest,2501,rsg_20260806_164_604899999_002501,dropped,True,fifo_cached_frame,1993,234,0,1757,234,0,1,0.0,2.7871890051756054,frame_fifo_full,,,,,,,,,,,,,,,,,,,,,,,,,,,,,,,,,,,,,,,,,,,,,,,,,,,,,,,,,,,,,,,,,,,,
rsg_object_detection,dropped_oldest,2502,rsg_20260806_164_704900000_002502,dropped,True,fifo_cached_frame,1994,234,0,1758,234,0,1,0.0,3.537803000654094,frame_fifo_full,,,,,,,,,,,,,,,,,,,,,,,,,,,,,,,,,,,,,,,,,,,,,,,,,,,,,,,,,,,,,,,,,,,,
rsg_object_detection,dropped_oldest,2503,rsg_20260806_164_804900000_002503,dropped,True,fifo_cached_frame,1995,234,0,1759,234,0,1,0.0,3.316973990877159,frame_fifo_full,,,,,,,,,,,,,,,,,,,,,,,,,,,,,,,,,,,,,,,,,,,,,,,,,,,,,,,,,,,,,,,,,,,,
rsg_object_detection,dropped_oldest,2504,rsg_20260806_164_854899999_002504,dropped,True,fifo_cached_frame,1996,234,0,1760,234,0,1,0.0,93.52546698937658,frame_fifo_full,,,,,,,,,,,,,,,,,,,,,,,,,,,,,,,,,,,,,,,,,,,,,,,,,,,,,,,,,,,,,,,,,,,,
rsg_object_detection,dropped_oldest,2505,rsg_20260806_164_954900000_002505,dropped,True,fifo_cached_frame,1997,234,0,1761,234,0,1,0.0,48.28608701063786,frame_fifo_full,,,,,,,,,,,,,,,,,,,,,,,,,,,,,,,,,,,,,,,,,,,,,,,,,,,,,,,,,,,,,,,,,,,,
rsg_object_detection,dropped_oldest,2506,rsg_20260806_165_004899999_002506,dropped,True,fifo_cached_frame,1998,234,0,1762,234,0,1,0.0,50.779297002009116,frame_fifo_full,,,,,,,,,,,,,,,,,,,,,,,,,,,,,,,,,,,,,,,,,,,,,,,,,,,,,,,,,,,,,,,,,,,,
rsg_object_detection,dropped_oldest,2507,rsg_20260806_165_054900000_002507,dropped,True,fifo_cached_frame,1999,234,0,1763,234,0,1,0.0,41.27707199950237,frame_fifo_full,,,,,,,,,,,,,,,,,,,,,,,,,,,,,,,,,,,,,,,,,,,,,,,,,,,,,,,,,,,,,,,,,,,,
rsg_object_detection,dropped_oldest,2508,rsg_20260806_165_104899999_002508,dropped,True,fifo_cached_frame,2000,234,0,1764,234,0,1,0.0,49.04700300539844,frame_fifo_full,,,,,,,,,,,,,,,,,,,,,,,,,,,,,,,,,,,,,,,,,,,,,,,,,,,,,,,,,,,,,,,,,,,,
rsg_object_detection,dropped_oldest,2509,rsg_20260806_165_154899999_002509,dropped,True,fifo_cached_frame,2001,234,0,1765,234,0,1,0.0,102.23269599373452,frame_fifo_full,,,,,,,,,,,,,,,,,,,,,,,,,,,,,,,,,,,,,,,,,,,,,,,,,,,,,,,,,,,,,,,,,,,,
rsg_object_detection,dropped_oldest,2510,rsg_20260806_165_254899999_002510,dropped,True,fifo_cached_frame,2002,234,0,1766,234,0,1,0.0,136.47550700989086,frame_fifo_full,,,,,,,,,,,,,,,,,,,,,,,,,,,,,,,,,,,,,,,,,,,,,,,,,,,,,,,,,,,,,,,,,,,,
rsg_object_detection,dropped_oldest,2511,rsg_20260806_165_354899999_002511,dropped,True,fifo_cached_frame,2003,234,0,1767,234,0,1,0.0,22.575275012059137,frame_fifo_full,,,,,,,,,,,,,,,,,,,,,,,,,,,,,,,,,,,,,,,,,,,,,,,,,,,,,,,,,,,,,,,,,,,,
rsg_object_detection,frame_trace,2498,rsg_20260806_164_404899999_002498,sent_to_hydra,,,,,,,,,,,1069.7442939999746,ok,9.323603007942438,620.7366430026013,436.93112999608275,0.14943799760658294,436.78169199847616,0.005887995939701796,7.715275001828559,5.69949799682945,410.15857399906963,19.898131999070756,0.009791998309083283,435.7659959932789,43.38244900282007,16.130349002196454,3.556395022314973,14.059819994145073,9.118708985624835,86.26048899895977,73.34327598800883,2.7190319233341143,34.29862318444066,21.076027347589843,8.021992776775733,6.983287006733008,2.9646269977092743,2.914708005846478,967.0,324.0,0.004607994924299419,0.014911987818777561,3.6732269945787266,0.7344840123550966,0.36773699684999883,1.3878189929528162,0.36060300772078335,0.0039669976104050875,136.19029500114266,2.7063279994763434,0.128573999973014,38.18419099843595,0.04598400846589357,5.2364970033522695,4.576827006530948,0.09590199624653906,0.5637680005747825,3.368748992215842,0.7131409947760403,0.005216017598286271,2.74702999740839,8,0,8,0,0,,,,,,,,,,,,,,
rsg_object_detection,dropped_oldest,2513,rsg_20260806_165_504899999_002513,dropped,True,fifo_cached_frame,2005,235,0,1768,235,0,1,0.0,42.71183499076869,frame_fifo_full,,,,,,,,,,,,,,,,,,,,,,,,,,,,,,,,,,,,,,,,,,,,,,,,,,,,,,,,,,,,,,,,,,,,
rsg_object_detection,dropped_oldest,2514,rsg_20260806_165_554900000_002514,dropped,True,fifo_cached_frame,2006,235,0,1769,235,0,1,0.0,47.80698999820743,frame_fifo_full,,,,,,,,,,,,,,,,,,,,,,,,,,,,,,,,,,,,,,,,,,,,,,,,,,,,,,,,,,,,,,,,,,,,
rsg_object_detection,dropped_oldest,2515,rsg_20260806_165_604899999_002515,dropped,True,fifo_cached_frame,2007,235,0,1770,235,0,1,0.0,97.98812000371981,frame_fifo_full,,,,,,,,,,,,,,,,,,,,,,,,,,,,,,,,,,,,,,,,,,,,,,,,,,,,,,,,,,,,,,,,,,,,
rsg_object_detection,dropped_oldest,2516,rsg_20260806_165_704900000_002516,dropped,True,fifo_cached_frame,2008,235,0,1771,235,0,1,0.0,61.95013600517996,frame_fifo_full,,,,,,,,,,,,,,,,,,,,,,,,,,,,,,,,,,,,,,,,,,,,,,,,,,,,,,,,,,,,,,,,,,,,
rsg_object_detection,dropped_oldest,2517,rsg_20260806_165_754899999_002517,dropped,True,fifo_cached_frame,2009,235,0,1772,235,0,1,0.0,41.39383899746463,frame_fifo_full,,,,,,,,,,,,,,,,,,,,,,,,,,,,,,,,,,,,,,,,,,,,,,,,,,,,,,,,,,,,,,,,,,,,
rsg_object_detection,dropped_oldest,2518,rsg_20260806_165_804900000_002518,dropped,True,fifo_cached_frame,2010,235,0,1773,235,0,1,0.0,114.88268100947607,frame_fifo_full,,,,,,,,,,,,,,,,,,,,,,,,,,,,,,,,,,,,,,,,,,,,,,,,,,,,,,,,,,,,,,,,,,,,
rsg_object_detection,dropped_oldest,2519,rsg_20260806_165_904899999_002519,dropped,True,fifo_cached_frame,2011,235,0,1774,235,0,1,0.0,50.80006500065792,frame_fifo_full,,,,,,,,,,,,,,,,,,,,,,,,,,,,,,,,,,,,,,,,,,,,,,,,,,,,,,,,,,,,,,,,,,,,
rsg_object_detection,dropped_oldest,2520,rsg_20260806_165_954900000_002520,dropped,True,fifo_cached_frame,2012,235,0,1775,235,0,1,0.0,66.77441600186285,frame_fifo_full,,,,,,,,,,,,,,,,,,,,,,,,,,,,,,,,,,,,,,,,,,,,,,,,,,,,,,,,,,,,,,,,,,,,
rsg_object_detection,dropped_oldest,2521,rsg_20260806_166_004899999_002521,dropped,True,fifo_cached_frame,2013,235,0,1776,235,0,1,0.0,39.52279599616304,frame_fifo_full,,,,,,,,,,,,,,,,,,,,,,,,,,,,,,,,,,,,,,,,,,,,,,,,,,,,,,,,,,,,,,,,,,,,
rsg_object_detection,dropped_oldest,2522,rsg_20260806_166_054900000_002522,dropped,True,fifo_cached_frame,2014,235,0,1777,235,0,1,0.0,79.0699740027776,frame_fifo_full,,,,,,,,,,,,,,,,,,,,,,,,,,,,,,,,,,,,,,,,,,,,,,,,,,,,,,,,,,,,,,,,,,,,
rsg_object_detection,frame_trace,2512,rsg_20260806_165_404899999_002512,sent_to_hydra,,,,,,,,,,,750.6425869942177,ok,14.711553987581283,636.3754479971249,96.94458400190342,0.128573999973014,96.81601000193041,0.003263994585722685,6.151939000119455,0.18278200877830386,298.1727150036022,19.791093000094406,0.008030998287722468,318.15462101076264,142.60799002659041,20.338190995971672,14.103177993092686,80.93717898009345,26.318259013351053,121.55208499461878,109.70029600139242,10.14204794773832,55.84487976739183,21.669009904144332,10.801329728565179,5.088147998321801,3.5287780046928674,2.86418100586161,1017.0,324.0,0.005631998647004366,0.013632015907205641,3.6996879789512604,0.9908320062095299,0.36793199251405895,1.2978039885638282,0.6974940042709932,0.004959001671522856,271.235936001176,4.86319100309629,0.18463701417203993,35.7384369999636,0.046686967834830284,10.275237000314519,9.59230400621891,0.09798300743568689,0.5849499866599217,3.751975003979169,0.678869997500442,0.005471985787153244,2.6077370130224153,8,0,7,0,0,,,,,,,,,,,,,,
rsg_object_detection,dropped_oldest,2524,rsg_20260806_166_254899999_002524,dropped,True,fifo_cached_frame,2016,236,0,1778,236,0,1,0.0,49.33381600130815,frame_fifo_full,,,,,,,,,,,,,,,,,,,,,,,,,,,,,,,,,,,,,,,,,,,,,,,,,,,,,,,,,,,,,,,,,,,,
rsg_object_detection,dropped_oldest,2525,rsg_20260806_166_304900000_002525,dropped,True,fifo_cached_frame,2017,236,0,1779,236,0,1,0.0,50.28244100685697,frame_fifo_full,,,,,,,,,,,,,,,,,,,,,,,,,,,,,,,,,,,,,,,,,,,,,,,,,,,,,,,,,,,,,,,,,,,,
rsg_object_detection,dropped_oldest,2526,rsg_20260806_166_354899999_002526,dropped,True,fifo_cached_frame,2018,236,0,1780,236,0,1,0.0,102.28120800456963,frame_fifo_full,,,,,,,,,,,,,,,,,,,,,,,,,,,,,,,,,,,,,,,,,,,,,,,,,,,,,,,,,,,,,,,,,,,,
rsg_object_detection,dropped_oldest,2527,rsg_20260806_166_454900000_002527,dropped,True,fifo_cached_frame,2019,236,0,1781,236,0,1,0.0,114.02807099511847,frame_fifo_full,,,,,,,,,,,,,,,,,,,,,,,,,,,,,,,,,,,,,,,,,,,,,,,,,,,,,,,,,,,,,,,,,,,,
rsg_object_detection,dropped_oldest,2528,rsg_20260806_166_554900000_002528,dropped,True,fifo_cached_frame,2020,236,0,1782,236,0,1,0.0,214.5090169942705,frame_fifo_full,,,,,,,,,,,,,,,,,,,,,,,,,,,,,,,,,,,,,,,,,,,,,,,,,,,,,,,,,,,,,,,,,,,,
rsg_object_detection,dropped_oldest,2529,rsg_20260806_166_604899999_002529,dropped,True,fifo_cached_frame,2021,236,0,1783,236,0,1,0.0,5.68916198972147,frame_fifo_full,,,,,,,,,,,,,,,,,,,,,,,,,,,,,,,,,,,,,,,,,,,,,,,,,,,,,,,,,,,,,,,,,,,,
rsg_object_detection,dropped_oldest,2530,rsg_20260806_166_704900000_002530,dropped,True,fifo_cached_frame,2022,236,0,1784,236,0,1,0.0,3.7394319951999933,frame_fifo_full,,,,,,,,,,,,,,,,,,,,,,,,,,,,,,,,,,,,,,,,,,,,,,,,,,,,,,,,,,,,,,,,,,,,
rsg_object_detection,frame_trace,2523,rsg_20260806_166_154899999_002523,sent_to_hydra,,,,,,,,,,,648.2575739937602,ok,24.38795199850574,587.1557130012661,34.46392698970158,0.14796499453950673,34.31596199516207,0.002464003046043217,3.6318810016382486,0.2152290107915178,357.65927300963085,21.382300998084247,0.006975984433665872,379.2637790029403,89.03071997337975,21.75093599362299,6.072964009945281,42.756410999572836,17.420792995835654,69.28583400440402,54.53476100228727,2.1308801224222407,27.54524882766418,12.128188842325471,6.1811969499103725,9.114966000197455,2.989426997373812,2.590841002529487,712.0,116.0,0.004896006430499256,0.01519899524282664,4.185696976492181,1.1259680322837085,0.3660729998955503,1.4321060007205233,0.597527003264986,0.005951995262876153,166.04782899958082,3.665544994873926,0.19494100706651807,34.2948420002358,0.056895994930528104,18.389385993941687,17.735508998157457,0.10902299254667014,0.5448540032375604,5.142993992194533,0.850227996124886,0.005344016244634986,2.247518001240678,8,0,8,0,0,,,,,,,,,,,,,,
rsg_object_detection,dropped_oldest,2532,rsg_20260806_166_854899999_002532,dropped,True,fifo_cached_frame,2024,237,0,1785,237,0,1,0.0,67.54544501018245,frame_fifo_full,,,,,,,,,,,,,,,,,,,,,,,,,,,,,,,,,,,,,,,,,,,,,,,,,,,,,,,,,,,,,,,,,,,,
rsg_object_detection,dropped_oldest,2533,rsg_20260806_166_904899999_002533,dropped,True,fifo_cached_frame,2025,237,0,1786,237,0,1,0.0,28.49057799903676,frame_fifo_full,,,,,,,,,,,,,,,,,,,,,,,,,,,,,,,,,,,,,,,,,,,,,,,,,,,,,,,,,,,,,,,,,,,,
rsg_object_detection,dropped_oldest,2534,rsg_20260806_166_954900000_002534,dropped,True,fifo_cached_frame,2026,237,0,1787,237,0,1,0.0,163.8551899959566,frame_fifo_full,,,,,,,,,,,,,,,,,,,,,,,,,,,,,,,,,,,,,,,,,,,,,,,,,,,,,,,,,,,,,,,,,,,,
rsg_object_detection,dropped_oldest,2535,rsg_20260806_167_104899999_002535,dropped,True,fifo_cached_frame,2027,237,0,1788,237,0,1,0.0,91.56383399385959,frame_fifo_full,,,,,,,,,,,,,,,,,,,,,,,,,,,,,,,,,,,,,,,,,,,,,,,,,,,,,,,,,,,,,,,,,,,,
rsg_object_detection,dropped_oldest,2536,rsg_20260806_167_204900000_002536,dropped,True,fifo_cached_frame,2028,237,0,1789,237,0,1,0.0,96.7058679962065,frame_fifo_full,,,,,,,,,,,,,,,,,,,,,,,,,,,,,,,,,,,,,,,,,,,,,,,,,,,,,,,,,,,,,,,,,,,,
rsg_object_detection,dropped_oldest,2537,rsg_20260806_167_304900000_002537,dropped,True,fifo_cached_frame,2029,237,0,1790,237,0,1,0.0,56.73517599643674,frame_fifo_full,,,,,,,,,,,,,,,,,,,,,,,,,,,,,,,,,,,,,,,,,,,,,,,,,,,,,,,,,,,,,,,,,,,,
rsg_object_detection,dropped_oldest,2538,rsg_20260806_167_354899999_002538,dropped,True,fifo_cached_frame,2030,237,0,1791,237,0,1,0.0,61.97762499505188,frame_fifo_full,,,,,,,,,,,,,,,,,,,,,,,,,,,,,,,,,,,,,,,,,,,,,,,,,,,,,,,,,,,,,,,,,,,,
rsg_object_detection,dropped_oldest,2539,rsg_20260806_167_404899999_002539,dropped,True,fifo_cached_frame,2031,237,0,1792,237,0,1,0.0,65.62409800244495,frame_fifo_full,,,,,,,,,,,,,,,,,,,,,,,,,,,,,,,,,,,,,,,,,,,,,,,,,,,,,,,,,,,,,,,,,,,,
rsg_object_detection,frame_trace,2531,rsg_20260806_166_754899999_002531,sent_to_hydra,,,,,,,,,,,710.1517770061037,ok,10.532610001973808,662.2088209987851,34.927248998428695,0.12620599591173232,34.80104300251696,0.005023990524932742,3.781766994507052,0.3214030002709478,462.9232199949911,18.67386199592147,0.006560003384947777,481.92504499456845,50.98297499353066,18.47908296622336,3.691783989779651,17.956819050596096,10.226789003354497,69.00228599261027,55.84613299288321,2.5570423749741167,24.446184470434673,13.572185780503787,8.9194889733335,7.278033997863531,3.0564659973606467,2.7707100089173764,919.0,327.0,0.004511995939537883,0.014367979019880295,3.6631139810197055,0.9527859947411343,0.34418604627717286,1.4984729932621121,0.35065099655184895,0.005566995241679251,126.81987800169736,5.182929991860874,0.1696940016699955,44.273603009060025,0.055904005421325564,6.317633000435308,5.693610000889748,0.10102300439029932,0.52299999515526,3.522026992868632,0.6879260035930201,0.0050240050768479705,2.4780730163911358,8,0,8,0,0,,,,,,,,,,,,,,
rsg_object_detection,dropped_oldest,2541,rsg_20260806_167_554900000_002541,dropped,True,fifo_cached_frame,2033,238,0,1793,238,0,1,0.0,35.646598000312224,frame_fifo_full,,,,,,,,,,,,,,,,,,,,,,,,,,,,,,,,,,,,,,,,,,,,,,,,,,,,,,,,,,,,,,,,,,,,
rsg_object_detection,dropped_oldest,2542,rsg_20260806_167_604899999_002542,dropped,True,fifo_cached_frame,2034,238,0,1794,238,0,1,0.0,51.617909004562534,frame_fifo_full,,,,,,,,,,,,,,,,,,,,,,,,,,,,,,,,,,,,,,,,,,,,,,,,,,,,,,,,,,,,,,,,,,,,
rsg_object_detection,dropped_oldest,2543,rsg_20260806_167_654899999_002543,dropped,True,fifo_cached_frame,2035,238,0,1795,238,0,1,0.0,48.763200000394136,frame_fifo_full,,,,,,,,,,,,,,,,,,,,,,,,,,,,,,,,,,,,,,,,,,,,,,,,,,,,,,,,,,,,,,,,,,,,
rsg_object_detection,,922,rsg_20260806_65_304879999_000922,vlm_done,,,,,,,,,,,,ok,,,,,,,,,,,,,,,,,,,,,,,,,,,,,,,,,,,,,,,,,,,,,,,,,,,,,,,rsg_obj_000070,rsg_unknown_rsg_20260806_65_304879999_000922_006_nanosam_001,,,5,0.6660686858296755,ceiling_light,0.98,static,0.99,6030.64915399591,98365.41923000186,qwen_http,Qwen3-VL-8B-Instruct-GGUF
rsg_object_detection,completed,922,rsg_20260806_65_304879999_000922,,,,,,,,,,,92334.76863600663,,vlm_done,,,,,,,,,,,,,,,,,,,,,,,,,,,,,,,,,,,,,,,,,,,,,,,,,,,,,,,rsg_obj_000070,rsg_unknown_rsg_20260806_65_304879999_000922_006_nanosam_001,87,300,5,0.6660686858296755,,,,,,,,
rsg_object_detection,dropped_oldest,2544,rsg_20260806_167_704900000_002544,dropped,True,fifo_cached_frame,2036,238,0,1796,238,0,1,0.0,179.9988190032309,frame_fifo_full,,,,,,,,,,,,,,,,,,,,,,,,,,,,,,,,,,,,,,,,,,,,,,,,,,,,,,,,,,,,,,,,,,,,
rsg_object_detection,dropped_oldest,2545,rsg_20260806_167_854899999_002545,dropped,True,fifo_cached_frame,2037,238,0,1797,238,0,1,0.0,45.941515010781586,frame_fifo_full,,,,,,,,,,,,,,,,,,,,,,,,,,,,,,,,,,,,,,,,,,,,,,,,,,,,,,,,,,,,,,,,,,,,
rsg_object_detection,dropped_oldest,2546,rsg_20260806_167_904899999_002546,dropped,True,fifo_cached_frame,2038,238,0,1798,238,0,1,0.0,71.28423600806855,frame_fifo_full,,,,,,,,,,,,,,,,,,,,,,,,,,,,,,,,,,,,,,,,,,,,,,,,,,,,,,,,,,,,,,,,,,,,
rsg_object_detection,dropped_oldest,2547,rsg_20260806_167_954900000_002547,dropped,True,fifo_cached_frame,2039,238,0,1799,238,0,1,0.0,17.968464002478868,frame_fifo_full,,,,,,,,,,,,,,,,,,,,,,,,,,,,,,,,,,,,,,,,,,,,,,,,,,,,,,,,,,,,,,,,,,,,
rsg_object_detection,dropped_oldest,2548,rsg_20260806_168_004899999_002548,dropped,True,fifo_cached_frame,2040,238,0,1800,238,0,1,0.0,44.55254299682565,frame_fifo_full,,,,,,,,,,,,,,,,,,,,,,,,,,,,,,,,,,,,,,,,,,,,,,,,,,,,,,,,,,,,,,,,,,,,
rsg_object_detection,dequeued,883,rsg_20260806_63_204880000_000883,,,,,,,,,,,98446.93258100597,,fifo_order,,,,,,,,,,,,,,,,,,,,,,,,,,,,,,,,,,,,,,,,,,,,,,,,,,,,,,,rsg_obj_000071,rsg_unknown_rsg_20260806_63_204880000_000883_004_nanosam_003,86,300,1,0.6516812022107299,,,,,,,,
rsg_object_detection,dropped_oldest,2549,rsg_20260806_168_054900000_002549,dropped,True,fifo_cached_frame,2041,238,0,1801,238,0,1,0.0,69.68685299216304,frame_fifo_full,,,,,,,,,,,,,,,,,,,,,,,,,,,,,,,,,,,,,,,,,,,,,,,,,,,,,,,,,,,,,,,,,,,,
rsg_object_detection,frame_trace,2540,rsg_20260806_167_454900000_002540,sent_to_hydra,,,,,,,,,,,652.8497310064267,ok,14.507557993056253,597.8718400001526,37.89888400933705,0.16319700807798654,37.735687001259066,0.005631998647004366,1.0118250065715984,0.16972600133158267,287.8255760006141,21.552441990934312,0.007200011168606579,309.5549440040486,130.20165101625025,27.364035006030463,10.916762985289097,77.07288404344581,14.077483021537773,103.87014399748296,90.25268600089476,2.8551531868288293,54.609333048574626,16.486649881699122,8.885346018359996,7.909224004833959,2.923380001448095,2.7366950089344755,957.0,327.0,0.004768007784150541,0.014176024706102908,3.803910003625788,0.3918009897461161,0.317885002004914,1.3949550047982484,0.5532399954972789,0.0040000013541430235,240.55659399891738,8.8298819900956,0.13068599218968302,37.73859899956733,0.04931000876240432,9.125462995143607,8.455584989860654,0.09398299152962863,0.5758950137533247,4.57913099671714,0.7981000089785084,0.004863992216996849,2.565817005233839,8,0,8,0,0,,,,,,,,,,,,,,
rsg_object_detection,dropped_oldest,2551,rsg_20260806_168_154899999_002551,dropped,True,fifo_cached_frame,2043,239,0,1802,239,0,1,0.0,23.993078008061275,frame_fifo_full,,,,,,,,,,,,,,,,,,,,,,,,,,,,,,,,,,,,,,,,,,,,,,,,,,,,,,,,,,,,,,,,,,,,
rsg_object_detection,dropped_oldest,2552,rsg_20260806_168_204900000_002552,dropped,True,fifo_cached_frame,2044,239,0,1803,239,0,1,0.0,51.4572709944332,frame_fifo_full,,,,,,,,,,,,,,,,,,,,,,,,,,,,,,,,,,,,,,,,,,,,,,,,,,,,,,,,,,,,,,,,,,,,
rsg_object_detection,dropped_oldest,2553,rsg_20260806_168_254899999_002553,dropped,True,fifo_cached_frame,2045,239,0,1804,239,0,1,0.0,49.26322400569916,frame_fifo_full,,,,,,,,,,,,,,,,,,,,,,,,,,,,,,,,,,,,,,,,,,,,,,,,,,,,,,,,,,,,,,,,,,,,
rsg_object_detection,dropped_oldest,2554,rsg_20260806_168_304900000_002554,dropped,True,fifo_cached_frame,2046,239,0,1805,239,0,1,0.0,49.383990990463644,frame_fifo_full,,,,,,,,,,,,,,,,,,,,,,,,,,,,,,,,,,,,,,,,,,,,,,,,,,,,,,,,,,,,,,,,,,,,
rsg_object_detection,dropped_oldest,2555,rsg_20260806_168_354899999_002555,dropped,True,fifo_cached_frame,2047,239,0,1806,239,0,1,0.0,51.390136999543756,frame_fifo_full,,,,,,,,,,,,,,,,,,,,,,,,,,,,,,,,,,,,,,,,,,,,,,,,,,,,,,,,,,,,,,,,,,,,
rsg_object_detection,dropped_oldest,2556,rsg_20260806_168_404899999_002556,dropped,True,fifo_cached_frame,2048,239,0,1807,239,0,1,0.0,101.568131998647,frame_fifo_full,,,,,,,,,,,,,,,,,,,,,,,,,,,,,,,,,,,,,,,,,,,,,,,,,,,,,,,,,,,,,,,,,,,,
rsg_object_detection,dropped_oldest,2557,rsg_20260806_168_504899999_002557,dropped,True,fifo_cached_frame,2049,239,0,1808,239,0,1,0.0,47.53509099828079,frame_fifo_full,,,,,,,,,,,,,,,,,,,,,,,,,,,,,,,,,,,,,,,,,,,,,,,,,,,,,,,,,,,,,,,,,,,,
rsg_object_detection,dropped_oldest,2558,rsg_20260806_168_554900000_002558,dropped,True,fifo_cached_frame,2050,239,0,1809,239,0,1,0.0,60.280753998085856,frame_fifo_full,,,,,,,,,,,,,,,,,,,,,,,,,,,,,,,,,,,,,,,,,,,,,,,,,,,,,,,,,,,,,,,,,,,,
rsg_object_detection,dropped_oldest,2559,rsg_20260806_168_604899999_002559,dropped,True,fifo_cached_frame,2051,239,0,1810,239,0,1,0.0,136.2822320079431,frame_fifo_full,,,,,,,,,,,,,,,,,,,,,,,,,,,,,,,,,,,,,,,,,,,,,,,,,,,,,,,,,,,,,,,,,,,,
rsg_object_detection,dropped_oldest,2560,rsg_20260806_168_704900000_002560,dropped,True,fifo_cached_frame,2052,239,0,1811,239,0,1,0.0,7.103252995875664,frame_fifo_full,,,,,,,,,,,,,,,,,,,,,,,,,,,,,,,,,,,,,,,,,,,,,,,,,,,,,,,,,,,,,,,,,,,,
rsg_object_detection,frame_trace,2550,rsg_20260806_168_104899999_002550,sent_to_hydra,,,,,,,,,,,634.4912580098026,ok,13.56747600948438,575.5149309989065,43.352818000130355,0.13763000606559217,43.21518799406476,0.002272005076520145,6.525948992930353,0.2867800067178905,335.3511309978785,21.564602997386828,0.006656002369709313,357.2091700043529,83.91038099944126,31.466758984606713,6.451261986512691,26.59636798489373,18.632901992532425,80.783325000084,70.45368899707682,3.387341435882263,35.485287982737646,13.749650068348274,8.893140766303986,4.921141997328959,2.959186997031793,2.3991000052774325,717.0,117.0,0.005056004738435149,0.01471997529733926,4.122561003896408,1.0622880072332919,0.3688919823616743,1.5221530047710985,0.33765900298021734,0.004896006430499256,172.13231400819495,3.1996000034268945,0.1399340108036995,36.26178900594823,0.046174973249435425,9.177941989037208,8.572127000661567,0.09436599793843925,0.5114489904372022,3.5819939948851243,0.8015880011953413,0.00595202436670661,2.053760996204801,8,0,8,0,0,,,,,,,,,,,,,,
rsg_object_detection,dropped_oldest,2562,rsg_20260806_168_804900000_002562,dropped,True,fifo_cached_frame,2054,240,0,1812,240,0,1,0.0,49.86599899712019,frame_fifo_full,,,,,,,,,,,,,,,,,,,,,,,,,,,,,,,,,,,,,,,,,,,,,,,,,,,,,,,,,,,,,,,,,,,,
rsg_object_detection,dropped_oldest,2563,rsg_20260806_168_854899999_002563,dropped,True,fifo_cached_frame,2055,240,0,1813,240,0,1,0.0,50.24557800788898,frame_fifo_full,,,,,,,,,,,,,,,,,,,,,,,,,,,,,,,,,,,,,,,,,,,,,,,,,,,,,,,,,,,,,,,,,,,,
rsg_object_detection,dropped_oldest,2564,rsg_20260806_168_904899999_002564,dropped,True,fifo_cached_frame,2056,240,0,1814,240,0,1,0.0,50.11159500281792,frame_fifo_full,,,,,,,,,,,,,,,,,,,,,,,,,,,,,,,,,,,,,,,,,,,,,,,,,,,,,,,,,,,,,,,,,,,,
rsg_object_detection,dropped_oldest,2565,rsg_20260806_168_954900000_002565,dropped,True,fifo_cached_frame,2057,240,0,1815,240,0,1,0.0,103.61405200092122,frame_fifo_full,,,,,,,,,,,,,,,,,,,,,,,,,,,,,,,,,,,,,,,,,,,,,,,,,,,,,,,,,,,,,,,,,,,,
rsg_object_detection,dropped_oldest,2566,rsg_20260806_169_054900000_002566,dropped,True,fifo_cached_frame,2058,240,0,1816,240,0,1,0.0,46.3880040042568,frame_fifo_full,,,,,,,,,,,,,,,,,,,,,,,,,,,,,,,,,,,,,,,,,,,,,,,,,,,,,,,,,,,,,,,,,,,,
rsg_object_detection,dropped_oldest,2567,rsg_20260806_169_104899999_002567,dropped,True,fifo_cached_frame,2059,240,0,1817,240,0,1,0.0,167.53235198848415,frame_fifo_full,,,,,,,,,,,,,,,,,,,,,,,,,,,,,,,,,,,,,,,,,,,,,,,,,,,,,,,,,,,,,,,,,,,,
rsg_object_detection,dropped_oldest,2568,rsg_20260806_169_204900000_002568,dropped,True,fifo_cached_frame,2060,240,0,1818,240,0,1,0.0,18.20993398723658,frame_fifo_full,,,,,,,,,,,,,,,,,,,,,,,,,,,,,,,,,,,,,,,,,,,,,,,,,,,,,,,,,,,,,,,,,,,,
rsg_object_detection,dropped_oldest,2569,rsg_20260806_169_254899999_002569,dropped,True,fifo_cached_frame,2061,240,0,1819,240,0,1,0.0,66.17189799726475,frame_fifo_full,,,,,,,,,,,,,,,,,,,,,,,,,,,,,,,,,,,,,,,,,,,,,,,,,,,,,,,,,,,,,,,,,,,,
rsg_object_detection,frame_trace,2561,rsg_20260806_168_754899999_002561,sent_to_hydra,,,,,,,,,,,608.16138300288,ok,16.812898000353016,557.9010539950104,30.776911007706076,0.14374099555425346,30.633170012151822,0.005056004738435149,1.0129130096174777,0.17462100367993116,283.6571280058706,22.991972989984788,0.007520007784478366,306.8312420073198,89.84466099354904,28.7044610013254,5.708168973797001,35.14833400549833,19.515577994752675,117.16501601040363,100.6024179951055,4.196971902274527,34.052978866384365,42.1586231677793,12.616933774552308,9.627086998079903,3.5887769918190315,2.823158007231541,989.0,327.0,0.006079993909224868,0.01039997732732445,3.087057004449889,0.3962199843954295,0.2951930073322728,1.1812299926532432,0.5462320114020258,0.005120004061609507,212.53967299708165,3.1021609902381897,0.12959800369571894,34.2409239965491,0.04454299050848931,12.691007999819703,11.94660400506109,0.09935899288393557,0.6450450018746778,3.4666680003283545,0.6503899930976331,0.004832007107324898,2.6654639950720593,8,0,6,0,0,,,,,,,,,,,,,,
rsg_object_detection,dropped_oldest,2571,rsg_20260806_169_404899999_002571,dropped,True,fifo_cached_frame,2063,241,0,1820,241,0,1,0.0,49.59461200633086,frame_fifo_full,,,,,,,,,,,,,,,,,,,,,,,,,,,,,,,,,,,,,,,,,,,,,,,,,,,,,,,,,,,,,,,,,,,,
rsg_object_detection,dropped_oldest,2572,rsg_20260806_169_454900000_002572,dropped,True,fifo_cached_frame,2064,241,0,1821,241,0,1,0.0,47.59172999183647,frame_fifo_full,,,,,,,,,,,,,,,,,,,,,,,,,,,,,,,,,,,,,,,,,,,,,,,,,,,,,,,,,,,,,,,,,,,,
rsg_object_detection,dropped_oldest,2573,rsg_20260806_169_504899999_002573,dropped,True,fifo_cached_frame,2065,241,0,1822,241,0,1,0.0,51.179387999582104,frame_fifo_full,,,,,,,,,,,,,,,,,,,,,,,,,,,,,,,,,,,,,,,,,,,,,,,,,,,,,,,,,,,,,,,,,,,,
rsg_object_detection,dropped_oldest,2574,rsg_20260806_169_554900000_002574,dropped,True,fifo_cached_frame,2066,241,0,1823,241,0,1,0.0,53.08809501002543,frame_fifo_full,,,,,,,,,,,,,,,,,,,,,,,,,,,,,,,,,,,,,,,,,,,,,,,,,,,,,,,,,,,,,,,,,,,,
rsg_object_detection,dropped_oldest,2575,rsg_20260806_169_604899999_002575,dropped,True,fifo_cached_frame,2067,241,0,1824,241,0,1,0.0,50.545764999696985,frame_fifo_full,,,,,,,,,,,,,,,,,,,,,,,,,,,,,,,,,,,,,,,,,,,,,,,,,,,,,,,,,,,,,,,,,,,,
rsg_object_detection,dropped_oldest,2576,rsg_20260806_169_654899999_002576,dropped,True,fifo_cached_frame,2068,241,0,1825,241,0,1,0.0,48.26823199982755,frame_fifo_full,,,,,,,,,,,,,,,,,,,,,,,,,,,,,,,,,,,,,,,,,,,,,,,,,,,,,,,,,,,,,,,,,,,,
rsg_object_detection,dropped_oldest,2577,rsg_20260806_169_704900000_002577,dropped,True,fifo_cached_frame,2069,241,0,1826,241,0,1,0.0,78.91397700586822,frame_fifo_full,,,,,,,,,,,,,,,,,,,,,,,,,,,,,,,,,,,,,,,,,,,,,,,,,,,,,,,,,,,,,,,,,,,,
rsg_object_detection,dropped_oldest,2578,rsg_20260806_169_754899999_002578,dropped,True,fifo_cached_frame,2070,241,0,1827,241,0,1,0.0,48.53769899636973,frame_fifo_full,,,,,,,,,,,,,,,,,,,,,,,,,,,,,,,,,,,,,,,,,,,,,,,,,,,,,,,,,,,,,,,,,,,,
rsg_object_detection,dropped_oldest,2579,rsg_20260806_169_804900000_002579,dropped,True,fifo_cached_frame,2071,241,0,1828,242,0,1,0.0,91.90107700123917,frame_fifo_full,,,,,,,,,,,,,,,,,,,,,,,,,,,,,,,,,,,,,,,,,,,,,,,,,,,,,,,,,,,,,,,,,,,,
rsg_object_detection,frame_trace,2570,rsg_20260806_169_354899999_002570,sent_to_hydra,,,,,,,,,,,548.0271249980433,ok,13.047867993009277,500.0454480032204,32.88180800154805,0.16332599625457078,32.71848200529348,0.0031039962777867913,1.114255006541498,0.23174099624156952,283.1159530032892,20.655175991123542,0.008320013876073062,304.01119000453036,70.01337502151728,17.124252990470268,3.6363310064189136,16.900545015232638,31.58669099502731,81.48520300164819,67.59651598986238,2.2106892574811354,38.79389088251628,13.774351784377359,6.746381826815195,6.928856004378758,4.578841995680705,2.328125003259629,689.0,107.0,0.0040000013541430235,0.014528006431646645,4.320221982197836,0.9937800059560686,0.3769839968299493,1.5850319905439392,0.7246610039146617,0.00457599526271224,159.52357699279673,5.178161998628639,0.17212500097230077,29.993051997735165,0.053087002015672624,7.297010000911541,6.533182007842697,0.09926299389917403,0.66456499916967,4.991989000700414,0.7540049991803244,0.004863992216996849,2.048897003987804,8,0,8,0,0,,,,,,,,,,,,,,
rsg_object_detection,dropped_oldest,2581,rsg_20260806_169_954900000_002581,dropped,True,fifo_cached_frame,2073,242,0,1829,242,0,1,0.0,41.95965500548482,frame_fifo_full,,,,,,,,,,,,,,,,,,,,,,,,,,,,,,,,,,,,,,,,,,,,,,,,,,,,,,,,,,,,,,,,,,,,
rsg_object_detection,dropped_oldest,2582,rsg_20260806_170_004899999_002582,dropped,True,fifo_cached_frame,2074,242,0,1830,242,0,1,0.0,106.84290000062902,frame_fifo_full,,,,,,,,,,,,,,,,,,,,,,,,,,,,,,,,,,,,,,,,,,,,,,,,,,,,,,,,,,,,,,,,,,,,
rsg_object_detection,dropped_oldest,2583,rsg_20260806_170_104899999_002583,dropped,True,fifo_cached_frame,2075,242,0,1831,242,0,1,0.0,96.07154299737886,frame_fifo_full,,,,,,,,,,,,,,,,,,,,,,,,,,,,,,,,,,,,,,,,,,,,,,,,,,,,,,,,,,,,,,,,,,,,
rsg_object_detection,dropped_oldest,2584,rsg_20260806_170_204900000_002584,dropped,True,fifo_cached_frame,2076,242,0,1832,242,0,1,0.0,50.299656999413855,frame_fifo_full,,,,,,,,,,,,,,,,,,,,,,,,,,,,,,,,,,,,,,,,,,,,,,,,,,,,,,,,,,,,,,,,,,,,
rsg_object_detection,dropped_oldest,2585,rsg_20260806_170_254899999_002585,dropped,True,fifo_cached_frame,2077,242,0,1833,242,0,1,0.0,48.74064000614453,frame_fifo_full,,,,,,,,,,,,,,,,,,,,,,,,,,,,,,,,,,,,,,,,,,,,,,,,,,,,,,,,,,,,,,,,,,,,
rsg_object_detection,dropped_oldest,2586,rsg_20260806_170_304900000_002586,dropped,True,fifo_cached_frame,2078,242,0,1834,242,0,1,0.0,60.86583399155643,frame_fifo_full,,,,,,,,,,,,,,,,,,,,,,,,,,,,,,,,,,,,,,,,,,,,,,,,,,,,,,,,,,,,,,,,,,,,
rsg_object_detection,dropped_oldest,2587,rsg_20260806_170_354899999_002587,dropped,True,fifo_cached_frame,2079,242,0,1835,242,0,1,0.0,170.22028099745512,frame_fifo_full,,,,,,,,,,,,,,,,,,,,,,,,,,,,,,,,,,,,,,,,,,,,,,,,,,,,,,,,,,,,,,,,,,,,
rsg_object_detection,dropped_oldest,2588,rsg_20260806_170_404899999_002588,dropped,True,fifo_cached_frame,2080,242,0,1836,242,0,1,0.0,7.979111993336119,frame_fifo_full,,,,,,,,,,,,,,,,,,,,,,,,,,,,,,,,,,,,,,,,,,,,,,,,,,,,,,,,,,,,,,,,,,,,
rsg_object_detection,dropped_oldest,2589,rsg_20260806_170_454900000_002589,dropped,True,fifo_cached_frame,2081,242,0,1837,242,0,1,0.0,4.928021007799543,frame_fifo_full,,,,,,,,,,,,,,,,,,,,,,,,,,,,,,,,,,,,,,,,,,,,,,,,,,,,,,,,,,,,,,,,,,,,
rsg_object_detection,dropped_oldest,2590,rsg_20260806_170_504899999_002590,dropped,True,fifo_cached_frame,2082,242,0,1838,242,0,1,0.0,6.034595993696712,frame_fifo_full,,,,,,,,,,,,,,,,,,,,,,,,,,,,,,,,,,,,,,,,,,,,,,,,,,,,,,,,,,,,,,,,,,,,
rsg_object_detection,frame_trace,2580,rsg_20260806_169_904899999_002580,sent_to_hydra,,,,,,,,,,,640.2667259972077,ok,23.534236999694258,608.0127479945077,6.305600996711291,0.17807699623517692,6.1275240004761145,0.0071359972935169935,1.903267009765841,0.21628501417580992,357.38526401109993,32.032604998676106,0.009087976650334895,389.6432420006022,66.8119519832544,34.405721016810276,4.37807799607981,14.443302017753012,12.756256008287892,97.7402849966893,85.85204900009558,3.5891978768631816,45.20958973444067,14.997325895819813,8.984549902379513,5.7376420008949935,3.4742829884635285,2.616761004901491,693.0,108.0,0.005120004061609507,0.020832012523896992,5.620682015432976,3.0899069970473647,0.5035450012655929,1.8201649945694953,0.3892740060109645,0.005312002031132579,176.01270499289967,3.982403999543749,0.17542100977152586,36.24815700459294,0.047551977331750095,18.602470998303033,17.83432299271226,0.10355000267736614,0.664598002913408,4.04806699953042,0.8781950018601492,0.005504000000655651,2.407004009000957,8,0,8,0,0,,,,,,,,,,,,,,
rsg_object_detection,dropped_oldest,2592,rsg_20260806_170_604899999_002592,dropped,True,fifo_cached_frame,2084,243,0,1839,243,0,1,0.0,99.08656899642665,frame_fifo_full,,,,,,,,,,,,,,,,,,,,,,,,,,,,,,,,,,,,,,,,,,,,,,,,,,,,,,,,,,,,,,,,,,,,
rsg_object_detection,dropped_oldest,2593,rsg_20260806_170_704900000_002593,dropped,True,fifo_cached_frame,2085,243,0,1840,243,0,1,0.0,51.514614999177866,frame_fifo_full,,,,,,,,,,,,,,,,,,,,,,,,,,,,,,,,,,,,,,,,,,,,,,,,,,,,,,,,,,,,,,,,,,,,
rsg_object_detection,dropped_oldest,2594,rsg_20260806_170_754899999_002594,dropped,True,fifo_cached_frame,2086,243,0,1841,243,0,1,0.0,100.86187100387178,frame_fifo_full,,,,,,,,,,,,,,,,,,,,,,,,,,,,,,,,,,,,,,,,,,,,,,,,,,,,,,,,,,,,,,,,,,,,
rsg_object_detection,dropped_oldest,2595,rsg_20260806_170_854899999_002595,dropped,True,fifo_cached_frame,2087,243,0,1842,243,0,1,0.0,111.41643099836074,frame_fifo_full,,,,,,,,,,,,,,,,,,,,,,,,,,,,,,,,,,,,,,,,,,,,,,,,,,,,,,,,,,,,,,,,,,,,
rsg_object_detection,dropped_oldest,2596,rsg_20260806_170_954900000_002596,dropped,True,fifo_cached_frame,2088,243,0,1843,243,0,1,0.0,59.62409300263971,frame_fifo_full,,,,,,,,,,,,,,,,,,,,,,,,,,,,,,,,,,,,,,,,,,,,,,,,,,,,,,,,,,,,,,,,,,,,
rsg_object_detection,dropped_oldest,2597,rsg_20260806_171_004899999_002597,dropped,True,fifo_cached_frame,2089,243,0,1844,243,0,1,0.0,25.616573009756394,frame_fifo_full,,,,,,,,,,,,,,,,,,,,,,,,,,,,,,,,,,,,,,,,,,,,,,,,,,,,,,,,,,,,,,,,,,,,
rsg_object_detection,frame_trace,2591,rsg_20260806_170_554900000_002591,sent_to_hydra,,,,,,,,,,,550.3843379992759,ok,12.856893998105079,504.26512998819817,31.079178996151313,0.13862201012670994,30.940556986024603,0.0022400054149329662,1.1392469896236435,0.20009299623779953,281.0021929908544,21.405085004516877,0.007360009476542473,302.6147310010856,50.509061984485015,16.35114500822965,3.6315929755801335,20.002611010568216,9.834443990257569,96.29160400072578,81.0216899990337,7.243729691253975,41.02863496518694,17.97700898896437,8.113340023555793,8.150373003445566,3.2011349976528436,3.8402299978770316,709.0,120.0,0.006272006430663168,0.022752006771042943,5.341103984392248,2.1843190043000504,0.4698160191765055,1.4666339993709698,0.5558629927691072,0.005216003046371043,156.84243399300613,8.882009991793893,0.15071799862198532,34.58863000560086,0.04736000846605748,7.828842004528269,7.104917007382028,0.11615798575803638,0.607767011388205,4.130017987336032,0.8917300001485273,0.006304006092250347,2.180895011406392,8,0,8,0,0,,,,,,,,,,,,,,
rsg_object_detection,dropped_oldest,2599,rsg_20260806_171_204900000_002599,dropped,True,fifo_cached_frame,2091,244,0,1845,244,0,1,0.0,51.4705200039316,frame_fifo_full,,,,,,,,,,,,,,,,,,,,,,,,,,,,,,,,,,,,,,,,,,,,,,,,,,,,,,,,,,,,,,,,,,,,
rsg_object_detection,dropped_oldest,2600,rsg_20260806_171_254899999_002600,dropped,True,fifo_cached_frame,2092,244,0,1846,244,0,1,0.0,49.61112300225068,frame_fifo_full,,,,,,,,,,,,,,,,,,,,,,,,,,,,,,,,,,,,,,,,,,,,,,,,,,,,,,,,,,,,,,,,,,,,
rsg_object_detection,dropped_oldest,2601,rsg_20260806_171_304900000_002601,dropped,True,fifo_cached_frame,2093,244,0,1847,244,0,1,0.0,102.48878999846056,frame_fifo_full,,,,,,,,,,,,,,,,,,,,,,,,,,,,,,,,,,,,,,,,,,,,,,,,,,,,,,,,,,,,,,,,,,,,
rsg_object_detection,dropped_oldest,2602,rsg_20260806_171_404899999_002602,dropped,True,fifo_cached_frame,2094,244,0,1848,244,0,1,0.0,48.58077100652736,frame_fifo_full,,,,,,,,,,,,,,,,,,,,,,,,,,,,,,,,,,,,,,,,,,,,,,,,,,,,,,,,,,,,,,,,,,,,
rsg_object_detection,dropped_oldest,2603,rsg_20260806_171_454900000_002603,dropped,True,fifo_cached_frame,2095,244,0,1849,244,0,1,0.0,102.86907199770212,frame_fifo_full,,,,,,,,,,,,,,,,,,,,,,,,,,,,,,,,,,,,,,,,,,,,,,,,,,,,,,,,,,,,,,,,,,,,
rsg_object_detection,dropped_oldest,2604,rsg_20260806_171_554900000_002604,dropped,True,fifo_cached_frame,2096,244,0,1850,244,0,1,0.0,106.56700099934824,frame_fifo_full,,,,,,,,,,,,,,,,,,,,,,,,,,,,,,,,,,,,,,,,,,,,,,,,,,,,,,,,,,,,,,,,,,,,
rsg_object_detection,frame_trace,2598,rsg_20260806_171_054900000_002598,sent_to_hydra,,,,,,,,,,,620.0211130053503,ok,12.69059300830122,527.2709920100169,77.58663699496537,0.12610999692697078,77.4605269980384,0.002272005076520145,1.3012919953325763,0.24793199554551393,311.80736199894454,23.041124004521407,0.009887997293844819,335.1063059963053,63.022474001627415,17.689332002191804,6.816665001679212,23.496413996326737,14.334279985632747,82.96985299966764,72.92216499627102,3.849197077215649,34.03774814796634,13.384321093326434,11.672336957417428,3.8099259982118383,3.2828310067998245,2.68364000658039,958.0,331.0,0.0050240050768479705,0.014208009815774858,4.094465999514796,0.8031870238482952,0.3627469704952091,1.4758180041098967,0.44728899956680834,0.00790400372352451,153.2095939910505,2.927795998402871,0.1608620077604428,34.52328700223006,0.0418550189351663,8.248195998021401,7.604844999150373,0.09900600707624108,0.5443449917947873,3.7384070019470528,0.6987740052863955,0.005216003046371043,2.470618986990303,8,0,7,0,0,,,,,,,,,,,,,,
rsg_object_detection,dropped_oldest,2606,rsg_20260806_171_704900000_002606,dropped,True,fifo_cached_frame,2098,245,0,1851,245,0,1,0.0,48.19370499171782,frame_fifo_full,,,,,,,,,,,,,,,,,,,,,,,,,,,,,,,,,,,,,,,,,,,,,,,,,,,,,,,,,,,,,,,,,,,,
rsg_object_detection,dropped_oldest,2607,rsg_20260806_171_754899999_002607,dropped,True,fifo_cached_frame,2099,245,0,1852,245,0,1,0.0,48.56944399944041,frame_fifo_full,,,,,,,,,,,,,,,,,,,,,,,,,,,,,,,,,,,,,,,,,,,,,,,,,,,,,,,,,,,,,,,,,,,,
rsg_object_detection,dropped_oldest,2608,rsg_20260806_171_804900000_002608,dropped,True,fifo_cached_frame,2100,245,0,1853,245,0,1,0.0,50.70323598920368,frame_fifo_full,,,,,,,,,,,,,,,,,,,,,,,,,,,,,,,,,,,,,,,,,,,,,,,,,,,,,,,,,,,,,,,,,,,,
rsg_object_detection,dropped_oldest,2609,rsg_20260806_171_854899999_002609,dropped,True,fifo_cached_frame,2101,245,0,1854,245,0,1,0.0,51.81009900115896,frame_fifo_full,,,,,,,,,,,,,,,,,,,,,,,,,,,,,,,,,,,,,,,,,,,,,,,,,,,,,,,,,,,,,,,,,,,,
rsg_object_detection,dropped_oldest,2610,rsg_20260806_171_904899999_002610,dropped,True,fifo_cached_frame,2102,245,0,1855,245,0,1,0.0,51.555190002545714,frame_fifo_full,,,,,,,,,,,,,,,,,,,,,,,,,,,,,,,,,,,,,,,,,,,,,,,,,,,,,,,,,,,,,,,,,,,,
rsg_object_detection,dropped_oldest,2611,rsg_20260806_171_954900000_002611,dropped,True,fifo_cached_frame,2103,245,0,1856,245,0,1,0.0,146.43244800390676,frame_fifo_full,,,,,,,,,,,,,,,,,,,,,,,,,,,,,,,,,,,,,,,,,,,,,,,,,,,,,,,,,,,,,,,,,,,,
rsg_object_detection,dropped_oldest,2612,rsg_20260806_172_104899999_002612,dropped,True,fifo_cached_frame,2104,245,0,1857,245,0,1,0.0,118.98889399890322,frame_fifo_full,,,,,,,,,,,,,,,,,,,,,,,,,,,,,,,,,,,,,,,,,,,,,,,,,,,,,,,,,,,,,,,,,,,,
rsg_object_detection,dropped_oldest,2613,rsg_20260806_172_204900000_002613,dropped,True,fifo_cached_frame,2105,245,0,1858,245,0,1,0.0,54.98413099849131,frame_fifo_full,,,,,,,,,,,,,,,,,,,,,,,,,,,,,,,,,,,,,,,,,,,,,,,,,,,,,,,,,,,,,,,,,,,,
rsg_object_detection,frame_trace,2605,rsg_20260806_171_654899999_002605,sent_to_hydra,,,,,,,,,,,623.2533849979518,ok,13.440916998661123,572.6454120012932,35.282027994981036,0.13634999049827456,35.14567800448276,0.0019199942471459508,1.8978589941980317,0.2734039881033823,284.1573469922878,25.344512992887758,0.006784015567973256,309.7820479888469,124.64723997982219,20.852708999882452,20.15390299493447,62.63294395466801,20.258350006770343,96.9280429999344,83.01762799965218,2.8024532221024856,33.311261926428415,33.45673881995026,6.73956390528474,8.108741996693425,3.3229580003535375,2.1552630059886724,728.0,106.0,0.004383997293189168,0.013695986126549542,3.6664099607151,0.8955380180850625,0.3319940442452207,1.4330339909065515,0.5827429995406419,0.004320012521930039,228.50996200577356,3.7715910002589226,0.15471799997612834,28.48485099093523,0.044383021304383874,8.737723997910507,8.027046991628595,0.15023699961602688,0.5604400066658854,4.045667010359466,0.6537500012200326,0.003775989171117544,1.8831080087693408,8,0,7,0,0,,,,,,,,,,,,,,
rsg_object_detection,dropped_oldest,2615,rsg_20260806_172_304900000_002615,dropped,True,fifo_cached_frame,2107,246,0,1859,246,0,1,0.0,91.91096600261517,frame_fifo_full,,,,,,,,,,,,,,,,,,,,,,,,,,,,,,,,,,,,,,,,,,,,,,,,,,,,,,,,,,,,,,,,,,,,
rsg_object_detection,dropped_oldest,2616,rsg_20260806_172_404899999_002616,dropped,True,fifo_cached_frame,2108,246,0,1860,246,0,1,0.0,49.23253798915539,frame_fifo_full,,,,,,,,,,,,,,,,,,,,,,,,,,,,,,,,,,,,,,,,,,,,,,,,,,,,,,,,,,,,,,,,,,,,
rsg_object_detection,dropped_oldest,2617,rsg_20260806_172_454900000_002617,dropped,True,fifo_cached_frame,2109,246,0,1861,246,0,1,0.0,51.52539900154807,frame_fifo_full,,,,,,,,,,,,,,,,,,,,,,,,,,,,,,,,,,,,,,,,,,,,,,,,,,,,,,,,,,,,,,,,,,,,
rsg_object_detection,dropped_oldest,2618,rsg_20260806_172_504899999_002618,dropped,True,fifo_cached_frame,2110,246,0,1862,246,0,1,0.0,53.71806999028195,frame_fifo_full,,,,,,,,,,,,,,,,,,,,,,,,,,,,,,,,,,,,,,,,,,,,,,,,,,,,,,,,,,,,,,,,,,,,
rsg_object_detection,dropped_oldest,2619,rsg_20260806_172_554900000_002619,dropped,True,fifo_cached_frame,2111,246,0,1863,246,0,1,0.0,49.37880799116101,frame_fifo_full,,,,,,,,,,,,,,,,,,,,,,,,,,,,,,,,,,,,,,,,,,,,,,,,,,,,,,,,,,,,,,,,,,,,
rsg_object_detection,dropped_oldest,2620,rsg_20260806_172_604899999_002620,dropped,True,fifo_cached_frame,2112,246,0,1864,246,0,1,0.0,46.647968993056566,frame_fifo_full,,,,,,,,,,,,,,,,,,,,,,,,,,,,,,,,,,,,,,,,,,,,,,,,,,,,,,,,,,,,,,,,,,,,
rsg_object_detection,dropped_oldest,2621,rsg_20260806_172_654899999_002621,dropped,True,fifo_cached_frame,2113,246,0,1865,246,0,1,0.0,74.93243800126947,frame_fifo_full,,,,,,,,,,,,,,,,,,,,,,,,,,,,,,,,,,,,,,,,,,,,,,,,,,,,,,,,,,,,,,,,,,,,
rsg_object_detection,dropped_oldest,2622,rsg_20260806_172_704900000_002622,dropped,True,fifo_cached_frame,2114,246,0,1866,246,0,1,0.0,26.551984003162943,frame_fifo_full,,,,,,,,,,,,,,,,,,,,,,,,,,,,,,,,,,,,,,,,,,,,,,,,,,,,,,,,,,,,,,,,,,,,
rsg_object_detection,dropped_oldest,2623,rsg_20260806_172_754899999_002623,dropped,True,fifo_cached_frame,2115,246,0,1867,246,0,1,0.0,72.67125700309407,frame_fifo_full,,,,,,,,,,,,,,,,,,,,,,,,,,,,,,,,,,,,,,,,,,,,,,,,,,,,,,,,,,,,,,,,,,,,
rsg_object_detection,dropped_oldest,2624,rsg_20260806_172_804900000_002624,dropped,True,fifo_cached_frame,2116,246,0,1868,246,0,1,0.0,76.77256999886595,frame_fifo_full,,,,,,,,,,,,,,,,,,,,,,,,,,,,,,,,,,,,,,,,,,,,,,,,,,,,,,,,,,,,,,,,,,,,
rsg_object_detection,frame_trace,2614,rsg_20260806_172_254899999_002614,sent_to_hydra,,,,,,,,,,,637.2406000009505,ok,14.582083997083828,589.3759770115139,30.53035600169096,0.13734200911130756,30.393013992579654,0.003263005055487156,6.2840649916324764,0.24700400535948575,354.62978899886366,20.93590899312403,0.009248004062101245,375.8219500014093,83.63694600120652,19.512792001478374,5.028276995290071,40.097636039718054,18.182765998062678,75.36036800593138,64.24357499054167,2.48272591852583,27.102412161184475,16.653243117616512,11.618566961260512,5.238352998276241,2.9530440078815445,2.875635997042991,951.0,334.0,0.004415996954776347,0.013695986126549542,3.697448002640158,0.5733059806516394,0.33397800871171057,1.3930989953223616,0.3188109985785559,0.004512010491453111,165.33469200658146,3.2893900061026216,0.17638099961914122,38.416028997744434,0.05347000842448324,10.323877009795979,9.622031007893384,0.10252601350657642,0.5993199883960187,3.4825710026780143,0.7700999994995072,0.005535985110327601,2.748919985606335,8,0,8,0,0,,,,,,,,,,,,,,
rsg_object_detection,dropped_oldest,2626,rsg_20260806_172_954900000_002626,dropped,True,fifo_cached_frame,2118,247,0,1869,247,0,1,0.0,35.7688359945314,frame_fifo_full,,,,,,,,,,,,,,,,,,,,,,,,,,,,,,,,,,,,,,,,,,,,,,,,,,,,,,,,,,,,,,,,,,,,
rsg_object_detection,dropped_oldest,2627,rsg_20260806_173_004899999_002627,dropped,True,fifo_cached_frame,2119,247,0,1870,247,0,1,0.0,51.19020400161389,frame_fifo_full,,,,,,,,,,,,,,,,,,,,,,,,,,,,,,,,,,,,,,,,,,,,,,,,,,,,,,,,,,,,,,,,,,,,
rsg_object_detection,dropped_oldest,2628,rsg_20260806_173_054900000_002628,dropped,True,fifo_cached_frame,2120,247,0,1871,247,0,1,0.0,154.41219999047462,frame_fifo_full,,,,,,,,,,,,,,,,,,,,,,,,,,,,,,,,,,,,,,,,,,,,,,,,,,,,,,,,,,,,,,,,,,,,
rsg_object_detection,dropped_oldest,2629,rsg_20260806_173_204900000_002629,dropped,True,fifo_cached_frame,2121,247,0,1872,247,0,1,0.0,155.51211999263614,frame_fifo_full,,,,,,,,,,,,,,,,,,,,,,,,,,,,,,,,,,,,,,,,,,,,,,,,,,,,,,,,,,,,,,,,,,,,
rsg_object_detection,dropped_oldest,2630,rsg_20260806_173_304900000_002630,dropped,True,fifo_cached_frame,2122,247,0,1873,247,0,1,0.0,39.77405700425152,frame_fifo_full,,,,,,,,,,,,,,,,,,,,,,,,,,,,,,,,,,,,,,,,,,,,,,,,,,,,,,,,,,,,,,,,,,,,
rsg_object_detection,,883,rsg_20260806_63_204880000_000883,vlm_failed,,,,,,,,,,,,"{""label"":""unknown_object"",""label_confidence"":0.0,""mobility_class"":""unknown"",""mobility_confidence"":0.0}",,,,,,,,,,,,,,,,,,,,,,,,,,,,,,,,,,,,,,,,,,,,,,,,,,,,,,,rsg_obj_000071,rsg_unknown_rsg_20260806_63_204880000_000883_004_nanosam_003,,,1,0.6516812022107299,unknown_object,0.0,unknown,0.0,5369.583904001047,103816.51882101141,qwen_http,Qwen3-VL-8B-Instruct-GGUF
rsg_object_detection,completed,883,rsg_20260806_63_204880000_000883,,,,,,,,,,,98446.93258100597,,vlm_failed,,,,,,,,,,,,,,,,,,,,,,,,,,,,,,,,,,,,,,,,,,,,,,,,,,,,,,,rsg_obj_000071,rsg_unknown_rsg_20260806_63_204880000_000883_004_nanosam_003,90,300,1,0.6516812022107299,,,,,,,,
rsg_object_detection,dropped_oldest,2631,rsg_20260806_173_404899999_002631,dropped,True,fifo_cached_frame,2123,247,0,1874,247,0,1,0.0,50.50125499838032,frame_fifo_full,,,,,,,,,,,,,,,,,,,,,,,,,,,,,,,,,,,,,,,,,,,,,,,,,,,,,,,,,,,,,,,,,,,,
rsg_object_detection,frame_trace,2625,rsg_20260806_172_904899999_002625,sent_to_hydra,,,,,,,,,,,559.8357839917298,ok,16.884001990547404,505.3697889961768,35.00542399706319,0.14998199185356498,34.855442005209625,0.0031999952625483274,1.2224780075484887,0.21762799588032067,281.3382539898157,23.361568004474975,0.00768000609241426,304.9251299962634,65.35799099947326,19.274174992460757,4.730970002128743,28.23179800179787,12.496641997131519,77.58689500042237,65.42973399336915,7.197839935543016,27.82376696995925,15.43362509983126,8.101613071630709,5.334223009413108,3.3362379908794537,3.4318520047236234,987.0,335.0,0.005408001015894115,0.019135986804030836,7.120885013137013,1.8158779857913032,0.4282790032448247,1.4580579882021993,0.3621380019467324,0.0050879898481070995,154.15389998815954,7.239667000249028,0.14972599456086755,37.63037599856034,0.04851201083511114,12.818559000152163,12.201767996884882,0.09059099829755723,0.5262000049697235,3.4078200114890933,0.6533030100399628,0.004319968866184354,2.5733690126799047,8,0,8,0,0,,,,,,,,,,,,,,
rsg_object_detection,dequeued,951,rsg_20260806_66_754880000_000951,,,,,,,,,,,103821.04439199611,,fifo_order,,,,,,,,,,,,,,,,,,,,,,,,,,,,,,,,,,,,,,,,,,,,,,,,,,,,,,,rsg_obj_000072,rsg_unknown_rsg_20260806_66_754880000_000951_002_nanosam_007,89,300,8,0.7135314257009735,,,,,,,,
rsg_object_detection,dropped_oldest,2633,rsg_20260806_173_604899999_002633,dropped,True,fifo_cached_frame,2125,248,0,1875,248,0,1,0.0,103.6053499992704,frame_fifo_full,,,,,,,,,,,,,,,,,,,,,,,,,,,,,,,,,,,,,,,,,,,,,,,,,,,,,,,,,,,,,,,,,,,,
rsg_object_detection,dropped_oldest,2634,rsg_20260806_173_704900000_002634,dropped,True,fifo_cached_frame,2126,248,0,1876,248,0,1,0.0,95.77782099950127,frame_fifo_full,,,,,,,,,,,,,,,,,,,,,,,,,,,,,,,,,,,,,,,,,,,,,,,,,,,,,,,,,,,,,,,,,,,,
rsg_object_detection,dropped_oldest,2635,rsg_20260806_173_804900000_002635,dropped,True,fifo_cached_frame,2127,248,0,1877,248,0,1,0.0,77.08885299507529,frame_fifo_full,,,,,,,,,,,,,,,,,,,,,,,,,,,,,,,,,,,,,,,,,,,,,,,,,,,,,,,,,,,,,,,,,,,,
rsg_object_detection,dropped_oldest,2636,rsg_20260806_173_854899999_002636,dropped,True,fifo_cached_frame,2128,248,0,1878,248,0,1,0.0,61.636703001568094,frame_fifo_full,,,,,,,,,,,,,,,,,,,,,,,,,,,,,,,,,,,,,,,,,,,,,,,,,,,,,,,,,,,,,,,,,,,,
rsg_object_detection,frame_trace,2632,rsg_20260806_173_454900000_002632,sent_to_hydra,,,,,,,,,,,500.73322000389453,ok,10.433475006720982,451.73907799471635,36.117791998549365,0.12642999354284257,35.99136200500652,0.006528003723360598,2.4496590049238876,0.16838099691085517,188.20727500133216,27.044392001698725,0.005823996616527438,215.42587199655827,106.54015299223829,17.930290996446274,5.535821008379571,55.74799200985581,26.723949005827308,74.86264800536446,60.818059006123804,3.0536512786056846,28.6990161112044,14.337892032926902,8.472584886476398,7.495566998841241,3.362029994605109,2.8286300075706095,1025.0,338.0,0.005023990524932742,0.015487996279262006,3.811558010056615,2.5115789903793484,0.35311499959789217,1.2826680031139404,0.33189900568686426,0.0052800023695454,189.71890000102576,2.849716998753138,0.13478199252858758,41.10853299789596,0.051615003030747175,6.294177001109347,5.659690010361373,0.09295900235883892,0.5415279883891344,3.4741239942377433,0.6604380032513291,0.004736008122563362,2.436347000184469,8,0,7,0,0,,,,,,,,,,,,,,
rsg_object_detection,dropped_oldest,2638,rsg_20260806_174_004899999_002638,dropped,True,fifo_cached_frame,2130,249,0,1879,249,0,1,0.0,84.70941099221818,frame_fifo_full,,,,,,,,,,,,,,,,,,,,,,,,,,,,,,,,,,,,,,,,,,,,,,,,,,,,,,,,,,,,,,,,,,,,
rsg_object_detection,dropped_oldest,2639,rsg_20260806_174_104899999_002639,dropped,True,fifo_cached_frame,2131,249,0,1880,249,0,1,0.0,104.2945879889885,frame_fifo_full,,,,,,,,,,,,,,,,,,,,,,,,,,,,,,,,,,,,,,,,,,,,,,,,,,,,,,,,,,,,,,,,,,,,
rsg_object_detection,dropped_oldest,2640,rsg_20260806_174_204900000_002640,dropped,True,fifo_cached_frame,2132,249,0,1881,249,0,1,0.0,45.94173899386078,frame_fifo_full,,,,,,,,,,,,,,,,,,,,,,,,,,,,,,,,,,,,,,,,,,,,,,,,,,,,,,,,,,,,,,,,,,,,
rsg_object_detection,dropped_oldest,2641,rsg_20260806_174_254899999_002641,dropped,True,fifo_cached_frame,2133,249,0,1882,249,0,1,0.0,53.645783991669305,frame_fifo_full,,,,,,,,,,,,,,,,,,,,,,,,,,,,,,,,,,,,,,,,,,,,,,,,,,,,,,,,,,,,,,,,,,,,
rsg_object_detection,dropped_oldest,2642,rsg_20260806_174_304900000_002642,dropped,True,fifo_cached_frame,2134,249,0,1883,249,0,1,0.0,60.42085000080988,frame_fifo_full,,,,,,,,,,,,,,,,,,,,,,,,,,,,,,,,,,,,,,,,,,,,,,,,,,,,,,,,,,,,,,,,,,,,
rsg_object_detection,dropped_oldest,2643,rsg_20260806_174_354899999_002643,dropped,True,fifo_cached_frame,2135,249,0,1884,249,0,1,0.0,67.79152200033423,frame_fifo_full,,,,,,,,,,,,,,,,,,,,,,,,,,,,,,,,,,,,,,,,,,,,,,,,,,,,,,,,,,,,,,,,,,,,
rsg_object_detection,dropped_oldest,2644,rsg_20260806_174_404899999_002644,dropped,True,fifo_cached_frame,2136,249,0,1885,249,0,1,0.0,24.40344000933692,frame_fifo_full,,,,,,,,,,,,,,,,,,,,,,,,,,,,,,,,,,,,,,,,,,,,,,,,,,,,,,,,,,,,,,,,,,,,
rsg_object_detection,dropped_oldest,2645,rsg_20260806_174_454900000_002645,dropped,True,fifo_cached_frame,2137,249,0,1886,249,0,1,0.0,46.19655100395903,frame_fifo_full,,,,,,,,,,,,,,,,,,,,,,,,,,,,,,,,,,,,,,,,,,,,,,,,,,,,,,,,,,,,,,,,,,,,
rsg_object_detection,frame_trace,2637,rsg_20260806_173_904899999_002637,sent_to_hydra,,,,,,,,,,,578.7952440005029,ok,15.793938000570051,520.0069779966725,40.44066999631468,0.1470059942221269,40.293664002092555,0.007103997631929815,1.0950879950542003,0.19145400437992066,288.5317140026018,18.497192999348044,0.006848000339232385,307.227209006669,83.3043769816868,37.834724003914744,4.840629990212619,25.847994998912327,13.859821992809884,76.57609399757348,61.00279300881084,2.5138109194813296,32.18871897843201,12.526448059361428,6.79337777546607,8.311138008139096,4.75343300786335,2.4555470008635893,724.0,109.0,0.0038720027077943087,0.01519998477306217,4.172544999164529,1.299276016652584,0.3734659985639155,1.6445509972982109,0.5976229876978323,0.004735993570648134,167.9974040016532,9.238229002221487,0.14255799760576338,34.25708299619146,0.04940699727740139,11.126167999464087,10.490337997907773,0.09426999895367771,0.5415600026026368,3.7913350097369403,0.871922995429486,0.004511995939537883,2.546554009313695,8,0,8,0,0,,,,,,,,,,,,,,
rsg_object_detection,dropped_oldest,2647,rsg_20260806_174_554900000_002647,dropped,True,fifo_cached_frame,2139,250,0,1887,250,0,1,0.0,35.00568099843804,frame_fifo_full,,,,,,,,,,,,,,,,,,,,,,,,,,,,,,,,,,,,,,,,,,,,,,,,,,,,,,,,,,,,,,,,,,,,
rsg_object_detection,dropped_oldest,2648,rsg_20260806_174_604899999_002648,dropped,True,fifo_cached_frame,2140,250,0,1888,250,0,1,0.0,52.10094299400225,frame_fifo_full,,,,,,,,,,,,,,,,,,,,,,,,,,,,,,,,,,,,,,,,,,,,,,,,,,,,,,,,,,,,,,,,,,,,
rsg_object_detection,dropped_oldest,2649,rsg_20260806_174_654899999_002649,dropped,True,fifo_cached_frame,2141,250,0,1889,250,0,1,0.0,47.39051801152527,frame_fifo_full,,,,,,,,,,,,,,,,,,,,,,,,,,,,,,,,,,,,,,,,,,,,,,,,,,,,,,,,,,,,,,,,,,,,
rsg_object_detection,dropped_oldest,2650,rsg_20260806_174_704900000_002650,dropped,True,fifo_cached_frame,2142,250,0,1890,250,0,1,0.0,51.6870290011866,frame_fifo_full,,,,,,,,,,,,,,,,,,,,,,,,,,,,,,,,,,,,,,,,,,,,,,,,,,,,,,,,,,,,,,,,,,,,
rsg_object_detection,dropped_oldest,2651,rsg_20260806_174_754899999_002651,dropped,True,fifo_cached_frame,2143,250,0,1891,250,0,1,0.0,51.228348005679436,frame_fifo_full,,,,,,,,,,,,,,,,,,,,,,,,,,,,,,,,,,,,,,,,,,,,,,,,,,,,,,,,,,,,,,,,,,,,
rsg_object_detection,dropped_oldest,2652,rsg_20260806_174_804900000_002652,dropped,True,fifo_cached_frame,2144,250,0,1892,250,0,1,0.0,49.26303400134202,frame_fifo_full,,,,,,,,,,,,,,,,,,,,,,,,,,,,,,,,,,,,,,,,,,,,,,,,,,,,,,,,,,,,,,,,,,,,
rsg_object_detection,dropped_oldest,2653,rsg_20260806_174_854899999_002653,dropped,True,fifo_cached_frame,2145,250,0,1893,250,0,1,0.0,63.981883009546436,frame_fifo_full,,,,,,,,,,,,,,,,,,,,,,,,,,,,,,,,,,,,,,,,,,,,,,,,,,,,,,,,,,,,,,,,,,,,
rsg_object_detection,dropped_oldest,2654,rsg_20260806_174_904899999_002654,dropped,True,fifo_cached_frame,2146,250,0,1894,250,0,1,0.0,83.47899799991865,frame_fifo_full,,,,,,,,,,,,,,,,,,,,,,,,,,,,,,,,,,,,,,,,,,,,,,,,,,,,,,,,,,,,,,,,,,,,
rsg_object_detection,dropped_oldest,2655,rsg_20260806_174_954900000_002655,dropped,True,fifo_cached_frame,2147,250,0,1895,250,0,1,0.0,9.891338995657861,frame_fifo_full,,,,,,,,,,,,,,,,,,,,,,,,,,,,,,,,,,,,,,,,,,,,,,,,,,,,,,,,,,,,,,,,,,,,
rsg_object_detection,dropped_oldest,2656,rsg_20260806_175_004899999_002656,dropped,True,fifo_cached_frame,2148,250,0,1896,250,0,1,0.0,56.78247200557962,frame_fifo_full,,,,,,,,,,,,,,,,,,,,,,,,,,,,,,,,,,,,,,,,,,,,,,,,,,,,,,,,,,,,,,,,,,,,
rsg_object_detection,frame_trace,2646,rsg_20260806_174_504899999_002646,sent_to_hydra,,,,,,,,,,,572.5951139902463,ok,13.863982996554114,522.8632880025543,33.517991003463976,0.13442999625112861,33.38356100721285,0.0040000013541430235,1.5673690068069845,1.316011999733746,321.69364699802827,14.06791599583812,0.007296010153368115,337.0848710037535,54.006642021704465,15.396792005049065,3.6173850094201043,26.16725498228334,8.075174002442509,83.9187029923778,66.29551299556624,2.3049587034620345,33.34276004170533,15.429707011207938,8.106257344479673,7.986055992660113,7.180051994509995,2.4053399974945933,703.0,109.0,0.006175992893986404,0.015008030459284782,4.205120028927922,1.374891959130764,0.3943939955206588,1.4961060078348964,0.6267100106924772,0.004576009814627469,146.04544700705446,4.94437399902381,0.1469730050303042,33.03326200693846,0.04099197394680232,9.150678000878543,8.48812799085863,0.10028599353972822,0.5622640164801851,3.8757809961680323,0.8315080049214885,0.00601599458605051,2.345851986319758,8,0,8,0,0,,,,,,,,,,,,,,
rsg_object_detection,dropped_oldest,2658,rsg_20260806_175_104899999_002658,dropped,True,fifo_cached_frame,2150,251,0,1897,251,0,1,0.0,60.4788320051739,frame_fifo_full,,,,,,,,,,,,,,,,,,,,,,,,,,,,,,,,,,,,,,,,,,,,,,,,,,,,,,,,,,,,,,,,,,,,
rsg_object_detection,dropped_oldest,2659,rsg_20260806_175_154899999_002659,dropped,True,fifo_cached_frame,2151,251,0,1898,251,0,1,0.0,32.50370200839825,frame_fifo_full,,,,,,,,,,,,,,,,,,,,,,,,,,,,,,,,,,,,,,,,,,,,,,,,,,,,,,,,,,,,,,,,,,,,
rsg_object_detection,dropped_oldest,2660,rsg_20260806_175_204900000_002660,dropped,True,fifo_cached_frame,2152,251,0,1899,251,0,1,0.0,48.273000997141935,frame_fifo_full,,,,,,,,,,,,,,,,,,,,,,,,,,,,,,,,,,,,,,,,,,,,,,,,,,,,,,,,,,,,,,,,,,,,
rsg_object_detection,dropped_oldest,2661,rsg_20260806_175_254899999_002661,dropped,True,fifo_cached_frame,2153,251,0,1900,251,0,1,0.0,104.32581999339163,frame_fifo_full,,,,,,,,,,,,,,,,,,,,,,,,,,,,,,,,,,,,,,,,,,,,,,,,,,,,,,,,,,,,,,,,,,,,
rsg_object_detection,dropped_oldest,2662,rsg_20260806_175_354899999_002662,dropped,True,fifo_cached_frame,2154,251,0,1901,251,0,1,0.0,51.45692099176813,frame_fifo_full,,,,,,,,,,,,,,,,,,,,,,,,,,,,,,,,,,,,,,,,,,,,,,,,,,,,,,,,,,,,,,,,,,,,
rsg_object_detection,dropped_oldest,2663,rsg_20260806_175_404899999_002663,dropped,True,fifo_cached_frame,2155,251,0,1902,251,0,1,0.0,79.77793399186339,frame_fifo_full,,,,,,,,,,,,,,,,,,,,,,,,,,,,,,,,,,,,,,,,,,,,,,,,,,,,,,,,,,,,,,,,,,,,
rsg_object_detection,dropped_oldest,2664,rsg_20260806_175_454900000_002664,dropped,True,fifo_cached_frame,2156,251,0,1903,251,0,1,0.0,21.750297004473396,frame_fifo_full,,,,,,,,,,,,,,,,,,,,,,,,,,,,,,,,,,,,,,,,,,,,,,,,,,,,,,,,,,,,,,,,,,,,
rsg_object_detection,dropped_oldest,2665,rsg_20260806_175_504899999_002665,dropped,True,fifo_cached_frame,2157,251,0,1904,251,0,1,0.0,82.65062600548845,frame_fifo_full,,,,,,,,,,,,,,,,,,,,,,,,,,,,,,,,,,,,,,,,,,,,,,,,,,,,,,,,,,,,,,,,,,,,
rsg_object_detection,dropped_oldest,2666,rsg_20260806_175_554900000_002666,dropped,True,fifo_cached_frame,2158,251,0,1905,251,0,1,0.0,53.00777700904291,frame_fifo_full,,,,,,,,,,,,,,,,,,,,,,,,,,,,,,,,,,,,,,,,,,,,,,,,,,,,,,,,,,,,,,,,,,,,
rsg_object_detection,dropped_oldest,2667,rsg_20260806_175_604899999_002667,dropped,True,fifo_cached_frame,2159,251,0,1906,251,0,1,0.0,39.677962005953304,frame_fifo_full,,,,,,,,,,,,,,,,,,,,,,,,,,,,,,,,,,,,,,,,,,,,,,,,,,,,,,,,,,,,,,,,,,,,
rsg_object_detection,dropped_oldest,2668,rsg_20260806_175_654899999_002668,dropped,True,fifo_cached_frame,2160,251,0,1907,251,0,1,0.0,70.3743000049144,frame_fifo_full,,,,,,,,,,,,,,,,,,,,,,,,,,,,,,,,,,,,,,,,,,,,,,,,,,,,,,,,,,,,,,,,,,,,
rsg_object_detection,frame_trace,2657,rsg_20260806_175_054900000_002657,sent_to_hydra,,,,,,,,,,,692.083267000271,ok,12.631138000870124,639.5646659948397,35.889122998923995,0.1439019979443401,35.745221000979654,0.002207991201430559,6.505117999040522,0.2143320016330108,314.522043991019,20.53988300031051,0.007008013199083507,335.2832670061616,150.4314290068578,59.13171998690814,19.430684013059363,48.76086500007659,22.176978003699332,97.79881399299484,82.2844240028644,4.400196979986504,38.240426758420654,22.806693348684348,10.6745119264815,7.940552008221857,4.54249199538026,2.9821000061929226,1009.0,340.0,0.004415996954776347,0.01344000338576734,3.7779249832965434,1.2333890044828877,0.3520290047163144,1.460233994293958,0.36895500670652837,0.00457599526271224,255.4478630045196,3.338957001687959,0.15708600403741002,38.78002299461514,0.052351984777487814,8.372545999009162,7.769386997097172,0.09116600267589092,0.5119929992360994,3.5255469992989674,0.7282449951162562,0.0048000074457377195,3.996132014435716,8,0,8,0,0,,,,,,,,,,,,,,
rsg_object_detection,dropped_oldest,2670,rsg_20260806_175_804900000_002670,dropped,True,fifo_cached_frame,2162,252,0,1908,252,0,1,0.0,48.745153995696455,frame_fifo_full,,,,,,,,,,,,,,,,,,,,,,,,,,,,,,,,,,,,,,,,,,,,,,,,,,,,,,,,,,,,,,,,,,,,
rsg_object_detection,dropped_oldest,2671,rsg_20260806_175_854899999_002671,dropped,True,fifo_cached_frame,2163,252,0,1909,252,0,1,0.0,50.694212011876516,frame_fifo_full,,,,,,,,,,,,,,,,,,,,,,,,,,,,,,,,,,,,,,,,,,,,,,,,,,,,,,,,,,,,,,,,,,,,
rsg_object_detection,dropped_oldest,2672,rsg_20260806_175_904899999_002672,dropped,True,fifo_cached_frame,2164,252,0,1910,252,0,1,0.0,51.707860999158584,frame_fifo_full,,,,,,,,,,,,,,,,,,,,,,,,,,,,,,,,,,,,,,,,,,,,,,,,,,,,,,,,,,,,,,,,,,,,
rsg_object_detection,dropped_oldest,2673,rsg_20260806_175_954900000_002673,dropped,True,fifo_cached_frame,2165,252,0,1911,252,0,1,0.0,51.28978699212894,frame_fifo_full,,,,,,,,,,,,,,,,,,,,,,,,,,,,,,,,,,,,,,,,,,,,,,,,,,,,,,,,,,,,,,,,,,,,
rsg_object_detection,dropped_oldest,2674,rsg_20260806_176_004899999_002674,dropped,True,fifo_cached_frame,2166,252,0,1912,252,0,1,0.0,96.3629320031032,frame_fifo_full,,,,,,,,,,,,,,,,,,,,,,,,,,,,,,,,,,,,,,,,,,,,,,,,,,,,,,,,,,,,,,,,,,,,
rsg_object_detection,dropped_oldest,2675,rsg_20260806_176_104899999_002675,dropped,True,fifo_cached_frame,2167,252,0,1913,252,0,1,0.0,55.75051999767311,frame_fifo_full,,,,,,,,,,,,,,,,,,,,,,,,,,,,,,,,,,,,,,,,,,,,,,,,,,,,,,,,,,,,,,,,,,,,
rsg_object_detection,dropped_oldest,2676,rsg_20260806_176_154899999_002676,dropped,True,fifo_cached_frame,2168,252,0,1914,252,0,1,0.0,145.54494300682563,frame_fifo_full,,,,,,,,,,,,,,,,,,,,,,,,,,,,,,,,,,,,,,,,,,,,,,,,,,,,,,,,,,,,,,,,,,,,
rsg_object_detection,dropped_oldest,2677,rsg_20260806_176_204900000_002677,dropped,True,fifo_cached_frame,2169,252,0,1915,252,0,1,0.0,6.648732000030577,frame_fifo_full,,,,,,,,,,,,,,,,,,,,,,,,,,,,,,,,,,,,,,,,,,,,,,,,,,,,,,,,,,,,,,,,,,,,
rsg_object_detection,dropped_oldest,2678,rsg_20260806_176_254899999_002678,dropped,True,fifo_cached_frame,2170,252,0,1916,252,0,1,0.0,3.141744004096836,frame_fifo_full,,,,,,,,,,,,,,,,,,,,,,,,,,,,,,,,,,,,,,,,,,,,,,,,,,,,,,,,,,,,,,,,,,,,
rsg_object_detection,frame_trace,2669,rsg_20260806_175_754899999_002669,sent_to_hydra,,,,,,,,,,,569.5016259996919,ok,16.148427996085957,511.55386000755243,39.52881199074909,0.14335800369735807,39.38545398705173,0.0022719905246049166,2.650071997777559,0.20370898710098118,275.4922010062728,23.759642004733905,0.005631998647004366,299.4611839967547,82.39693399809767,17.909811998833902,9.049558997503482,43.36926598625723,11.384467972675338,74.54748499731068,62.44382700242568,2.151606880943291,36.165725003229454,12.012593128019944,6.5610910969553515,6.073412005207501,3.1392810051329434,2.8324369923211634,732.0,121.0,0.005312002031132579,0.016256017261184752,4.680312980781309,1.1653579713311046,0.38367505476344377,1.8448679911671206,0.6967890076339245,0.005440000677481294,165.74316601327155,5.372943007387221,0.7406609947793186,37.50273100740742,0.08310299017466605,11.771694000344723,11.202966998098418,0.09305500134360045,0.4756720009027049,3.6529369972413406,0.7188689924078062,0.004928006092086434,2.2682540147798136,8,0,8,0,0,,,,,,,,,,,,,,
rsg_object_detection,dropped_oldest,2680,rsg_20260806_176_354899999_002680,dropped,True,fifo_cached_frame,2172,253,0,1917,253,0,1,0.0,46.069129995885305,frame_fifo_full,,,,,,,,,,,,,,,,,,,,,,,,,,,,,,,,,,,,,,,,,,,,,,,,,,,,,,,,,,,,,,,,,,,,
rsg_object_detection,dropped_oldest,2681,rsg_20260806_176_404899999_002681,dropped,True,fifo_cached_frame,2173,253,0,1918,253,0,1,0.0,51.785748000838794,frame_fifo_full,,,,,,,,,,,,,,,,,,,,,,,,,,,,,,,,,,,,,,,,,,,,,,,,,,,,,,,,,,,,,,,,,,,,
rsg_object_detection,dropped_oldest,2682,rsg_20260806_176_454900000_002682,dropped,True,fifo_cached_frame,2174,253,0,1919,253,0,1,0.0,48.21236200223211,frame_fifo_full,,,,,,,,,,,,,,,,,,,,,,,,,,,,,,,,,,,,,,,,,,,,,,,,,,,,,,,,,,,,,,,,,,,,
rsg_object_detection,dropped_oldest,2683,rsg_20260806_176_504899999_002683,dropped,True,fifo_cached_frame,2175,253,0,1920,253,0,1,0.0,52.37860299530439,frame_fifo_full,,,,,,,,,,,,,,,,,,,,,,,,,,,,,,,,,,,,,,,,,,,,,,,,,,,,,,,,,,,,,,,,,,,,
rsg_object_detection,dropped_oldest,2684,rsg_20260806_176_554900000_002684,dropped,True,fifo_cached_frame,2176,253,0,1921,253,0,1,0.0,237.35533600847702,frame_fifo_full,,,,,,,,,,,,,,,,,,,,,,,,,,,,,,,,,,,,,,,,,,,,,,,,,,,,,,,,,,,,,,,,,,,,
rsg_object_detection,dropped_oldest,2685,rsg_20260806_176_704900000_002685,dropped,True,fifo_cached_frame,2177,253,0,1922,253,0,1,0.0,17.055231000995263,frame_fifo_full,,,,,,,,,,,,,,,,,,,,,,,,,,,,,,,,,,,,,,,,,,,,,,,,,,,,,,,,,,,,,,,,,,,,
rsg_object_detection,dropped_oldest,2686,rsg_20260806_176_804900000_002686,dropped,True,fifo_cached_frame,2178,253,0,1923,253,0,1,0.0,59.41740900743753,frame_fifo_full,,,,,,,,,,,,,,,,,,,,,,,,,,,,,,,,,,,,,,,,,,,,,,,,,,,,,,,,,,,,,,,,,,,,
rsg_object_detection,frame_trace,2679,rsg_20260806_176_304900000_002679,sent_to_hydra,,,,,,,,,,,566.0581279953476,ok,14.276777001214214,514.9717620079173,34.645077990717255,0.10575899796094745,34.53931899275631,0.0030719966161996126,3.5066349955741316,0.22998100030235946,299.69574000278953,22.324240009766072,0.007167996955104172,322.25712900981307,63.51037100830581,18.525959996622987,5.619243995170109,12.173799012089148,26.56939199368935,82.09985100256745,68.70094900659751,3.112841906840913,37.15885592100676,13.963680030428804,6.947827831027098,7.573198003228754,3.32388500100933,2.1882870059926063,759.0,130.0,0.005215988494455814,0.01200000406242907,3.462922992184758,0.6808859907323495,0.3244760009692982,1.3507950061466545,0.722613011021167,0.005408001015894115,152.17741900414694,5.0796360010281205,0.14799799828324467,31.75363299669698,0.04931200237479061,9.66212700586766,8.986009008367546,0.09996601147577167,0.5761519860243425,3.8068540015956387,0.8025160059332848,0.005279987817630172,2.161438998882659,8,0,7,0,0,,,,,,,,,,,,,,
rsg_object_detection,dropped_oldest,2688,rsg_20260806_176_904899999_002688,dropped,True,fifo_cached_frame,2180,254,0,1924,254,0,1,0.0,95.26992500468623,frame_fifo_full,,,,,,,,,,,,,,,,,,,,,,,,,,,,,,,,,,,,,,,,,,,,,,,,,,,,,,,,,,,,,,,,,,,,
rsg_object_detection,dropped_oldest,2689,rsg_20260806_177_004899999_002689,dropped,True,fifo_cached_frame,2181,254,0,1925,254,0,1,0.0,104.23250999883749,frame_fifo_full,,,,,,,,,,,,,,,,,,,,,,,,,,,,,,,,,,,,,,,,,,,,,,,,,,,,,,,,,,,,,,,,,,,,
rsg_object_detection,dropped_oldest,2690,rsg_20260806_177_104899999_002690,dropped,True,fifo_cached_frame,2182,254,0,1926,254,0,1,0.0,46.17056899587624,frame_fifo_full,,,,,,,,,,,,,,,,,,,,,,,,,,,,,,,,,,,,,,,,,,,,,,,,,,,,,,,,,,,,,,,,,,,,
rsg_object_detection,dropped_oldest,2691,rsg_20260806_177_154899999_002691,dropped,True,fifo_cached_frame,2183,254,0,1927,254,0,1,0.0,102.6381020055851,frame_fifo_full,,,,,,,,,,,,,,,,,,,,,,,,,,,,,,,,,,,,,,,,,,,,,,,,,,,,,,,,,,,,,,,,,,,,
rsg_object_detection,dropped_oldest,2692,rsg_20260806_177_254899999_002692,dropped,True,fifo_cached_frame,2184,254,0,1928,254,0,1,0.0,111.90701799932867,frame_fifo_full,,,,,,,,,,,,,,,,,,,,,,,,,,,,,,,,,,,,,,,,,,,,,,,,,,,,,,,,,,,,,,,,,,,,
rsg_object_detection,dropped_oldest,2693,rsg_20260806_177_354899999_002693,dropped,True,fifo_cached_frame,2185,254,0,1929,254,0,1,0.0,61.72908599546645,frame_fifo_full,,,,,,,,,,,,,,,,,,,,,,,,,,,,,,,,,,,,,,,,,,,,,,,,,,,,,,,,,,,,,,,,,,,,
rsg_object_detection,frame_trace,2687,rsg_20260806_176_854899999_002687,sent_to_hydra,,,,,,,,,,,570.9517509967554,ok,13.777616986772045,520.9124090033583,33.58906200446654,0.15769399760756642,33.431368006858975,0.004094996256753802,6.678203004412353,0.8074759971350431,313.70052200509235,21.038883001892827,0.007775990525260568,335.5546569946455,65.42867998359725,17.8625150147127,8.319844986544922,27.36589098640252,11.106201985967346,69.12030300009064,54.559946001973,3.0840890540275723,21.539648034377024,14.603798001189716,7.997841952601448,7.88132099842187,3.494538992526941,2.809974001138471,971.0,346.0,0.004992005415260792,0.014047982404008508,3.222511993953958,0.6357329984894022,0.34402603341732174,1.363786999718286,0.6131109985290095,0.0045439956011250615,140.75148000847548,3.264334998675622,0.15212499420158565,34.46162499312777,0.04998400982003659,8.66911798948422,7.991208010935225,0.10601399117149413,0.571895987377502,4.406173000461422,0.6970459944568574,0.0052800023695454,2.6685680059017614,8,0,7,0,0,,,,,,,,,,,,,,
rsg_object_detection,dropped_oldest,2695,rsg_20260806_177_454900000_002695,dropped,True,fifo_cached_frame,2187,255,0,1930,255,0,1,0.0,83.19049100100528,frame_fifo_full,,,,,,,,,,,,,,,,,,,,,,,,,,,,,,,,,,,,,,,,,,,,,,,,,,,,,,,,,,,,,,,,,,,,
rsg_object_detection,dropped_oldest,2696,rsg_20260806_177_554900000_002696,dropped,True,fifo_cached_frame,2188,255,0,1931,255,0,1,0.0,50.4103120038053,frame_fifo_full,,,,,,,,,,,,,,,,,,,,,,,,,,,,,,,,,,,,,,,,,,,,,,,,,,,,,,,,,,,,,,,,,,,,
rsg_object_detection,dropped_oldest,2697,rsg_20260806_177_604899999_002697,dropped,True,fifo_cached_frame,2189,255,0,1932,255,0,1,0.0,49.852240990730934,frame_fifo_full,,,,,,,,,,,,,,,,,,,,,,,,,,,,,,,,,,,,,,,,,,,,,,,,,,,,,,,,,,,,,,,,,,,,
rsg_object_detection,dropped_oldest,2698,rsg_20260806_177_654899999_002698,dropped,True,fifo_cached_frame,2190,255,0,1933,255,0,1,0.0,50.04983900289517,frame_fifo_full,,,,,,,,,,,,,,,,,,,,,,,,,,,,,,,,,,,,,,,,,,,,,,,,,,,,,,,,,,,,,,,,,,,,
rsg_object_detection,dropped_oldest,2699,rsg_20260806_177_704900000_002699,dropped,True,fifo_cached_frame,2191,255,0,1934,255,0,1,0.0,50.84432200237643,frame_fifo_full,,,,,,,,,,,,,,,,,,,,,,,,,,,,,,,,,,,,,,,,,,,,,,,,,,,,,,,,,,,,,,,,,,,,
rsg_object_detection,dropped_oldest,2700,rsg_20260806_177_754899999_002700,dropped,True,fifo_cached_frame,2192,255,0,1935,255,0,1,0.0,118.34644099872094,frame_fifo_full,,,,,,,,,,,,,,,,,,,,,,,,,,,,,,,,,,,,,,,,,,,,,,,,,,,,,,,,,,,,,,,,,,,,
rsg_object_detection,dropped_oldest,2701,rsg_20260806_177_854899999_002701,dropped,True,fifo_cached_frame,2193,255,0,1936,255,0,1,0.0,63.185256003635004,frame_fifo_full,,,,,,,,,,,,,,,,,,,,,,,,,,,,,,,,,,,,,,,,,,,,,,,,,,,,,,,,,,,,,,,,,,,,
rsg_object_detection,dropped_oldest,2702,rsg_20260806_177_904899999_002702,dropped,True,fifo_cached_frame,2194,255,0,1937,255,0,1,0.0,87.41465100320056,frame_fifo_full,,,,,,,,,,,,,,,,,,,,,,,,,,,,,,,,,,,,,,,,,,,,,,,,,,,,,,,,,,,,,,,,,,,,
rsg_object_detection,frame_trace,2694,rsg_20260806_177_404899999_002694,sent_to_hydra,,,,,,,,,,,665.1440290006576,ok,10.028969001723453,614.7026130056474,37.39466799015645,0.15599699690937996,37.23867099324707,0.0040000013541430235,7.596141993417405,0.19542100199032575,313.2557290082332,16.734275995986536,0.006431990186683834,330.1918579963967,142.7990009979112,28.10370401130058,3.8545349962078035,82.84278400242329,27.27034001145512,85.40229700156488,71.49018699419685,3.6699191405205056,38.17283263197169,13.925239152740687,9.269007103284821,7.757963001495227,3.078129011555575,3.019538999069482,968.0,348.0,0.0061119935708120465,0.015264013200066984,3.6015460354974493,0.8723389764782041,0.35759499587584287,1.5515279956161976,0.3671629965538159,0.004895991878584027,234.97873300220817,4.745847996673547,0.15724600234534591,36.98328300379217,0.04950301081407815,5.074162996606901,4.417214004206471,0.10668700269889086,0.5502619897015393,4.233696992741898,0.7154460035962984,0.005663008778356016,3.013779001776129,8,0,8,0,0,,,,,,,,,,,,,,
rsg_object_detection,dropped_oldest,2705,rsg_20260806_178_104899999_002705,dropped,True,fifo_cached_frame,2196,256,0,1938,256,0,1,0.0,38.391262001823634,frame_fifo_full,,,,,,,,,,,,,,,,,,,,,,,,,,,,,,,,,,,,,,,,,,,,,,,,,,,,,,,,,,,,,,,,,,,,
rsg_object_detection,dropped_oldest,2706,rsg_20260806_178_154899999_002706,dropped,True,fifo_cached_frame,2197,256,0,1939,256,0,1,0.0,39.13448199455161,frame_fifo_full,,,,,,,,,,,,,,,,,,,,,,,,,,,,,,,,,,,,,,,,,,,,,,,,,,,,,,,,,,,,,,,,,,,,
rsg_object_detection,dropped_oldest,2707,rsg_20260806_178_204900000_002707,dropped,True,fifo_cached_frame,2198,256,0,1940,256,0,1,0.0,51.9554100028472,frame_fifo_full,,,,,,,,,,,,,,,,,,,,,,,,,,,,,,,,,,,,,,,,,,,,,,,,,,,,,,,,,,,,,,,,,,,,
rsg_object_detection,dropped_oldest,2708,rsg_20260806_178_254899999_002708,dropped,True,fifo_cached_frame,2199,256,0,1941,256,0,1,0.0,102.35516200191341,frame_fifo_full,,,,,,,,,,,,,,,,,,,,,,,,,,,,,,,,,,,,,,,,,,,,,,,,,,,,,,,,,,,,,,,,,,,,
rsg_object_detection,dropped_oldest,2709,rsg_20260806_178_354899999_002709,dropped,True,fifo_cached_frame,2200,256,0,1942,256,0,1,0.0,49.62331599381287,frame_fifo_full,,,,,,,,,,,,,,,,,,,,,,,,,,,,,,,,,,,,,,,,,,,,,,,,,,,,,,,,,,,,,,,,,,,,
rsg_object_detection,dropped_oldest,2710,rsg_20260806_178_404899999_002710,dropped,True,fifo_cached_frame,2201,256,0,1943,256,0,1,0.0,129.03719300811645,frame_fifo_full,,,,,,,,,,,,,,,,,,,,,,,,,,,,,,,,,,,,,,,,,,,,,,,,,,,,,,,,,,,,,,,,,,,,
rsg_object_detection,dropped_oldest,2711,rsg_20260806_178_504899999_002711,dropped,True,fifo_cached_frame,2202,256,0,1944,256,0,1,0.0,38.85515900037717,frame_fifo_full,,,,,,,,,,,,,,,,,,,,,,,,,,,,,,,,,,,,,,,,,,,,,,,,,,,,,,,,,,,,,,,,,,,,
rsg_object_detection,dropped_oldest,2712,rsg_20260806_178_554900000_002712,dropped,True,fifo_cached_frame,2203,256,0,1945,256,0,1,0.0,39.39588701177854,frame_fifo_full,,,,,,,,,,,,,,,,,,,,,,,,,,,,,,,,,,,,,,,,,,,,,,,,,,,,,,,,,,,,,,,,,,,,
rsg_object_detection,,951,rsg_20260806_66_754880000_000951,vlm_done,,,,,,,,,,,,ok,,,,,,,,,,,,,,,,,,,,,,,,,,,,,,,,,,,,,,,,,,,,,,,,,,,,,,,rsg_obj_000072,rsg_unknown_rsg_20260806_66_754880000_000951_002_nanosam_007,,,8,0.7135314257009735,floor,0.98,static,0.99,5025.2527609991375,108846.29875299288,qwen_http,Qwen3-VL-8B-Instruct-GGUF
rsg_object_detection,completed,951,rsg_20260806_66_754880000_000951,,,,,,,,,,,103821.04439199611,,vlm_done,,,,,,,,,,,,,,,,,,,,,,,,,,,,,,,,,,,,,,,,,,,,,,,,,,,,,,,rsg_obj_000072,rsg_unknown_rsg_20260806_66_754880000_000951_002_nanosam_007,93,300,8,0.7135314257009735,,,,,,,,
rsg_object_detection,dropped_oldest,2713,rsg_20260806_178_604899999_002713,dropped,True,fifo_cached_frame,2204,256,0,1946,256,0,1,0.0,61.923931003548205,frame_fifo_full,,,,,,,,,,,,,,,,,,,,,,,,,,,,,,,,,,,,,,,,,,,,,,,,,,,,,,,,,,,,,,,,,,,,
rsg_object_detection,frame_trace,2704,rsg_20260806_178_004899999_002704,sent_to_hydra,,,,,,,,,,,666.7259590030881,ok,9.983722004108131,554.3704349984182,99.75062600278761,0.1409899996360764,99.60963600315154,0.002335989847779274,5.769353010691702,0.1836459996411577,287.0835479989182,23.657243000343442,0.006432004738599062,310.9308690036414,58.49575999309309,19.100640041870065,5.452814002637751,19.109823973849416,13.784911978291348,126.72753199876752,113.00751399539877,3.831574023934081,54.83042930427473,31.822284727240913,14.793132111662999,7.206515001598746,3.364046002388932,2.7104869950562716,1041.0,348.0,0.005088004400022328,2.1802539995405823,5.818312012706883,0.8766920072957873,0.3744879941223189,1.3545719993999228,0.7175890059443191,0.004960005753673613,194.3904170038877,4.602907007210888,0.1315179979428649,38.493692001793534,0.051678973250091076,5.874343987670727,5.283600999973714,0.10031899728346616,0.49042399041354656,3.37604500236921,0.7284049934241921,0.004928020644001663,2.6188400079263374,8,0,6,0,0,,,,,,,,,,,,,,
rsg_object_detection,dequeued,890,rsg_20260806_63_704880000_000890,,,,,,,,,,,108800.41580699617,,fifo_order,,,,,,,,,,,,,,,,,,,,,,,,,,,,,,,,,,,,,,,,,,,,,,,,,,,,,,,rsg_obj_000074,rsg_unknown_rsg_20260806_63_704880000_000890_001_nanosam_003,92,300,1,0.541368100936101,,,,,,,,
rsg_object_detection,dropped_oldest,2715,rsg_20260806_178_704900000_002715,dropped,True,fifo_cached_frame,2206,257,0,1947,257,0,1,0.0,95.07354498782661,frame_fifo_full,,,,,,,,,,,,,,,,,,,,,,,,,,,,,,,,,,,,,,,,,,,,,,,,,,,,,,,,,,,,,,,,,,,,
rsg_object_detection,dropped_oldest,2716,rsg_20260806_178_804900000_002716,dropped,True,fifo_cached_frame,2207,257,0,1948,257,0,1,0.0,41.174804006004706,frame_fifo_full,,,,,,,,,,,,,,,,,,,,,,,,,,,,,,,,,,,,,,,,,,,,,,,,,,,,,,,,,,,,,,,,,,,,
rsg_object_detection,dropped_oldest,2717,rsg_20260806_178_854899999_002717,dropped,True,fifo_cached_frame,2208,257,0,1949,257,0,1,0.0,49.3353209894849,frame_fifo_full,,,,,,,,,,,,,,,,,,,,,,,,,,,,,,,,,,,,,,,,,,,,,,,,,,,,,,,,,,,,,,,,,,,,
rsg_object_detection,dropped_oldest,2718,rsg_20260806_178_904899999_002718,dropped,True,fifo_cached_frame,2209,257,0,1950,257,0,1,0.0,49.97003100288566,frame_fifo_full,,,,,,,,,,,,,,,,,,,,,,,,,,,,,,,,,,,,,,,,,,,,,,,,,,,,,,,,,,,,,,,,,,,,
rsg_object_detection,dropped_oldest,2719,rsg_20260806_178_954900000_002719,dropped,True,fifo_cached_frame,2210,257,0,1951,257,0,1,0.0,164.52814599324483,frame_fifo_full,,,,,,,,,,,,,,,,,,,,,,,,,,,,,,,,,,,,,,,,,,,,,,,,,,,,,,,,,,,,,,,,,,,,
rsg_object_detection,dropped_oldest,2720,rsg_20260806_179_104899999_002720,dropped,True,fifo_cached_frame,2211,257,0,1952,257,0,1,0.0,86.56202499696519,frame_fifo_full,,,,,,,,,,,,,,,,,,,,,,,,,,,,,,,,,,,,,,,,,,,,,,,,,,,,,,,,,,,,,,,,,,,,
rsg_object_detection,dropped_oldest,2721,rsg_20260806_179_154899999_002721,dropped,True,fifo_cached_frame,2212,257,0,1953,257,0,1,0.0,3.8437179900938645,frame_fifo_full,,,,,,,,,,,,,,,,,,,,,,,,,,,,,,,,,,,,,,,,,,,,,,,,,,,,,,,,,,,,,,,,,,,,
rsg_object_detection,dropped_oldest,2722,rsg_20260806_179_204900000_002722,dropped,True,fifo_cached_frame,2213,257,0,1954,257,0,1,0.0,71.18564800475724,frame_fifo_full,,,,,,,,,,,,,,,,,,,,,,,,,,,,,,,,,,,,,,,,,,,,,,,,,,,,,,,,,,,,,,,,,,,,
rsg_object_detection,frame_trace,2714,rsg_20260806_178_654899999_002714,sent_to_hydra,,,,,,,,,,,612.837747001322,ok,12.579169997479767,559.5700049889274,37.70455300400499,0.12601399794220924,37.57853900606278,0.003775989171117544,6.520188995637,0.1789419911801815,307.9550100082997,18.95171399519313,0.008832008461467922,327.0944980031345,73.08987497526687,21.64367503428366,5.072789004771039,28.15237500180956,17.48239202424884,99.79059299803339,79.80510199558921,3.620638803113252,35.9418250300223,20.192814845358953,12.626774827367626,12.427301000570878,3.168559996993281,4.30495900218375,1022.0,349.0,0.0037119898479431868,0.017663987819105387,4.864343994995579,1.1986689933110029,0.4393540439195931,1.4394340105354786,0.378586002625525,0.0050240050768479705,181.2267749919556,3.000914992298931,0.1439019979443401,41.54116600693669,0.04256000102031976,8.20457999361679,7.560846002888866,0.10057400504592806,0.5431599856819957,3.6335769982542843,0.7355729903792962,0.005440015229396522,2.9802430217387155,8,0,8,0,0,,,,,,,,,,,,,,
rsg_object_detection,dropped_oldest,2724,rsg_20260806_179_304900000_002724,dropped,True,fifo_cached_frame,2215,258,0,1955,258,0,1,0.0,38.32172699912917,frame_fifo_full,,,,,,,,,,,,,,,,,,,,,,,,,,,,,,,,,,,,,,,,,,,,,,,,,,,,,,,,,,,,,,,,,,,,
rsg_object_detection,dropped_oldest,2725,rsg_20260806_179_354899999_002725,dropped,True,fifo_cached_frame,2216,258,0,1956,258,0,1,0.0,39.901670999825,frame_fifo_full,,,,,,,,,,,,,,,,,,,,,,,,,,,,,,,,,,,,,,,,,,,,,,,,,,,,,,,,,,,,,,,,,,,,
rsg_object_detection,dropped_oldest,2726,rsg_20260806_179_404899999_002726,dropped,True,fifo_cached_frame,2217,258,0,1957,258,0,1,0.0,52.53536900272593,frame_fifo_full,,,,,,,,,,,,,,,,,,,,,,,,,,,,,,,,,,,,,,,,,,,,,,,,,,,,,,,,,,,,,,,,,,,,
rsg_object_detection,dropped_oldest,2727,rsg_20260806_179_454900000_002727,dropped,True,fifo_cached_frame,2218,258,0,1958,258,0,1,0.0,52.10558399267029,frame_fifo_full,,,,,,,,,,,,,,,,,,,,,,,,,,,,,,,,,,,,,,,,,,,,,,,,,,,,,,,,,,,,,,,,,,,,
rsg_object_detection,dropped_oldest,2728,rsg_20260806_179_504899999_002728,dropped,True,fifo_cached_frame,2219,258,0,1959,258,0,1,0.0,48.33626499748789,frame_fifo_full,,,,,,,,,,,,,,,,,,,,,,,,,,,,,,,,,,,,,,,,,,,,,,,,,,,,,,,,,,,,,,,,,,,,
rsg_object_detection,dropped_oldest,2729,rsg_20260806_179_554900000_002729,dropped,True,fifo_cached_frame,2220,258,0,1960,258,0,1,0.0,112.31482100265566,frame_fifo_full,,,,,,,,,,,,,,,,,,,,,,,,,,,,,,,,,,,,,,,,,,,,,,,,,,,,,,,,,,,,,,,,,,,,
rsg_object_detection,dropped_oldest,2730,rsg_20260806_179_654899999_002730,dropped,True,fifo_cached_frame,2221,258,0,1961,258,0,1,0.0,44.66396800125949,frame_fifo_full,,,,,,,,,,,,,,,,,,,,,,,,,,,,,,,,,,,,,,,,,,,,,,,,,,,,,,,,,,,,,,,,,,,,
rsg_object_detection,dropped_oldest,2731,rsg_20260806_179_704900000_002731,dropped,True,fifo_cached_frame,2222,258,0,1962,258,0,1,0.0,89.01568398869131,frame_fifo_full,,,,,,,,,,,,,,,,,,,,,,,,,,,,,,,,,,,,,,,,,,,,,,,,,,,,,,,,,,,,,,,,,,,,
rsg_object_detection,dropped_oldest,2732,rsg_20260806_179_754899999_002732,dropped,True,fifo_cached_frame,2223,258,0,1963,258,0,1,0.0,24.248019006336108,frame_fifo_full,,,,,,,,,,,,,,,,,,,,,,,,,,,,,,,,,,,,,,,,,,,,,,,,,,,,,,,,,,,,,,,,,,,,
rsg_object_detection,frame_trace,2723,rsg_20260806_179_254899999_002723,sent_to_hydra,,,,,,,,,,,614.553306993912,ok,9.54424099472817,563.1576650048373,39.33723199588712,0.1343019976047799,39.20292999828234,0.00246299896389246,2.2117750049801543,0.1803170016501099,278.69199600536376,20.69936800398864,0.007583978003822267,299.57926498900633,108.91327301214915,17.90264100418426,9.488912008237094,64.11477898654994,16.772706017945893,106.8771749996813,93.07949399226345,3.410543780773878,40.6750715628732,25.174410635372624,15.365002342150547,7.020791003014892,3.3524290047353134,3.047121994313784,1065.0,350.0,0.004864006768912077,0.012254007742740214,3.476908997981809,0.3659139620140195,0.3267450229031965,1.3432760024443269,0.3578180039767176,0.00457599526271224,221.68411799066234,4.098787001566961,0.12537400471046567,35.40852300648112,0.04982300742994994,5.1647869986481965,4.4797720038332045,0.11532600910868496,0.569688985706307,3.6867599992547184,0.6871899968245998,0.005504000000655651,2.5117059994954616,8,0,7,0,0,,,,,,,,,,,,,,
rsg_object_detection,dropped_oldest,2734,rsg_20260806_179_954900000_002734,dropped,True,fifo_cached_frame,2225,259,0,1964,259,0,1,0.0,38.17712100862991,frame_fifo_full,,,,,,,,,,,,,,,,,,,,,,,,,,,,,,,,,,,,,,,,,,,,,,,,,,,,,,,,,,,,,,,,,,,,
rsg_object_detection,dropped_oldest,2735,rsg_20260806_180_004899999_002735,dropped,True,fifo_cached_frame,2226,259,0,1965,259,0,1,0.0,104.29606199613772,frame_fifo_full,,,,,,,,,,,,,,,,,,,,,,,,,,,,,,,,,,,,,,,,,,,,,,,,,,,,,,,,,,,,,,,,,,,,
rsg_object_detection,dropped_oldest,2736,rsg_20260806_180_104899999_002736,dropped,True,fifo_cached_frame,2227,259,0,1966,259,0,1,0.0,47.931535009411164,frame_fifo_full,,,,,,,,,,,,,,,,,,,,,,,,,,,,,,,,,,,,,,,,,,,,,,,,,,,,,,,,,,,,,,,,,,,,
rsg_object_detection,dropped_oldest,2737,rsg_20260806_180_154899999_002737,dropped,True,fifo_cached_frame,2228,259,0,1967,259,0,1,0.0,50.18817199743353,frame_fifo_full,,,,,,,,,,,,,,,,,,,,,,,,,,,,,,,,,,,,,,,,,,,,,,,,,,,,,,,,,,,,,,,,,,,,
rsg_object_detection,dropped_oldest,2738,rsg_20260806_180_204900000_002738,dropped,True,fifo_cached_frame,2229,259,0,1968,259,0,1,0.0,161.75129300972912,frame_fifo_full,,,,,,,,,,,,,,,,,,,,,,,,,,,,,,,,,,,,,,,,,,,,,,,,,,,,,,,,,,,,,,,,,,,,
rsg_object_detection,dropped_oldest,2739,rsg_20260806_180_354899999_002739,dropped,True,fifo_cached_frame,2230,259,0,1969,259,0,1,0.0,43.15538199443836,frame_fifo_full,,,,,,,,,,,,,,,,,,,,,,,,,,,,,,,,,,,,,,,,,,,,,,,,,,,,,,,,,,,,,,,,,,,,
rsg_object_detection,dropped_oldest,2740,rsg_20260806_180_404899999_002740,dropped,True,fifo_cached_frame,2231,259,0,1970,259,0,1,0.0,59.49391999456566,frame_fifo_full,,,,,,,,,,,,,,,,,,,,,,,,,,,,,,,,,,,,,,,,,,,,,,,,,,,,,,,,,,,,,,,,,,,,
rsg_object_detection,frame_trace,2733,rsg_20260806_179_804900000_002733,sent_to_hydra,,,,,,,,,,,653.5952800040832,ok,14.20653800596483,542.0848310022848,94.44286600046325,0.13148599828127772,94.31138000218198,0.002368004061281681,1.7586620087968186,0.21682798978872597,299.2686780053191,23.978999000974,0.006304006092250347,323.47080900217406,71.20632096484769,18.974626014824025,6.023174981237389,29.745374980848283,15.680244003306143,87.44098800525535,75.19371599482838,9.800789834116586,34.43337891076226,15.330643742345273,8.792497028480284,5.375918990466744,3.573417998268269,3.2425110111944377,999.0,350.0,0.004447996616363525,0.014976016245782375,5.671466016792692,5.5705409904476255,0.35138502425979823,1.4156910037854686,0.4059130005771294,0.006016009137965739,172.0865289971698,3.4539959888206795,0.1524459948996082,41.112213002634235,0.05017600778955966,9.59764700382948,8.89455400465522,0.10396599827799946,0.5991270008962601,3.863429999910295,0.7404369971482083,0.0050240050768479705,2.8586769913090393,8,0,8,0,0,,,,,,,,,,,,,,
rsg_object_detection,dropped_oldest,2742,rsg_20260806_180_504899999_002742,dropped,True,fifo_cached_frame,2233,260,0,1971,260,0,1,0.0,89.59013898856938,frame_fifo_full,,,,,,,,,,,,,,,,,,,,,,,,,,,,,,,,,,,,,,,,,,,,,,,,,,,,,,,,,,,,,,,,,,,,
rsg_object_detection,dropped_oldest,2743,rsg_20260806_180_604899999_002743,dropped,True,fifo_cached_frame,2234,260,0,1972,260,0,1,0.0,52.073200000450015,frame_fifo_full,,,,,,,,,,,,,,,,,,,,,,,,,,,,,,,,,,,,,,,,,,,,,,,,,,,,,,,,,,,,,,,,,,,,
rsg_object_detection,dropped_oldest,2744,rsg_20260806_180_654899999_002744,dropped,True,fifo_cached_frame,2235,260,0,1973,260,0,1,0.0,98.67726599622983,frame_fifo_full,,,,,,,,,,,,,,,,,,,,,,,,,,,,,,,,,,,,,,,,,,,,,,,,,,,,,,,,,,,,,,,,,,,,
rsg_object_detection,dropped_oldest,2745,rsg_20260806_180_754899999_002745,dropped,True,fifo_cached_frame,2236,260,0,1974,260,0,1,0.0,49.60626100364607,frame_fifo_full,,,,,,,,,,,,,,,,,,,,,,,,,,,,,,,,,,,,,,,,,,,,,,,,,,,,,,,,,,,,,,,,,,,,
rsg_object_detection,dropped_oldest,2746,rsg_20260806_180_804900000_002746,dropped,True,fifo_cached_frame,2237,260,0,1975,260,0,1,0.0,116.23908200999722,frame_fifo_full,,,,,,,,,,,,,,,,,,,,,,,,,,,,,,,,,,,,,,,,,,,,,,,,,,,,,,,,,,,,,,,,,,,,
rsg_object_detection,dropped_oldest,2747,rsg_20260806_180_904899999_002747,dropped,True,fifo_cached_frame,2238,260,0,1976,260,0,1,0.0,88.37223800946958,frame_fifo_full,,,,,,,,,,,,,,,,,,,,,,,,,,,,,,,,,,,,,,,,,,,,,,,,,,,,,,,,,,,,,,,,,,,,
rsg_object_detection,dropped_oldest,2748,rsg_20260806_180_954900000_002748,dropped,True,fifo_cached_frame,2239,260,0,1977,260,0,1,0.0,28.135288986959495,frame_fifo_full,,,,,,,,,,,,,,,,,,,,,,,,,,,,,,,,,,,,,,,,,,,,,,,,,,,,,,,,,,,,,,,,,,,,
rsg_object_detection,dropped_oldest,2749,rsg_20260806_181_004899999_002749,dropped,True,fifo_cached_frame,2240,260,0,1978,260,0,1,0.0,100.77793900563847,frame_fifo_full,,,,,,,,,,,,,,,,,,,,,,,,,,,,,,,,,,,,,,,,,,,,,,,,,,,,,,,,,,,,,,,,,,,,
rsg_object_detection,frame_trace,2741,rsg_20260806_180_454900000_002741,sent_to_hydra,,,,,,,,,,,681.2659679999342,ok,15.487671000300907,619.228725990979,43.744716997025535,0.1760930026648566,43.56862399436068,0.0035840057535097003,5.58974000159651,0.20562899590004236,280.9565700008534,19.748022998101078,0.007232010830193758,300.9174540056847,140.03997200052254,33.985856018261984,17.82450100290589,57.69007696653716,29.707999987294897,123.03318700287491,111.0088569985237,6.043002984370105,47.430590071599,23.891774137155153,11.264304048381746,5.362830997910351,3.19953600410372,3.0402100092032924,1095.0,352.0,0.005151989171281457,0.013952012523077428,3.290702006779611,0.6691729795420542,0.34806101757567376,1.2739640078507364,0.5193530087126419,0.0037760037230327725,269.1963319957722,4.1130259924102575,0.14242900942917913,39.224050007760525,0.045694978325627744,10.555681001278572,9.839436010224745,0.11923001147806644,0.5970149795757607,3.872774002957158,1.0523999953875318,0.0068160006776452065,2.801270005875267,8,0,7,0,0,,,,,,,,,,,,,,
rsg_object_detection,dropped_oldest,2751,rsg_20260806_181_204900000_002751,dropped,True,fifo_cached_frame,2242,261,0,1979,261,0,1,0.0,39.62993100867607,frame_fifo_full,,,,,,,,,,,,,,,,,,,,,,,,,,,,,,,,,,,,,,,,,,,,,,,,,,,,,,,,,,,,,,,,,,,,
rsg_object_detection,dropped_oldest,2752,rsg_20260806_181_254899999_002752,dropped,True,fifo_cached_frame,2243,261,0,1980,261,0,1,0.0,60.099222988355905,frame_fifo_full,,,,,,,,,,,,,,,,,,,,,,,,,,,,,,,,,,,,,,,,,,,,,,,,,,,,,,,,,,,,,,,,,,,,
rsg_object_detection,dropped_oldest,2753,rsg_20260806_181_304900000_002753,dropped,True,fifo_cached_frame,2244,261,0,1981,261,0,1,0.0,40.90133699355647,frame_fifo_full,,,,,,,,,,,,,,,,,,,,,,,,,,,,,,,,,,,,,,,,,,,,,,,,,,,,,,,,,,,,,,,,,,,,
rsg_object_detection,dropped_oldest,2754,rsg_20260806_181_354899999_002754,dropped,True,fifo_cached_frame,2245,261,0,1982,261,0,1,0.0,101.7071410024073,frame_fifo_full,,,,,,,,,,,,,,,,,,,,,,,,,,,,,,,,,,,,,,,,,,,,,,,,,,,,,,,,,,,,,,,,,,,,
rsg_object_detection,dropped_oldest,2755,rsg_20260806_181_454900000_002755,dropped,True,fifo_cached_frame,2246,261,0,1983,261,0,1,0.0,51.96171299030539,frame_fifo_full,,,,,,,,,,,,,,,,,,,,,,,,,,,,,,,,,,,,,,,,,,,,,,,,,,,,,,,,,,,,,,,,,,,,
rsg_object_detection,dropped_oldest,2756,rsg_20260806_181_504899999_002756,dropped,True,fifo_cached_frame,2247,261,0,1984,261,0,1,0.0,72.94347800780088,frame_fifo_full,,,,,,,,,,,,,,,,,,,,,,,,,,,,,,,,,,,,,,,,,,,,,,,,,,,,,,,,,,,,,,,,,,,,
rsg_object_detection,dropped_oldest,2757,rsg_20260806_181_554900000_002757,dropped,True,fifo_cached_frame,2248,261,0,1985,261,0,1,0.0,94.19832698768005,frame_fifo_full,,,,,,,,,,,,,,,,,,,,,,,,,,,,,,,,,,,,,,,,,,,,,,,,,,,,,,,,,,,,,,,,,,,,
rsg_object_detection,dropped_oldest,2758,rsg_20260806_181_604899999_002758,dropped,True,fifo_cached_frame,2249,261,0,1986,261,0,1,0.0,3.2400789932580665,frame_fifo_full,,,,,,,,,,,,,,,,,,,,,,,,,,,,,,,,,,,,,,,,,,,,,,,,,,,,,,,,,,,,,,,,,,,,
rsg_object_detection,dropped_oldest,2759,rsg_20260806_181_654899999_002759,dropped,True,fifo_cached_frame,2250,261,0,1987,261,0,1,0.0,25.29280399903655,frame_fifo_full,,,,,,,,,,,,,,,,,,,,,,,,,,,,,,,,,,,,,,,,,,,,,,,,,,,,,,,,,,,,,,,,,,,,
rsg_object_detection,frame_trace,2750,rsg_20260806_181_104899999_002750,sent_to_hydra,,,,,,,,,,,613.1473800051026,ok,11.641617005807348,561.364926994429,38.06032400461845,0.15843000437598675,37.901894000242464,0.0024320033844560385,1.9819550070678815,0.23436499759554863,305.5994640017161,19.553562000510283,0.009055991540662944,325.3964469913626,82.90444801968988,26.037974006612785,5.410222976934165,35.30122998927254,15.504792012507096,103.2078550051665,93.08170300209895,3.212755633285269,50.53971891175024,21.86451588931959,8.009684810531326,4.164673999184743,3.2088159932754934,2.3252450046129525,782.0,137.0,0.004287998308427632,0.018368009477853775,4.000516011728905,2.5906819791998714,0.4264239832991734,1.671110003371723,0.8671550021972507,0.009568000677973032,195.70534200465772,9.840651997365057,0.13641398982144892,28.23829499538988,0.06582200876437128,7.3115059931296855,6.6348760010441765,0.1053099986165762,0.5713199934689328,3.563881997251883,0.7611089968122542,0.005120018613524735,2.07807999686338,8,0,7,0,0,,,,,,,,,,,,,,
rsg_object_detection,dropped_oldest,2761,rsg_20260806_181_804900000_002761,dropped,True,fifo_cached_frame,2252,262,0,1988,262,0,1,0.0,97.2755280090496,frame_fifo_full,,,,,,,,,,,,,,,,,,,,,,,,,,,,,,,,,,,,,,,,,,,,,,,,,,,,,,,,,,,,,,,,,,,,
rsg_object_detection,dropped_oldest,2762,rsg_20260806_181_904899999_002762,dropped,True,fifo_cached_frame,2253,262,0,1989,262,0,1,0.0,53.008642003987916,frame_fifo_full,,,,,,,,,,,,,,,,,,,,,,,,,,,,,,,,,,,,,,,,,,,,,,,,,,,,,,,,,,,,,,,,,,,,
rsg_object_detection,dropped_oldest,2763,rsg_20260806_181_954900000_002763,dropped,True,fifo_cached_frame,2254,262,0,1990,262,0,1,0.0,47.644403006415814,frame_fifo_full,,,,,,,,,,,,,,,,,,,,,,,,,,,,,,,,,,,,,,,,,,,,,,,,,,,,,,,,,,,,,,,,,,,,
rsg_object_detection,dropped_oldest,2764,rsg_20260806_182_004899999_002764,dropped,True,fifo_cached_frame,2255,262,0,1991,262,0,1,0.0,113.86321400641464,frame_fifo_full,,,,,,,,,,,,,,,,,,,,,,,,,,,,,,,,,,,,,,,,,,,,,,,,,,,,,,,,,,,,,,,,,,,,
rsg_object_detection,dropped_oldest,2765,rsg_20260806_182_104899999_002765,dropped,True,fifo_cached_frame,2256,262,0,1992,262,0,1,0.0,42.554655999992974,frame_fifo_full,,,,,,,,,,,,,,,,,,,,,,,,,,,,,,,,,,,,,,,,,,,,,,,,,,,,,,,,,,,,,,,,,,,,
rsg_object_detection,dropped_oldest,2766,rsg_20260806_182_154899999_002766,dropped,True,fifo_cached_frame,2257,262,0,1993,262,0,1,0.0,42.45289700338617,frame_fifo_full,,,,,,,,,,,,,,,,,,,,,,,,,,,,,,,,,,,,,,,,,,,,,,,,,,,,,,,,,,,,,,,,,,,,
rsg_object_detection,dropped_oldest,2767,rsg_20260806_182_204900000_002767,dropped,True,fifo_cached_frame,2258,262,0,1994,262,0,1,0.0,85.13404600671493,frame_fifo_full,,,,,,,,,,,,,,,,,,,,,,,,,,,,,,,,,,,,,,,,,,,,,,,,,,,,,,,,,,,,,,,,,,,,
rsg_object_detection,dropped_oldest,2768,rsg_20260806_182_254899999_002768,dropped,True,fifo_cached_frame,2259,262,0,1995,262,0,1,0.0,66.28975400235504,frame_fifo_full,,,,,,,,,,,,,,,,,,,,,,,,,,,,,,,,,,,,,,,,,,,,,,,,,,,,,,,,,,,,,,,,,,,,
rsg_object_detection,dropped_oldest,2769,rsg_20260806_182_354899999_002769,dropped,True,fifo_cached_frame,2260,262,0,1996,262,0,1,0.0,56.766121997497976,frame_fifo_full,,,,,,,,,,,,,,,,,,,,,,,,,,,,,,,,,,,,,,,,,,,,,,,,,,,,,,,,,,,,,,,,,,,,
rsg_object_detection,frame_trace,2760,rsg_20260806_181_704900000_002760,sent_to_hydra,,,,,,,,,,,719.2463590035914,ok,17.138941999292,631.8954179878347,67.5763269973686,0.16095800674520433,67.41536899062339,0.0032320094760507345,1.9126109982607886,0.23158099793363363,309.04005200136453,27.339780994225293,0.009280003723688424,336.62069399724714,118.89427500136662,50.846946993260644,12.0044910145225,31.402696986333467,22.227793000638485,116.05921300360933,104.28175900597125,3.8624719163635746,60.33390398079064,22.540375910466537,8.32927341980394,5.906150996452197,3.1052969861775637,2.71243900351692,807.0,142.0,0.004799003363586962,0.024384004063904285,7.52190500497818,6.829241014202125,0.5317979666870087,1.5077860007295385,0.5889509920962155,0.005152003723196685,251.9596000056481,5.492748998221941,0.15481399896088988,35.70032599964179,0.05462398985400796,12.11373800470028,11.374100999091752,0.11302200437057763,0.6266150012379512,4.201312985969707,0.8187069906853139,0.005184017936699092,2.6324400096200407,8,0,8,0,0,,,,,,,,,,,,,,
rsg_object_detection,dropped_oldest,2771,rsg_20260806_182_454900000_002771,dropped,True,fifo_cached_frame,2262,263,0,1997,263,0,1,0.0,151.98504101135768,frame_fifo_full,,,,,,,,,,,,,,,,,,,,,,,,,,,,,,,,,,,,,,,,,,,,,,,,,,,,,,,,,,,,,,,,,,,,
rsg_object_detection,dropped_oldest,2772,rsg_20260806_182_604899999_002772,dropped,True,fifo_cached_frame,2263,263,0,1998,263,0,1,0.0,100.12031700171065,frame_fifo_full,,,,,,,,,,,,,,,,,,,,,,,,,,,,,,,,,,,,,,,,,,,,,,,,,,,,,,,,,,,,,,,,,,,,
rsg_object_detection,dropped_oldest,2773,rsg_20260806_182_704900000_002773,dropped,True,fifo_cached_frame,2264,263,0,1999,263,0,1,0.0,48.26071400020737,frame_fifo_full,,,,,,,,,,,,,,,,,,,,,,,,,,,,,,,,,,,,,,,,,,,,,,,,,,,,,,,,,,,,,,,,,,,,
rsg_object_detection,dropped_oldest,2774,rsg_20260806_182_754899999_002774,dropped,True,fifo_cached_frame,2265,263,0,2000,263,0,1,0.0,56.68180300563108,frame_fifo_full,,,,,,,,,,,,,,,,,,,,,,,,,,,,,,,,,,,,,,,,,,,,,,,,,,,,,,,,,,,,,,,,,,,,
rsg_object_detection,dropped_oldest,2775,rsg_20260806_182_804900000_002775,dropped,True,fifo_cached_frame,2266,263,0,2001,263,0,1,0.0,155.70636099437252,frame_fifo_full,,,,,,,,,,,,,,,,,,,,,,,,,,,,,,,,,,,,,,,,,,,,,,,,,,,,,,,,,,,,,,,,,,,,
rsg_object_detection,dropped_oldest,2776,rsg_20260806_182_954900000_002776,dropped,True,fifo_cached_frame,2267,263,0,2002,263,0,1,0.0,61.039337000693195,frame_fifo_full,,,,,,,,,,,,,,,,,,,,,,,,,,,,,,,,,,,,,,,,,,,,,,,,,,,,,,,,,,,,,,,,,,,,
rsg_object_detection,dropped_oldest,2777,rsg_20260806_183_004899999_002777,dropped,True,fifo_cached_frame,2268,263,0,2003,264,0,1,0.0,33.06580599746667,frame_fifo_full,,,,,,,,,,,,,,,,,,,,,,,,,,,,,,,,,,,,,,,,,,,,,,,,,,,,,,,,,,,,,,,,,,,,
rsg_object_detection,frame_trace,2770,rsg_20260806_182_404899999_002770,sent_to_hydra,,,,,,,,,,,625.9999879985116,ok,13.740433001657948,573.9155869960086,36.115392998908646,0.1811499969335273,35.93424300197512,0.0024000037228688598,2.566680996096693,0.8510909974575043,312.0626000018092,20.773704003659077,0.007998984074220061,333.695393987,116.3755290035624,17.736340974806808,9.03224702051375,75.11160400463268,13.862546009477228,74.43036799668334,62.1743600058835,2.8145879186922684,31.680487823905423,14.369458876899444,5.993225000565872,7.347761988057755,2.5129550049314275,2.340571998502128,696.0,142.0,0.0048000074457377195,0.015520010492764413,3.1049150275066495,0.9531359683023766,0.35455501347314566,1.4196580013958737,1.2256139889359474,0.0060480087995529175,197.88998299918603,5.402285998570733,0.17951799964066595,34.13839799759444,0.04332701792009175,9.297140000853688,8.63555000978522,0.08703800267539918,0.5745519883930683,3.6602649925043806,0.7777480059303343,0.0052800023695454,2.226174998213537,7,0,7,0,0,,,,,,,,,,,,,,
rsg_object_detection,dropped_oldest,2779,rsg_20260806_183_104899999_002779,dropped,True,fifo_cached_frame,2270,264,0,2004,264,0,1,0.0,98.5055899946019,frame_fifo_full,,,,,,,,,,,,,,,,,,,,,,,,,,,,,,,,,,,,,,,,,,,,,,,,,,,,,,,,,,,,,,,,,,,,
rsg_object_detection,dropped_oldest,2780,rsg_20260806_183_204900000_002780,dropped,True,fifo_cached_frame,2271,264,0,2005,264,0,1,0.0,52.15671900077723,frame_fifo_full,,,,,,,,,,,,,,,,,,,,,,,,,,,,,,,,,,,,,,,,,,,,,,,,,,,,,,,,,,,,,,,,,,,,
rsg_object_detection,dropped_oldest,2781,rsg_20260806_183_254899999_002781,dropped,True,fifo_cached_frame,2272,264,0,2006,264,0,1,0.0,48.33911299647298,frame_fifo_full,,,,,,,,,,,,,,,,,,,,,,,,,,,,,,,,,,,,,,,,,,,,,,,,,,,,,,,,,,,,,,,,,,,,
rsg_object_detection,dropped_oldest,2782,rsg_20260806_183_304900000_002782,dropped,True,fifo_cached_frame,2273,264,0,2007,264,0,1,0.0,59.483809003722854,frame_fifo_full,,,,,,,,,,,,,,,,,,,,,,,,,,,,,,,,,,,,,,,,,,,,,,,,,,,,,,,,,,,,,,,,,,,,
rsg_object_detection,dropped_oldest,2783,rsg_20260806_183_354899999_002783,dropped,True,fifo_cached_frame,2274,264,0,2008,264,0,1,0.0,41.56615800457075,frame_fifo_full,,,,,,,,,,,,,,,,,,,,,,,,,,,,,,,,,,,,,,,,,,,,,,,,,,,,,,,,,,,,,,,,,,,,
rsg_object_detection,dropped_oldest,2784,rsg_20260806_183_404899999_002784,dropped,True,fifo_cached_frame,2275,264,0,2009,264,0,1,0.0,144.05680900381412,frame_fifo_full,,,,,,,,,,,,,,,,,,,,,,,,,,,,,,,,,,,,,,,,,,,,,,,,,,,,,,,,,,,,,,,,,,,,
rsg_object_detection,dropped_oldest,2785,rsg_20260806_183_504899999_002785,dropped,True,fifo_cached_frame,2276,264,0,2010,264,0,1,0.0,9.639982992666773,frame_fifo_full,,,,,,,,,,,,,,,,,,,,,,,,,,,,,,,,,,,,,,,,,,,,,,,,,,,,,,,,,,,,,,,,,,,,
rsg_object_detection,dropped_oldest,2786,rsg_20260806_183_554900000_002786,dropped,True,fifo_cached_frame,2277,264,0,2011,264,0,1,0.0,149.43864798988216,frame_fifo_full,,,,,,,,,,,,,,,,,,,,,,,,,,,,,,,,,,,,,,,,,,,,,,,,,,,,,,,,,,,,,,,,,,,,
rsg_object_detection,,890,rsg_20260806_63_704880000_000890,vlm_done,,,,,,,,,,,,ok,,,,,,,,,,,,,,,,,,,,,,,,,,,,,,,,,,,,,,,,,,,,,,,,,,,,,,,rsg_obj_000074,rsg_unknown_rsg_20260806_63_704880000_000890_001_nanosam_003,,,1,0.541368100936101,file_cabinet,0.97,static,0.99,5006.074118005927,113806.49229300616,qwen_http,Qwen3-VL-8B-Instruct-GGUF
rsg_object_detection,completed,890,rsg_20260806_63_704880000_000890,,,,,,,,,,,108800.41580699617,,vlm_done,,,,,,,,,,,,,,,,,,,,,,,,,,,,,,,,,,,,,,,,,,,,,,,,,,,,,,,rsg_obj_000074,rsg_unknown_rsg_20260806_63_704880000_000890_001_nanosam_003,96,300,1,0.541368100936101,,,,,,,,
rsg_object_detection,frame_trace,2778,rsg_20260806_183_054900000_002778,sent_to_hydra,,,,,,,,,,,720.0410069926875,ok,15.803827001946047,697.176806992502,4.6395469980780035,0.13279799895826727,4.506748999119736,0.0027839996619150043,5.568364998907782,0.19958100165240467,381.78315199911594,24.587053994764574,0.03180700878147036,406.6015940043144,137.30225499602966,16.918018023716286,4.826967997360043,102.3676750191953,12.529316998552531,89.0726110083051,74.48217600176577,16.812770831165835,28.121626906795427,15.017139710835181,8.574217165005393,7.532046001870185,3.41530900914222,3.2883660023799166,1042.0,355.0,0.005216003046371043,0.012671007425524294,3.3264139929087833,4.156002018135041,0.3501069877529517,1.2701559899142012,0.5793200107291341,0.005247988156042993,236.08092800714076,5.918854993069544,0.13727699115406722,42.820411996217445,0.049376001697964966,11.552050986210816,10.92354800493922,0.10175899660680443,0.5267439846647903,3.3749249996617436,0.871922995429486,0.004928020644001663,2.418042000499554,8,0,7,0,0,,,,,,,,,,,,,,
rsg_object_detection,dropped_oldest,2788,rsg_20260806_183_804900000_002788,dropped,True,fifo_cached_frame,2279,265,0,2012,265,0,1,0.0,46.37917398940772,frame_fifo_full,,,,,,,,,,,,,,,,,,,,,,,,,,,,,,,,,,,,,,,,,,,,,,,,,,,,,,,,,,,,,,,,,,,,
rsg_object_detection,dropped_oldest,2789,rsg_20260806_183_854899999_002789,dropped,True,fifo_cached_frame,2280,265,0,2013,265,0,1,0.0,56.57863699889276,frame_fifo_full,,,,,,,,,,,,,,,,,,,,,,,,,,,,,,,,,,,,,,,,,,,,,,,,,,,,,,,,,,,,,,,,,,,,
rsg_object_detection,dequeued,913,rsg_20260806_64_854879999_000913,,,,,,,,,,,113697.51995000115,,fifo_order,,,,,,,,,,,,,,,,,,,,,,,,,,,,,,,,,,,,,,,,,,,,,,,,,,,,,,,rsg_obj_000075,rsg_unknown_rsg_20260806_64_854879999_000913_002_nanosam_005,95,300,2,0.4425494621569589,,,,,,,,
rsg_object_detection,dropped_oldest,2790,rsg_20260806_183_904899999_002790,dropped,True,fifo_cached_frame,2281,265,0,2014,265,0,1,0.0,109.04763999860734,frame_fifo_full,,,,,,,,,,,,,,,,,,,,,,,,,,,,,,,,,,,,,,,,,,,,,,,,,,,,,,,,,,,,,,,,,,,,
rsg_object_detection,dropped_oldest,2791,rsg_20260806_184_004899999_002791,dropped,True,fifo_cached_frame,2282,265,0,2015,265,0,1,0.0,112.63427299854811,frame_fifo_full,,,,,,,,,,,,,,,,,,,,,,,,,,,,,,,,,,,,,,,,,,,,,,,,,,,,,,,,,,,,,,,,,,,,
rsg_object_detection,dropped_oldest,2792,rsg_20260806_184_104899999_002792,dropped,True,fifo_cached_frame,2283,265,0,2016,265,0,1,0.0,16.977792998659424,frame_fifo_full,,,,,,,,,,,,,,,,,,,,,,,,,,,,,,,,,,,,,,,,,,,,,,,,,,,,,,,,,,,,,,,,,,,,
rsg_object_detection,dropped_oldest,2793,rsg_20260806_184_154899999_002793,dropped,True,fifo_cached_frame,2284,265,0,2017,266,0,1,0.0,74.34489799197763,frame_fifo_full,,,,,,,,,,,,,,,,,,,,,,,,,,,,,,,,,,,,,,,,,,,,,,,,,,,,,,,,,,,,,,,,,,,,
rsg_object_detection,frame_trace,2787,rsg_20260806_183_704900000_002787,sent_to_hydra,,,,,,,,,,,495.2453809964936,ok,11.764718990889378,382.22688900714274,98.75873799319379,0.12403000437188894,98.6347079888219,0.0076799915404990315,5.331791006028652,0.26073300978168845,159.79657199932262,14.14058799855411,0.006271002348512411,174.20416401000693,75.73466800386086,13.082011995720677,3.468970026005991,47.513270008494146,11.195319006219506,84.3733229994541,68.58524000563193,1.9172540196450427,39.94125887402333,11.15868597116787,6.077844198443927,8.863611001288518,4.694490009569563,2.180990995839238,663.0,129.0,0.004032001015730202,0.013823999324813485,3.1822250166442245,4.326527981902473,0.3244740073569119,1.3174839987186715,0.35308199585415423,0.004640009137801826,169.6338640031172,2.756247005891055,0.1478060003137216,30.105690995696932,0.04732598608825356,7.052373999613337,6.3717129960423335,0.09395099186804146,0.5867100117029622,3.8384700019378215,0.8684030035510659,0.005471985787153244,2.4873550137272105,7,0,7,0,0,,,,,,,,,,,,,,
rsg_object_detection,dropped_oldest,2795,rsg_20260806_184_354899999_002795,dropped,True,fifo_cached_frame,2286,266,0,2018,266,0,1,0.0,52.693734993226826,frame_fifo_full,,,,,,,,,,,,,,,,,,,,,,,,,,,,,,,,,,,,,,,,,,,,,,,,,,,,,,,,,,,,,,,,,,,,
rsg_object_detection,dropped_oldest,2796,rsg_20260806_184_404899999_002796,dropped,True,fifo_cached_frame,2287,266,0,2019,266,0,1,0.0,49.57522299082484,frame_fifo_full,,,,,,,,,,,,,,,,,,,,,,,,,,,,,,,,,,,,,,,,,,,,,,,,,,,,,,,,,,,,,,,,,,,,
rsg_object_detection,dropped_oldest,2797,rsg_20260806_184_454900000_002797,dropped,True,fifo_cached_frame,2288,266,0,2020,266,0,1,0.0,48.0849410087103,frame_fifo_full,,,,,,,,,,,,,,,,,,,,,,,,,,,,,,,,,,,,,,,,,,,,,,,,,,,,,,,,,,,,,,,,,,,,
rsg_object_detection,dropped_oldest,2798,rsg_20260806_184_504899999_002798,dropped,True,fifo_cached_frame,2289,266,0,2021,266,0,1,0.0,94.85134099668358,frame_fifo_full,,,,,,,,,,,,,,,,,,,,,,,,,,,,,,,,,,,,,,,,,,,,,,,,,,,,,,,,,,,,,,,,,,,,
rsg_object_detection,dropped_oldest,2799,rsg_20260806_184_554900000_002799,dropped,True,fifo_cached_frame,2290,266,0,2022,266,0,1,0.0,33.483017003163695,frame_fifo_full,,,,,,,,,,,,,,,,,,,,,,,,,,,,,,,,,,,,,,,,,,,,,,,,,,,,,,,,,,,,,,,,,,,,
rsg_object_detection,dropped_oldest,2800,rsg_20260806_184_604899999_002800,dropped,True,fifo_cached_frame,2291,266,0,2023,266,0,1,0.0,82.73641900450457,frame_fifo_full,,,,,,,,,,,,,,,,,,,,,,,,,,,,,,,,,,,,,,,,,,,,,,,,,,,,,,,,,,,,,,,,,,,,
rsg_object_detection,frame_trace,2794,rsg_20260806_184_204900000_002794,sent_to_hydra,,,,,,,,,,,497.9066219966626,ok,12.990011993679218,478.35472400765866,3.821414997219108,0.18002900469582528,3.6413859925232828,0.00313599593937397,1.9128670101054013,0.20486098947003484,280.12701800616924,12.381734006339684,0.007327995263040066,292.720940997242,52.19185398891568,13.811725992127322,3.5688100033439696,24.612079025246203,9.698091002064757,85.92709200456738,76.330116004101,2.560565175372176,42.42835495097097,17.559350933879614,8.155692994478159,4.258560002199374,2.403708000201732,2.8819400031352416,932.0,356.0,0.006591988494619727,0.01344000338576734,2.958132012281567,0.4267470067134127,0.3087929799221456,1.2823809956898913,0.35820199991576374,0.004671994247473776,143.47553699917626,2.704536003875546,0.14009300502948463,37.357519002398476,0.043230989831499755,8.463359990855679,7.81991399708204,0.09596699965186417,0.547478994121775,3.849735003313981,0.6714140035910532,0.005502995918504894,2.737335002166219,7,0,7,0,0,,,,,,,,,,,,,,
rsg_object_detection,dropped_oldest,2802,rsg_20260806_184_804900000_002802,dropped,True,fifo_cached_frame,2293,267,0,2024,267,0,1,0.0,39.068148005753756,frame_fifo_full,,,,,,,,,,,,,,,,,,,,,,,,,,,,,,,,,,,,,,,,,,,,,,,,,,,,,,,,,,,,,,,,,,,,
rsg_object_detection,dropped_oldest,2803,rsg_20260806_184_854899999_002803,dropped,True,fifo_cached_frame,2294,267,0,2025,267,0,1,0.0,55.60437899839599,frame_fifo_full,,,,,,,,,,,,,,,,,,,,,,,,,,,,,,,,,,,,,,,,,,,,,,,,,,,,,,,,,,,,,,,,,,,,
rsg_object_detection,dropped_oldest,2804,rsg_20260806_184_904899999_002804,dropped,True,fifo_cached_frame,2295,267,0,2026,267,0,1,0.0,96.76078500342555,frame_fifo_full,,,,,,,,,,,,,,,,,,,,,,,,,,,,,,,,,,,,,,,,,,,,,,,,,,,,,,,,,,,,,,,,,,,,
rsg_object_detection,dropped_oldest,2805,rsg_20260806_185_004899999_002805,dropped,True,fifo_cached_frame,2296,267,0,2027,267,0,1,0.0,75.18773300398607,frame_fifo_full,,,,,,,,,,,,,,,,,,,,,,,,,,,,,,,,,,,,,,,,,,,,,,,,,,,,,,,,,,,,,,,,,,,,
rsg_object_detection,frame_trace,2801,rsg_20260806_184_704900000_002801,sent_to_hydra,,,,,,,,,,,621.756694992655,ok,10.068424002383836,571.7714950005757,37.081745991599746,0.1311980013269931,36.95054799027275,0.002911998308263719,2.0462410029722378,0.2504920121282339,271.11707399308216,20.983427995815873,0.00768000609241426,292.3586740071187,123.07194202730898,34.81333199306391,13.767408003332093,46.05252300098073,23.842265989515,107.10430800099857,95.52704301313497,4.569851589621976,45.6620879995171,26.74181797192432,9.77248977869749,4.602266999427229,3.3467979956185445,3.1121450010687113,1096.0,356.0,0.004864006768912077,0.013983997632749379,3.0596649885410443,0.3584280057111755,0.32632997317705303,1.4250350068323314,0.4032250144518912,0.005727997631765902,235.77373300213367,2.4929229984991252,0.1298220013268292,38.92805399664212,0.04204799188300967,5.768680988694541,5.128595003043301,0.09228700946550816,0.5477989761857316,3.6273690056987107,0.666357998852618,0.006016009137965739,2.8321179997874424,8,0,7,0,0,,,,,,,,,,,,,,
rsg_object_detection,dropped_oldest,2807,rsg_20260806_185_104899999_002807,dropped,True,fifo_cached_frame,2298,268,0,2028,268,0,1,0.0,3.1057449959916994,frame_fifo_full,,,,,,,,,,,,,,,,,,,,,,,,,,,,,,,,,,,,,,,,,,,,,,,,,,,,,,,,,,,,,,,,,,,,
rsg_object_detection,dropped_oldest,2808,rsg_20260806_185_154899999_002808,dropped,True,fifo_cached_frame,2299,268,0,2029,268,0,1,0.0,5.252048998954706,frame_fifo_full,,,,,,,,,,,,,,,,,,,,,,,,,,,,,,,,,,,,,,,,,,,,,,,,,,,,,,,,,,,,,,,,,,,,
rsg_object_detection,dropped_oldest,2809,rsg_20260806_185_204900000_002809,dropped,True,fifo_cached_frame,2300,268,0,2030,268,0,1,0.0,6.078820995753631,frame_fifo_full,,,,,,,,,,,,,,,,,,,,,,,,,,,,,,,,,,,,,,,,,,,,,,,,,,,,,,,,,,,,,,,,,,,,
rsg_object_detection,dropped_oldest,2810,rsg_20260806_185_354899999_002810,dropped,True,fifo_cached_frame,2301,268,0,2031,268,0,1,0.0,20.893221997539513,frame_fifo_full,,,,,,,,,,,,,,,,,,,,,,,,,,,,,,,,,,,,,,,,,,,,,,,,,,,,,,,,,,,,,,,,,,,,
rsg_object_detection,dropped_oldest,2811,rsg_20260806_185_404899999_002811,dropped,True,fifo_cached_frame,2302,268,0,2032,268,0,1,0.0,47.43701400002465,frame_fifo_full,,,,,,,,,,,,,,,,,,,,,,,,,,,,,,,,,,,,,,,,,,,,,,,,,,,,,,,,,,,,,,,,,,,,
rsg_object_detection,dropped_oldest,2812,rsg_20260806_185_454900000_002812,dropped,True,fifo_cached_frame,2303,268,0,2033,268,0,1,0.0,51.38537099992391,frame_fifo_full,,,,,,,,,,,,,,,,,,,,,,,,,,,,,,,,,,,,,,,,,,,,,,,,,,,,,,,,,,,,,,,,,,,,
rsg_object_detection,dropped_oldest,2813,rsg_20260806_185_504899999_002813,dropped,True,fifo_cached_frame,2304,268,0,2034,268,0,1,0.0,53.70325699914247,frame_fifo_full,,,,,,,,,,,,,,,,,,,,,,,,,,,,,,,,,,,,,,,,,,,,,,,,,,,,,,,,,,,,,,,,,,,,
rsg_object_detection,dropped_oldest,2814,rsg_20260806_185_554900000_002814,dropped,True,fifo_cached_frame,2305,268,0,2035,268,0,1,0.0,100.059838994639,frame_fifo_full,,,,,,,,,,,,,,,,,,,,,,,,,,,,,,,,,,,,,,,,,,,,,,,,,,,,,,,,,,,,,,,,,,,,
rsg_object_detection,dropped_oldest,2815,rsg_20260806_185_654899999_002815,dropped,True,fifo_cached_frame,2306,268,0,2036,268,0,1,0.0,66.82072299008723,frame_fifo_full,,,,,,,,,,,,,,,,,,,,,,,,,,,,,,,,,,,,,,,,,,,,,,,,,,,,,,,,,,,,,,,,,,,,
rsg_object_detection,dropped_oldest,2816,rsg_20260806_185_704900000_002816,dropped,True,fifo_cached_frame,2307,268,0,2037,268,0,1,0.0,44.06660200038459,frame_fifo_full,,,,,,,,,,,,,,,,,,,,,,,,,,,,,,,,,,,,,,,,,,,,,,,,,,,,,,,,,,,,,,,,,,,,
rsg_object_detection,dropped_oldest,2817,rsg_20260806_185_754899999_002817,dropped,True,fifo_cached_frame,2308,268,0,2038,268,0,1,0.0,100.94990600191522,frame_fifo_full,,,,,,,,,,,,,,,,,,,,,,,,,,,,,,,,,,,,,,,,,,,,,,,,,,,,,,,,,,,,,,,,,,,,
rsg_object_detection,dropped_oldest,2818,rsg_20260806_185_854899999_002818,dropped,True,fifo_cached_frame,2309,268,0,2039,268,0,1,0.0,95.58086599281523,frame_fifo_full,,,,,,,,,,,,,,,,,,,,,,,,,,,,,,,,,,,,,,,,,,,,,,,,,,,,,,,,,,,,,,,,,,,,
rsg_object_detection,dropped_oldest,2819,rsg_20260806_185_954900000_002819,dropped,True,fifo_cached_frame,2310,268,0,2040,268,0,1,0.0,48.67366800317541,frame_fifo_full,,,,,,,,,,,,,,,,,,,,,,,,,,,,,,,,,,,,,,,,,,,,,,,,,,,,,,,,,,,,,,,,,,,,
rsg_object_detection,frame_trace,2806,rsg_20260806_185_054900000_002806,sent_to_hydra,,,,,,,,,,,943.7091669969959,ok,13.490356999682263,640.2135399985127,287.4771479982883,0.14777400065213442,287.32937399763614,0.0023040047381073236,8.161892998032272,0.2465879952069372,289.411839999957,15.186970995273441,0.00838401319924742,304.85378300363664,169.55741797573864,56.53639700904023,8.322949026478454,69.05227500828914,34.863858003518544,106.53817400452681,93.01876099198125,4.052737756865099,46.904010843718424,26.087634585564956,9.003187165944837,6.313920996035449,3.664809002657421,3.100401008850895,1089.0,356.0,0.0043199979700148106,0.012607997632585466,3.131568999378942,0.3524440253386274,0.3160899941576645,1.2805880105588585,0.5853030015714467,0.004416011506691575,281.7836339963833,7.41656101308763,0.1383660128340125,37.81367100600619,0.045631968532688916,8.758907992159948,8.116165990941226,0.09839799895416945,0.5443440022645518,3.8152389897732064,0.9103219927055761,0.005888025043532252,2.5258179957745597,8,0,7,0,0,,,,,,,,,,,,,,
rsg_object_detection,dropped_oldest,2821,rsg_20260806_186_054900000_002821,dropped,True,fifo_cached_frame,2312,269,0,2041,269,0,1,0.0,3.270383007475175,frame_fifo_full,,,,,,,,,,,,,,,,,,,,,,,,,,,,,,,,,,,,,,,,,,,,,,,,,,,,,,,,,,,,,,,,,,,,
rsg_object_detection,dropped_oldest,2822,rsg_20260806_186_104899999_002822,dropped,True,fifo_cached_frame,2313,269,0,2042,269,0,1,0.0,27.67184001277201,frame_fifo_full,,,,,,,,,,,,,,,,,,,,,,,,,,,,,,,,,,,,,,,,,,,,,,,,,,,,,,,,,,,,,,,,,,,,
rsg_object_detection,dropped_oldest,2823,rsg_20260806_186_154899999_002823,dropped,True,fifo_cached_frame,2314,269,0,2043,269,0,1,0.0,51.75282200798392,frame_fifo_full,,,,,,,,,,,,,,,,,,,,,,,,,,,,,,,,,,,,,,,,,,,,,,,,,,,,,,,,,,,,,,,,,,,,
rsg_object_detection,dropped_oldest,2824,rsg_20260806_186_204900000_002824,dropped,True,fifo_cached_frame,2315,269,0,2044,269,0,1,0.0,52.676840001367964,frame_fifo_full,,,,,,,,,,,,,,,,,,,,,,,,,,,,,,,,,,,,,,,,,,,,,,,,,,,,,,,,,,,,,,,,,,,,
rsg_object_detection,dropped_oldest,2825,rsg_20260806_186_254899999_002825,dropped,True,fifo_cached_frame,2316,269,0,2045,269,0,1,0.0,47.25173700717278,frame_fifo_full,,,,,,,,,,,,,,,,,,,,,,,,,,,,,,,,,,,,,,,,,,,,,,,,,,,,,,,,,,,,,,,,,,,,
rsg_object_detection,dropped_oldest,2826,rsg_20260806_186_304900000_002826,dropped,True,fifo_cached_frame,2317,269,0,2046,269,0,1,0.0,51.449306003632955,frame_fifo_full,,,,,,,,,,,,,,,,,,,,,,,,,,,,,,,,,,,,,,,,,,,,,,,,,,,,,,,,,,,,,,,,,,,,
rsg_object_detection,dropped_oldest,2827,rsg_20260806_186_354899999_002827,dropped,True,fifo_cached_frame,2318,269,0,2047,269,0,1,0.0,75.55220799986273,frame_fifo_full,,,,,,,,,,,,,,,,,,,,,,,,,,,,,,,,,,,,,,,,,,,,,,,,,,,,,,,,,,,,,,,,,,,,
rsg_object_detection,dropped_oldest,2828,rsg_20260806_186_404899999_002828,dropped,True,fifo_cached_frame,2319,269,0,2048,269,0,1,0.0,87.12579400162213,frame_fifo_full,,,,,,,,,,,,,,,,,,,,,,,,,,,,,,,,,,,,,,,,,,,,,,,,,,,,,,,,,,,,,,,,,,,,
rsg_object_detection,dropped_oldest,2829,rsg_20260806_186_504899999_002829,dropped,True,fifo_cached_frame,2320,269,0,2049,269,0,1,0.0,81.75413000572007,frame_fifo_full,,,,,,,,,,,,,,,,,,,,,,,,,,,,,,,,,,,,,,,,,,,,,,,,,,,,,,,,,,,,,,,,,,,,
rsg_object_detection,dropped_oldest,2830,rsg_20260806_186_554900000_002830,dropped,True,fifo_cached_frame,2321,269,0,2050,269,0,1,0.0,19.06124899687711,frame_fifo_full,,,,,,,,,,,,,,,,,,,,,,,,,,,,,,,,,,,,,,,,,,,,,,,,,,,,,,,,,,,,,,,,,,,,
rsg_object_detection,dropped_oldest,2831,rsg_20260806_186_604899999_002831,dropped,True,fifo_cached_frame,2322,269,0,2051,269,0,1,0.0,52.60660100611858,frame_fifo_full,,,,,,,,,,,,,,,,,,,,,,,,,,,,,,,,,,,,,,,,,,,,,,,,,,,,,,,,,,,,,,,,,,,,
rsg_object_detection,frame_trace,2820,rsg_20260806_186_004899999_002820,sent_to_hydra,,,,,,,,,,,667.454602997168,ok,12.727135996101424,613.4076080052182,38.679803008562885,0.16079800843726844,38.51900500012562,0.0037119898479431868,1.2400779960444197,1.312492007855326,316.86832300329115,18.558025010861456,0.009599985787644982,336.7484400077956,116.93020896927919,43.28645300120115,5.26705697120633,40.903161017922685,26.689776015700772,106.41929600387812,89.2685779981548,3.7886191566940397,50.360355162411,17.84228287579026,9.35305017628707,8.950137998908758,4.013250989373773,3.7721360131399706,1080.0,356.0,0.0040000013541430235,0.01375899591948837,3.631561019574292,3.9050599734764546,0.352061033481732,1.4464739942923188,0.37394699756987393,0.0053440016927197576,233.08644800272305,3.324078003061004,0.17119699623435736,38.79112900176551,0.04623799759428948,8.595006001996808,7.960425005876459,0.09862300066743046,0.5359579954529181,3.481867999653332,0.6451739900512621,0.005088004400022328,2.636343997437507,8,0,7,0,0,,,,,,,,,,,,,,
rsg_object_detection,dropped_oldest,2833,rsg_20260806_186_704900000_002833,dropped,True,fifo_cached_frame,2324,270,0,2052,270,0,1,0.0,93.7182070047129,frame_fifo_full,,,,,,,,,,,,,,,,,,,,,,,,,,,,,,,,,,,,,,,,,,,,,,,,,,,,,,,,,,,,,,,,,,,,
rsg_object_detection,dropped_oldest,2834,rsg_20260806_186_804900000_002834,dropped,True,fifo_cached_frame,2325,270,0,2053,270,0,1,0.0,52.717864004080184,frame_fifo_full,,,,,,,,,,,,,,,,,,,,,,,,,,,,,,,,,,,,,,,,,,,,,,,,,,,,,,,,,,,,,,,,,,,,
rsg_object_detection,dropped_oldest,2835,rsg_20260806_186_854899999_002835,dropped,True,fifo_cached_frame,2326,270,0,2054,270,0,1,0.0,50.716293990262784,frame_fifo_full,,,,,,,,,,,,,,,,,,,,,,,,,,,,,,,,,,,,,,,,,,,,,,,,,,,,,,,,,,,,,,,,,,,,
rsg_object_detection,dropped_oldest,2836,rsg_20260806_186_904899999_002836,dropped,True,fifo_cached_frame,2327,270,0,2055,270,0,1,0.0,100.87294700497296,frame_fifo_full,,,,,,,,,,,,,,,,,,,,,,,,,,,,,,,,,,,,,,,,,,,,,,,,,,,,,,,,,,,,,,,,,,,,
rsg_object_detection,dropped_oldest,2837,rsg_20260806_187_004899999_002837,dropped,True,fifo_cached_frame,2328,270,0,2056,270,0,1,0.0,164.18165901268367,frame_fifo_full,,,,,,,,,,,,,,,,,,,,,,,,,,,,,,,,,,,,,,,,,,,,,,,,,,,,,,,,,,,,,,,,,,,,
rsg_object_detection,dropped_oldest,2838,rsg_20260806_187_104899999_002838,dropped,True,fifo_cached_frame,2329,270,0,2057,270,0,1,0.0,41.42974500427954,frame_fifo_full,,,,,,,,,,,,,,,,,,,,,,,,,,,,,,,,,,,,,,,,,,,,,,,,,,,,,,,,,,,,,,,,,,,,
rsg_object_detection,dropped_oldest,2839,rsg_20260806_187_154899999_002839,dropped,True,fifo_cached_frame,2330,270,0,2058,270,0,1,0.0,35.31239701260347,frame_fifo_full,,,,,,,,,,,,,,,,,,,,,,,,,,,,,,,,,,,,,,,,,,,,,,,,,,,,,,,,,,,,,,,,,,,,
rsg_object_detection,dropped_oldest,2840,rsg_20260806_187_204900000_002840,dropped,True,fifo_cached_frame,2331,270,0,2059,270,0,1,0.0,15.40287199895829,frame_fifo_full,,,,,,,,,,,,,,,,,,,,,,,,,,,,,,,,,,,,,,,,,,,,,,,,,,,,,,,,,,,,,,,,,,,,
rsg_object_detection,frame_trace,2832,rsg_20260806_186_654899999_002832,sent_to_hydra,,,,,,,,,,,677.9743819934083,ok,11.762766996980645,625.9288279979955,36.65090499271173,0.1324460026808083,36.51845899003092,0.004703993909060955,4.970901005435735,0.2021730033447966,283.40460199979134,27.18148000712972,0.00601599458605051,310.7942710048519,152.75658199971076,18.564648009487428,18.73658203112427,73.34501098375767,41.420528970775194,99.55779901065398,84.98380999662913,3.7347800680436194,43.83364738896489,17.334917123662308,12.648993753828108,7.456079998519272,3.2241120061371475,3.621736992499791,1107.0,356.0,0.004351997631601989,0.015744008123874664,4.962228995282203,0.8600200089858845,0.38354597927536815,1.3880750047974288,0.4270019999239594,0.004735993570648134,260.3593809908489,3.4725869918474928,0.15049400099087507,46.13229900132865,0.04889500269200653,6.811768995248713,6.059236999135464,0.09839799895416945,0.6541339971590787,4.2400319944135845,0.705493992427364,0.005472014890983701,3.6271780118113384,8,0,8,0,0,,,,,,,,,,,,,,
rsg_object_detection,dropped_oldest,2842,rsg_20260806_187_354899999_002842,dropped,True,fifo_cached_frame,2333,271,0,2060,271,0,1,0.0,20.165745008853264,frame_fifo_full,,,,,,,,,,,,,,,,,,,,,,,,,,,,,,,,,,,,,,,,,,,,,,,,,,,,,,,,,,,,,,,,,,,,
rsg_object_detection,dropped_oldest,2843,rsg_20260806_187_404899999_002843,dropped,True,fifo_cached_frame,2334,271,0,2061,271,0,1,0.0,48.64195600384846,frame_fifo_full,,,,,,,,,,,,,,,,,,,,,,,,,,,,,,,,,,,,,,,,,,,,,,,,,,,,,,,,,,,,,,,,,,,,
rsg_object_detection,dropped_oldest,2844,rsg_20260806_187_454900000_002844,dropped,True,fifo_cached_frame,2335,271,0,2062,271,0,1,0.0,51.75058200256899,frame_fifo_full,,,,,,,,,,,,,,,,,,,,,,,,,,,,,,,,,,,,,,,,,,,,,,,,,,,,,,,,,,,,,,,,,,,,
rsg_object_detection,dropped_oldest,2845,rsg_20260806_187_504899999_002845,dropped,True,fifo_cached_frame,2336,271,0,2063,271,0,1,0.0,50.46234499604907,frame_fifo_full,,,,,,,,,,,,,,,,,,,,,,,,,,,,,,,,,,,,,,,,,,,,,,,,,,,,,,,,,,,,,,,,,,,,
rsg_object_detection,dropped_oldest,2846,rsg_20260806_187_554900000_002846,dropped,True,fifo_cached_frame,2337,271,0,2064,271,0,1,0.0,52.11204900115263,frame_fifo_full,,,,,,,,,,,,,,,,,,,,,,,,,,,,,,,,,,,,,,,,,,,,,,,,,,,,,,,,,,,,,,,,,,,,
rsg_object_detection,dropped_oldest,2847,rsg_20260806_187_604899999_002847,dropped,True,fifo_cached_frame,2338,271,0,2065,271,0,1,0.0,46.99190201063175,frame_fifo_full,,,,,,,,,,,,,,,,,,,,,,,,,,,,,,,,,,,,,,,,,,,,,,,,,,,,,,,,,,,,,,,,,,,,
rsg_object_detection,dropped_oldest,2848,rsg_20260806_187_654899999_002848,dropped,True,fifo_cached_frame,2339,271,0,2066,271,0,1,0.0,154.38507100043353,frame_fifo_full,,,,,,,,,,,,,,,,,,,,,,,,,,,,,,,,,,,,,,,,,,,,,,,,,,,,,,,,,,,,,,,,,,,,
rsg_object_detection,dropped_oldest,2849,rsg_20260806_187_704900000_002849,dropped,True,fifo_cached_frame,2340,271,0,2067,271,0,1,0.0,34.195358006400056,frame_fifo_full,,,,,,,,,,,,,,,,,,,,,,,,,,,,,,,,,,,,,,,,,,,,,,,,,,,,,,,,,,,,,,,,,,,,
rsg_object_detection,dropped_oldest,2850,rsg_20260806_187_804900000_002850,dropped,True,fifo_cached_frame,2341,271,0,2068,271,0,1,0.0,64.54597400443163,frame_fifo_full,,,,,,,,,,,,,,,,,,,,,,,,,,,,,,,,,,,,,,,,,,,,,,,,,,,,,,,,,,,,,,,,,,,,
rsg_object_detection,dropped_oldest,2851,rsg_20260806_187_854899999_002851,dropped,True,fifo_cached_frame,2342,271,0,2069,271,0,1,0.0,3.240143007133156,frame_fifo_full,,,,,,,,,,,,,,,,,,,,,,,,,,,,,,,,,,,,,,,,,,,,,,,,,,,,,,,,,,,,,,,,,,,,
rsg_object_detection,dropped_oldest,2852,rsg_20260806_187_904899999_002852,dropped,True,fifo_cached_frame,2343,271,0,2070,271,0,1,0.0,82.9565769963665,frame_fifo_full,,,,,,,,,,,,,,,,,,,,,,,,,,,,,,,,,,,,,,,,,,,,,,,,,,,,,,,,,,,,,,,,,,,,
rsg_object_detection,dropped_oldest,2853,rsg_20260806_187_954900000_002853,dropped,True,fifo_cached_frame,2344,271,0,2071,271,0,1,0.0,14.386727998498827,frame_fifo_full,,,,,,,,,,,,,,,,,,,,,,,,,,,,,,,,,,,,,,,,,,,,,,,,,,,,,,,,,,,,,,,,,,,,
rsg_object_detection,frame_trace,2841,rsg_20260806_187_254899999_002841,sent_to_hydra,,,,,,,,,,,745.1754530047765,ok,20.156561004114337,605.0025849981466,116.73344500013627,0.12582199997268617,116.60762300016358,0.0020479928934946656,5.582572994171642,0.21186900266911834,278.3439760096371,14.887743993313052,0.007775990525260568,293.45136499614455,129.98252495890483,19.023107015527785,3.554859009454958,80.10365901282057,26.62916702684015,111.07791399990674,93.85292499791831,3.941768009099178,29.69944413052872,41.920690826373175,10.873025879845954,10.37014799658209,3.078226000070572,3.723399990121834,1339.0,357.0,0.004191999323666096,0.01347200304735452,3.9363260293612257,0.581238986342214,0.33276302565354854,1.3312439987203106,0.5205039924476296,0.003968001692555845,247.7851389994612,6.319648993667215,0.14457300130743533,51.67192799854092,0.04735801485367119,12.218887990457006,11.52523499331437,0.11148699559271336,0.5821660015499219,7.30270599888172,0.6313190096989274,0.0036480050766840577,3.2808140094857663,8,0,8,0,0,,,,,,,,,,,,,,
rsg_object_detection,dropped_oldest,2855,rsg_20260806_188_054900000_002855,dropped,True,fifo_cached_frame,2346,272,0,2072,272,0,1,0.0,100.87166799348779,frame_fifo_full,,,,,,,,,,,,,,,,,,,,,,,,,,,,,,,,,,,,,,,,,,,,,,,,,,,,,,,,,,,,,,,,,,,,
rsg_object_detection,dropped_oldest,2856,rsg_20260806_188_154899999_002856,dropped,True,fifo_cached_frame,2347,272,0,2073,272,0,1,0.0,48.843106007552706,frame_fifo_full,,,,,,,,,,,,,,,,,,,,,,,,,,,,,,,,,,,,,,,,,,,,,,,,,,,,,,,,,,,,,,,,,,,,
rsg_object_detection,dropped_oldest,2857,rsg_20260806_188_204900000_002857,dropped,True,fifo_cached_frame,2348,272,0,2074,272,0,1,0.0,53.21388799347915,frame_fifo_full,,,,,,,,,,,,,,,,,,,,,,,,,,,,,,,,,,,,,,,,,,,,,,,,,,,,,,,,,,,,,,,,,,,,
rsg_object_detection,dropped_oldest,2858,rsg_20260806_188_254899999_002858,dropped,True,fifo_cached_frame,2349,272,0,2075,272,0,1,0.0,47.47183001018129,frame_fifo_full,,,,,,,,,,,,,,,,,,,,,,,,,,,,,,,,,,,,,,,,,,,,,,,,,,,,,,,,,,,,,,,,,,,,
rsg_object_detection,dropped_oldest,2859,rsg_20260806_188_304900000_002859,dropped,True,fifo_cached_frame,2350,272,0,2076,272,0,1,0.0,49.102045988547616,frame_fifo_full,,,,,,,,,,,,,,,,,,,,,,,,,,,,,,,,,,,,,,,,,,,,,,,,,,,,,,,,,,,,,,,,,,,,
rsg_object_detection,dropped_oldest,2860,rsg_20260806_188_354899999_002860,dropped,True,fifo_cached_frame,2351,272,0,2077,272,0,1,0.0,113.02121300832368,frame_fifo_full,,,,,,,,,,,,,,,,,,,,,,,,,,,,,,,,,,,,,,,,,,,,,,,,,,,,,,,,,,,,,,,,,,,,
rsg_object_detection,dropped_oldest,2861,rsg_20260806_188_454900000_002861,dropped,True,fifo_cached_frame,2352,272,0,2078,272,0,1,0.0,108.04730400559492,frame_fifo_full,,,,,,,,,,,,,,,,,,,,,,,,,,,,,,,,,,,,,,,,,,,,,,,,,,,,,,,,,,,,,,,,,,,,
rsg_object_detection,dropped_oldest,2862,rsg_20260806_188_554900000_002862,dropped,True,fifo_cached_frame,2353,272,0,2079,272,0,1,0.0,28.682352989562787,frame_fifo_full,,,,,,,,,,,,,,,,,,,,,,,,,,,,,,,,,,,,,,,,,,,,,,,,,,,,,,,,,,,,,,,,,,,,
rsg_object_detection,,913,rsg_20260806_64_854879999_000913,vlm_failed,,,,,,,,,,,,"{""label"":""unknown_object"",""label_confidence"":0.0,""mobility_class"":""unknown"",""mobility_confidence"":0.0}",,,,,,,,,,,,,,,,,,,,,,,,,,,,,,,,,,,,,,,,,,,,,,,,,,,,,,,rsg_obj_000075,rsg_unknown_rsg_20260806_64_854879999_000913_002_nanosam_005,,,2,0.4425494621569589,unknown_object,0.0,unknown,0.0,4756.263098999625,118453.78471299773,qwen_http,Qwen3-VL-8B-Instruct-GGUF
rsg_object_detection,completed,913,rsg_20260806_64_854879999_000913,,,,,,,,,,,113697.51995000115,,vlm_failed,,,,,,,,,,,,,,,,,,,,,,,,,,,,,,,,,,,,,,,,,,,,,,,,,,,,,,,rsg_obj_000075,rsg_unknown_rsg_20260806_64_854879999_000913_002_nanosam_005,96,300,2,0.4425494621569589,,,,,,,,
rsg_object_detection,frame_trace,2854,rsg_20260806_188_004899999_002854,sent_to_hydra,,,,,,,,,,,679.975282997475,ok,12.892543003545143,625.3125210059807,38.88527100207284,0.13795000268146396,38.74732099939138,0.0026240013539791107,2.9874430038034916,0.28870000096503645,299.13742300414015,26.146710995817557,0.008576011168770492,325.5814100120915,114.15965898777358,30.49701299460139,5.259986981400289,64.86878599389456,12.81433500116691,122.1743560017785,105.85933699621819,7.460153006832115,46.99238631292246,28.275063887122087,14.165346146910451,5.102035007439554,7.180020009400323,3.9799079968361184,1353.0,359.0,0.00601599458605051,0.013855009456165135,5.155986014869995,0.852882003528066,0.37951598642393947,1.4629219949711114,0.41295400296803564,0.004799992893822491,244.62189100449905,3.286029997980222,0.14911800099071115,48.6463410052238,0.04028798139188439,8.593086997279897,7.975112006533891,0.09180699998978525,0.5261679907562211,3.4489079989725724,0.8448199951089919,0.00572801218368113,2.8823239845223725,8,0,8,0,0,,,,,,,,,,,,,,
rsg_object_detection,dropped_oldest,2864,rsg_20260806_188_704900000_002864,dropped,True,fifo_cached_frame,2355,273,0,2080,273,0,1,0.0,32.379001000663266,frame_fifo_full,,,,,,,,,,,,,,,,,,,,,,,,,,,,,,,,,,,,,,,,,,,,,,,,,,,,,,,,,,,,,,,,,,,,
rsg_object_detection,dropped_oldest,2865,rsg_20260806_188_754899999_002865,dropped,True,fifo_cached_frame,2356,273,0,2081,273,0,1,0.0,43.80084600416012,frame_fifo_full,,,,,,,,,,,,,,,,,,,,,,,,,,,,,,,,,,,,,,,,,,,,,,,,,,,,,,,,,,,,,,,,,,,,
rsg_object_detection,dequeued,960,rsg_20260806_67_204880000_000960,,,,,,,,,,,117207.00626198959,,fifo_order,,,,,,,,,,,,,,,,,,,,,,,,,,,,,,,,,,,,,,,,,,,,,,,,,,,,,,,rsg_obj_000083,rsg_unknown_rsg_20260806_67_204880000_000960_004_nanosam_004,95,300,4,0.6943830474074373,,,,,,,,
rsg_object_detection,dropped_oldest,2866,rsg_20260806_188_804900000_002866,dropped,True,fifo_cached_frame,2357,273,0,2082,273,0,1,0.0,52.72999200678896,frame_fifo_full,,,,,,,,,,,,,,,,,,,,,,,,,,,,,,,,,,,,,,,,,,,,,,,,,,,,,,,,,,,,,,,,,,,,
rsg_object_detection,dropped_oldest,2867,rsg_20260806_188_854899999_002867,dropped,True,fifo_cached_frame,2358,273,0,2083,273,0,1,0.0,127.41702899802476,frame_fifo_full,,,,,,,,,,,,,,,,,,,,,,,,,,,,,,,,,,,,,,,,,,,,,,,,,,,,,,,,,,,,,,,,,,,,
rsg_object_detection,dropped_oldest,2868,rsg_20260806_188_954900000_002868,dropped,True,fifo_cached_frame,2359,273,0,2084,273,0,1,0.0,23.773723005433567,frame_fifo_full,,,,,,,,,,,,,,,,,,,,,,,,,,,,,,,,,,,,,,,,,,,,,,,,,,,,,,,,,,,,,,,,,,,,
rsg_object_detection,dropped_oldest,2869,rsg_20260806_189_004899999_002869,dropped,True,fifo_cached_frame,2360,273,0,2085,273,0,1,0.0,63.85929600219242,frame_fifo_full,,,,,,,,,,,,,,,,,,,,,,,,,,,,,,,,,,,,,,,,,,,,,,,,,,,,,,,,,,,,,,,,,,,,
rsg_object_detection,frame_trace,2863,rsg_20260806_188_604899999_002863,sent_to_hydra,,,,,,,,,,,476.4993010030594,ok,13.699089991860092,342.7351690042997,117.2544930013828,0.13420599862001836,117.12028700276278,0.004350993549451232,1.2915650004288182,0.17554900841787457,149.06643101130612,13.565941000706516,0.00707097933627665,162.8149919997668,31.186635009362362,16.092525998828933,2.847096009645611,4.4414029980544,7.30008099344559,84.7166780004045,70.95583000045735,5.260404854197986,23.995774099603295,22.159418251249008,10.552847670624033,3.691719990456477,5.785512999864295,4.211552994092926,1294.0,361.0,0.004607994924299419,0.016415011486969888,4.332992029958405,4.635801960830577,0.3860750002786517,1.3628909946419299,0.3748740127775818,0.004415996954776347,127.01796300825663,2.6838640042115003,0.12182199861854315,48.76141098793596,0.04355200508143753,9.21064599242527,8.578655004384927,0.10895800369326025,0.5230329843470827,3.7269839958753437,0.7541959930676967,0.007264010491780937,2.8061980119673535,8,0,8,0,0,,,,,,,,,,,,,,
rsg_object_detection,dropped_oldest,2871,rsg_20260806_189_104899999_002871,dropped,True,fifo_cached_frame,2362,274,0,2086,274,0,1,0.0,84.6857349970378,frame_fifo_full,,,,,,,,,,,,,,,,,,,,,,,,,,,,,,,,,,,,,,,,,,,,,,,,,,,,,,,,,,,,,,,,,,,,
rsg_object_detection,dropped_oldest,2872,rsg_20260806_189_204900000_002872,dropped,True,fifo_cached_frame,2363,274,0,2087,274,0,1,0.0,50.48890500620473,frame_fifo_full,,,,,,,,,,,,,,,,,,,,,,,,,,,,,,,,,,,,,,,,,,,,,,,,,,,,,,,,,,,,,,,,,,,,
rsg_object_detection,dropped_oldest,2873,rsg_20260806_189_254899999_002873,dropped,True,fifo_cached_frame,2364,274,0,2088,274,0,1,0.0,101.4890340011334,frame_fifo_full,,,,,,,,,,,,,,,,,,,,,,,,,,,,,,,,,,,,,,,,,,,,,,,,,,,,,,,,,,,,,,,,,,,,
rsg_object_detection,dropped_oldest,2874,rsg_20260806_189_354899999_002874,dropped,True,fifo_cached_frame,2365,274,0,2089,274,0,1,0.0,51.880212005926296,frame_fifo_full,,,,,,,,,,,,,,,,,,,,,,,,,,,,,,,,,,,,,,,,,,,,,,,,,,,,,,,,,,,,,,,,,,,,
rsg_object_detection,dropped_oldest,2875,rsg_20260806_189_404899999_002875,dropped,True,fifo_cached_frame,2366,274,0,2090,274,0,1,0.0,51.880980012356304,frame_fifo_full,,,,,,,,,,,,,,,,,,,,,,,,,,,,,,,,,,,,,,,,,,,,,,,,,,,,,,,,,,,,,,,,,,,,
rsg_object_detection,dropped_oldest,2876,rsg_20260806_189_454900000_002876,dropped,True,fifo_cached_frame,2367,274,0,2091,274,0,1,0.0,97.69706000224687,frame_fifo_full,,,,,,,,,,,,,,,,,,,,,,,,,,,,,,,,,,,,,,,,,,,,,,,,,,,,,,,,,,,,,,,,,,,,
rsg_object_detection,dropped_oldest,2877,rsg_20260806_189_504899999_002877,dropped,True,fifo_cached_frame,2368,274,0,2092,274,0,1,0.0,20.61549900099635,frame_fifo_full,,,,,,,,,,,,,,,,,,,,,,,,,,,,,,,,,,,,,,,,,,,,,,,,,,,,,,,,,,,,,,,,,,,,
rsg_object_detection,dropped_oldest,2878,rsg_20260806_189_554900000_002878,dropped,True,fifo_cached_frame,2369,274,0,2093,274,0,1,0.0,26.940042997011915,frame_fifo_full,,,,,,,,,,,,,,,,,,,,,,,,,,,,,,,,,,,,,,,,,,,,,,,,,,,,,,,,,,,,,,,,,,,,
rsg_object_detection,dropped_oldest,2879,rsg_20260806_189_604899999_002879,dropped,True,fifo_cached_frame,2370,274,0,2094,274,0,1,0.0,75.10815199930221,frame_fifo_full,,,,,,,,,,,,,,,,,,,,,,,,,,,,,,,,,,,,,,,,,,,,,,,,,,,,,,,,,,,,,,,,,,,,
rsg_object_detection,frame_trace,2870,rsg_20260806_189_054900000_002870,sent_to_hydra,,,,,,,,,,,617.3398739920231,ok,12.586882992764004,556.4786129980348,45.17736900015734,0.18473299860488623,44.992636001552455,0.0033910037018358707,4.827928001759574,0.38818700704723597,264.32969099550974,17.59067901002709,0.009247989510186017,282.31780500209425,97.36647398676723,28.847949011833407,4.766073005157523,38.051330993766896,24.938825983554125,110.77071899489965,94.69953700318001,7.832686591427773,33.69525814196095,24.709547957172617,19.832153600873426,4.701145997387357,7.188786999904551,4.107362998183817,1364.0,363.0,0.006463000318035483,0.017023980035446584,4.231871978845447,1.3685229932889342,0.3950340469600633,1.446986003429629,0.3581710043363273,0.005504000000655651,215.9600189916091,3.3033420040737838,0.13798200234305114,49.87620998872444,0.05532700743060559,8.510847997968085,7.8765209909761325,0.09465499897487462,0.539672008017078,3.3868940081447363,0.6847890035714954,0.004351983079686761,3.0936179973650724,8,0,8,0,0,,,,,,,,,,,,,,
rsg_object_detection,dropped_oldest,2881,rsg_20260806_189_754899999_002881,dropped,True,fifo_cached_frame,2372,275,0,2095,275,0,1,0.0,5.304624006384984,frame_fifo_full,,,,,,,,,,,,,,,,,,,,,,,,,,,,,,,,,,,,,,,,,,,,,,,,,,,,,,,,,,,,,,,,,,,,
rsg_object_detection,dropped_oldest,2882,rsg_20260806_189_804900000_002882,dropped,True,fifo_cached_frame,2373,275,0,2096,275,0,1,0.0,4.849846998695284,frame_fifo_full,,,,,,,,,,,,,,,,,,,,,,,,,,,,,,,,,,,,,,,,,,,,,,,,,,,,,,,,,,,,,,,,,,,,
rsg_object_detection,dropped_oldest,2883,rsg_20260806_189_954900000_002883,dropped,True,fifo_cached_frame,2374,275,0,2097,275,0,1,0.0,4.121282006963156,frame_fifo_full,,,,,,,,,,,,,,,,,,,,,,,,,,,,,,,,,,,,,,,,,,,,,,,,,,,,,,,,,,,,,,,,,,,,
rsg_object_detection,dropped_oldest,2884,rsg_20260806_190_004899999_002884,dropped,True,fifo_cached_frame,2375,275,0,2098,275,0,1,0.0,4.4803490018239245,frame_fifo_full,,,,,,,,,,,,,,,,,,,,,,,,,,,,,,,,,,,,,,,,,,,,,,,,,,,,,,,,,,,,,,,,,,,,
rsg_object_detection,dropped_oldest,2885,rsg_20260806_190_054900000_002885,dropped,True,fifo_cached_frame,2376,275,0,2099,275,0,1,0.0,42.41411499970127,frame_fifo_full,,,,,,,,,,,,,,,,,,,,,,,,,,,,,,,,,,,,,,,,,,,,,,,,,,,,,,,,,,,,,,,,,,,,
rsg_object_detection,dropped_oldest,2886,rsg_20260806_190_104899999_002886,dropped,True,fifo_cached_frame,2377,275,0,2100,275,0,1,0.0,91.20451701164711,frame_fifo_full,,,,,,,,,,,,,,,,,,,,,,,,,,,,,,,,,,,,,,,,,,,,,,,,,,,,,,,,,,,,,,,,,,,,
rsg_object_detection,dropped_oldest,2887,rsg_20260806_190_204900000_002887,dropped,True,fifo_cached_frame,2378,275,0,2101,275,0,1,0.0,49.98676800460089,frame_fifo_full,,,,,,,,,,,,,,,,,,,,,,,,,,,,,,,,,,,,,,,,,,,,,,,,,,,,,,,,,,,,,,,,,,,,
rsg_object_detection,dropped_oldest,2888,rsg_20260806_190_254899999_002888,dropped,True,fifo_cached_frame,2379,275,0,2102,275,0,1,0.0,47.184187002130784,frame_fifo_full,,,,,,,,,,,,,,,,,,,,,,,,,,,,,,,,,,,,,,,,,,,,,,,,,,,,,,,,,,,,,,,,,,,,
rsg_object_detection,dropped_oldest,2889,rsg_20260806_190_304900000_002889,dropped,True,fifo_cached_frame,2380,275,0,2103,275,0,1,0.0,159.9689569993643,frame_fifo_full,,,,,,,,,,,,,,,,,,,,,,,,,,,,,,,,,,,,,,,,,,,,,,,,,,,,,,,,,,,,,,,,,,,,
rsg_object_detection,dropped_oldest,2890,rsg_20260806_190_454900000_002890,dropped,True,fifo_cached_frame,2381,275,0,2104,275,0,1,0.0,59.1501829912886,frame_fifo_full,,,,,,,,,,,,,,,,,,,,,,,,,,,,,,,,,,,,,,,,,,,,,,,,,,,,,,,,,,,,,,,,,,,,
rsg_object_detection,dropped_oldest,2891,rsg_20260806_190_504899999_002891,dropped,True,fifo_cached_frame,2382,275,0,2105,275,0,1,0.0,75.78330898832064,frame_fifo_full,,,,,,,,,,,,,,,,,,,,,,,,,,,,,,,,,,,,,,,,,,,,,,,,,,,,,,,,,,,,,,,,,,,,
rsg_object_detection,dropped_oldest,2892,rsg_20260806_190_554900000_002892,dropped,True,fifo_cached_frame,2383,275,0,2106,275,0,1,0.0,3.848678999929689,frame_fifo_full,,,,,,,,,,,,,,,,,,,,,,,,,,,,,,,,,,,,,,,,,,,,,,,,,,,,,,,,,,,,,,,,,,,,
rsg_object_detection,frame_trace,2880,rsg_20260806_189_654899999_002880,sent_to_hydra,,,,,,,,,,,933.9292939985171,ok,16.272331995423883,535.1857179921353,374.0442670095945,0.1351020036963746,373.9091650058981,0.004832007107324898,9.94276299024932,4.15651299408637,294.7506749915192,15.315962009481154,0.007360009476542473,314.23051000456326,52.10760299814865,18.242958016344346,6.103043968323618,10.758045988040976,16.378730986616574,98.97592000197619,85.07670600374695,4.459736053831875,29.62093090172857,19.17708819382824,11.947766717639752,7.071477986755781,3.058738002437167,3.7171919975662604,1353.0,363.0,0.005023990524932742,0.015615994925610721,3.753925018827431,0.8585149771533906,0.3328280145069584,1.3360120065044612,0.3463949979050085,0.0050240050768479705,157.73430200351868,3.5366500087548047,0.16396600403822958,49.52303200843744,0.05449497257359326,12.138314006733708,11.468915996374562,0.10306999320164323,0.5663280171575025,3.4398840070934966,0.6893660029163584,0.004767978680320084,8.422144994256087,8,0,8,0,0,,,,,,,,,,,,,,
rsg_object_detection,frame_trace,2893,rsg_20260806_190_604899999_002893,sent_to_hydra,,,,,,,,,,,534.9239939969266,ok,9.571920003509149,480.632106991834,41.61210999882314,0.11001399252563715,41.502096006297506,0.002464003046043217,2.8957009926671162,0.20815699826925993,267.55118000437506,19.975314993644133,0.00793600338511169,287.74258799967356,59.375172000727616,17.2994189633755,4.666520995669998,24.946057004854083,11.90174199291505,73.52964700839948,62.334359012311324,4.28233684215229,19.839632732328027,19.166624013450928,11.94929302437231,3.630986000644043,3.2227030023932457,4.092514995136298,1591.0,363.0,0.004128000000491738,0.013247976312413812,3.204303022357635,0.5569199711317196,0.3170200070599094,1.1590549984248355,0.4316740087233484,0.005600013537332416,138.5996460012393,2.8845330089097843,0.18883000302594155,48.2711459917482,0.04966299457009882,4.788152000401169,4.143969010328874,0.10236700472887605,0.541815985343419,4.077378995134495,0.7015570008661598,0.004832007107324898,3.1053929997142404,8,0,7,0,0,,,,,,,,,,,,,,
rsg_object_detection,,960,rsg_20260806_67_204880000_000960,vlm_failed,,,,,,,,,,,,"{""label"":""unknown_object"",""label_confidence"":0.0,""mobility_class"":""unknown"",""mobility_confidence"":0.0}",,,,,,,,,,,,,,,,,,,,,,,,,,,,,,,,,,,,,,,,,,,,,,,,,,,,,,,rsg_obj_000083,rsg_unknown_rsg_20260806_67_204880000_000960_004_nanosam_004,,,4,0.6943830474074373,unknown_object,0.0,unknown,0.0,4905.6469070055755,122112.65601699415,qwen_http,Qwen3-VL-8B-Instruct-GGUF
rsg_object_detection,completed,960,rsg_20260806_67_204880000_000960,,,,,,,,,,,117207.00626198959,,vlm_failed,,,,,,,,,,,,,,,,,,,,,,,,,,,,,,,,,,,,,,,,,,,,,,,,,,,,,,,rsg_obj_000083,rsg_unknown_rsg_20260806_67_204880000_000960_004_nanosam_004,95,300,4,0.6943830474074373,,,,,,,,
rsg_object_detection,dequeued,984,rsg_20260806_68_604879999_000984,,,,,,,,,,,111316.27163599478,,fifo_order,,,,,,,,,,,,,,,,,,,,,,,,,,,,,,,,,,,,,,,,,,,,,,,,,,,,,,,rsg_obj_000094,rsg_unknown_rsg_20260806_68_604879999_000984_003_nanosam_004,94,300,2,0.7149934258088008,,,,,,,,
rsg_object_detection,,984,rsg_20260806_68_604879999_000984,vlm_failed,,,,,,,,,,,,"{""label"":""unknown_object"",""label_confidence"":0.0,""mobility_class"":""unknown"",""mobility_confidence"":0.0}",,,,,,,,,,,,,,,,,,,,,,,,,,,,,,,,,,,,,,,,,,,,,,,,,,,,,,,rsg_obj_000094,rsg_unknown_rsg_20260806_68_604879999_000984_003_nanosam_004,,,2,0.7149934258088008,unknown_object,0.0,unknown,0.0,5057.224447009503,116373.49803499819,qwen_http,Qwen3-VL-8B-Instruct-GGUF
rsg_object_detection,completed,984,rsg_20260806_68_604879999_000984,,,,,,,,,,,111316.27163599478,,vlm_failed,,,,,,,,,,,,,,,,,,,,,,,,,,,,,,,,,,,,,,,,,,,,,,,,,,,,,,,rsg_obj_000094,rsg_unknown_rsg_20260806_68_604879999_000984_003_nanosam_004,94,300,2,0.7149934258088008,,,,,,,,
rsg_object_detection,dequeued,1010,rsg_20260806_70_104879999_001010,,,,,,,,,,,116312.8284830018,,fifo_order,,,,,,,,,,,,,,,,,,,,,,,,,,,,,,,,,,,,,,,,,,,,,,,,,,,,,,,rsg_obj_000095,rsg_unknown_rsg_20260806_70_104879999_001010_004_nanosam_008,93,300,4,0.3901504492561496,,,,,,,,
rsg_object_detection,,1010,rsg_20260806_70_104879999_001010,vlm_done,,,,,,,,,,,,ok,,,,,,,,,,,,,,,,,,,,,,,,,,,,,,,,,,,,,,,,,,,,,,,,,,,,,,,rsg_obj_000095,rsg_unknown_rsg_20260806_70_104879999_001010_004_nanosam_008,,,4,0.3901504492561496,drawer,0.97,static,0.99,4227.694104993134,120540.52438000508,qwen_http,Qwen3-VL-8B-Instruct-GGUF
rsg_object_detection,completed,1010,rsg_20260806_70_104879999_001010,,,,,,,,,,,116312.8284830018,,vlm_done,,,,,,,,,,,,,,,,,,,,,,,,,,,,,,,,,,,,,,,,,,,,,,,,,,,,,,,rsg_obj_000095,rsg_unknown_rsg_20260806_70_104879999_001010_004_nanosam_008,93,300,4,0.3901504492561496,,,,,,,,
rsg_object_detection,dequeued,1054,rsg_20260806_72_454880000_001054,,,,,,,,,,,120431.32974200125,,fifo_order,,,,,,,,,,,,,,,,,,,,,,,,,,,,,,,,,,,,,,,,,,,,,,,,,,,,,,,rsg_obj_000097,rsg_unknown_rsg_20260806_72_454880000_001054_000_nanosam_003,92,300,6,0.6582503018163508,,,,,,,,
rsg_object_detection,,1054,rsg_20260806_72_454880000_001054,vlm_done,,,,,,,,,,,,ok,,,,,,,,,,,,,,,,,,,,,,,,,,,,,,,,,,,,,,,,,,,,,,,,,,,,,,,rsg_obj_000097,rsg_unknown_rsg_20260806_72_454880000_001054_000_nanosam_003,,,6,0.6582503018163508,ceiling_light,0.95,static,0.99,5355.889547994593,125787.22098599246,qwen_http,Qwen3-VL-8B-Instruct-GGUF
rsg_object_detection,completed,1054,rsg_20260806_72_454880000_001054,,,,,,,,,,,120431.32974200125,,vlm_done,,,,,,,,,,,,,,,,,,,,,,,,,,,,,,,,,,,,,,,,,,,,,,,,,,,,,,,rsg_obj_000097,rsg_unknown_rsg_20260806_72_454880000_001054_000_nanosam_003,92,300,6,0.6582503018163508,,,,,,,,
rsg_object_detection,dequeued,1293,rsg_20260806_86_554879999_001293,,,,,,,,,,,120848.56060199672,,fifo_order,,,,,,,,,,,,,,,,,,,,,,,,,,,,,,,,,,,,,,,,,,,,,,,,,,,,,,,rsg_obj_000103,rsg_unknown_rsg_20260806_86_554879999_001293_003_nanosam_004,91,300,8,0.4146922793512468,,,,,,,,
rsg_object_detection,,1293,rsg_20260806_86_554879999_001293,vlm_done,,,,,,,,,,,,ok,,,,,,,,,,,,,,,,,,,,,,,,,,,,,,,,,,,,,,,,,,,,,,,,,,,,,,,rsg_obj_000103,rsg_unknown_rsg_20260806_86_554879999_001293_003_nanosam_004,,,8,0.4146922793512468,door,0.97,static,0.99,4324.11332000629,125172.68476999016,qwen_http,Qwen3-VL-8B-Instruct-GGUF
rsg_object_detection,completed,1293,rsg_20260806_86_554879999_001293,,,,,,,,,,,120848.56060199672,,vlm_done,,,,,,,,,,,,,,,,,,,,,,,,,,,,,,,,,,,,,,,,,,,,,,,,,,,,,,,rsg_obj_000103,rsg_unknown_rsg_20260806_86_554879999_001293_003_nanosam_004,91,300,8,0.4146922793512468,,,,,,,,
rsg_object_detection,dequeued,1233,rsg_20260806_82_954880000_001233,,,,,,,,,,,125097.55210900039,,fifo_order,,,,,,,,,,,,,,,,,,,,,,,,,,,,,,,,,,,,,,,,,,,,,,,,,,,,,,,rsg_obj_000104,rsg_unknown_rsg_20260806_82_954880000_001233_000_nanosam_003,90,300,3,0.4332739782790309,,,,,,,,
rsg_object_detection,,1233,rsg_20260806_82_954880000_001233,vlm_failed,,,,,,,,,,,,"{""label"":""unknown_object"",""label_confidence"":0.0,""mobility_class"":""unknown"",""mobility_confidence"":0.0}",,,,,,,,,,,,,,,,,,,,,,,,,,,,,,,,,,,,,,,,,,,,,,,,,,,,,,,rsg_obj_000104,rsg_unknown_rsg_20260806_82_954880000_001233_000_nanosam_003,,,3,0.4332739782790309,unknown_object,0.0,unknown,0.0,4630.534198993701,129728.08829200221,qwen_http,Qwen3-VL-8B-Instruct-GGUF
rsg_object_detection,completed,1233,rsg_20260806_82_954880000_001233,,,,,,,,,,,125097.55210900039,,vlm_failed,,,,,,,,,,,,,,,,,,,,,,,,,,,,,,,,,,,,,,,,,,,,,,,,,,,,,,,rsg_obj_000104,rsg_unknown_rsg_20260806_82_954880000_001233_000_nanosam_003,90,300,3,0.4332739782790309,,,,,,,,
rsg_object_detection,dequeued,1259,rsg_20260806_84_454880000_001259,,,,,,,,,,,129603.37909898954,,fifo_order,,,,,,,,,,,,,,,,,,,,,,,,,,,,,,,,,,,,,,,,,,,,,,,,,,,,,,,rsg_obj_000106,rsg_unknown_rsg_20260806_84_454880000_001259_002_nanosam_008,89,300,6,0.7114197275581395,,,,,,,,
rsg_object_detection,,1259,rsg_20260806_84_454880000_001259,vlm_done,,,,,,,,,,,,ok,,,,,,,,,,,,,,,,,,,,,,,,,,,,,,,,,,,,,,,,,,,,,,,,,,,,,,,rsg_obj_000106,rsg_unknown_rsg_20260806_84_454880000_001259_002_nanosam_008,,,6,0.7114197275581395,floor,0.98,static,0.99,5338.138568011345,134941.51955499547,qwen_http,Qwen3-VL-8B-Instruct-GGUF
rsg_object_detection,completed,1259,rsg_20260806_84_454880000_001259,,,,,,,,,,,129603.37909898954,,vlm_done,,,,,,,,,,,,,,,,,,,,,,,,,,,,,,,,,,,,,,,,,,,,,,,,,,,,,,,rsg_obj_000106,rsg_unknown_rsg_20260806_84_454880000_001259_002_nanosam_008,89,300,6,0.7114197275581395,,,,,,,,
rsg_object_detection,dequeued,1268,rsg_20260806_85_054879999_001268,,,,,,,,,,,132045.00311800803,,fifo_order,,,,,,,,,,,,,,,,,,,,,,,,,,,,,,,,,,,,,,,,,,,,,,,,,,,,,,,rsg_obj_000119,rsg_unknown_rsg_20260806_85_054879999_001268_001_nanosam_003,88,300,1,0.3774873197278912,,,,,,,,
rsg_object_detection,,1268,rsg_20260806_85_054879999_001268,vlm_done,,,,,,,,,,,,ok,,,,,,,,,,,,,,,,,,,,,,,,,,,,,,,,,,,,,,,,,,,,,,,,,,,,,,,rsg_obj_000119,rsg_unknown_rsg_20260806_85_054879999_001268_001_nanosam_003,,,1,0.3774873197278912,office_chair,0.95,static,0.98,4302.631313999882,136347.63641600148,qwen_http,Qwen3-VL-8B-Instruct-GGUF
rsg_object_detection,completed,1268,rsg_20260806_85_054879999_001268,,,,,,,,,,,132045.00311800803,,vlm_done,,,,,,,,,,,,,,,,,,,,,,,,,,,,,,,,,,,,,,,,,,,,,,,,,,,,,,,rsg_obj_000119,rsg_unknown_rsg_20260806_85_054879999_001268_001_nanosam_003,88,300,1,0.3774873197278912,,,,,,,,
rsg_object_detection,dequeued,1341,rsg_20260806_89_304879999_001341,,,,,,,,,,,134975.3230530041,,fifo_order,,,,,,,,,,,,,,,,,,,,,,,,,,,,,,,,,,,,,,,,,,,,,,,,,,,,,,,rsg_obj_000123,rsg_unknown_rsg_20260806_89_304879999_001341_006_nanosam_003,87,300,6,0.7031258299796249,,,,,,,,
rsg_object_detection,,1341,rsg_20260806_89_304879999_001341,vlm_done,,,,,,,,,,,,ok,,,,,,,,,,,,,,,,,,,,,,,,,,,,,,,,,,,,,,,,,,,,,,,,,,,,,,,rsg_obj_000123,rsg_unknown_rsg_20260806_89_304879999_001341_006_nanosam_003,,,6,0.7031258299796249,air_vent,0.95,static,0.99,4919.1969859966775,139894.5217349974,qwen_http,Qwen3-VL-8B-Instruct-GGUF
rsg_object_detection,completed,1341,rsg_20260806_89_304879999_001341,,,,,,,,,,,134975.3230530041,,vlm_done,,,,,,,,,,,,,,,,,,,,,,,,,,,,,,,,,,,,,,,,,,,,,,,,,,,,,,,rsg_obj_000123,rsg_unknown_rsg_20260806_89_304879999_001341_006_nanosam_003,87,300,6,0.7031258299796249,,,,,,,,
rsg_object_detection,dequeued,1362,rsg_20260806_90_404880000_001362,,,,,,,,,,,138896.02100699267,,fifo_order,,,,,,,,,,,,,,,,,,,,,,,,,,,,,,,,,,,,,,,,,,,,,,,,,,,,,,,rsg_obj_000125,rsg_unknown_rsg_20260806_90_404880000_001362_003_nanosam_004,86,300,4,0.47457883802819845,,,,,,,,
