node,event,sequence,frame_id,status,timing_valid,timing_source,received_count,processed_count,failed_count,dropped_count,hydra_published_count,frame_fifo_size,frame_fifo_max_size,queue_wait_ms,total_delay_ms,reason,coordinator_delay_ms,classifier_delay_ms,sent_to_classifier_delay_ms,callback_enqueue_delay_ms,frame_queue_wait_ms,classifier_debug_record_delay_ms,image_conversion_delay_ms,sam_prepare_ms,sam_inference_ms,sam_restore_ms,sam_other_ms,sam_delay_ms,geometry_metadata_ms,geometry_mask_extract_ms,geometry_depth_gather_ms,geometry_projection_ms,geometry_stats_ms,frame_assignment_ms,assignment_candidate_search_ms,assignment_a2_redundancy_ms,assignment_a3_nested_ms,assignment_hungarian_ms,assignment_candidate_count_total,assignment_candidate_count_max,track_association_ms,crop_update_ms,run_rap_other_ms,active_segments_publish_ms,semantic_dispatch_ms,quality_deferred_release_ms,rap_delay_ms,label_map_delay_ms,metadata_delay_ms,result_message_build_delay_ms,classifier_other_ms,hydra_build_delay_ms,hydra_depth_filter_ms,hydra_metadata_build_ms,hydra_build_other_ms,hydra_publish_delay_ms,unknown_publish_delay_ms,coordinator_other_ms,pipeline_wait_ms,num_masks,num_known,num_unknown,num_unknown_tracks,num_vlm_queued,unknown_track_id,candidate_id,queue_size,queue_max_size,track_seen_count,best_frame_score,predicted_label,label_confidence,mobility_class,mobility_confidence,vlm_delay_ms,total_age_ms,backend,model
rsg_object_detection,dropped_oldest,2,rsg_20260806_12_104879999_000002,dropped,True,fifo_cached_frame,3,0,0,1,0,0,1,0.0,55.29834100161679,frame_fifo_full,,,,,,,,,,,,,,,,,,,,,,,,,,,,,,,,,,,,,,,,,,,,,,,,,,,,,,,,,,,,,,
rsg_object_detection,dropped_oldest,3,rsg_20260806_12_154880000_000003,dropped,True,fifo_cached_frame,4,0,0,2,0,0,1,0.0,48.94367999804672,frame_fifo_full,,,,,,,,,,,,,,,,,,,,,,,,,,,,,,,,,,,,,,,,,,,,,,,,,,,,,,,,,,,,,,
rsg_object_detection,dropped_oldest,4,rsg_20260806_12_204879999_000004,dropped,True,fifo_cached_frame,5,0,0,3,0,0,1,0.0,41.69926600297913,frame_fifo_full,,,,,,,,,,,,,,,,,,,,,,,,,,,,,,,,,,,,,,,,,,,,,,,,,,,,,,,,,,,,,,
rsg_object_detection,dropped_oldest,5,rsg_20260806_12_254880000_000005,dropped,True,fifo_cached_frame,6,0,0,4,0,0,1,0.0,49.24395099806134,frame_fifo_full,,,,,,,,,,,,,,,,,,,,,,,,,,,,,,,,,,,,,,,,,,,,,,,,,,,,,,,,,,,,,,
rsg_object_detection,dropped_oldest,6,rsg_20260806_12_304880000_000006,dropped,True,fifo_cached_frame,7,0,0,5,0,0,1,0.0,51.37296501197852,frame_fifo_full,,,,,,,,,,,,,,,,,,,,,,,,,,,,,,,,,,,,,,,,,,,,,,,,,,,,,,,,,,,,,,
rsg_object_detection,dropped_oldest,7,rsg_20260806_12_354879999_000007,dropped,True,fifo_cached_frame,8,0,0,6,0,0,1,0.0,51.493755003320985,frame_fifo_full,,,,,,,,,,,,,,,,,,,,,,,,,,,,,,,,,,,,,,,,,,,,,,,,,,,,,,,,,,,,,,
rsg_object_detection,dropped_oldest,8,rsg_20260806_12_404880000_000008,dropped,True,fifo_cached_frame,9,0,0,7,0,0,1,0.0,49.74902899994049,frame_fifo_full,,,,,,,,,,,,,,,,,,,,,,,,,,,,,,,,,,,,,,,,,,,,,,,,,,,,,,,,,,,,,,
rsg_object_detection,dropped_oldest,9,rsg_20260806_12_454879999_000009,dropped,True,fifo_cached_frame,10,0,0,8,0,0,1,0.0,50.522057004855014,frame_fifo_full,,,,,,,,,,,,,,,,,,,,,,,,,,,,,,,,,,,,,,,,,,,,,,,,,,,,,,,,,,,,,,
rsg_object_detection,dropped_oldest,10,rsg_20260806_12_504880000_000010,dropped,True,fifo_cached_frame,11,0,0,9,0,0,1,0.0,51.01232101151254,frame_fifo_full,,,,,,,,,,,,,,,,,,,,,,,,,,,,,,,,,,,,,,,,,,,,,,,,,,,,,,,,,,,,,,
rsg_object_detection,dropped_oldest,11,rsg_20260806_12_554880000_000011,dropped,True,fifo_cached_frame,12,0,0,10,0,0,1,0.0,55.80390700197313,frame_fifo_full,,,,,,,,,,,,,,,,,,,,,,,,,,,,,,,,,,,,,,,,,,,,,,,,,,,,,,,,,,,,,,
rsg_object_detection,dropped_oldest,12,rsg_20260806_12_604879999_000012,dropped,True,fifo_cached_frame,13,0,0,11,0,0,1,0.0,63.193911002599634,frame_fifo_full,,,,,,,,,,,,,,,,,,,,,,,,,,,,,,,,,,,,,,,,,,,,,,,,,,,,,,,,,,,,,,
rsg_object_detection,dropped_oldest,13,rsg_20260806_12_654880000_000013,dropped,True,fifo_cached_frame,14,0,0,12,0,0,1,0.0,30.027048007468693,frame_fifo_full,,,,,,,,,,,,,,,,,,,,,,,,,,,,,,,,,,,,,,,,,,,,,,,,,,,,,,,,,,,,,,
rsg_object_detection,frame_trace,1,rsg_20260806_12_054880000_000001,sent_to_hydra,,,,,,,,,,,635.6611629889812,ok,7.486379996407777,626.9045160006499,1.1078789975726977,0.14629198994953185,0.9615870076231658,0.0018869905034080148,5.7192560052499175,1.7164070013677701,435.21226399752777,35.161455991328694,0.00771101622376591,472.097838006448,105.29318198678084,19.190695995348506,10.573077990557067,58.98566902033053,15.952043017023243,10.923098001512699,1.1916179937543347,6.4023699960671365,2.997841002070345,0.29280899616423994,0.0,0.0,3.2240960135823116,21.396057010861114,0.37142499058973044,1.1693470005411655,0.053499010391533375,0.004255998646840453,142.45332700375002,2.8602520033018664,0.12367000454105437,3.620511997723952,0.029660979635082185,4.246445998433046,3.7407259951578453,0.08792900189291686,0.41779100138228387,2.6268939982401207,0.6083040061639622,0.004735993570648134,0.16050100384745747,8,0,8,0,0,,,,,,,,,,,,,,
rsg_object_detection,dropped_oldest,15,rsg_20260806_12_754880000_000015,dropped,True,fifo_cached_frame,16,1,0,13,1,0,1,0.0,40.17545600072481,frame_fifo_full,,,,,,,,,,,,,,,,,,,,,,,,,,,,,,,,,,,,,,,,,,,,,,,,,,,,,,,,,,,,,,
rsg_object_detection,dropped_oldest,16,rsg_20260806_12_804880000_000016,dropped,True,fifo_cached_frame,17,1,0,14,1,0,1,0.0,49.020542996004224,frame_fifo_full,,,,,,,,,,,,,,,,,,,,,,,,,,,,,,,,,,,,,,,,,,,,,,,,,,,,,,,,,,,,,,
rsg_object_detection,dropped_oldest,17,rsg_20260806_12_854879999_000017,dropped,True,fifo_cached_frame,18,1,0,15,1,0,1,0.0,51.37814799672924,frame_fifo_full,,,,,,,,,,,,,,,,,,,,,,,,,,,,,,,,,,,,,,,,,,,,,,,,,,,,,,,,,,,,,,
rsg_object_detection,dropped_oldest,18,rsg_20260806_12_904880000_000018,dropped,True,fifo_cached_frame,19,1,0,16,1,0,1,0.0,50.122376007493585,frame_fifo_full,,,,,,,,,,,,,,,,,,,,,,,,,,,,,,,,,,,,,,,,,,,,,,,,,,,,,,,,,,,,,,
rsg_object_detection,dropped_oldest,19,rsg_20260806_12_954879999_000019,dropped,True,fifo_cached_frame,20,1,0,17,1,0,1,0.0,82.87410400225781,frame_fifo_full,,,,,,,,,,,,,,,,,,,,,,,,,,,,,,,,,,,,,,,,,,,,,,,,,,,,,,,,,,,,,,
rsg_object_detection,dropped_oldest,20,rsg_20260806_13_004879999_000020,dropped,True,fifo_cached_frame,21,1,0,18,1,0,1,0.0,15.29519799805712,frame_fifo_full,,,,,,,,,,,,,,,,,,,,,,,,,,,,,,,,,,,,,,,,,,,,,,,,,,,,,,,,,,,,,,
rsg_object_detection,dropped_oldest,21,rsg_20260806_13_054880000_000021,dropped,True,fifo_cached_frame,22,1,0,19,2,0,1,0.0,76.72032200207468,frame_fifo_full,,,,,,,,,,,,,,,,,,,,,,,,,,,,,,,,,,,,,,,,,,,,,,,,,,,,,,,,,,,,,,
rsg_object_detection,frame_trace,14,rsg_20260806_12_704879999_000014,sent_to_hydra,,,,,,,,,,,418.52820401254576,ok,6.950966999283992,392.96476800518576,18.211574002634734,0.11615100083872676,18.095423001796007,0.002048007445409894,0.9158309985650703,0.1540039957035333,234.14173600031063,19.213286010199226,0.007423994247801602,253.5164500004612,88.17083202302456,21.507566008949652,8.489598010783084,29.76630302146077,27.729118985007517,28.936640010215342,12.874046005890705,8.08201200561598,7.448846998158842,0.4930159921059385,57.0,8.0,2.830558005371131,1.4598840061808005,0.33059995621442795,1.6135030018631369,0.03308500163257122,0.004032001015730202,123.39529299060814,3.483370994217694,0.13285399472806603,11.476877989480272,0.04409103712532669,4.480539995711297,3.9106960030039772,0.08879299275577068,0.4810509999515489,1.84206101403106,0.6245580007089302,0.003807988832704723,0.3988469979958609,8,0,8,0,0,,,,,,,,,,,,,,
rsg_object_detection,dropped_oldest,23,rsg_20260806_13_154880000_000023,dropped,True,fifo_cached_frame,24,2,0,20,2,0,1,0.0,40.98444800183643,frame_fifo_full,,,,,,,,,,,,,,,,,,,,,,,,,,,,,,,,,,,,,,,,,,,,,,,,,,,,,,,,,,,,,,
rsg_object_detection,dropped_oldest,24,rsg_20260806_13_204879999_000024,dropped,True,fifo_cached_frame,25,2,0,21,2,0,1,0.0,61.6047599905869,frame_fifo_full,,,,,,,,,,,,,,,,,,,,,,,,,,,,,,,,,,,,,,,,,,,,,,,,,,,,,,,,,,,,,,
rsg_object_detection,dropped_oldest,25,rsg_20260806_13_254880000_000025,dropped,True,fifo_cached_frame,26,2,0,22,2,0,1,0.0,40.62893000082113,frame_fifo_full,,,,,,,,,,,,,,,,,,,,,,,,,,,,,,,,,,,,,,,,,,,,,,,,,,,,,,,,,,,,,,
rsg_object_detection,dropped_oldest,26,rsg_20260806_13_304880000_000026,dropped,True,fifo_cached_frame,27,2,0,23,2,0,1,0.0,48.576009008684196,frame_fifo_full,,,,,,,,,,,,,,,,,,,,,,,,,,,,,,,,,,,,,,,,,,,,,,,,,,,,,,,,,,,,,,
rsg_object_detection,dropped_oldest,27,rsg_20260806_13_354879999_000027,dropped,True,fifo_cached_frame,28,2,0,24,2,0,1,0.0,65.11414999840781,frame_fifo_full,,,,,,,,,,,,,,,,,,,,,,,,,,,,,,,,,,,,,,,,,,,,,,,,,,,,,,,,,,,,,,
rsg_object_detection,dropped_oldest,28,rsg_20260806_13_404880000_000028,dropped,True,fifo_cached_frame,29,2,0,25,2,0,1,0.0,40.58259699377231,frame_fifo_full,,,,,,,,,,,,,,,,,,,,,,,,,,,,,,,,,,,,,,,,,,,,,,,,,,,,,,,,,,,,,,
rsg_object_detection,dropped_oldest,29,rsg_20260806_13_454879999_000029,dropped,True,fifo_cached_frame,30,2,0,26,2,0,1,0.0,47.7721050119726,frame_fifo_full,,,,,,,,,,,,,,,,,,,,,,,,,,,,,,,,,,,,,,,,,,,,,,,,,,,,,,,,,,,,,,
rsg_object_detection,frame_trace,22,rsg_20260806_13_104879999_000022,sent_to_hydra,,,,,,,,,,,389.71609898726456,ok,14.697647988214158,373.27996600652114,1.3619389937957749,0.13650099572259933,1.2254379980731755,0.0057919969549402595,1.2870969949290156,0.15435599198099226,206.03560100425966,27.279910995275714,0.006399000994861126,233.47626699251123,107.9037400049856,22.357390000252053,5.777108002803288,63.07424798433203,15.980008960468695,14.410597999813035,8.107771005597897,2.901977000874467,2.939029989647679,0.42675000440794975,58.0,8.0,2.832736005075276,1.2297260109335184,0.32733297848608345,1.3770740042673424,0.037820995203219354,0.0043199979700148106,128.14072299806867,2.93976700049825,0.1865130034275353,7.2111379995476454,0.038461017538793385,10.148792993277311,9.521258994936943,0.09372099884785712,0.5338129994925112,3.9111130026867613,0.6336460064630955,0.004095985786989331,0.37075400177855045,8,0,8,0,0,,,,,,,,,,,,,,
rsg_object_detection,dropped_oldest,31,rsg_20260806_13_554880000_000031,dropped,True,fifo_cached_frame,32,3,0,27,3,0,1,0.0,51.22050299542025,frame_fifo_full,,,,,,,,,,,,,,,,,,,,,,,,,,,,,,,,,,,,,,,,,,,,,,,,,,,,,,,,,,,,,,
rsg_object_detection,dropped_oldest,32,rsg_20260806_13_604879999_000032,dropped,True,fifo_cached_frame,33,3,0,28,3,0,1,0.0,49.70849600795191,frame_fifo_full,,,,,,,,,,,,,,,,,,,,,,,,,,,,,,,,,,,,,,,,,,,,,,,,,,,,,,,,,,,,,,
rsg_object_detection,dropped_oldest,33,rsg_20260806_13_654880000_000033,dropped,True,fifo_cached_frame,34,3,0,29,3,0,1,0.0,49.55292399972677,frame_fifo_full,,,,,,,,,,,,,,,,,,,,,,,,,,,,,,,,,,,,,,,,,,,,,,,,,,,,,,,,,,,,,,
rsg_object_detection,dropped_oldest,34,rsg_20260806_13_704879999_000034,dropped,True,fifo_cached_frame,35,3,0,30,3,0,1,0.0,52.29958500422072,frame_fifo_full,,,,,,,,,,,,,,,,,,,,,,,,,,,,,,,,,,,,,,,,,,,,,,,,,,,,,,,,,,,,,,
rsg_object_detection,dropped_oldest,35,rsg_20260806_13_754880000_000035,dropped,True,fifo_cached_frame,36,3,0,31,3,0,1,0.0,50.30211200937629,frame_fifo_full,,,,,,,,,,,,,,,,,,,,,,,,,,,,,,,,,,,,,,,,,,,,,,,,,,,,,,,,,,,,,,
rsg_object_detection,dropped_oldest,36,rsg_20260806_13_804880000_000036,dropped,True,fifo_cached_frame,37,3,0,32,3,0,1,0.0,74.76285500160884,frame_fifo_full,,,,,,,,,,,,,,,,,,,,,,,,,,,,,,,,,,,,,,,,,,,,,,,,,,,,,,,,,,,,,,
rsg_object_detection,dropped_oldest,37,rsg_20260806_13_854879999_000037,dropped,True,fifo_cached_frame,38,3,0,33,3,0,1,0.0,22.22693699877709,frame_fifo_full,,,,,,,,,,,,,,,,,,,,,,,,,,,,,,,,,,,,,,,,,,,,,,,,,,,,,,,,,,,,,,
rsg_object_detection,dropped_oldest,38,rsg_20260806_13_904880000_000038,dropped,True,fifo_cached_frame,39,3,0,34,3,0,1,0.0,53.90294599055778,frame_fifo_full,,,,,,,,,,,,,,,,,,,,,,,,,,,,,,,,,,,,,,,,,,,,,,,,,,,,,,,,,,,,,,
rsg_object_detection,frame_trace,30,rsg_20260806_13_504880000_000030,sent_to_hydra,,,,,,,,,,,472.0333120058058,ok,8.118138008285314,448.0021679919446,15.549643008853309,0.16350700752809644,15.386136001325212,0.0021759915398433805,1.1855379998451099,0.155699992319569,280.2617450070102,25.127729997620918,0.006943999323993921,305.55211899627466,86.4205509860767,29.39407803933136,8.249776990851387,28.131074010161683,19.98381999146659,35.17870600626338,19.657124998047948,7.454703998519108,6.405442996765487,1.6180149978026748,66.0,10.0,6.868255033623427,0.8040319953579456,0.38339396996889263,1.2032009981339797,0.030844996217638254,0.0036800047382712364,130.90818299679086,2.7111759991385043,0.1325650082435459,7.479726002202369,0.03286098944954574,4.3505979992914945,3.7913470005150884,0.091096997493878,0.46815400128252804,3.1278149981517345,0.635245000012219,0.0044800108298659325,0.36118700518272817,8,0,8,0,0,,,,,,,,,,,,,,
rsg_object_detection,dropped_oldest,40,rsg_20260806_14_004879999_000040,dropped,True,fifo_cached_frame,41,4,0,35,4,0,1,0.0,51.531391000025906,frame_fifo_full,,,,,,,,,,,,,,,,,,,,,,,,,,,,,,,,,,,,,,,,,,,,,,,,,,,,,,,,,,,,,,
rsg_object_detection,dropped_oldest,41,rsg_20260806_14_054880000_000041,dropped,True,fifo_cached_frame,42,4,0,36,4,0,1,0.0,54.21076099446509,frame_fifo_full,,,,,,,,,,,,,,,,,,,,,,,,,,,,,,,,,,,,,,,,,,,,,,,,,,,,,,,,,,,,,,
rsg_object_detection,dropped_oldest,42,rsg_20260806_14_104879999_000042,dropped,True,fifo_cached_frame,43,4,0,37,4,0,1,0.0,50.15351600013673,frame_fifo_full,,,,,,,,,,,,,,,,,,,,,,,,,,,,,,,,,,,,,,,,,,,,,,,,,,,,,,,,,,,,,,
rsg_object_detection,dropped_oldest,43,rsg_20260806_14_154880000_000043,dropped,True,fifo_cached_frame,44,4,0,38,4,0,1,0.0,50.71993501042016,frame_fifo_full,,,,,,,,,,,,,,,,,,,,,,,,,,,,,,,,,,,,,,,,,,,,,,,,,,,,,,,,,,,,,,
rsg_object_detection,dropped_oldest,44,rsg_20260806_14_204879999_000044,dropped,True,fifo_cached_frame,45,4,0,39,4,0,1,0.0,58.559088996844366,frame_fifo_full,,,,,,,,,,,,,,,,,,,,,,,,,,,,,,,,,,,,,,,,,,,,,,,,,,,,,,,,,,,,,,
rsg_object_detection,dropped_oldest,45,rsg_20260806_14_254880000_000045,dropped,True,fifo_cached_frame,46,4,0,40,4,0,1,0.0,40.64774900325574,frame_fifo_full,,,,,,,,,,,,,,,,,,,,,,,,,,,,,,,,,,,,,,,,,,,,,,,,,,,,,,,,,,,,,,
rsg_object_detection,dropped_oldest,46,rsg_20260806_14_304880000_000046,dropped,True,fifo_cached_frame,47,4,0,41,4,0,1,0.0,47.450152997043915,frame_fifo_full,,,,,,,,,,,,,,,,,,,,,,,,,,,,,,,,,,,,,,,,,,,,,,,,,,,,,,,,,,,,,,
rsg_object_detection,dropped_oldest,47,rsg_20260806_14_354879999_000047,dropped,True,fifo_cached_frame,48,4,0,42,4,0,1,0.0,79.57259399699979,frame_fifo_full,,,,,,,,,,,,,,,,,,,,,,,,,,,,,,,,,,,,,,,,,,,,,,,,,,,,,,,,,,,,,,
rsg_object_detection,frame_trace,39,rsg_20260806_13_954879999_000039,sent_to_hydra,,,,,,,,,,,489.0074090071721,ok,8.536730005289428,450.9712979925098,29.021595997619443,0.12968500959686935,28.891910988022573,0.0016640115063637495,0.9251749870600179,0.1563400001032278,290.40670199901797,23.875063998275436,0.006848000339232385,314.44495399773587,75.92520202160813,24.617308998131193,11.434740998083726,23.00387099967338,16.027879988541827,23.360640989267267,10.84515500406269,3.768883994780481,8.212532004108652,0.49103300261776894,69.0,10.0,2.9315750143723562,0.4750360094476491,0.4466849786695093,1.2154230062151328,0.035581004340201616,0.004287998308427632,104.40940600528847,10.814469002070837,0.16222700651269406,20.178621998638846,0.03644499520305544,4.124729006434791,3.7009539955761284,0.0872249947860837,0.33655001607257873,3.761077008675784,0.6460289878305048,0.004895002348348498,0.47612100024707615,8,0,8,0,0,,,,,,,,,,,,,,
rsg_object_detection,dropped_oldest,49,rsg_20260806_14_454879999_000049,dropped,True,fifo_cached_frame,50,5,0,43,5,0,1,0.0,48.04184900422115,frame_fifo_full,,,,,,,,,,,,,,,,,,,,,,,,,,,,,,,,,,,,,,,,,,,,,,,,,,,,,,,,,,,,,,
rsg_object_detection,dropped_oldest,50,rsg_20260806_14_504880000_000050,dropped,True,fifo_cached_frame,51,5,0,44,5,0,1,0.0,54.55173199879937,frame_fifo_full,,,,,,,,,,,,,,,,,,,,,,,,,,,,,,,,,,,,,,,,,,,,,,,,,,,,,,,,,,,,,,
rsg_object_detection,dropped_oldest,51,rsg_20260806_14_554880000_000051,dropped,True,fifo_cached_frame,52,5,0,45,5,0,1,0.0,48.682918000849895,frame_fifo_full,,,,,,,,,,,,,,,,,,,,,,,,,,,,,,,,,,,,,,,,,,,,,,,,,,,,,,,,,,,,,,
rsg_object_detection,dropped_oldest,52,rsg_20260806_14_604879999_000052,dropped,True,fifo_cached_frame,53,5,0,46,5,0,1,0.0,51.798542990582064,frame_fifo_full,,,,,,,,,,,,,,,,,,,,,,,,,,,,,,,,,,,,,,,,,,,,,,,,,,,,,,,,,,,,,,
rsg_object_detection,dropped_oldest,53,rsg_20260806_14_654880000_000053,dropped,True,fifo_cached_frame,54,5,0,47,5,0,1,0.0,49.3079250009032,frame_fifo_full,,,,,,,,,,,,,,,,,,,,,,,,,,,,,,,,,,,,,,,,,,,,,,,,,,,,,,,,,,,,,,
rsg_object_detection,dropped_oldest,54,rsg_20260806_14_704879999_000054,dropped,True,fifo_cached_frame,55,5,0,48,5,0,1,0.0,81.0367980011506,frame_fifo_full,,,,,,,,,,,,,,,,,,,,,,,,,,,,,,,,,,,,,,,,,,,,,,,,,,,,,,,,,,,,,,
rsg_object_detection,dropped_oldest,55,rsg_20260806_14_754880000_000055,dropped,True,fifo_cached_frame,56,5,0,49,5,0,1,0.0,46.63597799662966,frame_fifo_full,,,,,,,,,,,,,,,,,,,,,,,,,,,,,,,,,,,,,,,,,,,,,,,,,,,,,,,,,,,,,,
rsg_object_detection,dropped_oldest,56,rsg_20260806_14_804880000_000056,dropped,True,fifo_cached_frame,57,5,0,50,6,0,1,0.0,24.327763996552676,frame_fifo_full,,,,,,,,,,,,,,,,,,,,,,,,,,,,,,,,,,,,,,,,,,,,,,,,,,,,,,,,,,,,,,
rsg_object_detection,frame_trace,48,rsg_20260806_14_404880000_000048,sent_to_hydra,,,,,,,,,,,417.38817300938535,ok,20.991581011912785,379.8158279969357,15.89185900229495,0.13880500046070665,15.753054001834244,0.0058549921959638596,4.665293003199622,0.5426450079539791,237.3221489979187,25.489143998129293,0.008735994924791157,263.36267399892677,70.83412201609462,20.748495997395366,5.703550021280535,23.88754498679191,19.889782983227633,23.489143000915647,13.425493991235271,5.185027999687009,4.311209006118588,0.5260379984974861,77.0,11.0,3.0702529766131192,0.7210640033008531,0.31689900788478553,1.3494279992301017,0.032926007406786084,0.0038709986256435513,99.83412100700662,3.5806759988190606,0.13426099030766636,8.201749005820602,0.037053992855362594,15.294400989660062,14.411783995456062,0.39731299330014735,0.4853040009038523,5.049678991781548,0.6431170040741563,0.004384026397019625,0.6830500060459599,8,0,8,0,0,,,,,,,,,,,,,,
rsg_object_detection,dropped_oldest,58,rsg_20260806_14_904880000_000058,dropped,True,fifo_cached_frame,59,6,0,51,6,0,1,0.0,52.97915398841724,frame_fifo_full,,,,,,,,,,,,,,,,,,,,,,,,,,,,,,,,,,,,,,,,,,,,,,,,,,,,,,,,,,,,,,
rsg_object_detection,dropped_oldest,59,rsg_20260806_14_954879999_000059,dropped,True,fifo_cached_frame,60,6,0,52,6,0,1,0.0,52.316422006697394,frame_fifo_full,,,,,,,,,,,,,,,,,,,,,,,,,,,,,,,,,,,,,,,,,,,,,,,,,,,,,,,,,,,,,,
rsg_object_detection,dropped_oldest,60,rsg_20260806_15_004879999_000060,dropped,True,fifo_cached_frame,61,6,0,53,6,0,1,0.0,52.12462999043055,frame_fifo_full,,,,,,,,,,,,,,,,,,,,,,,,,,,,,,,,,,,,,,,,,,,,,,,,,,,,,,,,,,,,,,
rsg_object_detection,dropped_oldest,61,rsg_20260806_15_054880000_000061,dropped,True,fifo_cached_frame,62,6,0,54,6,0,1,0.0,53.981794000719674,frame_fifo_full,,,,,,,,,,,,,,,,,,,,,,,,,,,,,,,,,,,,,,,,,,,,,,,,,,,,,,,,,,,,,,
rsg_object_detection,dropped_oldest,62,rsg_20260806_15_104879999_000062,dropped,True,fifo_cached_frame,63,6,0,55,6,0,1,0.0,45.92784200212918,frame_fifo_full,,,,,,,,,,,,,,,,,,,,,,,,,,,,,,,,,,,,,,,,,,,,,,,,,,,,,,,,,,,,,,
rsg_object_detection,dropped_oldest,63,rsg_20260806_15_154880000_000063,dropped,True,fifo_cached_frame,64,6,0,56,6,0,1,0.0,49.10931699851062,frame_fifo_full,,,,,,,,,,,,,,,,,,,,,,,,,,,,,,,,,,,,,,,,,,,,,,,,,,,,,,,,,,,,,,
rsg_object_detection,dropped_oldest,64,rsg_20260806_15_204879999_000064,dropped,True,fifo_cached_frame,65,6,0,57,6,0,1,0.0,69.54462500289083,frame_fifo_full,,,,,,,,,,,,,,,,,,,,,,,,,,,,,,,,,,,,,,,,,,,,,,,,,,,,,,,,,,,,,,
rsg_object_detection,dropped_oldest,65,rsg_20260806_15_254880000_000065,dropped,True,fifo_cached_frame,66,6,0,58,6,0,1,0.0,44.32902998814825,frame_fifo_full,,,,,,,,,,,,,,,,,,,,,,,,,,,,,,,,,,,,,,,,,,,,,,,,,,,,,,,,,,,,,,
rsg_object_detection,frame_trace,57,rsg_20260806_14_854879999_000057,sent_to_hydra,,,,,,,,,,,473.04152300057467,ok,12.199575998238288,458.8790300040273,1.4715309953317046,0.14910800382494926,1.3224229915067554,0.0026240013539791107,1.324087003013119,0.15422800788655877,294.0136800025357,30.688828002894297,0.0073269911808893085,324.86406300449744,66.535963997012,27.37197099486366,7.669501981581561,15.934318013023585,14.944254973670468,38.87119100545533,22.117606000392698,13.216520004789345,2.984050996019505,0.5108070035930723,78.0,11.0,3.367539989994839,10.841155977686867,0.3799400292336941,1.4634999970439821,0.05570799112319946,0.0057589932112023234,121.53861299157143,2.9962419939693063,0.13714100350625813,7.979143992997706,0.039740014472045004,7.925162994069979,7.352824992267415,0.08085799345280975,0.4914800083497539,3.606049998779781,0.6636920006712899,0.004671004717238247,0.48876200162339956,8,0,8,0,0,,,,,,,,,,,,,,
rsg_object_detection,dropped_oldest,67,rsg_20260806_15_354879999_000067,dropped,True,fifo_cached_frame,68,7,0,59,7,0,1,0.0,43.88010500406381,frame_fifo_full,,,,,,,,,,,,,,,,,,,,,,,,,,,,,,,,,,,,,,,,,,,,,,,,,,,,,,,,,,,,,,
rsg_object_detection,dropped_oldest,68,rsg_20260806_15_404880000_000068,dropped,True,fifo_cached_frame,69,7,0,60,7,0,1,0.0,47.527816001093015,frame_fifo_full,,,,,,,,,,,,,,,,,,,,,,,,,,,,,,,,,,,,,,,,,,,,,,,,,,,,,,,,,,,,,,
rsg_object_detection,dropped_oldest,69,rsg_20260806_15_454879999_000069,dropped,True,fifo_cached_frame,70,7,0,61,7,0,1,0.0,42.40940599993337,frame_fifo_full,,,,,,,,,,,,,,,,,,,,,,,,,,,,,,,,,,,,,,,,,,,,,,,,,,,,,,,,,,,,,,
rsg_object_detection,dropped_oldest,70,rsg_20260806_15_504880000_000070,dropped,True,fifo_cached_frame,71,7,0,62,7,0,1,0.0,52.97202500514686,frame_fifo_full,,,,,,,,,,,,,,,,,,,,,,,,,,,,,,,,,,,,,,,,,,,,,,,,,,,,,,,,,,,,,,
rsg_object_detection,dropped_oldest,71,rsg_20260806_15_554880000_000071,dropped,True,fifo_cached_frame,72,7,0,63,7,0,1,0.0,49.43176099914126,frame_fifo_full,,,,,,,,,,,,,,,,,,,,,,,,,,,,,,,,,,,,,,,,,,,,,,,,,,,,,,,,,,,,,,
rsg_object_detection,dropped_oldest,72,rsg_20260806_15_604879999_000072,dropped,True,fifo_cached_frame,73,7,0,64,7,0,1,0.0,59.753886991529725,frame_fifo_full,,,,,,,,,,,,,,,,,,,,,,,,,,,,,,,,,,,,,,,,,,,,,,,,,,,,,,,,,,,,,,
rsg_object_detection,dropped_oldest,73,rsg_20260806_15_654880000_000073,dropped,True,fifo_cached_frame,74,7,0,65,7,0,1,0.0,58.83264799194876,frame_fifo_full,,,,,,,,,,,,,,,,,,,,,,,,,,,,,,,,,,,,,,,,,,,,,,,,,,,,,,,,,,,,,,
rsg_object_detection,frame_trace,66,rsg_20260806_15_304880000_000066,sent_to_hydra,,,,,,,,,,,422.80699299590196,ok,8.301549009047449,400.68586700363085,13.333566996152513,0.1437319879187271,13.189835008233786,0.0031999952625483274,0.9377180103911087,0.16149099974427372,243.56606700166594,20.34830600314308,0.006239992217160761,264.08210399677046,77.60744700499345,28.17290100210812,5.352760010282509,30.34588303125929,13.11467400228139,26.541543993516825,11.684737997711636,6.242928997380659,5.2553589921444654,3.3167929941555485,77.0,11.0,2.9276089917402714,0.6605870294151828,0.31383096938952804,16.371502002584748,0.044540996896103024,0.003967012162320316,124.48670699086506,3.1524859950877726,0.13771699741482735,7.8491699969163164,0.03996501618530601,4.266252988600172,3.7063630006741732,0.0912569958018139,0.46863299212418497,3.3898440015036613,0.6404940068023279,0.004958012141287327,0.4828099918086082,8,0,8,0,0,,,,,,,,,,,,,,
rsg_object_detection,dropped_oldest,75,rsg_20260806_15_754880000_000075,dropped,True,fifo_cached_frame,76,8,0,66,8,0,1,0.0,59.671526003512554,frame_fifo_full,,,,,,,,,,,,,,,,,,,,,,,,,,,,,,,,,,,,,,,,,,,,,,,,,,,,,,,,,,,,,,
rsg_object_detection,dropped_oldest,76,rsg_20260806_15_804880000_000076,dropped,True,fifo_cached_frame,77,8,0,67,8,0,1,0.0,41.757968996535055,frame_fifo_full,,,,,,,,,,,,,,,,,,,,,,,,,,,,,,,,,,,,,,,,,,,,,,,,,,,,,,,,,,,,,,
rsg_object_detection,dropped_oldest,77,rsg_20260806_15_854879999_000077,dropped,True,fifo_cached_frame,78,8,0,68,8,0,1,0.0,52.35908100439701,frame_fifo_full,,,,,,,,,,,,,,,,,,,,,,,,,,,,,,,,,,,,,,,,,,,,,,,,,,,,,,,,,,,,,,
rsg_object_detection,dropped_oldest,78,rsg_20260806_15_904880000_000078,dropped,True,fifo_cached_frame,79,8,0,69,8,0,1,0.0,59.42712900287006,frame_fifo_full,,,,,,,,,,,,,,,,,,,,,,,,,,,,,,,,,,,,,,,,,,,,,,,,,,,,,,,,,,,,,,
rsg_object_detection,dropped_oldest,79,rsg_20260806_15_954879999_000079,dropped,True,fifo_cached_frame,80,8,0,70,8,0,1,0.0,42.29994300112594,frame_fifo_full,,,,,,,,,,,,,,,,,,,,,,,,,,,,,,,,,,,,,,,,,,,,,,,,,,,,,,,,,,,,,,
rsg_object_detection,dropped_oldest,80,rsg_20260806_16_004879999_000080,dropped,True,fifo_cached_frame,81,8,0,71,8,0,1,0.0,51.18944600690156,frame_fifo_full,,,,,,,,,,,,,,,,,,,,,,,,,,,,,,,,,,,,,,,,,,,,,,,,,,,,,,,,,,,,,,
rsg_object_detection,dropped_oldest,81,rsg_20260806_16_054880000_000081,dropped,True,fifo_cached_frame,82,8,0,72,8,0,1,0.0,47.97066199535038,frame_fifo_full,,,,,,,,,,,,,,,,,,,,,,,,,,,,,,,,,,,,,,,,,,,,,,,,,,,,,,,,,,,,,,
rsg_object_detection,frame_trace,74,rsg_20260806_15_704879999_000074,sent_to_hydra,,,,,,,,,,,404.64321798936,ok,20.815373994992115,353.75953900802415,26.609506996464916,0.13541399675887078,26.474092999706045,3.068076999625191,3.9917160029290244,0.1741310115903616,234.21823300304823,20.786640990991145,0.005852998583577573,255.1848580042133,62.12086696177721,15.550701995380223,3.870828979415819,31.1445389961591,11.042739017284475,15.726849000202492,9.270337002817541,3.0632770067313686,2.9088570008752868,0.4502689989749342,77.0,11.0,2.7499900315888226,0.38611497438978404,0.2740570198511705,1.2744910054607317,0.03260599623899907,0.004670990165323019,82.58426901011262,3.9874280046205968,0.13042199134361,7.84510700032115,0.035738994483835995,16.633496998110786,16.154975004610606,0.08850499580148607,0.39001699769869447,3.556326002581045,0.621423008851707,0.00412798544857651,0.3907209902536124,8,0,8,0,0,,,,,,,,,,,,,,
rsg_object_detection,dropped_oldest,83,rsg_20260806_16_154879999_000083,dropped,True,fifo_cached_frame,84,9,0,73,9,0,1,0.0,49.424209995777346,frame_fifo_full,,,,,,,,,,,,,,,,,,,,,,,,,,,,,,,,,,,,,,,,,,,,,,,,,,,,,,,,,,,,,,
rsg_object_detection,dropped_oldest,84,rsg_20260806_16_204879999_000084,dropped,True,fifo_cached_frame,85,9,0,74,9,0,1,0.0,51.46084900479764,frame_fifo_full,,,,,,,,,,,,,,,,,,,,,,,,,,,,,,,,,,,,,,,,,,,,,,,,,,,,,,,,,,,,,,
rsg_object_detection,dropped_oldest,85,rsg_20260806_16_254880000_000085,dropped,True,fifo_cached_frame,86,9,0,75,9,0,1,0.0,62.09169300564099,frame_fifo_full,,,,,,,,,,,,,,,,,,,,,,,,,,,,,,,,,,,,,,,,,,,,,,,,,,,,,,,,,,,,,,
rsg_object_detection,dropped_oldest,86,rsg_20260806_16_304880000_000086,dropped,True,fifo_cached_frame,87,9,0,76,9,0,1,0.0,40.93436000403017,frame_fifo_full,,,,,,,,,,,,,,,,,,,,,,,,,,,,,,,,,,,,,,,,,,,,,,,,,,,,,,,,,,,,,,
rsg_object_detection,dropped_oldest,87,rsg_20260806_16_354880000_000087,dropped,True,fifo_cached_frame,88,9,0,77,9,0,1,0.0,50.33070399076678,frame_fifo_full,,,,,,,,,,,,,,,,,,,,,,,,,,,,,,,,,,,,,,,,,,,,,,,,,,,,,,,,,,,,,,
rsg_object_detection,dropped_oldest,88,rsg_20260806_16_404879999_000088,dropped,True,fifo_cached_frame,89,9,0,78,9,0,1,0.0,49.820312997326255,frame_fifo_full,,,,,,,,,,,,,,,,,,,,,,,,,,,,,,,,,,,,,,,,,,,,,,,,,,,,,,,,,,,,,,
rsg_object_detection,dropped_oldest,89,rsg_20260806_16_454879999_000089,dropped,True,fifo_cached_frame,90,9,0,79,9,0,1,0.0,58.099273999687284,frame_fifo_full,,,,,,,,,,,,,,,,,,,,,,,,,,,,,,,,,,,,,,,,,,,,,,,,,,,,,,,,,,,,,,
rsg_object_detection,frame_trace,82,rsg_20260806_16_104880000_000082,sent_to_hydra,,,,,,,,,,,455.4902970121475,ok,17.761987008270808,411.5815819968702,25.632496006437577,0.13429400860331953,25.498201997834258,0.00572801218368113,0.9316389914602041,0.14251700486056507,280.11022999999113,22.383061004802585,0.006941991159692407,302.642750000814,64.91447702865116,19.35261102335062,10.66664097015746,20.068138983333483,14.06612001301255,22.885293001309037,11.515185004100204,7.3013420042116195,3.3721810032147914,0.6550200050696731,77.0,11.0,3.673405008157715,0.9028399654198438,0.5213679978623986,2.417728988802992,0.04194899520371109,0.0045439956011250615,95.37670700228773,2.9379430052358657,0.11807099508587271,9.53460500750225,0.039866994484327734,13.679398005479015,13.113746012095362,0.09349599713459611,0.47215599624905735,3.4374880051473156,0.6407500040950254,0.004350993549451232,0.5085039883852005,8,0,8,0,0,,,,,,,,,,,,,,
rsg_object_detection,dropped_oldest,90,rsg_20260806_16_504880000_000090,dropped,True,fifo_cached_frame,91,10,0,80,10,0,1,0.0,53.906836998066865,frame_fifo_full,,,,,,,,,,,,,,,,,,,,,,,,,,,,,,,,,,,,,,,,,,,,,,,,,,,,,,,,,,,,,,
rsg_object_detection,dropped_oldest,92,rsg_20260806_16_604880000_000092,dropped,True,fifo_cached_frame,93,10,0,81,10,0,1,0.0,38.56229099619668,frame_fifo_full,,,,,,,,,,,,,,,,,,,,,,,,,,,,,,,,,,,,,,,,,,,,,,,,,,,,,,,,,,,,,,
rsg_object_detection,dropped_oldest,93,rsg_20260806_16_654879999_000093,dropped,True,fifo_cached_frame,94,10,0,82,10,0,1,0.0,61.02156999986619,frame_fifo_full,,,,,,,,,,,,,,,,,,,,,,,,,,,,,,,,,,,,,,,,,,,,,,,,,,,,,,,,,,,,,,
rsg_object_detection,dropped_oldest,94,rsg_20260806_16_704879999_000094,dropped,True,fifo_cached_frame,95,10,0,83,10,0,1,0.0,40.339462997508235,frame_fifo_full,,,,,,,,,,,,,,,,,,,,,,,,,,,,,,,,,,,,,,,,,,,,,,,,,,,,,,,,,,,,,,
rsg_object_detection,dropped_oldest,95,rsg_20260806_16_754880000_000095,dropped,True,fifo_cached_frame,96,10,0,84,10,0,1,0.0,59.77261299267411,frame_fifo_full,,,,,,,,,,,,,,,,,,,,,,,,,,,,,,,,,,,,,,,,,,,,,,,,,,,,,,,,,,,,,,
rsg_object_detection,dropped_oldest,96,rsg_20260806_16_804880000_000096,dropped,True,fifo_cached_frame,97,10,0,85,10,0,1,0.0,42.98952501267195,frame_fifo_full,,,,,,,,,,,,,,,,,,,,,,,,,,,,,,,,,,,,,,,,,,,,,,,,,,,,,,,,,,,,,,
rsg_object_detection,dropped_oldest,97,rsg_20260806_16_854880000_000097,dropped,True,fifo_cached_frame,98,10,0,86,10,0,1,0.0,46.64661199785769,frame_fifo_full,,,,,,,,,,,,,,,,,,,,,,,,,,,,,,,,,,,,,,,,,,,,,,,,,,,,,,,,,,,,,,
rsg_object_detection,dropped_oldest,98,rsg_20260806_16_904879999_000098,dropped,True,fifo_cached_frame,99,10,0,87,10,0,1,0.0,55.15259399544448,frame_fifo_full,,,,,,,,,,,,,,,,,,,,,,,,,,,,,,,,,,,,,,,,,,,,,,,,,,,,,,,,,,,,,,
rsg_object_detection,dropped_oldest,99,rsg_20260806_16_954879999_000099,dropped,True,fifo_cached_frame,100,10,0,88,10,0,1,0.0,54.341810013283975,frame_fifo_full,,,,,,,,,,,,,,,,,,,,,,,,,,,,,,,,,,,,,,,,,,,,,,,,,,,,,,,,,,,,,,
rsg_object_detection,frame_trace,91,rsg_20260806_16_554880000_000091,sent_to_hydra,,,,,,,,,,,463.66329900047276,ok,8.207382998079993,454.1093669977272,0.9614279988454655,0.12789400352630764,0.8335339953191578,0.0019840081222355366,1.278363008168526,0.15995500143617392,304.1534289950505,22.050957995816134,0.0063680054154247046,326.3707099977182,67.20392701390665,20.34306099812966,4.353127995273098,25.021378009114414,16.884006006876007,33.64479201263748,19.96757100278046,6.418019998818636,6.719436001731083,0.5017840012442321,77.0,11.0,7.6740800141124055,0.43740398541558534,0.31613897590432316,3.2207369949901477,0.043356994865462184,0.004191999323666096,112.56043400499038,6.040833992301486,0.140436997753568,7.681792005314492,0.03679699148051441,4.174870002316311,3.6670690024038777,0.08738500764593482,0.4204159922664985,3.3633180137258023,0.6643959932262078,0.004798988811671734,0.3831369976978749,8,0,8,0,0,,,,,,,,,,,,,,
rsg_object_detection,dropped_oldest,101,rsg_20260806_17_054880000_000101,dropped,True,fifo_cached_frame,102,11,0,89,11,0,1,0.0,55.22897200717125,frame_fifo_full,,,,,,,,,,,,,,,,,,,,,,,,,,,,,,,,,,,,,,,,,,,,,,,,,,,,,,,,,,,,,,
rsg_object_detection,dropped_oldest,102,rsg_20260806_17_104880000_000102,dropped,True,fifo_cached_frame,103,11,0,90,11,0,1,0.0,46.72801301057916,frame_fifo_full,,,,,,,,,,,,,,,,,,,,,,,,,,,,,,,,,,,,,,,,,,,,,,,,,,,,,,,,,,,,,,
rsg_object_detection,dropped_oldest,103,rsg_20260806_17_154879999_000103,dropped,True,fifo_cached_frame,104,11,0,91,11,0,1,0.0,61.70257199846674,frame_fifo_full,,,,,,,,,,,,,,,,,,,,,,,,,,,,,,,,,,,,,,,,,,,,,,,,,,,,,,,,,,,,,,
rsg_object_detection,dropped_oldest,104,rsg_20260806_17_204879999_000104,dropped,True,fifo_cached_frame,105,11,0,92,11,0,1,0.0,49.821178006823175,frame_fifo_full,,,,,,,,,,,,,,,,,,,,,,,,,,,,,,,,,,,,,,,,,,,,,,,,,,,,,,,,,,,,,,
rsg_object_detection,dropped_oldest,105,rsg_20260806_17_254880000_000105,dropped,True,fifo_cached_frame,106,11,0,93,11,0,1,0.0,40.55778699694201,frame_fifo_full,,,,,,,,,,,,,,,,,,,,,,,,,,,,,,,,,,,,,,,,,,,,,,,,,,,,,,,,,,,,,,
rsg_object_detection,dropped_oldest,106,rsg_20260806_17_304880000_000106,dropped,True,fifo_cached_frame,107,11,0,94,11,0,1,0.0,59.090112990816124,frame_fifo_full,,,,,,,,,,,,,,,,,,,,,,,,,,,,,,,,,,,,,,,,,,,,,,,,,,,,,,,,,,,,,,
rsg_object_detection,frame_trace,100,rsg_20260806_17_004879999_000100,sent_to_hydra,,,,,,,,,,,382.47393499477766,ok,8.982490006019361,348.5246839991305,24.3060759967193,0.12127099034842104,24.18480500637088,0.003230990841984749,0.9231909934896976,0.14392500452231616,237.93972899147775,14.937316009309143,0.005919006071053445,253.02688901138026,57.231956016039476,17.340676989988424,4.187154976534657,22.622245000093244,12.46102996810805,20.14269599749241,9.676098998170346,3.4015549899777398,6.506429999717511,0.5215590063016862,77.0,11.0,3.3867080346681178,0.6351189804263413,0.3299579693702981,1.3529809948522598,0.041821011109277606,0.004511995939537883,83.14162099850364,2.9528230079449713,0.13486899842973799,8.30491200031247,0.04037898906972259,4.234576990711503,3.687772012199275,0.0875129917403683,0.45929198677185923,4.094587988220155,0.6492289976449683,0.004096029442735016,0.6574540020665154,8,0,8,0,0,,,,,,,,,,,,,,
rsg_object_detection,dropped_oldest,108,rsg_20260806_17_404879999_000108,dropped,True,fifo_cached_frame,109,12,0,95,12,0,1,0.0,7.813941992935725,frame_fifo_full,,,,,,,,,,,,,,,,,,,,,,,,,,,,,,,,,,,,,,,,,,,,,,,,,,,,,,,,,,,,,,
rsg_object_detection,dropped_oldest,109,rsg_20260806_17_454879999_000109,dropped,True,fifo_cached_frame,110,12,0,96,12,0,1,0.0,33.879722002893686,frame_fifo_full,,,,,,,,,,,,,,,,,,,,,,,,,,,,,,,,,,,,,,,,,,,,,,,,,,,,,,,,,,,,,,
rsg_object_detection,dropped_oldest,110,rsg_20260806_17_504880000_000110,dropped,True,fifo_cached_frame,111,12,0,97,12,0,1,0.0,58.11860699031968,frame_fifo_full,,,,,,,,,,,,,,,,,,,,,,,,,,,,,,,,,,,,,,,,,,,,,,,,,,,,,,,,,,,,,,
rsg_object_detection,dropped_oldest,111,rsg_20260806_17_554880000_000111,dropped,True,fifo_cached_frame,112,12,0,98,12,0,1,0.0,42.16882699984126,frame_fifo_full,,,,,,,,,,,,,,,,,,,,,,,,,,,,,,,,,,,,,,,,,,,,,,,,,,,,,,,,,,,,,,
rsg_object_detection,dropped_oldest,112,rsg_20260806_17_604880000_000112,dropped,True,fifo_cached_frame,113,12,0,99,12,0,1,0.0,51.016864003031515,frame_fifo_full,,,,,,,,,,,,,,,,,,,,,,,,,,,,,,,,,,,,,,,,,,,,,,,,,,,,,,,,,,,,,,
rsg_object_detection,dropped_oldest,113,rsg_20260806_17_654879999_000113,dropped,True,fifo_cached_frame,114,12,0,100,12,0,1,0.0,52.21446498762816,frame_fifo_full,,,,,,,,,,,,,,,,,,,,,,,,,,,,,,,,,,,,,,,,,,,,,,,,,,,,,,,,,,,,,,
rsg_object_detection,dropped_oldest,114,rsg_20260806_17_704879999_000114,dropped,True,fifo_cached_frame,115,12,0,101,12,0,1,0.0,58.817271012230776,frame_fifo_full,,,,,,,,,,,,,,,,,,,,,,,,,,,,,,,,,,,,,,,,,,,,,,,,,,,,,,,,,,,,,,
rsg_object_detection,dropped_oldest,115,rsg_20260806_17_754880000_000115,dropped,True,fifo_cached_frame,116,12,0,102,12,0,1,0.0,60.714498002198525,frame_fifo_full,,,,,,,,,,,,,,,,,,,,,,,,,,,,,,,,,,,,,,,,,,,,,,,,,,,,,,,,,,,,,,
rsg_object_detection,frame_trace,107,rsg_20260806_17_354880000_000107,sent_to_hydra,,,,,,,,,,,471.13646000798326,ok,9.10929600649979,426.24765599612147,35.247934007202275,0.166705998708494,35.08122800849378,0.0019830040400847793,3.0503190064337105,0.16149099974427372,268.772102004732,23.321901011513546,0.005822992534376681,292.2613170085242,79.59623898204882,25.187865016050637,4.4925710099050775,36.40720297698863,12.882631985121407,16.380273998947814,9.582411003066227,3.1330640049418435,3.098539003985934,0.5244060012046248,77.0,11.0,5.862994003109634,0.47740101581439376,0.3274280024925247,1.4335830055642873,0.6907299975864589,0.004478992195799947,104.7883900027955,5.3096929914318025,0.1294289977522567,20.673662002081983,0.03484598710201681,4.940345999784768,4.504892000113614,0.09061700257007033,0.3448369971010834,3.350358994794078,0.8144629973685369,0.004128014552406967,0.5295909941196442,8,0,8,0,0,,,,,,,,,,,,,,
rsg_object_detection,dropped_oldest,117,rsg_20260806_17_854880000_000117,dropped,True,fifo_cached_frame,118,13,0,103,13,0,1,0.0,45.82162700535264,frame_fifo_full,,,,,,,,,,,,,,,,,,,,,,,,,,,,,,,,,,,,,,,,,,,,,,,,,,,,,,,,,,,,,,
rsg_object_detection,dropped_oldest,118,rsg_20260806_17_904879999_000118,dropped,True,fifo_cached_frame,119,13,0,104,13,0,1,0.0,51.539063002564944,frame_fifo_full,,,,,,,,,,,,,,,,,,,,,,,,,,,,,,,,,,,,,,,,,,,,,,,,,,,,,,,,,,,,,,
rsg_object_detection,dropped_oldest,119,rsg_20260806_17_954879999_000119,dropped,True,fifo_cached_frame,120,13,0,105,13,0,1,0.0,53.179381997324526,frame_fifo_full,,,,,,,,,,,,,,,,,,,,,,,,,,,,,,,,,,,,,,,,,,,,,,,,,,,,,,,,,,,,,,
rsg_object_detection,dropped_oldest,120,rsg_20260806_18_004879999_000120,dropped,True,fifo_cached_frame,121,13,0,106,13,0,1,0.0,48.54246698960196,frame_fifo_full,,,,,,,,,,,,,,,,,,,,,,,,,,,,,,,,,,,,,,,,,,,,,,,,,,,,,,,,,,,,,,
rsg_object_detection,dropped_oldest,121,rsg_20260806_18_054880000_000121,dropped,True,fifo_cached_frame,122,13,0,107,13,0,1,0.0,48.67237700091209,frame_fifo_full,,,,,,,,,,,,,,,,,,,,,,,,,,,,,,,,,,,,,,,,,,,,,,,,,,,,,,,,,,,,,,
rsg_object_detection,dropped_oldest,122,rsg_20260806_18_104880000_000122,dropped,True,fifo_cached_frame,123,13,0,108,13,0,1,0.0,69.51261901122052,frame_fifo_full,,,,,,,,,,,,,,,,,,,,,,,,,,,,,,,,,,,,,,,,,,,,,,,,,,,,,,,,,,,,,,
rsg_object_detection,dropped_oldest,123,rsg_20260806_18_154879999_000123,dropped,True,fifo_cached_frame,124,13,0,109,13,0,1,0.0,32.51013498811517,frame_fifo_full,,,,,,,,,,,,,,,,,,,,,,,,,,,,,,,,,,,,,,,,,,,,,,,,,,,,,,,,,,,,,,
rsg_object_detection,frame_trace,116,rsg_20260806_17_804880000_000116,sent_to_hydra,,,,,,,,,,,422.1885849983664,ok,10.076867998577654,396.1621940106852,15.535188009380363,0.13093299639876932,15.404255012981594,0.002943997969850898,0.9821309940889478,0.17333099094685167,250.29100199753884,21.975766998366453,0.008128001354634762,272.4482279882068,60.676900975522585,18.48631599568762,4.511835009907372,17.677097959676757,19.38505998987239,46.63250700104982,17.271595002966933,25.68548999261111,3.077421002672054,0.5606279883068055,77.0,11.0,2.8518390172393993,0.3790090268012136,0.3108549863100052,1.2582679919432849,0.025501998607069254,0.003520006430335343,112.15193600219209,2.625136010465212,0.13362200115807354,7.7830970112700015,0.038044003304094076,4.484541001147591,3.8859330088598654,0.08943298598751426,0.509175006300211,3.4076029987772927,2.1787080040667206,0.00601599458605051,0.41139098175335675,8,0,8,0,0,,,,,,,,,,,,,,
rsg_object_detection,dropped_oldest,125,rsg_20260806_18_254880000_000125,dropped,True,fifo_cached_frame,126,14,0,110,14,0,1,0.0,47.837600999628194,frame_fifo_full,,,,,,,,,,,,,,,,,,,,,,,,,,,,,,,,,,,,,,,,,,,,,,,,,,,,,,,,,,,,,,
rsg_object_detection,dropped_oldest,126,rsg_20260806_18_304880000_000126,dropped,True,fifo_cached_frame,127,14,0,111,14,0,1,0.0,51.8888020014856,frame_fifo_full,,,,,,,,,,,,,,,,,,,,,,,,,,,,,,,,,,,,,,,,,,,,,,,,,,,,,,,,,,,,,,
rsg_object_detection,dropped_oldest,127,rsg_20260806_18_354880000_000127,dropped,True,fifo_cached_frame,128,14,0,112,14,0,1,0.0,47.4676140001975,frame_fifo_full,,,,,,,,,,,,,,,,,,,,,,,,,,,,,,,,,,,,,,,,,,,,,,,,,,,,,,,,,,,,,,
rsg_object_detection,dropped_oldest,128,rsg_20260806_18_404879999_000128,dropped,True,fifo_cached_frame,129,14,0,113,14,0,1,0.0,51.08329700306058,frame_fifo_full,,,,,,,,,,,,,,,,,,,,,,,,,,,,,,,,,,,,,,,,,,,,,,,,,,,,,,,,,,,,,,
rsg_object_detection,dequeued,14,rsg_20260806_12_704879999_000014,,,,,,,,,,,133.4872579900548,,fifo_order,,,,,,,,,,,,,,,,,,,,,,,,,,,,,,,,,,,,,,,,,,,,,,,,,rsg_obj_000001,rsg_unknown_rsg_20260806_12_704879999_000014_001_nanosam_005,0,300,2,0.6460311880159737,,,,,,,,
rsg_object_detection,dropped_oldest,129,rsg_20260806_18_454879999_000129,dropped,True,fifo_cached_frame,130,14,0,114,14,0,1,0.0,52.789883004152216,frame_fifo_full,,,,,,,,,,,,,,,,,,,,,,,,,,,,,,,,,,,,,,,,,,,,,,,,,,,,,,,,,,,,,,
rsg_object_detection,dropped_oldest,130,rsg_20260806_18_504880000_000130,dropped,True,fifo_cached_frame,131,14,0,115,14,0,1,0.0,48.505195998586714,frame_fifo_full,,,,,,,,,,,,,,,,,,,,,,,,,,,,,,,,,,,,,,,,,,,,,,,,,,,,,,,,,,,,,,
rsg_object_detection,dropped_oldest,131,rsg_20260806_18_554880000_000131,dropped,True,fifo_cached_frame,132,14,0,116,14,0,1,0.0,51.27563400310464,frame_fifo_full,,,,,,,,,,,,,,,,,,,,,,,,,,,,,,,,,,,,,,,,,,,,,,,,,,,,,,,,,,,,,,
rsg_object_detection,dropped_oldest,132,rsg_20260806_18_604880000_000132,dropped,True,fifo_cached_frame,133,14,0,117,14,0,1,0.0,59.082345993374474,frame_fifo_full,,,,,,,,,,,,,,,,,,,,,,,,,,,,,,,,,,,,,,,,,,,,,,,,,,,,,,,,,,,,,,
rsg_object_detection,dropped_oldest,133,rsg_20260806_18_654879999_000133,dropped,True,fifo_cached_frame,134,14,0,118,14,0,1,0.0,49.499230008223094,frame_fifo_full,,,,,,,,,,,,,,,,,,,,,,,,,,,,,,,,,,,,,,,,,,,,,,,,,,,,,,,,,,,,,,
rsg_object_detection,dropped_oldest,134,rsg_20260806_18_704879999_000134,dropped,True,fifo_cached_frame,135,14,0,119,14,0,1,0.0,47.093500004848465,frame_fifo_full,,,,,,,,,,,,,,,,,,,,,,,,,,,,,,,,,,,,,,,,,,,,,,,,,,,,,,,,,,,,,,
rsg_object_detection,dropped_oldest,135,rsg_20260806_18_754880000_000135,dropped,True,fifo_cached_frame,136,14,0,120,14,0,1,0.0,49.151672996231355,frame_fifo_full,,,,,,,,,,,,,,,,,,,,,,,,,,,,,,,,,,,,,,,,,,,,,,,,,,,,,,,,,,,,,,
rsg_object_detection,dropped_oldest,136,rsg_20260806_18_804880000_000136,dropped,True,fifo_cached_frame,137,14,0,121,14,0,1,0.0,43.15153800416738,frame_fifo_full,,,,,,,,,,,,,,,,,,,,,,,,,,,,,,,,,,,,,,,,,,,,,,,,,,,,,,,,,,,,,,
rsg_object_detection,frame_trace,124,rsg_20260806_18_204879999_000124,sent_to_hydra,,,,,,,,,,,657.4158919975162,ok,14.971907003200613,595.7042549998732,46.19196499697864,0.21921399456914514,45.972751002409495,0.00553599966224283,4.96853599906899,0.1794740092009306,384.3587250012206,25.2715100068599,0.004862988134846091,409.81457200541627,105.6744469969999,28.584109983057715,9.051700006239116,28.925268998136744,38.39700297976378,48.18918900855351,35.2986539946869,8.52681499964092,3.825457999482751,0.4966970009263605,80.0,11.0,3.6400990065885708,1.9174820481566712,0.3057309368159622,1.330358994891867,0.23511701147072017,0.003936002030968666,161.3115910004126,9.490002994425595,0.14651600213255733,9.930895990692079,0.04214100772514939,10.52320199960377,9.915761998854578,0.10124000255018473,0.5061999981990084,3.802772000199184,0.6411979993572459,0.004735004040412605,0.5422289978014305,8,0,8,0,0,,,,,,,,,,,,,,
rsg_object_detection,dropped_oldest,138,rsg_20260806_18_904879999_000138,dropped,True,fifo_cached_frame,139,15,0,122,15,0,1,0.0,39.797659002942964,frame_fifo_full,,,,,,,,,,,,,,,,,,,,,,,,,,,,,,,,,,,,,,,,,,,,,,,,,,,,,,,,,,,,,,
rsg_object_detection,dropped_oldest,139,rsg_20260806_18_954879999_000139,dropped,True,fifo_cached_frame,140,15,0,123,15,0,1,0.0,49.08755100041162,frame_fifo_full,,,,,,,,,,,,,,,,,,,,,,,,,,,,,,,,,,,,,,,,,,,,,,,,,,,,,,,,,,,,,,
rsg_object_detection,dropped_oldest,140,rsg_20260806_19_004879999_000140,dropped,True,fifo_cached_frame,141,15,0,124,15,0,1,0.0,52.415160011150874,frame_fifo_full,,,,,,,,,,,,,,,,,,,,,,,,,,,,,,,,,,,,,,,,,,,,,,,,,,,,,,,,,,,,,,
rsg_object_detection,dropped_oldest,141,rsg_20260806_19_054880000_000141,dropped,True,fifo_cached_frame,142,15,0,125,15,0,1,0.0,49.991382998996414,frame_fifo_full,,,,,,,,,,,,,,,,,,,,,,,,,,,,,,,,,,,,,,,,,,,,,,,,,,,,,,,,,,,,,,
rsg_object_detection,dropped_oldest,142,rsg_20260806_19_104880000_000142,dropped,True,fifo_cached_frame,143,15,0,126,15,0,1,0.0,50.30102300224826,frame_fifo_full,,,,,,,,,,,,,,,,,,,,,,,,,,,,,,,,,,,,,,,,,,,,,,,,,,,,,,,,,,,,,,
rsg_object_detection,dropped_oldest,143,rsg_20260806_19_154879999_000143,dropped,True,fifo_cached_frame,144,15,0,127,15,0,1,0.0,54.19847500161268,frame_fifo_full,,,,,,,,,,,,,,,,,,,,,,,,,,,,,,,,,,,,,,,,,,,,,,,,,,,,,,,,,,,,,,
rsg_object_detection,dropped_oldest,144,rsg_20260806_19_204879999_000144,dropped,True,fifo_cached_frame,145,15,0,128,15,0,1,0.0,47.24587198870722,frame_fifo_full,,,,,,,,,,,,,,,,,,,,,,,,,,,,,,,,,,,,,,,,,,,,,,,,,,,,,,,,,,,,,,
rsg_object_detection,dropped_oldest,145,rsg_20260806_19_254880000_000145,dropped,True,fifo_cached_frame,146,15,0,129,15,0,1,0.0,51.45063399686478,frame_fifo_full,,,,,,,,,,,,,,,,,,,,,,,,,,,,,,,,,,,,,,,,,,,,,,,,,,,,,,,,,,,,,,
rsg_object_detection,dropped_oldest,146,rsg_20260806_19_304880000_000146,dropped,True,fifo_cached_frame,147,15,0,130,15,0,1,0.0,53.31871099770069,frame_fifo_full,,,,,,,,,,,,,,,,,,,,,,,,,,,,,,,,,,,,,,,,,,,,,,,,,,,,,,,,,,,,,,
rsg_object_detection,dropped_oldest,147,rsg_20260806_19_354880000_000147,dropped,True,fifo_cached_frame,148,15,0,131,15,0,1,0.0,46.99348099529743,frame_fifo_full,,,,,,,,,,,,,,,,,,,,,,,,,,,,,,,,,,,,,,,,,,,,,,,,,,,,,,,,,,,,,,
rsg_object_detection,dropped_oldest,148,rsg_20260806_19_404879999_000148,dropped,True,fifo_cached_frame,149,15,0,132,15,0,1,0.0,52.925141993910074,frame_fifo_full,,,,,,,,,,,,,,,,,,,,,,,,,,,,,,,,,,,,,,,,,,,,,,,,,,,,,,,,,,,,,,
rsg_object_detection,frame_trace,137,rsg_20260806_18_854880000_000137,sent_to_hydra,,,,,,,,,,,643.1273899943335,ok,9.277828998165205,617.764367008931,15.609103997121565,0.15006799367256463,15.459036003449,0.002592001692391932,1.1397180060157552,0.20724799833260477,483.0984330037609,30.55151298758574,0.008255010470747948,513.86544900015,59.32806001510471,21.047718008048832,10.623737005516887,10.614362981868908,16.387893963837996,25.975297001423314,12.965761998202652,9.144879993982613,3.281630008132197,0.5384220130508766,86.0,12.0,3.392692990018986,0.4932709998684004,0.4394569987198338,1.2301429960643873,0.026429988793097436,0.003744004061445594,90.90349399775732,2.9198339907452464,0.12091800454072654,8.77790000231471,0.03705400740727782,4.567705007502809,4.013027995824814,0.08767300460021943,0.4670040070777759,4.0010289958445355,0.7033370056888089,0.005757989129051566,0.47349798842333257,8,0,8,0,0,,,,,,,,,,,,,,
rsg_object_detection,dropped_oldest,150,rsg_20260806_19_504880000_000150,dropped,True,fifo_cached_frame,151,16,0,133,16,0,1,0.0,47.237206003046595,frame_fifo_full,,,,,,,,,,,,,,,,,,,,,,,,,,,,,,,,,,,,,,,,,,,,,,,,,,,,,,,,,,,,,,
rsg_object_detection,dropped_oldest,151,rsg_20260806_19_554880000_000151,dropped,True,fifo_cached_frame,152,16,0,134,16,0,1,0.0,54.260908989817835,frame_fifo_full,,,,,,,,,,,,,,,,,,,,,,,,,,,,,,,,,,,,,,,,,,,,,,,,,,,,,,,,,,,,,,
rsg_object_detection,dropped_oldest,152,rsg_20260806_19_604880000_000152,dropped,True,fifo_cached_frame,153,16,0,135,16,0,1,0.0,48.278084010235034,frame_fifo_full,,,,,,,,,,,,,,,,,,,,,,,,,,,,,,,,,,,,,,,,,,,,,,,,,,,,,,,,,,,,,,
rsg_object_detection,dropped_oldest,153,rsg_20260806_19_654879999_000153,dropped,True,fifo_cached_frame,154,16,0,136,16,0,1,0.0,51.39694199897349,frame_fifo_full,,,,,,,,,,,,,,,,,,,,,,,,,,,,,,,,,,,,,,,,,,,,,,,,,,,,,,,,,,,,,,
rsg_object_detection,dropped_oldest,154,rsg_20260806_19_704879999_000154,dropped,True,fifo_cached_frame,155,16,0,137,16,0,1,0.0,49.975549991359,frame_fifo_full,,,,,,,,,,,,,,,,,,,,,,,,,,,,,,,,,,,,,,,,,,,,,,,,,,,,,,,,,,,,,,
rsg_object_detection,dropped_oldest,155,rsg_20260806_19_754880000_000155,dropped,True,fifo_cached_frame,156,16,0,138,16,0,1,0.0,49.655800001346506,frame_fifo_full,,,,,,,,,,,,,,,,,,,,,,,,,,,,,,,,,,,,,,,,,,,,,,,,,,,,,,,,,,,,,,
rsg_object_detection,dropped_oldest,156,rsg_20260806_19_804880000_000156,dropped,True,fifo_cached_frame,157,16,0,139,16,0,1,0.0,50.64820199913811,frame_fifo_full,,,,,,,,,,,,,,,,,,,,,,,,,,,,,,,,,,,,,,,,,,,,,,,,,,,,,,,,,,,,,,
rsg_object_detection,dropped_oldest,157,rsg_20260806_19_854880000_000157,dropped,True,fifo_cached_frame,158,16,0,140,16,0,1,0.0,104.9708969949279,frame_fifo_full,,,,,,,,,,,,,,,,,,,,,,,,,,,,,,,,,,,,,,,,,,,,,,,,,,,,,,,,,,,,,,
rsg_object_detection,dropped_oldest,158,rsg_20260806_19_904879999_000158,dropped,True,fifo_cached_frame,159,16,0,141,16,0,1,0.0,9.53492800181266,frame_fifo_full,,,,,,,,,,,,,,,,,,,,,,,,,,,,,,,,,,,,,,,,,,,,,,,,,,,,,,,,,,,,,,
rsg_object_detection,frame_trace,149,rsg_20260806_19_454879999_000149,sent_to_hydra,,,,,,,,,,,622.7404689998366,ok,9.745727991685271,569.7802569920896,42.50877900631167,0.1470930001232773,42.36168600618839,0.0035840057535097003,4.842915004701354,0.18702499801293015,331.4946489990689,33.28377699654084,0.00742400879971683,364.97287500242237,140.6314790074248,42.008946984424256,6.818437992478721,42.648958988138475,48.22266200790182,21.090499009005725,12.095015001250431,4.835586994886398,3.564550992450677,0.5563399899983779,92.0,13.0,3.48555002710782,0.5267119850032032,0.33328396966680884,1.4599490095861256,0.16654698993079364,0.016573991160839796,167.78777100262232,20.375931009766646,0.15256401093211025,11.59396700677462,0.05423395487014204,5.655075001413934,4.844641996896826,0.08668100053910166,0.7237520039780065,3.350551996845752,0.7358139991993085,0.0042869942262768745,0.7021210039965808,8,0,8,0,0,,,,,,,,,,,,,,
rsg_object_detection,dropped_oldest,160,rsg_20260806_20_004879999_000160,dropped,True,fifo_cached_frame,161,17,0,142,17,0,1,0.0,6.351467003696598,frame_fifo_full,,,,,,,,,,,,,,,,,,,,,,,,,,,,,,,,,,,,,,,,,,,,,,,,,,,,,,,,,,,,,,
rsg_object_detection,dropped_oldest,161,rsg_20260806_20_054880000_000161,dropped,True,fifo_cached_frame,162,17,0,143,17,0,1,0.0,6.09555198752787,frame_fifo_full,,,,,,,,,,,,,,,,,,,,,,,,,,,,,,,,,,,,,,,,,,,,,,,,,,,,,,,,,,,,,,
rsg_object_detection,dropped_oldest,162,rsg_20260806_20_104880000_000162,dropped,True,fifo_cached_frame,163,17,0,144,17,0,1,0.0,32.671312990714796,frame_fifo_full,,,,,,,,,,,,,,,,,,,,,,,,,,,,,,,,,,,,,,,,,,,,,,,,,,,,,,,,,,,,,,
rsg_object_detection,dropped_oldest,163,rsg_20260806_20_154879999_000163,dropped,True,fifo_cached_frame,164,17,0,145,17,0,1,0.0,49.54211199947167,frame_fifo_full,,,,,,,,,,,,,,,,,,,,,,,,,,,,,,,,,,,,,,,,,,,,,,,,,,,,,,,,,,,,,,
rsg_object_detection,dropped_oldest,164,rsg_20260806_20_204879999_000164,dropped,True,fifo_cached_frame,165,17,0,146,17,0,1,0.0,48.517552990233526,frame_fifo_full,,,,,,,,,,,,,,,,,,,,,,,,,,,,,,,,,,,,,,,,,,,,,,,,,,,,,,,,,,,,,,
rsg_object_detection,dropped_oldest,165,rsg_20260806_20_254880000_000165,dropped,True,fifo_cached_frame,166,17,0,147,17,0,1,0.0,52.36260099627543,frame_fifo_full,,,,,,,,,,,,,,,,,,,,,,,,,,,,,,,,,,,,,,,,,,,,,,,,,,,,,,,,,,,,,,
rsg_object_detection,dropped_oldest,166,rsg_20260806_20_304880000_000166,dropped,True,fifo_cached_frame,167,17,0,148,17,0,1,0.0,48.94478899950627,frame_fifo_full,,,,,,,,,,,,,,,,,,,,,,,,,,,,,,,,,,,,,,,,,,,,,,,,,,,,,,,,,,,,,,
rsg_object_detection,dropped_oldest,167,rsg_20260806_20_354880000_000167,dropped,True,fifo_cached_frame,168,17,0,149,17,0,1,0.0,53.822804999072105,frame_fifo_full,,,,,,,,,,,,,,,,,,,,,,,,,,,,,,,,,,,,,,,,,,,,,,,,,,,,,,,,,,,,,,
rsg_object_detection,dropped_oldest,168,rsg_20260806_20_404879999_000168,dropped,True,fifo_cached_frame,169,17,0,150,17,0,1,0.0,49.20601700723637,frame_fifo_full,,,,,,,,,,,,,,,,,,,,,,,,,,,,,,,,,,,,,,,,,,,,,,,,,,,,,,,,,,,,,,
rsg_object_detection,dropped_oldest,169,rsg_20260806_20_454879999_000169,dropped,True,fifo_cached_frame,170,17,0,151,17,0,1,0.0,66.45889999344945,frame_fifo_full,,,,,,,,,,,,,,,,,,,,,,,,,,,,,,,,,,,,,,,,,,,,,,,,,,,,,,,,,,,,,,
rsg_object_detection,dropped_oldest,170,rsg_20260806_20_504880000_000170,dropped,True,fifo_cached_frame,171,17,0,152,17,0,1,0.0,33.50014900206588,frame_fifo_full,,,,,,,,,,,,,,,,,,,,,,,,,,,,,,,,,,,,,,,,,,,,,,,,,,,,,,,,,,,,,,
rsg_object_detection,dropped_oldest,171,rsg_20260806_20_554880000_000171,dropped,True,fifo_cached_frame,172,17,0,153,17,0,1,0.0,50.58469300274737,frame_fifo_full,,,,,,,,,,,,,,,,,,,,,,,,,,,,,,,,,,,,,,,,,,,,,,,,,,,,,,,,,,,,,,
rsg_object_detection,frame_trace,159,rsg_20260806_19_954879999_000159,sent_to_hydra,,,,,,,,,,,661.6627599869389,ok,9.70243698975537,534.3360870028846,116.95228899770882,0.14539599942509085,116.80689299828373,0.00319899118039757,1.16464399616234,0.16427499940618873,361.45423199923243,31.833558998187073,0.0071359972935169935,393.4592019941192,77.00421397748869,28.10838000732474,5.534252020879649,13.82905599894002,28.458977991249412,39.604115998372436,27.536426001461223,8.262357994681224,3.1546309910481796,0.6083680054871365,95.0,13.0,3.364885982591659,0.5160870059626177,0.3273360343882814,1.3879230100428686,0.027645000955089927,0.003936002030968666,122.25121400842909,6.582618007087149,0.14456501230597496,10.682199994334951,0.05164399044588208,5.301630997564644,4.70606199814938,0.08725699444767088,0.5083120049675927,3.7294979993021116,0.6666679983027279,0.004639994585886598,0.668748005409725,8,0,8,0,0,,,,,,,,,,,,,,
rsg_object_detection,dropped_oldest,173,rsg_20260806_20_654879999_000173,dropped,True,fifo_cached_frame,174,18,0,154,18,0,1,0.0,54.613366999547,frame_fifo_full,,,,,,,,,,,,,,,,,,,,,,,,,,,,,,,,,,,,,,,,,,,,,,,,,,,,,,,,,,,,,,
rsg_object_detection,dropped_oldest,174,rsg_20260806_20_704879999_000174,dropped,True,fifo_cached_frame,175,18,0,155,18,0,1,0.0,48.308391997125,frame_fifo_full,,,,,,,,,,,,,,,,,,,,,,,,,,,,,,,,,,,,,,,,,,,,,,,,,,,,,,,,,,,,,,
rsg_object_detection,dropped_oldest,175,rsg_20260806_20_754880000_000175,dropped,True,fifo_cached_frame,176,18,0,156,18,0,1,0.0,52.62597200635355,frame_fifo_full,,,,,,,,,,,,,,,,,,,,,,,,,,,,,,,,,,,,,,,,,,,,,,,,,,,,,,,,,,,,,,
rsg_object_detection,dropped_oldest,176,rsg_20260806_20_804880000_000176,dropped,True,fifo_cached_frame,177,18,0,157,18,0,1,0.0,49.766420997912064,frame_fifo_full,,,,,,,,,,,,,,,,,,,,,,,,,,,,,,,,,,,,,,,,,,,,,,,,,,,,,,,,,,,,,,
rsg_object_detection,dropped_oldest,177,rsg_20260806_20_854880000_000177,dropped,True,fifo_cached_frame,178,18,0,158,18,0,1,0.0,50.98526898655109,frame_fifo_full,,,,,,,,,,,,,,,,,,,,,,,,,,,,,,,,,,,,,,,,,,,,,,,,,,,,,,,,,,,,,,
rsg_object_detection,dropped_oldest,178,rsg_20260806_20_904879999_000178,dropped,True,fifo_cached_frame,179,18,0,159,18,0,1,0.0,49.18617900693789,frame_fifo_full,,,,,,,,,,,,,,,,,,,,,,,,,,,,,,,,,,,,,,,,,,,,,,,,,,,,,,,,,,,,,,
rsg_object_detection,dropped_oldest,179,rsg_20260806_20_954879999_000179,dropped,True,fifo_cached_frame,180,18,0,160,18,0,1,0.0,48.53637400083244,frame_fifo_full,,,,,,,,,,,,,,,,,,,,,,,,,,,,,,,,,,,,,,,,,,,,,,,,,,,,,,,,,,,,,,
rsg_object_detection,dropped_oldest,180,rsg_20260806_21_004879999_000180,dropped,True,fifo_cached_frame,181,18,0,161,18,0,1,0.0,61.08354601019528,frame_fifo_full,,,,,,,,,,,,,,,,,,,,,,,,,,,,,,,,,,,,,,,,,,,,,,,,,,,,,,,,,,,,,,
rsg_object_detection,frame_trace,172,rsg_20260806_20_604880000_000172,sent_to_hydra,,,,,,,,,,,498.75404199701734,ok,14.289371989434585,452.65635699615814,31.245638005202636,0.1267100014956668,31.11892800370697,0.0031679956009611487,0.994610003544949,0.1612350024515763,329.81549299438484,19.94847899186425,0.005279012839309871,349.93048600154,62.89866600127425,20.62237799691502,10.282616000040434,15.921722995699383,15.285134009900503,22.09983000648208,11.714215012034401,6.759404001059011,3.0358889925992116,0.5489809991559014,93.0,13.0,2.887707989430055,0.9395749948453158,0.3236880147596821,1.2549730017781258,0.026909998268820345,0.004095010808669031,90.45003600476775,2.7186020015506074,0.12104699271731079,8.382859989069402,0.058716002968139946,6.29473700246308,5.7081909908447415,0.0997360039036721,0.4868100077146664,7.296833995496854,0.6928729999344796,0.004927991540171206,0.5595070106210187,8,0,8,0,0,,,,,,,,,,,,,,
rsg_object_detection,dropped_oldest,182,rsg_20260806_21_104880000_000182,dropped,True,fifo_cached_frame,183,19,0,162,19,0,1,0.0,37.82601600687485,frame_fifo_full,,,,,,,,,,,,,,,,,,,,,,,,,,,,,,,,,,,,,,,,,,,,,,,,,,,,,,,,,,,,,,
rsg_object_detection,dropped_oldest,183,rsg_20260806_21_154879999_000183,dropped,True,fifo_cached_frame,184,19,0,163,19,0,1,0.0,50.002433999907225,frame_fifo_full,,,,,,,,,,,,,,,,,,,,,,,,,,,,,,,,,,,,,,,,,,,,,,,,,,,,,,,,,,,,,,
rsg_object_detection,dropped_oldest,184,rsg_20260806_21_204879999_000184,dropped,True,fifo_cached_frame,185,19,0,164,19,0,1,0.0,53.42494900105521,frame_fifo_full,,,,,,,,,,,,,,,,,,,,,,,,,,,,,,,,,,,,,,,,,,,,,,,,,,,,,,,,,,,,,,
rsg_object_detection,dropped_oldest,185,rsg_20260806_21_254880000_000185,dropped,True,fifo_cached_frame,186,19,0,165,19,0,1,0.0,49.34322799090296,frame_fifo_full,,,,,,,,,,,,,,,,,,,,,,,,,,,,,,,,,,,,,,,,,,,,,,,,,,,,,,,,,,,,,,
rsg_object_detection,dropped_oldest,186,rsg_20260806_21_304880000_000186,dropped,True,fifo_cached_frame,187,19,0,166,19,0,1,0.0,52.73377799312584,frame_fifo_full,,,,,,,,,,,,,,,,,,,,,,,,,,,,,,,,,,,,,,,,,,,,,,,,,,,,,,,,,,,,,,
rsg_object_detection,dropped_oldest,187,rsg_20260806_21_354880000_000187,dropped,True,fifo_cached_frame,188,19,0,167,19,0,1,0.0,49.00623099820223,frame_fifo_full,,,,,,,,,,,,,,,,,,,,,,,,,,,,,,,,,,,,,,,,,,,,,,,,,,,,,,,,,,,,,,
rsg_object_detection,dropped_oldest,188,rsg_20260806_21_404879999_000188,dropped,True,fifo_cached_frame,189,19,0,168,19,0,1,0.0,48.65105799399316,frame_fifo_full,,,,,,,,,,,,,,,,,,,,,,,,,,,,,,,,,,,,,,,,,,,,,,,,,,,,,,,,,,,,,,
rsg_object_detection,dropped_oldest,189,rsg_20260806_21_454879999_000189,dropped,True,fifo_cached_frame,190,19,0,169,19,0,1,0.0,48.30932601180393,frame_fifo_full,,,,,,,,,,,,,,,,,,,,,,,,,,,,,,,,,,,,,,,,,,,,,,,,,,,,,,,,,,,,,,
rsg_object_detection,frame_trace,181,rsg_20260806_21_054880000_000181,sent_to_hydra,,,,,,,,,,,459.8776130005717,ok,25.255104003008455,389.4332000054419,44.438040000386536,0.1331410021521151,44.30489899823442,0.003039007424376905,0.9461330046178773,0.16734699602238834,263.30502799828537,20.508725006948225,0.007263006409630179,283.9883630076656,65.07629802217707,22.068987993407063,5.007382002077065,25.231008999980986,12.103560991818085,20.876024005701765,10.710486996686086,3.2784950017230585,6.231574006960727,0.6134559953352436,94.0,13.0,2.922650019172579,1.0010080295614898,0.3097999142482877,1.2698200007434934,0.02751799183897674,0.0037439895095303655,91.50103700812906,2.6912760076811537,0.14437299978453666,10.122691994183697,0.03932598337996751,20.66567300062161,20.01775600365363,0.09112899715546519,0.5567879998125136,3.8552810001419857,0.7290939975064248,0.005056004738435149,0.7482299843104556,8,0,8,0,0,,,,,,,,,,,,,,
rsg_object_detection,dropped_oldest,191,rsg_20260806_21_554880000_000191,dropped,True,fifo_cached_frame,192,20,0,170,20,0,1,0.0,50.1581080025062,frame_fifo_full,,,,,,,,,,,,,,,,,,,,,,,,,,,,,,,,,,,,,,,,,,,,,,,,,,,,,,,,,,,,,,
rsg_object_detection,dropped_oldest,192,rsg_20260806_21_604880000_000192,dropped,True,fifo_cached_frame,193,20,0,171,20,0,1,0.0,52.14937600248959,frame_fifo_full,,,,,,,,,,,,,,,,,,,,,,,,,,,,,,,,,,,,,,,,,,,,,,,,,,,,,,,,,,,,,,
rsg_object_detection,dropped_oldest,193,rsg_20260806_21_654879999_000193,dropped,True,fifo_cached_frame,194,20,0,172,20,0,1,0.0,51.463094001519494,frame_fifo_full,,,,,,,,,,,,,,,,,,,,,,,,,,,,,,,,,,,,,,,,,,,,,,,,,,,,,,,,,,,,,,
rsg_object_detection,dropped_oldest,194,rsg_20260806_21_704879999_000194,dropped,True,fifo_cached_frame,195,20,0,173,20,0,1,0.0,50.650389996008016,frame_fifo_full,,,,,,,,,,,,,,,,,,,,,,,,,,,,,,,,,,,,,,,,,,,,,,,,,,,,,,,,,,,,,,
rsg_object_detection,dropped_oldest,195,rsg_20260806_21_754880000_000195,dropped,True,fifo_cached_frame,196,20,0,174,20,0,1,0.0,48.89254299632739,frame_fifo_full,,,,,,,,,,,,,,,,,,,,,,,,,,,,,,,,,,,,,,,,,,,,,,,,,,,,,,,,,,,,,,
rsg_object_detection,dropped_oldest,196,rsg_20260806_21_804880000_000196,dropped,True,fifo_cached_frame,197,20,0,175,20,0,1,0.0,50.20962399430573,frame_fifo_full,,,,,,,,,,,,,,,,,,,,,,,,,,,,,,,,,,,,,,,,,,,,,,,,,,,,,,,,,,,,,,
rsg_object_detection,dropped_oldest,197,rsg_20260806_21_854880000_000197,dropped,True,fifo_cached_frame,198,20,0,176,20,0,1,0.0,70.11270099610556,frame_fifo_full,,,,,,,,,,,,,,,,,,,,,,,,,,,,,,,,,,,,,,,,,,,,,,,,,,,,,,,,,,,,,,
rsg_object_detection,dropped_oldest,198,rsg_20260806_21_904879999_000198,dropped,True,fifo_cached_frame,199,20,0,177,20,0,1,0.0,34.23587100405712,frame_fifo_full,,,,,,,,,,,,,,,,,,,,,,,,,,,,,,,,,,,,,,,,,,,,,,,,,,,,,,,,,,,,,,
rsg_object_detection,frame_trace,190,rsg_20260806_21_504880000_000190,sent_to_hydra,,,,,,,,,,,498.0978649982717,ok,15.335595002397895,454.60249899770133,27.66553898982238,0.14565199671778828,27.519886993104592,0.0025280023692175746,0.9794109937502071,0.1778739970177412,329.22031499037985,21.993728005327284,0.006432004738599062,351.3983489974635,63.69042098231148,17.332205970888026,5.432596022728831,23.938728016219102,16.250822023721412,22.079898000811227,10.63385300221853,7.829144989955239,3.0052360089030117,0.5722749920096248,91.0,13.0,2.8957080066902563,0.5354109889594838,0.2986040199175477,1.3150970044080168,0.03327800368424505,0.0045430060708895326,90.8676779945381,2.840801011188887,0.12341400724835694,8.353519995580427,0.03932599793188274,4.516828994383104,3.9255479932762682,0.11231099779251963,0.4789700033143163,10.019916997407563,0.7931540021672845,0.005695008439943194,0.49170400598086417,8,0,8,0,0,,,,,,,,,,,,,,
rsg_object_detection,dropped_oldest,199,rsg_20260806_21_954879999_000199,dropped,True,fifo_cached_frame,200,21,0,178,21,0,1,0.0,48.58092000358738,frame_fifo_full,,,,,,,,,,,,,,,,,,,,,,,,,,,,,,,,,,,,,,,,,,,,,,,,,,,,,,,,,,,,,,
rsg_object_detection,dropped_oldest,201,rsg_20260806_22_054880000_000201,dropped,True,fifo_cached_frame,202,21,0,179,21,0,1,0.0,52.51504298939835,frame_fifo_full,,,,,,,,,,,,,,,,,,,,,,,,,,,,,,,,,,,,,,,,,,,,,,,,,,,,,,,,,,,,,,
rsg_object_detection,dropped_oldest,202,rsg_20260806_22_104880000_000202,dropped,True,fifo_cached_frame,203,21,0,180,21,0,1,0.0,51.188266996177845,frame_fifo_full,,,,,,,,,,,,,,,,,,,,,,,,,,,,,,,,,,,,,,,,,,,,,,,,,,,,,,,,,,,,,,
rsg_object_detection,dropped_oldest,203,rsg_20260806_22_154879999_000203,dropped,True,fifo_cached_frame,204,21,0,181,21,0,1,0.0,47.70789999747649,frame_fifo_full,,,,,,,,,,,,,,,,,,,,,,,,,,,,,,,,,,,,,,,,,,,,,,,,,,,,,,,,,,,,,,
rsg_object_detection,dropped_oldest,204,rsg_20260806_22_204879999_000204,dropped,True,fifo_cached_frame,205,21,0,182,21,0,1,0.0,52.18198100919835,frame_fifo_full,,,,,,,,,,,,,,,,,,,,,,,,,,,,,,,,,,,,,,,,,,,,,,,,,,,,,,,,,,,,,,
rsg_object_detection,dropped_oldest,205,rsg_20260806_22_254880000_000205,dropped,True,fifo_cached_frame,206,21,0,183,21,0,1,0.0,50.4336119920481,frame_fifo_full,,,,,,,,,,,,,,,,,,,,,,,,,,,,,,,,,,,,,,,,,,,,,,,,,,,,,,,,,,,,,,
rsg_object_detection,dropped_oldest,206,rsg_20260806_22_304880000_000206,dropped,True,fifo_cached_frame,207,21,0,184,21,0,1,0.0,51.94850200496148,frame_fifo_full,,,,,,,,,,,,,,,,,,,,,,,,,,,,,,,,,,,,,,,,,,,,,,,,,,,,,,,,,,,,,,
rsg_object_detection,dropped_oldest,207,rsg_20260806_22_354880000_000207,dropped,True,fifo_cached_frame,208,21,0,185,21,0,1,0.0,60.780673011322506,frame_fifo_full,,,,,,,,,,,,,,,,,,,,,,,,,,,,,,,,,,,,,,,,,,,,,,,,,,,,,,,,,,,,,,
rsg_object_detection,dropped_oldest,208,rsg_20260806_22_404879999_000208,dropped,True,fifo_cached_frame,209,21,0,186,21,0,1,0.0,43.94113000307698,frame_fifo_full,,,,,,,,,,,,,,,,,,,,,,,,,,,,,,,,,,,,,,,,,,,,,,,,,,,,,,,,,,,,,,
rsg_object_detection,dropped_oldest,209,rsg_20260806_22_454879999_000209,dropped,True,fifo_cached_frame,210,21,0,187,21,0,1,0.0,45.506223003030755,frame_fifo_full,,,,,,,,,,,,,,,,,,,,,,,,,,,,,,,,,,,,,,,,,,,,,,,,,,,,,,,,,,,,,,
rsg_object_detection,dropped_oldest,210,rsg_20260806_22_504880000_000210,dropped,True,fifo_cached_frame,211,21,0,188,21,0,1,0.0,50.486919994000345,frame_fifo_full,,,,,,,,,,,,,,,,,,,,,,,,,,,,,,,,,,,,,,,,,,,,,,,,,,,,,,,,,,,,,,
rsg_object_detection,frame_trace,200,rsg_20260806_22_004879999_000200,sent_to_hydra,,,,,,,,,,,558.7152539956151,ok,12.542215990833938,544.3776590109337,1.1147610057378188,0.15336400247178972,0.9613970032660291,0.0028469949029386044,1.5195930027402937,0.1677630061749369,326.6569109982811,32.68214101262856,0.007614988135173917,359.51443000521977,115.9502660157159,19.88343000994064,10.427213986986317,59.740499025792815,25.10289498604834,37.49177999270614,25.512687003356405,5.35375700565055,5.6753310054773465,0.9107439982471988,92.0,13.0,5.1894490025006235,0.4422670026542619,0.35226198087912053,2.7129070076625794,0.03926100907847285,0.005184003384783864,162.19943801115733,11.439134992542677,0.14629200450144708,9.495638994849287,0.0631319999229163,8.21865099715069,7.551696005975828,0.09052100358530879,0.576433987589553,3.6431710032047704,0.6759150128345937,0.004478977643884718,0.67777099320665,8,0,8,0,0,,,,,,,,,,,,,,
rsg_object_detection,dropped_oldest,212,rsg_20260806_22_604880000_000212,dropped,True,fifo_cached_frame,213,22,0,189,22,0,1,0.0,49.20986799697857,frame_fifo_full,,,,,,,,,,,,,,,,,,,,,,,,,,,,,,,,,,,,,,,,,,,,,,,,,,,,,,,,,,,,,,
rsg_object_detection,dropped_oldest,213,rsg_20260806_22_654879999_000213,dropped,True,fifo_cached_frame,214,22,0,190,22,0,1,0.0,52.17040498973802,frame_fifo_full,,,,,,,,,,,,,,,,,,,,,,,,,,,,,,,,,,,,,,,,,,,,,,,,,,,,,,,,,,,,,,
rsg_object_detection,dropped_oldest,214,rsg_20260806_22_704879999_000214,dropped,True,fifo_cached_frame,215,22,0,191,22,0,1,0.0,51.02210999757517,frame_fifo_full,,,,,,,,,,,,,,,,,,,,,,,,,,,,,,,,,,,,,,,,,,,,,,,,,,,,,,,,,,,,,,
rsg_object_detection,dropped_oldest,215,rsg_20260806_22_754880000_000215,dropped,True,fifo_cached_frame,216,22,0,192,22,0,1,0.0,51.03906900330912,frame_fifo_full,,,,,,,,,,,,,,,,,,,,,,,,,,,,,,,,,,,,,,,,,,,,,,,,,,,,,,,,,,,,,,
rsg_object_detection,dropped_oldest,216,rsg_20260806_22_804880000_000216,dropped,True,fifo_cached_frame,217,22,0,193,22,0,1,0.0,49.524307003594004,frame_fifo_full,,,,,,,,,,,,,,,,,,,,,,,,,,,,,,,,,,,,,,,,,,,,,,,,,,,,,,,,,,,,,,
rsg_object_detection,dropped_oldest,217,rsg_20260806_22_854880000_000217,dropped,True,fifo_cached_frame,218,22,0,194,22,0,1,0.0,50.0998469942715,frame_fifo_full,,,,,,,,,,,,,,,,,,,,,,,,,,,,,,,,,,,,,,,,,,,,,,,,,,,,,,,,,,,,,,
rsg_object_detection,dropped_oldest,218,rsg_20260806_22_904879999_000218,dropped,True,fifo_cached_frame,219,22,0,195,22,0,1,0.0,58.594060988980345,frame_fifo_full,,,,,,,,,,,,,,,,,,,,,,,,,,,,,,,,,,,,,,,,,,,,,,,,,,,,,,,,,,,,,,
rsg_object_detection,frame_trace,211,rsg_20260806_22_554880000_000211,sent_to_hydra,,,,,,,,,,,461.4081630134024,ok,10.805745012476109,436.31608299619984,13.727947007282637,0.1478280028095469,13.58011900447309,0.003935987479053438,1.0277270048391074,0.17262599430978298,312.7842999965651,29.16302499943413,0.006367001333273947,342.1263179916423,54.22592097602319,20.044220014824532,4.814120969967917,11.093049994087778,17.646425985731184,18.62573900143616,11.389859006158076,3.317947994219139,3.3834149944595993,0.49704899720381945,93.0,13.0,3.760246981983073,0.5950909835519269,0.3742770495591685,1.3859710015822202,0.033182004699483514,0.004383007762953639,79.02250600454863,4.808583005797118,0.12210200657136738,9.164785995380953,0.044060987420380116,5.165898997802287,4.508797996095382,0.1065520045813173,0.5505489971255884,4.956827004207298,0.6780270050512627,0.004992005415260792,0.5544520099647343,8,0,8,0,0,,,,,,,,,,,,,,
rsg_object_detection,dropped_oldest,220,rsg_20260806_23_004879999_000220,dropped,True,fifo_cached_frame,221,23,0,196,23,0,1,0.0,5.261572005110793,frame_fifo_full,,,,,,,,,,,,,,,,,,,,,,,,,,,,,,,,,,,,,,,,,,,,,,,,,,,,,,,,,,,,,,
rsg_object_detection,dropped_oldest,221,rsg_20260806_23_054880000_000221,dropped,True,fifo_cached_frame,222,23,0,197,23,0,1,0.0,40.136852010618895,frame_fifo_full,,,,,,,,,,,,,,,,,,,,,,,,,,,,,,,,,,,,,,,,,,,,,,,,,,,,,,,,,,,,,,
rsg_object_detection,dropped_oldest,222,rsg_20260806_23_104880000_000222,dropped,True,fifo_cached_frame,223,23,0,198,23,0,1,0.0,49.250793003011495,frame_fifo_full,,,,,,,,,,,,,,,,,,,,,,,,,,,,,,,,,,,,,,,,,,,,,,,,,,,,,,,,,,,,,,
rsg_object_detection,dropped_oldest,223,rsg_20260806_23_154879999_000223,dropped,True,fifo_cached_frame,224,23,0,199,23,0,1,0.0,51.80822500551585,frame_fifo_full,,,,,,,,,,,,,,,,,,,,,,,,,,,,,,,,,,,,,,,,,,,,,,,,,,,,,,,,,,,,,,
rsg_object_detection,dropped_oldest,224,rsg_20260806_23_204879999_000224,dropped,True,fifo_cached_frame,225,23,0,200,23,0,1,0.0,52.94000900175888,frame_fifo_full,,,,,,,,,,,,,,,,,,,,,,,,,,,,,,,,,,,,,,,,,,,,,,,,,,,,,,,,,,,,,,
rsg_object_detection,dropped_oldest,225,rsg_20260806_23_254880000_000225,dropped,True,fifo_cached_frame,226,23,0,201,23,0,1,0.0,50.39253400173038,frame_fifo_full,,,,,,,,,,,,,,,,,,,,,,,,,,,,,,,,,,,,,,,,,,,,,,,,,,,,,,,,,,,,,,
rsg_object_detection,dropped_oldest,226,rsg_20260806_23_304880000_000226,dropped,True,fifo_cached_frame,227,23,0,202,23,0,1,0.0,48.9913310011616,frame_fifo_full,,,,,,,,,,,,,,,,,,,,,,,,,,,,,,,,,,,,,,,,,,,,,,,,,,,,,,,,,,,,,,
rsg_object_detection,dropped_oldest,227,rsg_20260806_23_354880000_000227,dropped,True,fifo_cached_frame,228,23,0,203,23,0,1,0.0,59.69362999894656,frame_fifo_full,,,,,,,,,,,,,,,,,,,,,,,,,,,,,,,,,,,,,,,,,,,,,,,,,,,,,,,,,,,,,,
rsg_object_detection,dropped_oldest,228,rsg_20260806_23_404879999_000228,dropped,True,fifo_cached_frame,229,23,0,204,23,0,1,0.0,59.466031001647934,frame_fifo_full,,,,,,,,,,,,,,,,,,,,,,,,,,,,,,,,,,,,,,,,,,,,,,,,,,,,,,,,,,,,,,
rsg_object_detection,dropped_oldest,229,rsg_20260806_23_454879999_000229,dropped,True,fifo_cached_frame,230,23,0,205,23,0,1,0.0,37.936069013085216,frame_fifo_full,,,,,,,,,,,,,,,,,,,,,,,,,,,,,,,,,,,,,,,,,,,,,,,,,,,,,,,,,,,,,,
rsg_object_detection,frame_trace,219,rsg_20260806_22_954879999_000219,sent_to_hydra,,,,,,,,,,,576.4680689899251,ok,8.572063990868628,507.5149490003241,59.78071899153292,0.1462929940316826,59.63442599750124,0.003520006430335343,1.3398309965850785,0.20174399833194911,331.8917739961762,21.608451002975926,0.007360009476542473,353.7093290069606,77.93776999460533,35.70913997828029,5.276484007481486,22.387047007214278,13.939004988060333,57.83802999940235,15.309073001844808,19.188801001291722,22.760521998861805,0.5386459961300716,96.0,14.0,2.8491840203059837,0.5066809826530516,0.30509500356856734,1.1607409978751093,0.02915000368375331,0.004383997293189168,140.64607399632223,2.8416010027285665,0.11848700523842126,8.818924994557165,0.04070199793204665,4.3886159983230755,3.849234009976499,0.08588100899942219,0.4535009793471545,3.325180005049333,0.8520940027665347,0.006173984729684889,0.5968170007690787,8,0,8,0,0,,,,,,,,,,,,,,
rsg_object_detection,dropped_oldest,231,rsg_20260806_23_554880000_000231,dropped,True,fifo_cached_frame,232,24,0,206,24,0,1,0.0,50.47284800093621,frame_fifo_full,,,,,,,,,,,,,,,,,,,,,,,,,,,,,,,,,,,,,,,,,,,,,,,,,,,,,,,,,,,,,,
rsg_object_detection,dropped_oldest,232,rsg_20260806_23_604880000_000232,dropped,True,fifo_cached_frame,233,24,0,207,24,0,1,0.0,51.86333101300988,frame_fifo_full,,,,,,,,,,,,,,,,,,,,,,,,,,,,,,,,,,,,,,,,,,,,,,,,,,,,,,,,,,,,,,
rsg_object_detection,dropped_oldest,233,rsg_20260806_23_654879999_000233,dropped,True,fifo_cached_frame,234,24,0,208,24,0,1,0.0,50.858993010479026,frame_fifo_full,,,,,,,,,,,,,,,,,,,,,,,,,,,,,,,,,,,,,,,,,,,,,,,,,,,,,,,,,,,,,,
rsg_object_detection,dropped_oldest,234,rsg_20260806_23_704879999_000234,dropped,True,fifo_cached_frame,235,24,0,209,24,0,1,0.0,49.221777997445315,frame_fifo_full,,,,,,,,,,,,,,,,,,,,,,,,,,,,,,,,,,,,,,,,,,,,,,,,,,,,,,,,,,,,,,
rsg_object_detection,dropped_oldest,235,rsg_20260806_23_754880000_000235,dropped,True,fifo_cached_frame,236,24,0,210,24,0,1,0.0,62.90278599772137,frame_fifo_full,,,,,,,,,,,,,,,,,,,,,,,,,,,,,,,,,,,,,,,,,,,,,,,,,,,,,,,,,,,,,,
rsg_object_detection,dropped_oldest,236,rsg_20260806_23_804880000_000236,dropped,True,fifo_cached_frame,237,24,0,211,24,0,1,0.0,38.344836997566745,frame_fifo_full,,,,,,,,,,,,,,,,,,,,,,,,,,,,,,,,,,,,,,,,,,,,,,,,,,,,,,,,,,,,,,
rsg_object_detection,dropped_oldest,237,rsg_20260806_23_854880000_000237,dropped,True,fifo_cached_frame,238,24,0,212,24,0,1,0.0,50.17210300138686,frame_fifo_full,,,,,,,,,,,,,,,,,,,,,,,,,,,,,,,,,,,,,,,,,,,,,,,,,,,,,,,,,,,,,,
rsg_object_detection,dropped_oldest,238,rsg_20260806_23_904879999_000238,dropped,True,fifo_cached_frame,239,24,0,213,24,0,1,0.0,53.90969800646417,frame_fifo_full,,,,,,,,,,,,,,,,,,,,,,,,,,,,,,,,,,,,,,,,,,,,,,,,,,,,,,,,,,,,,,
rsg_object_detection,dropped_oldest,239,rsg_20260806_23_954879999_000239,dropped,True,fifo_cached_frame,240,24,0,214,24,0,1,0.0,53.0616369942436,frame_fifo_full,,,,,,,,,,,,,,,,,,,,,,,,,,,,,,,,,,,,,,,,,,,,,,,,,,,,,,,,,,,,,,
rsg_object_detection,dropped_oldest,240,rsg_20260806_24_004879999_000240,dropped,True,fifo_cached_frame,241,24,0,215,24,0,1,0.0,50.00632400333416,frame_fifo_full,,,,,,,,,,,,,,,,,,,,,,,,,,,,,,,,,,,,,,,,,,,,,,,,,,,,,,,,,,,,,,
rsg_object_detection,dropped_oldest,241,rsg_20260806_24_054880000_000241,dropped,True,fifo_cached_frame,242,24,0,216,24,0,1,0.0,48.95949400088284,frame_fifo_full,,,,,,,,,,,,,,,,,,,,,,,,,,,,,,,,,,,,,,,,,,,,,,,,,,,,,,,,,,,,,,
rsg_object_detection,frame_trace,230,rsg_20260806_23_504880000_000230,sent_to_hydra,,,,,,,,,,,609.2951970058493,ok,13.144826996722259,561.8855659995461,33.63522200379521,0.16433899872936308,33.47088300506584,0.0021120067685842514,2.3241380113177,0.20318399765528738,359.46298600174487,23.477554001146927,0.005983005394227803,383.1497070059413,107.25671898399014,45.62129097757861,5.993034006678499,33.085023998864926,21.73308101191651,39.07857199374121,32.39864700299222,3.086030003032647,2.9708389920415357,0.5829939909745008,101.0,14.0,2.8888629894936457,0.7808340014889836,0.31837602728046477,1.2933390098623931,0.17461000243201852,0.004512010491453111,151.81009599473327,7.632778011611663,0.2176149864681065,16.71053099562414,0.040700993849895895,8.692887000506744,8.12173199665267,0.09666399273555726,0.4744910111185163,3.6817600048379973,0.7649000035598874,0.005279987817630172,0.6274699990171939,8,0,8,0,0,,,,,,,,,,,,,,
rsg_object_detection,dropped_oldest,243,rsg_20260806_24_154879999_000243,dropped,True,fifo_cached_frame,244,25,0,217,25,0,1,0.0,42.2254930017516,frame_fifo_full,,,,,,,,,,,,,,,,,,,,,,,,,,,,,,,,,,,,,,,,,,,,,,,,,,,,,,,,,,,,,,
rsg_object_detection,dropped_oldest,244,rsg_20260806_24_204879999_000244,dropped,True,fifo_cached_frame,245,25,0,218,25,0,1,0.0,47.2676909994334,frame_fifo_full,,,,,,,,,,,,,,,,,,,,,,,,,,,,,,,,,,,,,,,,,,,,,,,,,,,,,,,,,,,,,,
rsg_object_detection,dropped_oldest,245,rsg_20260806_24_254880000_000245,dropped,True,fifo_cached_frame,246,25,0,219,25,0,1,0.0,105.7096539880149,frame_fifo_full,,,,,,,,,,,,,,,,,,,,,,,,,,,,,,,,,,,,,,,,,,,,,,,,,,,,,,,,,,,,,,
rsg_object_detection,dropped_oldest,246,rsg_20260806_24_354880000_000246,dropped,True,fifo_cached_frame,247,25,0,220,25,0,1,0.0,55.24707199947443,frame_fifo_full,,,,,,,,,,,,,,,,,,,,,,,,,,,,,,,,,,,,,,,,,,,,,,,,,,,,,,,,,,,,,,
rsg_object_detection,dropped_oldest,247,rsg_20260806_24_404879999_000247,dropped,True,fifo_cached_frame,248,25,0,221,25,0,1,0.0,40.314992002095096,frame_fifo_full,,,,,,,,,,,,,,,,,,,,,,,,,,,,,,,,,,,,,,,,,,,,,,,,,,,,,,,,,,,,,,
rsg_object_detection,dropped_oldest,248,rsg_20260806_24_454879999_000248,dropped,True,fifo_cached_frame,249,25,0,222,25,0,1,0.0,51.76593700889498,frame_fifo_full,,,,,,,,,,,,,,,,,,,,,,,,,,,,,,,,,,,,,,,,,,,,,,,,,,,,,,,,,,,,,,
rsg_object_detection,dropped_oldest,249,rsg_20260806_24_504880000_000249,dropped,True,fifo_cached_frame,250,25,0,223,25,0,1,0.0,61.41356599982828,frame_fifo_full,,,,,,,,,,,,,,,,,,,,,,,,,,,,,,,,,,,,,,,,,,,,,,,,,,,,,,,,,,,,,,
rsg_object_detection,dropped_oldest,250,rsg_20260806_24_554880000_000250,dropped,True,fifo_cached_frame,251,25,0,224,25,0,1,0.0,36.758981994353235,frame_fifo_full,,,,,,,,,,,,,,,,,,,,,,,,,,,,,,,,,,,,,,,,,,,,,,,,,,,,,,,,,,,,,,
rsg_object_detection,dropped_oldest,251,rsg_20260806_24_604880000_000251,dropped,True,fifo_cached_frame,252,25,0,225,25,0,1,0.0,66.29196800349746,frame_fifo_full,,,,,,,,,,,,,,,,,,,,,,,,,,,,,,,,,,,,,,,,,,,,,,,,,,,,,,,,,,,,,,
rsg_object_detection,dropped_oldest,252,rsg_20260806_24_654879999_000252,dropped,True,fifo_cached_frame,253,25,0,226,25,0,1,0.0,35.099560001981445,frame_fifo_full,,,,,,,,,,,,,,,,,,,,,,,,,,,,,,,,,,,,,,,,,,,,,,,,,,,,,,,,,,,,,,
rsg_object_detection,frame_trace,242,rsg_20260806_24_104880000_000242,sent_to_hydra,,,,,,,,,,,594.521591992816,ok,16.235850998782553,561.9969050021609,15.700849995482713,0.1758579892339185,15.524992006248794,0.003936002030968666,1.6092180012492463,0.19560100918170065,360.75763299595565,27.40582601109054,0.00905398337636143,388.36811399960425,96.36904099897947,28.537512975162826,7.708036020630971,30.83669200714212,28.50388402293902,41.1308309994638,25.609260992496274,6.702131999190897,8.167393010808155,0.6119199970271438,99.0,14.0,5.32192196988035,1.569253028719686,0.3380839916644618,3.5896720073651522,0.22683099086862057,0.005182999302633107,148.56857500853948,13.976859001559205,0.15963599435053766,9.26993100438267,0.044571992475539446,7.763713001622818,7.00012399465777,0.18740999803412706,0.5761790089309216,7.761313012451865,0.7054169982438907,0.005407986463978887,0.5840499943587929,8,0,8,0,0,,,,,,,,,,,,,,
rsg_object_detection,dropped_oldest,254,rsg_20260806_24_754880000_000254,dropped,True,fifo_cached_frame,255,26,0,227,26,0,1,0.0,30.33980399777647,frame_fifo_full,,,,,,,,,,,,,,,,,,,,,,,,,,,,,,,,,,,,,,,,,,,,,,,,,,,,,,,,,,,,,,
rsg_object_detection,dropped_oldest,255,rsg_20260806_24_804880000_000255,dropped,True,fifo_cached_frame,256,26,0,228,26,0,1,0.0,50.59364400221966,frame_fifo_full,,,,,,,,,,,,,,,,,,,,,,,,,,,,,,,,,,,,,,,,,,,,,,,,,,,,,,,,,,,,,,
rsg_object_detection,dropped_oldest,256,rsg_20260806_24_854880000_000256,dropped,True,fifo_cached_frame,257,26,0,229,26,0,1,0.0,49.98917900957167,frame_fifo_full,,,,,,,,,,,,,,,,,,,,,,,,,,,,,,,,,,,,,,,,,,,,,,,,,,,,,,,,,,,,,,
rsg_object_detection,dropped_oldest,257,rsg_20260806_24_904879999_000257,dropped,True,fifo_cached_frame,258,26,0,230,26,0,1,0.0,52.22900399530772,frame_fifo_full,,,,,,,,,,,,,,,,,,,,,,,,,,,,,,,,,,,,,,,,,,,,,,,,,,,,,,,,,,,,,,
rsg_object_detection,dropped_oldest,258,rsg_20260806_24_954879999_000258,dropped,True,fifo_cached_frame,259,26,0,231,26,0,1,0.0,50.112496988731436,frame_fifo_full,,,,,,,,,,,,,,,,,,,,,,,,,,,,,,,,,,,,,,,,,,,,,,,,,,,,,,,,,,,,,,
rsg_object_detection,dropped_oldest,259,rsg_20260806_25_004879999_000259,dropped,True,fifo_cached_frame,260,26,0,232,26,0,1,0.0,50.52139399049338,frame_fifo_full,,,,,,,,,,,,,,,,,,,,,,,,,,,,,,,,,,,,,,,,,,,,,,,,,,,,,,,,,,,,,,
rsg_object_detection,dropped_oldest,260,rsg_20260806_25_054880000_000260,dropped,True,fifo_cached_frame,261,26,0,233,26,0,1,0.0,62.00443100533448,frame_fifo_full,,,,,,,,,,,,,,,,,,,,,,,,,,,,,,,,,,,,,,,,,,,,,,,,,,,,,,,,,,,,,,
rsg_object_detection,dropped_oldest,261,rsg_20260806_25_104880000_000261,dropped,True,fifo_cached_frame,262,26,0,234,26,0,1,0.0,39.39995900145732,frame_fifo_full,,,,,,,,,,,,,,,,,,,,,,,,,,,,,,,,,,,,,,,,,,,,,,,,,,,,,,,,,,,,,,
rsg_object_detection,frame_trace,253,rsg_20260806_24_704879999_000253,sent_to_hydra,,,,,,,,,,,483.4004419972189,ok,14.067443989915773,459.7492989996681,8.911719007301144,0.15768400044180453,8.75403500685934,0.006111004040576518,1.1081380071118474,0.1763709879014641,324.85751100466587,26.283033002982847,0.007006994565017521,351.3239219901152,59.262374983518384,24.14252700691577,9.26209099998232,9.030432003783062,16.01407802081667,22.668691002763808,13.27393899555318,3.539627999998629,5.1237599982414395,0.6836270040366799,106.0,14.0,3.666498014354147,1.8476020050002262,0.36915199598297477,1.5180260088527575,0.0345579901477322,0.005055000656284392,89.39595399715472,7.297734002349898,0.14373299200087786,10.388467999291606,0.09135001164395362,5.13147099991329,4.439620999619365,0.10415200085844845,0.587697999435477,8.179744007065892,0.7512689917348325,0.004959991201758385,0.665868996293284,8,0,8,0,0,,,,,,,,,,,,,,
rsg_object_detection,dropped_oldest,263,rsg_20260806_25_204879999_000263,dropped,True,fifo_cached_frame,264,27,0,235,27,0,1,0.0,50.29725100030191,frame_fifo_full,,,,,,,,,,,,,,,,,,,,,,,,,,,,,,,,,,,,,,,,,,,,,,,,,,,,,,,,,,,,,,
rsg_object_detection,dropped_oldest,264,rsg_20260806_25_254880000_000264,dropped,True,fifo_cached_frame,265,27,0,236,27,0,1,0.0,61.44640300772153,frame_fifo_full,,,,,,,,,,,,,,,,,,,,,,,,,,,,,,,,,,,,,,,,,,,,,,,,,,,,,,,,,,,,,,
rsg_object_detection,dropped_oldest,265,rsg_20260806_25_304880000_000265,dropped,True,fifo_cached_frame,266,27,0,237,27,0,1,0.0,41.42655699979514,frame_fifo_full,,,,,,,,,,,,,,,,,,,,,,,,,,,,,,,,,,,,,,,,,,,,,,,,,,,,,,,,,,,,,,
rsg_object_detection,dropped_oldest,266,rsg_20260806_25_354880000_000266,dropped,True,fifo_cached_frame,267,27,0,238,27,0,1,0.0,50.93170299369376,frame_fifo_full,,,,,,,,,,,,,,,,,,,,,,,,,,,,,,,,,,,,,,,,,,,,,,,,,,,,,,,,,,,,,,
rsg_object_detection,dropped_oldest,267,rsg_20260806_25_404879999_000267,dropped,True,fifo_cached_frame,268,27,0,239,27,0,1,0.0,49.88983299699612,frame_fifo_full,,,,,,,,,,,,,,,,,,,,,,,,,,,,,,,,,,,,,,,,,,,,,,,,,,,,,,,,,,,,,,
rsg_object_detection,dropped_oldest,268,rsg_20260806_25_454879999_000268,dropped,True,fifo_cached_frame,269,27,0,240,27,0,1,0.0,50.97390899027232,frame_fifo_full,,,,,,,,,,,,,,,,,,,,,,,,,,,,,,,,,,,,,,,,,,,,,,,,,,,,,,,,,,,,,,
rsg_object_detection,dropped_oldest,269,rsg_20260806_25_504880000_000269,dropped,True,fifo_cached_frame,270,27,0,241,27,0,1,0.0,49.37992099439725,frame_fifo_full,,,,,,,,,,,,,,,,,,,,,,,,,,,,,,,,,,,,,,,,,,,,,,,,,,,,,,,,,,,,,,
rsg_object_detection,dropped_oldest,270,rsg_20260806_25_554880000_000270,dropped,True,fifo_cached_frame,271,27,0,242,27,0,1,0.0,62.49496100645047,frame_fifo_full,,,,,,,,,,,,,,,,,,,,,,,,,,,,,,,,,,,,,,,,,,,,,,,,,,,,,,,,,,,,,,
rsg_object_detection,dropped_oldest,271,rsg_20260806_25_604880000_000271,dropped,True,fifo_cached_frame,272,27,0,243,27,0,1,0.0,42.55264600215014,frame_fifo_full,,,,,,,,,,,,,,,,,,,,,,,,,,,,,,,,,,,,,,,,,,,,,,,,,,,,,,,,,,,,,,
rsg_object_detection,frame_trace,262,rsg_20260806_25_154879999_000262,sent_to_hydra,,,,,,,,,,,537.5412849971326,ok,9.701578004751354,491.6496730002109,35.571682994486764,0.15256399638019502,35.41911899810657,0.0032640091376379132,2.530745987314731,0.20356799359433353,320.0630049977917,26.022896010545082,0.010463991202414036,346.29993299313355,84.32570399600081,21.929871014435776,10.666911985026672,28.136457010987215,22.72568100306671,28.2931190013187,19.659425001009367,4.123293998418376,3.505998000036925,0.9625810052966699,114.0,16.0,7.950164988869801,0.5329499836079776,0.7199110259534791,3.797911005676724,0.03676499181892723,0.004351997631601989,125.67530899832491,5.704290000721812,0.13394199777394533,11.26532799389679,0.040125029045157135,4.4844819931313396,3.8560190005227923,0.10213600762654096,0.5263269849820063,4.510462997131981,0.700585005688481,0.0060480087995529175,0.6150869885459542,8,0,8,0,0,,,,,,,,,,,,,,
rsg_object_detection,dropped_oldest,273,rsg_20260806_25_704879999_000273,dropped,True,fifo_cached_frame,274,28,0,244,28,0,1,0.0,46.39848899387289,frame_fifo_full,,,,,,,,,,,,,,,,,,,,,,,,,,,,,,,,,,,,,,,,,,,,,,,,,,,,,,,,,,,,,,
rsg_object_detection,dropped_oldest,274,rsg_20260806_25_754880000_000274,dropped,True,fifo_cached_frame,275,28,0,245,28,0,1,0.0,55.370781003148295,frame_fifo_full,,,,,,,,,,,,,,,,,,,,,,,,,,,,,,,,,,,,,,,,,,,,,,,,,,,,,,,,,,,,,,
rsg_object_detection,dropped_oldest,275,rsg_20260806_25_804880000_000275,dropped,True,fifo_cached_frame,276,28,0,246,28,0,1,0.0,47.05747800471727,frame_fifo_full,,,,,,,,,,,,,,,,,,,,,,,,,,,,,,,,,,,,,,,,,,,,,,,,,,,,,,,,,,,,,,
rsg_object_detection,dropped_oldest,276,rsg_20260806_25_854880000_000276,dropped,True,fifo_cached_frame,277,28,0,247,28,0,1,0.0,51.52890499448404,frame_fifo_full,,,,,,,,,,,,,,,,,,,,,,,,,,,,,,,,,,,,,,,,,,,,,,,,,,,,,,,,,,,,,,
rsg_object_detection,dropped_oldest,277,rsg_20260806_25_904879999_000277,dropped,True,fifo_cached_frame,278,28,0,248,28,0,1,0.0,51.54416800360195,frame_fifo_full,,,,,,,,,,,,,,,,,,,,,,,,,,,,,,,,,,,,,,,,,,,,,,,,,,,,,,,,,,,,,,
rsg_object_detection,dropped_oldest,278,rsg_20260806_25_954879999_000278,dropped,True,fifo_cached_frame,279,28,0,249,28,0,1,0.0,49.910439003724605,frame_fifo_full,,,,,,,,,,,,,,,,,,,,,,,,,,,,,,,,,,,,,,,,,,,,,,,,,,,,,,,,,,,,,,
rsg_object_detection,dropped_oldest,279,rsg_20260806_26_004879999_000279,dropped,True,fifo_cached_frame,280,28,0,250,28,0,1,0.0,51.30284299957566,frame_fifo_full,,,,,,,,,,,,,,,,,,,,,,,,,,,,,,,,,,,,,,,,,,,,,,,,,,,,,,,,,,,,,,
rsg_object_detection,dropped_oldest,280,rsg_20260806_26_054880000_000280,dropped,True,fifo_cached_frame,281,28,0,251,28,0,1,0.0,47.10761801106855,frame_fifo_full,,,,,,,,,,,,,,,,,,,,,,,,,,,,,,,,,,,,,,,,,,,,,,,,,,,,,,,,,,,,,,
rsg_object_detection,dropped_oldest,281,rsg_20260806_26_104880000_000281,dropped,True,fifo_cached_frame,282,28,0,252,28,0,1,0.0,56.7177159973653,frame_fifo_full,,,,,,,,,,,,,,,,,,,,,,,,,,,,,,,,,,,,,,,,,,,,,,,,,,,,,,,,,,,,,,
rsg_object_detection,dropped_oldest,282,rsg_20260806_26_154879999_000282,dropped,True,fifo_cached_frame,283,28,0,253,28,0,1,0.0,41.35161900194362,frame_fifo_full,,,,,,,,,,,,,,,,,,,,,,,,,,,,,,,,,,,,,,,,,,,,,,,,,,,,,,,,,,,,,,
rsg_object_detection,frame_trace,272,rsg_20260806_25_654879999_000272,sent_to_hydra,,,,,,,,,,,549.0813880023779,ok,14.260134994401596,492.28732599294744,41.83164599817246,0.13333400420378894,41.69831199396867,0.0036800047382712364,4.281714005628601,0.16574699839111418,346.44703099911567,33.57027500169352,0.008096001693047583,380.19114900089335,53.37579998013098,22.714740014635026,4.598426981829107,13.457957975333557,11.897600008524023,31.201884004985914,17.279738996876404,9.540503000607714,3.44280299032107,0.8961860003182665,118.0,16.0,3.971946964156814,0.9693960018921643,0.35382804344408214,1.3628699962282553,0.033244999940507114,0.0039040023693814874,91.28724099718966,3.447089999099262,0.1387089869240299,12.893074002931826,0.048349000280722976,9.255309996660799,8.616064005764201,0.11282300692982972,0.5264229839667678,3.544844003045,0.694026006385684,0.7659549883101135,0.6986010121181607,8,0,8,0,0,,,,,,,,,,,,,,
rsg_object_detection,dropped_oldest,284,rsg_20260806_26_254880000_000284,dropped,True,fifo_cached_frame,285,29,0,254,29,0,1,0.0,47.244828994735144,frame_fifo_full,,,,,,,,,,,,,,,,,,,,,,,,,,,,,,,,,,,,,,,,,,,,,,,,,,,,,,,,,,,,,,
rsg_object_detection,dropped_oldest,285,rsg_20260806_26_304880000_000285,dropped,True,fifo_cached_frame,286,29,0,255,29,0,1,0.0,53.593358999933116,frame_fifo_full,,,,,,,,,,,,,,,,,,,,,,,,,,,,,,,,,,,,,,,,,,,,,,,,,,,,,,,,,,,,,,
rsg_object_detection,dropped_oldest,286,rsg_20260806_26_354880000_000286,dropped,True,fifo_cached_frame,287,29,0,256,29,0,1,0.0,48.05423799552955,frame_fifo_full,,,,,,,,,,,,,,,,,,,,,,,,,,,,,,,,,,,,,,,,,,,,,,,,,,,,,,,,,,,,,,
rsg_object_detection,dropped_oldest,287,rsg_20260806_26_404879999_000287,dropped,True,fifo_cached_frame,288,29,0,257,29,0,1,0.0,51.5043049963424,frame_fifo_full,,,,,,,,,,,,,,,,,,,,,,,,,,,,,,,,,,,,,,,,,,,,,,,,,,,,,,,,,,,,,,
rsg_object_detection,dropped_oldest,288,rsg_20260806_26_454879999_000288,dropped,True,fifo_cached_frame,289,29,0,258,29,0,1,0.0,49.83217900735326,frame_fifo_full,,,,,,,,,,,,,,,,,,,,,,,,,,,,,,,,,,,,,,,,,,,,,,,,,,,,,,,,,,,,,,
rsg_object_detection,dropped_oldest,289,rsg_20260806_26_504880000_000289,dropped,True,fifo_cached_frame,290,29,0,259,29,0,1,0.0,50.25806599587668,frame_fifo_full,,,,,,,,,,,,,,,,,,,,,,,,,,,,,,,,,,,,,,,,,,,,,,,,,,,,,,,,,,,,,,
rsg_object_detection,dropped_oldest,290,rsg_20260806_26_554880000_000290,dropped,True,fifo_cached_frame,291,29,0,260,29,0,1,0.0,56.09037898830138,frame_fifo_full,,,,,,,,,,,,,,,,,,,,,,,,,,,,,,,,,,,,,,,,,,,,,,,,,,,,,,,,,,,,,,
rsg_object_detection,dropped_oldest,291,rsg_20260806_26_604880000_000291,dropped,True,fifo_cached_frame,292,29,0,261,29,0,1,0.0,56.43569599487819,frame_fifo_full,,,,,,,,,,,,,,,,,,,,,,,,,,,,,,,,,,,,,,,,,,,,,,,,,,,,,,,,,,,,,,
rsg_object_detection,dropped_oldest,292,rsg_20260806_26_654879999_000292,dropped,True,fifo_cached_frame,293,29,0,262,29,0,1,0.0,37.27459900255781,frame_fifo_full,,,,,,,,,,,,,,,,,,,,,,,,,,,,,,,,,,,,,,,,,,,,,,,,,,,,,,,,,,,,,,
rsg_object_detection,frame_trace,283,rsg_20260806_26_204879999_000283,sent_to_hydra,,,,,,,,,,,512.6474870048696,ok,13.926497995271347,484.6102180017624,13.327407999895513,0.16322000010404736,13.164187999791466,0.00457599526271224,0.9257189958589152,0.16040400078054518,322.2348449926358,24.803570995572954,0.006974005373194814,347.20579399436247,76.78313601354603,16.58126800612081,4.733037989353761,24.557127981097437,30.303046994959004,36.90083599940408,29.60895499563776,3.3453390060458332,3.087599005084485,0.8215999987442046,122.0,17.0,3.258945987909101,0.7537640049122274,0.29984799039084464,1.2634859886020422,0.034652999602258205,0.004927991540171206,119.3139310053084,3.2967670122161508,0.13278999540489167,13.68664499022998,0.0485720083815977,9.608306994778104,8.949253999162465,0.09883999882731587,0.5602129967883229,3.61478999548126,0.6989849935052916,0.004416011506691575,0.7787870126776397,8,0,8,0,0,,,,,,,,,,,,,,
rsg_object_detection,dropped_oldest,294,rsg_20260806_26_754880000_000294,dropped,True,fifo_cached_frame,295,30,0,263,30,0,1,0.0,49.89988599845674,frame_fifo_full,,,,,,,,,,,,,,,,,,,,,,,,,,,,,,,,,,,,,,,,,,,,,,,,,,,,,,,,,,,,,,
rsg_object_detection,dropped_oldest,295,rsg_20260806_26_804880000_000295,dropped,True,fifo_cached_frame,296,30,0,264,30,0,1,0.0,50.352393998764455,frame_fifo_full,,,,,,,,,,,,,,,,,,,,,,,,,,,,,,,,,,,,,,,,,,,,,,,,,,,,,,,,,,,,,,
rsg_object_detection,dropped_oldest,296,rsg_20260806_26_854880000_000296,dropped,True,fifo_cached_frame,297,30,0,265,30,0,1,0.0,52.77134299103636,frame_fifo_full,,,,,,,,,,,,,,,,,,,,,,,,,,,,,,,,,,,,,,,,,,,,,,,,,,,,,,,,,,,,,,
rsg_object_detection,dropped_oldest,297,rsg_20260806_26_904879999_000297,dropped,True,fifo_cached_frame,298,30,0,266,30,0,1,0.0,44.95284799486399,frame_fifo_full,,,,,,,,,,,,,,,,,,,,,,,,,,,,,,,,,,,,,,,,,,,,,,,,,,,,,,,,,,,,,,
rsg_object_detection,dropped_oldest,298,rsg_20260806_26_954879999_000298,dropped,True,fifo_cached_frame,299,30,0,267,30,0,1,0.0,49.6716479974566,frame_fifo_full,,,,,,,,,,,,,,,,,,,,,,,,,,,,,,,,,,,,,,,,,,,,,,,,,,,,,,,,,,,,,,
rsg_object_detection,dropped_oldest,299,rsg_20260806_27_004879999_000299,dropped,True,fifo_cached_frame,300,30,0,268,30,0,1,0.0,55.62491199816577,frame_fifo_full,,,,,,,,,,,,,,,,,,,,,,,,,,,,,,,,,,,,,,,,,,,,,,,,,,,,,,,,,,,,,,
rsg_object_detection,dropped_oldest,300,rsg_20260806_27_054880000_000300,dropped,True,fifo_cached_frame,301,30,0,269,30,0,1,0.0,60.875189999933355,frame_fifo_full,,,,,,,,,,,,,,,,,,,,,,,,,,,,,,,,,,,,,,,,,,,,,,,,,,,,,,,,,,,,,,
rsg_object_detection,dropped_oldest,301,rsg_20260806_27_104880000_000301,dropped,True,fifo_cached_frame,302,30,0,270,30,0,1,0.0,46.108725990052335,frame_fifo_full,,,,,,,,,,,,,,,,,,,,,,,,,,,,,,,,,,,,,,,,,,,,,,,,,,,,,,,,,,,,,,
rsg_object_detection,dropped_oldest,302,rsg_20260806_27_154879999_000302,dropped,True,fifo_cached_frame,303,30,0,271,31,0,1,0.0,48.63460898923222,frame_fifo_full,,,,,,,,,,,,,,,,,,,,,,,,,,,,,,,,,,,,,,,,,,,,,,,,,,,,,,,,,,,,,,
rsg_object_detection,frame_trace,293,rsg_20260806_26_704879999_000293,sent_to_hydra,,,,,,,,,,,500.29700000595767,ok,9.839841004577465,474.64072800357826,15.160322000156157,0.14622800517827272,15.014093994977884,0.0028479989850893617,0.9546779911033809,0.16686698654666543,320.8539000042947,27.93075099179987,0.007423004717566073,348.9589409873588,59.595514976535924,18.13237799797207,5.165868031326681,15.709592000348493,19.979178003268316,47.96054899634328,30.865818000165746,11.292752009467222,5.117297012475319,0.5654920096276328,127.0,18.0,3.3166700013680384,0.435134963481687,0.29501506651286036,1.1401350056985393,0.034429001971147954,0.0038080033846199512,112.79581498820335,2.5534009910188615,0.13218200183473527,9.202482993714511,0.043228050344623625,5.648295002174564,5.107761986437254,0.08345000969711691,0.45708300604019314,3.625509998528287,0.5618769937427714,0.004159010131843388,0.6532609986606985,8,0,7,0,0,,,,,,,,,,,,,,
rsg_object_detection,,14,rsg_20260806_12_704879999_000014,vlm_failed,,,,,,,,,,,,"{""label"":""unknown_object"",""label_confidence"":0.0,""mobility_class"":""unknown"",""mobility_confidence"":0.0}",,,,,,,,,,,,,,,,,,,,,,,,,,,,,,,,,,,,,,,,,,,,,,,,,rsg_obj_000001,rsg_unknown_rsg_20260806_12_704879999_000014_001_nanosam_005,,,2,0.6460311880159737,unknown_object,0.0,unknown,0.0,8751.775649012416,8885.26469799399,qwen_http,Qwen3-VL-8B-Instruct-GGUF
rsg_object_detection,completed,14,rsg_20260806_12_704879999_000014,,,,,,,,,,,133.4872579900548,,vlm_failed,,,,,,,,,,,,,,,,,,,,,,,,,,,,,,,,,,,,,,,,,,,,,,,,,rsg_obj_000001,rsg_unknown_rsg_20260806_12_704879999_000014_001_nanosam_005,5,300,2,0.6460311880159737,,,,,,,,
rsg_object_detection,dequeued,1,rsg_20260806_12_054880000_000001,,,,,,,,,,,8587.176303000888,,fifo_order,,,,,,,,,,,,,,,,,,,,,,,,,,,,,,,,,,,,,,,,,,,,,,,,,rsg_obj_000004,rsg_unknown_rsg_20260806_12_054880000_000001_003_nanosam_007,4,300,1,0.6393870714751171,,,,,,,,
rsg_object_detection,dropped_oldest,304,rsg_20260806_27_254880000_000304,dropped,True,fifo_cached_frame,305,31,0,272,31,0,1,0.0,47.50970999884885,frame_fifo_full,,,,,,,,,,,,,,,,,,,,,,,,,,,,,,,,,,,,,,,,,,,,,,,,,,,,,,,,,,,,,,
rsg_object_detection,dropped_oldest,305,rsg_20260806_27_304880000_000305,dropped,True,fifo_cached_frame,306,31,0,273,31,0,1,0.0,51.91659901174717,frame_fifo_full,,,,,,,,,,,,,,,,,,,,,,,,,,,,,,,,,,,,,,,,,,,,,,,,,,,,,,,,,,,,,,
rsg_object_detection,dropped_oldest,306,rsg_20260806_27_354880000_000306,dropped,True,fifo_cached_frame,307,31,0,274,31,0,1,0.0,51.0450510046212,frame_fifo_full,,,,,,,,,,,,,,,,,,,,,,,,,,,,,,,,,,,,,,,,,,,,,,,,,,,,,,,,,,,,,,
rsg_object_detection,dropped_oldest,307,rsg_20260806_27_404879999_000307,dropped,True,fifo_cached_frame,308,31,0,275,31,0,1,0.0,61.26355098967906,frame_fifo_full,,,,,,,,,,,,,,,,,,,,,,,,,,,,,,,,,,,,,,,,,,,,,,,,,,,,,,,,,,,,,,
rsg_object_detection,dropped_oldest,308,rsg_20260806_27_454879999_000308,dropped,True,fifo_cached_frame,309,31,0,276,31,0,1,0.0,45.0294870097423,frame_fifo_full,,,,,,,,,,,,,,,,,,,,,,,,,,,,,,,,,,,,,,,,,,,,,,,,,,,,,,,,,,,,,,
rsg_object_detection,dropped_oldest,309,rsg_20260806_27_504880000_000309,dropped,True,fifo_cached_frame,310,31,0,277,31,0,1,0.0,41.93846399721224,frame_fifo_full,,,,,,,,,,,,,,,,,,,,,,,,,,,,,,,,,,,,,,,,,,,,,,,,,,,,,,,,,,,,,,
rsg_object_detection,frame_trace,303,rsg_20260806_27_204879999_000303,sent_to_hydra,,,,,,,,,,,349.7127750015352,ok,11.510495998663828,335.9102980030002,1.6443200001958758,0.15777999942656606,1.4865400007693097,0.004255998646840453,4.25214899587445,0.19281699496787041,174.27100699569564,25.588119999156334,0.007776005077175796,200.05971999489702,75.38242002192419,17.94548300676979,4.951421986334026,31.799573000171222,19.835704035358503,35.18455800076481,15.275547004421242,6.898886989802122,4.180314994300716,8.716698008356616,133.0,19.0,3.5772900009760633,0.45190099626779556,0.34464398049749434,2.6446270057931542,0.04297299892641604,0.00428801286034286,117.64853900240269,2.5680560065666214,0.11589399946387857,11.230102012632415,0.035837991163134575,7.5960810063406825,7.037085000774823,0.08232900290749967,0.4766670026583597,3.3526670013088733,0.5573960079345852,0.004351983079686761,0.6434050010284409,8,0,7,0,0,,,,,,,,,,,,,,
rsg_object_detection,dropped_oldest,311,rsg_20260806_27_604880000_000311,dropped,True,fifo_cached_frame,312,32,0,278,32,0,1,0.0,41.097601992078125,frame_fifo_full,,,,,,,,,,,,,,,,,,,,,,,,,,,,,,,,,,,,,,,,,,,,,,,,,,,,,,,,,,,,,,
rsg_object_detection,dropped_oldest,312,rsg_20260806_27_654879999_000312,dropped,True,fifo_cached_frame,313,32,0,279,32,0,1,0.0,51.12043699773494,frame_fifo_full,,,,,,,,,,,,,,,,,,,,,,,,,,,,,,,,,,,,,,,,,,,,,,,,,,,,,,,,,,,,,,
rsg_object_detection,dropped_oldest,313,rsg_20260806_27_704879999_000313,dropped,True,fifo_cached_frame,314,32,0,280,32,0,1,0.0,49.60916300478857,frame_fifo_full,,,,,,,,,,,,,,,,,,,,,,,,,,,,,,,,,,,,,,,,,,,,,,,,,,,,,,,,,,,,,,
rsg_object_detection,dropped_oldest,314,rsg_20260806_27_754880000_000314,dropped,True,fifo_cached_frame,315,32,0,281,32,0,1,0.0,48.4360060072504,frame_fifo_full,,,,,,,,,,,,,,,,,,,,,,,,,,,,,,,,,,,,,,,,,,,,,,,,,,,,,,,,,,,,,,
rsg_object_detection,dropped_oldest,315,rsg_20260806_27_804880000_000315,dropped,True,fifo_cached_frame,316,32,0,282,32,0,1,0.0,50.16230400360655,frame_fifo_full,,,,,,,,,,,,,,,,,,,,,,,,,,,,,,,,,,,,,,,,,,,,,,,,,,,,,,,,,,,,,,
rsg_object_detection,dropped_oldest,316,rsg_20260806_27_854880000_000316,dropped,True,fifo_cached_frame,317,32,0,283,32,0,1,0.0,60.52540100063197,frame_fifo_full,,,,,,,,,,,,,,,,,,,,,,,,,,,,,,,,,,,,,,,,,,,,,,,,,,,,,,,,,,,,,,
rsg_object_detection,dropped_oldest,317,rsg_20260806_27_904879999_000317,dropped,True,fifo_cached_frame,318,32,0,284,32,0,1,0.0,40.92180599400308,frame_fifo_full,,,,,,,,,,,,,,,,,,,,,,,,,,,,,,,,,,,,,,,,,,,,,,,,,,,,,,,,,,,,,,
rsg_object_detection,dropped_oldest,318,rsg_20260806_27_954879999_000318,dropped,True,fifo_cached_frame,319,32,0,285,32,0,1,0.0,56.432056007906795,frame_fifo_full,,,,,,,,,,,,,,,,,,,,,,,,,,,,,,,,,,,,,,,,,,,,,,,,,,,,,,,,,,,,,,
rsg_object_detection,frame_trace,310,rsg_20260806_27_554880000_000310,sent_to_hydra,,,,,,,,,,,468.26838499691803,ok,9.574102994520217,443.73253401136026,13.968673010822386,0.1296539994655177,13.839019011356868,0.002911998308263719,0.9123449999606237,0.14562100113835186,299.9163999920711,20.21212299587205,0.005951005732640624,320.28009499481414,71.06489999569021,16.418114988482557,5.3276479738997295,33.08091299550142,15.602306011714973,24.56512799835764,16.123352994327433,4.46739699691534,3.2993589993566275,0.6412940128939226,141.0,20.0,3.1959119951352477,0.8641899912618101,0.4130860324949026,1.3545189867727458,0.0498529989272356,0.004287998308427632,101.52867301076185,4.759629999171011,0.16654700448270887,16.02390500192996,0.0613390002399683,5.301794997649267,4.428519998327829,0.08751399582251906,0.7857610034989193,3.6226939992047846,0.645389998680912,0.0042239989852532744,0.9901629819069058,8,0,8,0,0,,,,,,,,,,,,,,
rsg_object_detection,dropped_oldest,320,rsg_20260806_28_054880000_000320,dropped,True,fifo_cached_frame,321,33,0,286,33,0,1,0.0,38.514602012583055,frame_fifo_full,,,,,,,,,,,,,,,,,,,,,,,,,,,,,,,,,,,,,,,,,,,,,,,,,,,,,,,,,,,,,,
rsg_object_detection,dropped_oldest,321,rsg_20260806_28_104880000_000321,dropped,True,fifo_cached_frame,322,33,0,287,33,0,1,0.0,51.87570600537583,frame_fifo_full,,,,,,,,,,,,,,,,,,,,,,,,,,,,,,,,,,,,,,,,,,,,,,,,,,,,,,,,,,,,,,
rsg_object_detection,dropped_oldest,322,rsg_20260806_28_154879999_000322,dropped,True,fifo_cached_frame,323,33,0,288,33,0,1,0.0,51.45673100196291,frame_fifo_full,,,,,,,,,,,,,,,,,,,,,,,,,,,,,,,,,,,,,,,,,,,,,,,,,,,,,,,,,,,,,,
rsg_object_detection,dropped_oldest,323,rsg_20260806_28_204879999_000323,dropped,True,fifo_cached_frame,324,33,0,289,33,0,1,0.0,46.49375700682867,frame_fifo_full,,,,,,,,,,,,,,,,,,,,,,,,,,,,,,,,,,,,,,,,,,,,,,,,,,,,,,,,,,,,,,
rsg_object_detection,dropped_oldest,324,rsg_20260806_28_254880000_000324,dropped,True,fifo_cached_frame,325,33,0,290,33,0,1,0.0,51.43907498859335,frame_fifo_full,,,,,,,,,,,,,,,,,,,,,,,,,,,,,,,,,,,,,,,,,,,,,,,,,,,,,,,,,,,,,,
rsg_object_detection,dropped_oldest,325,rsg_20260806_28_304880000_000325,dropped,True,fifo_cached_frame,326,33,0,291,33,0,1,0.0,53.28235500201117,frame_fifo_full,,,,,,,,,,,,,,,,,,,,,,,,,,,,,,,,,,,,,,,,,,,,,,,,,,,,,,,,,,,,,,
rsg_object_detection,dropped_oldest,326,rsg_20260806_28_354880000_000326,dropped,True,fifo_cached_frame,327,33,0,292,33,0,1,0.0,116.56831701111514,frame_fifo_full,,,,,,,,,,,,,,,,,,,,,,,,,,,,,,,,,,,,,,,,,,,,,,,,,,,,,,,,,,,,,,
rsg_object_detection,dropped_oldest,327,rsg_20260806_28_404879999_000327,dropped,True,fifo_cached_frame,328,33,0,293,33,0,1,0.0,2.9097260121488944,frame_fifo_full,,,,,,,,,,,,,,,,,,,,,,,,,,,,,,,,,,,,,,,,,,,,,,,,,,,,,,,,,,,,,,
rsg_object_detection,frame_trace,319,rsg_20260806_28_004879999_000319,sent_to_hydra,,,,,,,,,,,476.3386320119025,ok,8.865903000696562,447.7887889952399,18.87008300400339,0.14158900012262166,18.72849400388077,0.0015039986465126276,1.1250329989707097,0.2251350088045001,319.8591469990788,27.900198998395354,0.007583992555737495,347.9920649988344,46.31003500253428,16.63310699223075,3.679040994029492,16.12671499606222,9.373893990414217,23.860481000156142,14.199088007444516,5.8166999951936305,3.0764010007260367,0.7291600049939007,152.0,22.0,3.1605850090272725,0.4027869872516021,0.2976389951072633,1.2971149990335107,0.04518000059761107,0.004960005753673613,75.39455700316466,3.2362279889639467,0.19368100038263947,19.810491998214275,0.03673300670925528,4.6457510034088045,4.2107769986614585,0.09365701407659799,0.34131699067074805,3.5315650020493194,0.6835630047135055,0.005023990524932742,0.8123530133161694,8,0,8,0,0,,,,,,,,,,,,,,
rsg_object_detection,dropped_oldest,329,rsg_20260806_28_504880000_000329,dropped,True,fifo_cached_frame,330,34,0,294,34,0,1,0.0,52.27248200390022,frame_fifo_full,,,,,,,,,,,,,,,,,,,,,,,,,,,,,,,,,,,,,,,,,,,,,,,,,,,,,,,,,,,,,,
rsg_object_detection,dropped_oldest,330,rsg_20260806_28_554880000_000330,dropped,True,fifo_cached_frame,331,34,0,295,34,0,1,0.0,49.9171120027313,frame_fifo_full,,,,,,,,,,,,,,,,,,,,,,,,,,,,,,,,,,,,,,,,,,,,,,,,,,,,,,,,,,,,,,
rsg_object_detection,dropped_oldest,331,rsg_20260806_28_604880000_000331,dropped,True,fifo_cached_frame,332,34,0,296,34,0,1,0.0,51.27735898713581,frame_fifo_full,,,,,,,,,,,,,,,,,,,,,,,,,,,,,,,,,,,,,,,,,,,,,,,,,,,,,,,,,,,,,,
rsg_object_detection,dropped_oldest,332,rsg_20260806_28_654879999_000332,dropped,True,fifo_cached_frame,333,34,0,297,34,0,1,0.0,48.98467299062759,frame_fifo_full,,,,,,,,,,,,,,,,,,,,,,,,,,,,,,,,,,,,,,,,,,,,,,,,,,,,,,,,,,,,,,
rsg_object_detection,dropped_oldest,333,rsg_20260806_28_704879999_000333,dropped,True,fifo_cached_frame,334,34,0,298,34,0,1,0.0,50.31007398793008,frame_fifo_full,,,,,,,,,,,,,,,,,,,,,,,,,,,,,,,,,,,,,,,,,,,,,,,,,,,,,,,,,,,,,,
rsg_object_detection,dropped_oldest,334,rsg_20260806_28_754880000_000334,dropped,True,fifo_cached_frame,335,34,0,299,34,0,1,0.0,51.52981900027953,frame_fifo_full,,,,,,,,,,,,,,,,,,,,,,,,,,,,,,,,,,,,,,,,,,,,,,,,,,,,,,,,,,,,,,
rsg_object_detection,dropped_oldest,335,rsg_20260806_28_804880000_000335,dropped,True,fifo_cached_frame,336,34,0,300,34,0,1,0.0,74.08621000649873,frame_fifo_full,,,,,,,,,,,,,,,,,,,,,,,,,,,,,,,,,,,,,,,,,,,,,,,,,,,,,,,,,,,,,,
rsg_object_detection,dropped_oldest,336,rsg_20260806_28_854880000_000336,dropped,True,fifo_cached_frame,337,34,0,301,34,0,1,0.0,27.95952299493365,frame_fifo_full,,,,,,,,,,,,,,,,,,,,,,,,,,,,,,,,,,,,,,,,,,,,,,,,,,,,,,,,,,,,,,
rsg_object_detection,dropped_oldest,337,rsg_20260806_28_904879999_000337,dropped,True,fifo_cached_frame,338,34,0,302,34,0,1,0.0,49.61630399338901,frame_fifo_full,,,,,,,,,,,,,,,,,,,,,,,,,,,,,,,,,,,,,,,,,,,,,,,,,,,,,,,,,,,,,,
rsg_object_detection,frame_trace,328,rsg_20260806_28_454879999_000328,sent_to_hydra,,,,,,,,,,,503.99046299571637,ok,8.654431003378704,476.0138529964024,18.407912997645326,0.11906199506483972,18.288851002580486,0.00246299896389246,3.1053589918883517,0.21771100000478327,327.39925901114475,23.093789000995457,0.007551978342235088,350.7183109904872,69.72482198034413,31.065427014254965,4.885285001364537,15.956998977344483,17.249827986233868,29.353205987717956,19.498068999382667,4.134175003855489,4.9129300023196265,0.7626280130352825,150.0,22.0,3.464178036665544,0.3724510024767369,0.33798998629208654,1.2646050017792732,0.040188999264501035,0.00409600033890456,104.57619299995713,6.5157170029124245,0.13490200217347592,10.920176006038673,0.043195002945140004,4.596890998072922,3.984009992564097,0.09055300324689597,0.5223280022619292,3.373753002961166,0.6791789928684011,0.004608009476214647,0.9118029993260279,8,0,8,0,0,,,,,,,,,,,,,,
rsg_object_detection,dropped_oldest,339,rsg_20260806_29_004879999_000339,dropped,True,fifo_cached_frame,340,35,0,303,35,0,1,0.0,49.46773999836296,frame_fifo_full,,,,,,,,,,,,,,,,,,,,,,,,,,,,,,,,,,,,,,,,,,,,,,,,,,,,,,,,,,,,,,
rsg_object_detection,dropped_oldest,340,rsg_20260806_29_054880000_000340,dropped,True,fifo_cached_frame,341,35,0,304,35,0,1,0.0,54.60036499425769,frame_fifo_full,,,,,,,,,,,,,,,,,,,,,,,,,,,,,,,,,,,,,,,,,,,,,,,,,,,,,,,,,,,,,,
rsg_object_detection,dropped_oldest,341,rsg_20260806_29_104880000_000341,dropped,True,fifo_cached_frame,342,35,0,305,35,0,1,0.0,46.7648449994158,frame_fifo_full,,,,,,,,,,,,,,,,,,,,,,,,,,,,,,,,,,,,,,,,,,,,,,,,,,,,,,,,,,,,,,
rsg_object_detection,dropped_oldest,342,rsg_20260806_29_154879999_000342,dropped,True,fifo_cached_frame,343,35,0,306,35,0,1,0.0,51.08227000164334,frame_fifo_full,,,,,,,,,,,,,,,,,,,,,,,,,,,,,,,,,,,,,,,,,,,,,,,,,,,,,,,,,,,,,,
rsg_object_detection,dropped_oldest,343,rsg_20260806_29_204879999_000343,dropped,True,fifo_cached_frame,344,35,0,307,35,0,1,0.0,55.60419199173339,frame_fifo_full,,,,,,,,,,,,,,,,,,,,,,,,,,,,,,,,,,,,,,,,,,,,,,,,,,,,,,,,,,,,,,
rsg_object_detection,dropped_oldest,344,rsg_20260806_29_254880000_000344,dropped,True,fifo_cached_frame,345,35,0,308,35,0,1,0.0,46.490312000969425,frame_fifo_full,,,,,,,,,,,,,,,,,,,,,,,,,,,,,,,,,,,,,,,,,,,,,,,,,,,,,,,,,,,,,,
rsg_object_detection,dropped_oldest,345,rsg_20260806_29_304880000_000345,dropped,True,fifo_cached_frame,346,35,0,309,35,0,1,0.0,64.96839899045881,frame_fifo_full,,,,,,,,,,,,,,,,,,,,,,,,,,,,,,,,,,,,,,,,,,,,,,,,,,,,,,,,,,,,,,
rsg_object_detection,frame_trace,338,rsg_20260806_28_954879999_000338,sent_to_hydra,,,,,,,,,,,512.4022509990027,ok,8.651711992570199,471.91800399741624,31.211398003506474,0.14382900553755462,31.06756899796892,0.0031679956009611487,0.9023300081025809,0.14590899809263647,326.3820979918819,21.12165700236801,0.008032002369873226,347.6576959947124,72.78273596602958,19.41826999245677,3.32022100337781,34.742487987386994,14.69162899593357,27.10365699022077,18.85047300311271,3.2565479923505336,4.293842997867614,0.6668279966106638,135.0,22.0,3.14215398975648,1.8752479954855517,0.33283905941061676,1.3753810053458437,0.04636500671040267,0.005055990186519921,106.68141800852027,4.625144996680319,0.16302699805237353,11.842441002954729,0.0459469883935526,4.549374993075617,3.9130719960667193,0.09832798969000578,0.5379750073188916,3.4130160056520253,0.6842349976068363,0.005085996235720813,0.6179690099088475,8,0,8,0,0,,,,,,,,,,,,,,
rsg_object_detection,dropped_oldest,347,rsg_20260806_29_404879999_000347,dropped,True,fifo_cached_frame,348,36,0,310,36,0,1,0.0,5.4002849938115105,frame_fifo_full,,,,,,,,,,,,,,,,,,,,,,,,,,,,,,,,,,,,,,,,,,,,,,,,,,,,,,,,,,,,,,
rsg_object_detection,dropped_oldest,348,rsg_20260806_29_454879999_000348,dropped,True,fifo_cached_frame,349,36,0,311,36,0,1,0.0,7.683724004891701,frame_fifo_full,,,,,,,,,,,,,,,,,,,,,,,,,,,,,,,,,,,,,,,,,,,,,,,,,,,,,,,,,,,,,,
rsg_object_detection,dropped_oldest,349,rsg_20260806_29_504880000_000349,dropped,True,fifo_cached_frame,350,36,0,312,36,0,1,0.0,30.229367010178976,frame_fifo_full,,,,,,,,,,,,,,,,,,,,,,,,,,,,,,,,,,,,,,,,,,,,,,,,,,,,,,,,,,,,,,
rsg_object_detection,dropped_oldest,350,rsg_20260806_29_554880000_000350,dropped,True,fifo_cached_frame,351,36,0,313,36,0,1,0.0,53.910984002868645,frame_fifo_full,,,,,,,,,,,,,,,,,,,,,,,,,,,,,,,,,,,,,,,,,,,,,,,,,,,,,,,,,,,,,,
rsg_object_detection,dropped_oldest,351,rsg_20260806_29_604880000_000351,dropped,True,fifo_cached_frame,352,36,0,314,36,0,1,0.0,49.4469149998622,frame_fifo_full,,,,,,,,,,,,,,,,,,,,,,,,,,,,,,,,,,,,,,,,,,,,,,,,,,,,,,,,,,,,,,
rsg_object_detection,dropped_oldest,352,rsg_20260806_29_654879999_000352,dropped,True,fifo_cached_frame,353,36,0,315,36,0,1,0.0,49.79322500003036,frame_fifo_full,,,,,,,,,,,,,,,,,,,,,,,,,,,,,,,,,,,,,,,,,,,,,,,,,,,,,,,,,,,,,,
rsg_object_detection,dropped_oldest,353,rsg_20260806_29_704879999_000353,dropped,True,fifo_cached_frame,354,36,0,316,36,0,1,0.0,52.141010004561394,frame_fifo_full,,,,,,,,,,,,,,,,,,,,,,,,,,,,,,,,,,,,,,,,,,,,,,,,,,,,,,,,,,,,,,
rsg_object_detection,dropped_oldest,354,rsg_20260806_29_754880000_000354,dropped,True,fifo_cached_frame,355,36,0,317,36,0,1,0.0,50.70985700876918,frame_fifo_full,,,,,,,,,,,,,,,,,,,,,,,,,,,,,,,,,,,,,,,,,,,,,,,,,,,,,,,,,,,,,,
rsg_object_detection,dropped_oldest,355,rsg_20260806_29_804880000_000355,dropped,True,fifo_cached_frame,356,36,0,318,36,0,1,0.0,70.3944740089355,frame_fifo_full,,,,,,,,,,,,,,,,,,,,,,,,,,,,,,,,,,,,,,,,,,,,,,,,,,,,,,,,,,,,,,
rsg_object_detection,dropped_oldest,356,rsg_20260806_29_854880000_000356,dropped,True,fifo_cached_frame,357,36,0,319,36,0,1,0.0,32.01601099863183,frame_fifo_full,,,,,,,,,,,,,,,,,,,,,,,,,,,,,,,,,,,,,,,,,,,,,,,,,,,,,,,,,,,,,,
rsg_object_detection,dropped_oldest,357,rsg_20260806_29_904879999_000357,dropped,True,fifo_cached_frame,358,36,0,320,36,0,1,0.0,47.85583799821325,frame_fifo_full,,,,,,,,,,,,,,,,,,,,,,,,,,,,,,,,,,,,,,,,,,,,,,,,,,,,,,,,,,,,,,
rsg_object_detection,frame_trace,346,rsg_20260806_29_354880000_000346,sent_to_hydra,,,,,,,,,,,595.5497219983954,ok,12.855353998020291,478.8759920047596,102.9423480067635,0.14242100587580353,102.79992700088769,0.002878994564525783,0.9351909975521266,0.15867598995100707,322.2032850026153,27.96215000853408,0.00771199120208621,350.3318229923025,70.23660096456297,24.230728959082626,5.017563002184033,25.650618990766816,14.65294299123343,34.11783299816307,26.970227001584135,3.3131509990198538,3.1197900098050013,0.67534000845626,161.0,26.0,3.332285996293649,1.6221470141317695,0.3441600129008293,1.354006992187351,0.04738800635095686,0.0038080033846199512,111.07237300893757,2.8551069990498945,0.17553800716996193,13.461962997098453,0.043997002649120986,8.227265003370121,7.5549979956122115,0.09602498903404921,0.5762420187238604,3.843286001938395,0.7799709856044501,0.004832007107324898,0.8731489942874759,8,0,8,0,0,,,,,,,,,,,,,,
rsg_object_detection,dropped_oldest,359,rsg_20260806_30_004879999_000359,dropped,True,fifo_cached_frame,360,37,0,321,37,0,1,0.0,47.67857301339973,frame_fifo_full,,,,,,,,,,,,,,,,,,,,,,,,,,,,,,,,,,,,,,,,,,,,,,,,,,,,,,,,,,,,,,
rsg_object_detection,dropped_oldest,360,rsg_20260806_30_054880000_000360,dropped,True,fifo_cached_frame,361,37,0,322,37,0,1,0.0,104.51134599861689,frame_fifo_full,,,,,,,,,,,,,,,,,,,,,,,,,,,,,,,,,,,,,,,,,,,,,,,,,,,,,,,,,,,,,,
rsg_object_detection,dropped_oldest,361,rsg_20260806_30_154879999_000361,dropped,True,fifo_cached_frame,362,37,0,323,37,0,1,0.0,96.55769199889619,frame_fifo_full,,,,,,,,,,,,,,,,,,,,,,,,,,,,,,,,,,,,,,,,,,,,,,,,,,,,,,,,,,,,,,
rsg_object_detection,dropped_oldest,362,rsg_20260806_30_254880000_000362,dropped,True,fifo_cached_frame,363,37,0,324,37,0,1,0.0,54.29083299532067,frame_fifo_full,,,,,,,,,,,,,,,,,,,,,,,,,,,,,,,,,,,,,,,,,,,,,,,,,,,,,,,,,,,,,,
rsg_object_detection,dropped_oldest,363,rsg_20260806_30_304880000_000363,dropped,True,fifo_cached_frame,364,37,0,325,37,0,1,0.0,47.73211000429001,frame_fifo_full,,,,,,,,,,,,,,,,,,,,,,,,,,,,,,,,,,,,,,,,,,,,,,,,,,,,,,,,,,,,,,
rsg_object_detection,dropped_oldest,364,rsg_20260806_30_354880000_000364,dropped,True,fifo_cached_frame,365,37,0,326,37,0,1,0.0,72.12359500408638,frame_fifo_full,,,,,,,,,,,,,,,,,,,,,,,,,,,,,,,,,,,,,,,,,,,,,,,,,,,,,,,,,,,,,,
rsg_object_detection,dropped_oldest,365,rsg_20260806_30_404879999_000365,dropped,True,fifo_cached_frame,366,37,0,327,37,0,1,0.0,23.668310008361004,frame_fifo_full,,,,,,,,,,,,,,,,,,,,,,,,,,,,,,,,,,,,,,,,,,,,,,,,,,,,,,,,,,,,,,
rsg_object_detection,dropped_oldest,366,rsg_20260806_30_454879999_000366,dropped,True,fifo_cached_frame,367,37,0,328,38,0,1,0.0,54.10166399087757,frame_fifo_full,,,,,,,,,,,,,,,,,,,,,,,,,,,,,,,,,,,,,,,,,,,,,,,,,,,,,,,,,,,,,,
rsg_object_detection,frame_trace,358,rsg_20260806_29_954879999_000358,sent_to_hydra,,,,,,,,,,,537.154825986363,ok,13.156803994206712,504.7268130001612,18.40772399737034,0.13480598863679916,18.27291800873354,0.002335989847779274,1.0005939984694123,0.1734910038067028,342.84687499166466,26.942743992549367,0.00764802098274231,369.9707580090035,61.223320983117446,22.636837034951895,5.261610000161454,17.25655198970344,15.476465996471234,28.95689199795015,17.041655999491923,8.108812005957589,2.9413400043267757,0.8227200014516711,173.0,27.0,3.4785789612215012,1.0821229661814868,0.36189208913128823,1.9582480017561466,0.36793999606743455,0.0050549861043691635,97.4550409882795,23.677845994825475,0.1447569957235828,12.440763995982707,0.037053017877042294,7.377347996225581,6.745077000232413,0.14034099876880646,0.4919299972243607,3.892402004566975,1.8802700069500133,0.006783986464142799,0.8611490047769621,8,0,8,0,0,,,,,,,,,,,,,,
rsg_object_detection,dropped_oldest,368,rsg_20260806_30_554880000_000368,dropped,True,fifo_cached_frame,369,38,0,329,38,0,1,0.0,48.60186600126326,frame_fifo_full,,,,,,,,,,,,,,,,,,,,,,,,,,,,,,,,,,,,,,,,,,,,,,,,,,,,,,,,,,,,,,
rsg_object_detection,dropped_oldest,369,rsg_20260806_30_604880000_000369,dropped,True,fifo_cached_frame,370,38,0,330,38,0,1,0.0,60.182344997883774,frame_fifo_full,,,,,,,,,,,,,,,,,,,,,,,,,,,,,,,,,,,,,,,,,,,,,,,,,,,,,,,,,,,,,,
rsg_object_detection,dropped_oldest,370,rsg_20260806_30_654879999_000370,dropped,True,fifo_cached_frame,371,38,0,331,38,0,1,0.0,48.18212200189009,frame_fifo_full,,,,,,,,,,,,,,,,,,,,,,,,,,,,,,,,,,,,,,,,,,,,,,,,,,,,,,,,,,,,,,
rsg_object_detection,dropped_oldest,371,rsg_20260806_30_704879999_000371,dropped,True,fifo_cached_frame,372,38,0,332,38,0,1,0.0,42.91350700077601,frame_fifo_full,,,,,,,,,,,,,,,,,,,,,,,,,,,,,,,,,,,,,,,,,,,,,,,,,,,,,,,,,,,,,,
rsg_object_detection,dropped_oldest,372,rsg_20260806_30_754880000_000372,dropped,True,fifo_cached_frame,373,38,0,333,38,0,1,0.0,52.24184000690002,frame_fifo_full,,,,,,,,,,,,,,,,,,,,,,,,,,,,,,,,,,,,,,,,,,,,,,,,,,,,,,,,,,,,,,
rsg_object_detection,dropped_oldest,373,rsg_20260806_30_804880000_000373,dropped,True,fifo_cached_frame,374,38,0,334,38,0,1,0.0,49.50502900464926,frame_fifo_full,,,,,,,,,,,,,,,,,,,,,,,,,,,,,,,,,,,,,,,,,,,,,,,,,,,,,,,,,,,,,,
rsg_object_detection,dropped_oldest,374,rsg_20260806_30_854880000_000374,dropped,True,fifo_cached_frame,375,38,0,335,38,0,1,0.0,50.24020299606491,frame_fifo_full,,,,,,,,,,,,,,,,,,,,,,,,,,,,,,,,,,,,,,,,,,,,,,,,,,,,,,,,,,,,,,
rsg_object_detection,dropped_oldest,375,rsg_20260806_30_904879999_000375,dropped,True,fifo_cached_frame,376,38,0,336,38,0,1,0.0,57.97899600293022,frame_fifo_full,,,,,,,,,,,,,,,,,,,,,,,,,,,,,,,,,,,,,,,,,,,,,,,,,,,,,,,,,,,,,,
rsg_object_detection,dropped_oldest,376,rsg_20260806_30_954879999_000376,dropped,True,fifo_cached_frame,377,38,0,337,38,0,1,0.0,68.02890499238856,frame_fifo_full,,,,,,,,,,,,,,,,,,,,,,,,,,,,,,,,,,,,,,,,,,,,,,,,,,,,,,,,,,,,,,
rsg_object_detection,dropped_oldest,377,rsg_20260806_31_004879999_000377,dropped,True,fifo_cached_frame,378,38,0,338,38,0,1,0.0,21.27153499168344,frame_fifo_full,,,,,,,,,,,,,,,,,,,,,,,,,,,,,,,,,,,,,,,,,,,,,,,,,,,,,,,,,,,,,,
rsg_object_detection,frame_trace,367,rsg_20260806_30_504880000_000367,sent_to_hydra,,,,,,,,,,,575.8483109966619,ok,8.556521002901718,564.1552330052946,2.4247399996966124,0.1769459922797978,2.2477940074168146,0.002943997969850898,2.1489219943759963,0.19947299733757973,375.3550450055627,32.58902700326871,0.007071983418427408,408.15061698958743,84.34712997404858,19.668394001200795,4.952737988787703,31.19252597389277,27.968330003204755,45.10783300793264,34.74693899624981,4.402923004818149,5.182766995858401,0.7291270012501627,159.0,27.0,3.6172569962218404,4.736335977213457,0.40710304165259004,1.35663099354133,0.04969300061929971,0.004478992195799947,139.64198000030592,2.877313003409654,0.12821400014217943,11.170110999955796,0.03807601751759648,4.349582988652401,3.8048889982746914,0.09567299275659025,0.449020997621119,3.58273099118378,0.6192800065036863,0.004927016561850905,0.7088729907991365,8,0,8,0,0,,,,,,,,,,,,,,
rsg_object_detection,dropped_oldest,379,rsg_20260806_31_104880000_000379,dropped,True,fifo_cached_frame,380,39,0,339,39,0,1,0.0,49.50083700532559,frame_fifo_full,,,,,,,,,,,,,,,,,,,,,,,,,,,,,,,,,,,,,,,,,,,,,,,,,,,,,,,,,,,,,,
rsg_object_detection,dropped_oldest,380,rsg_20260806_31_154879999_000380,dropped,True,fifo_cached_frame,381,39,0,340,39,0,1,0.0,52.44412898900919,frame_fifo_full,,,,,,,,,,,,,,,,,,,,,,,,,,,,,,,,,,,,,,,,,,,,,,,,,,,,,,,,,,,,,,
rsg_object_detection,dropped_oldest,381,rsg_20260806_31_204879999_000381,dropped,True,fifo_cached_frame,382,39,0,341,39,0,1,0.0,50.77248200541362,frame_fifo_full,,,,,,,,,,,,,,,,,,,,,,,,,,,,,,,,,,,,,,,,,,,,,,,,,,,,,,,,,,,,,,
rsg_object_detection,dropped_oldest,382,rsg_20260806_31_254880000_000382,dropped,True,fifo_cached_frame,383,39,0,342,39,0,1,0.0,51.50087999936659,frame_fifo_full,,,,,,,,,,,,,,,,,,,,,,,,,,,,,,,,,,,,,,,,,,,,,,,,,,,,,,,,,,,,,,
rsg_object_detection,dropped_oldest,383,rsg_20260806_31_304880000_000383,dropped,True,fifo_cached_frame,384,39,0,343,39,0,1,0.0,50.712363998172805,frame_fifo_full,,,,,,,,,,,,,,,,,,,,,,,,,,,,,,,,,,,,,,,,,,,,,,,,,,,,,,,,,,,,,,
rsg_object_detection,dropped_oldest,384,rsg_20260806_31_354880000_000384,dropped,True,fifo_cached_frame,385,39,0,344,39,0,1,0.0,52.60265099059325,frame_fifo_full,,,,,,,,,,,,,,,,,,,,,,,,,,,,,,,,,,,,,,,,,,,,,,,,,,,,,,,,,,,,,,
rsg_object_detection,dropped_oldest,385,rsg_20260806_31_404879999_000385,dropped,True,fifo_cached_frame,386,39,0,345,39,0,1,0.0,104.64598498947453,frame_fifo_full,,,,,,,,,,,,,,,,,,,,,,,,,,,,,,,,,,,,,,,,,,,,,,,,,,,,,,,,,,,,,,
rsg_object_detection,dropped_oldest,386,rsg_20260806_31_504880000_000386,dropped,True,fifo_cached_frame,387,39,0,346,39,0,1,0.0,41.403260998777114,frame_fifo_full,,,,,,,,,,,,,,,,,,,,,,,,,,,,,,,,,,,,,,,,,,,,,,,,,,,,,,,,,,,,,,
rsg_object_detection,frame_trace,378,rsg_20260806_31_054880000_000378,sent_to_hydra,,,,,,,,,,,544.3567750044167,ok,9.060355005203746,498.39415900351014,36.271653007133864,0.14549201296176761,36.126160994172096,0.0028799986466765404,0.9228720009559765,0.16283500008285046,333.3588000095915,27.552621002541855,0.008253977284766734,361.082509989501,85.11232798628043,23.17599899834022,5.277000978821889,36.491511986241676,19.380160985747352,31.40813000209164,23.630939991562627,3.4764349984470755,3.452277000178583,0.8099849947029725,148.0,28.0,3.4293359785806388,0.7864670042181388,0.3246460255468264,1.374068990116939,0.044988992158323526,0.003711000317707658,122.49929099925794,2.752170999883674,0.1251110079465434,10.975886005326174,0.036318000638857484,4.899780993582681,4.303219000576064,0.10527200356591493,0.4912899894407019,3.4394139947835356,0.7151129975682124,0.0060470192693173885,0.6277279899222776,8,0,8,0,0,,,,,,,,,,,,,,
rsg_object_detection,dropped_oldest,388,rsg_20260806_31_604880000_000388,dropped,True,fifo_cached_frame,389,40,0,347,40,0,1,0.0,44.59059798682574,frame_fifo_full,,,,,,,,,,,,,,,,,,,,,,,,,,,,,,,,,,,,,,,,,,,,,,,,,,,,,,,,,,,,,,
rsg_object_detection,dropped_oldest,389,rsg_20260806_31_654879999_000389,dropped,True,fifo_cached_frame,390,40,0,348,40,0,1,0.0,50.92329200124368,frame_fifo_full,,,,,,,,,,,,,,,,,,,,,,,,,,,,,,,,,,,,,,,,,,,,,,,,,,,,,,,,,,,,,,
rsg_object_detection,dropped_oldest,390,rsg_20260806_31_704879999_000390,dropped,True,fifo_cached_frame,391,40,0,349,40,0,1,0.0,61.32828000409063,frame_fifo_full,,,,,,,,,,,,,,,,,,,,,,,,,,,,,,,,,,,,,,,,,,,,,,,,,,,,,,,,,,,,,,
rsg_object_detection,dropped_oldest,391,rsg_20260806_31_754880000_000391,dropped,True,fifo_cached_frame,392,40,0,350,40,0,1,0.0,39.8645000095712,frame_fifo_full,,,,,,,,,,,,,,,,,,,,,,,,,,,,,,,,,,,,,,,,,,,,,,,,,,,,,,,,,,,,,,
rsg_object_detection,dropped_oldest,392,rsg_20260806_31_804880000_000392,dropped,True,fifo_cached_frame,393,40,0,351,40,0,1,0.0,52.61717700341251,frame_fifo_full,,,,,,,,,,,,,,,,,,,,,,,,,,,,,,,,,,,,,,,,,,,,,,,,,,,,,,,,,,,,,,
rsg_object_detection,dropped_oldest,393,rsg_20260806_31_854880000_000393,dropped,True,fifo_cached_frame,394,40,0,352,40,0,1,0.0,50.47743899922352,frame_fifo_full,,,,,,,,,,,,,,,,,,,,,,,,,,,,,,,,,,,,,,,,,,,,,,,,,,,,,,,,,,,,,,
rsg_object_detection,dropped_oldest,394,rsg_20260806_31_904879999_000394,dropped,True,fifo_cached_frame,395,40,0,353,40,0,1,0.0,47.50726900238078,frame_fifo_full,,,,,,,,,,,,,,,,,,,,,,,,,,,,,,,,,,,,,,,,,,,,,,,,,,,,,,,,,,,,,,
rsg_object_detection,dropped_oldest,395,rsg_20260806_31_954879999_000395,dropped,True,fifo_cached_frame,396,40,0,354,40,0,1,0.0,47.38881300727371,frame_fifo_full,,,,,,,,,,,,,,,,,,,,,,,,,,,,,,,,,,,,,,,,,,,,,,,,,,,,,,,,,,,,,,
rsg_object_detection,dropped_oldest,396,rsg_20260806_32_004879999_000396,dropped,True,fifo_cached_frame,397,40,0,355,40,0,1,0.0,54.3971680017421,frame_fifo_full,,,,,,,,,,,,,,,,,,,,,,,,,,,,,,,,,,,,,,,,,,,,,,,,,,,,,,,,,,,,,,
rsg_object_detection,frame_trace,387,rsg_20260806_31_554880000_000387,sent_to_hydra,,,,,,,,,,,509.26159499795176,ok,12.099095998564735,447.7571369934594,48.63886100065429,0.14629300858359784,48.49256799207069,0.004032001015730202,5.132690988830291,0.19758500275202096,318.4449010004755,20.046033008839004,0.0065589993027970195,338.69507801136933,58.41903199325316,20.243585997377522,9.131101003731601,15.105456986930221,13.342935970285907,22.281828001723625,14.812453999184072,3.4153830056311563,3.2615719974273816,0.7528049900429323,148.0,29.0,3.6349820002214983,1.2528620136436075,0.34746399614959955,1.378740998916328,0.0472610117867589,0.00460700539406389,87.38370399805717,3.6033370124641806,0.1834739960031584,12.718919999315403,0.03993298741988838,8.047505005379207,7.444609000231139,0.09122499614022672,0.5116710090078413,3.3522849989822134,0.6946989888092503,0.00460700539406389,0.7624690042575821,8,0,8,0,0,,,,,,,,,,,,,,
rsg_object_detection,dropped_oldest,398,rsg_20260806_32_104880000_000398,dropped,True,fifo_cached_frame,399,41,0,356,41,0,1,0.0,48.68912900565192,frame_fifo_full,,,,,,,,,,,,,,,,,,,,,,,,,,,,,,,,,,,,,,,,,,,,,,,,,,,,,,,,,,,,,,
rsg_object_detection,dropped_oldest,399,rsg_20260806_32_154879999_000399,dropped,True,fifo_cached_frame,400,41,0,357,41,0,1,0.0,40.650743001606315,frame_fifo_full,,,,,,,,,,,,,,,,,,,,,,,,,,,,,,,,,,,,,,,,,,,,,,,,,,,,,,,,,,,,,,
rsg_object_detection,dropped_oldest,400,rsg_20260806_32_204880000_000400,dropped,True,fifo_cached_frame,401,41,0,358,41,0,1,0.0,51.748060999671,frame_fifo_full,,,,,,,,,,,,,,,,,,,,,,,,,,,,,,,,,,,,,,,,,,,,,,,,,,,,,,,,,,,,,,
rsg_object_detection,dropped_oldest,401,rsg_20260806_32_254880000_000401,dropped,True,fifo_cached_frame,402,41,0,359,41,0,1,0.0,51.01881099108141,frame_fifo_full,,,,,,,,,,,,,,,,,,,,,,,,,,,,,,,,,,,,,,,,,,,,,,,,,,,,,,,,,,,,,,
rsg_object_detection,dropped_oldest,402,rsg_20260806_32_304879999_000402,dropped,True,fifo_cached_frame,403,41,0,360,41,0,1,0.0,48.54239399719518,frame_fifo_full,,,,,,,,,,,,,,,,,,,,,,,,,,,,,,,,,,,,,,,,,,,,,,,,,,,,,,,,,,,,,,
rsg_object_detection,dropped_oldest,403,rsg_20260806_32_354880000_000403,dropped,True,fifo_cached_frame,404,41,0,361,41,0,1,0.0,50.895077001769096,frame_fifo_full,,,,,,,,,,,,,,,,,,,,,,,,,,,,,,,,,,,,,,,,,,,,,,,,,,,,,,,,,,,,,,
rsg_object_detection,dropped_oldest,404,rsg_20260806_32_404879999_000404,dropped,True,fifo_cached_frame,405,41,0,362,41,0,1,0.0,60.957627996685915,frame_fifo_full,,,,,,,,,,,,,,,,,,,,,,,,,,,,,,,,,,,,,,,,,,,,,,,,,,,,,,,,,,,,,,
rsg_object_detection,dropped_oldest,405,rsg_20260806_32_454880000_000405,dropped,True,fifo_cached_frame,406,41,0,363,41,0,1,0.0,94.19403599167708,frame_fifo_full,,,,,,,,,,,,,,,,,,,,,,,,,,,,,,,,,,,,,,,,,,,,,,,,,,,,,,,,,,,,,,
rsg_object_detection,dropped_oldest,406,rsg_20260806_32_504880000_000406,dropped,True,fifo_cached_frame,407,41,0,364,41,0,1,0.0,11.78200199501589,frame_fifo_full,,,,,,,,,,,,,,,,,,,,,,,,,,,,,,,,,,,,,,,,,,,,,,,,,,,,,,,,,,,,,,
rsg_object_detection,frame_trace,397,rsg_20260806_32_054879999_000397,sent_to_hydra,,,,,,,,,,,518.6629210074898,ok,16.102916008094326,485.6835829996271,15.902642000583,0.13915701129008085,15.76348498929292,0.0038389989640563726,1.008338003885001,0.20606399630196393,329.66283400310203,28.275960008613765,0.008383984095416963,358.1532419921132,52.46740402071737,25.079217011807486,3.4714770008577034,14.795945011428557,8.506286976626143,48.71591700066347,31.24069099430926,9.717873996123672,5.827293993206695,1.8883659940911457,162.0,30.0,4.654393022065051,1.3679570110980421,0.3291269385954365,1.3749339996138588,0.06159600161481649,0.004959001671522856,108.99276500276756,4.847497999435291,0.13288499030750245,12.49209100205917,0.05676400905940682,8.456690004095435,7.730634999461472,0.09890399815049022,0.6271510064834729,3.6022179992869496,4.0384079911746085,0.005600013537332416,0.9699410002212971,8,0,8,0,0,,,,,,,,,,,,,,
rsg_object_detection,dropped_oldest,408,rsg_20260806_32_604880000_000408,dropped,True,fifo_cached_frame,409,42,0,365,42,0,1,0.0,49.83851799624972,frame_fifo_full,,,,,,,,,,,,,,,,,,,,,,,,,,,,,,,,,,,,,,,,,,,,,,,,,,,,,,,,,,,,,,
rsg_object_detection,dropped_oldest,409,rsg_20260806_32_654879999_000409,dropped,True,fifo_cached_frame,410,42,0,366,42,0,1,0.0,102.06165199633688,frame_fifo_full,,,,,,,,,,,,,,,,,,,,,,,,,,,,,,,,,,,,,,,,,,,,,,,,,,,,,,,,,,,,,,
rsg_object_detection,dropped_oldest,410,rsg_20260806_32_754880000_000410,dropped,True,fifo_cached_frame,411,42,0,367,42,0,1,0.0,52.97536400030367,frame_fifo_full,,,,,,,,,,,,,,,,,,,,,,,,,,,,,,,,,,,,,,,,,,,,,,,,,,,,,,,,,,,,,,
rsg_object_detection,dropped_oldest,411,rsg_20260806_32_804879999_000411,dropped,True,fifo_cached_frame,412,42,0,368,42,0,1,0.0,99.85554999730084,frame_fifo_full,,,,,,,,,,,,,,,,,,,,,,,,,,,,,,,,,,,,,,,,,,,,,,,,,,,,,,,,,,,,,,
rsg_object_detection,dropped_oldest,412,rsg_20260806_32_904879999_000412,dropped,True,fifo_cached_frame,413,42,0,369,42,0,1,0.0,53.315241006202996,frame_fifo_full,,,,,,,,,,,,,,,,,,,,,,,,,,,,,,,,,,,,,,,,,,,,,,,,,,,,,,,,,,,,,,
rsg_object_detection,dropped_oldest,413,rsg_20260806_32_954880000_000413,dropped,True,fifo_cached_frame,414,42,0,370,42,0,1,0.0,45.34331399190705,frame_fifo_full,,,,,,,,,,,,,,,,,,,,,,,,,,,,,,,,,,,,,,,,,,,,,,,,,,,,,,,,,,,,,,
rsg_object_detection,dropped_oldest,414,rsg_20260806_33_004879999_000414,dropped,True,fifo_cached_frame,415,42,0,371,42,0,1,0.0,65.11385100020561,frame_fifo_full,,,,,,,,,,,,,,,,,,,,,,,,,,,,,,,,,,,,,,,,,,,,,,,,,,,,,,,,,,,,,,
rsg_object_detection,dropped_oldest,415,rsg_20260806_33_054879999_000415,dropped,True,fifo_cached_frame,416,42,0,372,42,0,1,0.0,46.04345199186355,frame_fifo_full,,,,,,,,,,,,,,,,,,,,,,,,,,,,,,,,,,,,,,,,,,,,,,,,,,,,,,,,,,,,,,
rsg_object_detection,frame_trace,407,rsg_20260806_32_554879999_000407,sent_to_hydra,,,,,,,,,,,554.6679709950695,ok,10.441274003824219,535.1831079897238,8.148138993419707,0.14792499132454395,8.000214002095163,0.002688000677153468,0.949847002630122,0.16008300008252263,331.79945799929556,21.700659999623895,0.007167996955104172,353.6673689959571,89.12028399936389,56.86389502079692,6.522247000248171,11.531715965247713,13.459152993164025,55.74538999644574,41.77882098883856,6.637118989601731,6.187585997395217,1.0843329946510494,179.0,34.0,3.929234007955529,1.2749410088872537,0.38368198147509247,2.1751280000898987,0.17608200141694397,0.0042239989852532744,152.82384300371632,8.830229999148287,0.18897799600381404,18.682396999793127,0.04044399247504771,5.867130996193737,5.33910800004378,0.10680800187401474,0.42121499427594244,3.9202410116558895,0.6481419986812398,0.005759997293353081,0.8927620074246079,8,0,8,0,0,,,,,,,,,,,,,,
rsg_object_detection,dropped_oldest,417,rsg_20260806_33_154879999_000417,dropped,True,fifo_cached_frame,418,43,0,373,43,0,1,0.0,59.91511499451008,frame_fifo_full,,,,,,,,,,,,,,,,,,,,,,,,,,,,,,,,,,,,,,,,,,,,,,,,,,,,,,,,,,,,,,
rsg_object_detection,dropped_oldest,418,rsg_20260806_33_204880000_000418,dropped,True,fifo_cached_frame,419,43,0,374,43,0,1,0.0,38.973821996478364,frame_fifo_full,,,,,,,,,,,,,,,,,,,,,,,,,,,,,,,,,,,,,,,,,,,,,,,,,,,,,,,,,,,,,,
rsg_object_detection,dropped_oldest,419,rsg_20260806_33_254880000_000419,dropped,True,fifo_cached_frame,420,43,0,375,43,0,1,0.0,54.169773997273296,frame_fifo_full,,,,,,,,,,,,,,,,,,,,,,,,,,,,,,,,,,,,,,,,,,,,,,,,,,,,,,,,,,,,,,
rsg_object_detection,dropped_oldest,420,rsg_20260806_33_304879999_000420,dropped,True,fifo_cached_frame,421,43,0,376,43,0,1,0.0,49.97806499886792,frame_fifo_full,,,,,,,,,,,,,,,,,,,,,,,,,,,,,,,,,,,,,,,,,,,,,,,,,,,,,,,,,,,,,,
rsg_object_detection,dropped_oldest,421,rsg_20260806_33_354880000_000421,dropped,True,fifo_cached_frame,422,43,0,377,43,0,1,0.0,50.032076993375085,frame_fifo_full,,,,,,,,,,,,,,,,,,,,,,,,,,,,,,,,,,,,,,,,,,,,,,,,,,,,,,,,,,,,,,
rsg_object_detection,dropped_oldest,422,rsg_20260806_33_404879999_000422,dropped,True,fifo_cached_frame,423,43,0,378,43,0,1,0.0,51.58930100151338,frame_fifo_full,,,,,,,,,,,,,,,,,,,,,,,,,,,,,,,,,,,,,,,,,,,,,,,,,,,,,,,,,,,,,,
rsg_object_detection,dropped_oldest,423,rsg_20260806_33_454880000_000423,dropped,True,fifo_cached_frame,424,43,0,379,43,0,1,0.0,49.67543200473301,frame_fifo_full,,,,,,,,,,,,,,,,,,,,,,,,,,,,,,,,,,,,,,,,,,,,,,,,,,,,,,,,,,,,,,
rsg_object_detection,dropped_oldest,424,rsg_20260806_33_504880000_000424,dropped,True,fifo_cached_frame,425,43,0,380,43,0,1,0.0,81.24960500572342,frame_fifo_full,,,,,,,,,,,,,,,,,,,,,,,,,,,,,,,,,,,,,,,,,,,,,,,,,,,,,,,,,,,,,,
rsg_object_detection,,1,rsg_20260806_12_054880000_000001,vlm_done,,,,,,,,,,,,ok,,,,,,,,,,,,,,,,,,,,,,,,,,,,,,,,,,,,,,,,,,,,,,,,,rsg_obj_000004,rsg_unknown_rsg_20260806_12_054880000_000001_003_nanosam_007,,,1,0.6393870714751171,floor,0.98,static,0.99,6313.636267004767,14900.813946005655,qwen_http,Qwen3-VL-8B-Instruct-GGUF
rsg_object_detection,completed,1,rsg_20260806_12_054880000_000001,,,,,,,,,,,8587.176303000888,,vlm_done,,,,,,,,,,,,,,,,,,,,,,,,,,,,,,,,,,,,,,,,,,,,,,,,,rsg_obj_000004,rsg_unknown_rsg_20260806_12_054880000_000001_003_nanosam_007,5,300,1,0.6393870714751171,,,,,,,,
rsg_object_detection,dropped_oldest,425,rsg_20260806_33_554879999_000425,dropped,True,fifo_cached_frame,426,43,0,381,43,0,1,0.0,69.3975589965703,frame_fifo_full,,,,,,,,,,,,,,,,,,,,,,,,,,,,,,,,,,,,,,,,,,,,,,,,,,,,,,,,,,,,,,
rsg_object_detection,frame_trace,416,rsg_20260806_33_104880000_000416,sent_to_hydra,,,,,,,,,,,569.1713499982143,ok,9.872775000985712,538.3328659954714,20.06437099771574,0.18110600649379194,19.88326499122195,0.004032001015730202,1.5037240082165226,0.33088600321207196,360.0574960000813,25.52715099591296,0.006624002708122134,385.92215700191446,56.833729991922155,18.104585993569344,5.366369994590059,17.652336013270542,15.060374018503353,47.70905600162223,28.668861006735824,14.730736002093181,3.092817001743242,1.1643260077107698,196.0,36.0,4.161630000453442,12.321801987127401,0.3932810068363324,1.4377769985003397,0.36749200080521405,0.004062996595166624,123.25788498856127,12.272973996005021,0.1556679926579818,15.180813992628828,0.03964401548728347,5.680905989720486,4.789006998180412,0.0900089944479987,0.8018899970920756,3.3706519898260012,0.8167690102709457,0.004448011168278754,0.8973060030257329,8,0,8,0,0,,,,,,,,,,,,,,
rsg_object_detection,dequeued,272,rsg_20260806_25_654879999_000272,,,,,,,,,,,14548.672286997316,,fifo_order,,,,,,,,,,,,,,,,,,,,,,,,,,,,,,,,,,,,,,,,,,,,,,,,,rsg_obj_000009,rsg_unknown_rsg_20260806_25_654879999_000272_006_nanosam_002,4,300,24,0.49563326569090416,,,,,,,,
rsg_object_detection,dropped_oldest,427,rsg_20260806_33_704880000_000427,dropped,True,fifo_cached_frame,428,44,0,382,44,0,1,0.0,51.54360800224822,frame_fifo_full,,,,,,,,,,,,,,,,,,,,,,,,,,,,,,,,,,,,,,,,,,,,,,,,,,,,,,,,,,,,,,
rsg_object_detection,dropped_oldest,428,rsg_20260806_33_754880000_000428,dropped,True,fifo_cached_frame,429,44,0,383,44,0,1,0.0,109.78308499034029,frame_fifo_full,,,,,,,,,,,,,,,,,,,,,,,,,,,,,,,,,,,,,,,,,,,,,,,,,,,,,,,,,,,,,,
rsg_object_detection,dropped_oldest,429,rsg_20260806_33_854880000_000429,dropped,True,fifo_cached_frame,430,44,0,384,44,0,1,0.0,40.98528700706083,frame_fifo_full,,,,,,,,,,,,,,,,,,,,,,,,,,,,,,,,,,,,,,,,,,,,,,,,,,,,,,,,,,,,,,
rsg_object_detection,dropped_oldest,430,rsg_20260806_33_904879999_000430,dropped,True,fifo_cached_frame,431,44,0,385,44,0,1,0.0,49.13528200995643,frame_fifo_full,,,,,,,,,,,,,,,,,,,,,,,,,,,,,,,,,,,,,,,,,,,,,,,,,,,,,,,,,,,,,,
rsg_object_detection,dropped_oldest,431,rsg_20260806_33_954880000_000431,dropped,True,fifo_cached_frame,432,44,0,386,44,0,1,0.0,52.12353200477082,frame_fifo_full,,,,,,,,,,,,,,,,,,,,,,,,,,,,,,,,,,,,,,,,,,,,,,,,,,,,,,,,,,,,,,
rsg_object_detection,dropped_oldest,432,rsg_20260806_34_004879999_000432,dropped,True,fifo_cached_frame,433,44,0,387,44,0,1,0.0,50.07303401362151,frame_fifo_full,,,,,,,,,,,,,,,,,,,,,,,,,,,,,,,,,,,,,,,,,,,,,,,,,,,,,,,,,,,,,,
rsg_object_detection,dropped_oldest,433,rsg_20260806_34_054879999_000433,dropped,True,fifo_cached_frame,434,44,0,388,44,0,1,0.0,103.99953099840786,frame_fifo_full,,,,,,,,,,,,,,,,,,,,,,,,,,,,,,,,,,,,,,,,,,,,,,,,,,,,,,,,,,,,,,
rsg_object_detection,frame_trace,426,rsg_20260806_33_654879999_000426,sent_to_hydra,,,,,,,,,,,515.8206320047611,ok,15.970096006640233,458.7375470000552,40.21299400483258,0.1584510027896613,40.05454300204292,0.004671004717238247,6.782260999898426,0.30989700462669134,317.01270199846476,25.587882002582774,0.007070993888191879,342.9175519995624,57.39378101134207,16.56761998310685,4.775184002937749,22.48287497786805,13.018933008424938,25.191722001181915,18.24636799574364,3.195658006006852,2.892289005103521,0.8207049977499992,183.0,38.0,3.852150999591686,1.9995909824501723,0.327525005559437,1.3665820006281137,0.060731006669811904,0.003968001692555845,90.21422600199003,2.62594100786373,0.13138199574314058,16.021932009607553,0.04425298538990319,10.57748899620492,9.964575001504272,0.09160899207927287,0.521305002621375,4.732850997243077,0.6556939915753901,0.004062021616846323,0.8953239885158837,8,0,8,0,0,,,,,,,,,,,,,,
rsg_object_detection,dropped_oldest,435,rsg_20260806_34_204880000_000435,dropped,True,fifo_cached_frame,436,45,0,389,45,0,1,0.0,50.169762995210476,frame_fifo_full,,,,,,,,,,,,,,,,,,,,,,,,,,,,,,,,,,,,,,,,,,,,,,,,,,,,,,,,,,,,,,
rsg_object_detection,dropped_oldest,436,rsg_20260806_34_254880000_000436,dropped,True,fifo_cached_frame,437,45,0,390,45,0,1,0.0,48.37675399903674,frame_fifo_full,,,,,,,,,,,,,,,,,,,,,,,,,,,,,,,,,,,,,,,,,,,,,,,,,,,,,,,,,,,,,,
rsg_object_detection,dropped_oldest,437,rsg_20260806_34_304879999_000437,dropped,True,fifo_cached_frame,438,45,0,391,45,0,1,0.0,51.70644998725038,frame_fifo_full,,,,,,,,,,,,,,,,,,,,,,,,,,,,,,,,,,,,,,,,,,,,,,,,,,,,,,,,,,,,,,
rsg_object_detection,dropped_oldest,438,rsg_20260806_34_354880000_000438,dropped,True,fifo_cached_frame,439,45,0,392,45,0,1,0.0,49.873887008288875,frame_fifo_full,,,,,,,,,,,,,,,,,,,,,,,,,,,,,,,,,,,,,,,,,,,,,,,,,,,,,,,,,,,,,,
rsg_object_detection,dropped_oldest,439,rsg_20260806_34_404879999_000439,dropped,True,fifo_cached_frame,440,45,0,393,45,0,1,0.0,50.986953006940894,frame_fifo_full,,,,,,,,,,,,,,,,,,,,,,,,,,,,,,,,,,,,,,,,,,,,,,,,,,,,,,,,,,,,,,
rsg_object_detection,dropped_oldest,440,rsg_20260806_34_454880000_000440,dropped,True,fifo_cached_frame,441,45,0,394,45,0,1,0.0,119.59427800320555,frame_fifo_full,,,,,,,,,,,,,,,,,,,,,,,,,,,,,,,,,,,,,,,,,,,,,,,,,,,,,,,,,,,,,,
rsg_object_detection,dropped_oldest,441,rsg_20260806_34_554879999_000441,dropped,True,fifo_cached_frame,442,45,0,395,45,0,1,0.0,90.60211000905838,frame_fifo_full,,,,,,,,,,,,,,,,,,,,,,,,,,,,,,,,,,,,,,,,,,,,,,,,,,,,,,,,,,,,,,
rsg_object_detection,dropped_oldest,442,rsg_20260806_34_654879999_000442,dropped,True,fifo_cached_frame,443,45,0,396,45,0,1,0.0,42.01954799646046,frame_fifo_full,,,,,,,,,,,,,,,,,,,,,,,,,,,,,,,,,,,,,,,,,,,,,,,,,,,,,,,,,,,,,,
rsg_object_detection,frame_trace,434,rsg_20260806_34_154879999_000434,sent_to_hydra,,,,,,,,,,,556.3641190092312,ok,14.394859012099914,520.1725730003091,20.740480002132244,0.1299739960813895,20.610506006050855,0.0028799986466765404,0.9951550018740818,0.16024299839045852,323.7965599982999,20.71834000525996,0.006304006092250347,344.6814470080426,95.91738096787594,29.439204998197965,8.654501987621188,24.138236010912806,32.99243698711507,49.76810299558565,38.97850199427921,6.868814991321415,3.0174959974829108,0.8640299929538742,207.0,41.0,3.3940420107683167,1.5208440163405612,0.32132001069840044,1.2542070035124198,0.35565299913287163,0.003998997271992266,152.55103600793518,5.050427003880031,0.12674198660533875,16.725623994716443,0.04214199725538492,10.198190997471102,9.636569986469112,0.07980200462043285,0.4818190063815564,3.396026004338637,0.7962270028656349,0.004415007424540818,1.0533269960433245,8,0,8,0,0,,,,,,,,,,,,,,
rsg_object_detection,dropped_oldest,444,rsg_20260806_34_754880000_000444,dropped,True,fifo_cached_frame,445,46,0,397,46,0,1,0.0,89.0177209948888,frame_fifo_full,,,,,,,,,,,,,,,,,,,,,,,,,,,,,,,,,,,,,,,,,,,,,,,,,,,,,,,,,,,,,,
rsg_object_detection,dropped_oldest,445,rsg_20260806_34_854880000_000445,dropped,True,fifo_cached_frame,446,46,0,398,46,0,1,0.0,50.98317800730001,frame_fifo_full,,,,,,,,,,,,,,,,,,,,,,,,,,,,,,,,,,,,,,,,,,,,,,,,,,,,,,,,,,,,,,
rsg_object_detection,dropped_oldest,446,rsg_20260806_34_904879999_000446,dropped,True,fifo_cached_frame,447,46,0,399,46,0,1,0.0,50.109869000152685,frame_fifo_full,,,,,,,,,,,,,,,,,,,,,,,,,,,,,,,,,,,,,,,,,,,,,,,,,,,,,,,,,,,,,,
rsg_object_detection,dropped_oldest,447,rsg_20260806_34_954880000_000447,dropped,True,fifo_cached_frame,448,46,0,400,46,0,1,0.0,53.52349500753917,frame_fifo_full,,,,,,,,,,,,,,,,,,,,,,,,,,,,,,,,,,,,,,,,,,,,,,,,,,,,,,,,,,,,,,
rsg_object_detection,dropped_oldest,448,rsg_20260806_35_004879999_000448,dropped,True,fifo_cached_frame,449,46,0,401,46,0,1,0.0,47.99908799759578,frame_fifo_full,,,,,,,,,,,,,,,,,,,,,,,,,,,,,,,,,,,,,,,,,,,,,,,,,,,,,,,,,,,,,,
rsg_object_detection,dropped_oldest,449,rsg_20260806_35_054879999_000449,dropped,True,fifo_cached_frame,450,46,0,402,46,0,1,0.0,101.3472990016453,frame_fifo_full,,,,,,,,,,,,,,,,,,,,,,,,,,,,,,,,,,,,,,,,,,,,,,,,,,,,,,,,,,,,,,
rsg_object_detection,dropped_oldest,450,rsg_20260806_35_154879999_000450,dropped,True,fifo_cached_frame,451,46,0,403,46,0,1,0.0,51.79290699015837,frame_fifo_full,,,,,,,,,,,,,,,,,,,,,,,,,,,,,,,,,,,,,,,,,,,,,,,,,,,,,,,,,,,,,,
rsg_object_detection,dropped_oldest,451,rsg_20260806_35_204880000_000451,dropped,True,fifo_cached_frame,452,46,0,404,46,0,1,0.0,49.72221900243312,frame_fifo_full,,,,,,,,,,,,,,,,,,,,,,,,,,,,,,,,,,,,,,,,,,,,,,,,,,,,,,,,,,,,,,
rsg_object_detection,frame_trace,443,rsg_20260806_34_704880000_000443,sent_to_hydra,,,,,,,,,,,599.7393889992964,ok,11.2797089968808,567.557193004177,19.908642992959358,0.18318599904887378,19.725456993910484,0.0032950047170743346,1.0454550065333024,0.226190997636877,416.8599289987469,27.59221100131981,0.02847799623850733,444.7068089939421,59.925528985331766,28.071887005353346,5.3702089790022,9.86100199224893,16.01633599784691,34.73482999834232,22.97871100017801,7.522429994423874,3.2293190015479922,0.9631259890738875,220.0,42.0,3.100305955740623,1.304281991906464,0.317354075377807,1.4098110113991424,0.2283670037286356,0.0047670037019997835,101.04210900317412,5.429823009762913,0.14395700418390334,15.145715995458886,0.04332399112172425,6.920971994986758,6.302267996943556,0.10415200085844845,0.5145519971847534,3.417432992137037,0.9364720026496798,0.004832007107324898,0.9905490005621687,8,0,8,0,0,,,,,,,,,,,,,,
rsg_object_detection,dropped_oldest,453,rsg_20260806_35_354880000_000453,dropped,True,fifo_cached_frame,454,47,0,405,47,0,1,0.0,50.390269010677,frame_fifo_full,,,,,,,,,,,,,,,,,,,,,,,,,,,,,,,,,,,,,,,,,,,,,,,,,,,,,,,,,,,,,,
rsg_object_detection,dropped_oldest,454,rsg_20260806_35_404879999_000454,dropped,True,fifo_cached_frame,455,47,0,406,47,0,1,0.0,52.502906997688115,frame_fifo_full,,,,,,,,,,,,,,,,,,,,,,,,,,,,,,,,,,,,,,,,,,,,,,,,,,,,,,,,,,,,,,
rsg_object_detection,dropped_oldest,455,rsg_20260806_35_454880000_000455,dropped,True,fifo_cached_frame,456,47,0,407,47,0,1,0.0,51.70744800125249,frame_fifo_full,,,,,,,,,,,,,,,,,,,,,,,,,,,,,,,,,,,,,,,,,,,,,,,,,,,,,,,,,,,,,,
rsg_object_detection,dropped_oldest,456,rsg_20260806_35_504880000_000456,dropped,True,fifo_cached_frame,457,47,0,408,47,0,1,0.0,59.574714992777444,frame_fifo_full,,,,,,,,,,,,,,,,,,,,,,,,,,,,,,,,,,,,,,,,,,,,,,,,,,,,,,,,,,,,,,
rsg_object_detection,dropped_oldest,457,rsg_20260806_35_554879999_000457,dropped,True,fifo_cached_frame,458,47,0,409,47,0,1,0.0,40.47816801175941,frame_fifo_full,,,,,,,,,,,,,,,,,,,,,,,,,,,,,,,,,,,,,,,,,,,,,,,,,,,,,,,,,,,,,,
rsg_object_detection,dropped_oldest,458,rsg_20260806_35_604880000_000458,dropped,True,fifo_cached_frame,459,47,0,410,47,0,1,0.0,50.74621000676416,frame_fifo_full,,,,,,,,,,,,,,,,,,,,,,,,,,,,,,,,,,,,,,,,,,,,,,,,,,,,,,,,,,,,,,
rsg_object_detection,dropped_oldest,459,rsg_20260806_35_654879999_000459,dropped,True,fifo_cached_frame,460,47,0,411,47,0,1,0.0,58.4853589971317,frame_fifo_full,,,,,,,,,,,,,,,,,,,,,,,,,,,,,,,,,,,,,,,,,,,,,,,,,,,,,,,,,,,,,,
rsg_object_detection,dropped_oldest,460,rsg_20260806_35_704880000_000460,dropped,True,fifo_cached_frame,461,47,0,412,47,0,1,0.0,64.45520398847293,frame_fifo_full,,,,,,,,,,,,,,,,,,,,,,,,,,,,,,,,,,,,,,,,,,,,,,,,,,,,,,,,,,,,,,
rsg_object_detection,dropped_oldest,461,rsg_20260806_35_754880000_000461,dropped,True,fifo_cached_frame,462,47,0,413,47,0,1,0.0,24.437640997348353,frame_fifo_full,,,,,,,,,,,,,,,,,,,,,,,,,,,,,,,,,,,,,,,,,,,,,,,,,,,,,,,,,,,,,,
rsg_object_detection,frame_trace,452,rsg_20260806_35_254880000_000452,sent_to_hydra,,,,,,,,,,,582.3745789966779,ok,10.058041996671818,514.7884170000907,56.58755298645701,0.1427409879397601,56.44481199851725,0.0037439895095303655,1.0403039923403412,0.2538050030125305,352.7311490033753,22.966650009038858,0.008958988473750651,375.96056300390046,52.5777470174944,24.558528006309643,4.310293021262623,6.2143079994712025,16.773846000432968,42.24011200130917,19.99503799015656,5.684043004293926,15.575666999211535,0.9419749985681847,234.0,45.0,16.66015895898454,3.7976609892211854,0.45177403080742806,1.3936210016254336,0.08514500223100185,0.004703993909060955,117.22893800470047,3.3721569925546646,0.152245003846474,16.98874100111425,0.045469001634046435,5.219565995503217,4.5403230033116415,0.10991099406965077,0.5693319981219247,4.103204992134124,0.7295109971892089,0.005760011845268309,0.9368230239488184,8,0,8,0,0,,,,,,,,,,,,,,
rsg_object_detection,dropped_oldest,463,rsg_20260806_35_854880000_000463,dropped,True,fifo_cached_frame,464,48,0,414,48,0,1,0.0,46.27084200910758,frame_fifo_full,,,,,,,,,,,,,,,,,,,,,,,,,,,,,,,,,,,,,,,,,,,,,,,,,,,,,,,,,,,,,,
rsg_object_detection,dropped_oldest,464,rsg_20260806_35_904879999_000464,dropped,True,fifo_cached_frame,465,48,0,415,48,0,1,0.0,50.07442100031767,frame_fifo_full,,,,,,,,,,,,,,,,,,,,,,,,,,,,,,,,,,,,,,,,,,,,,,,,,,,,,,,,,,,,,,
rsg_object_detection,dropped_oldest,465,rsg_20260806_35_954880000_000465,dropped,True,fifo_cached_frame,466,48,0,416,48,0,1,0.0,153.84180200635456,frame_fifo_full,,,,,,,,,,,,,,,,,,,,,,,,,,,,,,,,,,,,,,,,,,,,,,,,,,,,,,,,,,,,,,
rsg_object_detection,dropped_oldest,466,rsg_20260806_36_104880000_000466,dropped,True,fifo_cached_frame,467,48,0,417,48,0,1,0.0,47.98648599535227,frame_fifo_full,,,,,,,,,,,,,,,,,,,,,,,,,,,,,,,,,,,,,,,,,,,,,,,,,,,,,,,,,,,,,,
rsg_object_detection,dropped_oldest,467,rsg_20260806_36_154879999_000467,dropped,True,fifo_cached_frame,468,48,0,418,48,0,1,0.0,51.23865201312583,frame_fifo_full,,,,,,,,,,,,,,,,,,,,,,,,,,,,,,,,,,,,,,,,,,,,,,,,,,,,,,,,,,,,,,
rsg_object_detection,dropped_oldest,468,rsg_20260806_36_204880000_000468,dropped,True,fifo_cached_frame,469,48,0,419,48,0,1,0.0,54.298801987897605,frame_fifo_full,,,,,,,,,,,,,,,,,,,,,,,,,,,,,,,,,,,,,,,,,,,,,,,,,,,,,,,,,,,,,,
rsg_object_detection,dropped_oldest,469,rsg_20260806_36_254880000_000469,dropped,True,fifo_cached_frame,470,48,0,420,48,0,1,0.0,43.6216109956149,frame_fifo_full,,,,,,,,,,,,,,,,,,,,,,,,,,,,,,,,,,,,,,,,,,,,,,,,,,,,,,,,,,,,,,
rsg_object_detection,frame_trace,462,rsg_20260806_35_804879999_000462,sent_to_hydra,,,,,,,,,,,531.244344994775,ok,10.331079000025056,471.72335200593807,48.19322199909948,0.1474129967391491,48.04580900236033,0.003998997271992266,5.076761997770518,0.19608100410550833,317.57631700020283,19.224250005208887,0.0073269911808893085,337.0039750006981,45.75152401230298,21.81960199959576,2.4261520011350513,13.41695399605669,7.499872968764976,51.675423004780896,44.100484999944456,3.395580002688803,3.121681002085097,1.0054269951069728,205.0,45.0,4.431403009220958,6.682815990643576,0.4689539928222075,1.442961991415359,0.1974240003619343,0.004191999323666096,110.67405600624625,4.50275800540112,0.12344699644017965,14.29886999540031,0.04348400398157537,5.754085999797098,5.166450995602645,0.08921000699046999,0.49842499720398337,3.7702709960285574,0.8019870001589879,0.004735004040412605,0.9926929924404249,8,0,8,0,0,,,,,,,,,,,,,,
rsg_object_detection,dropped_oldest,471,rsg_20260806_36_354880000_000471,dropped,True,fifo_cached_frame,472,49,0,421,49,0,1,0.0,46.4347069937503,frame_fifo_full,,,,,,,,,,,,,,,,,,,,,,,,,,,,,,,,,,,,,,,,,,,,,,,,,,,,,,,,,,,,,,
rsg_object_detection,dropped_oldest,472,rsg_20260806_36_404879999_000472,dropped,True,fifo_cached_frame,473,49,0,422,49,0,1,0.0,49.94739701214712,frame_fifo_full,,,,,,,,,,,,,,,,,,,,,,,,,,,,,,,,,,,,,,,,,,,,,,,,,,,,,,,,,,,,,,
rsg_object_detection,dropped_oldest,473,rsg_20260806_36_454880000_000473,dropped,True,fifo_cached_frame,474,49,0,423,49,0,1,0.0,58.2079470041208,frame_fifo_full,,,,,,,,,,,,,,,,,,,,,,,,,,,,,,,,,,,,,,,,,,,,,,,,,,,,,,,,,,,,,,
rsg_object_detection,dropped_oldest,474,rsg_20260806_36_504880000_000474,dropped,True,fifo_cached_frame,475,49,0,424,49,0,1,0.0,47.52275100327097,frame_fifo_full,,,,,,,,,,,,,,,,,,,,,,,,,,,,,,,,,,,,,,,,,,,,,,,,,,,,,,,,,,,,,,
rsg_object_detection,dropped_oldest,475,rsg_20260806_36_554879999_000475,dropped,True,fifo_cached_frame,476,49,0,425,49,0,1,0.0,48.14276700199116,frame_fifo_full,,,,,,,,,,,,,,,,,,,,,,,,,,,,,,,,,,,,,,,,,,,,,,,,,,,,,,,,,,,,,,
rsg_object_detection,dropped_oldest,476,rsg_20260806_36_604880000_000476,dropped,True,fifo_cached_frame,477,49,0,426,49,0,1,0.0,51.39685398899019,frame_fifo_full,,,,,,,,,,,,,,,,,,,,,,,,,,,,,,,,,,,,,,,,,,,,,,,,,,,,,,,,,,,,,,
rsg_object_detection,dropped_oldest,477,rsg_20260806_36_654879999_000477,dropped,True,fifo_cached_frame,478,49,0,427,49,0,1,0.0,50.67524500191212,frame_fifo_full,,,,,,,,,,,,,,,,,,,,,,,,,,,,,,,,,,,,,,,,,,,,,,,,,,,,,,,,,,,,,,
rsg_object_detection,dropped_oldest,478,rsg_20260806_36_704880000_000478,dropped,True,fifo_cached_frame,479,49,0,428,49,0,1,0.0,59.16355299996212,frame_fifo_full,,,,,,,,,,,,,,,,,,,,,,,,,,,,,,,,,,,,,,,,,,,,,,,,,,,,,,,,,,,,,,
rsg_object_detection,dropped_oldest,479,rsg_20260806_36_754880000_000479,dropped,True,fifo_cached_frame,480,49,0,429,49,0,1,0.0,43.37257400038652,frame_fifo_full,,,,,,,,,,,,,,,,,,,,,,,,,,,,,,,,,,,,,,,,,,,,,,,,,,,,,,,,,,,,,,
rsg_object_detection,frame_trace,470,rsg_20260806_36_304879999_000470,sent_to_hydra,,,,,,,,,,,518.6693310097326,ok,16.37679101258982,456.46085900079925,44.70696800854057,0.12911100930068642,44.577856999239884,0.0065920030465349555,2.3580909910378978,0.18724999972619116,324.03694500681013,22.622103002504446,0.007935988833196461,346.85423399787396,40.35754097276367,23.894070996902883,3.0300720391096547,4.658009027480148,8.249573991633952,37.96767699532211,25.629487994592637,8.04399000480771,3.249605986638926,1.0038269974756986,238.0,46.0,3.373628976987675,1.356056032818742,0.34151101135648787,1.5009729977464303,0.2488449972588569,0.004255998646840453,85.16898201196454,3.3770209993235767,0.14565300079993904,18.510419002268463,0.04645899753086269,11.885328000062145,11.24348898883909,0.10613600898068398,0.5357030022423714,3.8264580070972443,0.6600130000151694,0.004992005415260792,1.1181209847563878,8,0,8,0,0,,,,,,,,,,,,,,
rsg_object_detection,dropped_oldest,481,rsg_20260806_36_854880000_000481,dropped,True,fifo_cached_frame,482,50,0,430,50,0,1,0.0,46.932173005188815,frame_fifo_full,,,,,,,,,,,,,,,,,,,,,,,,,,,,,,,,,,,,,,,,,,,,,,,,,,,,,,,,,,,,,,
rsg_object_detection,dropped_oldest,482,rsg_20260806_36_904879999_000482,dropped,True,fifo_cached_frame,483,50,0,431,50,0,1,0.0,53.53358600405045,frame_fifo_full,,,,,,,,,,,,,,,,,,,,,,,,,,,,,,,,,,,,,,,,,,,,,,,,,,,,,,,,,,,,,,
rsg_object_detection,dropped_oldest,483,rsg_20260806_36_954880000_000483,dropped,True,fifo_cached_frame,484,50,0,432,50,0,1,0.0,48.98036799568217,frame_fifo_full,,,,,,,,,,,,,,,,,,,,,,,,,,,,,,,,,,,,,,,,,,,,,,,,,,,,,,,,,,,,,,
rsg_object_detection,dropped_oldest,484,rsg_20260806_37_004879999_000484,dropped,True,fifo_cached_frame,485,50,0,433,50,0,1,0.0,49.407534999772906,frame_fifo_full,,,,,,,,,,,,,,,,,,,,,,,,,,,,,,,,,,,,,,,,,,,,,,,,,,,,,,,,,,,,,,
rsg_object_detection,dropped_oldest,485,rsg_20260806_37_054879999_000485,dropped,True,fifo_cached_frame,486,50,0,434,50,0,1,0.0,49.068456995883025,frame_fifo_full,,,,,,,,,,,,,,,,,,,,,,,,,,,,,,,,,,,,,,,,,,,,,,,,,,,,,,,,,,,,,,
rsg_object_detection,dropped_oldest,486,rsg_20260806_37_104880000_000486,dropped,True,fifo_cached_frame,487,50,0,435,50,0,1,0.0,52.60767300205771,frame_fifo_full,,,,,,,,,,,,,,,,,,,,,,,,,,,,,,,,,,,,,,,,,,,,,,,,,,,,,,,,,,,,,,
rsg_object_detection,dropped_oldest,487,rsg_20260806_37_154879999_000487,dropped,True,fifo_cached_frame,488,50,0,436,50,0,1,0.0,48.732834999100305,frame_fifo_full,,,,,,,,,,,,,,,,,,,,,,,,,,,,,,,,,,,,,,,,,,,,,,,,,,,,,,,,,,,,,,
rsg_object_detection,dropped_oldest,488,rsg_20260806_37_204880000_000488,dropped,True,fifo_cached_frame,489,50,0,437,50,0,1,0.0,50.68660499819089,frame_fifo_full,,,,,,,,,,,,,,,,,,,,,,,,,,,,,,,,,,,,,,,,,,,,,,,,,,,,,,,,,,,,,,
rsg_object_detection,frame_trace,480,rsg_20260806_36_804879999_000480,sent_to_hydra,,,,,,,,,,,526.5360640041763,ok,8.600012995884754,494.26570799550973,22.624247008934617,0.18501000886317343,22.439237000071444,0.0024320033844560385,1.1680700117722154,0.22100700880400836,347.0941190025769,29.597758999443613,0.006783986464142799,376.9196689972887,51.14352799137123,21.91502199275419,4.075655990163796,6.965225984458812,17.412072003935464,37.442537999595515,26.647652994142845,6.150569010060281,3.6083960003452376,0.9911890083458275,235.0,50.0,4.214110012981109,2.0087729790247977,0.4402240156196058,1.6648000018903986,0.09823200525715947,0.005440000677481294,97.04375598812476,2.913631993578747,0.14994099910836667,16.028083002311178,0.042557003325782716,4.489672006457113,3.911859996151179,0.0932080001803115,0.48460401012562215,3.424697002628818,0.6802679999964312,0.005375986802391708,1.0436640004627407,8,0,8,0,0,,,,,,,,,,,,,,
rsg_object_detection,dropped_oldest,490,rsg_20260806_37_354880000_000490,dropped,True,fifo_cached_frame,491,51,0,438,51,0,1,0.0,48.73853600292932,frame_fifo_full,,,,,,,,,,,,,,,,,,,,,,,,,,,,,,,,,,,,,,,,,,,,,,,,,,,,,,,,,,,,,,
rsg_object_detection,dropped_oldest,491,rsg_20260806_37_404879999_000491,dropped,True,fifo_cached_frame,492,51,0,439,51,0,1,0.0,100.30744700634386,frame_fifo_full,,,,,,,,,,,,,,,,,,,,,,,,,,,,,,,,,,,,,,,,,,,,,,,,,,,,,,,,,,,,,,
rsg_object_detection,dropped_oldest,492,rsg_20260806_37_504880000_000492,dropped,True,fifo_cached_frame,493,51,0,440,51,0,1,0.0,52.22578799293842,frame_fifo_full,,,,,,,,,,,,,,,,,,,,,,,,,,,,,,,,,,,,,,,,,,,,,,,,,,,,,,,,,,,,,,
rsg_object_detection,dropped_oldest,493,rsg_20260806_37_554879999_000493,dropped,True,fifo_cached_frame,494,51,0,441,51,0,1,0.0,96.95253599784337,frame_fifo_full,,,,,,,,,,,,,,,,,,,,,,,,,,,,,,,,,,,,,,,,,,,,,,,,,,,,,,,,,,,,,,
rsg_object_detection,dropped_oldest,494,rsg_20260806_37_654879999_000494,dropped,True,fifo_cached_frame,495,51,0,442,51,0,1,0.0,56.326273988815956,frame_fifo_full,,,,,,,,,,,,,,,,,,,,,,,,,,,,,,,,,,,,,,,,,,,,,,,,,,,,,,,,,,,,,,
rsg_object_detection,dropped_oldest,495,rsg_20260806_37_704880000_000495,dropped,True,fifo_cached_frame,496,51,0,443,51,0,1,0.0,42.427243999554776,frame_fifo_full,,,,,,,,,,,,,,,,,,,,,,,,,,,,,,,,,,,,,,,,,,,,,,,,,,,,,,,,,,,,,,
rsg_object_detection,frame_trace,489,rsg_20260806_37_254880000_000489,sent_to_hydra,,,,,,,,,,,589.8126719985157,ok,12.290737009607255,484.8691980005242,91.4613719942281,0.16990599397104234,91.29146600025706,0.005663008778356016,3.5092990001430735,0.22209499729797244,311.5946409961907,21.85003699560184,0.006656002369709313,333.67342899146024,81.99409801454749,36.73011003411375,5.02070201036986,19.089478999376297,20.259886994608678,36.2185039994074,27.478470001369715,4.591584001900628,3.1797879928490147,0.9279290097765625,244.0,52.0,3.190283998264931,1.4202769816620275,0.3550420078681782,1.4227389910956845,0.25940399791579694,0.005182999302633107,124.88185000256635,6.237346009584144,0.12498200521804392,16.386424002121203,0.055867989431135356,6.4209790143650025,5.738343999837525,0.09842499275691807,0.5842100217705593,4.95149299968034,0.9100110037252307,0.008253991836681962,1.1857019853778183,8,0,8,0,0,,,,,,,,,,,,,,
rsg_object_detection,dropped_oldest,497,rsg_20260806_37_854880000_000497,dropped,True,fifo_cached_frame,498,52,0,444,52,0,1,0.0,47.398447000887245,frame_fifo_full,,,,,,,,,,,,,,,,,,,,,,,,,,,,,,,,,,,,,,,,,,,,,,,,,,,,,,,,,,,,,,
rsg_object_detection,dropped_oldest,498,rsg_20260806_37_904879999_000498,dropped,True,fifo_cached_frame,499,52,0,445,52,0,1,0.0,45.569497990072705,frame_fifo_full,,,,,,,,,,,,,,,,,,,,,,,,,,,,,,,,,,,,,,,,,,,,,,,,,,,,,,,,,,,,,,
rsg_object_detection,dropped_oldest,499,rsg_20260806_37_954880000_000499,dropped,True,fifo_cached_frame,500,52,0,446,52,0,1,0.0,52.08480700093787,frame_fifo_full,,,,,,,,,,,,,,,,,,,,,,,,,,,,,,,,,,,,,,,,,,,,,,,,,,,,,,,,,,,,,,
rsg_object_detection,dropped_oldest,500,rsg_20260806_38_004879999_000500,dropped,True,fifo_cached_frame,501,52,0,447,52,0,1,0.0,97.97840900137089,frame_fifo_full,,,,,,,,,,,,,,,,,,,,,,,,,,,,,,,,,,,,,,,,,,,,,,,,,,,,,,,,,,,,,,
rsg_object_detection,dropped_oldest,501,rsg_20260806_38_104880000_000501,dropped,True,fifo_cached_frame,502,52,0,448,52,0,1,0.0,50.521630997536704,frame_fifo_full,,,,,,,,,,,,,,,,,,,,,,,,,,,,,,,,,,,,,,,,,,,,,,,,,,,,,,,,,,,,,,
rsg_object_detection,dropped_oldest,502,rsg_20260806_38_154879999_000502,dropped,True,fifo_cached_frame,503,52,0,449,52,0,1,0.0,49.60662900703028,frame_fifo_full,,,,,,,,,,,,,,,,,,,,,,,,,,,,,,,,,,,,,,,,,,,,,,,,,,,,,,,,,,,,,,
rsg_object_detection,dropped_oldest,503,rsg_20260806_38_204880000_000503,dropped,True,fifo_cached_frame,504,52,0,450,52,0,1,0.0,52.61750299541745,frame_fifo_full,,,,,,,,,,,,,,,,,,,,,,,,,,,,,,,,,,,,,,,,,,,,,,,,,,,,,,,,,,,,,,
rsg_object_detection,dropped_oldest,504,rsg_20260806_38_254880000_000504,dropped,True,fifo_cached_frame,505,52,0,451,52,0,1,0.0,108.37061698839534,frame_fifo_full,,,,,,,,,,,,,,,,,,,,,,,,,,,,,,,,,,,,,,,,,,,,,,,,,,,,,,,,,,,,,,
rsg_object_detection,dropped_oldest,505,rsg_20260806_38_354880000_000505,dropped,True,fifo_cached_frame,506,52,0,452,52,0,1,0.0,51.28225000225939,frame_fifo_full,,,,,,,,,,,,,,,,,,,,,,,,,,,,,,,,,,,,,,,,,,,,,,,,,,,,,,,,,,,,,,
rsg_object_detection,dropped_oldest,506,rsg_20260806_38_404879999_000506,dropped,True,fifo_cached_frame,507,52,0,453,52,0,1,0.0,37.355829001171514,frame_fifo_full,,,,,,,,,,,,,,,,,,,,,,,,,,,,,,,,,,,,,,,,,,,,,,,,,,,,,,,,,,,,,,
rsg_object_detection,frame_trace,496,rsg_20260806_37_754880000_000496,sent_to_hydra,,,,,,,,,,,708.897168005933,ok,12.555934998090379,590.0321670051198,105.13581200211775,0.16008300008252263,104.97572900203522,0.0029109942261129618,4.79160099348519,0.19124899699818343,411.5233990014531,18.144914996810257,0.007199007086455822,429.86676200234797,75.50250901840627,17.943171013030224,13.594253978226334,30.38836100313347,12.930304976180196,53.72065601113718,43.02077100146562,7.495650992495939,2.236949003417976,0.9302010003011674,245.0,55.0,2.5607319839764386,0.8157760166795924,0.2754039742285386,1.2232659937581047,0.23268599761649966,0.004447996616363525,134.35026099614333,3.3430399926146492,0.12830999912694097,17.504164003184997,0.04802901821676642,8.3878699952038,7.716752996202558,0.12658198829740286,0.5445350107038394,3.5010759893339127,0.6605899980058894,0.006399015546776354,1.170343006378971,7,0,7,0,0,,,,,,,,,,,,,,
rsg_object_detection,dropped_oldest,508,rsg_20260806_38_504880000_000508,dropped,True,fifo_cached_frame,509,53,0,454,53,0,1,0.0,38.34989599999972,frame_fifo_full,,,,,,,,,,,,,,,,,,,,,,,,,,,,,,,,,,,,,,,,,,,,,,,,,,,,,,,,,,,,,,
rsg_object_detection,dropped_oldest,509,rsg_20260806_38_554879999_000509,dropped,True,fifo_cached_frame,510,53,0,455,53,0,1,0.0,50.4941190010868,frame_fifo_full,,,,,,,,,,,,,,,,,,,,,,,,,,,,,,,,,,,,,,,,,,,,,,,,,,,,,,,,,,,,,,
rsg_object_detection,dropped_oldest,510,rsg_20260806_38_604880000_000510,dropped,True,fifo_cached_frame,511,53,0,456,53,0,1,0.0,50.74449899257161,frame_fifo_full,,,,,,,,,,,,,,,,,,,,,,,,,,,,,,,,,,,,,,,,,,,,,,,,,,,,,,,,,,,,,,
rsg_object_detection,dropped_oldest,511,rsg_20260806_38_654879999_000511,dropped,True,fifo_cached_frame,512,53,0,457,53,0,1,0.0,50.890184997115284,frame_fifo_full,,,,,,,,,,,,,,,,,,,,,,,,,,,,,,,,,,,,,,,,,,,,,,,,,,,,,,,,,,,,,,
rsg_object_detection,dropped_oldest,512,rsg_20260806_38_704880000_000512,dropped,True,fifo_cached_frame,513,53,0,458,53,0,1,0.0,51.60542600788176,frame_fifo_full,,,,,,,,,,,,,,,,,,,,,,,,,,,,,,,,,,,,,,,,,,,,,,,,,,,,,,,,,,,,,,
rsg_object_detection,dropped_oldest,513,rsg_20260806_38_754880000_000513,dropped,True,fifo_cached_frame,514,53,0,459,53,0,1,0.0,47.14032800984569,frame_fifo_full,,,,,,,,,,,,,,,,,,,,,,,,,,,,,,,,,,,,,,,,,,,,,,,,,,,,,,,,,,,,,,
rsg_object_detection,dropped_oldest,514,rsg_20260806_38_804879999_000514,dropped,True,fifo_cached_frame,515,53,0,460,53,0,1,0.0,51.29216999921482,frame_fifo_full,,,,,,,,,,,,,,,,,,,,,,,,,,,,,,,,,,,,,,,,,,,,,,,,,,,,,,,,,,,,,,
rsg_object_detection,dropped_oldest,515,rsg_20260806_38_854880000_000515,dropped,True,fifo_cached_frame,516,53,0,461,53,0,1,0.0,51.03670099924784,frame_fifo_full,,,,,,,,,,,,,,,,,,,,,,,,,,,,,,,,,,,,,,,,,,,,,,,,,,,,,,,,,,,,,,
rsg_object_detection,dropped_oldest,516,rsg_20260806_38_904879999_000516,dropped,True,fifo_cached_frame,517,53,0,462,53,0,1,0.0,114.66872699384112,frame_fifo_full,,,,,,,,,,,,,,,,,,,,,,,,,,,,,,,,,,,,,,,,,,,,,,,,,,,,,,,,,,,,,,
rsg_object_detection,dropped_oldest,517,rsg_20260806_39_004879999_000517,dropped,True,fifo_cached_frame,518,53,0,463,53,0,1,0.0,53.27317000774201,frame_fifo_full,,,,,,,,,,,,,,,,,,,,,,,,,,,,,,,,,,,,,,,,,,,,,,,,,,,,,,,,,,,,,,
rsg_object_detection,frame_trace,507,rsg_20260806_38_454880000_000507,sent_to_hydra,,,,,,,,,,,634.5982089987956,ok,10.98782999906689,600.9248190093786,21.642120002070442,0.14715699944645166,21.49496300262399,0.002464003046043217,1.245983992703259,0.6186730024637654,388.51784500002395,14.506920997519046,0.007488008122891188,403.65092700812966,105.02037801779807,30.339374992763624,9.471146040596068,43.30206300073769,21.12606201262679,61.75776899908669,51.587762995040976,3.5202099970774725,3.846457999316044,2.7480779972393066,222.0,56.0,3.358718997333199,2.336014003958553,0.4167979786871001,1.2110120005672798,0.34509300894569606,0.003903987817466259,174.46520600060467,3.4703260025708005,0.13250199845060706,17.9207079927437,0.039166014175862074,6.107371998950839,5.608178995316848,0.08933799108490348,0.4098550125490874,3.806748994975351,1.0674709919840097,0.0062380131566897035,1.040975985233672,7,0,7,0,0,,,,,,,,,,,,,,
rsg_object_detection,dropped_oldest,519,rsg_20260806_39_104880000_000519,dropped,True,fifo_cached_frame,520,54,0,464,54,0,1,0.0,66.5358990081586,frame_fifo_full,,,,,,,,,,,,,,,,,,,,,,,,,,,,,,,,,,,,,,,,,,,,,,,,,,,,,,,,,,,,,,
rsg_object_detection,dropped_oldest,520,rsg_20260806_39_154879999_000520,dropped,True,fifo_cached_frame,521,54,0,465,54,0,1,0.0,29.975593992276117,frame_fifo_full,,,,,,,,,,,,,,,,,,,,,,,,,,,,,,,,,,,,,,,,,,,,,,,,,,,,,,,,,,,,,,
rsg_object_detection,dropped_oldest,521,rsg_20260806_39_204880000_000521,dropped,True,fifo_cached_frame,522,54,0,466,54,0,1,0.0,52.87508899345994,frame_fifo_full,,,,,,,,,,,,,,,,,,,,,,,,,,,,,,,,,,,,,,,,,,,,,,,,,,,,,,,,,,,,,,
rsg_object_detection,dropped_oldest,522,rsg_20260806_39_254880000_000522,dropped,True,fifo_cached_frame,523,54,0,467,54,0,1,0.0,148.8928129983833,frame_fifo_full,,,,,,,,,,,,,,,,,,,,,,,,,,,,,,,,,,,,,,,,,,,,,,,,,,,,,,,,,,,,,,
rsg_object_detection,dropped_oldest,523,rsg_20260806_39_404879999_000523,dropped,True,fifo_cached_frame,524,54,0,468,54,0,1,0.0,51.98885899153538,frame_fifo_full,,,,,,,,,,,,,,,,,,,,,,,,,,,,,,,,,,,,,,,,,,,,,,,,,,,,,,,,,,,,,,
rsg_object_detection,dropped_oldest,524,rsg_20260806_39_454880000_000524,dropped,True,fifo_cached_frame,525,54,0,469,54,0,1,0.0,49.27533799491357,frame_fifo_full,,,,,,,,,,,,,,,,,,,,,,,,,,,,,,,,,,,,,,,,,,,,,,,,,,,,,,,,,,,,,,
rsg_object_detection,dropped_oldest,525,rsg_20260806_39_504880000_000525,dropped,True,fifo_cached_frame,526,54,0,470,54,0,1,0.0,47.618600001442246,frame_fifo_full,,,,,,,,,,,,,,,,,,,,,,,,,,,,,,,,,,,,,,,,,,,,,,,,,,,,,,,,,,,,,,
rsg_object_detection,dropped_oldest,526,rsg_20260806_39_554879999_000526,dropped,True,fifo_cached_frame,527,54,0,471,54,0,1,0.0,70.34428699989803,frame_fifo_full,,,,,,,,,,,,,,,,,,,,,,,,,,,,,,,,,,,,,,,,,,,,,,,,,,,,,,,,,,,,,,
rsg_object_detection,dropped_oldest,527,rsg_20260806_39_604880000_000527,dropped,True,fifo_cached_frame,528,54,0,472,54,0,1,0.0,46.6838239954086,frame_fifo_full,,,,,,,,,,,,,,,,,,,,,,,,,,,,,,,,,,,,,,,,,,,,,,,,,,,,,,,,,,,,,,
rsg_object_detection,frame_trace,518,rsg_20260806_39_054879999_000518,sent_to_hydra,,,,,,,,,,,609.1089469991857,ok,10.849219004740007,571.0931670037098,26.10702600213699,0.15867598995100707,25.948350012185983,0.0026550114853307605,1.2732470058836043,0.4396150034153834,392.014532990288,25.59906800161116,0.0075830030255019665,418.06079899834003,64.49846296163741,25.320624990854412,5.929947015829384,15.553241973975673,16.609834987320937,50.16215000068769,37.01701000682078,7.307025996851735,3.952753992052749,1.6970540018519387,271.0,56.0,3.6062190047232434,1.3161550014046952,0.4009630356449634,1.3279300037538633,0.4613409982994199,0.004799992893822491,121.79472400748637,9.720408997964114,0.12875899847131222,20.076800996321253,0.03842799924314022,6.632613003603183,6.072560005122796,0.09448800119571388,0.46556499728467315,3.5429609997663647,0.6694530020467937,0.004191999323666096,1.0568799771135673,8,0,7,0,0,,,,,,,,,,,,,,
rsg_object_detection,dropped_oldest,529,rsg_20260806_39_704880000_000529,dropped,True,fifo_cached_frame,530,55,0,473,55,0,1,0.0,48.163935003685765,frame_fifo_full,,,,,,,,,,,,,,,,,,,,,,,,,,,,,,,,,,,,,,,,,,,,,,,,,,,,,,,,,,,,,,
rsg_object_detection,dropped_oldest,530,rsg_20260806_39_754880000_000530,dropped,True,fifo_cached_frame,531,55,0,474,55,0,1,0.0,105.77665200980846,frame_fifo_full,,,,,,,,,,,,,,,,,,,,,,,,,,,,,,,,,,,,,,,,,,,,,,,,,,,,,,,,,,,,,,
rsg_object_detection,dropped_oldest,531,rsg_20260806_39_854880000_000531,dropped,True,fifo_cached_frame,532,55,0,475,55,0,1,0.0,46.738923992961645,frame_fifo_full,,,,,,,,,,,,,,,,,,,,,,,,,,,,,,,,,,,,,,,,,,,,,,,,,,,,,,,,,,,,,,
rsg_object_detection,dropped_oldest,532,rsg_20260806_39_904879999_000532,dropped,True,fifo_cached_frame,533,55,0,476,55,0,1,0.0,50.12973699194845,frame_fifo_full,,,,,,,,,,,,,,,,,,,,,,,,,,,,,,,,,,,,,,,,,,,,,,,,,,,,,,,,,,,,,,
rsg_object_detection,dropped_oldest,533,rsg_20260806_39_954880000_000533,dropped,True,fifo_cached_frame,534,55,0,477,55,0,1,0.0,50.26623800222296,frame_fifo_full,,,,,,,,,,,,,,,,,,,,,,,,,,,,,,,,,,,,,,,,,,,,,,,,,,,,,,,,,,,,,,
rsg_object_detection,dropped_oldest,534,rsg_20260806_40_004879999_000534,dropped,True,fifo_cached_frame,535,55,0,478,55,0,1,0.0,51.21541400148999,frame_fifo_full,,,,,,,,,,,,,,,,,,,,,,,,,,,,,,,,,,,,,,,,,,,,,,,,,,,,,,,,,,,,,,
rsg_object_detection,dropped_oldest,535,rsg_20260806_40_054879999_000535,dropped,True,fifo_cached_frame,536,55,0,479,55,0,1,0.0,51.04310699971393,frame_fifo_full,,,,,,,,,,,,,,,,,,,,,,,,,,,,,,,,,,,,,,,,,,,,,,,,,,,,,,,,,,,,,,
rsg_object_detection,dropped_oldest,536,rsg_20260806_40_104880000_000536,dropped,True,fifo_cached_frame,537,55,0,480,55,0,1,0.0,107.33989199798089,frame_fifo_full,,,,,,,,,,,,,,,,,,,,,,,,,,,,,,,,,,,,,,,,,,,,,,,,,,,,,,,,,,,,,,
rsg_object_detection,dropped_oldest,537,rsg_20260806_40_204880000_000537,dropped,True,fifo_cached_frame,538,55,0,481,56,0,1,0.0,51.99298799561802,frame_fifo_full,,,,,,,,,,,,,,,,,,,,,,,,,,,,,,,,,,,,,,,,,,,,,,,,,,,,,,,,,,,,,,
rsg_object_detection,frame_trace,528,rsg_20260806_39_654879999_000528,sent_to_hydra,,,,,,,,,,,583.5458969959291,ok,12.941538996528834,544.5552129967837,24.520141989341937,0.1621959963813424,24.357945992960595,0.003936002030968666,3.3757740020519122,0.1890740095404908,404.9769209959777,20.270321998395957,0.0075830030255019665,425.44390000693966,56.11315299756825,14.92020500882063,4.338420985732228,24.983210998470895,11.369723986717872,29.521135991672054,22.837999000330456,3.899254006682895,1.9841049943352118,0.7638770039193332,202.0,57.0,8.68541699310299,1.580743002705276,0.3406440082471818,1.5674640017095953,0.0802489958005026,0.004064000677317381,97.91014899383299,2.8433350089471787,0.142325006891042,14.796949995798059,0.04277998232282698,7.477317005395889,6.705758991301991,0.11771899880841374,0.6538390152854845,4.832589998841286,0.6258399953367189,0.0057919969549402595,1.5250670112436637,6,0,6,0,0,,,,,,,,,,,,,,
rsg_object_detection,dropped_oldest,539,rsg_20260806_40_304879999_000539,dropped,True,fifo_cached_frame,540,56,0,482,56,0,1,0.0,39.60542500135489,frame_fifo_full,,,,,,,,,,,,,,,,,,,,,,,,,,,,,,,,,,,,,,,,,,,,,,,,,,,,,,,,,,,,,,
rsg_object_detection,dropped_oldest,540,rsg_20260806_40_354880000_000540,dropped,True,fifo_cached_frame,541,56,0,483,56,0,1,0.0,49.63953999686055,frame_fifo_full,,,,,,,,,,,,,,,,,,,,,,,,,,,,,,,,,,,,,,,,,,,,,,,,,,,,,,,,,,,,,,
rsg_object_detection,dropped_oldest,541,rsg_20260806_40_404879999_000541,dropped,True,fifo_cached_frame,542,56,0,484,56,0,1,0.0,52.488827001070604,frame_fifo_full,,,,,,,,,,,,,,,,,,,,,,,,,,,,,,,,,,,,,,,,,,,,,,,,,,,,,,,,,,,,,,
rsg_object_detection,,272,rsg_20260806_25_654879999_000272,vlm_done,,,,,,,,,,,,ok,,,,,,,,,,,,,,,,,,,,,,,,,,,,,,,,,,,,,,,,,,,,,,,,,rsg_obj_000009,rsg_unknown_rsg_20260806_25_654879999_000272_006_nanosam_002,,,24,0.49563326569090416,pipe,0.97,static,0.99,6754.316178004956,21302.99134500092,qwen_http,Qwen3-VL-8B-Instruct-GGUF
rsg_object_detection,completed,272,rsg_20260806_25_654879999_000272,,,,,,,,,,,14548.672286997316,,vlm_done,,,,,,,,,,,,,,,,,,,,,,,,,,,,,,,,,,,,,,,,,,,,,,,,,rsg_obj_000009,rsg_unknown_rsg_20260806_25_654879999_000272_006_nanosam_002,12,300,24,0.49563326569090416,,,,,,,,
rsg_object_detection,dropped_oldest,542,rsg_20260806_40_454880000_000542,dropped,True,fifo_cached_frame,543,56,0,485,56,0,1,0.0,100.80018000735436,frame_fifo_full,,,,,,,,,,,,,,,,,,,,,,,,,,,,,,,,,,,,,,,,,,,,,,,,,,,,,,,,,,,,,,
rsg_object_detection,dequeued,48,rsg_20260806_14_404880000_000048,,,,,,,,,,,21256.08088300214,,fifo_order,,,,,,,,,,,,,,,,,,,,,,,,,,,,,,,,,,,,,,,,,,,,,,,,,rsg_obj_000010,rsg_unknown_rsg_20260806_14_404880000_000048_007_nanosam_003,11,300,3,0.7289769672544081,,,,,,,,
rsg_object_detection,dropped_oldest,543,rsg_20260806_40_554879999_000543,dropped,True,fifo_cached_frame,544,56,0,486,56,0,1,0.0,75.18242200603709,frame_fifo_full,,,,,,,,,,,,,,,,,,,,,,,,,,,,,,,,,,,,,,,,,,,,,,,,,,,,,,,,,,,,,,
rsg_object_detection,dropped_oldest,544,rsg_20260806_40_604880000_000544,dropped,True,fifo_cached_frame,545,56,0,487,56,0,1,0.0,21.666731001459993,frame_fifo_full,,,,,,,,,,,,,,,,,,,,,,,,,,,,,,,,,,,,,,,,,,,,,,,,,,,,,,,,,,,,,,
rsg_object_detection,dropped_oldest,545,rsg_20260806_40_654879999_000545,dropped,True,fifo_cached_frame,546,56,0,488,56,0,1,0.0,49.397861992474645,frame_fifo_full,,,,,,,,,,,,,,,,,,,,,,,,,,,,,,,,,,,,,,,,,,,,,,,,,,,,,,,,,,,,,,
rsg_object_detection,frame_trace,538,rsg_20260806_40_254880000_000538,sent_to_hydra,,,,,,,,,,,506.6438649955671,ok,9.43780699162744,493.6205069971038,2.7872439968632534,0.3673960018204525,2.419847995042801,0.005855996278114617,1.9814809929812327,0.31226399005390704,299.82012799882796,12.127298003179021,0.006016009137965739,312.26570600119885,116.37876597524155,15.36013901932165,3.789151000091806,85.91526799136773,10.864068011869676,34.73568499612156,29.53829000762198,1.425620008376427,2.9695660050492734,0.7649329927517101,179.0,61.0,3.886327991494909,0.4891779681202024,0.25214206834789366,0.9976520086638629,0.45007700100541115,0.004064000677317381,157.20851501100697,9.269661008147523,0.12219900963827968,12.73384400701616,0.039100967114791274,5.237071993178688,4.627198999514803,0.09407300967723131,0.5157999839866534,3.6228910030331463,0.5726279923692346,0.005216003046371043,0.7924510136945173,5,0,5,0,0,,,,,,,,,,,,,,
rsg_object_detection,dropped_oldest,547,rsg_20260806_40_754880000_000547,dropped,True,fifo_cached_frame,548,57,0,489,57,0,1,0.0,5.525882996153086,frame_fifo_full,,,,,,,,,,,,,,,,,,,,,,,,,,,,,,,,,,,,,,,,,,,,,,,,,,,,,,,,,,,,,,
rsg_object_detection,dropped_oldest,548,rsg_20260806_40_804879999_000548,dropped,True,fifo_cached_frame,549,57,0,490,57,0,1,0.0,77.48954300768673,frame_fifo_full,,,,,,,,,,,,,,,,,,,,,,,,,,,,,,,,,,,,,,,,,,,,,,,,,,,,,,,,,,,,,,
rsg_object_detection,dropped_oldest,549,rsg_20260806_40_904879999_000549,dropped,True,fifo_cached_frame,550,57,0,491,57,0,1,0.0,103.61791600007564,frame_fifo_full,,,,,,,,,,,,,,,,,,,,,,,,,,,,,,,,,,,,,,,,,,,,,,,,,,,,,,,,,,,,,,
rsg_object_detection,dropped_oldest,550,rsg_20260806_41_004879999_000550,dropped,True,fifo_cached_frame,551,57,0,492,57,0,1,0.0,52.663277005194686,frame_fifo_full,,,,,,,,,,,,,,,,,,,,,,,,,,,,,,,,,,,,,,,,,,,,,,,,,,,,,,,,,,,,,,
rsg_object_detection,dropped_oldest,551,rsg_20260806_41_054879999_000551,dropped,True,fifo_cached_frame,552,57,0,493,57,0,1,0.0,95.41659099340905,frame_fifo_full,,,,,,,,,,,,,,,,,,,,,,,,,,,,,,,,,,,,,,,,,,,,,,,,,,,,,,,,,,,,,,
rsg_object_detection,dropped_oldest,552,rsg_20260806_41_154879999_000552,dropped,True,fifo_cached_frame,553,57,0,494,57,0,1,0.0,57.41408200992737,frame_fifo_full,,,,,,,,,,,,,,,,,,,,,,,,,,,,,,,,,,,,,,,,,,,,,,,,,,,,,,,,,,,,,,
rsg_object_detection,dropped_oldest,553,rsg_20260806_41_204880000_000553,dropped,True,fifo_cached_frame,554,57,0,495,57,0,1,0.0,89.64945199841168,frame_fifo_full,,,,,,,,,,,,,,,,,,,,,,,,,,,,,,,,,,,,,,,,,,,,,,,,,,,,,,,,,,,,,,
rsg_object_detection,frame_trace,546,rsg_20260806_40_704880000_000546,sent_to_hydra,,,,,,,,,,,609.9604670016561,ok,15.969087995472364,515.3386620077072,77.52454800356645,0.13413300621323287,77.39041499735322,0.005055000656284392,1.2282910029171035,0.16277199028991163,398.0032599938568,20.807051987503655,0.006559028406627476,418.97964300005697,52.137109989416786,14.852212014375255,4.4889379787491634,20.24930300831329,12.076870989403687,21.907898000790738,17.585988010978326,1.8980639870278537,1.689919998170808,0.695819006068632,203.0,62.0,2.343949003261514,0.7434330036630854,0.261706009041518,1.084301999071613,0.0721219985280186,0.003775989171117544,78.56856699800119,2.258740001707338,0.12447100016288459,14.135211007669568,0.04373899719212204,12.024587995256297,11.431737002567388,0.08610599616076797,0.5067449965281412,3.406684991205111,0.5332079890649766,0.004607019945979118,1.1231139942537993,6,0,6,0,0,,,,,,,,,,,,,,
rsg_object_detection,dropped_oldest,555,rsg_20260806_41_354880000_000555,dropped,True,fifo_cached_frame,556,58,0,496,58,0,1,0.0,49.15478199836798,frame_fifo_full,,,,,,,,,,,,,,,,,,,,,,,,,,,,,,,,,,,,,,,,,,,,,,,,,,,,,,,,,,,,,,
rsg_object_detection,dropped_oldest,556,rsg_20260806_41_404879999_000556,dropped,True,fifo_cached_frame,557,58,0,497,58,0,1,0.0,47.86576100741513,frame_fifo_full,,,,,,,,,,,,,,,,,,,,,,,,,,,,,,,,,,,,,,,,,,,,,,,,,,,,,,,,,,,,,,
rsg_object_detection,dropped_oldest,557,rsg_20260806_41_454880000_000557,dropped,True,fifo_cached_frame,558,58,0,498,58,0,1,0.0,53.77346999011934,frame_fifo_full,,,,,,,,,,,,,,,,,,,,,,,,,,,,,,,,,,,,,,,,,,,,,,,,,,,,,,,,,,,,,,
rsg_object_detection,dropped_oldest,558,rsg_20260806_41_504880000_000558,dropped,True,fifo_cached_frame,559,58,0,499,58,0,1,0.0,52.75118100689724,frame_fifo_full,,,,,,,,,,,,,,,,,,,,,,,,,,,,,,,,,,,,,,,,,,,,,,,,,,,,,,,,,,,,,,
rsg_object_detection,dropped_oldest,559,rsg_20260806_41_554879999_000559,dropped,True,fifo_cached_frame,560,58,0,500,58,0,1,0.0,98.54385200014804,frame_fifo_full,,,,,,,,,,,,,,,,,,,,,,,,,,,,,,,,,,,,,,,,,,,,,,,,,,,,,,,,,,,,,,
rsg_object_detection,dropped_oldest,560,rsg_20260806_41_654879999_000560,dropped,True,fifo_cached_frame,561,58,0,501,58,0,1,0.0,67.80667300336063,frame_fifo_full,,,,,,,,,,,,,,,,,,,,,,,,,,,,,,,,,,,,,,,,,,,,,,,,,,,,,,,,,,,,,,
rsg_object_detection,dropped_oldest,561,rsg_20260806_41_704880000_000561,dropped,True,fifo_cached_frame,562,58,0,502,58,0,1,0.0,34.27034898777492,frame_fifo_full,,,,,,,,,,,,,,,,,,,,,,,,,,,,,,,,,,,,,,,,,,,,,,,,,,,,,,,,,,,,,,
rsg_object_detection,dropped_oldest,562,rsg_20260806_41_754880000_000562,dropped,True,fifo_cached_frame,563,58,0,503,58,0,1,0.0,54.9791700032074,frame_fifo_full,,,,,,,,,,,,,,,,,,,,,,,,,,,,,,,,,,,,,,,,,,,,,,,,,,,,,,,,,,,,,,
rsg_object_detection,frame_trace,554,rsg_20260806_41_304879999_000554,sent_to_hydra,,,,,,,,,,,550.7888160063885,ok,10.621877998346463,519.7235030063894,19.359901009011082,0.15589300892315805,19.204008000087924,0.005790992872789502,1.0194430069532245,0.1770750095602125,343.45680600381456,19.98929299588781,0.007166992872953415,363.63034100213554,87.62119800667278,41.65327496593818,7.283478014869615,24.26800700777676,13.7602640024852,34.83878500992432,18.640723996213637,10.36788200144656,4.836560008698143,0.9462000016355887,219.0,63.0,8.103959014988504,1.5421860007336363,0.4328289651311934,1.2407049944158643,0.40201700176112354,0.004255998646840453,134.20353400579188,6.904722002218477,0.13739700079895556,13.787014002446085,0.0410519860452041,6.147562991827726,5.525019005290233,0.10149599984288216,0.5210479866946116,3.6861830012639984,0.782916002208367,0.005216003046371043,1.077742999768816,7,0,7,0,0,,,,,,,,,,,,,,
rsg_object_detection,dropped_oldest,564,rsg_20260806_41_904879999_000564,dropped,True,fifo_cached_frame,565,59,0,504,59,0,1,0.0,38.30258500238415,frame_fifo_full,,,,,,,,,,,,,,,,,,,,,,,,,,,,,,,,,,,,,,,,,,,,,,,,,,,,,,,,,,,,,,
rsg_object_detection,dropped_oldest,565,rsg_20260806_41_954880000_000565,dropped,True,fifo_cached_frame,566,59,0,505,59,0,1,0.0,51.39867500110995,frame_fifo_full,,,,,,,,,,,,,,,,,,,,,,,,,,,,,,,,,,,,,,,,,,,,,,,,,,,,,,,,,,,,,,
rsg_object_detection,dropped_oldest,566,rsg_20260806_42_004879999_000566,dropped,True,fifo_cached_frame,567,59,0,506,59,0,1,0.0,99.88147699914407,frame_fifo_full,,,,,,,,,,,,,,,,,,,,,,,,,,,,,,,,,,,,,,,,,,,,,,,,,,,,,,,,,,,,,,
rsg_object_detection,dropped_oldest,567,rsg_20260806_42_104880000_000567,dropped,True,fifo_cached_frame,568,59,0,507,59,0,1,0.0,101.5463100047782,frame_fifo_full,,,,,,,,,,,,,,,,,,,,,,,,,,,,,,,,,,,,,,,,,,,,,,,,,,,,,,,,,,,,,,
rsg_object_detection,dropped_oldest,568,rsg_20260806_42_204880000_000568,dropped,True,fifo_cached_frame,569,59,0,508,59,0,1,0.0,98.92334799224045,frame_fifo_full,,,,,,,,,,,,,,,,,,,,,,,,,,,,,,,,,,,,,,,,,,,,,,,,,,,,,,,,,,,,,,
rsg_object_detection,dropped_oldest,569,rsg_20260806_42_304879999_000569,dropped,True,fifo_cached_frame,570,59,0,509,59,0,1,0.0,81.60671900259331,frame_fifo_full,,,,,,,,,,,,,,,,,,,,,,,,,,,,,,,,,,,,,,,,,,,,,,,,,,,,,,,,,,,,,,
rsg_object_detection,frame_trace,563,rsg_20260806_41_804879999_000563,sent_to_hydra,,,,,,,,,,,629.5393480104394,ok,8.901242006686516,571.9113870000001,47.71953201270662,0.14974801160860807,47.569784001098014,0.003231994924135506,1.078925997717306,0.1822580088628456,418.7352640001336,25.841073991614394,0.0063680054154247046,444.7649640060263,55.70955399889499,17.281886015553027,5.155384977115318,19.32003302499652,13.33965799130965,39.702259993646294,21.49289300723467,13.79952600109391,3.378175009856932,0.9856210090219975,241.0,65.0,6.509231970994733,2.3614240053575486,0.406653038226068,2.9196179966675118,0.09660099749453366,0.00435100810136646,107.72889100189786,3.0565679917344823,0.15806799638085067,15.082660000189207,0.041310006054118276,4.409104003570974,3.8564099959330633,0.08092199277598411,0.47177201486192644,3.754849996767007,0.7316569972317666,0.005631009116768837,1.0039549961220473,8,0,8,0,0,,,,,,,,,,,,,,
rsg_object_detection,dropped_oldest,571,rsg_20260806_42_404879999_000571,dropped,True,fifo_cached_frame,572,60,0,510,60,0,1,0.0,6.939407991012558,frame_fifo_full,,,,,,,,,,,,,,,,,,,,,,,,,,,,,,,,,,,,,,,,,,,,,,,,,,,,,,,,,,,,,,
rsg_object_detection,dropped_oldest,572,rsg_20260806_42_454880000_000572,dropped,True,fifo_cached_frame,573,60,0,511,60,0,1,0.0,88.33673498884309,frame_fifo_full,,,,,,,,,,,,,,,,,,,,,,,,,,,,,,,,,,,,,,,,,,,,,,,,,,,,,,,,,,,,,,
rsg_object_detection,dropped_oldest,573,rsg_20260806_42_554879999_000573,dropped,True,fifo_cached_frame,574,60,0,512,60,0,1,0.0,51.561517000664026,frame_fifo_full,,,,,,,,,,,,,,,,,,,,,,,,,,,,,,,,,,,,,,,,,,,,,,,,,,,,,,,,,,,,,,
rsg_object_detection,dropped_oldest,574,rsg_20260806_42_604880000_000574,dropped,True,fifo_cached_frame,575,60,0,513,60,0,1,0.0,49.72779999661725,frame_fifo_full,,,,,,,,,,,,,,,,,,,,,,,,,,,,,,,,,,,,,,,,,,,,,,,,,,,,,,,,,,,,,,
rsg_object_detection,dropped_oldest,575,rsg_20260806_42_654879999_000575,dropped,True,fifo_cached_frame,576,60,0,514,60,0,1,0.0,100.79703599330969,frame_fifo_full,,,,,,,,,,,,,,,,,,,,,,,,,,,,,,,,,,,,,,,,,,,,,,,,,,,,,,,,,,,,,,
rsg_object_detection,dropped_oldest,576,rsg_20260806_42_754880000_000576,dropped,True,fifo_cached_frame,577,60,0,515,60,0,1,0.0,48.41535601008218,frame_fifo_full,,,,,,,,,,,,,,,,,,,,,,,,,,,,,,,,,,,,,,,,,,,,,,,,,,,,,,,,,,,,,,
rsg_object_detection,dropped_oldest,577,rsg_20260806_42_804879999_000577,dropped,True,fifo_cached_frame,578,60,0,516,60,0,1,0.0,90.24292598769534,frame_fifo_full,,,,,,,,,,,,,,,,,,,,,,,,,,,,,,,,,,,,,,,,,,,,,,,,,,,,,,,,,,,,,,
rsg_object_detection,dropped_oldest,578,rsg_20260806_42_854880000_000578,dropped,True,fifo_cached_frame,579,60,0,517,60,0,1,0.0,12.129764989367686,frame_fifo_full,,,,,,,,,,,,,,,,,,,,,,,,,,,,,,,,,,,,,,,,,,,,,,,,,,,,,,,,,,,,,,
rsg_object_detection,dropped_oldest,579,rsg_20260806_42_904879999_000579,dropped,True,fifo_cached_frame,580,60,0,518,60,0,1,0.0,119.79648600390647,frame_fifo_full,,,,,,,,,,,,,,,,,,,,,,,,,,,,,,,,,,,,,,,,,,,,,,,,,,,,,,,,,,,,,,
rsg_object_detection,dropped_oldest,580,rsg_20260806_43_004879999_000580,dropped,True,fifo_cached_frame,581,60,0,519,60,0,1,0.0,26.596088995574974,frame_fifo_full,,,,,,,,,,,,,,,,,,,,,,,,,,,,,,,,,,,,,,,,,,,,,,,,,,,,,,,,,,,,,,
rsg_object_detection,dropped_oldest,581,rsg_20260806_43_054879999_000581,dropped,True,fifo_cached_frame,582,60,0,520,61,0,1,0.0,54.332218001945876,frame_fifo_full,,,,,,,,,,,,,,,,,,,,,,,,,,,,,,,,,,,,,,,,,,,,,,,,,,,,,,,,,,,,,,
rsg_object_detection,frame_trace,570,rsg_20260806_42_354880000_000570,sent_to_hydra,,,,,,,,,,,709.6536890021525,ok,11.259207007242367,629.9585999950068,67.53047899110243,0.12728699948638678,67.40319199161604,0.003487002686597407,1.6259559924947098,0.2537079999456182,357.3306059988681,20.278680996852927,0.007391994586214423,377.8703869902529,145.87510902492795,35.80748302920256,5.889535983442329,53.67537200800143,49.74482400575653,76.3834359968314,61.16737800766714,6.485587000497617,7.45348101190757,1.237378004589118,206.0,34.0,4.178018993115984,1.5287460410036147,0.33834394707810134,1.4208520005922765,0.3045530029339716,0.006175003363750875,230.05273699527606,5.879681004444137,0.13496600149665028,14.347709002322517,0.047164008719846606,5.081117007648572,4.454444992006756,0.09394499647896737,0.5327270191628486,5.419812005129643,0.7532220042776316,0.005055990186519921,0.9019160061143339,8,0,8,0,0,,,,,,,,,,,,,,
rsg_object_detection,dropped_oldest,583,rsg_20260806_43_254880000_000583,dropped,True,fifo_cached_frame,584,61,0,521,61,0,1,0.0,51.41743700369261,frame_fifo_full,,,,,,,,,,,,,,,,,,,,,,,,,,,,,,,,,,,,,,,,,,,,,,,,,,,,,,,,,,,,,,
rsg_object_detection,dropped_oldest,584,rsg_20260806_43_304879999_000584,dropped,True,fifo_cached_frame,585,61,0,522,61,0,1,0.0,50.37886099307798,frame_fifo_full,,,,,,,,,,,,,,,,,,,,,,,,,,,,,,,,,,,,,,,,,,,,,,,,,,,,,,,,,,,,,,
rsg_object_detection,dropped_oldest,585,rsg_20260806_43_354880000_000585,dropped,True,fifo_cached_frame,586,61,0,523,61,0,1,0.0,50.1480620005168,frame_fifo_full,,,,,,,,,,,,,,,,,,,,,,,,,,,,,,,,,,,,,,,,,,,,,,,,,,,,,,,,,,,,,,
rsg_object_detection,dropped_oldest,586,rsg_20260806_43_404879999_000586,dropped,True,fifo_cached_frame,587,61,0,524,61,0,1,0.0,50.13916699681431,frame_fifo_full,,,,,,,,,,,,,,,,,,,,,,,,,,,,,,,,,,,,,,,,,,,,,,,,,,,,,,,,,,,,,,
rsg_object_detection,dropped_oldest,587,rsg_20260806_43_454880000_000587,dropped,True,fifo_cached_frame,588,61,0,525,61,0,1,0.0,65.85477299813647,frame_fifo_full,,,,,,,,,,,,,,,,,,,,,,,,,,,,,,,,,,,,,,,,,,,,,,,,,,,,,,,,,,,,,,
rsg_object_detection,dropped_oldest,588,rsg_20260806_43_504880000_000588,dropped,True,fifo_cached_frame,589,61,0,526,61,0,1,0.0,39.89053700934164,frame_fifo_full,,,,,,,,,,,,,,,,,,,,,,,,,,,,,,,,,,,,,,,,,,,,,,,,,,,,,,,,,,,,,,
rsg_object_detection,dropped_oldest,589,rsg_20260806_43_554879999_000589,dropped,True,fifo_cached_frame,590,61,0,527,61,0,1,0.0,93.79607500159182,frame_fifo_full,,,,,,,,,,,,,,,,,,,,,,,,,,,,,,,,,,,,,,,,,,,,,,,,,,,,,,,,,,,,,,
rsg_object_detection,frame_trace,582,rsg_20260806_43_104880000_000582,sent_to_hydra,,,,,,,,,,,552.6128190103918,ok,13.7713060103124,535.2571780094877,2.412041008938104,0.14299699978437275,2.269044009153731,0.0037119898479431868,1.6927349934121594,0.25345300673507154,356.4853180141654,18.313648994080722,0.007678987458348274,375.06009900243953,85.56258998578414,23.96586003305856,5.0669109768932685,33.71983898978215,21.435907008708455,47.803825000301,40.921531995991245,3.776737008593045,2.289297990500927,0.7535740005550906,183.0,35.0,3.088502970058471,0.8016040228540078,0.3043560282094404,1.5900879952823743,0.27514700195752084,0.004255998646840453,139.4468149956083,3.3151399984490126,0.13781400048173964,15.557730992441066,0.04684402665589005,9.670625993749127,9.032816989929415,0.09135300933849066,0.5464559944812208,3.320291987620294,0.7754609978292137,0.004927031113766134,1.168581991805695,7,0,7,0,0,,,,,,,,,,,,,,
rsg_object_detection,dropped_oldest,591,rsg_20260806_43_704880000_000591,dropped,True,fifo_cached_frame,592,62,0,528,62,0,1,0.0,57.695649011293426,frame_fifo_full,,,,,,,,,,,,,,,,,,,,,,,,,,,,,,,,,,,,,,,,,,,,,,,,,,,,,,,,,,,,,,
rsg_object_detection,dropped_oldest,592,rsg_20260806_43_754880000_000592,dropped,True,fifo_cached_frame,593,62,0,529,62,0,1,0.0,40.33725599583704,frame_fifo_full,,,,,,,,,,,,,,,,,,,,,,,,,,,,,,,,,,,,,,,,,,,,,,,,,,,,,,,,,,,,,,
rsg_object_detection,dropped_oldest,593,rsg_20260806_43_804879999_000593,dropped,True,fifo_cached_frame,594,62,0,530,62,0,1,0.0,54.30953900213353,frame_fifo_full,,,,,,,,,,,,,,,,,,,,,,,,,,,,,,,,,,,,,,,,,,,,,,,,,,,,,,,,,,,,,,
rsg_object_detection,dropped_oldest,594,rsg_20260806_43_854880000_000594,dropped,True,fifo_cached_frame,595,62,0,531,62,0,1,0.0,48.72186700231396,frame_fifo_full,,,,,,,,,,,,,,,,,,,,,,,,,,,,,,,,,,,,,,,,,,,,,,,,,,,,,,,,,,,,,,
rsg_object_detection,dropped_oldest,595,rsg_20260806_43_904879999_000595,dropped,True,fifo_cached_frame,596,62,0,532,62,0,1,0.0,101.16181900957599,frame_fifo_full,,,,,,,,,,,,,,,,,,,,,,,,,,,,,,,,,,,,,,,,,,,,,,,,,,,,,,,,,,,,,,
rsg_object_detection,dropped_oldest,596,rsg_20260806_44_004879999_000596,dropped,True,fifo_cached_frame,597,62,0,533,62,0,1,0.0,113.65712599945255,frame_fifo_full,,,,,,,,,,,,,,,,,,,,,,,,,,,,,,,,,,,,,,,,,,,,,,,,,,,,,,,,,,,,,,
rsg_object_detection,dropped_oldest,597,rsg_20260806_44_104880000_000597,dropped,True,fifo_cached_frame,598,62,0,534,62,0,1,0.0,48.881982002058066,frame_fifo_full,,,,,,,,,,,,,,,,,,,,,,,,,,,,,,,,,,,,,,,,,,,,,,,,,,,,,,,,,,,,,,
rsg_object_detection,dropped_oldest,598,rsg_20260806_44_154879999_000598,dropped,True,fifo_cached_frame,599,62,0,535,62,0,1,0.0,40.33011999854352,frame_fifo_full,,,,,,,,,,,,,,,,,,,,,,,,,,,,,,,,,,,,,,,,,,,,,,,,,,,,,,,,,,,,,,
rsg_object_detection,frame_trace,590,rsg_20260806_43_654879999_000590,sent_to_hydra,,,,,,,,,,,566.6132129990729,ok,12.72962499933783,536.3403450028272,16.247886000201106,0.14453299809247255,16.103353002108634,0.002496002707630396,1.287902006879449,0.17777900211513042,356.4344920014264,20.964839990483597,0.007038004696369171,377.5841489987215,64.05273500422481,20.143237998127006,5.207124995649792,24.328263010829687,13.73601399245672,65.84578199544922,54.118321000714786,7.643835007911548,3.0258500046329573,1.0119549988303334,234.0,38.0,3.4913840208901092,0.7667559839319438,0.3327429876662791,1.4040529931662604,0.07945000834297389,0.0038080033846199512,135.9909819875611,3.0052429938223213,0.127958002849482,18.303089993423782,0.04102101956959814,8.526456003892235,7.962627001688816,0.09666499681770802,0.4671640053857118,3.473367993137799,0.7255770033225417,0.0042239989852532744,1.2928609939990565,8,0,8,0,0,,,,,,,,,,,,,,
rsg_object_detection,dropped_oldest,600,rsg_20260806_44_304879999_000600,dropped,True,fifo_cached_frame,601,63,0,536,63,0,1,0.0,50.18672099686228,frame_fifo_full,,,,,,,,,,,,,,,,,,,,,,,,,,,,,,,,,,,,,,,,,,,,,,,,,,,,,,,,,,,,,,
rsg_object_detection,dropped_oldest,601,rsg_20260806_44_354880000_000601,dropped,True,fifo_cached_frame,602,63,0,537,63,0,1,0.0,153.11952198680956,frame_fifo_full,,,,,,,,,,,,,,,,,,,,,,,,,,,,,,,,,,,,,,,,,,,,,,,,,,,,,,,,,,,,,,
rsg_object_detection,dropped_oldest,602,rsg_20260806_44_504880000_000602,dropped,True,fifo_cached_frame,603,63,0,538,63,0,1,0.0,48.19276000489481,frame_fifo_full,,,,,,,,,,,,,,,,,,,,,,,,,,,,,,,,,,,,,,,,,,,,,,,,,,,,,,,,,,,,,,
rsg_object_detection,dropped_oldest,603,rsg_20260806_44_554879999_000603,dropped,True,fifo_cached_frame,604,63,0,539,63,0,1,0.0,47.70226999244187,frame_fifo_full,,,,,,,,,,,,,,,,,,,,,,,,,,,,,,,,,,,,,,,,,,,,,,,,,,,,,,,,,,,,,,
rsg_object_detection,dropped_oldest,604,rsg_20260806_44_604880000_000604,dropped,True,fifo_cached_frame,605,63,0,540,63,0,1,0.0,114.8637360020075,frame_fifo_full,,,,,,,,,,,,,,,,,,,,,,,,,,,,,,,,,,,,,,,,,,,,,,,,,,,,,,,,,,,,,,
rsg_object_detection,dropped_oldest,605,rsg_20260806_44_704880000_000605,dropped,True,fifo_cached_frame,606,63,0,541,63,0,1,0.0,49.423450996982865,frame_fifo_full,,,,,,,,,,,,,,,,,,,,,,,,,,,,,,,,,,,,,,,,,,,,,,,,,,,,,,,,,,,,,,
rsg_object_detection,dropped_oldest,606,rsg_20260806_44_754880000_000606,dropped,True,fifo_cached_frame,607,63,0,542,63,0,1,0.0,40.171385000576265,frame_fifo_full,,,,,,,,,,,,,,,,,,,,,,,,,,,,,,,,,,,,,,,,,,,,,,,,,,,,,,,,,,,,,,
rsg_object_detection,frame_trace,599,rsg_20260806_44_204880000_000599,sent_to_hydra,,,,,,,,,,,607.7858930075308,ok,13.240115004009567,573.4668020013487,20.002641002065502,0.17678699805401266,19.82585400401149,0.003263994585722685,0.9668380080256611,0.16840299940668046,358.344047999708,26.81707000010647,0.007648006430827081,385.33716900565196,106.93595194607042,19.328327995026484,5.440961962449364,42.97913897607941,37.0292870211415,52.0132710080361,40.523934992961586,7.5352690037107095,3.0253069999162108,0.8888919983291999,229.0,38.0,3.7457649887073785,1.2133470008848235,0.3441660519456491,1.443282002583146,0.25415699928998947,0.004159999662078917,165.97032299614511,4.209601000184193,0.13944499369245023,16.802885991637595,0.04054000601172447,8.895229009795003,8.280971989734098,0.14094899233896285,0.47330802772194147,3.4055339929182082,0.9348739986307919,0.004478002665564418,1.0730710055213422,8,0,8,0,0,,,,,,,,,,,,,,
rsg_object_detection,dropped_oldest,608,rsg_20260806_44_904879999_000608,dropped,True,fifo_cached_frame,609,64,0,543,64,0,1,0.0,97.76154499559198,frame_fifo_full,,,,,,,,,,,,,,,,,,,,,,,,,,,,,,,,,,,,,,,,,,,,,,,,,,,,,,,,,,,,,,
rsg_object_detection,dropped_oldest,609,rsg_20260806_45_004879999_000609,dropped,True,fifo_cached_frame,610,64,0,544,64,0,1,0.0,52.857143004075624,frame_fifo_full,,,,,,,,,,,,,,,,,,,,,,,,,,,,,,,,,,,,,,,,,,,,,,,,,,,,,,,,,,,,,,
rsg_object_detection,dropped_oldest,610,rsg_20260806_45_054879999_000610,dropped,True,fifo_cached_frame,611,64,0,545,64,0,1,0.0,49.006330998963676,frame_fifo_full,,,,,,,,,,,,,,,,,,,,,,,,,,,,,,,,,,,,,,,,,,,,,,,,,,,,,,,,,,,,,,
rsg_object_detection,dropped_oldest,611,rsg_20260806_45_104880000_000611,dropped,True,fifo_cached_frame,612,64,0,546,64,0,1,0.0,55.29225400823634,frame_fifo_full,,,,,,,,,,,,,,,,,,,,,,,,,,,,,,,,,,,,,,,,,,,,,,,,,,,,,,,,,,,,,,
rsg_object_detection,dropped_oldest,612,rsg_20260806_45_154879999_000612,dropped,True,fifo_cached_frame,613,64,0,547,64,0,1,0.0,46.514711997588165,frame_fifo_full,,,,,,,,,,,,,,,,,,,,,,,,,,,,,,,,,,,,,,,,,,,,,,,,,,,,,,,,,,,,,,
rsg_object_detection,dropped_oldest,613,rsg_20260806_45_204880000_000613,dropped,True,fifo_cached_frame,614,64,0,548,65,0,1,0.0,128.51339700864628,frame_fifo_full,,,,,,,,,,,,,,,,,,,,,,,,,,,,,,,,,,,,,,,,,,,,,,,,,,,,,,,,,,,,,,
rsg_object_detection,frame_trace,607,rsg_20260806_44_804879999_000607,sent_to_hydra,,,,,,,,,,,516.3655439973809,ok,10.128192996489815,484.1419720032718,20.898861999739893,0.13634099741466343,20.76252100232523,0.0033279939088970423,1.2320030073169619,0.20011300512123853,346.0139469971182,22.960690999752842,0.008702001650817692,369.1834530036431,50.29032799939159,22.238600009586662,4.326614958699793,12.645663984585553,10.581180002191104,28.684386998065747,21.523328992770985,3.2052930037025362,2.972702990518883,0.9483440080657601,253.0,73.0,3.261544043198228,0.7591770117869601,0.31895194842945784,1.663617993472144,0.08559400157537311,0.004159999662078917,85.08379000704736,11.40012800169643,0.15198798791971058,17.049749003490433,0.04086099215783179,5.621814998448826,4.986853993614204,0.11167100456077605,0.5232900002738461,3.7513309944188222,0.7479439955204725,0.007103008101694286,1.193189003970474,8,0,8,0,0,,,,,,,,,,,,,,
rsg_object_detection,dropped_oldest,615,rsg_20260806_45_354880000_000615,dropped,True,fifo_cached_frame,616,65,0,549,65,0,1,0.0,144.96086099825334,frame_fifo_full,,,,,,,,,,,,,,,,,,,,,,,,,,,,,,,,,,,,,,,,,,,,,,,,,,,,,,,,,,,,,,
rsg_object_detection,dropped_oldest,616,rsg_20260806_45_504880000_000616,dropped,True,fifo_cached_frame,617,65,0,550,65,0,1,0.0,41.027259998372756,frame_fifo_full,,,,,,,,,,,,,,,,,,,,,,,,,,,,,,,,,,,,,,,,,,,,,,,,,,,,,,,,,,,,,,
rsg_object_detection,dropped_oldest,617,rsg_20260806_45_554879999_000617,dropped,True,fifo_cached_frame,618,65,0,551,65,0,1,0.0,49.05945299833547,frame_fifo_full,,,,,,,,,,,,,,,,,,,,,,,,,,,,,,,,,,,,,,,,,,,,,,,,,,,,,,,,,,,,,,
rsg_object_detection,dropped_oldest,618,rsg_20260806_45_604880000_000618,dropped,True,fifo_cached_frame,619,65,0,552,65,0,1,0.0,50.78972200863063,frame_fifo_full,,,,,,,,,,,,,,,,,,,,,,,,,,,,,,,,,,,,,,,,,,,,,,,,,,,,,,,,,,,,,,
rsg_object_detection,dropped_oldest,619,rsg_20260806_45_654879999_000619,dropped,True,fifo_cached_frame,620,65,0,553,65,0,1,0.0,70.2172099991003,frame_fifo_full,,,,,,,,,,,,,,,,,,,,,,,,,,,,,,,,,,,,,,,,,,,,,,,,,,,,,,,,,,,,,,
rsg_object_detection,dropped_oldest,620,rsg_20260806_45_704880000_000620,dropped,True,fifo_cached_frame,621,65,0,554,65,0,1,0.0,36.960657002055086,frame_fifo_full,,,,,,,,,,,,,,,,,,,,,,,,,,,,,,,,,,,,,,,,,,,,,,,,,,,,,,,,,,,,,,
rsg_object_detection,dropped_oldest,621,rsg_20260806_45_754880000_000621,dropped,True,fifo_cached_frame,622,65,0,555,65,0,1,0.0,39.77462000329979,frame_fifo_full,,,,,,,,,,,,,,,,,,,,,,,,,,,,,,,,,,,,,,,,,,,,,,,,,,,,,,,,,,,,,,
rsg_object_detection,dropped_oldest,622,rsg_20260806_45_804879999_000622,dropped,True,fifo_cached_frame,623,65,0,556,66,0,1,0.0,52.858139999443665,frame_fifo_full,,,,,,,,,,,,,,,,,,,,,,,,,,,,,,,,,,,,,,,,,,,,,,,,,,,,,,,,,,,,,,
rsg_object_detection,frame_trace,614,rsg_20260806_45_304879999_000614,sent_to_hydra,,,,,,,,,,,506.5929600095842,ok,9.91515300120227,493.06233700190205,2.534208004362881,0.13861300249118358,2.3955950018716976,0.002335000317543745,1.6289970080833882,0.17240199667867273,327.8071089880541,19.031582996831276,0.007776005077175796,347.0188699866412,80.51259098283481,20.813050025026314,5.118845001561567,35.48537600727286,18.46311400004197,32.38404300645925,22.404447008739226,3.2801030029077083,5.522430001292378,0.9915410046232864,284.0,77.0,7.080807030433789,1.8110960081685334,0.3982729831477627,1.3427470112219453,0.24090999795589596,0.004287998308427632,123.79280100867618,4.744024001411162,0.12168700050096959,15.713657994638197,0.04230000195093453,5.500062994542532,4.9363949947291985,0.08661799074616283,0.4770500090671703,3.731621996848844,0.6775479996576905,0.005920010153204203,1.0789270017994568,8,0,7,0,0,,,,,,,,,,,,,,
rsg_object_detection,dropped_oldest,624,rsg_20260806_45_904879999_000624,dropped,True,fifo_cached_frame,625,66,0,557,66,0,1,0.0,35.61746199557092,frame_fifo_full,,,,,,,,,,,,,,,,,,,,,,,,,,,,,,,,,,,,,,,,,,,,,,,,,,,,,,,,,,,,,,
rsg_object_detection,dropped_oldest,625,rsg_20260806_45_954880000_000625,dropped,True,fifo_cached_frame,626,66,0,558,66,0,1,0.0,50.102989000151865,frame_fifo_full,,,,,,,,,,,,,,,,,,,,,,,,,,,,,,,,,,,,,,,,,,,,,,,,,,,,,,,,,,,,,,
rsg_object_detection,dropped_oldest,626,rsg_20260806_46_004879999_000626,dropped,True,fifo_cached_frame,627,66,0,559,66,0,1,0.0,52.74506100977305,frame_fifo_full,,,,,,,,,,,,,,,,,,,,,,,,,,,,,,,,,,,,,,,,,,,,,,,,,,,,,,,,,,,,,,
rsg_object_detection,dropped_oldest,627,rsg_20260806_46_054879999_000627,dropped,True,fifo_cached_frame,628,66,0,560,66,0,1,0.0,50.200486002722755,frame_fifo_full,,,,,,,,,,,,,,,,,,,,,,,,,,,,,,,,,,,,,,,,,,,,,,,,,,,,,,,,,,,,,,
rsg_object_detection,dropped_oldest,628,rsg_20260806_46_104880000_000628,dropped,True,fifo_cached_frame,629,66,0,561,66,0,1,0.0,101.84627000126056,frame_fifo_full,,,,,,,,,,,,,,,,,,,,,,,,,,,,,,,,,,,,,,,,,,,,,,,,,,,,,,,,,,,,,,
rsg_object_detection,dropped_oldest,629,rsg_20260806_46_204880000_000629,dropped,True,fifo_cached_frame,630,66,0,562,66,0,1,0.0,109.31502298626583,frame_fifo_full,,,,,,,,,,,,,,,,,,,,,,,,,,,,,,,,,,,,,,,,,,,,,,,,,,,,,,,,,,,,,,
rsg_object_detection,dropped_oldest,630,rsg_20260806_46_254880000_000630,dropped,True,fifo_cached_frame,631,66,0,563,66,0,1,0.0,13.523681001970544,frame_fifo_full,,,,,,,,,,,,,,,,,,,,,,,,,,,,,,,,,,,,,,,,,,,,,,,,,,,,,,,,,,,,,,
rsg_object_detection,dropped_oldest,631,rsg_20260806_46_304879999_000631,dropped,True,fifo_cached_frame,632,66,0,564,66,0,1,0.0,23.45246699405834,frame_fifo_full,,,,,,,,,,,,,,,,,,,,,,,,,,,,,,,,,,,,,,,,,,,,,,,,,,,,,,,,,,,,,,
rsg_object_detection,frame_trace,623,rsg_20260806_45_854880000_000623,sent_to_hydra,,,,,,,,,,,507.21394999709446,ok,11.985142002231441,491.4055770059349,2.6681500021368265,0.14203799946699291,2.5261120026698336,0.0023360043996945024,4.1712039965204895,0.22628699662163854,350.2902379987063,16.458978003356606,0.007198992534540594,366.9827019912191,55.80848101817537,16.467072971863672,6.396185970515944,18.900904004112817,13.190874000429176,38.369611007510684,26.50618700135965,8.282892988063395,2.6342010096414015,0.8122899889713153,256.0,79.0,2.6308720116503537,0.5605340120382607,0.30778395012021065,1.06644700281322,0.08642500324640423,0.004159999662078917,98.8483940018341,5.74810900434386,0.1375580031890422,15.473101986572146,0.044508022256195545,8.1538480008021,7.583458995213732,0.09704900730866939,0.4733399982796982,3.2993990025715902,0.5272239941405132,0.004671004717238247,1.1527449823915958,7,0,6,0,0,,,,,,,,,,,,,,
rsg_object_detection,dropped_oldest,633,rsg_20260806_46_404879999_000633,dropped,True,fifo_cached_frame,634,67,0,565,67,0,1,0.0,103.77359300036915,frame_fifo_full,,,,,,,,,,,,,,,,,,,,,,,,,,,,,,,,,,,,,,,,,,,,,,,,,,,,,,,,,,,,,,
rsg_object_detection,dropped_oldest,634,rsg_20260806_46_504880000_000634,dropped,True,fifo_cached_frame,635,67,0,566,67,0,1,0.0,47.821726999245584,frame_fifo_full,,,,,,,,,,,,,,,,,,,,,,,,,,,,,,,,,,,,,,,,,,,,,,,,,,,,,,,,,,,,,,
rsg_object_detection,dropped_oldest,635,rsg_20260806_46_554879999_000635,dropped,True,fifo_cached_frame,636,67,0,567,67,0,1,0.0,52.27310299233068,frame_fifo_full,,,,,,,,,,,,,,,,,,,,,,,,,,,,,,,,,,,,,,,,,,,,,,,,,,,,,,,,,,,,,,
rsg_object_detection,dropped_oldest,636,rsg_20260806_46_604880000_000636,dropped,True,fifo_cached_frame,637,67,0,568,67,0,1,0.0,48.11824898933992,frame_fifo_full,,,,,,,,,,,,,,,,,,,,,,,,,,,,,,,,,,,,,,,,,,,,,,,,,,,,,,,,,,,,,,
rsg_object_detection,dropped_oldest,637,rsg_20260806_46_654879999_000637,dropped,True,fifo_cached_frame,638,67,0,569,67,0,1,0.0,51.71688900736626,frame_fifo_full,,,,,,,,,,,,,,,,,,,,,,,,,,,,,,,,,,,,,,,,,,,,,,,,,,,,,,,,,,,,,,
rsg_object_detection,dropped_oldest,638,rsg_20260806_46_704880000_000638,dropped,True,fifo_cached_frame,639,67,0,570,67,0,1,0.0,120.02865099930204,frame_fifo_full,,,,,,,,,,,,,,,,,,,,,,,,,,,,,,,,,,,,,,,,,,,,,,,,,,,,,,,,,,,,,,
rsg_object_detection,dropped_oldest,639,rsg_20260806_46_804879999_000639,dropped,True,fifo_cached_frame,640,67,0,571,67,0,1,0.0,25.877659005345777,frame_fifo_full,,,,,,,,,,,,,,,,,,,,,,,,,,,,,,,,,,,,,,,,,,,,,,,,,,,,,,,,,,,,,,
rsg_object_detection,frame_trace,632,rsg_20260806_46_354880000_000632,sent_to_hydra,,,,,,,,,,,550.1430049916962,ok,9.009878995129839,521.9492330070352,18.014956993283704,0.14354099403135478,17.87141599925235,0.002176006091758609,1.0083069937536493,0.15976399299688637,347.08156100532506,23.874994003563188,0.00652798917144537,371.1228469910566,61.16807799844537,20.424023969098926,6.468279025284573,16.22920500813052,17.17383500363212,61.10411499685142,53.360029007308185,3.1913099956000224,3.326213001855649,1.0348340001655743,296.0,80.0,3.052952015423216,0.8929549949243665,0.29063699184916914,1.221668004291132,0.3399739944143221,0.004671994247473776,128.08996200328693,4.517130000749603,0.13634099741466343,17.041784012690187,0.03286200808361173,4.646016997867264,4.047565002110787,0.08556099783163518,0.5128909979248419,3.6656750016845763,0.6935480050742626,0.00463899050373584,1.1667599901556969,8,0,7,0,0,,,,,,,,,,,,,,
rsg_object_detection,dropped_oldest,641,rsg_20260806_46_954880000_000641,dropped,True,fifo_cached_frame,642,68,0,572,68,0,1,0.0,98.35800199653022,frame_fifo_full,,,,,,,,,,,,,,,,,,,,,,,,,,,,,,,,,,,,,,,,,,,,,,,,,,,,,,,,,,,,,,
rsg_object_detection,dropped_oldest,642,rsg_20260806_47_054879999_000642,dropped,True,fifo_cached_frame,643,68,0,573,68,0,1,0.0,53.92244999529794,frame_fifo_full,,,,,,,,,,,,,,,,,,,,,,,,,,,,,,,,,,,,,,,,,,,,,,,,,,,,,,,,,,,,,,
rsg_object_detection,dropped_oldest,643,rsg_20260806_47_104880000_000643,dropped,True,fifo_cached_frame,644,68,0,574,68,0,1,0.0,50.29334900609683,frame_fifo_full,,,,,,,,,,,,,,,,,,,,,,,,,,,,,,,,,,,,,,,,,,,,,,,,,,,,,,,,,,,,,,
rsg_object_detection,dropped_oldest,644,rsg_20260806_47_154879999_000644,dropped,True,fifo_cached_frame,645,68,0,575,68,0,1,0.0,47.31575000914745,frame_fifo_full,,,,,,,,,,,,,,,,,,,,,,,,,,,,,,,,,,,,,,,,,,,,,,,,,,,,,,,,,,,,,,
rsg_object_detection,dropped_oldest,645,rsg_20260806_47_204880000_000645,dropped,True,fifo_cached_frame,646,68,0,576,68,0,1,0.0,110.7677899999544,frame_fifo_full,,,,,,,,,,,,,,,,,,,,,,,,,,,,,,,,,,,,,,,,,,,,,,,,,,,,,,,,,,,,,,
rsg_object_detection,,48,rsg_20260806_14_404880000_000048,vlm_done,,,,,,,,,,,,ok,,,,,,,,,,,,,,,,,,,,,,,,,,,,,,,,,,,,,,,,,,,,,,,,,rsg_obj_000010,rsg_unknown_rsg_20260806_14_404880000_000048_007_nanosam_003,,,3,0.7289769672544081,wall,0.98,static,0.99,6725.321261008503,27981.403936006245,qwen_http,Qwen3-VL-8B-Instruct-GGUF
rsg_object_detection,completed,48,rsg_20260806_14_404880000_000048,,,,,,,,,,,21256.08088300214,,vlm_done,,,,,,,,,,,,,,,,,,,,,,,,,,,,,,,,,,,,,,,,,,,,,,,,,rsg_obj_000010,rsg_unknown_rsg_20260806_14_404880000_000048_007_nanosam_003,16,300,3,0.7289769672544081,,,,,,,,
rsg_object_detection,dropped_oldest,646,rsg_20260806_47_304879999_000646,dropped,True,fifo_cached_frame,647,68,0,577,68,0,1,0.0,41.76398299750872,frame_fifo_full,,,,,,,,,,,,,,,,,,,,,,,,,,,,,,,,,,,,,,,,,,,,,,,,,,,,,,,,,,,,,,
rsg_object_detection,dequeued,172,rsg_20260806_20_604880000_000172,,,,,,,,,,,23181.128746000468,,fifo_order,,,,,,,,,,,,,,,,,,,,,,,,,,,,,,,,,,,,,,,,,,,,,,,,,rsg_obj_000012,rsg_unknown_rsg_20260806_20_604880000_000172_001_nanosam_000,15,300,5,0.4531420358915617,,,,,,,,
rsg_object_detection,dropped_oldest,647,rsg_20260806_47_354880000_000647,dropped,True,fifo_cached_frame,648,68,0,578,68,0,1,0.0,124.93079098931048,frame_fifo_full,,,,,,,,,,,,,,,,,,,,,,,,,,,,,,,,,,,,,,,,,,,,,,,,,,,,,,,,,,,,,,
rsg_object_detection,frame_trace,640,rsg_20260806_46_854880000_000640,sent_to_hydra,,,,,,,,,,,639.2082009988371,ok,8.839332993375137,566.5296319930349,62.615521004772745,0.15454900858458132,62.460971996188164,0.0024000037228688598,1.2715839984593913,1.237730000866577,402.77102100662887,30.532638003933243,0.007903989171609282,434.5492930006003,62.91781202889979,23.955758006195538,5.776717007393017,18.851120010367595,13.649464031914249,36.628050002036616,26.76466699631419,3.3091259974753484,5.242835992248729,1.262368998141028,306.0,82.0,3.586991995689459,0.6507340003736317,0.3582439821911976,1.3970790023449808,0.10021599882747978,0.004032001015730202,105.65778199816123,3.216397002688609,0.13531700824387372,21.66345300793182,0.03580597694963217,4.528713994659483,4.0724289865465835,0.0943930062931031,0.36189200181979686,3.6112480011070147,0.6940599996596575,0.0053109979489818215,1.2213150039315224,8,0,8,0,0,,,,,,,,,,,,,,
rsg_object_detection,dropped_oldest,649,rsg_20260806_47_504880000_000649,dropped,True,fifo_cached_frame,650,69,0,579,69,0,1,0.0,46.109957998851314,frame_fifo_full,,,,,,,,,,,,,,,,,,,,,,,,,,,,,,,,,,,,,,,,,,,,,,,,,,,,,,,,,,,,,,
rsg_object_detection,dropped_oldest,650,rsg_20260806_47_554879999_000650,dropped,True,fifo_cached_frame,651,69,0,580,69,0,1,0.0,51.670818007551134,frame_fifo_full,,,,,,,,,,,,,,,,,,,,,,,,,,,,,,,,,,,,,,,,,,,,,,,,,,,,,,,,,,,,,,
rsg_object_detection,dropped_oldest,651,rsg_20260806_47_604880000_000651,dropped,True,fifo_cached_frame,652,69,0,581,69,0,1,0.0,98.66029499971773,frame_fifo_full,,,,,,,,,,,,,,,,,,,,,,,,,,,,,,,,,,,,,,,,,,,,,,,,,,,,,,,,,,,,,,
rsg_object_detection,dropped_oldest,652,rsg_20260806_47_704880000_000652,dropped,True,fifo_cached_frame,653,69,0,582,69,0,1,0.0,52.06733199884184,frame_fifo_full,,,,,,,,,,,,,,,,,,,,,,,,,,,,,,,,,,,,,,,,,,,,,,,,,,,,,,,,,,,,,,
rsg_object_detection,dropped_oldest,653,rsg_20260806_47_754880000_000653,dropped,True,fifo_cached_frame,654,69,0,583,69,0,1,0.0,60.07290400157217,frame_fifo_full,,,,,,,,,,,,,,,,,,,,,,,,,,,,,,,,,,,,,,,,,,,,,,,,,,,,,,,,,,,,,,
rsg_object_detection,dropped_oldest,654,rsg_20260806_47_804879999_000654,dropped,True,fifo_cached_frame,655,69,0,584,69,0,1,0.0,40.465809011948295,frame_fifo_full,,,,,,,,,,,,,,,,,,,,,,,,,,,,,,,,,,,,,,,,,,,,,,,,,,,,,,,,,,,,,,
rsg_object_detection,dropped_oldest,655,rsg_20260806_47_854880000_000655,dropped,True,fifo_cached_frame,656,69,0,585,69,0,1,0.0,90.93546999793034,frame_fifo_full,,,,,,,,,,,,,,,,,,,,,,,,,,,,,,,,,,,,,,,,,,,,,,,,,,,,,,,,,,,,,,
rsg_object_detection,dropped_oldest,656,rsg_20260806_47_904879999_000656,dropped,True,fifo_cached_frame,657,69,0,586,69,0,1,0.0,14.098391999141313,frame_fifo_full,,,,,,,,,,,,,,,,,,,,,,,,,,,,,,,,,,,,,,,,,,,,,,,,,,,,,,,,,,,,,,
rsg_object_detection,frame_trace,648,rsg_20260806_47_454880000_000648,sent_to_hydra,,,,,,,,,,,520.925178003381,ok,11.177491993294097,484.57877000328153,24.305044003995135,0.138868999783881,24.166175004211254,0.003583991201594472,5.132284000865184,0.35546100116334856,353.9097250031773,17.001020009047352,0.007295981049537659,371.27350199443754,39.763111009960994,15.164007985731587,4.457585004274733,9.368730999995023,10.24581800447777,31.39190199726727,19.281136002973653,8.595063001848757,2.5257610104745254,0.9459440043428913,209.0,40.0,3.884506004396826,0.7710450008744374,0.3087759978370741,1.3031660055276006,0.33130300289485604,0.004191009793430567,77.77377500315197,16.31150500907097,0.16354001127183437,13.882024009944871,0.04213997453916818,6.278373999521136,5.644980992656201,0.0952889968175441,0.5381040100473911,4.059245009557344,0.8337930048583075,0.0060799793573096395,0.8602880116086453,7,0,7,0,0,,,,,,,,,,,,,,
rsg_object_detection,dropped_oldest,658,rsg_20260806_48_004879999_000658,dropped,True,fifo_cached_frame,659,70,0,587,70,0,1,0.0,50.70618700119667,frame_fifo_full,,,,,,,,,,,,,,,,,,,,,,,,,,,,,,,,,,,,,,,,,,,,,,,,,,,,,,,,,,,,,,
rsg_object_detection,dropped_oldest,659,rsg_20260806_48_054879999_000659,dropped,True,fifo_cached_frame,660,70,0,588,70,0,1,0.0,41.61125799873844,frame_fifo_full,,,,,,,,,,,,,,,,,,,,,,,,,,,,,,,,,,,,,,,,,,,,,,,,,,,,,,,,,,,,,,
rsg_object_detection,dropped_oldest,660,rsg_20260806_48_104880000_000660,dropped,True,fifo_cached_frame,661,70,0,589,70,0,1,0.0,48.00850299943704,frame_fifo_full,,,,,,,,,,,,,,,,,,,,,,,,,,,,,,,,,,,,,,,,,,,,,,,,,,,,,,,,,,,,,,
rsg_object_detection,dropped_oldest,661,rsg_20260806_48_154879999_000661,dropped,True,fifo_cached_frame,662,70,0,590,70,0,1,0.0,50.31255300855264,frame_fifo_full,,,,,,,,,,,,,,,,,,,,,,,,,,,,,,,,,,,,,,,,,,,,,,,,,,,,,,,,,,,,,,
rsg_object_detection,dropped_oldest,662,rsg_20260806_48_204880000_000662,dropped,True,fifo_cached_frame,663,70,0,591,70,0,1,0.0,51.30508600268513,frame_fifo_full,,,,,,,,,,,,,,,,,,,,,,,,,,,,,,,,,,,,,,,,,,,,,,,,,,,,,,,,,,,,,,
rsg_object_detection,dropped_oldest,663,rsg_20260806_48_254880000_000663,dropped,True,fifo_cached_frame,664,70,0,592,70,0,1,0.0,50.19810299563687,frame_fifo_full,,,,,,,,,,,,,,,,,,,,,,,,,,,,,,,,,,,,,,,,,,,,,,,,,,,,,,,,,,,,,,
rsg_object_detection,dropped_oldest,664,rsg_20260806_48_304879999_000664,dropped,True,fifo_cached_frame,665,70,0,593,70,0,1,0.0,52.59881800157018,frame_fifo_full,,,,,,,,,,,,,,,,,,,,,,,,,,,,,,,,,,,,,,,,,,,,,,,,,,,,,,,,,,,,,,
rsg_object_detection,dropped_oldest,665,rsg_20260806_48_354880000_000665,dropped,True,fifo_cached_frame,666,70,0,594,70,0,1,0.0,47.170108009595424,frame_fifo_full,,,,,,,,,,,,,,,,,,,,,,,,,,,,,,,,,,,,,,,,,,,,,,,,,,,,,,,,,,,,,,
rsg_object_detection,dropped_oldest,666,rsg_20260806_48_404879999_000666,dropped,True,fifo_cached_frame,667,70,0,595,70,0,1,0.0,50.97526100871619,frame_fifo_full,,,,,,,,,,,,,,,,,,,,,,,,,,,,,,,,,,,,,,,,,,,,,,,,,,,,,,,,,,,,,,
rsg_object_detection,dropped_oldest,667,rsg_20260806_48_454880000_000667,dropped,True,fifo_cached_frame,668,70,0,596,70,0,1,0.0,105.18941401096527,frame_fifo_full,,,,,,,,,,,,,,,,,,,,,,,,,,,,,,,,,,,,,,,,,,,,,,,,,,,,,,,,,,,,,,
rsg_object_detection,frame_trace,657,rsg_20260806_47_954880000_000657,sent_to_hydra,,,,,,,,,,,629.6332320052898,ok,8.825734999845736,571.268069994403,48.55710100673605,0.10914300219155848,48.44795800454449,0.003006993210874498,5.002631005481817,0.18862599972635508,395.4850029986119,27.381456005969085,0.008287999662570655,423.0633730039699,77.83477299381047,28.33399100927636,5.808393980260007,29.27600499242544,13.713624997762963,38.633631003904156,29.49636800622102,4.674208001233637,3.3789779990911484,0.9113239939324558,254.0,42.0,3.474874989478849,4.472941989661194,0.36573101533576846,1.250368994078599,0.09765698632691056,0.00415899557992816,126.14975300675724,2.337487996555865,0.1322459866059944,14.541144002578221,0.04143499245401472,4.457871997146867,3.9033210050547495,0.08415299816988409,0.4703979939222336,3.6626999935833737,0.6984119972912595,0.00675101182423532,0.9793190110940486,8,0,7,0,0,,,,,,,,,,,,,,
rsg_object_detection,dropped_oldest,669,rsg_20260806_48_604880000_000669,dropped,True,fifo_cached_frame,670,71,0,597,71,0,1,0.0,48.73286999645643,frame_fifo_full,,,,,,,,,,,,,,,,,,,,,,,,,,,,,,,,,,,,,,,,,,,,,,,,,,,,,,,,,,,,,,
rsg_object_detection,dropped_oldest,670,rsg_20260806_48_654879999_000670,dropped,True,fifo_cached_frame,671,71,0,598,71,0,1,0.0,50.76660399208777,frame_fifo_full,,,,,,,,,,,,,,,,,,,,,,,,,,,,,,,,,,,,,,,,,,,,,,,,,,,,,,,,,,,,,,
rsg_object_detection,dropped_oldest,671,rsg_20260806_48_704880000_000671,dropped,True,fifo_cached_frame,672,71,0,599,71,0,1,0.0,102.77845899690874,frame_fifo_full,,,,,,,,,,,,,,,,,,,,,,,,,,,,,,,,,,,,,,,,,,,,,,,,,,,,,,,,,,,,,,
rsg_object_detection,dropped_oldest,672,rsg_20260806_48_804879999_000672,dropped,True,fifo_cached_frame,673,71,0,600,71,0,1,0.0,100.11392399610486,frame_fifo_full,,,,,,,,,,,,,,,,,,,,,,,,,,,,,,,,,,,,,,,,,,,,,,,,,,,,,,,,,,,,,,
rsg_object_detection,dropped_oldest,673,rsg_20260806_48_904879999_000673,dropped,True,fifo_cached_frame,674,71,0,601,71,0,1,0.0,50.97321199718863,frame_fifo_full,,,,,,,,,,,,,,,,,,,,,,,,,,,,,,,,,,,,,,,,,,,,,,,,,,,,,,,,,,,,,,
rsg_object_detection,dropped_oldest,674,rsg_20260806_48_954880000_000674,dropped,True,fifo_cached_frame,675,71,0,602,71,0,1,0.0,105.91377499804366,frame_fifo_full,,,,,,,,,,,,,,,,,,,,,,,,,,,,,,,,,,,,,,,,,,,,,,,,,,,,,,,,,,,,,,
rsg_object_detection,dropped_oldest,675,rsg_20260806_49_004879999_000675,dropped,True,fifo_cached_frame,676,71,0,603,71,0,1,0.0,6.676520992186852,frame_fifo_full,,,,,,,,,,,,,,,,,,,,,,,,,,,,,,,,,,,,,,,,,,,,,,,,,,,,,,,,,,,,,,
rsg_object_detection,dropped_oldest,676,rsg_20260806_49_054879999_000676,dropped,True,fifo_cached_frame,677,71,0,604,71,0,1,0.0,46.4268679934321,frame_fifo_full,,,,,,,,,,,,,,,,,,,,,,,,,,,,,,,,,,,,,,,,,,,,,,,,,,,,,,,,,,,,,,
rsg_object_detection,frame_trace,668,rsg_20260806_48_554879999_000668,sent_to_hydra,,,,,,,,,,,565.8066210016841,ok,13.410252999165095,509.7373449971201,41.1738230031915,0.16149099974427372,41.01233200344723,0.002688000677153468,5.20354398759082,0.2083040017168969,345.5191980028758,24.00750199740287,0.007839000318199396,369.74284300231375,54.339551003067754,17.333350057015195,4.18425899988506,19.399208002141677,12.761116988258436,44.770833002985455,29.850038001313806,10.485160993994214,3.1027419900055975,1.2927019997732714,378.0,87.0,3.4449900267645717,1.0146739659830928,0.34570100251585245,1.4465789863606915,0.521113004651852,0.004542991518974304,105.90958299872,5.502113010152243,0.1443090004613623,23.189259998616762,0.045692999265156686,8.991737995529547,8.392584000830539,0.08898500527720898,0.5101689894217998,3.60267300857231,0.810626006568782,0.005215988494455814,1.4825120015302673,8,0,8,0,0,,,,,,,,,,,,,,
rsg_object_detection,dropped_oldest,678,rsg_20260806_49_204880000_000678,dropped,True,fifo_cached_frame,679,72,0,605,72,0,1,0.0,49.95869699632749,frame_fifo_full,,,,,,,,,,,,,,,,,,,,,,,,,,,,,,,,,,,,,,,,,,,,,,,,,,,,,,,,,,,,,,
rsg_object_detection,dropped_oldest,679,rsg_20260806_49_254880000_000679,dropped,True,fifo_cached_frame,680,72,0,606,72,0,1,0.0,62.65105899365153,frame_fifo_full,,,,,,,,,,,,,,,,,,,,,,,,,,,,,,,,,,,,,,,,,,,,,,,,,,,,,,,,,,,,,,
rsg_object_detection,dropped_oldest,680,rsg_20260806_49_304879999_000680,dropped,True,fifo_cached_frame,681,72,0,607,72,0,1,0.0,47.41684599139262,frame_fifo_full,,,,,,,,,,,,,,,,,,,,,,,,,,,,,,,,,,,,,,,,,,,,,,,,,,,,,,,,,,,,,,
rsg_object_detection,dropped_oldest,681,rsg_20260806_49_354880000_000681,dropped,True,fifo_cached_frame,682,72,0,608,72,0,1,0.0,41.65683199244086,frame_fifo_full,,,,,,,,,,,,,,,,,,,,,,,,,,,,,,,,,,,,,,,,,,,,,,,,,,,,,,,,,,,,,,
rsg_object_detection,dropped_oldest,682,rsg_20260806_49_404879999_000682,dropped,True,fifo_cached_frame,683,72,0,609,72,0,1,0.0,58.64816099347081,frame_fifo_full,,,,,,,,,,,,,,,,,,,,,,,,,,,,,,,,,,,,,,,,,,,,,,,,,,,,,,,,,,,,,,
rsg_object_detection,dropped_oldest,683,rsg_20260806_49_454880000_000683,dropped,True,fifo_cached_frame,684,72,0,610,72,0,1,0.0,92.23788899544161,frame_fifo_full,,,,,,,,,,,,,,,,,,,,,,,,,,,,,,,,,,,,,,,,,,,,,,,,,,,,,,,,,,,,,,
rsg_object_detection,dropped_oldest,684,rsg_20260806_49_554879999_000684,dropped,True,fifo_cached_frame,685,72,0,611,72,0,1,0.0,65.86288199468981,frame_fifo_full,,,,,,,,,,,,,,,,,,,,,,,,,,,,,,,,,,,,,,,,,,,,,,,,,,,,,,,,,,,,,,
rsg_object_detection,dropped_oldest,685,rsg_20260806_49_604880000_000685,dropped,True,fifo_cached_frame,686,72,0,612,72,0,1,0.0,32.6724530023057,frame_fifo_full,,,,,,,,,,,,,,,,,,,,,,,,,,,,,,,,,,,,,,,,,,,,,,,,,,,,,,,,,,,,,,
rsg_object_detection,dropped_oldest,686,rsg_20260806_49_654879999_000686,dropped,True,fifo_cached_frame,687,72,0,613,72,0,1,0.0,59.13247600256,frame_fifo_full,,,,,,,,,,,,,,,,,,,,,,,,,,,,,,,,,,,,,,,,,,,,,,,,,,,,,,,,,,,,,,
rsg_object_detection,dropped_oldest,687,rsg_20260806_49_704880000_000687,dropped,True,fifo_cached_frame,688,72,0,614,72,0,1,0.0,60.31961900589522,frame_fifo_full,,,,,,,,,,,,,,,,,,,,,,,,,,,,,,,,,,,,,,,,,,,,,,,,,,,,,,,,,,,,,,
rsg_object_detection,frame_trace,677,rsg_20260806_49_104880000_000677,sent_to_hydra,,,,,,,,,,,670.1253450009972,ok,11.104604011052288,631.5641870023683,26.42322400060948,0.15029299538582563,26.272931005223654,0.002815999323502183,5.196408004849218,0.1876659953268245,418.96550300589297,21.900750987697393,0.007680020644329488,441.0616000095615,87.08614598435815,34.479609996196814,8.645909008919261,23.878554988186806,19.17109997884836,64.86548500834033,56.57570899347775,3.4315820084884763,3.46895499387756,0.894173004780896,302.0,47.0,3.3117489947471768,0.35562197444960475,0.33882503339555115,1.1860219965456054,0.2691959962248802,0.004032001015730202,157.4318289931398,8.084095999947749,0.14373299200087786,19.601307998527773,0.045213004341349006,6.201581010827795,5.627639999147505,0.1361820031888783,0.4377590084914118,4.229569996823557,0.6679170037386939,0.00553599966224283,1.0305139876436442,8,0,6,0,0,,,,,,,,,,,,,,
rsg_object_detection,dropped_oldest,689,rsg_20260806_49_804879999_000689,dropped,True,fifo_cached_frame,690,73,0,615,73,0,1,0.0,49.30054499709513,frame_fifo_full,,,,,,,,,,,,,,,,,,,,,,,,,,,,,,,,,,,,,,,,,,,,,,,,,,,,,,,,,,,,,,
rsg_object_detection,dropped_oldest,690,rsg_20260806_49_854880000_000690,dropped,True,fifo_cached_frame,691,73,0,616,73,0,1,0.0,48.5336260026088,frame_fifo_full,,,,,,,,,,,,,,,,,,,,,,,,,,,,,,,,,,,,,,,,,,,,,,,,,,,,,,,,,,,,,,
rsg_object_detection,dropped_oldest,691,rsg_20260806_49_904879999_000691,dropped,True,fifo_cached_frame,692,73,0,617,73,0,1,0.0,51.75162399245892,frame_fifo_full,,,,,,,,,,,,,,,,,,,,,,,,,,,,,,,,,,,,,,,,,,,,,,,,,,,,,,,,,,,,,,
rsg_object_detection,dropped_oldest,692,rsg_20260806_49_954880000_000692,dropped,True,fifo_cached_frame,693,73,0,618,73,0,1,0.0,54.98245300259441,frame_fifo_full,,,,,,,,,,,,,,,,,,,,,,,,,,,,,,,,,,,,,,,,,,,,,,,,,,,,,,,,,,,,,,
rsg_object_detection,dropped_oldest,693,rsg_20260806_50_004879999_000693,dropped,True,fifo_cached_frame,694,73,0,619,73,0,1,0.0,45.34551399410702,frame_fifo_full,,,,,,,,,,,,,,,,,,,,,,,,,,,,,,,,,,,,,,,,,,,,,,,,,,,,,,,,,,,,,,
rsg_object_detection,dropped_oldest,694,rsg_20260806_50_054879999_000694,dropped,True,fifo_cached_frame,695,73,0,620,73,0,1,0.0,49.42373499216046,frame_fifo_full,,,,,,,,,,,,,,,,,,,,,,,,,,,,,,,,,,,,,,,,,,,,,,,,,,,,,,,,,,,,,,
rsg_object_detection,dropped_oldest,695,rsg_20260806_50_104880000_000695,dropped,True,fifo_cached_frame,696,73,0,621,73,0,1,0.0,48.74868199112825,frame_fifo_full,,,,,,,,,,,,,,,,,,,,,,,,,,,,,,,,,,,,,,,,,,,,,,,,,,,,,,,,,,,,,,
rsg_object_detection,dropped_oldest,696,rsg_20260806_50_154879999_000696,dropped,True,fifo_cached_frame,697,73,0,622,73,0,1,0.0,78.76687000680249,frame_fifo_full,,,,,,,,,,,,,,,,,,,,,,,,,,,,,,,,,,,,,,,,,,,,,,,,,,,,,,,,,,,,,,
rsg_object_detection,dropped_oldest,697,rsg_20260806_50_204880000_000697,dropped,True,fifo_cached_frame,698,73,0,623,73,0,1,0.0,82.8729680069955,frame_fifo_full,,,,,,,,,,,,,,,,,,,,,,,,,,,,,,,,,,,,,,,,,,,,,,,,,,,,,,,,,,,,,,
rsg_object_detection,frame_trace,688,rsg_20260806_49_754880000_000688,sent_to_hydra,,,,,,,,,,,549.9580629984848,ok,12.21101799455937,509.75071999710053,26.416796012199484,0.1530130102764815,26.263783001923002,0.0018550053937360644,1.9652920018415898,4.51031701231841,353.07598000508733,22.50326599460095,0.006719987140968442,380.09628299914766,53.89722097606864,20.912375024636276,6.46735199552495,16.510084009496495,9.36777499737218,40.64795000886079,32.311649003531784,3.6820590030401945,3.2744100026320666,1.3433230051305145,384.0,89.0,3.727528019226156,1.0986360139213502,0.3415449755266309,1.3530500000342727,0.29751399415545166,0.004030996933579445,101.38485000061337,3.8022740045562387,0.14152600488159806,22.322418008116074,0.038076977944001555,7.972040999447927,7.4007549992529675,0.09269699512515217,0.47858900506980717,3.483737993519753,0.7506630063289776,0.00457599526271224,1.5776739892316982,8,0,8,0,0,,,,,,,,,,,,,,
rsg_object_detection,dropped_oldest,699,rsg_20260806_50_354880000_000699,dropped,True,fifo_cached_frame,700,74,0,624,74,0,1,0.0,45.35687899624463,frame_fifo_full,,,,,,,,,,,,,,,,,,,,,,,,,,,,,,,,,,,,,,,,,,,,,,,,,,,,,,,,,,,,,,
rsg_object_detection,dropped_oldest,700,rsg_20260806_50_404879999_000700,dropped,True,fifo_cached_frame,701,74,0,625,74,0,1,0.0,52.07515800429974,frame_fifo_full,,,,,,,,,,,,,,,,,,,,,,,,,,,,,,,,,,,,,,,,,,,,,,,,,,,,,,,,,,,,,,
rsg_object_detection,dropped_oldest,701,rsg_20260806_50_454880000_000701,dropped,True,fifo_cached_frame,702,74,0,626,74,0,1,0.0,51.52515099325683,frame_fifo_full,,,,,,,,,,,,,,,,,,,,,,,,,,,,,,,,,,,,,,,,,,,,,,,,,,,,,,,,,,,,,,
rsg_object_detection,dropped_oldest,702,rsg_20260806_50_504880000_000702,dropped,True,fifo_cached_frame,703,74,0,627,74,0,1,0.0,49.56948998733424,frame_fifo_full,,,,,,,,,,,,,,,,,,,,,,,,,,,,,,,,,,,,,,,,,,,,,,,,,,,,,,,,,,,,,,
rsg_object_detection,dropped_oldest,703,rsg_20260806_50_554879999_000703,dropped,True,fifo_cached_frame,704,74,0,628,74,0,1,0.0,50.14077499799896,frame_fifo_full,,,,,,,,,,,,,,,,,,,,,,,,,,,,,,,,,,,,,,,,,,,,,,,,,,,,,,,,,,,,,,
rsg_object_detection,dropped_oldest,704,rsg_20260806_50_604880000_000704,dropped,True,fifo_cached_frame,705,74,0,629,74,0,1,0.0,52.01868200674653,frame_fifo_full,,,,,,,,,,,,,,,,,,,,,,,,,,,,,,,,,,,,,,,,,,,,,,,,,,,,,,,,,,,,,,
rsg_object_detection,dropped_oldest,705,rsg_20260806_50_654879999_000705,dropped,True,fifo_cached_frame,706,74,0,630,74,0,1,0.0,50.2325120032765,frame_fifo_full,,,,,,,,,,,,,,,,,,,,,,,,,,,,,,,,,,,,,,,,,,,,,,,,,,,,,,,,,,,,,,
rsg_object_detection,dropped_oldest,706,rsg_20260806_50_704880000_000706,dropped,True,fifo_cached_frame,707,74,0,631,74,0,1,0.0,49.15566499403212,frame_fifo_full,,,,,,,,,,,,,,,,,,,,,,,,,,,,,,,,,,,,,,,,,,,,,,,,,,,,,,,,,,,,,,
rsg_object_detection,dropped_oldest,707,rsg_20260806_50_754880000_000707,dropped,True,fifo_cached_frame,708,74,0,632,74,0,1,0.0,54.85981301171705,frame_fifo_full,,,,,,,,,,,,,,,,,,,,,,,,,,,,,,,,,,,,,,,,,,,,,,,,,,,,,,,,,,,,,,
rsg_object_detection,dropped_oldest,708,rsg_20260806_50_804879999_000708,dropped,True,fifo_cached_frame,709,74,0,633,74,0,1,0.0,45.40615499718115,frame_fifo_full,,,,,,,,,,,,,,,,,,,,,,,,,,,,,,,,,,,,,,,,,,,,,,,,,,,,,,,,,,,,,,
rsg_object_detection,dropped_oldest,709,rsg_20260806_50_854880000_000709,dropped,True,fifo_cached_frame,710,74,0,634,74,0,1,0.0,57.65688300016336,frame_fifo_full,,,,,,,,,,,,,,,,,,,,,,,,,,,,,,,,,,,,,,,,,,,,,,,,,,,,,,,,,,,,,,
rsg_object_detection,frame_trace,698,rsg_20260806_50_304879999_000698,sent_to_hydra,,,,,,,,,,,608.7362920079613,ok,12.468726999941282,570.7375479978509,24.084589997073635,0.12975100253243,23.954838994541205,0.0023989996407181025,1.0329140059184283,0.1644040021346882,384.2207830020925,23.196624009869993,0.00819198612589389,407.5900030002231,73.0537710187491,28.879813035018742,11.093023014836945,19.013130964594893,13.11808500031475,58.55819000862539,52.29379699449055,2.4472079967381433,2.595933008706197,1.0563359974185005,418.0,93.0,2.457256006891839,0.6215839966898784,0.3909809747710824,0.984405996860005,0.5611420056084171,0.004478992195799947,136.64748800511006,3.6947619955753908,0.12488699576351792,21.60516000003554,0.042333995224907994,8.45718799973838,7.87092799146194,0.0939450110308826,0.4923149972455576,3.4363180020591244,0.5705810035578907,0.004639994585886598,1.4430280134547502,7,0,6,0,0,,,,,,,,,,,,,,
rsg_object_detection,dropped_oldest,711,rsg_20260806_50_954880000_000711,dropped,True,fifo_cached_frame,712,75,0,635,75,0,1,0.0,59.02020400390029,frame_fifo_full,,,,,,,,,,,,,,,,,,,,,,,,,,,,,,,,,,,,,,,,,,,,,,,,,,,,,,,,,,,,,,
rsg_object_detection,dropped_oldest,712,rsg_20260806_51_004879999_000712,dropped,True,fifo_cached_frame,713,75,0,636,75,0,1,0.0,40.84336198866367,frame_fifo_full,,,,,,,,,,,,,,,,,,,,,,,,,,,,,,,,,,,,,,,,,,,,,,,,,,,,,,,,,,,,,,
rsg_object_detection,dropped_oldest,713,rsg_20260806_51_054879999_000713,dropped,True,fifo_cached_frame,714,75,0,637,75,0,1,0.0,49.7310450009536,frame_fifo_full,,,,,,,,,,,,,,,,,,,,,,,,,,,,,,,,,,,,,,,,,,,,,,,,,,,,,,,,,,,,,,
rsg_object_detection,dropped_oldest,714,rsg_20260806_51_104880000_000714,dropped,True,fifo_cached_frame,715,75,0,638,75,0,1,0.0,51.38164199888706,frame_fifo_full,,,,,,,,,,,,,,,,,,,,,,,,,,,,,,,,,,,,,,,,,,,,,,,,,,,,,,,,,,,,,,
rsg_object_detection,dropped_oldest,715,rsg_20260806_51_154879999_000715,dropped,True,fifo_cached_frame,716,75,0,639,75,0,1,0.0,48.531231994275004,frame_fifo_full,,,,,,,,,,,,,,,,,,,,,,,,,,,,,,,,,,,,,,,,,,,,,,,,,,,,,,,,,,,,,,
rsg_object_detection,dropped_oldest,716,rsg_20260806_51_204880000_000716,dropped,True,fifo_cached_frame,717,75,0,640,75,0,1,0.0,50.327641001786105,frame_fifo_full,,,,,,,,,,,,,,,,,,,,,,,,,,,,,,,,,,,,,,,,,,,,,,,,,,,,,,,,,,,,,,
rsg_object_detection,dropped_oldest,717,rsg_20260806_51_254880000_000717,dropped,True,fifo_cached_frame,718,75,0,641,75,0,1,0.0,102.83708199858665,frame_fifo_full,,,,,,,,,,,,,,,,,,,,,,,,,,,,,,,,,,,,,,,,,,,,,,,,,,,,,,,,,,,,,,
rsg_object_detection,dropped_oldest,718,rsg_20260806_51_354880000_000718,dropped,True,fifo_cached_frame,719,75,0,642,75,0,1,0.0,50.501648991485126,frame_fifo_full,,,,,,,,,,,,,,,,,,,,,,,,,,,,,,,,,,,,,,,,,,,,,,,,,,,,,,,,,,,,,,
rsg_object_detection,dropped_oldest,719,rsg_20260806_51_404879999_000719,dropped,True,fifo_cached_frame,720,75,0,643,75,0,1,0.0,124.6000570099568,frame_fifo_full,,,,,,,,,,,,,,,,,,,,,,,,,,,,,,,,,,,,,,,,,,,,,,,,,,,,,,,,,,,,,,
rsg_object_detection,frame_trace,710,rsg_20260806_50_904879999_000710,sent_to_hydra,,,,,,,,,,,630.799050006317,ok,10.638370004016906,594.3889530026354,24.195332996896468,0.22596700000576675,23.9693659968907,0.002720000338740647,1.3022380007896572,0.24110199592541903,444.98877399018966,18.624361997353844,0.00812801590654999,463.86236599937547,46.475968993036076,21.98884601239115,3.6813239858020097,9.501654989435337,10.63843397423625,43.78887399798259,34.98687798855826,3.297736999229528,3.012094006408006,2.4396570079261437,420.0,94.0,6.49919398711063,1.3635139912366867,0.6171020359033719,1.1675280111376196,0.10415200085844845,0.003775989171117544,100.0352120026946,2.559264001320116,0.13605400454252958,26.453951009898447,0.03986798401456326,4.832916994928382,4.325146990595385,0.09941701136995107,0.40835299296304584,4.051119991345331,1.7487969889771193,0.0055360287660732865,1.5736740024294704,7,0,7,0,0,,,,,,,,,,,,,,
rsg_object_detection,dropped_oldest,721,rsg_20260806_51_554879999_000721,dropped,True,fifo_cached_frame,722,76,0,644,76,0,1,0.0,47.69270800170489,frame_fifo_full,,,,,,,,,,,,,,,,,,,,,,,,,,,,,,,,,,,,,,,,,,,,,,,,,,,,,,,,,,,,,,
rsg_object_detection,dropped_oldest,722,rsg_20260806_51_604880000_000722,dropped,True,fifo_cached_frame,723,76,0,645,76,0,1,0.0,42.674397001974285,frame_fifo_full,,,,,,,,,,,,,,,,,,,,,,,,,,,,,,,,,,,,,,,,,,,,,,,,,,,,,,,,,,,,,,
rsg_object_detection,dropped_oldest,723,rsg_20260806_51_654879999_000723,dropped,True,fifo_cached_frame,724,76,0,646,76,0,1,0.0,101.67022499081213,frame_fifo_full,,,,,,,,,,,,,,,,,,,,,,,,,,,,,,,,,,,,,,,,,,,,,,,,,,,,,,,,,,,,,,
rsg_object_detection,dropped_oldest,724,rsg_20260806_51_754880000_000724,dropped,True,fifo_cached_frame,725,76,0,647,76,0,1,0.0,51.00836399651598,frame_fifo_full,,,,,,,,,,,,,,,,,,,,,,,,,,,,,,,,,,,,,,,,,,,,,,,,,,,,,,,,,,,,,,
rsg_object_detection,dropped_oldest,725,rsg_20260806_51_804879999_000725,dropped,True,fifo_cached_frame,726,76,0,648,76,0,1,0.0,49.85443499754183,frame_fifo_full,,,,,,,,,,,,,,,,,,,,,,,,,,,,,,,,,,,,,,,,,,,,,,,,,,,,,,,,,,,,,,
rsg_object_detection,dropped_oldest,726,rsg_20260806_51_854880000_000726,dropped,True,fifo_cached_frame,727,76,0,649,76,0,1,0.0,47.55191900767386,frame_fifo_full,,,,,,,,,,,,,,,,,,,,,,,,,,,,,,,,,,,,,,,,,,,,,,,,,,,,,,,,,,,,,,
rsg_object_detection,dropped_oldest,727,rsg_20260806_51_904879999_000727,dropped,True,fifo_cached_frame,728,76,0,650,76,0,1,0.0,89.3226400075946,frame_fifo_full,,,,,,,,,,,,,,,,,,,,,,,,,,,,,,,,,,,,,,,,,,,,,,,,,,,,,,,,,,,,,,
rsg_object_detection,dropped_oldest,728,rsg_20260806_51_954880000_000728,dropped,True,fifo_cached_frame,729,76,0,651,76,0,1,0.0,22.50608599570114,frame_fifo_full,,,,,,,,,,,,,,,,,,,,,,,,,,,,,,,,,,,,,,,,,,,,,,,,,,,,,,,,,,,,,,
rsg_object_detection,dropped_oldest,729,rsg_20260806_52_004879999_000729,dropped,True,fifo_cached_frame,730,76,0,652,76,0,1,0.0,70.09816299250815,frame_fifo_full,,,,,,,,,,,,,,,,,,,,,,,,,,,,,,,,,,,,,,,,,,,,,,,,,,,,,,,,,,,,,,
rsg_object_detection,dropped_oldest,730,rsg_20260806_52_054879999_000730,dropped,True,fifo_cached_frame,731,76,0,653,76,0,1,0.0,15.49368500127457,frame_fifo_full,,,,,,,,,,,,,,,,,,,,,,,,,,,,,,,,,,,,,,,,,,,,,,,,,,,,,,,,,,,,,,
rsg_object_detection,frame_trace,720,rsg_20260806_51_504880000_000720,sent_to_hydra,,,,,,,,,,,618.5838129895274,ok,11.40599200152792,576.4010270067956,29.29664899420459,0.16107498959172517,29.135574004612863,0.0033270043786615133,6.27415299823042,0.5345509998733178,352.3874410020653,18.880695002735592,0.006270987796597183,371.8089579924708,86.07600299001206,18.070261023240164,5.68920599471312,50.4060740058776,11.28948999394197,69.52540599741042,58.93375301093329,6.308709998847917,2.873417004593648,1.3711610081372783,398.0,97.0,4.774906003149226,6.105747990659438,0.3958120214520022,1.434003992471844,0.33546300255693495,0.004255998646840453,168.67079700750764,6.541940994793549,0.1299110008403659,22.93581400590483,0.039453007047995925,5.688980992999859,5.085537995910272,0.08757700561545789,0.5158659914741293,3.470170995569788,2.24181599332951,0.005024019628763199,1.4768179826205596,7,0,7,0,0,,,,,,,,,,,,,,
rsg_object_detection,dropped_oldest,732,rsg_20260806_52_154879999_000732,dropped,True,fifo_cached_frame,733,77,0,654,77,0,1,0.0,45.78776299604215,frame_fifo_full,,,,,,,,,,,,,,,,,,,,,,,,,,,,,,,,,,,,,,,,,,,,,,,,,,,,,,,,,,,,,,
rsg_object_detection,dropped_oldest,733,rsg_20260806_52_204880000_000733,dropped,True,fifo_cached_frame,734,77,0,655,77,0,1,0.0,39.50065099343192,frame_fifo_full,,,,,,,,,,,,,,,,,,,,,,,,,,,,,,,,,,,,,,,,,,,,,,,,,,,,,,,,,,,,,,
rsg_object_detection,dropped_oldest,734,rsg_20260806_52_254880000_000734,dropped,True,fifo_cached_frame,735,77,0,656,77,0,1,0.0,49.86215200915467,frame_fifo_full,,,,,,,,,,,,,,,,,,,,,,,,,,,,,,,,,,,,,,,,,,,,,,,,,,,,,,,,,,,,,,
rsg_object_detection,dropped_oldest,735,rsg_20260806_52_304879999_000735,dropped,True,fifo_cached_frame,736,77,0,657,77,0,1,0.0,50.41919701034203,frame_fifo_full,,,,,,,,,,,,,,,,,,,,,,,,,,,,,,,,,,,,,,,,,,,,,,,,,,,,,,,,,,,,,,
rsg_object_detection,dropped_oldest,736,rsg_20260806_52_354880000_000736,dropped,True,fifo_cached_frame,737,77,0,658,77,0,1,0.0,53.21249300322961,frame_fifo_full,,,,,,,,,,,,,,,,,,,,,,,,,,,,,,,,,,,,,,,,,,,,,,,,,,,,,,,,,,,,,,
rsg_object_detection,dropped_oldest,737,rsg_20260806_52_404879999_000737,dropped,True,fifo_cached_frame,738,77,0,659,77,0,1,0.0,48.63446700619534,frame_fifo_full,,,,,,,,,,,,,,,,,,,,,,,,,,,,,,,,,,,,,,,,,,,,,,,,,,,,,,,,,,,,,,
rsg_object_detection,dropped_oldest,738,rsg_20260806_52_454880000_000738,dropped,True,fifo_cached_frame,739,77,0,660,77,0,1,0.0,97.9742250056006,frame_fifo_full,,,,,,,,,,,,,,,,,,,,,,,,,,,,,,,,,,,,,,,,,,,,,,,,,,,,,,,,,,,,,,
rsg_object_detection,dropped_oldest,739,rsg_20260806_52_554879999_000739,dropped,True,fifo_cached_frame,740,77,0,661,77,0,1,0.0,64.31031700049061,frame_fifo_full,,,,,,,,,,,,,,,,,,,,,,,,,,,,,,,,,,,,,,,,,,,,,,,,,,,,,,,,,,,,,,
rsg_object_detection,dropped_oldest,740,rsg_20260806_52_604880000_000740,dropped,True,fifo_cached_frame,741,77,0,662,77,0,1,0.0,49.428968006395735,frame_fifo_full,,,,,,,,,,,,,,,,,,,,,,,,,,,,,,,,,,,,,,,,,,,,,,,,,,,,,,,,,,,,,,
rsg_object_detection,dropped_oldest,741,rsg_20260806_52_654879999_000741,dropped,True,fifo_cached_frame,742,77,0,663,77,0,1,0.0,38.19099398970138,frame_fifo_full,,,,,,,,,,,,,,,,,,,,,,,,,,,,,,,,,,,,,,,,,,,,,,,,,,,,,,,,,,,,,,
rsg_object_detection,dropped_oldest,742,rsg_20260806_52_704880000_000742,dropped,True,fifo_cached_frame,743,77,0,664,78,0,1,0.0,62.38655699416995,frame_fifo_full,,,,,,,,,,,,,,,,,,,,,,,,,,,,,,,,,,,,,,,,,,,,,,,,,,,,,,,,,,,,,,
rsg_object_detection,frame_trace,731,rsg_20260806_52_104880000_000731,sent_to_hydra,,,,,,,,,,,649.3828050006414,ok,10.007122007664293,573.5840459965402,63.89152399788145,0.13378199946600944,63.75774199841544,0.005278998287394643,6.877755993627943,0.19668901222757995,356.81558700161986,20.33012401079759,0.008415983757004142,377.35081600840203,73.28842800052371,29.695821984205395,4.0397940028924495,27.81807500286959,11.050915985833853,77.1844230039278,68.68659598694649,4.488943988690153,2.480678987922147,1.4861610106891021,467.0,99.0,3.573556008632295,4.317180995712988,0.3392389917280525,1.3812730030622333,0.12728699948638678,0.005406996933743358,160.23512800165918,2.7242119977017865,0.1398940075887367,26.209363000816666,0.0468769867438823,5.859785000211559,5.195674006245099,0.09874498937278986,0.5653660045936704,3.547669999534264,0.5948670004727319,0.0048000074457377195,1.8948340002680197,7,0,7,0,0,,,,,,,,,,,,,,
rsg_object_detection,dropped_oldest,744,rsg_20260806_52_804879999_000744,dropped,True,fifo_cached_frame,745,78,0,665,78,0,1,0.0,44.71408898825757,frame_fifo_full,,,,,,,,,,,,,,,,,,,,,,,,,,,,,,,,,,,,,,,,,,,,,,,,,,,,,,,,,,,,,,
rsg_object_detection,dropped_oldest,745,rsg_20260806_52_854880000_000745,dropped,True,fifo_cached_frame,746,78,0,666,78,0,1,0.0,61.460737997549586,frame_fifo_full,,,,,,,,,,,,,,,,,,,,,,,,,,,,,,,,,,,,,,,,,,,,,,,,,,,,,,,,,,,,,,
rsg_object_detection,dropped_oldest,746,rsg_20260806_52_904879999_000746,dropped,True,fifo_cached_frame,747,78,0,667,78,0,1,0.0,40.69423099281266,frame_fifo_full,,,,,,,,,,,,,,,,,,,,,,,,,,,,,,,,,,,,,,,,,,,,,,,,,,,,,,,,,,,,,,
rsg_object_detection,dropped_oldest,747,rsg_20260806_52_954880000_000747,dropped,True,fifo_cached_frame,748,78,0,668,78,0,1,0.0,59.753505993285216,frame_fifo_full,,,,,,,,,,,,,,,,,,,,,,,,,,,,,,,,,,,,,,,,,,,,,,,,,,,,,,,,,,,,,,
rsg_object_detection,dropped_oldest,748,rsg_20260806_53_004879999_000748,dropped,True,fifo_cached_frame,749,78,0,669,78,0,1,0.0,38.179602997843176,frame_fifo_full,,,,,,,,,,,,,,,,,,,,,,,,,,,,,,,,,,,,,,,,,,,,,,,,,,,,,,,,,,,,,,
rsg_object_detection,dropped_oldest,749,rsg_20260806_53_054879999_000749,dropped,True,fifo_cached_frame,750,78,0,670,78,0,1,0.0,52.322093994007446,frame_fifo_full,,,,,,,,,,,,,,,,,,,,,,,,,,,,,,,,,,,,,,,,,,,,,,,,,,,,,,,,,,,,,,
rsg_object_detection,dropped_oldest,750,rsg_20260806_53_104880000_000750,dropped,True,fifo_cached_frame,751,78,0,671,78,0,1,0.0,82.23505299247336,frame_fifo_full,,,,,,,,,,,,,,,,,,,,,,,,,,,,,,,,,,,,,,,,,,,,,,,,,,,,,,,,,,,,,,
rsg_object_detection,dropped_oldest,751,rsg_20260806_53_154879999_000751,dropped,True,fifo_cached_frame,752,78,0,672,78,0,1,0.0,37.56732799229212,frame_fifo_full,,,,,,,,,,,,,,,,,,,,,,,,,,,,,,,,,,,,,,,,,,,,,,,,,,,,,,,,,,,,,,
rsg_object_detection,dropped_oldest,752,rsg_20260806_53_204880000_000752,dropped,True,fifo_cached_frame,753,78,0,673,78,0,1,0.0,38.200306007638574,frame_fifo_full,,,,,,,,,,,,,,,,,,,,,,,,,,,,,,,,,,,,,,,,,,,,,,,,,,,,,,,,,,,,,,
rsg_object_detection,dropped_oldest,753,rsg_20260806_53_254880000_000753,dropped,True,fifo_cached_frame,754,78,0,674,78,0,1,0.0,45.81641100230627,frame_fifo_full,,,,,,,,,,,,,,,,,,,,,,,,,,,,,,,,,,,,,,,,,,,,,,,,,,,,,,,,,,,,,,
rsg_object_detection,frame_trace,743,rsg_20260806_52_754880000_000743,sent_to_hydra,,,,,,,,,,,549.458734007203,ok,12.941527005750686,531.6282610001508,3.187537004123442,0.18190601258538663,3.0056309915380552,0.0037749996408820152,1.676833999226801,0.19112099835183471,350.08154100796673,14.492353991954587,0.006432004738599062,364.77144800301176,60.30092296714429,14.348972996231169,6.061721986043267,24.140171997714788,15.00175597902853,70.77655299508478,60.08080999890808,7.168998999986798,2.217209999798797,1.269312997465022,396.0,100.0,3.5298800066811964,0.7989449804881588,0.2790220460155979,1.125419992604293,0.2860269887605682,0.004512010491453111,137.11638300446793,3.491547002340667,0.12184699880890548,24.410269004874863,0.03993298741988838,8.255477994680405,7.589159999042749,0.10111300798598677,0.5652049876516685,3.983925998909399,0.6960430036997423,0.006080008461140096,1.6976339975371957,7,0,7,0,0,,,,,,,,,,,,,,
rsg_object_detection,dropped_oldest,755,rsg_20260806_53_354880000_000755,dropped,True,fifo_cached_frame,756,79,0,675,79,0,1,0.0,49.67503499938175,frame_fifo_full,,,,,,,,,,,,,,,,,,,,,,,,,,,,,,,,,,,,,,,,,,,,,,,,,,,,,,,,,,,,,,
rsg_object_detection,dropped_oldest,756,rsg_20260806_53_404879999_000756,dropped,True,fifo_cached_frame,757,79,0,676,79,0,1,0.0,51.27641899161972,frame_fifo_full,,,,,,,,,,,,,,,,,,,,,,,,,,,,,,,,,,,,,,,,,,,,,,,,,,,,,,,,,,,,,,
rsg_object_detection,dropped_oldest,757,rsg_20260806_53_454880000_000757,dropped,True,fifo_cached_frame,758,79,0,677,79,0,1,0.0,51.984334000735544,frame_fifo_full,,,,,,,,,,,,,,,,,,,,,,,,,,,,,,,,,,,,,,,,,,,,,,,,,,,,,,,,,,,,,,
rsg_object_detection,dropped_oldest,758,rsg_20260806_53_504880000_000758,dropped,True,fifo_cached_frame,759,79,0,678,79,0,1,0.0,50.07734100217931,frame_fifo_full,,,,,,,,,,,,,,,,,,,,,,,,,,,,,,,,,,,,,,,,,,,,,,,,,,,,,,,,,,,,,,
rsg_object_detection,dropped_oldest,759,rsg_20260806_53_554879999_000759,dropped,True,fifo_cached_frame,760,79,0,679,79,0,1,0.0,46.44263599766418,frame_fifo_full,,,,,,,,,,,,,,,,,,,,,,,,,,,,,,,,,,,,,,,,,,,,,,,,,,,,,,,,,,,,,,
rsg_object_detection,dropped_oldest,760,rsg_20260806_53_604880000_000760,dropped,True,fifo_cached_frame,761,79,0,680,79,0,1,0.0,53.38749299698975,frame_fifo_full,,,,,,,,,,,,,,,,,,,,,,,,,,,,,,,,,,,,,,,,,,,,,,,,,,,,,,,,,,,,,,
rsg_object_detection,dropped_oldest,761,rsg_20260806_53_654879999_000761,dropped,True,fifo_cached_frame,762,79,0,681,79,0,1,0.0,49.280472012469545,frame_fifo_full,,,,,,,,,,,,,,,,,,,,,,,,,,,,,,,,,,,,,,,,,,,,,,,,,,,,,,,,,,,,,,
rsg_object_detection,dropped_oldest,762,rsg_20260806_53_704880000_000762,dropped,True,fifo_cached_frame,763,79,0,682,79,0,1,0.0,60.60992900165729,frame_fifo_full,,,,,,,,,,,,,,,,,,,,,,,,,,,,,,,,,,,,,,,,,,,,,,,,,,,,,,,,,,,,,,
rsg_object_detection,dropped_oldest,763,rsg_20260806_53_754880000_000763,dropped,True,fifo_cached_frame,764,79,0,683,79,0,1,0.0,48.36537300434429,frame_fifo_full,,,,,,,,,,,,,,,,,,,,,,,,,,,,,,,,,,,,,,,,,,,,,,,,,,,,,,,,,,,,,,
rsg_object_detection,dropped_oldest,764,rsg_20260806_53_804879999_000764,dropped,True,fifo_cached_frame,765,79,0,684,79,0,1,0.0,69.10449299903121,frame_fifo_full,,,,,,,,,,,,,,,,,,,,,,,,,,,,,,,,,,,,,,,,,,,,,,,,,,,,,,,,,,,,,,
rsg_object_detection,,172,rsg_20260806_20_604880000_000172,vlm_done,,,,,,,,,,,,ok,,,,,,,,,,,,,,,,,,,,,,,,,,,,,,,,,,,,,,,,,,,,,,,,,rsg_obj_000012,rsg_unknown_rsg_20260806_20_604880000_000172_001_nanosam_000,,,5,0.4531420358915617,ceiling_light,0.98,static,0.99,6510.184840997681,29691.31601898698,qwen_http,Qwen3-VL-8B-Instruct-GGUF
rsg_object_detection,completed,172,rsg_20260806_20_604880000_000172,,,,,,,,,,,23181.128746000468,,vlm_done,,,,,,,,,,,,,,,,,,,,,,,,,,,,,,,,,,,,,,,,,,,,,,,,,rsg_obj_000012,rsg_unknown_rsg_20260806_20_604880000_000172_001_nanosam_000,20,300,5,0.4531420358915617,,,,,,,,
rsg_object_detection,dropped_oldest,765,rsg_20260806_53_854880000_000765,dropped,True,fifo_cached_frame,766,79,0,685,79,0,1,0.0,25.933355005690828,frame_fifo_full,,,,,,,,,,,,,,,,,,,,,,,,,,,,,,,,,,,,,,,,,,,,,,,,,,,,,,,,,,,,,,
rsg_object_detection,dropped_oldest,766,rsg_20260806_53_904879999_000766,dropped,True,fifo_cached_frame,767,79,0,686,79,0,1,0.0,47.872865994577296,frame_fifo_full,,,,,,,,,,,,,,,,,,,,,,,,,,,,,,,,,,,,,,,,,,,,,,,,,,,,,,,,,,,,,,
rsg_object_detection,frame_trace,754,rsg_20260806_53_304879999_000754,sent_to_hydra,,,,,,,,,,,661.4178360032383,ok,18.566290993476287,616.4175869926112,24.89986500586383,0.15736400382593274,24.742501002037898,0.003488006768748164,1.354203006485477,1.3151019957149401,379.7767020005267,19.672255992190912,0.01030400744639337,400.77436399587896,90.91927700501401,22.308987012365833,4.5893240021541715,27.617485000519082,32.57343500445131,71.31251999817323,54.898483998840675,8.110241004033014,6.620879998081364,1.6276859969366342,449.0,102.0,6.532473009428941,7.220837025670335,0.48741596401669085,1.5223820082610473,0.4787799989571795,0.004639994585886598,178.50347599596716,7.182886998634785,0.14824500249233097,28.412818006472662,0.041593986679799855,13.598022997030057,12.947127994266339,0.10443999781273305,0.5464550049509853,4.148330001044087,0.814882994745858,0.005055000656284392,1.5306050045182928,8,0,8,0,0,,,,,,,,,,,,,,
rsg_object_detection,dropped_oldest,768,rsg_20260806_54_004879999_000768,dropped,True,fifo_cached_frame,769,80,0,687,80,0,1,0.0,40.13385999132879,frame_fifo_full,,,,,,,,,,,,,,,,,,,,,,,,,,,,,,,,,,,,,,,,,,,,,,,,,,,,,,,,,,,,,,
rsg_object_detection,dequeued,346,rsg_20260806_29_354880000_000346,,,,,,,,,,,28944.11179800227,,fifo_order,,,,,,,,,,,,,,,,,,,,,,,,,,,,,,,,,,,,,,,,,,,,,,,,,rsg_obj_000003,rsg_unknown_rsg_20260806_29_354880000_000346_001_nanosam_005,19,300,35,0.6657981904473413,,,,,,,,
rsg_object_detection,dropped_oldest,769,rsg_20260806_54_054879999_000769,dropped,True,fifo_cached_frame,770,80,0,688,80,0,1,0.0,111.70242600201163,frame_fifo_full,,,,,,,,,,,,,,,,,,,,,,,,,,,,,,,,,,,,,,,,,,,,,,,,,,,,,,,,,,,,,,
rsg_object_detection,dropped_oldest,770,rsg_20260806_54_154879999_000770,dropped,True,fifo_cached_frame,771,80,0,689,80,0,1,0.0,90.78351101197768,frame_fifo_full,,,,,,,,,,,,,,,,,,,,,,,,,,,,,,,,,,,,,,,,,,,,,,,,,,,,,,,,,,,,,,
rsg_object_detection,dropped_oldest,771,rsg_20260806_54_254880000_000771,dropped,True,fifo_cached_frame,772,80,0,690,80,0,1,0.0,60.223180989851244,frame_fifo_full,,,,,,,,,,,,,,,,,,,,,,,,,,,,,,,,,,,,,,,,,,,,,,,,,,,,,,,,,,,,,,
rsg_object_detection,dropped_oldest,772,rsg_20260806_54_304879999_000772,dropped,True,fifo_cached_frame,773,80,0,691,80,0,1,0.0,121.68710000696592,frame_fifo_full,,,,,,,,,,,,,,,,,,,,,,,,,,,,,,,,,,,,,,,,,,,,,,,,,,,,,,,,,,,,,,
rsg_object_detection,dropped_oldest,773,rsg_20260806_54_404879999_000773,dropped,True,fifo_cached_frame,774,80,0,692,80,0,1,0.0,41.55961499782279,frame_fifo_full,,,,,,,,,,,,,,,,,,,,,,,,,,,,,,,,,,,,,,,,,,,,,,,,,,,,,,,,,,,,,,
rsg_object_detection,frame_trace,767,rsg_20260806_53_954880000_000767,sent_to_hydra,,,,,,,,,,,531.5812420012662,ok,13.419669005088508,487.22804700082634,29.30846299568657,0.17521900008432567,29.133243995602243,0.0035840057535097003,1.328764992649667,0.1882740034488961,314.8878359934315,31.14215399546083,0.007550013833679259,346.2258140061749,52.74089000886306,20.172571996226907,4.751165004563518,15.46831698215101,11.482886009616777,45.7148249988677,38.007944996934384,3.191441996023059,2.945827000075951,1.5231180004775524,446.0,103.0,4.0723339770920575,4.707265004981309,0.3567750100046396,1.4416849880944937,0.3385989984963089,0.004416011506691575,109.39822699583601,4.920816994854249,0.15659601194784045,25.158600008580834,0.03922799078281969,9.070009997230954,8.460743993055075,0.09647299884818494,0.5127930053276941,3.4717410017037764,0.8733110007597134,0.00460700539406389,1.6214789939112961,8,0,8,0,0,,,,,,,,,,,,,,
rsg_object_detection,dropped_oldest,775,rsg_20260806_54_504880000_000775,dropped,True,fifo_cached_frame,776,81,0,693,81,0,1,0.0,78.58792100159917,frame_fifo_full,,,,,,,,,,,,,,,,,,,,,,,,,,,,,,,,,,,,,,,,,,,,,,,,,,,,,,,,,,,,,,
rsg_object_detection,dropped_oldest,776,rsg_20260806_54_554879999_000776,dropped,True,fifo_cached_frame,777,81,0,694,81,0,1,0.0,13.207812997279689,frame_fifo_full,,,,,,,,,,,,,,,,,,,,,,,,,,,,,,,,,,,,,,,,,,,,,,,,,,,,,,,,,,,,,,
rsg_object_detection,dropped_oldest,777,rsg_20260806_54_604880000_000777,dropped,True,fifo_cached_frame,778,81,0,695,81,0,1,0.0,100.80485300568398,frame_fifo_full,,,,,,,,,,,,,,,,,,,,,,,,,,,,,,,,,,,,,,,,,,,,,,,,,,,,,,,,,,,,,,
rsg_object_detection,dropped_oldest,778,rsg_20260806_54_704880000_000778,dropped,True,fifo_cached_frame,779,81,0,696,81,0,1,0.0,50.297970010433346,frame_fifo_full,,,,,,,,,,,,,,,,,,,,,,,,,,,,,,,,,,,,,,,,,,,,,,,,,,,,,,,,,,,,,,
rsg_object_detection,dropped_oldest,779,rsg_20260806_54_754880000_000779,dropped,True,fifo_cached_frame,780,81,0,697,81,0,1,0.0,51.44405999453738,frame_fifo_full,,,,,,,,,,,,,,,,,,,,,,,,,,,,,,,,,,,,,,,,,,,,,,,,,,,,,,,,,,,,,,
rsg_object_detection,dropped_oldest,780,rsg_20260806_54_804879999_000780,dropped,True,fifo_cached_frame,781,81,0,698,81,0,1,0.0,56.8131629988784,frame_fifo_full,,,,,,,,,,,,,,,,,,,,,,,,,,,,,,,,,,,,,,,,,,,,,,,,,,,,,,,,,,,,,,
rsg_object_detection,dropped_oldest,781,rsg_20260806_54_854880000_000781,dropped,True,fifo_cached_frame,782,81,0,699,81,0,1,0.0,44.57679700863082,frame_fifo_full,,,,,,,,,,,,,,,,,,,,,,,,,,,,,,,,,,,,,,,,,,,,,,,,,,,,,,,,,,,,,,
rsg_object_detection,dropped_oldest,782,rsg_20260806_54_904879999_000782,dropped,True,fifo_cached_frame,783,81,0,700,81,0,1,0.0,55.54487400513608,frame_fifo_full,,,,,,,,,,,,,,,,,,,,,,,,,,,,,,,,,,,,,,,,,,,,,,,,,,,,,,,,,,,,,,
rsg_object_detection,dropped_oldest,783,rsg_20260806_54_954880000_000783,dropped,True,fifo_cached_frame,784,81,0,701,81,0,1,0.0,151.6223669896135,frame_fifo_full,,,,,,,,,,,,,,,,,,,,,,,,,,,,,,,,,,,,,,,,,,,,,,,,,,,,,,,,,,,,,,
rsg_object_detection,frame_trace,774,rsg_20260806_54_454880000_000774,sent_to_hydra,,,,,,,,,,,643.5534219926922,ok,12.77523799217306,600.3921019873815,28.928143001394346,0.13592599134426564,28.79221701005008,0.002496002707630396,4.57239399838727,0.20993599900975823,351.6469110036269,18.961047011543997,0.005983980372548103,370.8238779945532,146.77693699195515,23.685685024247505,4.705505009042099,105.88133599958383,11.871369017171673,47.4135130061768,38.01373600435909,4.967276006937027,2.9842250078218058,1.2107579968869686,456.0,103.0,3.456510996329598,0.671341986162588,0.297449019853957,1.163496999652125,0.11157599510625005,0.004064000677317381,199.9101519904798,2.3339689942076802,0.12053499813191593,22.590759996091947,0.04041401552967727,8.432425995124504,7.813815987901762,0.10664800356607884,0.511962003656663,3.654382991953753,0.6830209895269945,0.005408015567809343,1.4554430090356618,8,0,7,0,0,,,,,,,,,,,,,,
rsg_object_detection,dropped_oldest,785,rsg_20260806_55_154879999_000785,dropped,True,fifo_cached_frame,786,82,0,702,82,0,1,0.0,47.45942998852115,frame_fifo_full,,,,,,,,,,,,,,,,,,,,,,,,,,,,,,,,,,,,,,,,,,,,,,,,,,,,,,,,,,,,,,
rsg_object_detection,dropped_oldest,786,rsg_20260806_55_204880000_000786,dropped,True,fifo_cached_frame,787,82,0,703,82,0,1,0.0,50.29749000095762,frame_fifo_full,,,,,,,,,,,,,,,,,,,,,,,,,,,,,,,,,,,,,,,,,,,,,,,,,,,,,,,,,,,,,,
rsg_object_detection,dropped_oldest,787,rsg_20260806_55_254880000_000787,dropped,True,fifo_cached_frame,788,82,0,704,82,0,1,0.0,50.56553900067229,frame_fifo_full,,,,,,,,,,,,,,,,,,,,,,,,,,,,,,,,,,,,,,,,,,,,,,,,,,,,,,,,,,,,,,
rsg_object_detection,dropped_oldest,788,rsg_20260806_55_304879999_000788,dropped,True,fifo_cached_frame,789,82,0,705,82,0,1,0.0,53.92730500898324,frame_fifo_full,,,,,,,,,,,,,,,,,,,,,,,,,,,,,,,,,,,,,,,,,,,,,,,,,,,,,,,,,,,,,,
rsg_object_detection,dropped_oldest,789,rsg_20260806_55_354880000_000789,dropped,True,fifo_cached_frame,790,82,0,706,82,0,1,0.0,47.78651500237174,frame_fifo_full,,,,,,,,,,,,,,,,,,,,,,,,,,,,,,,,,,,,,,,,,,,,,,,,,,,,,,,,,,,,,,
rsg_object_detection,dropped_oldest,790,rsg_20260806_55_404879999_000790,dropped,True,fifo_cached_frame,791,82,0,707,82,0,1,0.0,49.040181998861954,frame_fifo_full,,,,,,,,,,,,,,,,,,,,,,,,,,,,,,,,,,,,,,,,,,,,,,,,,,,,,,,,,,,,,,
rsg_object_detection,dropped_oldest,791,rsg_20260806_55_454880000_000791,dropped,True,fifo_cached_frame,792,82,0,708,82,0,1,0.0,48.96297100640368,frame_fifo_full,,,,,,,,,,,,,,,,,,,,,,,,,,,,,,,,,,,,,,,,,,,,,,,,,,,,,,,,,,,,,,
rsg_object_detection,dropped_oldest,792,rsg_20260806_55_504880000_000792,dropped,True,fifo_cached_frame,793,82,0,709,82,0,1,0.0,90.61333599674981,frame_fifo_full,,,,,,,,,,,,,,,,,,,,,,,,,,,,,,,,,,,,,,,,,,,,,,,,,,,,,,,,,,,,,,
rsg_object_detection,dropped_oldest,793,rsg_20260806_55_554879999_000793,dropped,True,fifo_cached_frame,794,82,0,710,82,0,1,0.0,9.986838995246217,frame_fifo_full,,,,,,,,,,,,,,,,,,,,,,,,,,,,,,,,,,,,,,,,,,,,,,,,,,,,,,,,,,,,,,
rsg_object_detection,dropped_oldest,794,rsg_20260806_55_604880000_000794,dropped,True,fifo_cached_frame,795,82,0,711,82,0,1,0.0,51.29162898811046,frame_fifo_full,,,,,,,,,,,,,,,,,,,,,,,,,,,,,,,,,,,,,,,,,,,,,,,,,,,,,,,,,,,,,,
rsg_object_detection,frame_trace,784,rsg_20260806_55_104880000_000784,sent_to_hydra,,,,,,,,,,,552.8509639989352,ok,14.436842000577599,511.5397129993653,25.36991299712099,0.1450449926778674,25.224868004443124,0.005408001015894115,1.0333619866287336,0.19163399701938033,328.36998598941136,18.5257859993726,0.006335016223601997,347.09374100202695,43.414360989117995,16.427253955043852,3.5686610062839463,7.309790991712362,15.481246999115683,82.66656901105307,69.9901709886035,8.194876005291007,3.1764669984113425,1.261377998162061,371.0,58.0,4.765019009937532,1.1812259763246402,0.33581501338630915,1.428789008059539,0.4215360095258802,0.005408001015894115,134.23737800621893,5.4608400096185505,0.15214900486171246,23.519301001215354,0.04294198879506439,9.633234003558755,8.974594005849212,0.0957369920797646,0.5629030056297779,4.050898001878522,0.747721001971513,0.00498899316880852,1.4990880008554086,8,0,8,0,0,,,,,,,,,,,,,,
rsg_object_detection,dropped_oldest,796,rsg_20260806_55_704880000_000796,dropped,True,fifo_cached_frame,797,83,0,712,83,0,1,0.0,50.12691600131802,frame_fifo_full,,,,,,,,,,,,,,,,,,,,,,,,,,,,,,,,,,,,,,,,,,,,,,,,,,,,,,,,,,,,,,
rsg_object_detection,dropped_oldest,797,rsg_20260806_55_754880000_000797,dropped,True,fifo_cached_frame,798,83,0,713,83,0,1,0.0,51.458625006489456,frame_fifo_full,,,,,,,,,,,,,,,,,,,,,,,,,,,,,,,,,,,,,,,,,,,,,,,,,,,,,,,,,,,,,,
rsg_object_detection,dropped_oldest,798,rsg_20260806_55_804879999_000798,dropped,True,fifo_cached_frame,799,83,0,714,83,0,1,0.0,49.75846399611328,frame_fifo_full,,,,,,,,,,,,,,,,,,,,,,,,,,,,,,,,,,,,,,,,,,,,,,,,,,,,,,,,,,,,,,
rsg_object_detection,dropped_oldest,799,rsg_20260806_55_854880000_000799,dropped,True,fifo_cached_frame,800,83,0,715,83,0,1,0.0,54.09551599586848,frame_fifo_full,,,,,,,,,,,,,,,,,,,,,,,,,,,,,,,,,,,,,,,,,,,,,,,,,,,,,,,,,,,,,,
rsg_object_detection,dropped_oldest,800,rsg_20260806_55_904879999_000800,dropped,True,fifo_cached_frame,801,83,0,716,83,0,1,0.0,46.59866799192969,frame_fifo_full,,,,,,,,,,,,,,,,,,,,,,,,,,,,,,,,,,,,,,,,,,,,,,,,,,,,,,,,,,,,,,
rsg_object_detection,dropped_oldest,801,rsg_20260806_55_954880000_000801,dropped,True,fifo_cached_frame,802,83,0,717,83,0,1,0.0,50.49245699774474,frame_fifo_full,,,,,,,,,,,,,,,,,,,,,,,,,,,,,,,,,,,,,,,,,,,,,,,,,,,,,,,,,,,,,,
rsg_object_detection,dropped_oldest,802,rsg_20260806_56_004879999_000802,dropped,True,fifo_cached_frame,803,83,0,718,83,0,1,0.0,101.41144299996085,frame_fifo_full,,,,,,,,,,,,,,,,,,,,,,,,,,,,,,,,,,,,,,,,,,,,,,,,,,,,,,,,,,,,,,
rsg_object_detection,dropped_oldest,803,rsg_20260806_56_104880000_000803,dropped,True,fifo_cached_frame,804,83,0,719,83,0,1,0.0,69.27934300620109,frame_fifo_full,,,,,,,,,,,,,,,,,,,,,,,,,,,,,,,,,,,,,,,,,,,,,,,,,,,,,,,,,,,,,,
rsg_object_detection,dropped_oldest,804,rsg_20260806_56_154879999_000804,dropped,True,fifo_cached_frame,805,83,0,720,83,0,1,0.0,25.65373400284443,frame_fifo_full,,,,,,,,,,,,,,,,,,,,,,,,,,,,,,,,,,,,,,,,,,,,,,,,,,,,,,,,,,,,,,
rsg_object_detection,frame_trace,795,rsg_20260806_55_654879999_000795,sent_to_hydra,,,,,,,,,,,596.0842349886661,ok,11.505221991683356,557.2557400009828,25.64007099135779,0.14779699267819524,25.492273998679593,0.003392007783986628,2.940165009931661,0.20264000340830535,385.5081049987348,17.683191996184178,0.006624002708122134,403.4005610010354,51.660403987625614,19.32214299449697,3.936921988497488,10.36649098386988,17.418476985767484,66.91932700050529,34.412600987707265,23.811312014004216,7.217988997581415,1.4348370023071766,407.0,106.0,3.8104670238681138,0.8700479957042262,0.3189189883414656,1.326844998402521,0.12184699880890548,0.004415996954776347,125.04766299389303,3.0434849904850125,0.150677005876787,22.627528000157326,0.04566099960356951,5.102340001030825,4.482992997509427,0.10351200762670487,0.5158349958946928,5.391885992139578,1.003797005978413,0.007198992534540594,1.6798099968582392,8,0,8,0,0,,,,,,,,,,,,,,
rsg_object_detection,dropped_oldest,806,rsg_20260806_56_254880000_000806,dropped,True,fifo_cached_frame,807,84,0,721,84,0,1,0.0,135.83868100249674,frame_fifo_full,,,,,,,,,,,,,,,,,,,,,,,,,,,,,,,,,,,,,,,,,,,,,,,,,,,,,,,,,,,,,,
rsg_object_detection,dropped_oldest,807,rsg_20260806_56_404879999_000807,dropped,True,fifo_cached_frame,808,84,0,722,84,0,1,0.0,49.05144999793265,frame_fifo_full,,,,,,,,,,,,,,,,,,,,,,,,,,,,,,,,,,,,,,,,,,,,,,,,,,,,,,,,,,,,,,
rsg_object_detection,dropped_oldest,808,rsg_20260806_56_454880000_000808,dropped,True,fifo_cached_frame,809,84,0,723,84,0,1,0.0,50.7471640012227,frame_fifo_full,,,,,,,,,,,,,,,,,,,,,,,,,,,,,,,,,,,,,,,,,,,,,,,,,,,,,,,,,,,,,,
rsg_object_detection,dropped_oldest,809,rsg_20260806_56_504880000_000809,dropped,True,fifo_cached_frame,810,84,0,724,84,0,1,0.0,48.92441999982111,frame_fifo_full,,,,,,,,,,,,,,,,,,,,,,,,,,,,,,,,,,,,,,,,,,,,,,,,,,,,,,,,,,,,,,
rsg_object_detection,dropped_oldest,810,rsg_20260806_56_554879999_000810,dropped,True,fifo_cached_frame,811,84,0,725,84,0,1,0.0,49.36301099951379,frame_fifo_full,,,,,,,,,,,,,,,,,,,,,,,,,,,,,,,,,,,,,,,,,,,,,,,,,,,,,,,,,,,,,,
rsg_object_detection,dropped_oldest,811,rsg_20260806_56_604880000_000811,dropped,True,fifo_cached_frame,812,84,0,726,84,0,1,0.0,50.724669999908656,frame_fifo_full,,,,,,,,,,,,,,,,,,,,,,,,,,,,,,,,,,,,,,,,,,,,,,,,,,,,,,,,,,,,,,
rsg_object_detection,dropped_oldest,812,rsg_20260806_56_654879999_000812,dropped,True,fifo_cached_frame,813,84,0,727,84,0,1,0.0,51.86941700230818,frame_fifo_full,,,,,,,,,,,,,,,,,,,,,,,,,,,,,,,,,,,,,,,,,,,,,,,,,,,,,,,,,,,,,,
rsg_object_detection,dropped_oldest,813,rsg_20260806_56_704880000_000813,dropped,True,fifo_cached_frame,814,84,0,728,84,0,1,0.0,62.402936004218645,frame_fifo_full,,,,,,,,,,,,,,,,,,,,,,,,,,,,,,,,,,,,,,,,,,,,,,,,,,,,,,,,,,,,,,
rsg_object_detection,dropped_oldest,814,rsg_20260806_56_754880000_000814,dropped,True,fifo_cached_frame,815,84,0,729,84,0,1,0.0,51.2748370092595,frame_fifo_full,,,,,,,,,,,,,,,,,,,,,,,,,,,,,,,,,,,,,,,,,,,,,,,,,,,,,,,,,,,,,,
rsg_object_detection,frame_trace,805,rsg_20260806_56_204880000_000805,sent_to_hydra,,,,,,,,,,,629.6050310047576,ok,13.95841600606218,548.5359400045127,65.67644599999767,0.14795700553804636,65.52848899445962,0.002782995579764247,5.017513991333544,0.18587399972602725,345.96997300104704,17.808305012295023,0.005887981387786567,363.9700399944559,90.93450497312006,20.549510009004734,16.385177019401453,36.31937199679669,16.80713200767059,51.40122699958738,38.31986599834636,8.525316006853245,3.187538997735828,1.326205994701013,345.0,55.0,4.071409013704397,0.9282530227210373,0.36173198895994574,1.501744001870975,0.32586300221737474,0.005472000339068472,149.54892398964148,4.964398001902737,0.14827700215391815,24.846212996635586,0.040574028389528394,9.301963000325486,8.725399005925283,0.09132199920713902,0.4852419951930642,3.9657209999859333,0.685677005094476,0.005055000656284392,1.4314459986053407,8,0,8,0,0,,,,,,,,,,,,,,
rsg_object_detection,dropped_oldest,816,rsg_20260806_56_854880000_000816,dropped,True,fifo_cached_frame,817,85,0,730,85,0,1,0.0,36.65080599603243,frame_fifo_full,,,,,,,,,,,,,,,,,,,,,,,,,,,,,,,,,,,,,,,,,,,,,,,,,,,,,,,,,,,,,,
rsg_object_detection,dropped_oldest,817,rsg_20260806_56_904879999_000817,dropped,True,fifo_cached_frame,818,85,0,731,85,0,1,0.0,50.91761500807479,frame_fifo_full,,,,,,,,,,,,,,,,,,,,,,,,,,,,,,,,,,,,,,,,,,,,,,,,,,,,,,,,,,,,,,
rsg_object_detection,dropped_oldest,818,rsg_20260806_56_954880000_000818,dropped,True,fifo_cached_frame,819,85,0,732,85,0,1,0.0,51.05386099603493,frame_fifo_full,,,,,,,,,,,,,,,,,,,,,,,,,,,,,,,,,,,,,,,,,,,,,,,,,,,,,,,,,,,,,,
rsg_object_detection,dropped_oldest,819,rsg_20260806_57_004879999_000819,dropped,True,fifo_cached_frame,820,85,0,733,85,0,1,0.0,49.41142300958745,frame_fifo_full,,,,,,,,,,,,,,,,,,,,,,,,,,,,,,,,,,,,,,,,,,,,,,,,,,,,,,,,,,,,,,
rsg_object_detection,dropped_oldest,820,rsg_20260806_57_054879999_000820,dropped,True,fifo_cached_frame,821,85,0,734,85,0,1,0.0,55.532950995257124,frame_fifo_full,,,,,,,,,,,,,,,,,,,,,,,,,,,,,,,,,,,,,,,,,,,,,,,,,,,,,,,,,,,,,,
rsg_object_detection,dropped_oldest,821,rsg_20260806_57_104880000_000821,dropped,True,fifo_cached_frame,822,85,0,735,85,0,1,0.0,104.80595300032292,frame_fifo_full,,,,,,,,,,,,,,,,,,,,,,,,,,,,,,,,,,,,,,,,,,,,,,,,,,,,,,,,,,,,,,
rsg_object_detection,dropped_oldest,822,rsg_20260806_57_204880000_000822,dropped,True,fifo_cached_frame,823,85,0,736,85,0,1,0.0,57.75992400594987,frame_fifo_full,,,,,,,,,,,,,,,,,,,,,,,,,,,,,,,,,,,,,,,,,,,,,,,,,,,,,,,,,,,,,,
rsg_object_detection,dropped_oldest,823,rsg_20260806_57_254880000_000823,dropped,True,fifo_cached_frame,824,85,0,737,85,0,1,0.0,42.1279699949082,frame_fifo_full,,,,,,,,,,,,,,,,,,,,,,,,,,,,,,,,,,,,,,,,,,,,,,,,,,,,,,,,,,,,,,
rsg_object_detection,dropped_oldest,824,rsg_20260806_57_304879999_000824,dropped,True,fifo_cached_frame,825,85,0,738,85,0,1,0.0,46.96140400483273,frame_fifo_full,,,,,,,,,,,,,,,,,,,,,,,,,,,,,,,,,,,,,,,,,,,,,,,,,,,,,,,,,,,,,,
rsg_object_detection,frame_trace,815,rsg_20260806_56_804879999_000815,sent_to_hydra,,,,,,,,,,,603.8403190032113,ok,9.312684007454664,566.0547159932321,27.127579000080004,0.14296500012278557,26.98461399995722,0.0028799986466765404,1.9413590052863583,0.24922899319790304,352.0277620118577,26.778453000588343,0.008287985110655427,379.0637319907546,96.2110499967821,27.439174984465353,34.33766998932697,18.73809300013818,14.97280498733744,49.23931301163975,32.47163300693501,8.422126004006714,4.897428007097915,3.4067230008076876,360.0,60.0,5.687799988663755,2.8404600161593407,0.37862999306526035,1.4821619988651946,0.39849799941293895,0.004255998646840453,156.25708000152372,8.08925399906002,0.1336860004812479,20.530633002636023,0.03897199349012226,4.800187001819722,4.239204994519241,0.08620199514552951,0.4747800121549517,3.6274429876357317,0.8806710102362558,0.004383007762953639,1.3424600037978962,8,0,8,0,0,,,,,,,,,,,,,,
rsg_object_detection,dropped_oldest,826,rsg_20260806_57_504880000_000826,dropped,True,fifo_cached_frame,827,86,0,739,86,0,1,0.0,50.74109000270255,frame_fifo_full,,,,,,,,,,,,,,,,,,,,,,,,,,,,,,,,,,,,,,,,,,,,,,,,,,,,,,,,,,,,,,
rsg_object_detection,dropped_oldest,827,rsg_20260806_57_554879999_000827,dropped,True,fifo_cached_frame,828,86,0,740,86,0,1,0.0,52.99653799738735,frame_fifo_full,,,,,,,,,,,,,,,,,,,,,,,,,,,,,,,,,,,,,,,,,,,,,,,,,,,,,,,,,,,,,,
rsg_object_detection,dropped_oldest,828,rsg_20260806_57_604880000_000828,dropped,True,fifo_cached_frame,829,86,0,741,86,0,1,0.0,50.630345998797566,frame_fifo_full,,,,,,,,,,,,,,,,,,,,,,,,,,,,,,,,,,,,,,,,,,,,,,,,,,,,,,,,,,,,,,
rsg_object_detection,dropped_oldest,829,rsg_20260806_57_654879999_000829,dropped,True,fifo_cached_frame,830,86,0,742,86,0,1,0.0,99.01909899781458,frame_fifo_full,,,,,,,,,,,,,,,,,,,,,,,,,,,,,,,,,,,,,,,,,,,,,,,,,,,,,,,,,,,,,,
rsg_object_detection,dropped_oldest,830,rsg_20260806_57_754880000_000830,dropped,True,fifo_cached_frame,831,86,0,743,86,0,1,0.0,53.99134400067851,frame_fifo_full,,,,,,,,,,,,,,,,,,,,,,,,,,,,,,,,,,,,,,,,,,,,,,,,,,,,,,,,,,,,,,
rsg_object_detection,dropped_oldest,831,rsg_20260806_57_804879999_000831,dropped,True,fifo_cached_frame,832,86,0,744,86,0,1,0.0,118.25533299997915,frame_fifo_full,,,,,,,,,,,,,,,,,,,,,,,,,,,,,,,,,,,,,,,,,,,,,,,,,,,,,,,,,,,,,,
rsg_object_detection,dropped_oldest,832,rsg_20260806_57_854880000_000832,dropped,True,fifo_cached_frame,833,86,0,745,86,0,1,0.0,3.423392990953289,frame_fifo_full,,,,,,,,,,,,,,,,,,,,,,,,,,,,,,,,,,,,,,,,,,,,,,,,,,,,,,,,,,,,,,
rsg_object_detection,dropped_oldest,833,rsg_20260806_57_904879999_000833,dropped,True,fifo_cached_frame,834,86,0,746,86,0,1,0.0,27.54527899378445,frame_fifo_full,,,,,,,,,,,,,,,,,,,,,,,,,,,,,,,,,,,,,,,,,,,,,,,,,,,,,,,,,,,,,,
rsg_object_detection,dropped_oldest,834,rsg_20260806_57_954880000_000834,dropped,True,fifo_cached_frame,835,86,0,747,86,0,1,0.0,44.43058298784308,frame_fifo_full,,,,,,,,,,,,,,,,,,,,,,,,,,,,,,,,,,,,,,,,,,,,,,,,,,,,,,,,,,,,,,
rsg_object_detection,frame_trace,825,rsg_20260806_57_354880000_000825,sent_to_hydra,,,,,,,,,,,652.6632960012648,ok,13.371036999160424,559.9083069973858,77.71882700035349,0.13285399472806603,77.58597300562542,0.0033600081223994493,1.1286200024187565,0.267404000624083,379.54117900517303,20.838673997786827,0.00847899354994297,400.6557359971339,61.82378702214919,16.684357993653975,6.39273900014814,23.99952700943686,14.145861001452431,61.83770400821231,46.179188997484744,7.088304002536461,7.106158998794854,1.418358995579183,416.0,112.0,3.5949319862993434,0.9702639799797907,0.35142900014761835,1.3545230031013489,0.24513399694114923,0.004064000677317381,130.1965559978271,4.702434001956135,0.1335580018348992,23.04612600710243,0.045276989112608135,9.017313001095317,8.44874800532125,0.0880250008776784,0.48053999489638954,3.4280010004295036,0.9208589908666909,0.004864006768912077,1.6617649962427095,8,0,8,0,0,,,,,,,,,,,,,,
rsg_object_detection,dropped_oldest,836,rsg_20260806_58_104880000_000836,dropped,True,fifo_cached_frame,837,87,0,748,87,0,1,0.0,44.84210400551092,frame_fifo_full,,,,,,,,,,,,,,,,,,,,,,,,,,,,,,,,,,,,,,,,,,,,,,,,,,,,,,,,,,,,,,
rsg_object_detection,dropped_oldest,837,rsg_20260806_58_154879999_000837,dropped,True,fifo_cached_frame,838,87,0,749,87,0,1,0.0,52.29262298962567,frame_fifo_full,,,,,,,,,,,,,,,,,,,,,,,,,,,,,,,,,,,,,,,,,,,,,,,,,,,,,,,,,,,,,,
rsg_object_detection,dropped_oldest,838,rsg_20260806_58_204880000_000838,dropped,True,fifo_cached_frame,839,87,0,750,87,0,1,0.0,54.1676830034703,frame_fifo_full,,,,,,,,,,,,,,,,,,,,,,,,,,,,,,,,,,,,,,,,,,,,,,,,,,,,,,,,,,,,,,
rsg_object_detection,dropped_oldest,839,rsg_20260806_58_254880000_000839,dropped,True,fifo_cached_frame,840,87,0,751,87,0,1,0.0,49.36958200414665,frame_fifo_full,,,,,,,,,,,,,,,,,,,,,,,,,,,,,,,,,,,,,,,,,,,,,,,,,,,,,,,,,,,,,,
rsg_object_detection,dropped_oldest,840,rsg_20260806_58_304879999_000840,dropped,True,fifo_cached_frame,841,87,0,752,87,0,1,0.0,50.02985200553667,frame_fifo_full,,,,,,,,,,,,,,,,,,,,,,,,,,,,,,,,,,,,,,,,,,,,,,,,,,,,,,,,,,,,,,
rsg_object_detection,dropped_oldest,841,rsg_20260806_58_354880000_000841,dropped,True,fifo_cached_frame,842,87,0,753,87,0,1,0.0,95.4702540038852,frame_fifo_full,,,,,,,,,,,,,,,,,,,,,,,,,,,,,,,,,,,,,,,,,,,,,,,,,,,,,,,,,,,,,,
rsg_object_detection,dropped_oldest,842,rsg_20260806_58_404879999_000842,dropped,True,fifo_cached_frame,843,87,0,754,87,0,1,0.0,26.770108001073822,frame_fifo_full,,,,,,,,,,,,,,,,,,,,,,,,,,,,,,,,,,,,,,,,,,,,,,,,,,,,,,,,,,,,,,
rsg_object_detection,dropped_oldest,843,rsg_20260806_58_454880000_000843,dropped,True,fifo_cached_frame,844,87,0,755,87,0,1,0.0,41.336866008350626,frame_fifo_full,,,,,,,,,,,,,,,,,,,,,,,,,,,,,,,,,,,,,,,,,,,,,,,,,,,,,,,,,,,,,,
rsg_object_detection,frame_trace,835,rsg_20260806_58_004879999_000835,sent_to_hydra,,,,,,,,,,,528.8730790052796,ok,9.701487011625431,492.9417349922005,24.93222599150613,0.13435799337457865,24.79786799813155,0.00313599593937397,1.437141007045284,0.1989290030905977,323.50958199822344,21.850026008905843,0.008669987437315285,345.5672069976572,54.71494399535004,21.94493000570219,4.579020009259693,15.418950002640486,12.182453996501863,55.49667798914015,45.480461994884536,6.334632998914458,2.2620079980697483,1.3779459986835718,309.0,57.0,3.741642984095961,1.2345959694357589,0.3180570638505742,1.3121580122970045,0.3021220036316663,0.004350993549451232,117.14313999982551,6.57503200636711,0.1474129967391491,22.025723999831825,0.04607798473443836,5.27672799944412,4.697123004007153,0.11461500253062695,0.46498999290633947,3.7587919941870496,0.660751000395976,0.005216017598286271,1.2944950140081346,7,0,7,0,0,,,,,,,,,,,,,,
rsg_object_detection,dropped_oldest,845,rsg_20260806_58_554879999_000845,dropped,True,fifo_cached_frame,846,88,0,756,88,0,1,0.0,97.74566898704506,frame_fifo_full,,,,,,,,,,,,,,,,,,,,,,,,,,,,,,,,,,,,,,,,,,,,,,,,,,,,,,,,,,,,,,
rsg_object_detection,dropped_oldest,846,rsg_20260806_58_654879999_000846,dropped,True,fifo_cached_frame,847,88,0,757,88,0,1,0.0,61.36337900534272,frame_fifo_full,,,,,,,,,,,,,,,,,,,,,,,,,,,,,,,,,,,,,,,,,,,,,,,,,,,,,,,,,,,,,,
rsg_object_detection,dropped_oldest,847,rsg_20260806_58_704880000_000847,dropped,True,fifo_cached_frame,848,88,0,758,88,0,1,0.0,40.876771992770955,frame_fifo_full,,,,,,,,,,,,,,,,,,,,,,,,,,,,,,,,,,,,,,,,,,,,,,,,,,,,,,,,,,,,,,
rsg_object_detection,dropped_oldest,848,rsg_20260806_58_754880000_000848,dropped,True,fifo_cached_frame,849,88,0,759,88,0,1,0.0,152.2938099951716,frame_fifo_full,,,,,,,,,,,,,,,,,,,,,,,,,,,,,,,,,,,,,,,,,,,,,,,,,,,,,,,,,,,,,,
rsg_object_detection,dropped_oldest,849,rsg_20260806_58_904879999_000849,dropped,True,fifo_cached_frame,850,88,0,760,88,0,1,0.0,66.59780599875376,frame_fifo_full,,,,,,,,,,,,,,,,,,,,,,,,,,,,,,,,,,,,,,,,,,,,,,,,,,,,,,,,,,,,,,
rsg_object_detection,dropped_oldest,850,rsg_20260806_58_954880000_000850,dropped,True,fifo_cached_frame,851,88,0,761,88,0,1,0.0,35.335168009623885,frame_fifo_full,,,,,,,,,,,,,,,,,,,,,,,,,,,,,,,,,,,,,,,,,,,,,,,,,,,,,,,,,,,,,,
rsg_object_detection,dropped_oldest,851,rsg_20260806_59_004879999_000851,dropped,True,fifo_cached_frame,852,88,0,762,88,0,1,0.0,49.410923005780205,frame_fifo_full,,,,,,,,,,,,,,,,,,,,,,,,,,,,,,,,,,,,,,,,,,,,,,,,,,,,,,,,,,,,,,
rsg_object_detection,frame_trace,844,rsg_20260806_58_504880000_000844,sent_to_hydra,,,,,,,,,,,590.1975449960446,ok,11.062346995458938,553.8099749974208,23.590951997903176,0.1827389933168888,23.408213004586287,0.004768007784150541,4.457716990145855,0.22219099628273398,337.4934320017928,27.499750009155832,0.00825499591883272,365.2236280031502,104.82293499808293,18.48848296504002,5.4984069865895435,59.11644203297328,21.076418008306064,44.39667100086808,31.264270000974648,4.909779003355652,6.926909001776949,1.253923008334823,370.0,57.0,4.4276069675106555,1.2119099992560223,0.3457670391071588,1.4419409999391064,0.1301019947277382,0.00486300268676132,156.7969629977597,3.555895993486047,0.1366299984510988,23.593191988766193,0.04594902566168457,6.125528991105966,5.447692004963756,0.13160600792616606,0.5462309782160446,4.141293000429869,0.7905009988462552,0.0050240050768479705,1.7295029974775389,8,0,8,0,0,,,,,,,,,,,,,,
rsg_object_detection,dropped_oldest,853,rsg_20260806_59_154879999_000853,dropped,True,fifo_cached_frame,854,89,0,763,89,0,1,0.0,25.800292001804337,frame_fifo_full,,,,,,,,,,,,,,,,,,,,,,,,,,,,,,,,,,,,,,,,,,,,,,,,,,,,,,,,,,,,,,
rsg_object_detection,dropped_oldest,854,rsg_20260806_59_204880000_000854,dropped,True,fifo_cached_frame,855,89,0,764,89,0,1,0.0,52.715637008077465,frame_fifo_full,,,,,,,,,,,,,,,,,,,,,,,,,,,,,,,,,,,,,,,,,,,,,,,,,,,,,,,,,,,,,,
rsg_object_detection,dropped_oldest,855,rsg_20260806_59_254880000_000855,dropped,True,fifo_cached_frame,856,89,0,765,89,0,1,0.0,150.27240899507888,frame_fifo_full,,,,,,,,,,,,,,,,,,,,,,,,,,,,,,,,,,,,,,,,,,,,,,,,,,,,,,,,,,,,,,
rsg_object_detection,dropped_oldest,856,rsg_20260806_59_404879999_000856,dropped,True,fifo_cached_frame,857,89,0,766,89,0,1,0.0,49.31483999826014,frame_fifo_full,,,,,,,,,,,,,,,,,,,,,,,,,,,,,,,,,,,,,,,,,,,,,,,,,,,,,,,,,,,,,,
rsg_object_detection,dropped_oldest,857,rsg_20260806_59_454880000_000857,dropped,True,fifo_cached_frame,858,89,0,767,89,0,1,0.0,132.53737200284377,frame_fifo_full,,,,,,,,,,,,,,,,,,,,,,,,,,,,,,,,,,,,,,,,,,,,,,,,,,,,,,,,,,,,,,
rsg_object_detection,dropped_oldest,858,rsg_20260806_59_554879999_000858,dropped,True,fifo_cached_frame,859,89,0,768,89,0,1,0.0,15.557086007902399,frame_fifo_full,,,,,,,,,,,,,,,,,,,,,,,,,,,,,,,,,,,,,,,,,,,,,,,,,,,,,,,,,,,,,,
rsg_object_detection,dropped_oldest,859,rsg_20260806_59_604880000_000859,dropped,True,fifo_cached_frame,860,89,0,769,89,0,1,0.0,49.49748099897988,frame_fifo_full,,,,,,,,,,,,,,,,,,,,,,,,,,,,,,,,,,,,,,,,,,,,,,,,,,,,,,,,,,,,,,
rsg_object_detection,frame_trace,852,rsg_20260806_59_054879999_000852,sent_to_hydra,,,,,,,,,,,603.4862670057919,ok,13.530708005419001,520.945035998011,67.425073008053,0.1327259960817173,67.29234701197129,0.003231005393899977,1.1153089872095734,0.20888099970761687,335.5901719914982,23.028084004181437,0.008351998985745013,358.835488994373,68.5722610069206,24.948132981080562,6.578807995538227,18.551775996456854,15.587674992275424,58.63334800233133,45.171402001869865,8.745527011342347,3.314185989438556,1.3550029980251566,357.0,55.0,3.942011986509897,1.3407009828370064,0.36073803494218737,1.5626999957021326,0.15470899234060198,0.004895002348348498,134.58787499985192,3.0146889912430197,0.16098000924102962,23.18676000868436,0.043934007408097386,9.343883008114062,8.730136003578082,0.08732100832276046,0.5264259962132201,3.439392996369861,0.7427610107697546,0.004670990165323019,1.582218988914974,8,0,8,0,0,,,,,,,,,,,,,,
rsg_object_detection,dropped_oldest,861,rsg_20260806_59_754880000_000861,dropped,True,fifo_cached_frame,862,90,0,770,90,0,1,0.0,50.59512800653465,frame_fifo_full,,,,,,,,,,,,,,,,,,,,,,,,,,,,,,,,,,,,,,,,,,,,,,,,,,,,,,,,,,,,,,
rsg_object_detection,dropped_oldest,862,rsg_20260806_59_804879999_000862,dropped,True,fifo_cached_frame,863,90,0,771,90,0,1,0.0,101.91036299511325,frame_fifo_full,,,,,,,,,,,,,,,,,,,,,,,,,,,,,,,,,,,,,,,,,,,,,,,,,,,,,,,,,,,,,,
rsg_object_detection,dropped_oldest,863,rsg_20260806_59_904879999_000863,dropped,True,fifo_cached_frame,864,90,0,772,90,0,1,0.0,51.10424199665431,frame_fifo_full,,,,,,,,,,,,,,,,,,,,,,,,,,,,,,,,,,,,,,,,,,,,,,,,,,,,,,,,,,,,,,
rsg_object_detection,dropped_oldest,864,rsg_20260806_59_954880000_000864,dropped,True,fifo_cached_frame,865,90,0,773,90,0,1,0.0,51.2735420052195,frame_fifo_full,,,,,,,,,,,,,,,,,,,,,,,,,,,,,,,,,,,,,,,,,,,,,,,,,,,,,,,,,,,,,,
rsg_object_detection,dropped_oldest,865,rsg_20260806_60_004879999_000865,dropped,True,fifo_cached_frame,866,90,0,774,90,0,1,0.0,121.45963299553841,frame_fifo_full,,,,,,,,,,,,,,,,,,,,,,,,,,,,,,,,,,,,,,,,,,,,,,,,,,,,,,,,,,,,,,
rsg_object_detection,dropped_oldest,866,rsg_20260806_60_104880000_000866,dropped,True,fifo_cached_frame,867,90,0,775,90,0,1,0.0,31.816807997529395,frame_fifo_full,,,,,,,,,,,,,,,,,,,,,,,,,,,,,,,,,,,,,,,,,,,,,,,,,,,,,,,,,,,,,,
rsg_object_detection,frame_trace,860,rsg_20260806_59_654879999_000860,sent_to_hydra,,,,,,,,,,,544.6050230093533,ok,9.931328007951379,511.5175559913041,21.64770600211341,0.15330000314861536,21.494405998964794,0.006400005077011883,0.9796070080483332,0.16213199705816805,338.57521299796645,25.815204993705265,0.008480012184008956,364.5610300009139,63.900541004841216,19.36185896920506,5.1461789989843965,24.607998988358304,14.134506025584415,47.3589519970119,36.818197011598386,5.28325600316748,3.3218020107597113,1.888180006062612,356.0,54.0,4.580943001201376,0.46556499728467315,0.3246139967814088,1.4745149965165183,0.13314199168235064,0.0049910013331100345,118.25897399103269,6.8558119965018705,0.14686900249216706,20.670498997787945,0.044764994527213275,5.506504006916657,4.932339012157172,0.08680899918545038,0.48735599557403475,3.7207480054348707,0.6983479979680851,0.005727997631765902,1.5020330029074103,8,0,8,0,0,,,,,,,,,,,,,,
rsg_object_detection,dropped_oldest,868,rsg_20260806_60_254880000_000868,dropped,True,fifo_cached_frame,869,91,0,776,91,0,1,0.0,51.692363995243795,frame_fifo_full,,,,,,,,,,,,,,,,,,,,,,,,,,,,,,,,,,,,,,,,,,,,,,,,,,,,,,,,,,,,,,
rsg_object_detection,dropped_oldest,869,rsg_20260806_60_304879999_000869,dropped,True,fifo_cached_frame,870,91,0,777,91,0,1,0.0,48.91842498909682,frame_fifo_full,,,,,,,,,,,,,,,,,,,,,,,,,,,,,,,,,,,,,,,,,,,,,,,,,,,,,,,,,,,,,,
rsg_object_detection,dropped_oldest,870,rsg_20260806_60_354880000_000870,dropped,True,fifo_cached_frame,871,91,0,778,91,0,1,0.0,54.077020002296194,frame_fifo_full,,,,,,,,,,,,,,,,,,,,,,,,,,,,,,,,,,,,,,,,,,,,,,,,,,,,,,,,,,,,,,
rsg_object_detection,dropped_oldest,871,rsg_20260806_60_404879999_000871,dropped,True,fifo_cached_frame,872,91,0,779,91,0,1,0.0,99.27351299847942,frame_fifo_full,,,,,,,,,,,,,,,,,,,,,,,,,,,,,,,,,,,,,,,,,,,,,,,,,,,,,,,,,,,,,,
rsg_object_detection,dropped_oldest,872,rsg_20260806_60_504880000_000872,dropped,True,fifo_cached_frame,873,91,0,780,91,0,1,0.0,52.83714400138706,frame_fifo_full,,,,,,,,,,,,,,,,,,,,,,,,,,,,,,,,,,,,,,,,,,,,,,,,,,,,,,,,,,,,,,
rsg_object_detection,dropped_oldest,873,rsg_20260806_60_554879999_000873,dropped,True,fifo_cached_frame,874,91,0,781,91,0,1,0.0,59.65375900268555,frame_fifo_full,,,,,,,,,,,,,,,,,,,,,,,,,,,,,,,,,,,,,,,,,,,,,,,,,,,,,,,,,,,,,,
rsg_object_detection,dropped_oldest,874,rsg_20260806_60_604880000_000874,dropped,True,fifo_cached_frame,875,91,0,782,91,0,1,0.0,96.67117800563574,frame_fifo_full,,,,,,,,,,,,,,,,,,,,,,,,,,,,,,,,,,,,,,,,,,,,,,,,,,,,,,,,,,,,,,
rsg_object_detection,frame_trace,867,rsg_20260806_60_154879999_000867,sent_to_hydra,,,,,,,,,,,562.6605049910722,ok,11.955498994211666,499.3021620030049,50.05920000257902,0.1492689916631207,49.9099310109159,0.00483199255540967,0.9999580070143566,0.16430800314992666,326.75522498902865,25.26059400406666,0.007007998647168279,352.1871349948924,71.4288870076416,21.4518830034649,5.285016028210521,29.370146003202535,14.416787991649471,45.16567999962717,36.39292099978775,4.136076997383498,3.1987709953682497,1.2204540107632056,360.0,58.0,2.9943710105726495,0.4995789931854233,0.2978979900944978,1.3097909977659583,0.3570930130081251,0.0039040023693814874,122.07192200003192,3.6356990021886304,0.14034200285095721,20.227941990015097,0.03916400601156056,7.865913998102769,7.277700991835445,0.08418499783147126,0.5040280084358528,3.480317987850867,0.6057790014892817,0.003488006768748164,1.3388119987212121,8,0,7,0,0,,,,,,,,,,,,,,
rsg_object_detection,dropped_oldest,876,rsg_20260806_60_754880000_000876,dropped,True,fifo_cached_frame,877,92,0,783,92,0,1,0.0,34.59081499022432,frame_fifo_full,,,,,,,,,,,,,,,,,,,,,,,,,,,,,,,,,,,,,,,,,,,,,,,,,,,,,,,,,,,,,,
rsg_object_detection,dropped_oldest,877,rsg_20260806_60_804879999_000877,dropped,True,fifo_cached_frame,878,92,0,784,92,0,1,0.0,50.2148420055164,frame_fifo_full,,,,,,,,,,,,,,,,,,,,,,,,,,,,,,,,,,,,,,,,,,,,,,,,,,,,,,,,,,,,,,
rsg_object_detection,dropped_oldest,878,rsg_20260806_60_854880000_000878,dropped,True,fifo_cached_frame,879,92,0,785,92,0,1,0.0,53.87473100563511,frame_fifo_full,,,,,,,,,,,,,,,,,,,,,,,,,,,,,,,,,,,,,,,,,,,,,,,,,,,,,,,,,,,,,,
rsg_object_detection,dropped_oldest,879,rsg_20260806_60_904879999_000879,dropped,True,fifo_cached_frame,880,92,0,786,92,0,1,0.0,101.66517600009684,frame_fifo_full,,,,,,,,,,,,,,,,,,,,,,,,,,,,,,,,,,,,,,,,,,,,,,,,,,,,,,,,,,,,,,
rsg_object_detection,,346,rsg_20260806_29_354880000_000346,vlm_done,,,,,,,,,,,,ok,,,,,,,,,,,,,,,,,,,,,,,,,,,,,,,,,,,,,,,,,,,,,,,,,rsg_obj_000003,rsg_unknown_rsg_20260806_29_354880000_000346_001_nanosam_005,,,35,0.6657981904473413,sofa,0.95,static,0.99,6920.934937996208,35865.04900699947,qwen_http,Qwen3-VL-8B-Instruct-GGUF
rsg_object_detection,completed,346,rsg_20260806_29_354880000_000346,,,,,,,,,,,28944.11179800227,,vlm_done,,,,,,,,,,,,,,,,,,,,,,,,,,,,,,,,,,,,,,,,,,,,,,,,,rsg_obj_000003,rsg_unknown_rsg_20260806_29_354880000_000346_001_nanosam_005,23,300,35,0.6657981904473413,,,,,,,,
rsg_object_detection,dropped_oldest,880,rsg_20260806_61_004879999_000880,dropped,True,fifo_cached_frame,881,92,0,787,92,0,1,0.0,95.21944599691778,frame_fifo_full,,,,,,,,,,,,,,,,,,,,,,,,,,,,,,,,,,,,,,,,,,,,,,,,,,,,,,,,,,,,,,
rsg_object_detection,dequeued,253,rsg_20260806_24_704879999_000253,,,,,,,,,,,30478.04737999104,,fifo_order,,,,,,,,,,,,,,,,,,,,,,,,,,,,,,,,,,,,,,,,,,,,,,,,,rsg_obj_000016,rsg_unknown_rsg_20260806_24_704879999_000253_007_nanosam_008,22,300,1,0.6265617922089481,,,,,,,,
rsg_object_detection,dropped_oldest,881,rsg_20260806_61_104880000_000881,dropped,True,fifo_cached_frame,882,92,0,788,92,0,1,0.0,64.548851994914,frame_fifo_full,,,,,,,,,,,,,,,,,,,,,,,,,,,,,,,,,,,,,,,,,,,,,,,,,,,,,,,,,,,,,,
rsg_object_detection,dropped_oldest,882,rsg_20260806_61_154879999_000882,dropped,True,fifo_cached_frame,883,92,0,789,92,0,1,0.0,47.46627699933015,frame_fifo_full,,,,,,,,,,,,,,,,,,,,,,,,,,,,,,,,,,,,,,,,,,,,,,,,,,,,,,,,,,,,,,
rsg_object_detection,dropped_oldest,883,rsg_20260806_61_204880000_000883,dropped,True,fifo_cached_frame,884,92,0,790,92,0,1,0.0,65.45659599942155,frame_fifo_full,,,,,,,,,,,,,,,,,,,,,,,,,,,,,,,,,,,,,,,,,,,,,,,,,,,,,,,,,,,,,,
rsg_object_detection,frame_trace,875,rsg_20260806_60_704880000_000875,sent_to_hydra,,,,,,,,,,,604.9068340071244,ok,9.132956998655573,572.1630500047468,22.287405998213217,0.1341660099569708,22.153239988256246,0.004511995939537883,1.1856409983010963,1.354044012259692,335.1836939982604,21.60092799749691,0.008256000000983477,358.146922008018,134.4134089886211,25.322667002910748,9.614039998268709,73.13711501774378,25.508926992188208,43.54816999693867,34.356402000412345,4.402777994982898,3.363335010362789,1.3811459939461201,350.0,53.0,4.521777023910545,3.948381985537708,0.40319899562746286,1.4979050029069185,0.12926998897455633,0.0039040023693814874,188.48214398894925,3.5459139908198267,0.16926800890360028,20.59217300848104,0.040988001273944974,4.8505860031582415,4.260452988091856,0.097337004262954,0.4927960108034313,3.591286003938876,0.6857090047560632,0.005375986802391708,1.3189090095693246,8,0,8,0,0,,,,,,,,,,,,,,
rsg_object_detection,dropped_oldest,885,rsg_20260806_61_404879999_000885,dropped,True,fifo_cached_frame,886,93,0,791,93,0,1,0.0,51.54300499998499,frame_fifo_full,,,,,,,,,,,,,,,,,,,,,,,,,,,,,,,,,,,,,,,,,,,,,,,,,,,,,,,,,,,,,,
rsg_object_detection,dropped_oldest,886,rsg_20260806_61_454880000_000886,dropped,True,fifo_cached_frame,887,93,0,792,93,0,1,0.0,59.644934997777455,frame_fifo_full,,,,,,,,,,,,,,,,,,,,,,,,,,,,,,,,,,,,,,,,,,,,,,,,,,,,,,,,,,,,,,
rsg_object_detection,dropped_oldest,887,rsg_20260806_61_504880000_000887,dropped,True,fifo_cached_frame,888,93,0,793,93,0,1,0.0,39.67719498905353,frame_fifo_full,,,,,,,,,,,,,,,,,,,,,,,,,,,,,,,,,,,,,,,,,,,,,,,,,,,,,,,,,,,,,,
rsg_object_detection,dropped_oldest,888,rsg_20260806_61_554879999_000888,dropped,True,fifo_cached_frame,889,93,0,794,93,0,1,0.0,51.37908201140817,frame_fifo_full,,,,,,,,,,,,,,,,,,,,,,,,,,,,,,,,,,,,,,,,,,,,,,,,,,,,,,,,,,,,,,
rsg_object_detection,dropped_oldest,889,rsg_20260806_61_604880000_000889,dropped,True,fifo_cached_frame,890,93,0,795,93,0,1,0.0,55.7519739959389,frame_fifo_full,,,,,,,,,,,,,,,,,,,,,,,,,,,,,,,,,,,,,,,,,,,,,,,,,,,,,,,,,,,,,,
rsg_object_detection,dropped_oldest,890,rsg_20260806_61_654879999_000890,dropped,True,fifo_cached_frame,891,93,0,796,93,0,1,0.0,46.60503500781488,frame_fifo_full,,,,,,,,,,,,,,,,,,,,,,,,,,,,,,,,,,,,,,,,,,,,,,,,,,,,,,,,,,,,,,
rsg_object_detection,dropped_oldest,891,rsg_20260806_61_704880000_000891,dropped,True,fifo_cached_frame,892,93,0,797,93,0,1,0.0,71.60209899302572,frame_fifo_full,,,,,,,,,,,,,,,,,,,,,,,,,,,,,,,,,,,,,,,,,,,,,,,,,,,,,,,,,,,,,,
rsg_object_detection,dropped_oldest,892,rsg_20260806_61_754880000_000892,dropped,True,fifo_cached_frame,893,93,0,798,93,0,1,0.0,29.70426800311543,frame_fifo_full,,,,,,,,,,,,,,,,,,,,,,,,,,,,,,,,,,,,,,,,,,,,,,,,,,,,,,,,,,,,,,
rsg_object_detection,dropped_oldest,893,rsg_20260806_61_804879999_000893,dropped,True,fifo_cached_frame,894,93,0,799,94,0,1,0.0,58.89225400460418,frame_fifo_full,,,,,,,,,,,,,,,,,,,,,,,,,,,,,,,,,,,,,,,,,,,,,,,,,,,,,,,,,,,,,,
rsg_object_detection,frame_trace,884,rsg_20260806_61_254880000_000884,sent_to_hydra,,,,,,,,,,,571.6285220114514,ok,12.727571011055261,504.88014599250164,52.80208001204301,0.14056501095183194,52.661515001091175,0.0022400054149329662,1.210374990478158,0.24503699387423694,334.18444500421174,20.028503000503406,0.0071359972935169935,354.4651209958829,65.28582898317836,18.171490024542436,4.403867002110928,28.78443397639785,13.177779008401558,49.06331699748989,36.857690996839665,6.648117006989196,3.8078790094004944,1.6956819890765473,344.0,53.0,4.698916993220337,4.903095003101043,0.46246002602856606,1.4206949999788776,0.13042200589552522,0.004384011845104396,125.9830700000748,2.991139001096599,0.13080600183457136,20.05570099572651,0.043934007408097386,7.450136996340007,6.8407740036491305,0.10184900020249188,0.5075139924883842,4.550832003587857,0.7224750006571412,0.004127010470256209,1.2164849904365838,8,0,8,0,0,,,,,,,,,,,,,,
rsg_object_detection,dropped_oldest,895,rsg_20260806_61_904879999_000895,dropped,True,fifo_cached_frame,896,94,0,800,94,0,1,0.0,45.33360899949912,frame_fifo_full,,,,,,,,,,,,,,,,,,,,,,,,,,,,,,,,,,,,,,,,,,,,,,,,,,,,,,,,,,,,,,
rsg_object_detection,dropped_oldest,896,rsg_20260806_61_954880000_000896,dropped,True,fifo_cached_frame,897,94,0,801,94,0,1,0.0,52.17658999026753,frame_fifo_full,,,,,,,,,,,,,,,,,,,,,,,,,,,,,,,,,,,,,,,,,,,,,,,,,,,,,,,,,,,,,,
rsg_object_detection,dropped_oldest,897,rsg_20260806_62_004879999_000897,dropped,True,fifo_cached_frame,898,94,0,802,94,0,1,0.0,51.15490600292105,frame_fifo_full,,,,,,,,,,,,,,,,,,,,,,,,,,,,,,,,,,,,,,,,,,,,,,,,,,,,,,,,,,,,,,
rsg_object_detection,dropped_oldest,898,rsg_20260806_62_054879999_000898,dropped,True,fifo_cached_frame,899,94,0,803,94,0,1,0.0,53.496748994803056,frame_fifo_full,,,,,,,,,,,,,,,,,,,,,,,,,,,,,,,,,,,,,,,,,,,,,,,,,,,,,,,,,,,,,,
rsg_object_detection,dropped_oldest,899,rsg_20260806_62_104880000_000899,dropped,True,fifo_cached_frame,900,94,0,804,94,0,1,0.0,47.20380601065699,frame_fifo_full,,,,,,,,,,,,,,,,,,,,,,,,,,,,,,,,,,,,,,,,,,,,,,,,,,,,,,,,,,,,,,
rsg_object_detection,dropped_oldest,900,rsg_20260806_62_154879999_000900,dropped,True,fifo_cached_frame,901,94,0,805,94,0,1,0.0,49.41877900273539,frame_fifo_full,,,,,,,,,,,,,,,,,,,,,,,,,,,,,,,,,,,,,,,,,,,,,,,,,,,,,,,,,,,,,,
rsg_object_detection,dropped_oldest,901,rsg_20260806_62_204880000_000901,dropped,True,fifo_cached_frame,902,94,0,806,94,0,1,0.0,70.18937300017569,frame_fifo_full,,,,,,,,,,,,,,,,,,,,,,,,,,,,,,,,,,,,,,,,,,,,,,,,,,,,,,,,,,,,,,
rsg_object_detection,dropped_oldest,902,rsg_20260806_62_254880000_000902,dropped,True,fifo_cached_frame,903,94,0,807,94,0,1,0.0,142.6615319942357,frame_fifo_full,,,,,,,,,,,,,,,,,,,,,,,,,,,,,,,,,,,,,,,,,,,,,,,,,,,,,,,,,,,,,,
rsg_object_detection,dropped_oldest,903,rsg_20260806_62_304879999_000903,dropped,True,fifo_cached_frame,904,94,0,808,94,0,1,0.0,3.0175690044416115,frame_fifo_full,,,,,,,,,,,,,,,,,,,,,,,,,,,,,,,,,,,,,,,,,,,,,,,,,,,,,,,,,,,,,,
rsg_object_detection,frame_trace,894,rsg_20260806_61_854880000_000894,sent_to_hydra,,,,,,,,,,,564.4700310076587,ok,16.12344900786411,544.4889149948722,2.4965190095826983,0.14398900384549052,2.352530005737208,0.0033600081223994493,1.5275030018528923,0.18712200107984245,319.41683299373835,27.860436006449163,0.007551992894150317,347.4719429941615,98.3346569846617,33.33824001310859,4.821276001166552,30.5811019934481,28.947270999196917,62.39769799867645,54.74677500023972,3.2616149983368814,3.1261059921234846,1.2206130049889907,341.0,50.0,3.749963012523949,1.3541069929488003,0.3663740208139643,1.475507000577636,0.32471200393047184,0.0050240050768479705,168.02455300057773,5.3810420067748055,0.15573299606330693,21.878257000935264,0.049883994506672025,11.426803990616463,10.814848996233195,0.09829600458033383,0.5136589898029342,3.4412499953759834,1.2494749971665442,0.005920024705119431,1.357787987217307,8,0,8,0,0,,,,,,,,,,,,,,
rsg_object_detection,dropped_oldest,905,rsg_20260806_62_454880000_000905,dropped,True,fifo_cached_frame,906,95,0,809,95,0,1,0.0,89.47256300598383,frame_fifo_full,,,,,,,,,,,,,,,,,,,,,,,,,,,,,,,,,,,,,,,,,,,,,,,,,,,,,,,,,,,,,,
rsg_object_detection,dropped_oldest,906,rsg_20260806_62_554879999_000906,dropped,True,fifo_cached_frame,907,95,0,810,95,0,1,0.0,52.25515000347514,frame_fifo_full,,,,,,,,,,,,,,,,,,,,,,,,,,,,,,,,,,,,,,,,,,,,,,,,,,,,,,,,,,,,,,
rsg_object_detection,dropped_oldest,907,rsg_20260806_62_604880000_000907,dropped,True,fifo_cached_frame,908,95,0,811,95,0,1,0.0,52.13602399453521,frame_fifo_full,,,,,,,,,,,,,,,,,,,,,,,,,,,,,,,,,,,,,,,,,,,,,,,,,,,,,,,,,,,,,,
rsg_object_detection,dropped_oldest,908,rsg_20260806_62_654879999_000908,dropped,True,fifo_cached_frame,909,95,0,812,95,0,1,0.0,61.36417500965763,frame_fifo_full,,,,,,,,,,,,,,,,,,,,,,,,,,,,,,,,,,,,,,,,,,,,,,,,,,,,,,,,,,,,,,
rsg_object_detection,dropped_oldest,909,rsg_20260806_62_704880000_000909,dropped,True,fifo_cached_frame,910,95,0,813,95,0,1,0.0,86.70780700049363,frame_fifo_full,,,,,,,,,,,,,,,,,,,,,,,,,,,,,,,,,,,,,,,,,,,,,,,,,,,,,,,,,,,,,,
rsg_object_detection,dropped_oldest,910,rsg_20260806_62_804879999_000910,dropped,True,fifo_cached_frame,911,95,0,814,95,0,1,0.0,117.40080500021577,frame_fifo_full,,,,,,,,,,,,,,,,,,,,,,,,,,,,,,,,,,,,,,,,,,,,,,,,,,,,,,,,,,,,,,
rsg_object_detection,dropped_oldest,911,rsg_20260806_62_904879999_000911,dropped,True,fifo_cached_frame,912,95,0,815,95,0,1,0.0,47.22838599991519,frame_fifo_full,,,,,,,,,,,,,,,,,,,,,,,,,,,,,,,,,,,,,,,,,,,,,,,,,,,,,,,,,,,,,,
rsg_object_detection,frame_trace,904,rsg_20260806_62_404879999_000904,sent_to_hydra,,,,,,,,,,,562.8112200065516,ok,11.166598997078836,526.8755050055915,23.558485001558438,0.14712499978486449,23.411360001773573,0.0023679895093664527,2.962917002150789,2.477449001162313,343.68755600007717,26.869505003560334,0.008798990165814757,373.0433089949656,69.5716000336688,17.634666000958532,5.171395983779803,27.807195016066544,18.240126009914093,47.9875299934065,29.499967000447214,8.85182700585574,8.277789005660452,1.1444279953138903,339.0,53.0,4.293636011425406,1.2950719828950241,0.3900819720001891,1.4061679976293817,0.45164598850533366,0.005088004400022328,125.41704598697834,5.11990999802947,0.1352219987893477,20.155952995992266,0.041148028685711324,6.555483996635303,6.012323996401392,0.10597599612083286,0.4371840041130781,3.9664270007051528,0.6399199919542298,0.004768007784150541,1.2082630128134042,8,0,7,0,0,,,,,,,,,,,,,,
rsg_object_detection,dropped_oldest,913,rsg_20260806_63_004879999_000913,dropped,True,fifo_cached_frame,914,96,0,816,96,0,1,0.0,97.76126299402677,frame_fifo_full,,,,,,,,,,,,,,,,,,,,,,,,,,,,,,,,,,,,,,,,,,,,,,,,,,,,,,,,,,,,,,
rsg_object_detection,dropped_oldest,914,rsg_20260806_63_104880000_000914,dropped,True,fifo_cached_frame,915,96,0,817,96,0,1,0.0,50.38389700348489,frame_fifo_full,,,,,,,,,,,,,,,,,,,,,,,,,,,,,,,,,,,,,,,,,,,,,,,,,,,,,,,,,,,,,,
rsg_object_detection,dropped_oldest,915,rsg_20260806_63_154879999_000915,dropped,True,fifo_cached_frame,916,96,0,818,96,0,1,0.0,51.01632999139838,frame_fifo_full,,,,,,,,,,,,,,,,,,,,,,,,,,,,,,,,,,,,,,,,,,,,,,,,,,,,,,,,,,,,,,
rsg_object_detection,dropped_oldest,916,rsg_20260806_63_204880000_000916,dropped,True,fifo_cached_frame,917,96,0,819,96,0,1,0.0,51.687193001271226,frame_fifo_full,,,,,,,,,,,,,,,,,,,,,,,,,,,,,,,,,,,,,,,,,,,,,,,,,,,,,,,,,,,,,,
rsg_object_detection,dropped_oldest,917,rsg_20260806_63_254880000_000917,dropped,True,fifo_cached_frame,918,96,0,820,96,0,1,0.0,101.3413939945167,frame_fifo_full,,,,,,,,,,,,,,,,,,,,,,,,,,,,,,,,,,,,,,,,,,,,,,,,,,,,,,,,,,,,,,
rsg_object_detection,dropped_oldest,918,rsg_20260806_63_354880000_000918,dropped,True,fifo_cached_frame,919,96,0,821,96,0,1,0.0,49.88518700702116,frame_fifo_full,,,,,,,,,,,,,,,,,,,,,,,,,,,,,,,,,,,,,,,,,,,,,,,,,,,,,,,,,,,,,,
rsg_object_detection,dropped_oldest,919,rsg_20260806_63_404879999_000919,dropped,True,fifo_cached_frame,920,96,0,822,96,0,1,0.0,53.66346798837185,frame_fifo_full,,,,,,,,,,,,,,,,,,,,,,,,,,,,,,,,,,,,,,,,,,,,,,,,,,,,,,,,,,,,,,
rsg_object_detection,dropped_oldest,920,rsg_20260806_63_454880000_000920,dropped,True,fifo_cached_frame,921,96,0,823,96,0,1,0.0,57.322303007822484,frame_fifo_full,,,,,,,,,,,,,,,,,,,,,,,,,,,,,,,,,,,,,,,,,,,,,,,,,,,,,,,,,,,,,,
rsg_object_detection,frame_trace,912,rsg_20260806_62_954880000_000912,sent_to_hydra,,,,,,,,,,,594.1903149941936,ok,9.433576997253112,557.7727449999657,25.132384995231405,0.15010099741630256,24.982283997815102,0.002688000677153468,3.286542007117532,1.6937629989115521,347.1502239990514,32.336880001821555,0.009406998287886381,381.19027399807237,85.96943800512236,34.29683201829903,5.3216870001051575,23.887872986961156,21.556012012297288,54.845366001245566,41.88545700162649,4.026423004688695,7.356545000220649,1.526640000520274,420.0,124.0,3.476351994322613,0.6563660135725513,0.33204098872374743,1.338014000793919,0.12962300388608128,0.003616005415096879,146.76553399476688,2.8442710026865825,0.1508999994257465,23.49234899156727,0.04287500632926822,5.311191998771392,4.715076996944845,0.09388099715579301,0.5022340046707541,3.4040049940813333,0.7126520067686215,0.005727997631765902,1.8489200010662898,8,0,8,0,0,,,,,,,,,,,,,,
rsg_object_detection,dropped_oldest,922,rsg_20260806_63_654879999_000922,dropped,True,fifo_cached_frame,923,97,0,824,97,0,1,0.0,50.711461997707374,frame_fifo_full,,,,,,,,,,,,,,,,,,,,,,,,,,,,,,,,,,,,,,,,,,,,,,,,,,,,,,,,,,,,,,
rsg_object_detection,dropped_oldest,923,rsg_20260806_63_704880000_000923,dropped,True,fifo_cached_frame,924,97,0,825,97,0,1,0.0,58.39006400492508,frame_fifo_full,,,,,,,,,,,,,,,,,,,,,,,,,,,,,,,,,,,,,,,,,,,,,,,,,,,,,,,,,,,,,,
rsg_object_detection,dropped_oldest,924,rsg_20260806_63_754880000_000924,dropped,True,fifo_cached_frame,925,97,0,826,97,0,1,0.0,42.44093500892632,frame_fifo_full,,,,,,,,,,,,,,,,,,,,,,,,,,,,,,,,,,,,,,,,,,,,,,,,,,,,,,,,,,,,,,
rsg_object_detection,dropped_oldest,925,rsg_20260806_63_804879999_000925,dropped,True,fifo_cached_frame,926,97,0,827,97,0,1,0.0,51.84001900488511,frame_fifo_full,,,,,,,,,,,,,,,,,,,,,,,,,,,,,,,,,,,,,,,,,,,,,,,,,,,,,,,,,,,,,,
rsg_object_detection,dropped_oldest,926,rsg_20260806_63_854880000_000926,dropped,True,fifo_cached_frame,927,97,0,828,97,0,1,0.0,48.23247699823696,frame_fifo_full,,,,,,,,,,,,,,,,,,,,,,,,,,,,,,,,,,,,,,,,,,,,,,,,,,,,,,,,,,,,,,
rsg_object_detection,dropped_oldest,927,rsg_20260806_63_904879999_000927,dropped,True,fifo_cached_frame,928,97,0,829,97,0,1,0.0,49.98105201229919,frame_fifo_full,,,,,,,,,,,,,,,,,,,,,,,,,,,,,,,,,,,,,,,,,,,,,,,,,,,,,,,,,,,,,,
rsg_object_detection,dropped_oldest,928,rsg_20260806_63_954880000_000928,dropped,True,fifo_cached_frame,929,97,0,830,97,0,1,0.0,52.229174005333334,frame_fifo_full,,,,,,,,,,,,,,,,,,,,,,,,,,,,,,,,,,,,,,,,,,,,,,,,,,,,,,,,,,,,,,
rsg_object_detection,dropped_oldest,929,rsg_20260806_64_004879999_000929,dropped,True,fifo_cached_frame,930,97,0,831,97,0,1,0.0,48.99923600896727,frame_fifo_full,,,,,,,,,,,,,,,,,,,,,,,,,,,,,,,,,,,,,,,,,,,,,,,,,,,,,,,,,,,,,,
rsg_object_detection,dropped_oldest,930,rsg_20260806_64_054879999_000930,dropped,True,fifo_cached_frame,931,97,0,832,97,0,1,0.0,60.91346200264525,frame_fifo_full,,,,,,,,,,,,,,,,,,,,,,,,,,,,,,,,,,,,,,,,,,,,,,,,,,,,,,,,,,,,,,
rsg_object_detection,frame_trace,921,rsg_20260806_63_504880000_000921,sent_to_hydra,,,,,,,,,,,609.9908140022308,ok,14.865464996546507,530.8659259899287,62.51046500983648,0.162260010256432,62.34820499958005,0.002815999323502183,1.1511470074765384,0.2044970024144277,335.8565559901763,18.06414000748191,0.006400005077011883,354.1315930051496,80.72560300934128,33.267531005549245,5.735734011977911,25.54678701562807,15.326967986766249,60.701285998220555,46.86035399208777,9.447815988096409,2.612894997582771,1.7308160022366792,476.0,125.0,3.377767003257759,0.3753619675990194,0.30090603104326874,1.239781006006524,0.5350319988792762,0.0040000013541430235,147.27509599470068,2.9128729947842658,0.27255600434727967,25.083494998398237,0.03916598507203162,10.36118900810834,9.725683004944585,0.10219999239780009,0.5333060107659549,3.7842010060558096,0.7151470053941011,0.004927976988255978,1.746142006595619,7,0,7,0,0,,,,,,,,,,,,,,
rsg_object_detection,dropped_oldest,932,rsg_20260806_64_154880000_000932,dropped,True,fifo_cached_frame,933,98,0,833,98,0,1,0.0,50.7503069966333,frame_fifo_full,,,,,,,,,,,,,,,,,,,,,,,,,,,,,,,,,,,,,,,,,,,,,,,,,,,,,,,,,,,,,,
rsg_object_detection,dropped_oldest,933,rsg_20260806_64_204880000_000933,dropped,True,fifo_cached_frame,934,98,0,834,98,0,1,0.0,56.8272360105766,frame_fifo_full,,,,,,,,,,,,,,,,,,,,,,,,,,,,,,,,,,,,,,,,,,,,,,,,,,,,,,,,,,,,,,
rsg_object_detection,dropped_oldest,934,rsg_20260806_64_254880000_000934,dropped,True,fifo_cached_frame,935,98,0,835,98,0,1,0.0,42.66393200668972,frame_fifo_full,,,,,,,,,,,,,,,,,,,,,,,,,,,,,,,,,,,,,,,,,,,,,,,,,,,,,,,,,,,,,,
rsg_object_detection,dropped_oldest,935,rsg_20260806_64_304879999_000935,dropped,True,fifo_cached_frame,936,98,0,836,98,0,1,0.0,53.179733993601985,frame_fifo_full,,,,,,,,,,,,,,,,,,,,,,,,,,,,,,,,,,,,,,,,,,,,,,,,,,,,,,,,,,,,,,
rsg_object_detection,dropped_oldest,936,rsg_20260806_64_354879999_000936,dropped,True,fifo_cached_frame,937,98,0,837,98,0,1,0.0,52.84244701033458,frame_fifo_full,,,,,,,,,,,,,,,,,,,,,,,,,,,,,,,,,,,,,,,,,,,,,,,,,,,,,,,,,,,,,,
rsg_object_detection,dropped_oldest,937,rsg_20260806_64_404880000_000937,dropped,True,fifo_cached_frame,938,98,0,838,98,0,1,0.0,46.1828409897862,frame_fifo_full,,,,,,,,,,,,,,,,,,,,,,,,,,,,,,,,,,,,,,,,,,,,,,,,,,,,,,,,,,,,,,
rsg_object_detection,dropped_oldest,938,rsg_20260806_64_454880000_000938,dropped,True,fifo_cached_frame,939,98,0,839,98,0,1,0.0,58.05652700655628,frame_fifo_full,,,,,,,,,,,,,,,,,,,,,,,,,,,,,,,,,,,,,,,,,,,,,,,,,,,,,,,,,,,,,,
rsg_object_detection,dropped_oldest,939,rsg_20260806_64_504880000_000939,dropped,True,fifo_cached_frame,940,98,0,840,98,0,1,0.0,43.985113996313885,frame_fifo_full,,,,,,,,,,,,,,,,,,,,,,,,,,,,,,,,,,,,,,,,,,,,,,,,,,,,,,,,,,,,,,
rsg_object_detection,dropped_oldest,940,rsg_20260806_64_554879999_000940,dropped,True,fifo_cached_frame,941,98,0,841,98,0,1,0.0,48.65360300755128,frame_fifo_full,,,,,,,,,,,,,,,,,,,,,,,,,,,,,,,,,,,,,,,,,,,,,,,,,,,,,,,,,,,,,,
rsg_object_detection,dropped_oldest,941,rsg_20260806_64_604879999_000941,dropped,True,fifo_cached_frame,942,98,0,842,98,0,1,0.0,54.99166500521824,frame_fifo_full,,,,,,,,,,,,,,,,,,,,,,,,,,,,,,,,,,,,,,,,,,,,,,,,,,,,,,,,,,,,,,
rsg_object_detection,dropped_oldest,942,rsg_20260806_64_654880000_000942,dropped,True,fifo_cached_frame,943,98,0,843,98,0,1,0.0,57.96222999924794,frame_fifo_full,,,,,,,,,,,,,,,,,,,,,,,,,,,,,,,,,,,,,,,,,,,,,,,,,,,,,,,,,,,,,,
rsg_object_detection,dropped_oldest,943,rsg_20260806_64_704880000_000943,dropped,True,fifo_cached_frame,944,98,0,844,98,0,1,0.0,49.64994599868078,frame_fifo_full,,,,,,,,,,,,,,,,,,,,,,,,,,,,,,,,,,,,,,,,,,,,,,,,,,,,,,,,,,,,,,
rsg_object_detection,frame_trace,931,rsg_20260806_64_104879999_000931,sent_to_hydra,,,,,,,,,,,659.9862260045484,ok,14.087122995988466,615.2266749995761,28.94785000535194,0.14382900553755462,28.804020999814384,0.0031990057323127985,3.536955002346076,0.265836002654396,419.72580100991763,23.54975500202272,0.0085429783212021,443.54993499291595,59.10518601012882,20.67895798245445,8.092685995507054,18.178244979935698,11.447543001850136,73.87433899566531,62.88759599556215,6.60050600708928,2.89233100193087,1.4529809996020049,430.0,125.0,3.671506012324244,1.0880820045713335,0.3331569751026109,1.4284390053944662,0.2898340026149526,0.004672008799389005,139.80961400375236,5.041100987000391,0.12399099068716168,23.099674988770857,0.0654040341032669,9.844394997344352,9.238072991138324,0.09509699884802103,0.5112250073580071,3.442306988290511,0.795493004261516,0.004928006092086434,1.721378997899592,8,0,8,0,0,,,,,,,,,,,,,,
rsg_object_detection,dropped_oldest,945,rsg_20260806_64_804879999_000945,dropped,True,fifo_cached_frame,946,99,0,845,99,0,1,0.0,48.45585799193941,frame_fifo_full,,,,,,,,,,,,,,,,,,,,,,,,,,,,,,,,,,,,,,,,,,,,,,,,,,,,,,,,,,,,,,
rsg_object_detection,dropped_oldest,946,rsg_20260806_64_854879999_000946,dropped,True,fifo_cached_frame,947,99,0,846,99,0,1,0.0,49.23503199825063,frame_fifo_full,,,,,,,,,,,,,,,,,,,,,,,,,,,,,,,,,,,,,,,,,,,,,,,,,,,,,,,,,,,,,,
rsg_object_detection,dropped_oldest,947,rsg_20260806_64_904880000_000947,dropped,True,fifo_cached_frame,948,99,0,847,99,0,1,0.0,51.61114600196015,frame_fifo_full,,,,,,,,,,,,,,,,,,,,,,,,,,,,,,,,,,,,,,,,,,,,,,,,,,,,,,,,,,,,,,
rsg_object_detection,dropped_oldest,948,rsg_20260806_64_954880000_000948,dropped,True,fifo_cached_frame,949,99,0,848,99,0,1,0.0,51.180360998841934,frame_fifo_full,,,,,,,,,,,,,,,,,,,,,,,,,,,,,,,,,,,,,,,,,,,,,,,,,,,,,,,,,,,,,,
rsg_object_detection,dropped_oldest,949,rsg_20260806_65_004879999_000949,dropped,True,fifo_cached_frame,950,99,0,849,99,0,1,0.0,51.47819500416517,frame_fifo_full,,,,,,,,,,,,,,,,,,,,,,,,,,,,,,,,,,,,,,,,,,,,,,,,,,,,,,,,,,,,,,
rsg_object_detection,dropped_oldest,950,rsg_20260806_65_054879999_000950,dropped,True,fifo_cached_frame,951,99,0,850,99,0,1,0.0,49.15359799633734,frame_fifo_full,,,,,,,,,,,,,,,,,,,,,,,,,,,,,,,,,,,,,,,,,,,,,,,,,,,,,,,,,,,,,,
rsg_object_detection,dropped_oldest,951,rsg_20260806_65_104879999_000951,dropped,True,fifo_cached_frame,952,99,0,851,99,0,1,0.0,53.578744002152234,frame_fifo_full,,,,,,,,,,,,,,,,,,,,,,,,,,,,,,,,,,,,,,,,,,,,,,,,,,,,,,,,,,,,,,
rsg_object_detection,dropped_oldest,952,rsg_20260806_65_154880000_000952,dropped,True,fifo_cached_frame,953,99,0,852,99,0,1,0.0,95.48282901232596,frame_fifo_full,,,,,,,,,,,,,,,,,,,,,,,,,,,,,,,,,,,,,,,,,,,,,,,,,,,,,,,,,,,,,,
rsg_object_detection,dropped_oldest,953,rsg_20260806_65_204880000_000953,dropped,True,fifo_cached_frame,954,99,0,853,99,0,1,0.0,24.619311006972566,frame_fifo_full,,,,,,,,,,,,,,,,,,,,,,,,,,,,,,,,,,,,,,,,,,,,,,,,,,,,,,,,,,,,,,
rsg_object_detection,dropped_oldest,954,rsg_20260806_65_254880000_000954,dropped,True,fifo_cached_frame,955,99,0,854,99,0,1,0.0,41.2349860125687,frame_fifo_full,,,,,,,,,,,,,,,,,,,,,,,,,,,,,,,,,,,,,,,,,,,,,,,,,,,,,,,,,,,,,,
rsg_object_detection,dropped_oldest,955,rsg_20260806_65_304879999_000955,dropped,True,fifo_cached_frame,956,99,0,855,99,0,1,0.0,44.51596099534072,frame_fifo_full,,,,,,,,,,,,,,,,,,,,,,,,,,,,,,,,,,,,,,,,,,,,,,,,,,,,,,,,,,,,,,
rsg_object_detection,frame_trace,944,rsg_20260806_64_754880000_000944,sent_to_hydra,,,,,,,,,,,608.0118079989916,ok,14.615374006098136,566.6842229984468,24.945331999333575,0.1398619933752343,24.80547000595834,0.004159999662078917,1.0620649991324171,0.3082009934587404,369.50538100791164,19.088867004029453,0.00633498711977154,388.9087839925196,63.91334401268978,21.871477001695894,5.236414042883553,23.60274399688933,12.5027290196158,77.64587699784897,64.38985900604166,4.657097000745125,7.135059990105219,1.4236069982871413,450.0,127.0,3.2939670054474846,1.073874009307474,0.3126789670204744,1.396249994286336,0.13250199845060706,0.0038080033846199512,147.7864119951846,2.913994001573883,0.12290300219319761,25.8453010028461,0.044764004996977746,9.967108009732328,9.396780995302834,0.09557700832374394,0.4747500061057508,3.906944999471307,0.7359139999607578,0.005406996933743358,1.7627189954509959,8,0,8,0,0,,,,,,,,,,,,,,
rsg_object_detection,dropped_oldest,957,rsg_20260806_65_404880000_000957,dropped,True,fifo_cached_frame,958,100,0,856,100,0,1,0.0,50.55334100325126,frame_fifo_full,,,,,,,,,,,,,,,,,,,,,,,,,,,,,,,,,,,,,,,,,,,,,,,,,,,,,,,,,,,,,,
rsg_object_detection,dropped_oldest,958,rsg_20260806_65_454880000_000958,dropped,True,fifo_cached_frame,959,100,0,857,100,0,1,0.0,47.059805001481436,frame_fifo_full,,,,,,,,,,,,,,,,,,,,,,,,,,,,,,,,,,,,,,,,,,,,,,,,,,,,,,,,,,,,,,
rsg_object_detection,dropped_oldest,959,rsg_20260806_65_504880000_000959,dropped,True,fifo_cached_frame,960,100,0,858,100,0,1,0.0,50.54588499478996,frame_fifo_full,,,,,,,,,,,,,,,,,,,,,,,,,,,,,,,,,,,,,,,,,,,,,,,,,,,,,,,,,,,,,,
rsg_object_detection,dropped_oldest,960,rsg_20260806_65_554879999_000960,dropped,True,fifo_cached_frame,961,100,0,859,100,0,1,0.0,53.05450099695008,frame_fifo_full,,,,,,,,,,,,,,,,,,,,,,,,,,,,,,,,,,,,,,,,,,,,,,,,,,,,,,,,,,,,,,
rsg_object_detection,dropped_oldest,961,rsg_20260806_65_604879999_000961,dropped,True,fifo_cached_frame,962,100,0,860,100,0,1,0.0,49.356469011399895,frame_fifo_full,,,,,,,,,,,,,,,,,,,,,,,,,,,,,,,,,,,,,,,,,,,,,,,,,,,,,,,,,,,,,,
rsg_object_detection,dropped_oldest,962,rsg_20260806_65_654880000_000962,dropped,True,fifo_cached_frame,963,100,0,861,100,0,1,0.0,51.69770499924198,frame_fifo_full,,,,,,,,,,,,,,,,,,,,,,,,,,,,,,,,,,,,,,,,,,,,,,,,,,,,,,,,,,,,,,
rsg_object_detection,dropped_oldest,963,rsg_20260806_65_704880000_000963,dropped,True,fifo_cached_frame,964,100,0,862,100,0,1,0.0,47.90636799589265,frame_fifo_full,,,,,,,,,,,,,,,,,,,,,,,,,,,,,,,,,,,,,,,,,,,,,,,,,,,,,,,,,,,,,,
rsg_object_detection,dropped_oldest,964,rsg_20260806_65_754880000_000964,dropped,True,fifo_cached_frame,965,100,0,863,100,0,1,0.0,61.179951997473836,frame_fifo_full,,,,,,,,,,,,,,,,,,,,,,,,,,,,,,,,,,,,,,,,,,,,,,,,,,,,,,,,,,,,,,
rsg_object_detection,dropped_oldest,965,rsg_20260806_65_804879999_000965,dropped,True,fifo_cached_frame,966,100,0,864,100,0,1,0.0,79.7971120045986,frame_fifo_full,,,,,,,,,,,,,,,,,,,,,,,,,,,,,,,,,,,,,,,,,,,,,,,,,,,,,,,,,,,,,,
rsg_object_detection,dropped_oldest,966,rsg_20260806_65_854879999_000966,dropped,True,fifo_cached_frame,967,100,0,865,100,0,1,0.0,7.609776992467232,frame_fifo_full,,,,,,,,,,,,,,,,,,,,,,,,,,,,,,,,,,,,,,,,,,,,,,,,,,,,,,,,,,,,,,
rsg_object_detection,dropped_oldest,967,rsg_20260806_65_904880000_000967,dropped,True,fifo_cached_frame,968,100,0,866,101,0,1,0.0,66.95584800036158,frame_fifo_full,,,,,,,,,,,,,,,,,,,,,,,,,,,,,,,,,,,,,,,,,,,,,,,,,,,,,,,,,,,,,,
rsg_object_detection,frame_trace,956,rsg_20260806_65_354879999_000956,sent_to_hydra,,,,,,,,,,,591.4110970043112,ok,11.234981997404248,551.3370190019486,26.878504009800963,0.1807220105547458,26.697781999246217,0.004254994564689696,1.0522109951125458,0.20222499733790755,337.6307709986577,21.518291003303602,0.00790400372352451,359.3591910030227,87.57103599782567,22.722748035448603,8.88443501025904,41.24324198346585,13.658804979058914,70.44560700887814,53.67160700552631,12.298008005018346,3.087709003011696,1.3452129933284596,376.0,53.0,4.057046011439525,1.3358049909584224,0.34176799817942083,1.4379110070876777,0.13845400826539844,0.004255998646840453,165.34964099992067,2.8881400066893548,0.11653600085992366,22.510761991725303,0.060538004618138075,7.03868200071156,6.419048993848264,0.09432899241801351,0.5253040144452825,3.4755850065266714,0.7163309928728268,0.004383997293189168,1.9563370005926117,8,0,8,0,0,,,,,,,,,,,,,,
rsg_object_detection,dropped_oldest,969,rsg_20260806_66_004879999_000969,dropped,True,fifo_cached_frame,970,101,0,867,101,0,1,0.0,38.681924997945316,frame_fifo_full,,,,,,,,,,,,,,,,,,,,,,,,,,,,,,,,,,,,,,,,,,,,,,,,,,,,,,,,,,,,,,
rsg_object_detection,dropped_oldest,970,rsg_20260806_66_054879999_000970,dropped,True,fifo_cached_frame,971,101,0,868,101,0,1,0.0,50.16888900718186,frame_fifo_full,,,,,,,,,,,,,,,,,,,,,,,,,,,,,,,,,,,,,,,,,,,,,,,,,,,,,,,,,,,,,,
rsg_object_detection,dropped_oldest,971,rsg_20260806_66_104879999_000971,dropped,True,fifo_cached_frame,972,101,0,869,101,0,1,0.0,61.48421698890161,frame_fifo_full,,,,,,,,,,,,,,,,,,,,,,,,,,,,,,,,,,,,,,,,,,,,,,,,,,,,,,,,,,,,,,
rsg_object_detection,dropped_oldest,972,rsg_20260806_66_154880000_000972,dropped,True,fifo_cached_frame,973,101,0,870,101,0,1,0.0,39.773748998413794,frame_fifo_full,,,,,,,,,,,,,,,,,,,,,,,,,,,,,,,,,,,,,,,,,,,,,,,,,,,,,,,,,,,,,,
rsg_object_detection,dropped_oldest,973,rsg_20260806_66_204880000_000973,dropped,True,fifo_cached_frame,974,101,0,871,101,0,1,0.0,49.057803000323474,frame_fifo_full,,,,,,,,,,,,,,,,,,,,,,,,,,,,,,,,,,,,,,,,,,,,,,,,,,,,,,,,,,,,,,
rsg_object_detection,dropped_oldest,974,rsg_20260806_66_254880000_000974,dropped,True,fifo_cached_frame,975,101,0,872,101,0,1,0.0,53.31365500751417,frame_fifo_full,,,,,,,,,,,,,,,,,,,,,,,,,,,,,,,,,,,,,,,,,,,,,,,,,,,,,,,,,,,,,,
rsg_object_detection,dropped_oldest,975,rsg_20260806_66_304879999_000975,dropped,True,fifo_cached_frame,976,101,0,873,101,0,1,0.0,51.395044996752404,frame_fifo_full,,,,,,,,,,,,,,,,,,,,,,,,,,,,,,,,,,,,,,,,,,,,,,,,,,,,,,,,,,,,,,
rsg_object_detection,dropped_oldest,976,rsg_20260806_66_354879999_000976,dropped,True,fifo_cached_frame,977,101,0,874,101,0,1,0.0,112.06732799473684,frame_fifo_full,,,,,,,,,,,,,,,,,,,,,,,,,,,,,,,,,,,,,,,,,,,,,,,,,,,,,,,,,,,,,,
rsg_object_detection,dropped_oldest,977,rsg_20260806_66_404880000_000977,dropped,True,fifo_cached_frame,978,101,0,875,101,0,1,0.0,3.9813400071579963,frame_fifo_full,,,,,,,,,,,,,,,,,,,,,,,,,,,,,,,,,,,,,,,,,,,,,,,,,,,,,,,,,,,,,,
rsg_object_detection,frame_trace,968,rsg_20260806_65_954880000_000968,sent_to_hydra,,,,,,,,,,,512.1833449957194,ok,16.647961994749494,490.6709399947431,3.0697909969603643,0.13758998829871416,2.93220100866165,0.00409600033890456,1.6946279938565567,0.23499000235460699,343.0460609961301,16.16559800459072,0.0071029935497790575,359.4537519966252,39.13380099402275,17.162132018711418,3.336395006044768,5.812054019770585,12.246910002431832,55.572561992448755,31.425406006746925,19.500328999129124,3.147352996165864,1.4554770023096353,430.0,130.0,3.5709370276890695,0.9731139580253512,0.3307910228613764,1.4037370128789917,0.14398900384549052,0.004128000000491738,101.14940999483224,2.860622000298463,0.14949300384614617,25.314782003988512,0.04825300129596144,12.388178991386667,11.77206399734132,0.09160899207927287,0.5245060019660741,3.482592001091689,0.7717510015936568,0.005440000677481294,1.790556008927524,8,0,8,0,0,,,,,,,,,,,,,,
rsg_object_detection,dropped_oldest,979,rsg_20260806_66_504880000_000979,dropped,True,fifo_cached_frame,980,102,0,876,102,0,1,0.0,49.81464899901766,frame_fifo_full,,,,,,,,,,,,,,,,,,,,,,,,,,,,,,,,,,,,,,,,,,,,,,,,,,,,,,,,,,,,,,
rsg_object_detection,dropped_oldest,980,rsg_20260806_66_554879999_000980,dropped,True,fifo_cached_frame,981,102,0,877,102,0,1,0.0,48.96411899244413,frame_fifo_full,,,,,,,,,,,,,,,,,,,,,,,,,,,,,,,,,,,,,,,,,,,,,,,,,,,,,,,,,,,,,,
rsg_object_detection,dropped_oldest,981,rsg_20260806_66_604879999_000981,dropped,True,fifo_cached_frame,982,102,0,878,102,0,1,0.0,48.0757360055577,frame_fifo_full,,,,,,,,,,,,,,,,,,,,,,,,,,,,,,,,,,,,,,,,,,,,,,,,,,,,,,,,,,,,,,
rsg_object_detection,dropped_oldest,982,rsg_20260806_66_654880000_000982,dropped,True,fifo_cached_frame,983,102,0,879,102,0,1,0.0,55.35635398700833,frame_fifo_full,,,,,,,,,,,,,,,,,,,,,,,,,,,,,,,,,,,,,,,,,,,,,,,,,,,,,,,,,,,,,,
rsg_object_detection,dropped_oldest,983,rsg_20260806_66_704880000_000983,dropped,True,fifo_cached_frame,984,102,0,880,102,0,1,0.0,58.765672001754865,frame_fifo_full,,,,,,,,,,,,,,,,,,,,,,,,,,,,,,,,,,,,,,,,,,,,,,,,,,,,,,,,,,,,,,
rsg_object_detection,dropped_oldest,984,rsg_20260806_66_754880000_000984,dropped,True,fifo_cached_frame,985,102,0,881,102,0,1,0.0,38.6671779997414,frame_fifo_full,,,,,,,,,,,,,,,,,,,,,,,,,,,,,,,,,,,,,,,,,,,,,,,,,,,,,,,,,,,,,,
rsg_object_detection,dropped_oldest,985,rsg_20260806_66_804879999_000985,dropped,True,fifo_cached_frame,986,102,0,882,102,0,1,0.0,53.27042799035553,frame_fifo_full,,,,,,,,,,,,,,,,,,,,,,,,,,,,,,,,,,,,,,,,,,,,,,,,,,,,,,,,,,,,,,
rsg_object_detection,dropped_oldest,986,rsg_20260806_66_854879999_000986,dropped,True,fifo_cached_frame,987,102,0,883,102,0,1,0.0,79.23655399645213,frame_fifo_full,,,,,,,,,,,,,,,,,,,,,,,,,,,,,,,,,,,,,,,,,,,,,,,,,,,,,,,,,,,,,,
rsg_object_detection,dropped_oldest,987,rsg_20260806_66_904880000_000987,dropped,True,fifo_cached_frame,988,102,0,884,102,0,1,0.0,39.71507000096608,frame_fifo_full,,,,,,,,,,,,,,,,,,,,,,,,,,,,,,,,,,,,,,,,,,,,,,,,,,,,,,,,,,,,,,
rsg_object_detection,dropped_oldest,988,rsg_20260806_66_954880000_000988,dropped,True,fifo_cached_frame,989,102,0,885,102,0,1,0.0,27.304204006213695,frame_fifo_full,,,,,,,,,,,,,,,,,,,,,,,,,,,,,,,,,,,,,,,,,,,,,,,,,,,,,,,,,,,,,,
rsg_object_detection,frame_trace,978,rsg_20260806_66_454880000_000978,sent_to_hydra,,,,,,,,,,,575.3598599985708,ok,12.477452008170076,535.6797319982434,25.41058299539145,0.12120699102524668,25.289376004366204,0.0030719966161996126,7.681515999138355,0.4824290081160143,328.0843739921693,31.697897997219115,0.008542003342881799,360.2732430008473,51.74695301684551,17.811943049309775,4.565327966702171,15.064172985148616,13.723825017223135,70.30773699807469,55.34896299650427,7.334086010814644,3.7337419926188886,3.842917998554185,448.0,131.0,6.401641992852092,3.435652979533188,0.558072017156519,1.6055460000643507,0.4866520030191168,0.003744004061445594,134.56843000312801,8.69853000040166,0.14366900722961873,24.265355998068117,0.04898798943031579,6.0078470123698935,5.303386991727166,0.14789299166295677,0.5565670289797708,5.740667009376921,0.7247469911817461,0.004190995241515338,1.7890210001496598,8,0,8,0,0,,,,,,,,,,,,,,
rsg_object_detection,dropped_oldest,990,rsg_20260806_67_054879999_000990,dropped,True,fifo_cached_frame,991,103,0,886,103,0,1,0.0,36.810643010539934,frame_fifo_full,,,,,,,,,,,,,,,,,,,,,,,,,,,,,,,,,,,,,,,,,,,,,,,,,,,,,,,,,,,,,,
rsg_object_detection,dropped_oldest,991,rsg_20260806_67_104879999_000991,dropped,True,fifo_cached_frame,992,103,0,887,103,0,1,0.0,50.129025999922305,frame_fifo_full,,,,,,,,,,,,,,,,,,,,,,,,,,,,,,,,,,,,,,,,,,,,,,,,,,,,,,,,,,,,,,
rsg_object_detection,dropped_oldest,992,rsg_20260806_67_154880000_000992,dropped,True,fifo_cached_frame,993,103,0,888,103,0,1,0.0,48.82976099906955,frame_fifo_full,,,,,,,,,,,,,,,,,,,,,,,,,,,,,,,,,,,,,,,,,,,,,,,,,,,,,,,,,,,,,,
rsg_object_detection,dropped_oldest,993,rsg_20260806_67_204880000_000993,dropped,True,fifo_cached_frame,994,103,0,889,103,0,1,0.0,51.17166999843903,frame_fifo_full,,,,,,,,,,,,,,,,,,,,,,,,,,,,,,,,,,,,,,,,,,,,,,,,,,,,,,,,,,,,,,
rsg_object_detection,dropped_oldest,994,rsg_20260806_67_254880000_000994,dropped,True,fifo_cached_frame,995,103,0,890,103,0,1,0.0,50.92263700498734,frame_fifo_full,,,,,,,,,,,,,,,,,,,,,,,,,,,,,,,,,,,,,,,,,,,,,,,,,,,,,,,,,,,,,,
rsg_object_detection,dropped_oldest,995,rsg_20260806_67_304879999_000995,dropped,True,fifo_cached_frame,996,103,0,891,103,0,1,0.0,49.85570699500386,frame_fifo_full,,,,,,,,,,,,,,,,,,,,,,,,,,,,,,,,,,,,,,,,,,,,,,,,,,,,,,,,,,,,,,
rsg_object_detection,dropped_oldest,996,rsg_20260806_67_354879999_000996,dropped,True,fifo_cached_frame,997,103,0,892,103,0,1,0.0,51.77457399258856,frame_fifo_full,,,,,,,,,,,,,,,,,,,,,,,,,,,,,,,,,,,,,,,,,,,,,,,,,,,,,,,,,,,,,,
rsg_object_detection,dropped_oldest,997,rsg_20260806_67_404880000_000997,dropped,True,fifo_cached_frame,998,103,0,893,103,0,1,0.0,51.02176500076894,frame_fifo_full,,,,,,,,,,,,,,,,,,,,,,,,,,,,,,,,,,,,,,,,,,,,,,,,,,,,,,,,,,,,,,
rsg_object_detection,dropped_oldest,998,rsg_20260806_67_454880000_000998,dropped,True,fifo_cached_frame,999,103,0,894,103,0,1,0.0,71.6720600030385,frame_fifo_full,,,,,,,,,,,,,,,,,,,,,,,,,,,,,,,,,,,,,,,,,,,,,,,,,,,,,,,,,,,,,,
rsg_object_detection,dropped_oldest,999,rsg_20260806_67_504880000_000999,dropped,True,fifo_cached_frame,1000,103,0,895,103,0,1,0.0,38.105975996586494,frame_fifo_full,,,,,,,,,,,,,,,,,,,,,,,,,,,,,,,,,,,,,,,,,,,,,,,,,,,,,,,,,,,,,,
rsg_object_detection,dropped_oldest,1000,rsg_20260806_67_554879999_001000,dropped,True,fifo_cached_frame,1001,103,0,896,103,0,1,0.0,61.41214100352954,frame_fifo_full,,,,,,,,,,,,,,,,,,,,,,,,,,,,,,,,,,,,,,,,,,,,,,,,,,,,,,,,,,,,,,
rsg_object_detection,dropped_oldest,1001,rsg_20260806_67_604879999_001001,dropped,True,fifo_cached_frame,1002,103,0,897,103,0,1,0.0,23.25036100228317,frame_fifo_full,,,,,,,,,,,,,,,,,,,,,,,,,,,,,,,,,,,,,,,,,,,,,,,,,,,,,,,,,,,,,,
rsg_object_detection,frame_trace,989,rsg_20260806_67_004879999_000989,sent_to_hydra,,,,,,,,,,,691.7494160006754,ok,10.838086003786884,617.1237870003097,62.01372100622393,0.14885299606248736,61.864868010161445,0.003679990186356008,5.117225009598769,0.19969699496868998,372.74911699933,25.563118993886746,0.011455005733296275,398.52338799391873,118.68816800415516,61.36919799610041,5.882159995962866,23.777841008268297,26.772886005346663,50.978344996110536,37.76488100993447,8.657188998768106,3.094173996942118,1.420824002707377,462.0,132.0,5.001585988793522,3.4522269997978583,0.40035301935859025,1.537775999167934,0.4787170037161559,0.005727997631765902,180.56516999786254,7.425247997161932,0.14430998999159783,25.299682005424984,0.04876400635112077,4.980819008778781,4.3356509995646775,0.09186600800603628,0.5533020012080669,5.1925160078099,0.6602719950024039,0.004478992195799947,1.770142000168562,8,0,8,0,0,,,,,,,,,,,,,,
rsg_object_detection,dropped_oldest,1003,rsg_20260806_67_704880000_001003,dropped,True,fifo_cached_frame,1004,104,0,898,104,0,1,0.0,36.67308900912758,frame_fifo_full,,,,,,,,,,,,,,,,,,,,,,,,,,,,,,,,,,,,,,,,,,,,,,,,,,,,,,,,,,,,,,
rsg_object_detection,,253,rsg_20260806_24_704879999_000253,vlm_failed,,,,,,,,,,,,"{""label"":""unknown_object"",""label_confidence"":0.0,""mobility_class"":""unknown"",""mobility_confidence"":0.0}",,,,,,,,,,,,,,,,,,,,,,,,,,,,,,,,,,,,,,,,,,,,,,,,,rsg_obj_000016,rsg_unknown_rsg_20260806_24_704879999_000253_007_nanosam_008,,,1,0.6265617922089481,unknown_object,0.0,unknown,0.0,6606.042451006942,37084.09133399255,qwen_http,Qwen3-VL-8B-Instruct-GGUF
rsg_object_detection,completed,253,rsg_20260806_24_704879999_000253,,,,,,,,,,,30478.04737999104,,vlm_failed,,,,,,,,,,,,,,,,,,,,,,,,,,,,,,,,,,,,,,,,,,,,,,,,,rsg_obj_000016,rsg_unknown_rsg_20260806_24_704879999_000253_007_nanosam_008,31,300,1,0.6265617922089481,,,,,,,,
rsg_object_detection,dropped_oldest,1004,rsg_20260806_67_754880000_001004,dropped,True,fifo_cached_frame,1005,104,0,899,104,0,1,0.0,49.75824200664647,frame_fifo_full,,,,,,,,,,,,,,,,,,,,,,,,,,,,,,,,,,,,,,,,,,,,,,,,,,,,,,,,,,,,,,
rsg_object_detection,dequeued,310,rsg_20260806_27_554880000_000310,,,,,,,,,,,34073.61513900105,,fifo_order,,,,,,,,,,,,,,,,,,,,,,,,,,,,,,,,,,,,,,,,,,,,,,,,,rsg_obj_000021,rsg_unknown_rsg_20260806_27_554880000_000310_003_nanosam_005,31,300,1,0.4735702594734359,,,,,,,,
rsg_object_detection,dropped_oldest,1005,rsg_20260806_67_804879999_001005,dropped,True,fifo_cached_frame,1006,104,0,900,104,0,1,0.0,48.26327999762725,frame_fifo_full,,,,,,,,,,,,,,,,,,,,,,,,,,,,,,,,,,,,,,,,,,,,,,,,,,,,,,,,,,,,,,
rsg_object_detection,dropped_oldest,1006,rsg_20260806_67_854879999_001006,dropped,True,fifo_cached_frame,1007,104,0,901,104,0,1,0.0,50.07741799636278,frame_fifo_full,,,,,,,,,,,,,,,,,,,,,,,,,,,,,,,,,,,,,,,,,,,,,,,,,,,,,,,,,,,,,,
rsg_object_detection,dropped_oldest,1007,rsg_20260806_67_904880000_001007,dropped,True,fifo_cached_frame,1008,104,0,902,104,0,1,0.0,51.67502899712417,frame_fifo_full,,,,,,,,,,,,,,,,,,,,,,,,,,,,,,,,,,,,,,,,,,,,,,,,,,,,,,,,,,,,,,
rsg_object_detection,dropped_oldest,1008,rsg_20260806_67_954880000_001008,dropped,True,fifo_cached_frame,1009,104,0,903,104,0,1,0.0,49.417212008847855,frame_fifo_full,,,,,,,,,,,,,,,,,,,,,,,,,,,,,,,,,,,,,,,,,,,,,,,,,,,,,,,,,,,,,,
rsg_object_detection,dropped_oldest,1009,rsg_20260806_68_004879999_001009,dropped,True,fifo_cached_frame,1010,104,0,904,104,0,1,0.0,54.55097899539396,frame_fifo_full,,,,,,,,,,,,,,,,,,,,,,,,,,,,,,,,,,,,,,,,,,,,,,,,,,,,,,,,,,,,,,
rsg_object_detection,dropped_oldest,1010,rsg_20260806_68_054879999_001010,dropped,True,fifo_cached_frame,1011,104,0,905,104,0,1,0.0,103.42419800872449,frame_fifo_full,,,,,,,,,,,,,,,,,,,,,,,,,,,,,,,,,,,,,,,,,,,,,,,,,,,,,,,,,,,,,,
rsg_object_detection,dropped_oldest,1011,rsg_20260806_68_154880000_001011,dropped,True,fifo_cached_frame,1012,104,0,906,104,0,1,0.0,44.33716800122056,frame_fifo_full,,,,,,,,,,,,,,,,,,,,,,,,,,,,,,,,,,,,,,,,,,,,,,,,,,,,,,,,,,,,,,
rsg_object_detection,frame_trace,1002,rsg_20260806_67_654880000_001002,sent_to_hydra,,,,,,,,,,,563.3835850021569,ok,12.712348005152307,486.97913499199785,61.970883994945325,0.1426459930371493,61.828238001908176,0.0038719881558790803,5.507181005668826,0.18670600547920913,278.81368300586473,20.554014001390897,0.005407986463978887,299.5598109991988,77.17540000157896,27.758509022532962,5.300186981912702,23.00711399584543,20.373994979308918,68.10905699967407,51.068001994281076,5.7297559978906065,9.77176398737356,1.492883005994372,465.0,135.0,3.897443020832725,0.7214189972728491,0.3251299785915762,1.3119680079398677,0.14949300384614617,0.004127010470256209,151.70817999751307,2.823057002387941,0.13752600352745503,27.204982994589955,0.03839698911178857,8.250307000707835,7.67578900558874,0.09186599345412105,0.4826520016649738,3.58882499858737,0.8671999967191368,0.006016009137965739,1.7173460219055414,8,0,8,0,0,,,,,,,,,,,,,,
rsg_object_detection,dropped_oldest,1013,rsg_20260806_68_304879999_001013,dropped,True,fifo_cached_frame,1014,105,0,907,105,0,1,0.0,104.70731600071304,frame_fifo_full,,,,,,,,,,,,,,,,,,,,,,,,,,,,,,,,,,,,,,,,,,,,,,,,,,,,,,,,,,,,,,
rsg_object_detection,dropped_oldest,1014,rsg_20260806_68_404880000_001014,dropped,True,fifo_cached_frame,1015,105,0,908,105,0,1,0.0,50.84658399573527,frame_fifo_full,,,,,,,,,,,,,,,,,,,,,,,,,,,,,,,,,,,,,,,,,,,,,,,,,,,,,,,,,,,,,,
rsg_object_detection,dropped_oldest,1015,rsg_20260806_68_454880000_001015,dropped,True,fifo_cached_frame,1016,105,0,909,105,0,1,0.0,98.0371800105786,frame_fifo_full,,,,,,,,,,,,,,,,,,,,,,,,,,,,,,,,,,,,,,,,,,,,,,,,,,,,,,,,,,,,,,
rsg_object_detection,dropped_oldest,1016,rsg_20260806_68_554879999_001016,dropped,True,fifo_cached_frame,1017,105,0,910,105,0,1,0.0,92.76994901301805,frame_fifo_full,,,,,,,,,,,,,,,,,,,,,,,,,,,,,,,,,,,,,,,,,,,,,,,,,,,,,,,,,,,,,,
rsg_object_detection,dropped_oldest,1017,rsg_20260806_68_604879999_001017,dropped,True,fifo_cached_frame,1018,105,0,911,105,0,1,0.0,45.47529699630104,frame_fifo_full,,,,,,,,,,,,,,,,,,,,,,,,,,,,,,,,,,,,,,,,,,,,,,,,,,,,,,,,,,,,,,
rsg_object_detection,dropped_oldest,1018,rsg_20260806_68_654880000_001018,dropped,True,fifo_cached_frame,1019,105,0,912,105,0,1,0.0,12.206434999825433,frame_fifo_full,,,,,,,,,,,,,,,,,,,,,,,,,,,,,,,,,,,,,,,,,,,,,,,,,,,,,,,,,,,,,,
rsg_object_detection,frame_trace,1012,rsg_20260806_68_204880000_001012,sent_to_hydra,,,,,,,,,,,542.8364729887107,ok,11.901464997208677,503.3697309991112,26.207007991615683,0.13262999709695578,26.074377994518727,0.003968001692555845,0.9694329928606749,0.15915599942672998,328.0879630037816,19.772857005591504,0.006559988833032548,348.0265359976329,78.85714199801441,25.801310970564373,4.718600015621632,35.73437801969703,11.885273008374497,41.27762001007795,29.549550003139302,8.015830011572689,2.467020007316023,1.2002000003121793,332.0,66.0,3.7176160112721846,4.452540015336126,0.5103289731778204,1.3789390068268403,0.33475999953225255,0.004768007784150541,130.54996900609694,3.5553880006773397,0.14107799506746233,20.076675005839206,0.05065200093667954,5.626340993330814,5.029872001614422,0.105464001535438,0.49100499018095434,5.395828993641771,0.8741119963815436,0.005183013854548335,1.354300999082625,7,0,7,0,0,,,,,,,,,,,,,,
rsg_object_detection,dropped_oldest,1020,rsg_20260806_68_754880000_001020,dropped,True,fifo_cached_frame,1021,106,0,913,106,0,1,0.0,135.19625300250482,frame_fifo_full,,,,,,,,,,,,,,,,,,,,,,,,,,,,,,,,,,,,,,,,,,,,,,,,,,,,,,,,,,,,,,
rsg_object_detection,dropped_oldest,1021,rsg_20260806_68_904880000_001021,dropped,True,fifo_cached_frame,1022,106,0,914,106,0,1,0.0,52.170070994179696,frame_fifo_full,,,,,,,,,,,,,,,,,,,,,,,,,,,,,,,,,,,,,,,,,,,,,,,,,,,,,,,,,,,,,,
rsg_object_detection,dropped_oldest,1022,rsg_20260806_68_954880000_001022,dropped,True,fifo_cached_frame,1023,106,0,915,106,0,1,0.0,53.02716100413818,frame_fifo_full,,,,,,,,,,,,,,,,,,,,,,,,,,,,,,,,,,,,,,,,,,,,,,,,,,,,,,,,,,,,,,
rsg_object_detection,dropped_oldest,1023,rsg_20260806_69_004879999_001023,dropped,True,fifo_cached_frame,1024,106,0,916,106,0,1,0.0,107.26581698691007,frame_fifo_full,,,,,,,,,,,,,,,,,,,,,,,,,,,,,,,,,,,,,,,,,,,,,,,,,,,,,,,,,,,,,,
rsg_object_detection,dropped_oldest,1024,rsg_20260806_69_104879999_001024,dropped,True,fifo_cached_frame,1025,106,0,917,106,0,1,0.0,99.1942789987661,frame_fifo_full,,,,,,,,,,,,,,,,,,,,,,,,,,,,,,,,,,,,,,,,,,,,,,,,,,,,,,,,,,,,,,
rsg_object_detection,dropped_oldest,1025,rsg_20260806_69_154880000_001025,dropped,True,fifo_cached_frame,1026,106,0,918,106,0,1,0.0,11.17838200298138,frame_fifo_full,,,,,,,,,,,,,,,,,,,,,,,,,,,,,,,,,,,,,,,,,,,,,,,,,,,,,,,,,,,,,,
rsg_object_detection,dropped_oldest,1026,rsg_20260806_69_204880000_001026,dropped,True,fifo_cached_frame,1027,106,0,919,106,0,1,0.0,59.79114900401328,frame_fifo_full,,,,,,,,,,,,,,,,,,,,,,,,,,,,,,,,,,,,,,,,,,,,,,,,,,,,,,,,,,,,,,
rsg_object_detection,dropped_oldest,1027,rsg_20260806_69_254880000_001027,dropped,True,fifo_cached_frame,1028,106,0,920,106,0,1,0.0,39.58734800107777,frame_fifo_full,,,,,,,,,,,,,,,,,,,,,,,,,,,,,,,,,,,,,,,,,,,,,,,,,,,,,,,,,,,,,,
rsg_object_detection,dropped_oldest,1028,rsg_20260806_69_304879999_001028,dropped,True,fifo_cached_frame,1029,106,0,921,106,0,1,0.0,51.51550100708846,frame_fifo_full,,,,,,,,,,,,,,,,,,,,,,,,,,,,,,,,,,,,,,,,,,,,,,,,,,,,,,,,,,,,,,
rsg_object_detection,frame_trace,1019,rsg_20260806_68_704880000_001019,sent_to_hydra,,,,,,,,,,,684.1154050052864,ok,10.984414009726606,611.8053980026161,59.28388699248899,0.11944699508603662,59.16443999740295,0.004255998646840453,5.0674369995249435,0.3814759984379634,334.72811900719535,23.730679997242987,0.009534996934235096,358.84980999981053,138.5852219973458,44.37758702260908,4.523989002336748,65.86395000340417,22.469844014267437,67.38432600104716,58.18813400401268,4.210925006191246,3.1543939985567704,1.7857249913504347,439.0,139.0,3.8013539888197556,0.8484829741064459,0.3529340465320274,1.3368299987632781,0.1855229929788038,0.006304006092250347,212.51854200090747,4.920153005514294,0.15410099877044559,30.24700599780772,0.048349000280722976,5.695232001016848,5.1504400034900755,0.08767399413045496,0.45711800339631736,4.313060999265872,0.9715129999676719,0.004608009476214647,2.0374500018078834,7,0,7,0,0,,,,,,,,,,,,,,
rsg_object_detection,dropped_oldest,1030,rsg_20260806_69_454880000_001030,dropped,True,fifo_cached_frame,1031,107,0,922,107,0,1,0.0,50.28035899158567,frame_fifo_full,,,,,,,,,,,,,,,,,,,,,,,,,,,,,,,,,,,,,,,,,,,,,,,,,,,,,,,,,,,,,,
rsg_object_detection,dropped_oldest,1031,rsg_20260806_69_504880000_001031,dropped,True,fifo_cached_frame,1032,107,0,923,107,0,1,0.0,48.59030600346159,frame_fifo_full,,,,,,,,,,,,,,,,,,,,,,,,,,,,,,,,,,,,,,,,,,,,,,,,,,,,,,,,,,,,,,
rsg_object_detection,dropped_oldest,1032,rsg_20260806_69_554879999_001032,dropped,True,fifo_cached_frame,1033,107,0,924,107,0,1,0.0,54.56692600273527,frame_fifo_full,,,,,,,,,,,,,,,,,,,,,,,,,,,,,,,,,,,,,,,,,,,,,,,,,,,,,,,,,,,,,,
rsg_object_detection,dropped_oldest,1033,rsg_20260806_69_604879999_001033,dropped,True,fifo_cached_frame,1034,107,0,925,107,0,1,0.0,47.35359700862318,frame_fifo_full,,,,,,,,,,,,,,,,,,,,,,,,,,,,,,,,,,,,,,,,,,,,,,,,,,,,,,,,,,,,,,
rsg_object_detection,dropped_oldest,1034,rsg_20260806_69_654880000_001034,dropped,True,fifo_cached_frame,1035,107,0,926,107,0,1,0.0,47.26409900467843,frame_fifo_full,,,,,,,,,,,,,,,,,,,,,,,,,,,,,,,,,,,,,,,,,,,,,,,,,,,,,,,,,,,,,,
rsg_object_detection,dropped_oldest,1035,rsg_20260806_69_704880000_001035,dropped,True,fifo_cached_frame,1036,107,0,927,107,0,1,0.0,54.416985003626905,frame_fifo_full,,,,,,,,,,,,,,,,,,,,,,,,,,,,,,,,,,,,,,,,,,,,,,,,,,,,,,,,,,,,,,
rsg_object_detection,dropped_oldest,1036,rsg_20260806_69_754880000_001036,dropped,True,fifo_cached_frame,1037,107,0,928,107,0,1,0.0,77.27329999033827,frame_fifo_full,,,,,,,,,,,,,,,,,,,,,,,,,,,,,,,,,,,,,,,,,,,,,,,,,,,,,,,,,,,,,,
rsg_object_detection,dropped_oldest,1037,rsg_20260806_69_804879999_001037,dropped,True,fifo_cached_frame,1038,107,0,929,107,0,1,0.0,36.19386799982749,frame_fifo_full,,,,,,,,,,,,,,,,,,,,,,,,,,,,,,,,,,,,,,,,,,,,,,,,,,,,,,,,,,,,,,
rsg_object_detection,dropped_oldest,1038,rsg_20260806_69_854879999_001038,dropped,True,fifo_cached_frame,1039,107,0,930,107,0,1,0.0,58.438674997887574,frame_fifo_full,,,,,,,,,,,,,,,,,,,,,,,,,,,,,,,,,,,,,,,,,,,,,,,,,,,,,,,,,,,,,,
rsg_object_detection,dropped_oldest,1039,rsg_20260806_69_904880000_001039,dropped,True,fifo_cached_frame,1040,107,0,931,107,0,1,0.0,25.577811000403017,frame_fifo_full,,,,,,,,,,,,,,,,,,,,,,,,,,,,,,,,,,,,,,,,,,,,,,,,,,,,,,,,,,,,,,
rsg_object_detection,dropped_oldest,1040,rsg_20260806_69_954880000_001040,dropped,True,fifo_cached_frame,1041,107,0,932,107,0,1,0.0,48.31669499981217,frame_fifo_full,,,,,,,,,,,,,,,,,,,,,,,,,,,,,,,,,,,,,,,,,,,,,,,,,,,,,,,,,,,,,,
rsg_object_detection,frame_trace,1029,rsg_20260806_69_354879999_001029,sent_to_hydra,,,,,,,,,,,636.6808820021106,ok,14.597686007618904,585.9256450057728,34.45415500027593,0.13256599777378142,34.32158900250215,0.0027839996619150043,1.8213389994343743,0.18401899433229119,337.92462600104045,18.991605000337586,0.007519003702327609,357.10776899941266,128.25510902621318,30.339670993271284,3.5712259996216744,82.1320819813991,11.53224500012584,64.01935499161482,52.7486589999171,7.327657003770582,2.386416992521845,1.5111219981918111,430.0,141.0,3.0985589837655425,0.49689099250826985,0.30973899993114173,1.2025359901599586,0.328775990055874,0.004896006430499256,197.73131600231864,3.4777620021486655,0.13835799472872168,25.60475398786366,0.044347019866108894,10.144955012947321,9.563845000229776,0.08975400123745203,0.491356011480093,3.4218619985040277,1.0262290015816689,0.004639994585886598,1.70061198878102,7,0,7,0,0,,,,,,,,,,,,,,
rsg_object_detection,dropped_oldest,1042,rsg_20260806_70_054879999_001042,dropped,True,fifo_cached_frame,1043,108,0,933,108,0,1,0.0,55.30261600506492,frame_fifo_full,,,,,,,,,,,,,,,,,,,,,,,,,,,,,,,,,,,,,,,,,,,,,,,,,,,,,,,,,,,,,,
rsg_object_detection,dropped_oldest,1043,rsg_20260806_70_104879999_001043,dropped,True,fifo_cached_frame,1044,108,0,934,108,0,1,0.0,44.889584998600185,frame_fifo_full,,,,,,,,,,,,,,,,,,,,,,,,,,,,,,,,,,,,,,,,,,,,,,,,,,,,,,,,,,,,,,
rsg_object_detection,dropped_oldest,1044,rsg_20260806_70_154880000_001044,dropped,True,fifo_cached_frame,1045,108,0,935,108,0,1,0.0,57.14065801294055,frame_fifo_full,,,,,,,,,,,,,,,,,,,,,,,,,,,,,,,,,,,,,,,,,,,,,,,,,,,,,,,,,,,,,,
rsg_object_detection,dropped_oldest,1045,rsg_20260806_70_204880000_001045,dropped,True,fifo_cached_frame,1046,108,0,936,108,0,1,0.0,46.25764500815421,frame_fifo_full,,,,,,,,,,,,,,,,,,,,,,,,,,,,,,,,,,,,,,,,,,,,,,,,,,,,,,,,,,,,,,
rsg_object_detection,dropped_oldest,1046,rsg_20260806_70_254880000_001046,dropped,True,fifo_cached_frame,1047,108,0,937,108,0,1,0.0,50.91823800466955,frame_fifo_full,,,,,,,,,,,,,,,,,,,,,,,,,,,,,,,,,,,,,,,,,,,,,,,,,,,,,,,,,,,,,,
rsg_object_detection,dropped_oldest,1047,rsg_20260806_70_304879999_001047,dropped,True,fifo_cached_frame,1048,108,0,938,108,0,1,0.0,48.73106999730226,frame_fifo_full,,,,,,,,,,,,,,,,,,,,,,,,,,,,,,,,,,,,,,,,,,,,,,,,,,,,,,,,,,,,,,
rsg_object_detection,dropped_oldest,1048,rsg_20260806_70_354879999_001048,dropped,True,fifo_cached_frame,1049,108,0,939,108,0,1,0.0,57.72890899970662,frame_fifo_full,,,,,,,,,,,,,,,,,,,,,,,,,,,,,,,,,,,,,,,,,,,,,,,,,,,,,,,,,,,,,,
rsg_object_detection,dropped_oldest,1049,rsg_20260806_70_404880000_001049,dropped,True,fifo_cached_frame,1050,108,0,940,108,0,1,0.0,61.11039000097662,frame_fifo_full,,,,,,,,,,,,,,,,,,,,,,,,,,,,,,,,,,,,,,,,,,,,,,,,,,,,,,,,,,,,,,
rsg_object_detection,dropped_oldest,1050,rsg_20260806_70_454880000_001050,dropped,True,fifo_cached_frame,1051,108,0,941,108,0,1,0.0,90.42281199072022,frame_fifo_full,,,,,,,,,,,,,,,,,,,,,,,,,,,,,,,,,,,,,,,,,,,,,,,,,,,,,,,,,,,,,,
rsg_object_detection,dropped_oldest,1051,rsg_20260806_70_504880000_001051,dropped,True,fifo_cached_frame,1052,108,0,942,108,0,1,0.0,2.982853999128565,frame_fifo_full,,,,,,,,,,,,,,,,,,,,,,,,,,,,,,,,,,,,,,,,,,,,,,,,,,,,,,,,,,,,,,
rsg_object_detection,frame_trace,1041,rsg_20260806_70_004879999_001041,sent_to_hydra,,,,,,,,,,,575.2754190034466,ok,16.92932500736788,529.6716120064957,26.708543999120593,0.12987799709662795,26.578666002023965,0.0048309884732589126,1.2105029891245067,0.19294601224828511,360.0286910077557,24.785617002635263,0.00665397965349257,385.01390800229274,69.73926401406061,15.388637999421917,5.6010639818850905,22.701832989696413,25.529979000566527,41.783608001424,35.65304700168781,2.934345990070142,1.6937000036705285,1.4573979860870168,378.0,142.0,2.5169029977405444,0.8170299843186513,0.2653900010045618,1.1810020077973604,0.45900599798187613,0.004255998646840453,116.78367400600109,5.500079001649283,0.1505490072304383,20.965799005352892,0.04709999484475702,12.589737001690082,11.850046998006292,0.09260101069230586,0.6470889929914847,3.5059840010944754,0.8282599883386865,0.005344016244634986,1.9611070019891486,6,0,6,0,0,,,,,,,,,,,,,,
rsg_object_detection,dropped_oldest,1053,rsg_20260806_70_604879999_001053,dropped,True,fifo_cached_frame,1054,109,0,943,109,0,1,0.0,28.99983699899167,frame_fifo_full,,,,,,,,,,,,,,,,,,,,,,,,,,,,,,,,,,,,,,,,,,,,,,,,,,,,,,,,,,,,,,
rsg_object_detection,dropped_oldest,1054,rsg_20260806_70_654880000_001054,dropped,True,fifo_cached_frame,1055,109,0,944,109,0,1,0.0,49.38404599670321,frame_fifo_full,,,,,,,,,,,,,,,,,,,,,,,,,,,,,,,,,,,,,,,,,,,,,,,,,,,,,,,,,,,,,,
rsg_object_detection,dropped_oldest,1055,rsg_20260806_70_704880000_001055,dropped,True,fifo_cached_frame,1056,109,0,945,109,0,1,0.0,53.22114199225325,frame_fifo_full,,,,,,,,,,,,,,,,,,,,,,,,,,,,,,,,,,,,,,,,,,,,,,,,,,,,,,,,,,,,,,
rsg_object_detection,dropped_oldest,1056,rsg_20260806_70_754880000_001056,dropped,True,fifo_cached_frame,1057,109,0,946,109,0,1,0.0,49.45594500168227,frame_fifo_full,,,,,,,,,,,,,,,,,,,,,,,,,,,,,,,,,,,,,,,,,,,,,,,,,,,,,,,,,,,,,,
rsg_object_detection,dropped_oldest,1057,rsg_20260806_70_804879999_001057,dropped,True,fifo_cached_frame,1058,109,0,947,109,0,1,0.0,102.2776600002544,frame_fifo_full,,,,,,,,,,,,,,,,,,,,,,,,,,,,,,,,,,,,,,,,,,,,,,,,,,,,,,,,,,,,,,
rsg_object_detection,dropped_oldest,1058,rsg_20260806_70_904880000_001058,dropped,True,fifo_cached_frame,1059,109,0,948,109,0,1,0.0,51.130222011124715,frame_fifo_full,,,,,,,,,,,,,,,,,,,,,,,,,,,,,,,,,,,,,,,,,,,,,,,,,,,,,,,,,,,,,,
rsg_object_detection,dropped_oldest,1059,rsg_20260806_70_954880000_001059,dropped,True,fifo_cached_frame,1060,109,0,949,109,0,1,0.0,160.29653200530447,frame_fifo_full,,,,,,,,,,,,,,,,,,,,,,,,,,,,,,,,,,,,,,,,,,,,,,,,,,,,,,,,,,,,,,
rsg_object_detection,dropped_oldest,1060,rsg_20260806_71_104879999_001060,dropped,True,fifo_cached_frame,1061,109,0,950,109,0,1,0.0,46.01133200048935,frame_fifo_full,,,,,,,,,,,,,,,,,,,,,,,,,,,,,,,,,,,,,,,,,,,,,,,,,,,,,,,,,,,,,,
rsg_object_detection,dropped_oldest,1061,rsg_20260806_71_154880000_001061,dropped,True,fifo_cached_frame,1062,109,0,951,109,0,1,0.0,51.838650993886404,frame_fifo_full,,,,,,,,,,,,,,,,,,,,,,,,,,,,,,,,,,,,,,,,,,,,,,,,,,,,,,,,,,,,,,
rsg_object_detection,frame_trace,1052,rsg_20260806_70_554879999_001052,sent_to_hydra,,,,,,,,,,,658.2250119972741,ok,12.947759998496622,620.7376980019035,22.720101987943053,0.11640699813142419,22.60369498981163,0.004255998646840453,1.9921100029023364,0.36445300793275237,388.6114619963337,21.13231499970425,0.008256000000983477,410.11648600397166,101.05797297728714,29.93234402674716,10.631479977746494,24.084577002213337,34.05642799043562,67.5338900036877,57.00572898786049,6.815439002821222,2.2242859995458275,1.4469349989667535,448.0,144.0,3.0309800058603287,0.7062860095174983,0.3065350028919056,1.1951129999943078,0.2963299921248108,0.0040000013541430235,174.14765000285115,7.02867099607829,0.1416220038663596,27.275163010926917,0.035995981306768954,8.424505998846143,7.805765999364667,0.10533600288908929,0.5134039965923876,3.869253006996587,0.6482089956989512,0.0057919969549402595,1.8151960102841258,7,0,7,0,0,,,,,,,,,,,,,,
rsg_object_detection,dropped_oldest,1063,rsg_20260806_71_254880000_001063,dropped,True,fifo_cached_frame,1064,110,0,952,110,0,1,0.0,42.28460000013001,frame_fifo_full,,,,,,,,,,,,,,,,,,,,,,,,,,,,,,,,,,,,,,,,,,,,,,,,,,,,,,,,,,,,,,
rsg_object_detection,dropped_oldest,1064,rsg_20260806_71_304879999_001064,dropped,True,fifo_cached_frame,1065,110,0,953,110,0,1,0.0,52.98058899643365,frame_fifo_full,,,,,,,,,,,,,,,,,,,,,,,,,,,,,,,,,,,,,,,,,,,,,,,,,,,,,,,,,,,,,,
rsg_object_detection,dropped_oldest,1065,rsg_20260806_71_354879999_001065,dropped,True,fifo_cached_frame,1066,110,0,954,110,0,1,0.0,49.68153400113806,frame_fifo_full,,,,,,,,,,,,,,,,,,,,,,,,,,,,,,,,,,,,,,,,,,,,,,,,,,,,,,,,,,,,,,
rsg_object_detection,dropped_oldest,1066,rsg_20260806_71_404880000_001066,dropped,True,fifo_cached_frame,1067,110,0,955,110,0,1,0.0,50.75505599961616,frame_fifo_full,,,,,,,,,,,,,,,,,,,,,,,,,,,,,,,,,,,,,,,,,,,,,,,,,,,,,,,,,,,,,,
rsg_object_detection,dropped_oldest,1067,rsg_20260806_71_454880000_001067,dropped,True,fifo_cached_frame,1068,110,0,956,110,0,1,0.0,49.136197005282156,frame_fifo_full,,,,,,,,,,,,,,,,,,,,,,,,,,,,,,,,,,,,,,,,,,,,,,,,,,,,,,,,,,,,,,
rsg_object_detection,dropped_oldest,1068,rsg_20260806_71_504880000_001068,dropped,True,fifo_cached_frame,1069,110,0,957,110,0,1,0.0,52.354938990902156,frame_fifo_full,,,,,,,,,,,,,,,,,,,,,,,,,,,,,,,,,,,,,,,,,,,,,,,,,,,,,,,,,,,,,,
rsg_object_detection,dropped_oldest,1069,rsg_20260806_71_554879999_001069,dropped,True,fifo_cached_frame,1070,110,0,958,110,0,1,0.0,50.60393099847715,frame_fifo_full,,,,,,,,,,,,,,,,,,,,,,,,,,,,,,,,,,,,,,,,,,,,,,,,,,,,,,,,,,,,,,
rsg_object_detection,dropped_oldest,1070,rsg_20260806_71_604879999_001070,dropped,True,fifo_cached_frame,1071,110,0,959,110,0,1,0.0,68.27285200415645,frame_fifo_full,,,,,,,,,,,,,,,,,,,,,,,,,,,,,,,,,,,,,,,,,,,,,,,,,,,,,,,,,,,,,,
rsg_object_detection,dropped_oldest,1071,rsg_20260806_71_654880000_001071,dropped,True,fifo_cached_frame,1072,110,0,960,110,0,1,0.0,36.44454599998426,frame_fifo_full,,,,,,,,,,,,,,,,,,,,,,,,,,,,,,,,,,,,,,,,,,,,,,,,,,,,,,,,,,,,,,
rsg_object_detection,dropped_oldest,1072,rsg_20260806_71_704880000_001072,dropped,True,fifo_cached_frame,1073,110,0,961,110,0,1,0.0,52.7046409988543,frame_fifo_full,,,,,,,,,,,,,,,,,,,,,,,,,,,,,,,,,,,,,,,,,,,,,,,,,,,,,,,,,,,,,,
rsg_object_detection,dropped_oldest,1073,rsg_20260806_71_754880000_001073,dropped,True,fifo_cached_frame,1074,110,0,962,110,0,1,0.0,54.209331996389665,frame_fifo_full,,,,,,,,,,,,,,,,,,,,,,,,,,,,,,,,,,,,,,,,,,,,,,,,,,,,,,,,,,,,,,
rsg_object_detection,dropped_oldest,1074,rsg_20260806_71_804879999_001074,dropped,True,fifo_cached_frame,1075,110,0,963,110,0,1,0.0,61.90528300066944,frame_fifo_full,,,,,,,,,,,,,,,,,,,,,,,,,,,,,,,,,,,,,,,,,,,,,,,,,,,,,,,,,,,,,,
rsg_object_detection,dropped_oldest,1075,rsg_20260806_71_854879999_001075,dropped,True,fifo_cached_frame,1076,110,0,964,111,0,1,0.0,37.90402399317827,frame_fifo_full,,,,,,,,,,,,,,,,,,,,,,,,,,,,,,,,,,,,,,,,,,,,,,,,,,,,,,,,,,,,,,
rsg_object_detection,frame_trace,1062,rsg_20260806_71_204880000_001062,sent_to_hydra,,,,,,,,,,,683.4720089973416,ok,15.85654099471867,638.5309979959857,27.344276997609995,0.15086900384631008,27.193407993763685,0.002592001692391932,3.454339996096678,0.19781000446528196,354.753713007085,31.21762999217026,0.006207992555573583,386.17536099627614,140.53350898029748,31.857936002779752,11.962712989770807,48.10270502639469,47.781895991647616,64.21874699299224,56.35378399165347,3.192632007994689,3.097373992204666,1.4408230053959414,490.0,144.0,3.181112988386303,0.6889740034239367,0.35213303635828197,1.51294500392396,0.4471040010685101,0.006528003723360598,210.96725900133606,8.112977011478506,0.1619079994270578,29.61688301002141,0.04226998134981841,7.273743001860566,6.713591006700881,0.10907999239861965,0.45107200276106596,7.861090998630971,0.7162680121837184,0.005438982043415308,1.737601007334888,8,0,7,0,0,,,,,,,,,,,,,,
rsg_object_detection,dropped_oldest,1077,rsg_20260806_71_954880000_001077,dropped,True,fifo_cached_frame,1078,111,0,965,111,0,1,0.0,47.62129999289755,frame_fifo_full,,,,,,,,,,,,,,,,,,,,,,,,,,,,,,,,,,,,,,,,,,,,,,,,,,,,,,,,,,,,,,
rsg_object_detection,dropped_oldest,1078,rsg_20260806_72_004879999_001078,dropped,True,fifo_cached_frame,1079,111,0,966,111,0,1,0.0,42.23215700767469,frame_fifo_full,,,,,,,,,,,,,,,,,,,,,,,,,,,,,,,,,,,,,,,,,,,,,,,,,,,,,,,,,,,,,,
rsg_object_detection,dropped_oldest,1079,rsg_20260806_72_054879999_001079,dropped,True,fifo_cached_frame,1080,111,0,967,111,0,1,0.0,48.75245000584982,frame_fifo_full,,,,,,,,,,,,,,,,,,,,,,,,,,,,,,,,,,,,,,,,,,,,,,,,,,,,,,,,,,,,,,
rsg_object_detection,dropped_oldest,1080,rsg_20260806_72_104879999_001080,dropped,True,fifo_cached_frame,1081,111,0,968,111,0,1,0.0,55.365983993397094,frame_fifo_full,,,,,,,,,,,,,,,,,,,,,,,,,,,,,,,,,,,,,,,,,,,,,,,,,,,,,,,,,,,,,,
rsg_object_detection,dropped_oldest,1081,rsg_20260806_72_154880000_001081,dropped,True,fifo_cached_frame,1082,111,0,969,111,0,1,0.0,44.80806399078574,frame_fifo_full,,,,,,,,,,,,,,,,,,,,,,,,,,,,,,,,,,,,,,,,,,,,,,,,,,,,,,,,,,,,,,
rsg_object_detection,dropped_oldest,1082,rsg_20260806_72_204880000_001082,dropped,True,fifo_cached_frame,1083,111,0,970,111,0,1,0.0,48.969330004183576,frame_fifo_full,,,,,,,,,,,,,,,,,,,,,,,,,,,,,,,,,,,,,,,,,,,,,,,,,,,,,,,,,,,,,,
rsg_object_detection,dropped_oldest,1083,rsg_20260806_72_254880000_001083,dropped,True,fifo_cached_frame,1084,111,0,971,111,0,1,0.0,70.44354900426697,frame_fifo_full,,,,,,,,,,,,,,,,,,,,,,,,,,,,,,,,,,,,,,,,,,,,,,,,,,,,,,,,,,,,,,
rsg_object_detection,dropped_oldest,1084,rsg_20260806_72_304879999_001084,dropped,True,fifo_cached_frame,1085,111,0,972,111,0,1,0.0,37.88665299362037,frame_fifo_full,,,,,,,,,,,,,,,,,,,,,,,,,,,,,,,,,,,,,,,,,,,,,,,,,,,,,,,,,,,,,,
rsg_object_detection,dropped_oldest,1085,rsg_20260806_72_354879999_001085,dropped,True,fifo_cached_frame,1086,111,0,973,111,0,1,0.0,61.691770009929314,frame_fifo_full,,,,,,,,,,,,,,,,,,,,,,,,,,,,,,,,,,,,,,,,,,,,,,,,,,,,,,,,,,,,,,
rsg_object_detection,dropped_oldest,1086,rsg_20260806_72_404880000_001086,dropped,True,fifo_cached_frame,1087,111,0,974,111,0,1,0.0,31.81362198665738,frame_fifo_full,,,,,,,,,,,,,,,,,,,,,,,,,,,,,,,,,,,,,,,,,,,,,,,,,,,,,,,,,,,,,,
rsg_object_detection,frame_trace,1076,rsg_20260806_71_904880000_001076,sent_to_hydra,,,,,,,,,,,571.230806002859,ok,9.48852598958183,556.9026960001793,3.5248000058345497,0.17128400213550776,3.353516003699042,0.0030719966161996126,4.2054859950440004,0.22203200205694884,346.9415180006763,17.862445005448535,0.006494999979622662,365.0324900081614,82.4556990119163,27.878963985131122,6.853325001429766,32.5242889666697,14.339471003040671,72.67586600210052,63.277893990743905,3.1885680073173717,4.793314990820363,1.2546290090540424,380.0,63.0,3.340268012834713,0.5523119762074202,0.3203630039934069,1.2861459981650114,0.16158900689333677,0.004608009476214647,160.8130410022568,6.312981000519358,0.14264498895499855,20.351223996840417,0.04482900840230286,4.768996994243935,4.050617004395463,0.15691600856371224,0.5614639812847599,4.08085499657318,0.6336819933494553,0.004992005415260792,1.3117120106471702,8,0,7,0,0,,,,,,,,,,,,,,
rsg_object_detection,dropped_oldest,1088,rsg_20260806_72_504880000_001088,dropped,True,fifo_cached_frame,1089,112,0,975,112,0,1,0.0,46.339478009031154,frame_fifo_full,,,,,,,,,,,,,,,,,,,,,,,,,,,,,,,,,,,,,,,,,,,,,,,,,,,,,,,,,,,,,,
rsg_object_detection,dropped_oldest,1089,rsg_20260806_72_554879999_001089,dropped,True,fifo_cached_frame,1090,112,0,976,112,0,1,0.0,50.51254999125376,frame_fifo_full,,,,,,,,,,,,,,,,,,,,,,,,,,,,,,,,,,,,,,,,,,,,,,,,,,,,,,,,,,,,,,
rsg_object_detection,dropped_oldest,1090,rsg_20260806_72_604879999_001090,dropped,True,fifo_cached_frame,1091,112,0,977,112,0,1,0.0,59.87702199490741,frame_fifo_full,,,,,,,,,,,,,,,,,,,,,,,,,,,,,,,,,,,,,,,,,,,,,,,,,,,,,,,,,,,,,,
rsg_object_detection,dropped_oldest,1091,rsg_20260806_72_654880000_001091,dropped,True,fifo_cached_frame,1092,112,0,978,112,0,1,0.0,39.491111994720995,frame_fifo_full,,,,,,,,,,,,,,,,,,,,,,,,,,,,,,,,,,,,,,,,,,,,,,,,,,,,,,,,,,,,,,
rsg_object_detection,dropped_oldest,1092,rsg_20260806_72_704880000_001092,dropped,True,fifo_cached_frame,1093,112,0,979,112,0,1,0.0,54.51971500588115,frame_fifo_full,,,,,,,,,,,,,,,,,,,,,,,,,,,,,,,,,,,,,,,,,,,,,,,,,,,,,,,,,,,,,,
rsg_object_detection,dropped_oldest,1093,rsg_20260806_72_754880000_001093,dropped,True,fifo_cached_frame,1094,112,0,980,112,0,1,0.0,58.01974900532514,frame_fifo_full,,,,,,,,,,,,,,,,,,,,,,,,,,,,,,,,,,,,,,,,,,,,,,,,,,,,,,,,,,,,,,
rsg_object_detection,dropped_oldest,1094,rsg_20260806_72_804879999_001094,dropped,True,fifo_cached_frame,1095,112,0,981,112,0,1,0.0,77.78871100163087,frame_fifo_full,,,,,,,,,,,,,,,,,,,,,,,,,,,,,,,,,,,,,,,,,,,,,,,,,,,,,,,,,,,,,,
rsg_object_detection,dropped_oldest,1095,rsg_20260806_72_854879999_001095,dropped,True,fifo_cached_frame,1096,112,0,982,112,0,1,0.0,27.77817200694699,frame_fifo_full,,,,,,,,,,,,,,,,,,,,,,,,,,,,,,,,,,,,,,,,,,,,,,,,,,,,,,,,,,,,,,
rsg_object_detection,dropped_oldest,1096,rsg_20260806_72_904880000_001096,dropped,True,fifo_cached_frame,1097,112,0,983,112,0,1,0.0,84.41958900948521,frame_fifo_full,,,,,,,,,,,,,,,,,,,,,,,,,,,,,,,,,,,,,,,,,,,,,,,,,,,,,,,,,,,,,,
rsg_object_detection,frame_trace,1087,rsg_20260806_72_454880000_001087,sent_to_hydra,,,,,,,,,,,586.1848899949109,ok,10.199001990258694,525.0161230069352,49.52235000382643,0.12200699711684138,49.40034300670959,0.00428801286034286,4.783459997270256,0.19329799397382885,321.14762099809013,16.478802004712634,0.00819101114757359,337.82791200792417,105.81953599466942,25.485983991529793,5.847479013027623,50.59372799587436,23.171820022980683,41.7880009918008,33.4900129964808,2.65721399046015,3.38090599689167,2.0209729991620407,360.0,74.0,3.69774698629044,2.208096004324034,0.3085540229221806,1.1916249932255596,0.3978589957114309,0.0036800047382712364,155.43064899975434,8.084244007477537,0.14907699369359761,18.673970000236295,0.06681100057903677,5.220612001721747,4.525047013885342,0.09576899174135178,0.5997959960950539,3.9486410096287727,1.0238300019409508,0.005918976967222989,1.4431269810302183,7,0,6,0,0,,,,,,,,,,,,,,
rsg_object_detection,dropped_oldest,1098,rsg_20260806_73_054879999_001098,dropped,True,fifo_cached_frame,1099,113,0,984,113,0,1,0.0,53.267549999873154,frame_fifo_full,,,,,,,,,,,,,,,,,,,,,,,,,,,,,,,,,,,,,,,,,,,,,,,,,,,,,,,,,,,,,,
rsg_object_detection,dropped_oldest,1099,rsg_20260806_73_104879999_001099,dropped,True,fifo_cached_frame,1100,113,0,985,113,0,1,0.0,43.873897011508234,frame_fifo_full,,,,,,,,,,,,,,,,,,,,,,,,,,,,,,,,,,,,,,,,,,,,,,,,,,,,,,,,,,,,,,
rsg_object_detection,dropped_oldest,1100,rsg_20260806_73_154880000_001100,dropped,True,fifo_cached_frame,1101,113,0,986,113,0,1,0.0,45.79782098880969,frame_fifo_full,,,,,,,,,,,,,,,,,,,,,,,,,,,,,,,,,,,,,,,,,,,,,,,,,,,,,,,,,,,,,,
rsg_object_detection,dropped_oldest,1101,rsg_20260806_73_204880000_001101,dropped,True,fifo_cached_frame,1102,113,0,987,113,0,1,0.0,53.800376001163386,frame_fifo_full,,,,,,,,,,,,,,,,,,,,,,,,,,,,,,,,,,,,,,,,,,,,,,,,,,,,,,,,,,,,,,
rsg_object_detection,dropped_oldest,1102,rsg_20260806_73_254880000_001102,dropped,True,fifo_cached_frame,1103,113,0,988,113,0,1,0.0,48.888290009927005,frame_fifo_full,,,,,,,,,,,,,,,,,,,,,,,,,,,,,,,,,,,,,,,,,,,,,,,,,,,,,,,,,,,,,,
rsg_object_detection,dropped_oldest,1103,rsg_20260806_73_304879999_001103,dropped,True,fifo_cached_frame,1104,113,0,989,113,0,1,0.0,51.027815003180876,frame_fifo_full,,,,,,,,,,,,,,,,,,,,,,,,,,,,,,,,,,,,,,,,,,,,,,,,,,,,,,,,,,,,,,
rsg_object_detection,dropped_oldest,1104,rsg_20260806_73_354879999_001104,dropped,True,fifo_cached_frame,1105,113,0,990,113,0,1,0.0,48.53407600603532,frame_fifo_full,,,,,,,,,,,,,,,,,,,,,,,,,,,,,,,,,,,,,,,,,,,,,,,,,,,,,,,,,,,,,,
rsg_object_detection,dropped_oldest,1105,rsg_20260806_73_404880000_001105,dropped,True,fifo_cached_frame,1106,113,0,991,113,0,1,0.0,48.980602994561195,frame_fifo_full,,,,,,,,,,,,,,,,,,,,,,,,,,,,,,,,,,,,,,,,,,,,,,,,,,,,,,,,,,,,,,
rsg_object_detection,dropped_oldest,1106,rsg_20260806_73_454880000_001106,dropped,True,fifo_cached_frame,1107,113,0,992,113,0,1,0.0,53.55659101041965,frame_fifo_full,,,,,,,,,,,,,,,,,,,,,,,,,,,,,,,,,,,,,,,,,,,,,,,,,,,,,,,,,,,,,,
rsg_object_detection,dropped_oldest,1107,rsg_20260806_73_504880000_001107,dropped,True,fifo_cached_frame,1108,113,0,993,113,0,1,0.0,156.81894800218288,frame_fifo_full,,,,,,,,,,,,,,,,,,,,,,,,,,,,,,,,,,,,,,,,,,,,,,,,,,,,,,,,,,,,,,
rsg_object_detection,frame_trace,1097,rsg_20260806_73_004879999_001097,sent_to_hydra,,,,,,,,,,,667.6473959960276,ok,12.736003001919016,603.2025449967477,50.382096000248566,0.13093500456307083,50.251160995685495,0.0026560010155662894,6.197629001690075,1.726595000945963,372.7096189977601,25.152222005999647,0.008126997272484004,399.5965630019782,93.70452500297688,32.097059025545605,5.426229996373877,41.08146399084944,14.328688004752621,71.35814600042067,64.14631799270865,3.8225379976211116,2.2720910055795684,1.078802000847645,343.0,68.0,3.112989987130277,0.7063780358294025,0.29437997727654874,1.266883991775103,0.396482995711267,0.004383997293189168,170.85844099347014,4.182575998129323,0.13406999642029405,22.196339996298775,0.03692600876092911,8.45999299781397,7.904225989477709,0.08856999920681119,0.4671970091294497,3.531456008204259,0.7401380134979263,0.004415982402861118,1.3240959960967302,7,0,7,0,0,,,,,,,,,,,,,,
rsg_object_detection,dropped_oldest,1109,rsg_20260806_73_704880000_001109,dropped,True,fifo_cached_frame,1110,114,0,994,114,0,1,0.0,37.6847190054832,frame_fifo_full,,,,,,,,,,,,,,,,,,,,,,,,,,,,,,,,,,,,,,,,,,,,,,,,,,,,,,,,,,,,,,
rsg_object_detection,,310,rsg_20260806_27_554880000_000310,vlm_failed,,,,,,,,,,,,"{""label"":""unknown_object"",""label_confidence"":0.0,""mobility_class"":""unknown"",""mobility_confidence"":0.0}",,,,,,,,,,,,,,,,,,,,,,,,,,,,,,,,,,,,,,,,,,,,,,,,,rsg_obj_000021,rsg_unknown_rsg_20260806_27_554880000_000310_003_nanosam_005,,,1,0.4735702594734359,unknown_object,0.0,unknown,0.0,5951.671125993016,40025.28773699305,qwen_http,Qwen3-VL-8B-Instruct-GGUF
rsg_object_detection,completed,310,rsg_20260806_27_554880000_000310,,,,,,,,,,,34073.61513900105,,vlm_failed,,,,,,,,,,,,,,,,,,,,,,,,,,,,,,,,,,,,,,,,,,,,,,,,,rsg_obj_000021,rsg_unknown_rsg_20260806_27_554880000_000310_003_nanosam_005,34,300,1,0.4735702594734359,,,,,,,,
rsg_object_detection,dropped_oldest,1110,rsg_20260806_73_754880000_001110,dropped,True,fifo_cached_frame,1111,114,0,995,114,0,1,0.0,38.96465900470503,frame_fifo_full,,,,,,,,,,,,,,,,,,,,,,,,,,,,,,,,,,,,,,,,,,,,,,,,,,,,,,,,,,,,,,
rsg_object_detection,dropped_oldest,1111,rsg_20260806_73_804879999_001111,dropped,True,fifo_cached_frame,1112,114,0,996,114,0,1,0.0,50.334169005509466,frame_fifo_full,,,,,,,,,,,,,,,,,,,,,,,,,,,,,,,,,,,,,,,,,,,,,,,,,,,,,,,,,,,,,,
rsg_object_detection,dropped_oldest,1112,rsg_20260806_73_854879999_001112,dropped,True,fifo_cached_frame,1113,114,0,997,114,0,1,0.0,48.63819600723218,frame_fifo_full,,,,,,,,,,,,,,,,,,,,,,,,,,,,,,,,,,,,,,,,,,,,,,,,,,,,,,,,,,,,,,
rsg_object_detection,dequeued,434,rsg_20260806_34_154879999_000434,,,,,,,,,,,39244.08548299107,,fifo_order,,,,,,,,,,,,,,,,,,,,,,,,,,,,,,,,,,,,,,,,,,,,,,,,,rsg_obj_000005,rsg_unknown_rsg_20260806_34_154879999_000434_004_nanosam_007,33,300,40,0.6607640781985118,,,,,,,,
rsg_object_detection,dropped_oldest,1113,rsg_20260806_73_904880000_001113,dropped,True,fifo_cached_frame,1114,114,0,998,114,0,1,0.0,51.859049999620765,frame_fifo_full,,,,,,,,,,,,,,,,,,,,,,,,,,,,,,,,,,,,,,,,,,,,,,,,,,,,,,,,,,,,,,
rsg_object_detection,dropped_oldest,1114,rsg_20260806_73_954880000_001114,dropped,True,fifo_cached_frame,1115,114,0,999,114,0,1,0.0,99.35956899425946,frame_fifo_full,,,,,,,,,,,,,,,,,,,,,,,,,,,,,,,,,,,,,,,,,,,,,,,,,,,,,,,,,,,,,,
rsg_object_detection,dropped_oldest,1115,rsg_20260806_74_004879999_001115,dropped,True,fifo_cached_frame,1116,114,0,1000,114,0,1,0.0,9.91905499540735,frame_fifo_full,,,,,,,,,,,,,,,,,,,,,,,,,,,,,,,,,,,,,,,,,,,,,,,,,,,,,,,,,,,,,,
rsg_object_detection,dropped_oldest,1116,rsg_20260806_74_054879999_001116,dropped,True,fifo_cached_frame,1117,114,0,1001,114,0,1,0.0,320.15369400323834,frame_fifo_full,,,,,,,,,,,,,,,,,,,,,,,,,,,,,,,,,,,,,,,,,,,,,,,,,,,,,,,,,,,,,,
rsg_object_detection,dropped_oldest,1117,rsg_20260806_74_104879999_001117,dropped,True,fifo_cached_frame,1118,114,0,1002,114,0,1,0.0,4.244427997036837,frame_fifo_full,,,,,,,,,,,,,,,,,,,,,,,,,,,,,,,,,,,,,,,,,,,,,,,,,,,,,,,,,,,,,,
rsg_object_detection,dropped_oldest,1118,rsg_20260806_74_154880000_001118,dropped,True,fifo_cached_frame,1119,114,0,1003,114,0,1,0.0,3.905731995473616,frame_fifo_full,,,,,,,,,,,,,,,,,,,,,,,,,,,,,,,,,,,,,,,,,,,,,,,,,,,,,,,,,,,,,,
rsg_object_detection,dropped_oldest,1119,rsg_20260806_74_204880000_001119,dropped,True,fifo_cached_frame,1120,114,0,1004,114,0,1,0.0,4.085143998963758,frame_fifo_full,,,,,,,,,,,,,,,,,,,,,,,,,,,,,,,,,,,,,,,,,,,,,,,,,,,,,,,,,,,,,,
rsg_object_detection,dropped_oldest,1120,rsg_20260806_74_254880000_001120,dropped,True,fifo_cached_frame,1121,114,0,1005,114,0,1,0.0,4.95064900314901,frame_fifo_full,,,,,,,,,,,,,,,,,,,,,,,,,,,,,,,,,,,,,,,,,,,,,,,,,,,,,,,,,,,,,,
rsg_object_detection,dropped_oldest,1121,rsg_20260806_74_304879999_001121,dropped,True,fifo_cached_frame,1122,114,0,1006,114,0,1,0.0,3.439813997829333,frame_fifo_full,,,,,,,,,,,,,,,,,,,,,,,,,,,,,,,,,,,,,,,,,,,,,,,,,,,,,,,,,,,,,,
rsg_object_detection,dropped_oldest,1122,rsg_20260806_74_354879999_001122,dropped,True,fifo_cached_frame,1123,114,0,1007,114,0,1,0.0,3.881351003656164,frame_fifo_full,,,,,,,,,,,,,,,,,,,,,,,,,,,,,,,,,,,,,,,,,,,,,,,,,,,,,,,,,,,,,,
rsg_object_detection,dropped_oldest,1123,rsg_20260806_74_404880000_001123,dropped,True,fifo_cached_frame,1124,114,0,1008,114,0,1,0.0,59.98473899671808,frame_fifo_full,,,,,,,,,,,,,,,,,,,,,,,,,,,,,,,,,,,,,,,,,,,,,,,,,,,,,,,,,,,,,,
rsg_object_detection,frame_trace,1108,rsg_20260806_73_654880000_001108,sent_to_hydra,,,,,,,,,,,818.0882349988678,ok,10.697592006181367,783.2575470092706,22.066621997510083,0.13099898933432996,21.935623008175753,0.005599998985417187,1.277059011044912,0.25850899692159146,242.62974198791198,18.181623992859386,0.006303016562014818,261.076177994255,64.50552500609774,17.57520402316004,4.46242697944399,28.26716199342627,13.513961996068247,405.2274249988841,368.3829270012211,31.65396099211648,3.21141499443911,1.931507998961024,516.0,147.0,3.419431988731958,1.0123100073542446,0.31843900796957314,1.334782995400019,0.2981220022775233,0.004064000677317381,476.134563999949,3.9552329981233925,0.1681469875620678,40.600032996735536,0.04633302160073072,6.015243998263031,5.414551007561386,0.10546398698352277,0.49522900371812284,3.8400409976020455,0.8364189998246729,0.005888010491617024,2.060873986920342,8,0,8,0,0,,,,,,,,,,,,,,
rsg_object_detection,dropped_oldest,1125,rsg_20260806_74_504880000_001125,dropped,True,fifo_cached_frame,1126,115,0,1009,115,0,1,0.0,42.93743100424763,frame_fifo_full,,,,,,,,,,,,,,,,,,,,,,,,,,,,,,,,,,,,,,,,,,,,,,,,,,,,,,,,,,,,,,
rsg_object_detection,dropped_oldest,1126,rsg_20260806_74_554879999_001126,dropped,True,fifo_cached_frame,1127,115,0,1010,115,0,1,0.0,47.15306099387817,frame_fifo_full,,,,,,,,,,,,,,,,,,,,,,,,,,,,,,,,,,,,,,,,,,,,,,,,,,,,,,,,,,,,,,
rsg_object_detection,dropped_oldest,1127,rsg_20260806_74_604879999_001127,dropped,True,fifo_cached_frame,1128,115,0,1011,115,0,1,0.0,50.24506099289283,frame_fifo_full,,,,,,,,,,,,,,,,,,,,,,,,,,,,,,,,,,,,,,,,,,,,,,,,,,,,,,,,,,,,,,
rsg_object_detection,dropped_oldest,1128,rsg_20260806_74_654880000_001128,dropped,True,fifo_cached_frame,1129,115,0,1012,115,0,1,0.0,52.05501000455115,frame_fifo_full,,,,,,,,,,,,,,,,,,,,,,,,,,,,,,,,,,,,,,,,,,,,,,,,,,,,,,,,,,,,,,
rsg_object_detection,dropped_oldest,1129,rsg_20260806_74_704880000_001129,dropped,True,fifo_cached_frame,1130,115,0,1013,115,0,1,0.0,62.279068006318994,frame_fifo_full,,,,,,,,,,,,,,,,,,,,,,,,,,,,,,,,,,,,,,,,,,,,,,,,,,,,,,,,,,,,,,
rsg_object_detection,dropped_oldest,1130,rsg_20260806_74_754880000_001130,dropped,True,fifo_cached_frame,1131,115,0,1014,115,0,1,0.0,96.0011669958476,frame_fifo_full,,,,,,,,,,,,,,,,,,,,,,,,,,,,,,,,,,,,,,,,,,,,,,,,,,,,,,,,,,,,,,
rsg_object_detection,dropped_oldest,1131,rsg_20260806_74_854879999_001131,dropped,True,fifo_cached_frame,1132,115,0,1015,115,0,1,0.0,93.04010200139601,frame_fifo_full,,,,,,,,,,,,,,,,,,,,,,,,,,,,,,,,,,,,,,,,,,,,,,,,,,,,,,,,,,,,,,
rsg_object_detection,dropped_oldest,1132,rsg_20260806_74_904880000_001132,dropped,True,fifo_cached_frame,1133,115,0,1016,115,0,1,0.0,2.8782239969586954,frame_fifo_full,,,,,,,,,,,,,,,,,,,,,,,,,,,,,,,,,,,,,,,,,,,,,,,,,,,,,,,,,,,,,,
rsg_object_detection,dropped_oldest,1133,rsg_20260806_74_954880000_001133,dropped,True,fifo_cached_frame,1134,115,0,1017,115,0,1,0.0,40.48292100196704,frame_fifo_full,,,,,,,,,,,,,,,,,,,,,,,,,,,,,,,,,,,,,,,,,,,,,,,,,,,,,,,,,,,,,,
rsg_object_detection,dropped_oldest,1134,rsg_20260806_75_004879999_001134,dropped,True,fifo_cached_frame,1135,115,0,1018,115,0,1,0.0,51.80273999576457,frame_fifo_full,,,,,,,,,,,,,,,,,,,,,,,,,,,,,,,,,,,,,,,,,,,,,,,,,,,,,,,,,,,,,,
rsg_object_detection,frame_trace,1124,rsg_20260806_74_454880000_001124,sent_to_hydra,,,,,,,,,,,625.6348290044116,ok,9.06030299665872,578.6139179981546,36.182017007377,0.1514449977548793,36.03057200962212,0.004736008122563362,2.313816992682405,0.23726299696136266,365.3323589969659,19.09925499057863,0.007808004738762975,384.6766849892447,84.4144549628254,21.783187999972142,6.1405469896271825,33.471078000729904,21.9376740133157,62.96007499622647,54.066063996287994,3.22379800491035,3.5382710047997534,1.570733991684392,594.0,150.0,2.8473120037233457,0.6113479903433472,0.3265690465923399,1.1302220082143322,0.3950120008084923,0.005790992872789502,152.70703900023364,12.29795700055547,0.16069300181698054,26.41162100189831,0.046106011723168194,4.5447269949363545,3.97007999708876,0.09416899411007762,0.4804780037375167,3.7648790021194145,0.7438180036842823,0.0068789959186688066,1.7738549940986559,8,0,6,0,0,,,,,,,,,,,,,,
rsg_object_detection,dropped_oldest,1136,rsg_20260806_75_104879999_001136,dropped,True,fifo_cached_frame,1137,116,0,1019,116,0,1,0.0,38.020154999685474,frame_fifo_full,,,,,,,,,,,,,,,,,,,,,,,,,,,,,,,,,,,,,,,,,,,,,,,,,,,,,,,,,,,,,,
rsg_object_detection,dropped_oldest,1137,rsg_20260806_75_154880000_001137,dropped,True,fifo_cached_frame,1138,116,0,1020,116,0,1,0.0,50.774302988429554,frame_fifo_full,,,,,,,,,,,,,,,,,,,,,,,,,,,,,,,,,,,,,,,,,,,,,,,,,,,,,,,,,,,,,,
rsg_object_detection,dropped_oldest,1138,rsg_20260806_75_204880000_001138,dropped,True,fifo_cached_frame,1139,116,0,1021,116,0,1,0.0,48.144382002647035,frame_fifo_full,,,,,,,,,,,,,,,,,,,,,,,,,,,,,,,,,,,,,,,,,,,,,,,,,,,,,,,,,,,,,,
rsg_object_detection,dropped_oldest,1139,rsg_20260806_75_254880000_001139,dropped,True,fifo_cached_frame,1140,116,0,1022,116,0,1,0.0,109.84587098937482,frame_fifo_full,,,,,,,,,,,,,,,,,,,,,,,,,,,,,,,,,,,,,,,,,,,,,,,,,,,,,,,,,,,,,,
rsg_object_detection,dropped_oldest,1140,rsg_20260806_75_304879999_001140,dropped,True,fifo_cached_frame,1141,116,0,1023,116,0,1,0.0,8.433309005340561,frame_fifo_full,,,,,,,,,,,,,,,,,,,,,,,,,,,,,,,,,,,,,,,,,,,,,,,,,,,,,,,,,,,,,,
rsg_object_detection,dropped_oldest,1141,rsg_20260806_75_354879999_001141,dropped,True,fifo_cached_frame,1142,116,0,1024,116,0,1,0.0,32.446962999529205,frame_fifo_full,,,,,,,,,,,,,,,,,,,,,,,,,,,,,,,,,,,,,,,,,,,,,,,,,,,,,,,,,,,,,,
rsg_object_detection,dropped_oldest,1142,rsg_20260806_75_404880000_001142,dropped,True,fifo_cached_frame,1143,116,0,1025,116,0,1,0.0,49.09817400039174,frame_fifo_full,,,,,,,,,,,,,,,,,,,,,,,,,,,,,,,,,,,,,,,,,,,,,,,,,,,,,,,,,,,,,,
rsg_object_detection,dropped_oldest,1143,rsg_20260806_75_454880000_001143,dropped,True,fifo_cached_frame,1144,116,0,1026,116,0,1,0.0,52.1150429995032,frame_fifo_full,,,,,,,,,,,,,,,,,,,,,,,,,,,,,,,,,,,,,,,,,,,,,,,,,,,,,,,,,,,,,,
rsg_object_detection,dropped_oldest,1144,rsg_20260806_75_504880000_001144,dropped,True,fifo_cached_frame,1145,116,0,1027,116,0,1,0.0,56.712949997745454,frame_fifo_full,,,,,,,,,,,,,,,,,,,,,,,,,,,,,,,,,,,,,,,,,,,,,,,,,,,,,,,,,,,,,,
rsg_object_detection,dropped_oldest,1145,rsg_20260806_75_554879999_001145,dropped,True,fifo_cached_frame,1146,116,0,1028,116,0,1,0.0,44.601282992516644,frame_fifo_full,,,,,,,,,,,,,,,,,,,,,,,,,,,,,,,,,,,,,,,,,,,,,,,,,,,,,,,,,,,,,,
rsg_object_detection,dropped_oldest,1146,rsg_20260806_75_604879999_001146,dropped,True,fifo_cached_frame,1147,116,0,1029,116,0,1,0.0,57.015872007468715,frame_fifo_full,,,,,,,,,,,,,,,,,,,,,,,,,,,,,,,,,,,,,,,,,,,,,,,,,,,,,,,,,,,,,,
rsg_object_detection,dropped_oldest,1147,rsg_20260806_75_654880000_001147,dropped,True,fifo_cached_frame,1148,116,0,1030,116,0,1,0.0,44.90682898904197,frame_fifo_full,,,,,,,,,,,,,,,,,,,,,,,,,,,,,,,,,,,,,,,,,,,,,,,,,,,,,,,,,,,,,,
rsg_object_detection,dropped_oldest,1148,rsg_20260806_75_704880000_001148,dropped,True,fifo_cached_frame,1149,116,0,1031,116,0,1,0.0,48.65059000439942,frame_fifo_full,,,,,,,,,,,,,,,,,,,,,,,,,,,,,,,,,,,,,,,,,,,,,,,,,,,,,,,,,,,,,,
rsg_object_detection,frame_trace,1135,rsg_20260806_75_054879999_001135,sent_to_hydra,,,,,,,,,,,712.206783995498,ok,13.682402000995353,637.1813099976862,59.18114900123328,0.1503249950474128,59.03082400618587,0.004126995918340981,6.651293995673768,0.20500901155173779,388.33068699750584,15.27351800177712,0.006367990863509476,403.8155820016982,102.23435700754635,23.065849003614858,6.547044977196492,51.37148000358138,20.59358000406064,77.66304899996612,67.2690820065327,4.905947993393056,3.4378310083411634,1.7072040063794702,607.0,151.0,3.433575009694323,4.479706010897644,0.3464749752311036,1.1976730020251125,0.30455400701612234,0.004064000677317381,189.67836399679072,4.554422004730441,0.13531801232602447,32.29942100006156,0.04690898640546948,9.41707901074551,8.70781799312681,0.09925699851009995,0.6100040191086009,3.4913950075861067,0.7693199877394363,0.004607994924299419,2.1577959996648133,8,0,7,0,0,,,,,,,,,,,,,,
rsg_object_detection,dropped_oldest,1150,rsg_20260806_75_904880000_001150,dropped,True,fifo_cached_frame,1151,117,0,1032,117,0,1,0.0,53.07116499170661,frame_fifo_full,,,,,,,,,,,,,,,,,,,,,,,,,,,,,,,,,,,,,,,,,,,,,,,,,,,,,,,,,,,,,,
rsg_object_detection,dropped_oldest,1151,rsg_20260806_75_954880000_001151,dropped,True,fifo_cached_frame,1152,117,0,1033,117,0,1,0.0,59.45742299081758,frame_fifo_full,,,,,,,,,,,,,,,,,,,,,,,,,,,,,,,,,,,,,,,,,,,,,,,,,,,,,,,,,,,,,,
rsg_object_detection,dropped_oldest,1152,rsg_20260806_76_004879999_001152,dropped,True,fifo_cached_frame,1153,117,0,1034,117,0,1,0.0,42.01871799887158,frame_fifo_full,,,,,,,,,,,,,,,,,,,,,,,,,,,,,,,,,,,,,,,,,,,,,,,,,,,,,,,,,,,,,,
rsg_object_detection,dropped_oldest,1153,rsg_20260806_76_054879999_001153,dropped,True,fifo_cached_frame,1154,117,0,1035,117,0,1,0.0,49.324236999382265,frame_fifo_full,,,,,,,,,,,,,,,,,,,,,,,,,,,,,,,,,,,,,,,,,,,,,,,,,,,,,,,,,,,,,,
rsg_object_detection,dropped_oldest,1154,rsg_20260806_76_104879999_001154,dropped,True,fifo_cached_frame,1155,117,0,1036,117,0,1,0.0,49.56140401191078,frame_fifo_full,,,,,,,,,,,,,,,,,,,,,,,,,,,,,,,,,,,,,,,,,,,,,,,,,,,,,,,,,,,,,,
rsg_object_detection,dropped_oldest,1155,rsg_20260806_76_154880000_001155,dropped,True,fifo_cached_frame,1156,117,0,1037,117,0,1,0.0,103.57423000095878,frame_fifo_full,,,,,,,,,,,,,,,,,,,,,,,,,,,,,,,,,,,,,,,,,,,,,,,,,,,,,,,,,,,,,,
rsg_object_detection,dropped_oldest,1156,rsg_20260806_76_254880000_001156,dropped,True,fifo_cached_frame,1157,117,0,1038,117,0,1,0.0,66.57809999887832,frame_fifo_full,,,,,,,,,,,,,,,,,,,,,,,,,,,,,,,,,,,,,,,,,,,,,,,,,,,,,,,,,,,,,,
rsg_object_detection,frame_trace,1149,rsg_20260806_75_754880000_001149,sent_to_hydra,,,,,,,,,,,578.4446260076948,ok,13.503759008017369,530.8096090011531,31.915322004351765,0.1261669967789203,31.789155007572845,0.0029429938877001405,4.769381994265132,0.2961069985758513,328.8814370025648,23.354661010671407,0.010047995601780713,352.5422530074138,59.01876598363742,18.58521303802263,5.227111003478058,22.93450002616737,11.605655992752872,67.95098700968083,58.74982799286954,4.277034997357987,3.0356520001078025,1.8428429902996868,618.0,153.0,3.6513849772745743,1.3891459966544062,0.4442260251380503,1.411833000020124,0.17745999502949417,0.004735993570648134,134.06591300736181,2.9731929971603677,0.13871000555809587,36.273985999287106,0.04617199010681361,9.558125006151386,8.958199992775917,0.09221700020134449,0.5077080131741241,3.29006600077264,0.6505130004370585,0.005055000656284392,2.2129930002847686,8,0,8,0,0,,,,,,,,,,,,,,
rsg_object_detection,dropped_oldest,1158,rsg_20260806_76_354879999_001158,dropped,True,fifo_cached_frame,1159,118,0,1039,118,0,1,0.0,41.36107400699984,frame_fifo_full,,,,,,,,,,,,,,,,,,,,,,,,,,,,,,,,,,,,,,,,,,,,,,,,,,,,,,,,,,,,,,
rsg_object_detection,dropped_oldest,1159,rsg_20260806_76_404880000_001159,dropped,True,fifo_cached_frame,1160,118,0,1040,118,0,1,0.0,49.95277299894951,frame_fifo_full,,,,,,,,,,,,,,,,,,,,,,,,,,,,,,,,,,,,,,,,,,,,,,,,,,,,,,,,,,,,,,
rsg_object_detection,dropped_oldest,1160,rsg_20260806_76_454880000_001160,dropped,True,fifo_cached_frame,1161,118,0,1041,118,0,1,0.0,103.68216899223626,frame_fifo_full,,,,,,,,,,,,,,,,,,,,,,,,,,,,,,,,,,,,,,,,,,,,,,,,,,,,,,,,,,,,,,
rsg_object_detection,dropped_oldest,1161,rsg_20260806_76_554879999_001161,dropped,True,fifo_cached_frame,1162,118,0,1042,118,0,1,0.0,100.90669000055641,frame_fifo_full,,,,,,,,,,,,,,,,,,,,,,,,,,,,,,,,,,,,,,,,,,,,,,,,,,,,,,,,,,,,,,
rsg_object_detection,dropped_oldest,1162,rsg_20260806_76_654880000_001162,dropped,True,fifo_cached_frame,1163,118,0,1043,118,0,1,0.0,180.4545710037928,frame_fifo_full,,,,,,,,,,,,,,,,,,,,,,,,,,,,,,,,,,,,,,,,,,,,,,,,,,,,,,,,,,,,,,
rsg_object_detection,dropped_oldest,1163,rsg_20260806_76_754880000_001163,dropped,True,fifo_cached_frame,1164,118,0,1044,118,0,1,0.0,3.6271930002840236,frame_fifo_full,,,,,,,,,,,,,,,,,,,,,,,,,,,,,,,,,,,,,,,,,,,,,,,,,,,,,,,,,,,,,,
rsg_object_detection,dropped_oldest,1164,rsg_20260806_76_804879999_001164,dropped,True,fifo_cached_frame,1165,118,0,1045,118,0,1,0.0,28.24419799435418,frame_fifo_full,,,,,,,,,,,,,,,,,,,,,,,,,,,,,,,,,,,,,,,,,,,,,,,,,,,,,,,,,,,,,,
rsg_object_detection,frame_trace,1157,rsg_20260806_76_304879999_001157,sent_to_hydra,,,,,,,,,,,609.8686159966746,ok,10.107045993208885,563.696113997139,33.890445993165486,0.23940599930938333,33.6510399938561,0.003200009814463556,4.734410002129152,0.19643400446511805,330.2407349983696,19.59163999708835,0.007869995897635818,350.0366789958207,71.0853879863862,21.931887007667683,5.28902601217851,29.364406000240706,13.621894016978331,93.7707890116144,82.2225359879667,6.69170799665153,3.0028229957679287,1.808892993722111,544.0,104.0,3.624888980994001,1.0991860035574064,0.35709502117242664,1.4105540030868724,0.19860999600496143,0.004415996954776347,171.5664770017611,2.8484670037869364,0.1308390055783093,34.33572599897161,0.04351598909124732,5.23037399398163,4.624081993824802,0.09250600123777986,0.5137859989190474,4.1775220015551895,0.6939980085007846,0.005151989171281457,2.1718100033467636,8,0,8,0,0,,,,,,,,,,,,,,
rsg_object_detection,dropped_oldest,1166,rsg_20260806_76_954880000_001166,dropped,True,fifo_cached_frame,1167,119,0,1046,119,0,1,0.0,93.72231300221756,frame_fifo_full,,,,,,,,,,,,,,,,,,,,,,,,,,,,,,,,,,,,,,,,,,,,,,,,,,,,,,,,,,,,,,
rsg_object_detection,dropped_oldest,1167,rsg_20260806_77_054879999_001167,dropped,True,fifo_cached_frame,1168,119,0,1047,119,0,1,0.0,49.18226899462752,frame_fifo_full,,,,,,,,,,,,,,,,,,,,,,,,,,,,,,,,,,,,,,,,,,,,,,,,,,,,,,,,,,,,,,
rsg_object_detection,dropped_oldest,1168,rsg_20260806_77_104879999_001168,dropped,True,fifo_cached_frame,1169,119,0,1048,119,0,1,0.0,51.93928499647882,frame_fifo_full,,,,,,,,,,,,,,,,,,,,,,,,,,,,,,,,,,,,,,,,,,,,,,,,,,,,,,,,,,,,,,
rsg_object_detection,dropped_oldest,1169,rsg_20260806_77_154880000_001169,dropped,True,fifo_cached_frame,1170,119,0,1049,119,0,1,0.0,49.78798500087578,frame_fifo_full,,,,,,,,,,,,,,,,,,,,,,,,,,,,,,,,,,,,,,,,,,,,,,,,,,,,,,,,,,,,,,
rsg_object_detection,dropped_oldest,1170,rsg_20260806_77_204880000_001170,dropped,True,fifo_cached_frame,1171,119,0,1050,119,0,1,0.0,101.22030500497203,frame_fifo_full,,,,,,,,,,,,,,,,,,,,,,,,,,,,,,,,,,,,,,,,,,,,,,,,,,,,,,,,,,,,,,
rsg_object_detection,dropped_oldest,1171,rsg_20260806_77_304879999_001171,dropped,True,fifo_cached_frame,1172,119,0,1051,119,0,1,0.0,59.12453199562151,frame_fifo_full,,,,,,,,,,,,,,,,,,,,,,,,,,,,,,,,,,,,,,,,,,,,,,,,,,,,,,,,,,,,,,
rsg_object_detection,dropped_oldest,1172,rsg_20260806_77_354879999_001172,dropped,True,fifo_cached_frame,1173,119,0,1052,119,0,1,0.0,150.26233799289912,frame_fifo_full,,,,,,,,,,,,,,,,,,,,,,,,,,,,,,,,,,,,,,,,,,,,,,,,,,,,,,,,,,,,,,
rsg_object_detection,dropped_oldest,1173,rsg_20260806_77_454880000_001173,dropped,True,fifo_cached_frame,1174,119,0,1053,119,0,1,0.0,2.881456006434746,frame_fifo_full,,,,,,,,,,,,,,,,,,,,,,,,,,,,,,,,,,,,,,,,,,,,,,,,,,,,,,,,,,,,,,
rsg_object_detection,dropped_oldest,1174,rsg_20260806_77_504880000_001174,dropped,True,fifo_cached_frame,1175,119,0,1054,119,0,1,0.0,65.40571099321824,frame_fifo_full,,,,,,,,,,,,,,,,,,,,,,,,,,,,,,,,,,,,,,,,,,,,,,,,,,,,,,,,,,,,,,
rsg_object_detection,frame_trace,1165,rsg_20260806_76_854879999_001165,sent_to_hydra,,,,,,,,,,,723.9685959939379,ok,13.501712994184345,619.3662369914819,88.53731099225115,0.12978199811186641,88.40752899413928,0.0034230033634230494,4.20692800253164,0.17483500414527953,335.2341069985414,22.199742001248524,0.009310999303124845,357.6179950032383,92.02660499431659,19.19573401391972,5.324574987753294,27.209622028749436,39.61112702381797,115.37269600376021,101.16293800820131,9.243972002877854,2.900174993555993,2.0238220022292808,686.0,161.0,3.8220589922275394,1.3771830272162333,0.3317509836051613,1.381915993988514,0.1720830041449517,0.004415996954776347,214.50243699655402,3.218904006644152,0.11483998969197273,39.653073996305466,0.052058996516279876,9.012020993395709,8.331782999448478,0.09666499681770802,0.5835729971295223,3.68936599988956,0.7950459985295311,0.0052800023695454,2.5599120126571506,8,0,8,0,0,,,,,,,,,,,,,,
rsg_object_detection,dropped_oldest,1176,rsg_20260806_77_604879999_001176,dropped,True,fifo_cached_frame,1177,120,0,1055,120,0,1,0.0,39.76093800156377,frame_fifo_full,,,,,,,,,,,,,,,,,,,,,,,,,,,,,,,,,,,,,,,,,,,,,,,,,,,,,,,,,,,,,,
rsg_object_detection,dropped_oldest,1177,rsg_20260806_77_654880000_001177,dropped,True,fifo_cached_frame,1178,120,0,1056,120,0,1,0.0,39.95461999147665,frame_fifo_full,,,,,,,,,,,,,,,,,,,,,,,,,,,,,,,,,,,,,,,,,,,,,,,,,,,,,,,,,,,,,,
rsg_object_detection,dropped_oldest,1178,rsg_20260806_77_704880000_001178,dropped,True,fifo_cached_frame,1179,120,0,1057,120,0,1,0.0,48.25235699536279,frame_fifo_full,,,,,,,,,,,,,,,,,,,,,,,,,,,,,,,,,,,,,,,,,,,,,,,,,,,,,,,,,,,,,,
rsg_object_detection,dropped_oldest,1179,rsg_20260806_77_754880000_001179,dropped,True,fifo_cached_frame,1180,120,0,1058,120,0,1,0.0,52.76540800696239,frame_fifo_full,,,,,,,,,,,,,,,,,,,,,,,,,,,,,,,,,,,,,,,,,,,,,,,,,,,,,,,,,,,,,,
rsg_object_detection,dropped_oldest,1180,rsg_20260806_77_804879999_001180,dropped,True,fifo_cached_frame,1181,120,0,1059,120,0,1,0.0,50.20914399938192,frame_fifo_full,,,,,,,,,,,,,,,,,,,,,,,,,,,,,,,,,,,,,,,,,,,,,,,,,,,,,,,,,,,,,,
rsg_object_detection,dropped_oldest,1181,rsg_20260806_77_854879999_001181,dropped,True,fifo_cached_frame,1182,120,0,1060,120,0,1,0.0,50.406825001118705,frame_fifo_full,,,,,,,,,,,,,,,,,,,,,,,,,,,,,,,,,,,,,,,,,,,,,,,,,,,,,,,,,,,,,,
rsg_object_detection,dropped_oldest,1182,rsg_20260806_77_904880000_001182,dropped,True,fifo_cached_frame,1183,120,0,1061,120,0,1,0.0,50.473157010856085,frame_fifo_full,,,,,,,,,,,,,,,,,,,,,,,,,,,,,,,,,,,,,,,,,,,,,,,,,,,,,,,,,,,,,,
rsg_object_detection,dropped_oldest,1183,rsg_20260806_77_954880000_001183,dropped,True,fifo_cached_frame,1184,120,0,1062,120,0,1,0.0,54.17743299040012,frame_fifo_full,,,,,,,,,,,,,,,,,,,,,,,,,,,,,,,,,,,,,,,,,,,,,,,,,,,,,,,,,,,,,,
rsg_object_detection,dropped_oldest,1184,rsg_20260806_78_004879999_001184,dropped,True,fifo_cached_frame,1185,120,0,1063,120,0,1,0.0,121.2317610043101,frame_fifo_full,,,,,,,,,,,,,,,,,,,,,,,,,,,,,,,,,,,,,,,,,,,,,,,,,,,,,,,,,,,,,,
rsg_object_detection,dropped_oldest,1185,rsg_20260806_78_104879999_001185,dropped,True,fifo_cached_frame,1186,120,0,1064,120,0,1,0.0,88.57367100426927,frame_fifo_full,,,,,,,,,,,,,,,,,,,,,,,,,,,,,,,,,,,,,,,,,,,,,,,,,,,,,,,,,,,,,,
rsg_object_detection,dropped_oldest,1186,rsg_20260806_78_154880000_001186,dropped,True,fifo_cached_frame,1187,120,0,1065,120,0,1,0.0,2.7994460106128827,frame_fifo_full,,,,,,,,,,,,,,,,,,,,,,,,,,,,,,,,,,,,,,,,,,,,,,,,,,,,,,,,,,,,,,
rsg_object_detection,dropped_oldest,1187,rsg_20260806_78_204880000_001187,dropped,True,fifo_cached_frame,1188,120,0,1066,120,0,1,0.0,70.8375789981801,frame_fifo_full,,,,,,,,,,,,,,,,,,,,,,,,,,,,,,,,,,,,,,,,,,,,,,,,,,,,,,,,,,,,,,
rsg_object_detection,frame_trace,1175,rsg_20260806_77_554879999_001175,sent_to_hydra,,,,,,,,,,,724.8581149906386,ok,11.035203991923481,673.0514859955292,38.1686689943308,0.12974999845027924,38.03891899588052,0.0030709925340488553,5.812508999952115,0.1963059912668541,324.80756200675387,23.972893992322497,0.008224000339396298,348.9849859906826,131.6952310007764,17.88401900557801,6.210431005456485,76.17178199870978,30.721460992936045,125.36247000389267,109.05312000249978,9.669606006355025,3.7583530065603554,2.6258260040776804,821.0,162.0,3.707509982632473,0.9415349923074245,0.3290280146757141,1.2569649989018217,0.3602299984777346,0.004191999323666096,263.67258399841376,7.987871009390801,0.16478799807373434,46.383120003156364,0.04562799585983157,6.43540799501352,5.873465008335188,0.10069699783343822,0.4612459888448939,3.8117569929454476,0.7830790127627552,0.004959991201758385,2.5996850163210183,8,0,7,0,0,,,,,,,,,,,,,,
rsg_object_detection,dropped_oldest,1189,rsg_20260806_78_354879999_001189,dropped,True,fifo_cached_frame,1190,121,0,1067,121,0,1,0.0,51.10335600329563,frame_fifo_full,,,,,,,,,,,,,,,,,,,,,,,,,,,,,,,,,,,,,,,,,,,,,,,,,,,,,,,,,,,,,,
rsg_object_detection,dropped_oldest,1190,rsg_20260806_78_404880000_001190,dropped,True,fifo_cached_frame,1191,121,0,1068,121,0,1,0.0,58.59596900700126,frame_fifo_full,,,,,,,,,,,,,,,,,,,,,,,,,,,,,,,,,,,,,,,,,,,,,,,,,,,,,,,,,,,,,,
rsg_object_detection,dropped_oldest,1191,rsg_20260806_78_454880000_001191,dropped,True,fifo_cached_frame,1192,121,0,1069,121,0,1,0.0,95.60510900337249,frame_fifo_full,,,,,,,,,,,,,,,,,,,,,,,,,,,,,,,,,,,,,,,,,,,,,,,,,,,,,,,,,,,,,,
rsg_object_detection,dropped_oldest,1192,rsg_20260806_78_554879999_001192,dropped,True,fifo_cached_frame,1193,121,0,1070,121,0,1,0.0,48.548852995736524,frame_fifo_full,,,,,,,,,,,,,,,,,,,,,,,,,,,,,,,,,,,,,,,,,,,,,,,,,,,,,,,,,,,,,,
rsg_object_detection,dropped_oldest,1193,rsg_20260806_78_604879999_001193,dropped,True,fifo_cached_frame,1194,121,0,1071,121,0,1,0.0,47.50761600735132,frame_fifo_full,,,,,,,,,,,,,,,,,,,,,,,,,,,,,,,,,,,,,,,,,,,,,,,,,,,,,,,,,,,,,,
rsg_object_detection,dropped_oldest,1194,rsg_20260806_78_654880000_001194,dropped,True,fifo_cached_frame,1195,121,0,1072,121,0,1,0.0,59.26008100504987,frame_fifo_full,,,,,,,,,,,,,,,,,,,,,,,,,,,,,,,,,,,,,,,,,,,,,,,,,,,,,,,,,,,,,,
rsg_object_detection,dropped_oldest,1195,rsg_20260806_78_704880000_001195,dropped,True,fifo_cached_frame,1196,121,0,1073,121,0,1,0.0,110.42596100014634,frame_fifo_full,,,,,,,,,,,,,,,,,,,,,,,,,,,,,,,,,,,,,,,,,,,,,,,,,,,,,,,,,,,,,,
rsg_object_detection,dropped_oldest,1196,rsg_20260806_78_804879999_001196,dropped,True,fifo_cached_frame,1197,121,0,1074,121,0,1,0.0,40.18103999260347,frame_fifo_full,,,,,,,,,,,,,,,,,,,,,,,,,,,,,,,,,,,,,,,,,,,,,,,,,,,,,,,,,,,,,,
rsg_object_detection,dropped_oldest,1197,rsg_20260806_78_854879999_001197,dropped,True,fifo_cached_frame,1198,121,0,1075,121,0,1,0.0,37.536110990913585,frame_fifo_full,,,,,,,,,,,,,,,,,,,,,,,,,,,,,,,,,,,,,,,,,,,,,,,,,,,,,,,,,,,,,,
rsg_object_detection,dropped_oldest,1198,rsg_20260806_78_904880000_001198,dropped,True,fifo_cached_frame,1199,121,0,1076,121,0,1,0.0,67.36903201090172,frame_fifo_full,,,,,,,,,,,,,,,,,,,,,,,,,,,,,,,,,,,,,,,,,,,,,,,,,,,,,,,,,,,,,,
rsg_object_detection,frame_trace,1188,rsg_20260806_78_254880000_001188,sent_to_hydra,,,,,,,,,,,684.188447004999,ok,12.742057995637879,625.0463420001324,43.85613500198815,0.1522130041848868,43.70392199780326,0.004128000000491738,1.1336789902998134,0.1732359960442409,362.12497200176585,21.466997000970878,0.005599009455181658,383.77080400823615,97.95485800714232,27.351628014002927,4.919135011732578,47.779469008673914,17.290880976361223,90.10246599791571,76.5408510051202,7.584700986626558,3.2536209910176694,2.2633890039287508,792.0,163.0,3.687287025968544,0.48457302909810096,0.32986493897624314,1.2537020083982497,0.3704369883053005,0.0045439956011250615,194.2025150055997,4.927132002194412,0.20369800040498376,40.77021300327033,0.038300990127027035,8.634801997686736,7.993471997906454,0.09093699918594211,0.5503930005943403,3.3947629999602214,0.7083329983288422,0.004159999662078917,2.539784007240087,8,0,7,0,0,,,,,,,,,,,,,,
rsg_object_detection,dropped_oldest,1200,rsg_20260806_79_054879999_001200,dropped,True,fifo_cached_frame,1201,122,0,1077,122,0,1,0.0,50.39079999551177,frame_fifo_full,,,,,,,,,,,,,,,,,,,,,,,,,,,,,,,,,,,,,,,,,,,,,,,,,,,,,,,,,,,,,,
rsg_object_detection,dropped_oldest,1201,rsg_20260806_79_104879999_001201,dropped,True,fifo_cached_frame,1202,122,0,1078,122,0,1,0.0,51.82624899316579,frame_fifo_full,,,,,,,,,,,,,,,,,,,,,,,,,,,,,,,,,,,,,,,,,,,,,,,,,,,,,,,,,,,,,,
rsg_object_detection,dropped_oldest,1202,rsg_20260806_79_154880000_001202,dropped,True,fifo_cached_frame,1203,122,0,1079,122,0,1,0.0,49.96276699239388,frame_fifo_full,,,,,,,,,,,,,,,,,,,,,,,,,,,,,,,,,,,,,,,,,,,,,,,,,,,,,,,,,,,,,,
rsg_object_detection,dropped_oldest,1203,rsg_20260806_79_204880000_001203,dropped,True,fifo_cached_frame,1204,122,0,1080,122,0,1,0.0,50.13616201176774,frame_fifo_full,,,,,,,,,,,,,,,,,,,,,,,,,,,,,,,,,,,,,,,,,,,,,,,,,,,,,,,,,,,,,,
rsg_object_detection,dropped_oldest,1204,rsg_20260806_79_254880000_001204,dropped,True,fifo_cached_frame,1205,122,0,1081,122,0,1,0.0,47.91690400452353,frame_fifo_full,,,,,,,,,,,,,,,,,,,,,,,,,,,,,,,,,,,,,,,,,,,,,,,,,,,,,,,,,,,,,,
rsg_object_detection,dropped_oldest,1205,rsg_20260806_79_304879999_001205,dropped,True,fifo_cached_frame,1206,122,0,1082,122,0,1,0.0,52.95631699846126,frame_fifo_full,,,,,,,,,,,,,,,,,,,,,,,,,,,,,,,,,,,,,,,,,,,,,,,,,,,,,,,,,,,,,,
rsg_object_detection,dropped_oldest,1206,rsg_20260806_79_354879999_001206,dropped,True,fifo_cached_frame,1207,122,0,1083,122,0,1,0.0,69.38044700655155,frame_fifo_full,,,,,,,,,,,,,,,,,,,,,,,,,,,,,,,,,,,,,,,,,,,,,,,,,,,,,,,,,,,,,,
rsg_object_detection,dropped_oldest,1207,rsg_20260806_79_404880000_001207,dropped,True,fifo_cached_frame,1208,122,0,1084,122,0,1,0.0,37.370559002738446,frame_fifo_full,,,,,,,,,,,,,,,,,,,,,,,,,,,,,,,,,,,,,,,,,,,,,,,,,,,,,,,,,,,,,,
rsg_object_detection,dropped_oldest,1208,rsg_20260806_79_454880000_001208,dropped,True,fifo_cached_frame,1209,122,0,1085,122,0,1,0.0,120.27544000011403,frame_fifo_full,,,,,,,,,,,,,,,,,,,,,,,,,,,,,,,,,,,,,,,,,,,,,,,,,,,,,,,,,,,,,,
rsg_object_detection,dropped_oldest,1209,rsg_20260806_79_554879999_001209,dropped,True,fifo_cached_frame,1210,122,0,1086,123,0,1,0.0,46.41608300153166,frame_fifo_full,,,,,,,,,,,,,,,,,,,,,,,,,,,,,,,,,,,,,,,,,,,,,,,,,,,,,,,,,,,,,,
rsg_object_detection,frame_trace,1199,rsg_20260806_78_954880000_001199,sent_to_hydra,,,,,,,,,,,630.8681350055849,ok,13.583150008344091,577.7709999965737,36.73603999777697,0.13359000149648637,36.602449996280484,0.0038709986256435513,2.4105779884848744,0.18625899974722415,344.19238699774724,21.423290003440343,0.007391005055978894,365.8093270059908,66.47569699271116,17.280516010941938,4.654672971810214,31.10377704433631,12.702734020422213,92.58760800003074,82.14538400352467,3.7027409998700023,4.110488007427193,2.174050998291932,687.0,164.0,3.678681008750573,0.8219879964599386,0.385890991310589,1.3506870018318295,0.4518719943007454,0.004255998646840453,165.77203701308463,6.98417000239715,0.1709950010990724,36.57755999302026,0.04633299249690026,7.418473993311636,6.730043998686597,0.11282401101198047,0.5756059836130589,5.312801004038192,0.8479069947497919,0.003968016244471073,2.7740740042645484,8,0,7,0,0,,,,,,,,,,,,,,
rsg_object_detection,dropped_oldest,1211,rsg_20260806_79_654880000_001211,dropped,True,fifo_cached_frame,1212,123,0,1087,123,0,1,0.0,97.53160498803481,frame_fifo_full,,,,,,,,,,,,,,,,,,,,,,,,,,,,,,,,,,,,,,,,,,,,,,,,,,,,,,,,,,,,,,
rsg_object_detection,dropped_oldest,1212,rsg_20260806_79_754880000_001212,dropped,True,fifo_cached_frame,1213,123,0,1088,123,0,1,0.0,51.48899801133666,frame_fifo_full,,,,,,,,,,,,,,,,,,,,,,,,,,,,,,,,,,,,,,,,,,,,,,,,,,,,,,,,,,,,,,
rsg_object_detection,dropped_oldest,1213,rsg_20260806_79_804879999_001213,dropped,True,fifo_cached_frame,1214,123,0,1089,123,0,1,0.0,98.18243799963966,frame_fifo_full,,,,,,,,,,,,,,,,,,,,,,,,,,,,,,,,,,,,,,,,,,,,,,,,,,,,,,,,,,,,,,
rsg_object_detection,dropped_oldest,1214,rsg_20260806_79_904880000_001214,dropped,True,fifo_cached_frame,1215,123,0,1090,123,0,1,0.0,52.12268000468612,frame_fifo_full,,,,,,,,,,,,,,,,,,,,,,,,,,,,,,,,,,,,,,,,,,,,,,,,,,,,,,,,,,,,,,
rsg_object_detection,dropped_oldest,1215,rsg_20260806_79_954880000_001215,dropped,True,fifo_cached_frame,1216,123,0,1091,123,0,1,0.0,50.81119199167006,frame_fifo_full,,,,,,,,,,,,,,,,,,,,,,,,,,,,,,,,,,,,,,,,,,,,,,,,,,,,,,,,,,,,,,
rsg_object_detection,,434,rsg_20260806_34_154879999_000434,vlm_failed,,,,,,,,,,,,"{""label"":""unknown_object"",""label_confidence"":0.0,""mobility_class"":""unknown"",""mobility_confidence"":0.0}",,,,,,,,,,,,,,,,,,,,,,,,,,,,,,,,,,,,,,,,,,,,,,,,,rsg_obj_000005,rsg_unknown_rsg_20260806_34_154879999_000434_004_nanosam_007,,,40,0.6607640781985118,unknown_object,0.0,unknown,0.0,6117.326845007483,45361.414215993136,qwen_http,Qwen3-VL-8B-Instruct-GGUF
rsg_object_detection,completed,434,rsg_20260806_34_154879999_000434,,,,,,,,,,,39244.08548299107,,vlm_failed,,,,,,,,,,,,,,,,,,,,,,,,,,,,,,,,,,,,,,,,,,,,,,,,,rsg_obj_000005,rsg_unknown_rsg_20260806_34_154879999_000434_004_nanosam_007,39,300,40,0.6607640781985118,,,,,,,,
rsg_object_detection,dropped_oldest,1216,rsg_20260806_80_004879999_001216,dropped,True,fifo_cached_frame,1217,123,0,1092,123,0,1,0.0,53.79699201148469,frame_fifo_full,,,,,,,,,,,,,,,,,,,,,,,,,,,,,,,,,,,,,,,,,,,,,,,,,,,,,,,,,,,,,,
rsg_object_detection,dropped_oldest,1217,rsg_20260806_80_054879999_001217,dropped,True,fifo_cached_frame,1218,123,0,1093,123,0,1,0.0,58.63430800673086,frame_fifo_full,,,,,,,,,,,,,,,,,,,,,,,,,,,,,,,,,,,,,,,,,,,,,,,,,,,,,,,,,,,,,,
rsg_object_detection,dequeued,443,rsg_20260806_34_704880000_000443,,,,,,,,,,,45458.74206299777,,fifo_order,,,,,,,,,,,,,,,,,,,,,,,,,,,,,,,,,,,,,,,,,,,,,,,,,rsg_obj_000013,rsg_unknown_rsg_20260806_34_704880000_000443_007_nanosam_004,38,300,32,0.7627681548039094,,,,,,,,
rsg_object_detection,dropped_oldest,1218,rsg_20260806_80_104879999_001218,dropped,True,fifo_cached_frame,1219,123,0,1094,123,0,1,0.0,37.865819002036005,frame_fifo_full,,,,,,,,,,,,,,,,,,,,,,,,,,,,,,,,,,,,,,,,,,,,,,,,,,,,,,,,,,,,,,
rsg_object_detection,dropped_oldest,1219,rsg_20260806_80_154880000_001219,dropped,True,fifo_cached_frame,1220,123,0,1095,123,0,1,0.0,60.62242100597359,frame_fifo_full,,,,,,,,,,,,,,,,,,,,,,,,,,,,,,,,,,,,,,,,,,,,,,,,,,,,,,,,,,,,,,
rsg_object_detection,dropped_oldest,1220,rsg_20260806_80_204880000_001220,dropped,True,fifo_cached_frame,1221,123,0,1096,123,0,1,0.0,54.868373001227155,frame_fifo_full,,,,,,,,,,,,,,,,,,,,,,,,,,,,,,,,,,,,,,,,,,,,,,,,,,,,,,,,,,,,,,
rsg_object_detection,dropped_oldest,1221,rsg_20260806_80_254880000_001221,dropped,True,fifo_cached_frame,1222,123,0,1097,123,0,1,0.0,61.583447008160874,frame_fifo_full,,,,,,,,,,,,,,,,,,,,,,,,,,,,,,,,,,,,,,,,,,,,,,,,,,,,,,,,,,,,,,
rsg_object_detection,frame_trace,1210,rsg_20260806_79_604879999_001210,sent_to_hydra,,,,,,,,,,,715.7061979960417,ok,15.299092992790975,694.0561060036998,4.16123699687887,0.147572995047085,4.013664001831785,0.005472000339068472,2.318009006557986,0.23390300339087844,419.2076550098136,27.074308003648184,0.006974980351515114,446.5228409972042,124.85293598729186,27.417739009251818,4.806183016626164,62.29823599278461,29.050324999843724,74.40447200497147,61.51282299833838,7.349135004915297,3.26981300895568,1.8850490014301613,684.0,165.0,2.993481990415603,0.42854397906921804,0.2976410323753953,1.2585020012920722,0.33501599682495,0.004319008439779282,204.59023899456952,8.087259004241787,0.15358900418505073,32.33815600106027,0.04601299588102847,9.833244999754243,9.177515996270813,0.09148199751507491,0.5642470059683546,3.3562390017323196,2.1052889933343977,0.0043199979700148106,2.1842900023330003,8,0,7,0,0,,,,,,,,,,,,,,
rsg_object_detection,dropped_oldest,1223,rsg_20260806_80_404880000_001223,dropped,True,fifo_cached_frame,1224,124,0,1098,124,0,1,0.0,39.797140008886345,frame_fifo_full,,,,,,,,,,,,,,,,,,,,,,,,,,,,,,,,,,,,,,,,,,,,,,,,,,,,,,,,,,,,,,
rsg_object_detection,dropped_oldest,1224,rsg_20260806_80_454880000_001224,dropped,True,fifo_cached_frame,1225,124,0,1099,124,0,1,0.0,98.11909298878163,frame_fifo_full,,,,,,,,,,,,,,,,,,,,,,,,,,,,,,,,,,,,,,,,,,,,,,,,,,,,,,,,,,,,,,
rsg_object_detection,dropped_oldest,1225,rsg_20260806_80_554879999_001225,dropped,True,fifo_cached_frame,1226,124,0,1100,124,0,1,0.0,61.40073999995366,frame_fifo_full,,,,,,,,,,,,,,,,,,,,,,,,,,,,,,,,,,,,,,,,,,,,,,,,,,,,,,,,,,,,,,
rsg_object_detection,dropped_oldest,1226,rsg_20260806_80_604879999_001226,dropped,True,fifo_cached_frame,1227,124,0,1101,124,0,1,0.0,94.28173700871412,frame_fifo_full,,,,,,,,,,,,,,,,,,,,,,,,,,,,,,,,,,,,,,,,,,,,,,,,,,,,,,,,,,,,,,
rsg_object_detection,dropped_oldest,1227,rsg_20260806_80_704880000_001227,dropped,True,fifo_cached_frame,1228,124,0,1102,124,0,1,0.0,55.64345700258855,frame_fifo_full,,,,,,,,,,,,,,,,,,,,,,,,,,,,,,,,,,,,,,,,,,,,,,,,,,,,,,,,,,,,,,
rsg_object_detection,dropped_oldest,1228,rsg_20260806_80_754880000_001228,dropped,True,fifo_cached_frame,1229,124,0,1103,124,0,1,0.0,103.8970459921984,frame_fifo_full,,,,,,,,,,,,,,,,,,,,,,,,,,,,,,,,,,,,,,,,,,,,,,,,,,,,,,,,,,,,,,
rsg_object_detection,dropped_oldest,1229,rsg_20260806_80_804879999_001229,dropped,True,fifo_cached_frame,1230,124,0,1104,124,0,1,0.0,3.5074600018560886,frame_fifo_full,,,,,,,,,,,,,,,,,,,,,,,,,,,,,,,,,,,,,,,,,,,,,,,,,,,,,,,,,,,,,,
rsg_object_detection,dropped_oldest,1230,rsg_20260806_80_854879999_001230,dropped,True,fifo_cached_frame,1231,124,0,1105,124,0,1,0.0,60.32740799128078,frame_fifo_full,,,,,,,,,,,,,,,,,,,,,,,,,,,,,,,,,,,,,,,,,,,,,,,,,,,,,,,,,,,,,,
rsg_object_detection,frame_trace,1222,rsg_20260806_80_304879999_001222,sent_to_hydra,,,,,,,,,,,611.5714439947624,ok,10.033967002527788,565.4832680011168,33.62545599520672,0.2692929992917925,33.35616299591493,0.0025909976102411747,1.0662599961506203,0.16405200585722923,316.12214700726327,20.814536008401774,0.006911985110491514,337.10764700663276,74.76995402248576,24.41367000574246,7.157277985243127,24.424165007076226,18.024496996076778,100.42279900517315,88.88247700815555,6.609924996155314,2.9449730063788593,1.9436050060903654,693.0,166.0,3.5884130047634244,0.872706004884094,0.33786596031859517,1.3470390113070607,0.16632399638183415,0.004447996616363525,181.52439600089565,2.955787000246346,0.1318949944106862,42.65315900556743,0.044123997213318944,5.196938989683986,4.661872997530736,0.09711300663184375,0.43795298552140594,4.118488999665715,0.7130050071282312,0.0055340060498565435,2.426161998300813,8,0,8,0,0,,,,,,,,,,,,,,
rsg_object_detection,dropped_oldest,1232,rsg_20260806_80_954880000_001232,dropped,True,fifo_cached_frame,1233,125,0,1106,125,0,1,0.0,28.657588991336524,frame_fifo_full,,,,,,,,,,,,,,,,,,,,,,,,,,,,,,,,,,,,,,,,,,,,,,,,,,,,,,,,,,,,,,
rsg_object_detection,dropped_oldest,1233,rsg_20260806_81_004879999_001233,dropped,True,fifo_cached_frame,1234,125,0,1107,125,0,1,0.0,46.89269499795046,frame_fifo_full,,,,,,,,,,,,,,,,,,,,,,,,,,,,,,,,,,,,,,,,,,,,,,,,,,,,,,,,,,,,,,
rsg_object_detection,dropped_oldest,1234,rsg_20260806_81_054879999_001234,dropped,True,fifo_cached_frame,1235,125,0,1108,125,0,1,0.0,50.616267006262206,frame_fifo_full,,,,,,,,,,,,,,,,,,,,,,,,,,,,,,,,,,,,,,,,,,,,,,,,,,,,,,,,,,,,,,
rsg_object_detection,dropped_oldest,1235,rsg_20260806_81_104879999_001235,dropped,True,fifo_cached_frame,1236,125,0,1109,125,0,1,0.0,51.80747699341737,frame_fifo_full,,,,,,,,,,,,,,,,,,,,,,,,,,,,,,,,,,,,,,,,,,,,,,,,,,,,,,,,,,,,,,
rsg_object_detection,dropped_oldest,1236,rsg_20260806_81_154880000_001236,dropped,True,fifo_cached_frame,1237,125,0,1110,125,0,1,0.0,51.50714699993841,frame_fifo_full,,,,,,,,,,,,,,,,,,,,,,,,,,,,,,,,,,,,,,,,,,,,,,,,,,,,,,,,,,,,,,
rsg_object_detection,dropped_oldest,1237,rsg_20260806_81_204880000_001237,dropped,True,fifo_cached_frame,1238,125,0,1111,125,0,1,0.0,47.98231199674774,frame_fifo_full,,,,,,,,,,,,,,,,,,,,,,,,,,,,,,,,,,,,,,,,,,,,,,,,,,,,,,,,,,,,,,
rsg_object_detection,dropped_oldest,1238,rsg_20260806_81_254880000_001238,dropped,True,fifo_cached_frame,1239,125,0,1112,125,0,1,0.0,50.67604400392156,frame_fifo_full,,,,,,,,,,,,,,,,,,,,,,,,,,,,,,,,,,,,,,,,,,,,,,,,,,,,,,,,,,,,,,
rsg_object_detection,dropped_oldest,1239,rsg_20260806_81_304879999_001239,dropped,True,fifo_cached_frame,1240,125,0,1113,125,0,1,0.0,73.9867869997397,frame_fifo_full,,,,,,,,,,,,,,,,,,,,,,,,,,,,,,,,,,,,,,,,,,,,,,,,,,,,,,,,,,,,,,
rsg_object_detection,dropped_oldest,1240,rsg_20260806_81_354879999_001240,dropped,True,fifo_cached_frame,1241,125,0,1114,125,0,1,0.0,38.75350800808519,frame_fifo_full,,,,,,,,,,,,,,,,,,,,,,,,,,,,,,,,,,,,,,,,,,,,,,,,,,,,,,,,,,,,,,
rsg_object_detection,dropped_oldest,1241,rsg_20260806_81_404880000_001241,dropped,True,fifo_cached_frame,1242,125,0,1115,125,0,1,0.0,88.81986699998379,frame_fifo_full,,,,,,,,,,,,,,,,,,,,,,,,,,,,,,,,,,,,,,,,,,,,,,,,,,,,,,,,,,,,,,
rsg_object_detection,dropped_oldest,1242,rsg_20260806_81_504880000_001242,dropped,True,fifo_cached_frame,1243,125,0,1116,125,0,1,0.0,66.47116599197034,frame_fifo_full,,,,,,,,,,,,,,,,,,,,,,,,,,,,,,,,,,,,,,,,,,,,,,,,,,,,,,,,,,,,,,
rsg_object_detection,frame_trace,1231,rsg_20260806_80_904880000_001231,sent_to_hydra,,,,,,,,,,,652.9113560100086,ok,14.986859998316504,592.765788998804,42.74448000069242,0.12373500794637948,42.62074499274604,0.003007997293025255,5.661992996465415,0.2003050030907616,338.0208050075453,17.855198006145656,0.006911985110491514,356.0832200018922,102.05110900278669,35.07178899599239,4.268494973075576,52.756726028746925,9.362623022752814,78.6139749980066,64.9054219975369,8.288844997878186,3.23506401036866,2.1426619932753965,747.0,168.0,3.6955129908164963,0.8173170062946156,0.3187279944540933,1.3709409977309406,0.6820309936301783,0.005120004061609507,187.57278099656105,4.217905006953515,0.14712499978486449,39.038895003614016,0.0438699935330078,10.425075000966899,9.81619099911768,0.09618500189390033,0.5126989999553189,3.8557880034204572,0.7011010020505637,0.004895991878584027,2.411219014902599,8,0,8,0,0,,,,,,,,,,,,,,
rsg_object_detection,dropped_oldest,1244,rsg_20260806_81_604879999_001244,dropped,True,fifo_cached_frame,1245,126,0,1117,126,0,1,0.0,46.220043004723266,frame_fifo_full,,,,,,,,,,,,,,,,,,,,,,,,,,,,,,,,,,,,,,,,,,,,,,,,,,,,,,,,,,,,,,
rsg_object_detection,dropped_oldest,1245,rsg_20260806_81_654880000_001245,dropped,True,fifo_cached_frame,1246,126,0,1118,126,0,1,0.0,91.17534599499777,frame_fifo_full,,,,,,,,,,,,,,,,,,,,,,,,,,,,,,,,,,,,,,,,,,,,,,,,,,,,,,,,,,,,,,
rsg_object_detection,dropped_oldest,1246,rsg_20260806_81_754880000_001246,dropped,True,fifo_cached_frame,1247,126,0,1119,126,0,1,0.0,51.04843300068751,frame_fifo_full,,,,,,,,,,,,,,,,,,,,,,,,,,,,,,,,,,,,,,,,,,,,,,,,,,,,,,,,,,,,,,
rsg_object_detection,dropped_oldest,1247,rsg_20260806_81_804879999_001247,dropped,True,fifo_cached_frame,1248,126,0,1120,126,0,1,0.0,98.1778200075496,frame_fifo_full,,,,,,,,,,,,,,,,,,,,,,,,,,,,,,,,,,,,,,,,,,,,,,,,,,,,,,,,,,,,,,
rsg_object_detection,dropped_oldest,1248,rsg_20260806_81_904880000_001248,dropped,True,fifo_cached_frame,1249,126,0,1121,126,0,1,0.0,48.876492990530096,frame_fifo_full,,,,,,,,,,,,,,,,,,,,,,,,,,,,,,,,,,,,,,,,,,,,,,,,,,,,,,,,,,,,,,
rsg_object_detection,dropped_oldest,1249,rsg_20260806_81_954880000_001249,dropped,True,fifo_cached_frame,1250,126,0,1122,126,0,1,0.0,50.38172801141627,frame_fifo_full,,,,,,,,,,,,,,,,,,,,,,,,,,,,,,,,,,,,,,,,,,,,,,,,,,,,,,,,,,,,,,
rsg_object_detection,dropped_oldest,1250,rsg_20260806_82_004879999_001250,dropped,True,fifo_cached_frame,1251,126,0,1123,126,0,1,0.0,55.69741199724376,frame_fifo_full,,,,,,,,,,,,,,,,,,,,,,,,,,,,,,,,,,,,,,,,,,,,,,,,,,,,,,,,,,,,,,
rsg_object_detection,dropped_oldest,1251,rsg_20260806_82_054879999_001251,dropped,True,fifo_cached_frame,1252,126,0,1124,126,0,1,0.0,57.83236199931707,frame_fifo_full,,,,,,,,,,,,,,,,,,,,,,,,,,,,,,,,,,,,,,,,,,,,,,,,,,,,,,,,,,,,,,
rsg_object_detection,dropped_oldest,1252,rsg_20260806_82_104879999_001252,dropped,True,fifo_cached_frame,1253,126,0,1125,126,0,1,0.0,192.94901000102982,frame_fifo_full,,,,,,,,,,,,,,,,,,,,,,,,,,,,,,,,,,,,,,,,,,,,,,,,,,,,,,,,,,,,,,
rsg_object_detection,dropped_oldest,1253,rsg_20260806_82_154880000_001253,dropped,True,fifo_cached_frame,1254,126,0,1126,126,0,1,0.0,5.338721995940432,frame_fifo_full,,,,,,,,,,,,,,,,,,,,,,,,,,,,,,,,,,,,,,,,,,,,,,,,,,,,,,,,,,,,,,
rsg_object_detection,dropped_oldest,1254,rsg_20260806_82_204880000_001254,dropped,True,fifo_cached_frame,1255,126,0,1127,126,0,1,0.0,6.59210400772281,frame_fifo_full,,,,,,,,,,,,,,,,,,,,,,,,,,,,,,,,,,,,,,,,,,,,,,,,,,,,,,,,,,,,,,
rsg_object_detection,dropped_oldest,1255,rsg_20260806_82_254880000_001255,dropped,True,fifo_cached_frame,1256,126,0,1128,126,0,1,0.0,6.4439220004715025,frame_fifo_full,,,,,,,,,,,,,,,,,,,,,,,,,,,,,,,,,,,,,,,,,,,,,,,,,,,,,,,,,,,,,,
rsg_object_detection,dropped_oldest,1256,rsg_20260806_82_304879999_001256,dropped,True,fifo_cached_frame,1257,126,0,1129,126,0,1,0.0,59.114484989549965,frame_fifo_full,,,,,,,,,,,,,,,,,,,,,,,,,,,,,,,,,,,,,,,,,,,,,,,,,,,,,,,,,,,,,,
rsg_object_detection,dropped_oldest,1257,rsg_20260806_82_354879999_001257,dropped,True,fifo_cached_frame,1258,126,0,1130,126,0,1,0.0,18.83724200888537,frame_fifo_full,,,,,,,,,,,,,,,,,,,,,,,,,,,,,,,,,,,,,,,,,,,,,,,,,,,,,,,,,,,,,,
rsg_object_detection,frame_trace,1243,rsg_20260806_81_554879999_001243,sent_to_hydra,,,,,,,,,,,833.8706469949102,ok,16.821322991745546,773.5522209986812,40.25612000259571,0.20961699192412198,40.046503010671586,0.003712004399858415,7.082148003973998,0.24695799220353365,449.08540799224284,19.757462010602467,0.006911999662406743,469.09673999471124,129.01195998711046,29.733514951658435,9.523030006675981,63.005559975863434,26.06446499703452,112.52447799779475,85.59859999513719,17.06181699410081,7.793970013153739,2.0306070073274896,704.0,169.0,3.9611230022273958,0.8543049625586718,0.31588303681928664,1.3998680078657344,0.32695299887564033,0.0039669976104050875,248.41383199964184,7.365135999862105,0.14248599472921342,41.40698499395512,0.044894011807627976,8.612022997112945,8.046814997214824,0.08508199243806303,0.48012600746005774,7.528932997956872,0.6766879960196093,0.003679000656120479,3.23727099748794,8,0,8,0,0,,,,,,,,,,,,,,
rsg_object_detection,dropped_oldest,1259,rsg_20260806_82_504880000_001259,dropped,True,fifo_cached_frame,1260,127,0,1131,127,0,1,0.0,48.638466992997564,frame_fifo_full,,,,,,,,,,,,,,,,,,,,,,,,,,,,,,,,,,,,,,,,,,,,,,,,,,,,,,,,,,,,,,
rsg_object_detection,dropped_oldest,1260,rsg_20260806_82_554879999_001260,dropped,True,fifo_cached_frame,1261,127,0,1132,127,0,1,0.0,104.60162599338219,frame_fifo_full,,,,,,,,,,,,,,,,,,,,,,,,,,,,,,,,,,,,,,,,,,,,,,,,,,,,,,,,,,,,,,
rsg_object_detection,dropped_oldest,1261,rsg_20260806_82_654880000_001261,dropped,True,fifo_cached_frame,1262,127,0,1133,127,0,1,0.0,48.287643992807716,frame_fifo_full,,,,,,,,,,,,,,,,,,,,,,,,,,,,,,,,,,,,,,,,,,,,,,,,,,,,,,,,,,,,,,
rsg_object_detection,dropped_oldest,1262,rsg_20260806_82_704880000_001262,dropped,True,fifo_cached_frame,1263,127,0,1134,127,0,1,0.0,50.653907004743814,frame_fifo_full,,,,,,,,,,,,,,,,,,,,,,,,,,,,,,,,,,,,,,,,,,,,,,,,,,,,,,,,,,,,,,
rsg_object_detection,dropped_oldest,1263,rsg_20260806_82_754880000_001263,dropped,True,fifo_cached_frame,1264,127,0,1135,127,0,1,0.0,51.0679250000976,frame_fifo_full,,,,,,,,,,,,,,,,,,,,,,,,,,,,,,,,,,,,,,,,,,,,,,,,,,,,,,,,,,,,,,
rsg_object_detection,dropped_oldest,1264,rsg_20260806_82_804879999_001264,dropped,True,fifo_cached_frame,1265,127,0,1136,127,0,1,0.0,125.4078140045749,frame_fifo_full,,,,,,,,,,,,,,,,,,,,,,,,,,,,,,,,,,,,,,,,,,,,,,,,,,,,,,,,,,,,,,
rsg_object_detection,dropped_oldest,1265,rsg_20260806_82_904880000_001265,dropped,True,fifo_cached_frame,1266,127,0,1137,127,0,1,0.0,23.323768997215666,frame_fifo_full,,,,,,,,,,,,,,,,,,,,,,,,,,,,,,,,,,,,,,,,,,,,,,,,,,,,,,,,,,,,,,
rsg_object_detection,dropped_oldest,1266,rsg_20260806_82_954880000_001266,dropped,True,fifo_cached_frame,1267,127,0,1138,127,0,1,0.0,58.69700999755878,frame_fifo_full,,,,,,,,,,,,,,,,,,,,,,,,,,,,,,,,,,,,,,,,,,,,,,,,,,,,,,,,,,,,,,
rsg_object_detection,frame_trace,1258,rsg_20260806_82_404880000_001258,sent_to_hydra,,,,,,,,,,,621.2264030036749,ok,15.565125009743497,570.4754139878787,32.48573699966073,0.15339699166361243,32.33234000799712,0.0032320094760507345,1.096146006602794,0.2283990033902228,341.31810600229073,22.345535006024875,0.007806986104696989,363.8998469978105,63.00502200610936,22.809531015809625,4.383751016575843,23.920046995044686,11.340692013618536,78.63260700833052,64.51912199554499,7.476808998035267,3.169468996929936,3.408460004720837,790.0,171.0,5.596621020231396,8.493153029121459,0.4828449309570715,1.2879400019301102,0.33242399513255805,0.0042869942262768745,157.84836999955587,4.998393997084349,0.27338899963069707,42.313800993724726,0.04546699346974492,11.048584012314677,10.432469003717415,0.09113000123761594,0.5249850073596463,3.6391640023794025,0.8697940065758303,0.007582988473586738,2.696894996915944,8,0,8,0,0,,,,,,,,,,,,,,
rsg_object_detection,dropped_oldest,1268,rsg_20260806_83_054879999_001268,dropped,True,fifo_cached_frame,1269,128,0,1139,128,0,1,0.0,89.63636199769098,frame_fifo_full,,,,,,,,,,,,,,,,,,,,,,,,,,,,,,,,,,,,,,,,,,,,,,,,,,,,,,,,,,,,,,
rsg_object_detection,dropped_oldest,1269,rsg_20260806_83_154880000_001269,dropped,True,fifo_cached_frame,1270,128,0,1140,128,0,1,0.0,49.80699100997299,frame_fifo_full,,,,,,,,,,,,,,,,,,,,,,,,,,,,,,,,,,,,,,,,,,,,,,,,,,,,,,,,,,,,,,
rsg_object_detection,dropped_oldest,1270,rsg_20260806_83_204880000_001270,dropped,True,fifo_cached_frame,1271,128,0,1141,128,0,1,0.0,103.24371200113092,frame_fifo_full,,,,,,,,,,,,,,,,,,,,,,,,,,,,,,,,,,,,,,,,,,,,,,,,,,,,,,,,,,,,,,
rsg_object_detection,dropped_oldest,1271,rsg_20260806_83_304879999_001271,dropped,True,fifo_cached_frame,1272,128,0,1142,128,0,1,0.0,100.16153799369931,frame_fifo_full,,,,,,,,,,,,,,,,,,,,,,,,,,,,,,,,,,,,,,,,,,,,,,,,,,,,,,,,,,,,,,
rsg_object_detection,dropped_oldest,1272,rsg_20260806_83_404880000_001272,dropped,True,fifo_cached_frame,1273,128,0,1143,128,0,1,0.0,108.89118499471806,frame_fifo_full,,,,,,,,,,,,,,,,,,,,,,,,,,,,,,,,,,,,,,,,,,,,,,,,,,,,,,,,,,,,,,
rsg_object_detection,dropped_oldest,1273,rsg_20260806_83_454880000_001273,dropped,True,fifo_cached_frame,1274,128,0,1144,128,0,1,0.0,8.61099999747239,frame_fifo_full,,,,,,,,,,,,,,,,,,,,,,,,,,,,,,,,,,,,,,,,,,,,,,,,,,,,,,,,,,,,,,
rsg_object_detection,dropped_oldest,1274,rsg_20260806_83_504880000_001274,dropped,True,fifo_cached_frame,1275,128,0,1145,128,0,1,0.0,32.142852011020295,frame_fifo_full,,,,,,,,,,,,,,,,,,,,,,,,,,,,,,,,,,,,,,,,,,,,,,,,,,,,,,,,,,,,,,
rsg_object_detection,dropped_oldest,1275,rsg_20260806_83_554879999_001275,dropped,True,fifo_cached_frame,1276,128,0,1146,128,0,1,0.0,51.9420120108407,frame_fifo_full,,,,,,,,,,,,,,,,,,,,,,,,,,,,,,,,,,,,,,,,,,,,,,,,,,,,,,,,,,,,,,
rsg_object_detection,frame_trace,1267,rsg_20260806_83_004879999_001267,sent_to_hydra,,,,,,,,,,,593.7400890106801,ok,14.27664200309664,533.0087909969734,43.470165008329786,0.16930000856518745,43.3008649997646,0.0057919969549402595,5.786113004432991,0.19659400277305394,344.30110799439717,18.42268199834507,0.006432004738599062,362.9268160002539,53.72236501716543,13.538261991925538,3.796913006226532,26.432572994963266,9.52690199483186,60.363008989952505,54.68546401243657,1.7528349999338388,1.6536089970031753,2.218274006736465,653.0,174.0,3.5772480187006295,1.7760310147423297,0.34509696706663817,1.3184660056140274,0.3797810059040785,0.004799003363586962,121.50394699710887,9.471130993915722,0.13682300050277263,33.12649400322698,0.05746699753217399,6.621510008699261,5.951797997113317,0.11343200458213687,0.5562800070038065,7.109571000910364,0.5411769961938262,0.004383997293189168,2.978699005325325,6,0,6,0,0,,,,,,,,,,,,,,
rsg_object_detection,dropped_oldest,1277,rsg_20260806_83_654880000_001277,dropped,True,fifo_cached_frame,1278,129,0,1147,129,0,1,0.0,51.63057800382376,frame_fifo_full,,,,,,,,,,,,,,,,,,,,,,,,,,,,,,,,,,,,,,,,,,,,,,,,,,,,,,,,,,,,,,
rsg_object_detection,dropped_oldest,1278,rsg_20260806_83_704880000_001278,dropped,True,fifo_cached_frame,1279,129,0,1148,129,0,1,0.0,50.181337996036746,frame_fifo_full,,,,,,,,,,,,,,,,,,,,,,,,,,,,,,,,,,,,,,,,,,,,,,,,,,,,,,,,,,,,,,
rsg_object_detection,dropped_oldest,1279,rsg_20260806_83_754880000_001279,dropped,True,fifo_cached_frame,1280,129,0,1149,129,0,1,0.0,49.69010900822468,frame_fifo_full,,,,,,,,,,,,,,,,,,,,,,,,,,,,,,,,,,,,,,,,,,,,,,,,,,,,,,,,,,,,,,
rsg_object_detection,dropped_oldest,1280,rsg_20260806_83_804879999_001280,dropped,True,fifo_cached_frame,1281,129,0,1150,129,0,1,0.0,52.241477998904884,frame_fifo_full,,,,,,,,,,,,,,,,,,,,,,,,,,,,,,,,,,,,,,,,,,,,,,,,,,,,,,,,,,,,,,
rsg_object_detection,dropped_oldest,1281,rsg_20260806_83_854879999_001281,dropped,True,fifo_cached_frame,1282,129,0,1151,129,0,1,0.0,52.92027800169308,frame_fifo_full,,,,,,,,,,,,,,,,,,,,,,,,,,,,,,,,,,,,,,,,,,,,,,,,,,,,,,,,,,,,,,
rsg_object_detection,dropped_oldest,1282,rsg_20260806_83_904880000_001282,dropped,True,fifo_cached_frame,1283,129,0,1152,129,0,1,0.0,47.953818007954396,frame_fifo_full,,,,,,,,,,,,,,,,,,,,,,,,,,,,,,,,,,,,,,,,,,,,,,,,,,,,,,,,,,,,,,
rsg_object_detection,dropped_oldest,1283,rsg_20260806_83_954880000_001283,dropped,True,fifo_cached_frame,1284,129,0,1153,129,0,1,0.0,50.571454004966654,frame_fifo_full,,,,,,,,,,,,,,,,,,,,,,,,,,,,,,,,,,,,,,,,,,,,,,,,,,,,,,,,,,,,,,
rsg_object_detection,dropped_oldest,1284,rsg_20260806_84_004879999_001284,dropped,True,fifo_cached_frame,1285,129,0,1154,129,0,1,0.0,71.44723999954294,frame_fifo_full,,,,,,,,,,,,,,,,,,,,,,,,,,,,,,,,,,,,,,,,,,,,,,,,,,,,,,,,,,,,,,
rsg_object_detection,dropped_oldest,1285,rsg_20260806_84_054879999_001285,dropped,True,fifo_cached_frame,1286,129,0,1155,129,0,1,0.0,34.54930400766898,frame_fifo_full,,,,,,,,,,,,,,,,,,,,,,,,,,,,,,,,,,,,,,,,,,,,,,,,,,,,,,,,,,,,,,
rsg_object_detection,dropped_oldest,1286,rsg_20260806_84_104879999_001286,dropped,True,fifo_cached_frame,1287,129,0,1156,129,0,1,0.0,42.82096899987664,frame_fifo_full,,,,,,,,,,,,,,,,,,,,,,,,,,,,,,,,,,,,,,,,,,,,,,,,,,,,,,,,,,,,,,
rsg_object_detection,dropped_oldest,1287,rsg_20260806_84_154880000_001287,dropped,True,fifo_cached_frame,1288,129,0,1157,129,0,1,0.0,51.617428005556576,frame_fifo_full,,,,,,,,,,,,,,,,,,,,,,,,,,,,,,,,,,,,,,,,,,,,,,,,,,,,,,,,,,,,,,
rsg_object_detection,frame_trace,1276,rsg_20260806_83_604879999_001276,sent_to_hydra,,,,,,,,,,,609.0867939929012,ok,13.788741998723708,563.5583060065983,27.087789989309385,0.1469979906687513,26.940791998640634,0.004320012521930039,1.444857000024058,0.19454599532764405,341.60992900433484,22.267558990279213,0.0076160067692399025,364.07964999671094,56.99624202679843,20.502694009337574,4.220400005578995,21.167286002309993,10.54718199884519,85.91519799665548,77.01785099925473,3.4067009983118623,3.063429001485929,2.3785500088706613,782.0,175.0,4.328876006184146,3.102115006186068,0.3969929675804451,1.4283130003605038,0.181202995008789,0.004704008460976183,152.37041100044735,6.844406001619063,0.12847100151702762,38.644051004666835,0.046460001613013446,9.590098008629866,9.008410997921601,0.09333700290881097,0.48835000779945403,3.507205008645542,0.6862229929538444,0.005215988494455814,4.647635985747911,8,0,8,0,0,,,,,,,,,,,,,,
rsg_object_detection,dropped_oldest,1289,rsg_20260806_84_254880000_001289,dropped,True,fifo_cached_frame,1290,130,0,1158,130,0,1,0.0,99.2681730131153,frame_fifo_full,,,,,,,,,,,,,,,,,,,,,,,,,,,,,,,,,,,,,,,,,,,,,,,,,,,,,,,,,,,,,,
rsg_object_detection,dropped_oldest,1290,rsg_20260806_84_354879999_001290,dropped,True,fifo_cached_frame,1291,130,0,1159,130,0,1,0.0,51.25003500143066,frame_fifo_full,,,,,,,,,,,,,,,,,,,,,,,,,,,,,,,,,,,,,,,,,,,,,,,,,,,,,,,,,,,,,,
rsg_object_detection,dropped_oldest,1291,rsg_20260806_84_404880000_001291,dropped,True,fifo_cached_frame,1292,130,0,1160,130,0,1,0.0,52.20334300247487,frame_fifo_full,,,,,,,,,,,,,,,,,,,,,,,,,,,,,,,,,,,,,,,,,,,,,,,,,,,,,,,,,,,,,,
rsg_object_detection,dropped_oldest,1292,rsg_20260806_84_454880000_001292,dropped,True,fifo_cached_frame,1293,130,0,1161,130,0,1,0.0,99.91375901154242,frame_fifo_full,,,,,,,,,,,,,,,,,,,,,,,,,,,,,,,,,,,,,,,,,,,,,,,,,,,,,,,,,,,,,,
rsg_object_detection,dropped_oldest,1293,rsg_20260806_84_554879999_001293,dropped,True,fifo_cached_frame,1294,130,0,1162,130,0,1,0.0,130.21648999711033,frame_fifo_full,,,,,,,,,,,,,,,,,,,,,,,,,,,,,,,,,,,,,,,,,,,,,,,,,,,,,,,,,,,,,,
rsg_object_detection,dropped_oldest,1294,rsg_20260806_84_654880000_001294,dropped,True,fifo_cached_frame,1295,130,0,1163,130,0,1,0.0,36.61242399539333,frame_fifo_full,,,,,,,,,,,,,,,,,,,,,,,,,,,,,,,,,,,,,,,,,,,,,,,,,,,,,,,,,,,,,,
rsg_object_detection,dropped_oldest,1295,rsg_20260806_84_704880000_001295,dropped,True,fifo_cached_frame,1296,130,0,1164,130,0,1,0.0,37.53885500191245,frame_fifo_full,,,,,,,,,,,,,,,,,,,,,,,,,,,,,,,,,,,,,,,,,,,,,,,,,,,,,,,,,,,,,,
rsg_object_detection,dropped_oldest,1296,rsg_20260806_84_754880000_001296,dropped,True,fifo_cached_frame,1297,130,0,1165,130,0,1,0.0,68.00157400721218,frame_fifo_full,,,,,,,,,,,,,,,,,,,,,,,,,,,,,,,,,,,,,,,,,,,,,,,,,,,,,,,,,,,,,,
rsg_object_detection,dropped_oldest,1297,rsg_20260806_84_804879999_001297,dropped,True,fifo_cached_frame,1298,130,0,1166,131,0,1,0.0,37.22594800638035,frame_fifo_full,,,,,,,,,,,,,,,,,,,,,,,,,,,,,,,,,,,,,,,,,,,,,,,,,,,,,,,,,,,,,,
rsg_object_detection,frame_trace,1288,rsg_20260806_84_204880000_001288,sent_to_hydra,,,,,,,,,,,633.9660349913174,ok,16.738067992264405,576.0123880027095,38.30769099295139,0.19579399668145925,38.111896996269934,0.005440000677481294,3.1547500111628324,0.27130800299346447,325.8442749938695,22.833537004771642,0.0086719956016168,348.9577919972362,95.3829470090568,24.419853973085992,4.742925986647606,48.83638299361337,16.798544020275585,78.81366599758621,66.13716299762018,7.50858400715515,2.9568129975814372,2.1689009881811216,763.0,175.0,3.6552270321408287,1.31008199241478,0.3244889812776819,1.3607349974336103,0.33843998971860856,0.0044800108298659325,181.20782400364988,4.6525309880962595,0.13487099204212427,37.847471990971826,0.05714801955036819,12.076864994014613,11.32885500555858,0.11864700354635715,0.629362984909676,3.974243998527527,0.6820959970355034,0.00486300268676132,2.9024480027146637,8,0,8,0,0,,,,,,,,,,,,,,
rsg_object_detection,dropped_oldest,1299,rsg_20260806_84_954880000_001299,dropped,True,fifo_cached_frame,1300,131,0,1167,131,0,1,0.0,51.94627300079446,frame_fifo_full,,,,,,,,,,,,,,,,,,,,,,,,,,,,,,,,,,,,,,,,,,,,,,,,,,,,,,,,,,,,,,
rsg_object_detection,dropped_oldest,1300,rsg_20260806_85_004879999_001300,dropped,True,fifo_cached_frame,1301,131,0,1168,131,0,1,0.0,50.3438589948928,frame_fifo_full,,,,,,,,,,,,,,,,,,,,,,,,,,,,,,,,,,,,,,,,,,,,,,,,,,,,,,,,,,,,,,
rsg_object_detection,dropped_oldest,1301,rsg_20260806_85_054879999_001301,dropped,True,fifo_cached_frame,1302,131,0,1169,131,0,1,0.0,49.610888003371656,frame_fifo_full,,,,,,,,,,,,,,,,,,,,,,,,,,,,,,,,,,,,,,,,,,,,,,,,,,,,,,,,,,,,,,
rsg_object_detection,dropped_oldest,1302,rsg_20260806_85_104879999_001302,dropped,True,fifo_cached_frame,1303,131,0,1170,131,0,1,0.0,47.54041199339554,frame_fifo_full,,,,,,,,,,,,,,,,,,,,,,,,,,,,,,,,,,,,,,,,,,,,,,,,,,,,,,,,,,,,,,
rsg_object_detection,dropped_oldest,1303,rsg_20260806_85_154880000_001303,dropped,True,fifo_cached_frame,1304,131,0,1171,131,0,1,0.0,103.35344899795018,frame_fifo_full,,,,,,,,,,,,,,,,,,,,,,,,,,,,,,,,,,,,,,,,,,,,,,,,,,,,,,,,,,,,,,
rsg_object_detection,dropped_oldest,1304,rsg_20260806_85_254880000_001304,dropped,True,fifo_cached_frame,1305,131,0,1172,131,0,1,0.0,69.33758201193996,frame_fifo_full,,,,,,,,,,,,,,,,,,,,,,,,,,,,,,,,,,,,,,,,,,,,,,,,,,,,,,,,,,,,,,
rsg_object_detection,dropped_oldest,1305,rsg_20260806_85_304879999_001305,dropped,True,fifo_cached_frame,1306,131,0,1173,131,0,1,0.0,43.439589004265144,frame_fifo_full,,,,,,,,,,,,,,,,,,,,,,,,,,,,,,,,,,,,,,,,,,,,,,,,,,,,,,,,,,,,,,
rsg_object_detection,dropped_oldest,1306,rsg_20260806_85_354879999_001306,dropped,True,fifo_cached_frame,1307,131,0,1174,131,0,1,0.0,87.68862500437535,frame_fifo_full,,,,,,,,,,,,,,,,,,,,,,,,,,,,,,,,,,,,,,,,,,,,,,,,,,,,,,,,,,,,,,
rsg_object_detection,dropped_oldest,1307,rsg_20260806_85_454880000_001307,dropped,True,fifo_cached_frame,1308,131,0,1175,132,0,1,0.0,79.51416799915023,frame_fifo_full,,,,,,,,,,,,,,,,,,,,,,,,,,,,,,,,,,,,,,,,,,,,,,,,,,,,,,,,,,,,,,
rsg_object_detection,frame_trace,1298,rsg_20260806_84_854879999_001298,sent_to_hydra,,,,,,,,,,,643.5759099986171,ok,9.419745008926839,625.1930940052262,4.98425199475605,0.1303269964409992,4.853924998315051,0.004959991201758385,2.690175999305211,0.2001129905693233,357.6535869942745,26.522522006416693,0.007104012183845043,384.3833260034444,148.2388670265209,12.666138005442917,4.1872210131259635,102.81148398644291,28.107308011385612,44.12529998808168,36.89935199508909,3.5029820137424394,1.7243250040337443,1.958900989848189,672.0,178.0,2.600039981189184,4.563259004498832,0.28660098905675113,1.0493019944988191,0.19173100008629262,0.004511006409302354,201.07532099063974,2.3099479876691476,0.12610299745574594,34.5621430024039,0.04607702430803329,5.210636998526752,4.588376003084704,0.08738601172808558,0.5348749837139621,3.654522995930165,0.5502330022864044,0.004352012183517218,3.97385899850633,6,0,6,0,0,,,,,,,,,,,,,,
rsg_object_detection,dropped_oldest,1309,rsg_20260806_85_554879999_001309,dropped,True,fifo_cached_frame,1310,132,0,1176,132,0,1,0.0,37.909424005192704,frame_fifo_full,,,,,,,,,,,,,,,,,,,,,,,,,,,,,,,,,,,,,,,,,,,,,,,,,,,,,,,,,,,,,,
rsg_object_detection,dropped_oldest,1310,rsg_20260806_85_604879999_001310,dropped,True,fifo_cached_frame,1311,132,0,1177,132,0,1,0.0,49.750787002267316,frame_fifo_full,,,,,,,,,,,,,,,,,,,,,,,,,,,,,,,,,,,,,,,,,,,,,,,,,,,,,,,,,,,,,,
rsg_object_detection,dropped_oldest,1311,rsg_20260806_85_654880000_001311,dropped,True,fifo_cached_frame,1312,132,0,1178,132,0,1,0.0,51.713495995500125,frame_fifo_full,,,,,,,,,,,,,,,,,,,,,,,,,,,,,,,,,,,,,,,,,,,,,,,,,,,,,,,,,,,,,,
rsg_object_detection,dropped_oldest,1312,rsg_20260806_85_704880000_001312,dropped,True,fifo_cached_frame,1313,132,0,1179,132,0,1,0.0,102.63767100695986,frame_fifo_full,,,,,,,,,,,,,,,,,,,,,,,,,,,,,,,,,,,,,,,,,,,,,,,,,,,,,,,,,,,,,,
rsg_object_detection,dropped_oldest,1313,rsg_20260806_85_804879999_001313,dropped,True,fifo_cached_frame,1314,132,0,1180,132,0,1,0.0,45.213415010948665,frame_fifo_full,,,,,,,,,,,,,,,,,,,,,,,,,,,,,,,,,,,,,,,,,,,,,,,,,,,,,,,,,,,,,,
rsg_object_detection,dropped_oldest,1314,rsg_20260806_85_854879999_001314,dropped,True,fifo_cached_frame,1315,132,0,1181,132,0,1,0.0,79.16318599018268,frame_fifo_full,,,,,,,,,,,,,,,,,,,,,,,,,,,,,,,,,,,,,,,,,,,,,,,,,,,,,,,,,,,,,,
rsg_object_detection,dropped_oldest,1315,rsg_20260806_85_904880000_001315,dropped,True,fifo_cached_frame,1316,132,0,1182,132,0,1,0.0,70.82528401224408,frame_fifo_full,,,,,,,,,,,,,,,,,,,,,,,,,,,,,,,,,,,,,,,,,,,,,,,,,,,,,,,,,,,,,,
rsg_object_detection,,443,rsg_20260806_34_704880000_000443,vlm_failed,,,,,,,,,,,,"{""label"":""unknown_object"",""label_confidence"":0.0,""mobility_class"":""unknown"",""mobility_confidence"":0.0}",,,,,,,,,,,,,,,,,,,,,,,,,,,,,,,,,,,,,,,,,,,,,,,,,rsg_obj_000013,rsg_unknown_rsg_20260806_34_704880000_000443_007_nanosam_004,,,32,0.7627681548039094,unknown_object,0.0,unknown,0.0,5916.337699993164,51375.08104299195,qwen_http,Qwen3-VL-8B-Instruct-GGUF
rsg_object_detection,completed,443,rsg_20260806_34_704880000_000443,,,,,,,,,,,45458.74206299777,,vlm_failed,,,,,,,,,,,,,,,,,,,,,,,,,,,,,,,,,,,,,,,,,,,,,,,,,rsg_obj_000013,rsg_unknown_rsg_20260806_34_704880000_000443_007_nanosam_004,40,300,32,0.7627681548039094,,,,,,,,
rsg_object_detection,frame_trace,1308,rsg_20260806_85_504880000_001308,sent_to_hydra,,,,,,,,,,,526.1039140023058,ok,12.447464003344066,506.99132500449196,4.738126008305699,0.1670600031502545,4.571066005155444,0.0030400115065276623,2.258655003970489,1.178284001071006,332.0144299941603,16.823855999973603,0.010015006409958005,350.0265850016149,61.93676700058859,12.869322003098205,4.521981012658216,29.114597011357546,15.024303997051902,42.889869000646286,36.61729300802108,3.109729994321242,1.2012590013910085,1.9185190030839294,629.0,179.0,2.746651996858418,4.788684003870003,0.30839200189802796,0.932605005800724,0.37626099947374314,0.004991990863345563,114.00134100404102,5.744230002164841,0.1497490011388436,34.7746399929747,0.036124998587183654,8.416102995397523,7.80811499862466,0.11026400898117572,0.49772398779168725,3.3710240095388144,0.6553770072059706,0.004959991201758385,1.9239589746575803,5,0,5,0,0,,,,,,,,,,,,,,
rsg_object_detection,dequeued,462,rsg_20260806_35_804879999_000462,,,,,,,,,,,49224.62776499742,,fifo_order,,,,,,,,,,,,,,,,,,,,,,,,,,,,,,,,,,,,,,,,,,,,,,,,,rsg_obj_000029,rsg_unknown_rsg_20260806_35_804879999_000462_007_nanosam_004,39,300,3,0.388591666208182,,,,,,,,
rsg_object_detection,dropped_oldest,1317,rsg_20260806_86_104879999_001317,dropped,True,fifo_cached_frame,1318,133,0,1183,133,0,1,0.0,48.76551301276777,frame_fifo_full,,,,,,,,,,,,,,,,,,,,,,,,,,,,,,,,,,,,,,,,,,,,,,,,,,,,,,,,,,,,,,
rsg_object_detection,dropped_oldest,1318,rsg_20260806_86_154880000_001318,dropped,True,fifo_cached_frame,1319,133,0,1184,133,0,1,0.0,49.49211800703779,frame_fifo_full,,,,,,,,,,,,,,,,,,,,,,,,,,,,,,,,,,,,,,,,,,,,,,,,,,,,,,,,,,,,,,
rsg_object_detection,dropped_oldest,1319,rsg_20260806_86_204880000_001319,dropped,True,fifo_cached_frame,1320,133,0,1185,133,0,1,0.0,51.08390899840742,frame_fifo_full,,,,,,,,,,,,,,,,,,,,,,,,,,,,,,,,,,,,,,,,,,,,,,,,,,,,,,,,,,,,,,
rsg_object_detection,dropped_oldest,1320,rsg_20260806_86_254880000_001320,dropped,True,fifo_cached_frame,1321,133,0,1186,133,0,1,0.0,52.07305899239145,frame_fifo_full,,,,,,,,,,,,,,,,,,,,,,,,,,,,,,,,,,,,,,,,,,,,,,,,,,,,,,,,,,,,,,
rsg_object_detection,dropped_oldest,1321,rsg_20260806_86_304879999_001321,dropped,True,fifo_cached_frame,1322,133,0,1187,133,0,1,0.0,50.9661940013757,frame_fifo_full,,,,,,,,,,,,,,,,,,,,,,,,,,,,,,,,,,,,,,,,,,,,,,,,,,,,,,,,,,,,,,
rsg_object_detection,dropped_oldest,1322,rsg_20260806_86_354879999_001322,dropped,True,fifo_cached_frame,1323,133,0,1188,133,0,1,0.0,49.6801730041625,frame_fifo_full,,,,,,,,,,,,,,,,,,,,,,,,,,,,,,,,,,,,,,,,,,,,,,,,,,,,,,,,,,,,,,
rsg_object_detection,dropped_oldest,1323,rsg_20260806_86_404880000_001323,dropped,True,fifo_cached_frame,1324,133,0,1189,133,0,1,0.0,70.19522400514688,frame_fifo_full,,,,,,,,,,,,,,,,,,,,,,,,,,,,,,,,,,,,,,,,,,,,,,,,,,,,,,,,,,,,,,
rsg_object_detection,dropped_oldest,1324,rsg_20260806_86_454880000_001324,dropped,True,fifo_cached_frame,1325,133,0,1190,133,0,1,0.0,41.110671998467296,frame_fifo_full,,,,,,,,,,,,,,,,,,,,,,,,,,,,,,,,,,,,,,,,,,,,,,,,,,,,,,,,,,,,,,
rsg_object_detection,dropped_oldest,1325,rsg_20260806_86_504880000_001325,dropped,True,fifo_cached_frame,1326,133,0,1191,133,0,1,0.0,55.99751599947922,frame_fifo_full,,,,,,,,,,,,,,,,,,,,,,,,,,,,,,,,,,,,,,,,,,,,,,,,,,,,,,,,,,,,,,
rsg_object_detection,dropped_oldest,1326,rsg_20260806_86_554879999_001326,dropped,True,fifo_cached_frame,1327,133,0,1192,133,0,1,0.0,40.411234003840946,frame_fifo_full,,,,,,,,,,,,,,,,,,,,,,,,,,,,,,,,,,,,,,,,,,,,,,,,,,,,,,,,,,,,,,
rsg_object_detection,dropped_oldest,1327,rsg_20260806_86_604879999_001327,dropped,True,fifo_cached_frame,1328,133,0,1193,133,0,1,0.0,51.73461898812093,frame_fifo_full,,,,,,,,,,,,,,,,,,,,,,,,,,,,,,,,,,,,,,,,,,,,,,,,,,,,,,,,,,,,,,
rsg_object_detection,frame_trace,1316,rsg_20260806_86_004879999_001316,sent_to_hydra,,,,,,,,,,,672.3131769977044,ok,12.648699004785158,575.8052110031713,81.56563800002914,0.13547799608204514,81.4301600039471,0.004672008799389005,7.064264005748555,0.24135899730026722,321.0300780046964,14.670571006718092,0.006656002369709313,335.9486640110845,120.9439289959846,14.407679016585462,20.688892022008076,70.61160999001004,14.738886980921961,71.20955199934542,62.92297500476707,5.239723002887331,1.1939630057895556,1.8138539890060201,636.0,181.0,2.556394014391117,0.5294330039760098,0.27105498884338886,0.934845011215657,0.1803399936761707,0.003968001692555845,196.64570600434672,1.9460689945844933,0.1354790001641959,34.02157701202668,0.043451975216157734,8.441031008260325,7.763478992274031,0.11090398766100407,0.5666480283252895,3.6945520114386454,0.5083479918539524,0.0047679932322353125,2.2889569809194654,5,0,5,0,0,,,,,,,,,,,,,,
rsg_object_detection,dropped_oldest,1329,rsg_20260806_86_704880000_001329,dropped,True,fifo_cached_frame,1330,134,0,1194,134,0,1,0.0,37.78415700071491,frame_fifo_full,,,,,,,,,,,,,,,,,,,,,,,,,,,,,,,,,,,,,,,,,,,,,,,,,,,,,,,,,,,,,,
rsg_object_detection,dropped_oldest,1330,rsg_20260806_86_754880000_001330,dropped,True,fifo_cached_frame,1331,134,0,1195,134,0,1,0.0,54.78185901301913,frame_fifo_full,,,,,,,,,,,,,,,,,,,,,,,,,,,,,,,,,,,,,,,,,,,,,,,,,,,,,,,,,,,,,,
rsg_object_detection,dropped_oldest,1331,rsg_20260806_86_804879999_001331,dropped,True,fifo_cached_frame,1332,134,0,1196,134,0,1,0.0,50.29779400501866,frame_fifo_full,,,,,,,,,,,,,,,,,,,,,,,,,,,,,,,,,,,,,,,,,,,,,,,,,,,,,,,,,,,,,,
rsg_object_detection,dropped_oldest,1332,rsg_20260806_86_854879999_001332,dropped,True,fifo_cached_frame,1333,134,0,1197,134,0,1,0.0,50.001782990875654,frame_fifo_full,,,,,,,,,,,,,,,,,,,,,,,,,,,,,,,,,,,,,,,,,,,,,,,,,,,,,,,,,,,,,,
rsg_object_detection,dropped_oldest,1333,rsg_20260806_86_904880000_001333,dropped,True,fifo_cached_frame,1334,134,0,1198,134,0,1,0.0,51.13079000147991,frame_fifo_full,,,,,,,,,,,,,,,,,,,,,,,,,,,,,,,,,,,,,,,,,,,,,,,,,,,,,,,,,,,,,,
rsg_object_detection,dropped_oldest,1334,rsg_20260806_86_954880000_001334,dropped,True,fifo_cached_frame,1335,134,0,1199,134,0,1,0.0,47.59702600131277,frame_fifo_full,,,,,,,,,,,,,,,,,,,,,,,,,,,,,,,,,,,,,,,,,,,,,,,,,,,,,,,,,,,,,,
rsg_object_detection,dropped_oldest,1335,rsg_20260806_87_004879999_001335,dropped,True,fifo_cached_frame,1336,134,0,1200,134,0,1,0.0,97.28743899904657,frame_fifo_full,,,,,,,,,,,,,,,,,,,,,,,,,,,,,,,,,,,,,,,,,,,,,,,,,,,,,,,,,,,,,,
rsg_object_detection,dropped_oldest,1336,rsg_20260806_87_054879999_001336,dropped,True,fifo_cached_frame,1337,134,0,1201,134,0,1,0.0,25.924872999894433,frame_fifo_full,,,,,,,,,,,,,,,,,,,,,,,,,,,,,,,,,,,,,,,,,,,,,,,,,,,,,,,,,,,,,,
rsg_object_detection,dropped_oldest,1337,rsg_20260806_87_104879999_001337,dropped,True,fifo_cached_frame,1338,134,0,1202,134,0,1,0.0,51.15011699672323,frame_fifo_full,,,,,,,,,,,,,,,,,,,,,,,,,,,,,,,,,,,,,,,,,,,,,,,,,,,,,,,,,,,,,,
rsg_object_detection,frame_trace,1328,rsg_20260806_86_654880000_001328,sent_to_hydra,,,,,,,,,,,526.4065719966311,ok,10.001271992223337,480.1657689968124,34.466536992113106,0.15102900215424597,34.31550798995886,0.0038710131775587797,1.6131330048665404,0.18113899568561465,323.968797994894,14.892154998960905,0.007584007107652724,339.04967599664815,42.36181400483474,15.45368498773314,4.935071992804296,10.816189998877235,10.54107399249915,55.288702991674654,50.58996399748139,1.9879549945471808,1.2054179969709367,1.464855988160707,478.0,181.0,2.732668988755904,1.0946419788524508,0.30525804322678596,1.3195539941079915,0.5302350036799908,0.006942995241843164,103.6671759939054,6.733439993695356,0.1351269893348217,28.911827990668826,0.05538902769330889,5.549652996705845,4.942559986375272,0.12091899407096207,0.48617401625961065,3.7517960008699447,0.5886939907213673,0.1111290039261803,1.7691230023046955,5,0,5,0,0,,,,,,,,,,,,,,
rsg_object_detection,dropped_oldest,1339,rsg_20260806_87_204880000_001339,dropped,True,fifo_cached_frame,1340,135,0,1203,135,0,1,0.0,38.53024799900595,frame_fifo_full,,,,,,,,,,,,,,,,,,,,,,,,,,,,,,,,,,,,,,,,,,,,,,,,,,,,,,,,,,,,,,
rsg_object_detection,dropped_oldest,1340,rsg_20260806_87_254880000_001340,dropped,True,fifo_cached_frame,1341,135,0,1204,135,0,1,0.0,58.27060800220352,frame_fifo_full,,,,,,,,,,,,,,,,,,,,,,,,,,,,,,,,,,,,,,,,,,,,,,,,,,,,,,,,,,,,,,
rsg_object_detection,dropped_oldest,1341,rsg_20260806_87_304879999_001341,dropped,True,fifo_cached_frame,1342,135,0,1205,135,0,1,0.0,90.01177399477456,frame_fifo_full,,,,,,,,,,,,,,,,,,,,,,,,,,,,,,,,,,,,,,,,,,,,,,,,,,,,,,,,,,,,,,
rsg_object_detection,dropped_oldest,1342,rsg_20260806_87_404880000_001342,dropped,True,fifo_cached_frame,1343,135,0,1206,135,0,1,0.0,51.84066500805784,frame_fifo_full,,,,,,,,,,,,,,,,,,,,,,,,,,,,,,,,,,,,,,,,,,,,,,,,,,,,,,,,,,,,,,
rsg_object_detection,dropped_oldest,1343,rsg_20260806_87_454880000_001343,dropped,True,fifo_cached_frame,1344,135,0,1207,135,0,1,0.0,51.68937999405898,frame_fifo_full,,,,,,,,,,,,,,,,,,,,,,,,,,,,,,,,,,,,,,,,,,,,,,,,,,,,,,,,,,,,,,
rsg_object_detection,dropped_oldest,1344,rsg_20260806_87_504880000_001344,dropped,True,fifo_cached_frame,1345,135,0,1208,135,0,1,0.0,46.65495399967767,frame_fifo_full,,,,,,,,,,,,,,,,,,,,,,,,,,,,,,,,,,,,,,,,,,,,,,,,,,,,,,,,,,,,,,
rsg_object_detection,dropped_oldest,1345,rsg_20260806_87_554879999_001345,dropped,True,fifo_cached_frame,1346,135,0,1209,135,0,1,0.0,50.23517999507021,frame_fifo_full,,,,,,,,,,,,,,,,,,,,,,,,,,,,,,,,,,,,,,,,,,,,,,,,,,,,,,,,,,,,,,
rsg_object_detection,dropped_oldest,1346,rsg_20260806_87_604879999_001346,dropped,True,fifo_cached_frame,1347,135,0,1210,135,0,1,0.0,63.116856006672606,frame_fifo_full,,,,,,,,,,,,,,,,,,,,,,,,,,,,,,,,,,,,,,,,,,,,,,,,,,,,,,,,,,,,,,
rsg_object_detection,dropped_oldest,1347,rsg_20260806_87_654880000_001347,dropped,True,fifo_cached_frame,1348,135,0,1211,135,0,1,0.0,50.724169006571174,frame_fifo_full,,,,,,,,,,,,,,,,,,,,,,,,,,,,,,,,,,,,,,,,,,,,,,,,,,,,,,,,,,,,,,
rsg_object_detection,dropped_oldest,1348,rsg_20260806_87_704880000_001348,dropped,True,fifo_cached_frame,1349,135,0,1212,135,0,1,0.0,57.38955100241583,frame_fifo_full,,,,,,,,,,,,,,,,,,,,,,,,,,,,,,,,,,,,,,,,,,,,,,,,,,,,,,,,,,,,,,
rsg_object_detection,frame_trace,1338,rsg_20260806_87_154880000_001338,sent_to_hydra,,,,,,,,,,,606.5581680013565,ok,8.964163003838621,562.278312005219,33.660643006442115,0.14261400792747736,33.51802899851464,0.002559987478889525,7.814963988494128,0.2871799952117726,354.14418698928785,17.835083999671042,0.010590010788291693,372.27704099495895,85.63499699812382,31.10969200497493,5.79376399400644,35.44413500640076,12.637659994652495,59.83545701019466,53.850473996135406,2.461520998622291,1.8499800062272698,1.389628989272751,560.0,182.0,2.359703998081386,0.6046610069461167,0.26990198239218444,1.0335580009268597,0.203921998036094,0.004414992872625589,149.96271100244485,3.1962530047167093,0.14597299741581082,28.83596598985605,0.04540402733255178,4.995485011022538,4.440901000634767,0.09260099614039063,0.4619830142473802,3.475977006019093,0.4879329935647547,0.0047679932322353125,1.6524899983778596,6,0,5,0,0,,,,,,,,,,,,,,
rsg_object_detection,dropped_oldest,1350,rsg_20260806_87_904880000_001350,dropped,True,fifo_cached_frame,1351,136,0,1213,136,0,1,0.0,48.42119700333569,frame_fifo_full,,,,,,,,,,,,,,,,,,,,,,,,,,,,,,,,,,,,,,,,,,,,,,,,,,,,,,,,,,,,,,
rsg_object_detection,dropped_oldest,1351,rsg_20260806_87_954880000_001351,dropped,True,fifo_cached_frame,1352,136,0,1214,136,0,1,0.0,52.04145101015456,frame_fifo_full,,,,,,,,,,,,,,,,,,,,,,,,,,,,,,,,,,,,,,,,,,,,,,,,,,,,,,,,,,,,,,
rsg_object_detection,dropped_oldest,1352,rsg_20260806_88_004879999_001352,dropped,True,fifo_cached_frame,1353,136,0,1215,136,0,1,0.0,51.99169399566017,frame_fifo_full,,,,,,,,,,,,,,,,,,,,,,,,,,,,,,,,,,,,,,,,,,,,,,,,,,,,,,,,,,,,,,
rsg_object_detection,dropped_oldest,1353,rsg_20260806_88_054879999_001353,dropped,True,fifo_cached_frame,1354,136,0,1216,136,0,1,0.0,45.06293901067693,frame_fifo_full,,,,,,,,,,,,,,,,,,,,,,,,,,,,,,,,,,,,,,,,,,,,,,,,,,,,,,,,,,,,,,
rsg_object_detection,dropped_oldest,1354,rsg_20260806_88_104879999_001354,dropped,True,fifo_cached_frame,1355,136,0,1217,136,0,1,0.0,51.668614003574476,frame_fifo_full,,,,,,,,,,,,,,,,,,,,,,,,,,,,,,,,,,,,,,,,,,,,,,,,,,,,,,,,,,,,,,
rsg_object_detection,dropped_oldest,1355,rsg_20260806_88_154880000_001355,dropped,True,fifo_cached_frame,1356,136,0,1218,136,0,1,0.0,60.82053900172468,frame_fifo_full,,,,,,,,,,,,,,,,,,,,,,,,,,,,,,,,,,,,,,,,,,,,,,,,,,,,,,,,,,,,,,
rsg_object_detection,dropped_oldest,1356,rsg_20260806_88_204880000_001356,dropped,True,fifo_cached_frame,1357,136,0,1219,136,0,1,0.0,43.64403300860431,frame_fifo_full,,,,,,,,,,,,,,,,,,,,,,,,,,,,,,,,,,,,,,,,,,,,,,,,,,,,,,,,,,,,,,
rsg_object_detection,dropped_oldest,1357,rsg_20260806_88_254880000_001357,dropped,True,fifo_cached_frame,1358,136,0,1220,136,0,1,0.0,53.20370999106672,frame_fifo_full,,,,,,,,,,,,,,,,,,,,,,,,,,,,,,,,,,,,,,,,,,,,,,,,,,,,,,,,,,,,,,
rsg_object_detection,dropped_oldest,1358,rsg_20260806_88_304879999_001358,dropped,True,fifo_cached_frame,1359,136,0,1221,136,0,1,0.0,40.169243002310395,frame_fifo_full,,,,,,,,,,,,,,,,,,,,,,,,,,,,,,,,,,,,,,,,,,,,,,,,,,,,,,,,,,,,,,
rsg_object_detection,dropped_oldest,1359,rsg_20260806_88_354879999_001359,dropped,True,fifo_cached_frame,1360,136,0,1222,136,0,1,0.0,54.656695006997325,frame_fifo_full,,,,,,,,,,,,,,,,,,,,,,,,,,,,,,,,,,,,,,,,,,,,,,,,,,,,,,,,,,,,,,
rsg_object_detection,frame_trace,1349,rsg_20260806_87_754880000_001349,sent_to_hydra,,,,,,,,,,,634.3158009985927,ok,16.837907998706214,584.912209000322,30.852846000925638,0.1429659896530211,30.709880011272617,0.0033600081223994493,1.7129339976236224,0.1920180075103417,327.31339399470016,24.83413799200207,0.006880014552734792,352.3464300087653,138.5934119753074,15.846202004468068,5.649201004416682,87.19645999372005,29.37074500368908,57.324794004671276,45.8987559977686,4.228979989420623,5.528856010641903,1.6219009994529188,425.0,89.0,3.180189974955283,0.8351719880010933,0.26958204398397356,1.1812600132543594,0.5158349958946928,0.004672008799389005,201.9221640075557,4.481729003600776,0.15192499267868698,24.250278002000414,0.046748988097533584,7.048364001093432,6.417336000595242,0.0893059914233163,0.5417220090748742,3.6303980014054105,6.153131005703472,0.006014990503899753,1.7094779905164614,6,0,6,0,0,,,,,,,,,,,,,,
rsg_object_detection,dropped_oldest,1361,rsg_20260806_88_454880000_001361,dropped,True,fifo_cached_frame,1362,137,0,1223,137,0,1,0.0,49.020871010725386,frame_fifo_full,,,,,,,,,,,,,,,,,,,,,,,,,,,,,,,,,,,,,,,,,,,,,,,,,,,,,,,,,,,,,,
rsg_object_detection,dropped_oldest,1362,rsg_20260806_88_504880000_001362,dropped,True,fifo_cached_frame,1363,137,0,1224,137,0,1,0.0,50.049053999828175,frame_fifo_full,,,,,,,,,,,,,,,,,,,,,,,,,,,,,,,,,,,,,,,,,,,,,,,,,,,,,,,,,,,,,,
rsg_object_detection,dropped_oldest,1363,rsg_20260806_88_554879999_001363,dropped,True,fifo_cached_frame,1364,137,0,1225,137,0,1,0.0,51.94152699550614,frame_fifo_full,,,,,,,,,,,,,,,,,,,,,,,,,,,,,,,,,,,,,,,,,,,,,,,,,,,,,,,,,,,,,,
rsg_object_detection,dropped_oldest,1364,rsg_20260806_88_604879999_001364,dropped,True,fifo_cached_frame,1365,137,0,1226,137,0,1,0.0,108.68152999319136,frame_fifo_full,,,,,,,,,,,,,,,,,,,,,,,,,,,,,,,,,,,,,,,,,,,,,,,,,,,,,,,,,,,,,,
rsg_object_detection,dropped_oldest,1365,rsg_20260806_88_704880000_001365,dropped,True,fifo_cached_frame,1366,137,0,1227,137,0,1,0.0,42.094771008123644,frame_fifo_full,,,,,,,,,,,,,,,,,,,,,,,,,,,,,,,,,,,,,,,,,,,,,,,,,,,,,,,,,,,,,,
rsg_object_detection,dropped_oldest,1366,rsg_20260806_88_754880000_001366,dropped,True,fifo_cached_frame,1367,137,0,1228,137,0,1,0.0,51.63012600678485,frame_fifo_full,,,,,,,,,,,,,,,,,,,,,,,,,,,,,,,,,,,,,,,,,,,,,,,,,,,,,,,,,,,,,,
rsg_object_detection,dropped_oldest,1367,rsg_20260806_88_804879999_001367,dropped,True,fifo_cached_frame,1368,137,0,1229,137,0,1,0.0,47.398426992003806,frame_fifo_full,,,,,,,,,,,,,,,,,,,,,,,,,,,,,,,,,,,,,,,,,,,,,,,,,,,,,,,,,,,,,,
rsg_object_detection,dropped_oldest,1368,rsg_20260806_88_854879999_001368,dropped,True,fifo_cached_frame,1369,137,0,1230,137,0,1,0.0,155.29367700219154,frame_fifo_full,,,,,,,,,,,,,,,,,,,,,,,,,,,,,,,,,,,,,,,,,,,,,,,,,,,,,,,,,,,,,,
rsg_object_detection,dropped_oldest,1369,rsg_20260806_88_904880000_001369,dropped,True,fifo_cached_frame,1370,137,0,1231,137,0,1,0.0,6.85685699863825,frame_fifo_full,,,,,,,,,,,,,,,,,,,,,,,,,,,,,,,,,,,,,,,,,,,,,,,,,,,,,,,,,,,,,,
rsg_object_detection,frame_trace,1360,rsg_20260806_88_404880000_001360,sent_to_hydra,,,,,,,,,,,659.0328169986606,ok,10.34041799721308,626.2920050066896,20.20515699405223,0.18328300211578608,20.021873991936445,0.004479996277950704,1.0149040026590228,0.21150500106159598,411.5602139936527,21.56579699658323,0.007136011845432222,433.344652003143,74.79999998759013,14.539255018462427,4.030977972433902,27.456161988084204,28.18929399654735,63.736242009326816,55.176945999846794,4.256593994796276,2.500078990124166,1.7599709972273558,605.0,183.0,3.445165013545193,0.8544669981347397,0.29968998569529504,1.309794999542646,0.319080994813703,0.003807988832704723,144.78399099607486,13.92819501052145,0.12319099914748222,33.05528499186039,0.04178700328338891,5.873695001355372,5.214798002270982,0.13304701133165509,0.5258499877527356,3.8013939920347184,0.6598250038223341,0.005504000000655651,2.1907570044277236,7,0,7,0,0,,,,,,,,,,,,,,
rsg_object_detection,dropped_oldest,1371,rsg_20260806_89_104879999_001371,dropped,True,fifo_cached_frame,1372,138,0,1232,138,0,1,0.0,87.8368019912159,frame_fifo_full,,,,,,,,,,,,,,,,,,,,,,,,,,,,,,,,,,,,,,,,,,,,,,,,,,,,,,,,,,,,,,
rsg_object_detection,dropped_oldest,1372,rsg_20260806_89_204880000_001372,dropped,True,fifo_cached_frame,1373,138,0,1233,138,0,1,0.0,51.300037011969835,frame_fifo_full,,,,,,,,,,,,,,,,,,,,,,,,,,,,,,,,,,,,,,,,,,,,,,,,,,,,,,,,,,,,,,
rsg_object_detection,dropped_oldest,1373,rsg_20260806_89_254880000_001373,dropped,True,fifo_cached_frame,1374,138,0,1234,138,0,1,0.0,49.71401099464856,frame_fifo_full,,,,,,,,,,,,,,,,,,,,,,,,,,,,,,,,,,,,,,,,,,,,,,,,,,,,,,,,,,,,,,
rsg_object_detection,dropped_oldest,1374,rsg_20260806_89_304879999_001374,dropped,True,fifo_cached_frame,1375,138,0,1235,138,0,1,0.0,99.83285699854605,frame_fifo_full,,,,,,,,,,,,,,,,,,,,,,,,,,,,,,,,,,,,,,,,,,,,,,,,,,,,,,,,,,,,,,
rsg_object_detection,dropped_oldest,1375,rsg_20260806_89_404880000_001375,dropped,True,fifo_cached_frame,1376,138,0,1236,138,0,1,0.0,59.47757500689477,frame_fifo_full,,,,,,,,,,,,,,,,,,,,,,,,,,,,,,,,,,,,,,,,,,,,,,,,,,,,,,,,,,,,,,
rsg_object_detection,dropped_oldest,1376,rsg_20260806_89_454880000_001376,dropped,True,fifo_cached_frame,1377,138,0,1237,138,0,1,0.0,70.61297699692659,frame_fifo_full,,,,,,,,,,,,,,,,,,,,,,,,,,,,,,,,,,,,,,,,,,,,,,,,,,,,,,,,,,,,,,
rsg_object_detection,dropped_oldest,1377,rsg_20260806_89_504880000_001377,dropped,True,fifo_cached_frame,1378,138,0,1238,138,0,1,0.0,126.69956000172533,frame_fifo_full,,,,,,,,,,,,,,,,,,,,,,,,,,,,,,,,,,,,,,,,,,,,,,,,,,,,,,,,,,,,,,
rsg_object_detection,dropped_oldest,1378,rsg_20260806_89_554879999_001378,dropped,True,fifo_cached_frame,1379,138,0,1239,138,0,1,0.0,2.989868007716723,frame_fifo_full,,,,,,,,,,,,,,,,,,,,,,,,,,,,,,,,,,,,,,,,,,,,,,,,,,,,,,,,,,,,,,
rsg_object_detection,dropped_oldest,1379,rsg_20260806_89_604879999_001379,dropped,True,fifo_cached_frame,1380,138,0,1240,138,0,1,0.0,11.475442006485537,frame_fifo_full,,,,,,,,,,,,,,,,,,,,,,,,,,,,,,,,,,,,,,,,,,,,,,,,,,,,,,,,,,,,,,
rsg_object_detection,frame_trace,1370,rsg_20260806_89_004879999_001370,sent_to_hydra,,,,,,,,,,,659.4336330017541,ok,19.33581300545484,565.4352499986999,72.67915899865329,0.1491739967605099,72.52998500189278,0.004640009137801826,1.2721340026473626,0.22107199765741825,336.20990299095865,15.68205600779038,0.008447997970506549,352.12147899437696,119.78069099131972,33.42405900184531,11.82744899415411,37.15666198695544,36.54457500670105,53.653219001716934,46.108986003673635,3.7104890070622787,2.278622006997466,1.5142930060392246,495.0,83.0,3.252761991461739,1.286661994527094,0.3372540231794119,1.3312339870026335,0.19886599329765886,0.004799003363586962,179.86196599667892,2.6206780021311715,0.13749398931395262,29.378141000051983,0.04335801349952817,11.628712003584951,10.99957199767232,0.08508200698997825,0.5440579989226535,3.665340002044104,4.0373460069531575,0.004414992872625589,1.978770989808254,7,0,7,0,0,,,,,,,,,,,,,,
rsg_object_detection,dropped_oldest,1381,rsg_20260806_89_704880000_001381,dropped,True,fifo_cached_frame,1382,139,0,1241,139,0,1,0.0,49.698460003128275,frame_fifo_full,,,,,,,,,,,,,,,,,,,,,,,,,,,,,,,,,,,,,,,,,,,,,,,,,,,,,,,,,,,,,,
rsg_object_detection,dropped_oldest,1382,rsg_20260806_89_754880000_001382,dropped,True,fifo_cached_frame,1383,139,0,1242,139,0,1,0.0,47.21607599640265,frame_fifo_full,,,,,,,,,,,,,,,,,,,,,,,,,,,,,,,,,,,,,,,,,,,,,,,,,,,,,,,,,,,,,,
rsg_object_detection,dropped_oldest,1383,rsg_20260806_89_804879999_001383,dropped,True,fifo_cached_frame,1384,139,0,1243,139,0,1,0.0,52.017974987393245,frame_fifo_full,,,,,,,,,,,,,,,,,,,,,,,,,,,,,,,,,,,,,,,,,,,,,,,,,,,,,,,,,,,,,,
rsg_object_detection,dropped_oldest,1384,rsg_20260806_89_854879999_001384,dropped,True,fifo_cached_frame,1385,139,0,1244,139,0,1,0.0,51.14571799640544,frame_fifo_full,,,,,,,,,,,,,,,,,,,,,,,,,,,,,,,,,,,,,,,,,,,,,,,,,,,,,,,,,,,,,,
rsg_object_detection,dropped_oldest,1385,rsg_20260806_89_904880000_001385,dropped,True,fifo_cached_frame,1386,139,0,1245,139,0,1,0.0,55.86717500409577,frame_fifo_full,,,,,,,,,,,,,,,,,,,,,,,,,,,,,,,,,,,,,,,,,,,,,,,,,,,,,,,,,,,,,,
rsg_object_detection,dropped_oldest,1386,rsg_20260806_89_954880000_001386,dropped,True,fifo_cached_frame,1387,139,0,1246,139,0,1,0.0,46.00099399976898,frame_fifo_full,,,,,,,,,,,,,,,,,,,,,,,,,,,,,,,,,,,,,,,,,,,,,,,,,,,,,,,,,,,,,,
rsg_object_detection,dropped_oldest,1387,rsg_20260806_90_004879999_001387,dropped,True,fifo_cached_frame,1388,139,0,1247,139,0,1,0.0,60.45638500654604,frame_fifo_full,,,,,,,,,,,,,,,,,,,,,,,,,,,,,,,,,,,,,,,,,,,,,,,,,,,,,,,,,,,,,,
rsg_object_detection,dropped_oldest,1388,rsg_20260806_90_054879999_001388,dropped,True,fifo_cached_frame,1389,139,0,1248,139,0,1,0.0,48.98827000579331,frame_fifo_full,,,,,,,,,,,,,,,,,,,,,,,,,,,,,,,,,,,,,,,,,,,,,,,,,,,,,,,,,,,,,,
rsg_object_detection,dropped_oldest,1389,rsg_20260806_90_104879999_001389,dropped,True,fifo_cached_frame,1390,139,0,1249,139,0,1,0.0,44.11197599256411,frame_fifo_full,,,,,,,,,,,,,,,,,,,,,,,,,,,,,,,,,,,,,,,,,,,,,,,,,,,,,,,,,,,,,,
rsg_object_detection,dropped_oldest,1390,rsg_20260806_90_154880000_001390,dropped,True,fifo_cached_frame,1391,139,0,1250,139,0,1,0.0,70.6195039965678,frame_fifo_full,,,,,,,,,,,,,,,,,,,,,,,,,,,,,,,,,,,,,,,,,,,,,,,,,,,,,,,,,,,,,,
rsg_object_detection,frame_trace,1380,rsg_20260806_89_654880000_001380,sent_to_hydra,,,,,,,,,,,565.3672070038738,ok,15.38342100684531,527.4693510000361,20.33279799798038,0.12472699745558202,20.208071000524797,0.003168010152876377,3.120515000773594,0.19912100106012076,289.89608499978203,23.961116996360943,0.008383009117096663,314.0647060063202,106.43651701684576,32.79169101733714,4.409190994920209,51.08514500898309,17.476009990787134,65.34717499744147,58.13098199723754,2.6524200075073168,2.646403998369351,1.7218939901795238,610.0,187.0,2.654308977071196,0.5636080168187618,0.27527498605195433,1.1509579926496372,0.5527290049940348,0.004351997631601989,177.00069799320772,3.2681840093573555,0.19029001123271883,29.7718090005219,0.05314897862263024,11.362362012732774,10.788931002025492,0.09186600800603628,0.48156500270124525,3.409837998333387,0.6061970052542165,0.005023990524932742,2.1784689888590947,7,0,6,0,0,,,,,,,,,,,,,,
rsg_object_detection,dropped_oldest,1392,rsg_20260806_90_254880000_001392,dropped,True,fifo_cached_frame,1393,140,0,1251,140,0,1,0.0,44.731711997883394,frame_fifo_full,,,,,,,,,,,,,,,,,,,,,,,,,,,,,,,,,,,,,,,,,,,,,,,,,,,,,,,,,,,,,,
rsg_object_detection,dropped_oldest,1393,rsg_20260806_90_304879999_001393,dropped,True,fifo_cached_frame,1394,140,0,1252,140,0,1,0.0,38.913277006940916,frame_fifo_full,,,,,,,,,,,,,,,,,,,,,,,,,,,,,,,,,,,,,,,,,,,,,,,,,,,,,,,,,,,,,,
rsg_object_detection,dropped_oldest,1394,rsg_20260806_90_354879999_001394,dropped,True,fifo_cached_frame,1395,140,0,1253,140,0,1,0.0,48.54654699738603,frame_fifo_full,,,,,,,,,,,,,,,,,,,,,,,,,,,,,,,,,,,,,,,,,,,,,,,,,,,,,,,,,,,,,,
rsg_object_detection,dropped_oldest,1395,rsg_20260806_90_404880000_001395,dropped,True,fifo_cached_frame,1396,140,0,1254,140,0,1,0.0,53.70989300718065,frame_fifo_full,,,,,,,,,,,,,,,,,,,,,,,,,,,,,,,,,,,,,,,,,,,,,,,,,,,,,,,,,,,,,,
rsg_object_detection,dropped_oldest,1396,rsg_20260806_90_454880000_001396,dropped,True,fifo_cached_frame,1397,140,0,1255,140,0,1,0.0,47.96687599446159,frame_fifo_full,,,,,,,,,,,,,,,,,,,,,,,,,,,,,,,,,,,,,,,,,,,,,,,,,,,,,,,,,,,,,,
rsg_object_detection,dropped_oldest,1397,rsg_20260806_90_504880000_001397,dropped,True,fifo_cached_frame,1398,140,0,1256,140,0,1,0.0,102.24940000625793,frame_fifo_full,,,,,,,,,,,,,,,,,,,,,,,,,,,,,,,,,,,,,,,,,,,,,,,,,,,,,,,,,,,,,,
rsg_object_detection,dropped_oldest,1398,rsg_20260806_90_604879999_001398,dropped,True,fifo_cached_frame,1399,140,0,1257,140,0,1,0.0,50.97584699979052,frame_fifo_full,,,,,,,,,,,,,,,,,,,,,,,,,,,,,,,,,,,,,,,,,,,,,,,,,,,,,,,,,,,,,,
rsg_object_detection,dropped_oldest,1399,rsg_20260806_90_654880000_001399,dropped,True,fifo_cached_frame,1400,140,0,1258,140,0,1,0.0,49.088652987848036,frame_fifo_full,,,,,,,,,,,,,,,,,,,,,,,,,,,,,,,,,,,,,,,,,,,,,,,,,,,,,,,,,,,,,,
rsg_object_detection,dropped_oldest,1400,rsg_20260806_90_704880000_001400,dropped,True,fifo_cached_frame,1401,140,0,1259,140,0,1,0.0,77.99927800078876,frame_fifo_full,,,,,,,,,,,,,,,,,,,,,,,,,,,,,,,,,,,,,,,,,,,,,,,,,,,,,,,,,,,,,,
rsg_object_detection,dropped_oldest,1401,rsg_20260806_90_754880000_001401,dropped,True,fifo_cached_frame,1402,140,0,1260,140,0,1,0.0,40.837109001586214,frame_fifo_full,,,,,,,,,,,,,,,,,,,,,,,,,,,,,,,,,,,,,,,,,,,,,,,,,,,,,,,,,,,,,,
rsg_object_detection,dropped_oldest,1402,rsg_20260806_90_804879999_001402,dropped,True,fifo_cached_frame,1403,140,0,1261,140,0,1,0.0,49.76786900078878,frame_fifo_full,,,,,,,,,,,,,,,,,,,,,,,,,,,,,,,,,,,,,,,,,,,,,,,,,,,,,,,,,,,,,,
rsg_object_detection,frame_trace,1391,rsg_20260806_90_204880000_001391,sent_to_hydra,,,,,,,,,,,652.9280410031788,ok,13.975137990200892,601.495172988507,35.35890200873837,0.18065900076180696,35.17824300797656,0.003359993570484221,5.537175995414145,0.2896750083891675,408.76613100408576,16.85247098794207,0.006622998625971377,425.914899999043,69.54723698436283,21.857810992514715,4.861446985160001,28.069758001947775,13.975875001051463,63.55297200207133,51.26171400479507,8.839789996272884,1.7802900110837072,1.6222539998125285,529.0,188.0,2.9433130112010986,0.5676390137523413,0.3069849917665124,1.2375759979477152,0.2075689990306273,0.0050879898481070995,138.3843780058669,2.237888998934068,0.15621300553902984,29.222475001006387,0.042141982703469694,9.904129998176359,9.310412002378143,0.09519299783278257,0.4985249979654327,3.5113040066789836,0.5551920039579272,0.0045119813876226544,2.0954680221620947,6,0,6,0,0,,,,,,,,,,,,,,
rsg_object_detection,dropped_oldest,1404,rsg_20260806_90_904880000_001404,dropped,True,fifo_cached_frame,1405,141,0,1262,141,0,1,0.0,93.71858100348618,frame_fifo_full,,,,,,,,,,,,,,,,,,,,,,,,,,,,,,,,,,,,,,,,,,,,,,,,,,,,,,,,,,,,,,
rsg_object_detection,dropped_oldest,1405,rsg_20260806_91_004879999_001405,dropped,True,fifo_cached_frame,1406,141,0,1263,141,0,1,0.0,103.00627500691917,frame_fifo_full,,,,,,,,,,,,,,,,,,,,,,,,,,,,,,,,,,,,,,,,,,,,,,,,,,,,,,,,,,,,,,
rsg_object_detection,dropped_oldest,1406,rsg_20260806_91_104879999_001406,dropped,True,fifo_cached_frame,1407,141,0,1264,141,0,1,0.0,51.921092002885416,frame_fifo_full,,,,,,,,,,,,,,,,,,,,,,,,,,,,,,,,,,,,,,,,,,,,,,,,,,,,,,,,,,,,,,
rsg_object_detection,dropped_oldest,1407,rsg_20260806_91_154880000_001407,dropped,True,fifo_cached_frame,1408,141,0,1265,141,0,1,0.0,50.582369993207976,frame_fifo_full,,,,,,,,,,,,,,,,,,,,,,,,,,,,,,,,,,,,,,,,,,,,,,,,,,,,,,,,,,,,,,
rsg_object_detection,dropped_oldest,1408,rsg_20260806_91_204880000_001408,dropped,True,fifo_cached_frame,1409,141,0,1266,141,0,1,0.0,48.75782800081652,frame_fifo_full,,,,,,,,,,,,,,,,,,,,,,,,,,,,,,,,,,,,,,,,,,,,,,,,,,,,,,,,,,,,,,
rsg_object_detection,dropped_oldest,1409,rsg_20260806_91_254880000_001409,dropped,True,fifo_cached_frame,1410,141,0,1267,141,0,1,0.0,47.61039400182199,frame_fifo_full,,,,,,,,,,,,,,,,,,,,,,,,,,,,,,,,,,,,,,,,,,,,,,,,,,,,,,,,,,,,,,
rsg_object_detection,dropped_oldest,1410,rsg_20260806_91_304879999_001410,dropped,True,fifo_cached_frame,1411,141,0,1268,141,0,1,0.0,59.64922299608588,frame_fifo_full,,,,,,,,,,,,,,,,,,,,,,,,,,,,,,,,,,,,,,,,,,,,,,,,,,,,,,,,,,,,,,
rsg_object_detection,dropped_oldest,1411,rsg_20260806_91_354879999_001411,dropped,True,fifo_cached_frame,1412,141,0,1269,141,0,1,0.0,72.62859299953561,frame_fifo_full,,,,,,,,,,,,,,,,,,,,,,,,,,,,,,,,,,,,,,,,,,,,,,,,,,,,,,,,,,,,,,
rsg_object_detection,dropped_oldest,1412,rsg_20260806_91_404880000_001412,dropped,True,fifo_cached_frame,1413,141,0,1270,141,0,1,0.0,25.434905997826718,frame_fifo_full,,,,,,,,,,,,,,,,,,,,,,,,,,,,,,,,,,,,,,,,,,,,,,,,,,,,,,,,,,,,,,
rsg_object_detection,dropped_oldest,1413,rsg_20260806_91_454880000_001413,dropped,True,fifo_cached_frame,1414,141,0,1271,141,0,1,0.0,52.071903002797626,frame_fifo_full,,,,,,,,,,,,,,,,,,,,,,,,,,,,,,,,,,,,,,,,,,,,,,,,,,,,,,,,,,,,,,
rsg_object_detection,frame_trace,1403,rsg_20260806_90_854879999_001403,sent_to_hydra,,,,,,,,,,,648.9999019977404,ok,12.117000005673617,603.8335939956596,30.902899990906008,0.17355599266011268,30.729343998245895,0.003296008799225092,5.549751003854908,0.7314040121855214,311.8104349996429,24.025403006817214,0.00892799289431423,336.57617001153994,160.78652000578586,30.61956202145666,5.148944997927174,81.79024900891818,42.574974009767175,61.60166100016795,51.3115089997882,6.018070998834446,2.415637005469762,1.8107200012309477,563.0,188.0,3.727098010131158,1.1120169947389513,0.3632059815572575,1.3008359965169802,0.21457600814756006,0.004928006092086434,229.12981698755175,2.500047005014494,0.11839199578389525,29.914204991655424,0.04521200025919825,7.906577011453919,7.312059999094345,0.08844200056046247,0.506075011799112,3.5923539981013164,0.6133970018709078,0.004671994247473776,2.1431119967019185,7,0,7,0,0,,,,,,,,,,,,,,
rsg_object_detection,dropped_oldest,1415,rsg_20260806_91_554879999_001415,dropped,True,fifo_cached_frame,1416,142,0,1272,142,0,1,0.0,44.555954009410925,frame_fifo_full,,,,,,,,,,,,,,,,,,,,,,,,,,,,,,,,,,,,,,,,,,,,,,,,,,,,,,,,,,,,,,
rsg_object_detection,dropped_oldest,1416,rsg_20260806_91_604879999_001416,dropped,True,fifo_cached_frame,1417,142,0,1273,142,0,1,0.0,52.80823500652332,frame_fifo_full,,,,,,,,,,,,,,,,,,,,,,,,,,,,,,,,,,,,,,,,,,,,,,,,,,,,,,,,,,,,,,
rsg_object_detection,dropped_oldest,1417,rsg_20260806_91_654880000_001417,dropped,True,fifo_cached_frame,1418,142,0,1274,142,0,1,0.0,52.127738992567174,frame_fifo_full,,,,,,,,,,,,,,,,,,,,,,,,,,,,,,,,,,,,,,,,,,,,,,,,,,,,,,,,,,,,,,
rsg_object_detection,dropped_oldest,1418,rsg_20260806_91_704880000_001418,dropped,True,fifo_cached_frame,1419,142,0,1275,142,0,1,0.0,46.11561899946537,frame_fifo_full,,,,,,,,,,,,,,,,,,,,,,,,,,,,,,,,,,,,,,,,,,,,,,,,,,,,,,,,,,,,,,
rsg_object_detection,,462,rsg_20260806_35_804879999_000462,vlm_done,,,,,,,,,,,,ok,,,,,,,,,,,,,,,,,,,,,,,,,,,,,,,,,,,,,,,,,,,,,,,,,rsg_obj_000029,rsg_unknown_rsg_20260806_35_804879999_000462_007_nanosam_004,,,3,0.388591666208182,door,0.97,static,0.99,5671.055755999987,54895.68547300587,qwen_http,Qwen3-VL-8B-Instruct-GGUF
rsg_object_detection,completed,462,rsg_20260806_35_804879999_000462,,,,,,,,,,,49224.62776499742,,vlm_done,,,,,,,,,,,,,,,,,,,,,,,,,,,,,,,,,,,,,,,,,,,,,,,,,rsg_obj_000029,rsg_unknown_rsg_20260806_35_804879999_000462_007_nanosam_004,41,300,3,0.388591666208182,,,,,,,,
rsg_object_detection,dropped_oldest,1419,rsg_20260806_91_754880000_001419,dropped,True,fifo_cached_frame,1420,142,0,1276,142,0,1,0.0,54.598987990175374,frame_fifo_full,,,,,,,,,,,,,,,,,,,,,,,,,,,,,,,,,,,,,,,,,,,,,,,,,,,,,,,,,,,,,,
rsg_object_detection,dropped_oldest,1420,rsg_20260806_91_804879999_001420,dropped,True,fifo_cached_frame,1421,142,0,1277,142,0,1,0.0,47.178424007142894,frame_fifo_full,,,,,,,,,,,,,,,,,,,,,,,,,,,,,,,,,,,,,,,,,,,,,,,,,,,,,,,,,,,,,,
rsg_object_detection,dropped_oldest,1421,rsg_20260806_91_854879999_001421,dropped,True,fifo_cached_frame,1422,142,0,1278,142,0,1,0.0,83.73935898998752,frame_fifo_full,,,,,,,,,,,,,,,,,,,,,,,,,,,,,,,,,,,,,,,,,,,,,,,,,,,,,,,,,,,,,,
rsg_object_detection,dropped_oldest,1422,rsg_20260806_91_904880000_001422,dropped,True,fifo_cached_frame,1423,142,0,1279,142,0,1,0.0,24.198033002903685,frame_fifo_full,,,,,,,,,,,,,,,,,,,,,,,,,,,,,,,,,,,,,,,,,,,,,,,,,,,,,,,,,,,,,,
rsg_object_detection,dequeued,426,rsg_20260806_33_654879999_000426,,,,,,,,,,,53468.698902011965,,fifo_order,,,,,,,,,,,,,,,,,,,,,,,,,,,,,,,,,,,,,,,,,,,,,,,,,rsg_obj_000036,rsg_unknown_rsg_20260806_33_654879999_000426_007_nanosam_008,40,300,3,0.656923250619141,,,,,,,,
rsg_object_detection,dropped_oldest,1423,rsg_20260806_91_954880000_001423,dropped,True,fifo_cached_frame,1424,142,0,1280,142,0,1,0.0,106.73418200167362,frame_fifo_full,,,,,,,,,,,,,,,,,,,,,,,,,,,,,,,,,,,,,,,,,,,,,,,,,,,,,,,,,,,,,,
rsg_object_detection,frame_trace,1414,rsg_20260806_91_504880000_001414,sent_to_hydra,,,,,,,,,,,565.3156500047771,ok,12.645345996133983,521.4912600058597,28.633944006287493,0.1273829984711483,28.506561007816344,0.0069759989855811,1.2220570060890168,0.21512100647669286,319.63193099363707,19.911392009817064,0.007071997970342636,339.76551600790117,68.01551001262851,28.168279997771606,4.47712597087957,23.74660900386516,11.033138987841085,64.9368489976041,58.192430005874485,2.3740080068819225,2.360472994041629,1.9581340020522475,731.0,191.0,3.2416280155302957,0.738828006433323,0.2920109691331163,1.2649349955609068,0.19579399668145925,0.00460700539406389,138.70632099860813,4.0689610032131895,0.14542900316882879,37.53657800552901,0.04639798135031015,8.253145002527162,7.64275599794928,0.09381699783261865,0.5165720067452639,3.752695003640838,0.6349629984470084,0.004542991518974304,2.538123997510411,7,0,7,0,0,,,,,,,,,,,,,,
rsg_object_detection,dropped_oldest,1425,rsg_20260806_92_104879999_001425,dropped,True,fifo_cached_frame,1426,143,0,1281,143,0,1,0.0,54.69626100966707,frame_fifo_full,,,,,,,,,,,,,,,,,,,,,,,,,,,,,,,,,,,,,,,,,,,,,,,,,,,,,,,,,,,,,,
rsg_object_detection,dropped_oldest,1426,rsg_20260806_92_154880000_001426,dropped,True,fifo_cached_frame,1427,143,0,1282,143,0,1,0.0,40.05787200003397,frame_fifo_full,,,,,,,,,,,,,,,,,,,,,,,,,,,,,,,,,,,,,,,,,,,,,,,,,,,,,,,,,,,,,,
rsg_object_detection,dropped_oldest,1427,rsg_20260806_92_204880000_001427,dropped,True,fifo_cached_frame,1428,143,0,1283,143,0,1,0.0,51.43972398946062,frame_fifo_full,,,,,,,,,,,,,,,,,,,,,,,,,,,,,,,,,,,,,,,,,,,,,,,,,,,,,,,,,,,,,,
rsg_object_detection,dropped_oldest,1428,rsg_20260806_92_254880000_001428,dropped,True,fifo_cached_frame,1429,143,0,1284,143,0,1,0.0,53.20248400676064,frame_fifo_full,,,,,,,,,,,,,,,,,,,,,,,,,,,,,,,,,,,,,,,,,,,,,,,,,,,,,,,,,,,,,,
rsg_object_detection,dropped_oldest,1429,rsg_20260806_92_304879999_001429,dropped,True,fifo_cached_frame,1430,143,0,1285,143,0,1,0.0,47.56761800672393,frame_fifo_full,,,,,,,,,,,,,,,,,,,,,,,,,,,,,,,,,,,,,,,,,,,,,,,,,,,,,,,,,,,,,,
rsg_object_detection,dropped_oldest,1430,rsg_20260806_92_354879999_001430,dropped,True,fifo_cached_frame,1431,143,0,1286,143,0,1,0.0,48.30132699862588,frame_fifo_full,,,,,,,,,,,,,,,,,,,,,,,,,,,,,,,,,,,,,,,,,,,,,,,,,,,,,,,,,,,,,,
rsg_object_detection,dropped_oldest,1431,rsg_20260806_92_404880000_001431,dropped,True,fifo_cached_frame,1432,143,0,1287,143,0,1,0.0,59.9991569906706,frame_fifo_full,,,,,,,,,,,,,,,,,,,,,,,,,,,,,,,,,,,,,,,,,,,,,,,,,,,,,,,,,,,,,,
rsg_object_detection,dropped_oldest,1432,rsg_20260806_92_454880000_001432,dropped,True,fifo_cached_frame,1433,143,0,1288,143,0,1,0.0,58.32196300616488,frame_fifo_full,,,,,,,,,,,,,,,,,,,,,,,,,,,,,,,,,,,,,,,,,,,,,,,,,,,,,,,,,,,,,,
rsg_object_detection,dropped_oldest,1433,rsg_20260806_92_504880000_001433,dropped,True,fifo_cached_frame,1434,143,0,1289,143,0,1,0.0,386.9183499919018,frame_fifo_full,,,,,,,,,,,,,,,,,,,,,,,,,,,,,,,,,,,,,,,,,,,,,,,,,,,,,,,,,,,,,,
rsg_object_detection,dropped_oldest,1434,rsg_20260806_92_704880000_001434,dropped,True,fifo_cached_frame,1435,143,0,1290,143,0,1,0.0,3.842480989987962,frame_fifo_full,,,,,,,,,,,,,,,,,,,,,,,,,,,,,,,,,,,,,,,,,,,,,,,,,,,,,,,,,,,,,,
rsg_object_detection,dropped_oldest,1435,rsg_20260806_92_754880000_001435,dropped,True,fifo_cached_frame,1436,143,0,1291,143,0,1,0.0,4.189112005406059,frame_fifo_full,,,,,,,,,,,,,,,,,,,,,,,,,,,,,,,,,,,,,,,,,,,,,,,,,,,,,,,,,,,,,,
rsg_object_detection,dropped_oldest,1436,rsg_20260806_92_804879999_001436,dropped,True,fifo_cached_frame,1437,143,0,1292,143,0,1,0.0,3.590177992009558,frame_fifo_full,,,,,,,,,,,,,,,,,,,,,,,,,,,,,,,,,,,,,,,,,,,,,,,,,,,,,,,,,,,,,,
rsg_object_detection,dropped_oldest,1437,rsg_20260806_92_854879999_001437,dropped,True,fifo_cached_frame,1438,143,0,1293,143,0,1,0.0,4.221750001306646,frame_fifo_full,,,,,,,,,,,,,,,,,,,,,,,,,,,,,,,,,,,,,,,,,,,,,,,,,,,,,,,,,,,,,,
rsg_object_detection,frame_trace,1424,rsg_20260806_92_054879999_001424,sent_to_hydra,,,,,,,,,,,930.1905409956817,ok,11.821309992228635,879.4617090024985,36.2938500038581,0.14245399506762624,36.15139600879047,0.005663998308591545,4.928836002363823,0.19915399025194347,331.44570801232476,28.958786992006935,0.009504001354798675,360.61315299593844,54.75703098636586,22.255260992096737,3.745656998944469,14.182389990310185,13.85735701478552,407.3497089993907,378.40941599279176,23.60502201190684,2.9997240053489804,2.289757991093211,791.0,192.0,3.1863359618000686,1.036632020259276,0.32995702349580824,1.3026919914409518,0.36119100695941597,0.00463899050373584,468.34575400862377,5.6140359956771135,0.13730199134442955,39.77357600524556,0.04905200330540538,5.495484001585282,4.794956999830902,0.1287909981328994,0.5717360036214814,5.632786007481627,0.6876959960209206,0.005343987140804529,2.608007998787798,8,0,8,0,0,,,,,,,,,,,,,,
rsg_object_detection,dropped_oldest,1439,rsg_20260806_93_004879999_001439,dropped,True,fifo_cached_frame,1440,144,0,1294,144,0,1,0.0,41.33916100545321,frame_fifo_full,,,,,,,,,,,,,,,,,,,,,,,,,,,,,,,,,,,,,,,,,,,,,,,,,,,,,,,,,,,,,,
rsg_object_detection,dropped_oldest,1440,rsg_20260806_93_054879999_001440,dropped,True,fifo_cached_frame,1441,144,0,1295,144,0,1,0.0,36.24419399420731,frame_fifo_full,,,,,,,,,,,,,,,,,,,,,,,,,,,,,,,,,,,,,,,,,,,,,,,,,,,,,,,,,,,,,,
rsg_object_detection,dropped_oldest,1441,rsg_20260806_93_104879999_001441,dropped,True,fifo_cached_frame,1442,144,0,1296,144,0,1,0.0,96.92471000016667,frame_fifo_full,,,,,,,,,,,,,,,,,,,,,,,,,,,,,,,,,,,,,,,,,,,,,,,,,,,,,,,,,,,,,,
rsg_object_detection,dropped_oldest,1442,rsg_20260806_93_204880000_001442,dropped,True,fifo_cached_frame,1443,144,0,1297,144,0,1,0.0,53.07177400391083,frame_fifo_full,,,,,,,,,,,,,,,,,,,,,,,,,,,,,,,,,,,,,,,,,,,,,,,,,,,,,,,,,,,,,,
rsg_object_detection,dropped_oldest,1443,rsg_20260806_93_254880000_001443,dropped,True,fifo_cached_frame,1444,144,0,1298,144,0,1,0.0,99.73111399449408,frame_fifo_full,,,,,,,,,,,,,,,,,,,,,,,,,,,,,,,,,,,,,,,,,,,,,,,,,,,,,,,,,,,,,,
rsg_object_detection,dropped_oldest,1444,rsg_20260806_93_354879999_001444,dropped,True,fifo_cached_frame,1445,144,0,1299,144,0,1,0.0,50.971254997421056,frame_fifo_full,,,,,,,,,,,,,,,,,,,,,,,,,,,,,,,,,,,,,,,,,,,,,,,,,,,,,,,,,,,,,,
rsg_object_detection,dropped_oldest,1445,rsg_20260806_93_404880000_001445,dropped,True,fifo_cached_frame,1446,144,0,1300,144,0,1,0.0,72.826547009754,frame_fifo_full,,,,,,,,,,,,,,,,,,,,,,,,,,,,,,,,,,,,,,,,,,,,,,,,,,,,,,,,,,,,,,
rsg_object_detection,dropped_oldest,1446,rsg_20260806_93_454880000_001446,dropped,True,fifo_cached_frame,1447,144,0,1301,144,0,1,0.0,50.32595699594822,frame_fifo_full,,,,,,,,,,,,,,,,,,,,,,,,,,,,,,,,,,,,,,,,,,,,,,,,,,,,,,,,,,,,,,
rsg_object_detection,dropped_oldest,1447,rsg_20260806_93_504880000_001447,dropped,True,fifo_cached_frame,1448,144,0,1302,144,0,1,0.0,20.91887700953521,frame_fifo_full,,,,,,,,,,,,,,,,,,,,,,,,,,,,,,,,,,,,,,,,,,,,,,,,,,,,,,,,,,,,,,
rsg_object_detection,dropped_oldest,1448,rsg_20260806_93_554879999_001448,dropped,True,fifo_cached_frame,1449,144,0,1303,144,0,1,0.0,67.04602600075305,frame_fifo_full,,,,,,,,,,,,,,,,,,,,,,,,,,,,,,,,,,,,,,,,,,,,,,,,,,,,,,,,,,,,,,
rsg_object_detection,frame_trace,1438,rsg_20260806_92_904880000_001438,sent_to_hydra,,,,,,,,,,,704.0594899881398,ok,14.103133988101035,585.4251099954126,101.94681899156421,0.12264699034858495,101.82417200121563,0.0035840057535097003,6.546194010297768,0.2136490074917674,363.47890000615735,21.908247988903895,0.007455004379153252,385.60825200693216,64.88403704133816,21.239366018562578,9.911364963045344,17.98999599122908,15.104406018508598,77.6457269967068,63.072802004171535,8.92062000639271,3.309078994789161,2.1498959977179766,810.0,194.0,2.7528299688128754,1.8284479883732274,0.3491560055408627,1.16257400077302,0.35821499477606267,0.004927002009935677,149.0043769881595,5.390883990912698,0.15410099877044559,38.680122001096606,0.041179999243468046,9.761423993040808,9.16856899857521,0.09036099072545767,0.5024940037401393,3.641823001089506,0.6953749980311841,0.004511995939537883,2.580843007308431,8,0,7,0,0,,,,,,,,,,,,,,
rsg_object_detection,dropped_oldest,1450,rsg_20260806_93_704880000_001450,dropped,True,fifo_cached_frame,1451,145,0,1304,145,0,1,0.0,49.28938999364618,frame_fifo_full,,,,,,,,,,,,,,,,,,,,,,,,,,,,,,,,,,,,,,,,,,,,,,,,,,,,,,,,,,,,,,
rsg_object_detection,dropped_oldest,1451,rsg_20260806_93_754880000_001451,dropped,True,fifo_cached_frame,1452,145,0,1305,145,0,1,0.0,49.45213001337834,frame_fifo_full,,,,,,,,,,,,,,,,,,,,,,,,,,,,,,,,,,,,,,,,,,,,,,,,,,,,,,,,,,,,,,
rsg_object_detection,dropped_oldest,1452,rsg_20260806_93_804879999_001452,dropped,True,fifo_cached_frame,1453,145,0,1306,145,0,1,0.0,51.78844599868171,frame_fifo_full,,,,,,,,,,,,,,,,,,,,,,,,,,,,,,,,,,,,,,,,,,,,,,,,,,,,,,,,,,,,,,
rsg_object_detection,dropped_oldest,1453,rsg_20260806_93_854879999_001453,dropped,True,fifo_cached_frame,1454,145,0,1307,145,0,1,0.0,50.812963003409095,frame_fifo_full,,,,,,,,,,,,,,,,,,,,,,,,,,,,,,,,,,,,,,,,,,,,,,,,,,,,,,,,,,,,,,
rsg_object_detection,dropped_oldest,1454,rsg_20260806_93_904880000_001454,dropped,True,fifo_cached_frame,1455,145,0,1308,145,0,1,0.0,52.65024099207949,frame_fifo_full,,,,,,,,,,,,,,,,,,,,,,,,,,,,,,,,,,,,,,,,,,,,,,,,,,,,,,,,,,,,,,
rsg_object_detection,dropped_oldest,1455,rsg_20260806_93_954880000_001455,dropped,True,fifo_cached_frame,1456,145,0,1309,145,0,1,0.0,49.21739500423428,frame_fifo_full,,,,,,,,,,,,,,,,,,,,,,,,,,,,,,,,,,,,,,,,,,,,,,,,,,,,,,,,,,,,,,
rsg_object_detection,dropped_oldest,1456,rsg_20260806_94_004879999_001456,dropped,True,fifo_cached_frame,1457,145,0,1310,145,0,1,0.0,65.02319198625628,frame_fifo_full,,,,,,,,,,,,,,,,,,,,,,,,,,,,,,,,,,,,,,,,,,,,,,,,,,,,,,,,,,,,,,
rsg_object_detection,dropped_oldest,1457,rsg_20260806_94_054879999_001457,dropped,True,fifo_cached_frame,1458,145,0,1311,145,0,1,0.0,53.99212999327574,frame_fifo_full,,,,,,,,,,,,,,,,,,,,,,,,,,,,,,,,,,,,,,,,,,,,,,,,,,,,,,,,,,,,,,
rsg_object_detection,dropped_oldest,1458,rsg_20260806_94_104879999_001458,dropped,True,fifo_cached_frame,1459,145,0,1312,145,0,1,0.0,83.99372699204832,frame_fifo_full,,,,,,,,,,,,,,,,,,,,,,,,,,,,,,,,,,,,,,,,,,,,,,,,,,,,,,,,,,,,,,
rsg_object_detection,dropped_oldest,1459,rsg_20260806_94_204880000_001459,dropped,True,fifo_cached_frame,1460,145,0,1313,145,0,1,0.0,81.63281000452116,frame_fifo_full,,,,,,,,,,,,,,,,,,,,,,,,,,,,,,,,,,,,,,,,,,,,,,,,,,,,,,,,,,,,,,
rsg_object_detection,frame_trace,1449,rsg_20260806_93_604879999_001449,sent_to_hydra,,,,,,,,,,,687.2102850029478,ok,17.18515800894238,630.2485070045805,36.845465991063975,0.14485299470834434,36.70061299635563,0.004704008460976183,1.9838279986288399,0.2702210040297359,356.47784899629187,22.008464991813526,0.01039900234900415,378.76693399448413,122.81338997127023,46.75622201466467,3.8209780177567154,59.89257800683845,7.681698014494032,62.60854699939955,47.06058700685389,8.875567000359297,3.507593006361276,3.1161320075625554,964.0,199.0,3.3359890221618116,1.2460900179576129,0.3786289889831096,1.456153011531569,0.42796999332495034,0.005118999979458749,192.28983799985144,5.586037994362414,0.1403740025125444,51.43343399686273,0.048061017878353596,12.154791998909786,11.478104002890177,0.09154599683824927,0.58514199918136,4.065601999172941,0.9593879949534312,0.005376015906222165,2.926449989899993,8,0,8,0,0,,,,,,,,,,,,,,
rsg_object_detection,dropped_oldest,1461,rsg_20260806_94_304879999_001461,dropped,True,fifo_cached_frame,1462,146,0,1314,146,0,1,0.0,14.687766000861302,frame_fifo_full,,,,,,,,,,,,,,,,,,,,,,,,,,,,,,,,,,,,,,,,,,,,,,,,,,,,,,,,,,,,,,
rsg_object_detection,dropped_oldest,1462,rsg_20260806_94_354879999_001462,dropped,True,fifo_cached_frame,1463,146,0,1315,146,0,1,0.0,57.815099004074,frame_fifo_full,,,,,,,,,,,,,,,,,,,,,,,,,,,,,,,,,,,,,,,,,,,,,,,,,,,,,,,,,,,,,,
rsg_object_detection,dropped_oldest,1463,rsg_20260806_94_404880000_001463,dropped,True,fifo_cached_frame,1464,146,0,1316,146,0,1,0.0,40.82563899282832,frame_fifo_full,,,,,,,,,,,,,,,,,,,,,,,,,,,,,,,,,,,,,,,,,,,,,,,,,,,,,,,,,,,,,,
rsg_object_detection,dropped_oldest,1464,rsg_20260806_94_454880000_001464,dropped,True,fifo_cached_frame,1465,146,0,1317,146,0,1,0.0,52.25520199746825,frame_fifo_full,,,,,,,,,,,,,,,,,,,,,,,,,,,,,,,,,,,,,,,,,,,,,,,,,,,,,,,,,,,,,,
rsg_object_detection,dropped_oldest,1465,rsg_20260806_94_504880000_001465,dropped,True,fifo_cached_frame,1466,146,0,1318,146,0,1,0.0,99.52733099635225,frame_fifo_full,,,,,,,,,,,,,,,,,,,,,,,,,,,,,,,,,,,,,,,,,,,,,,,,,,,,,,,,,,,,,,
rsg_object_detection,dropped_oldest,1466,rsg_20260806_94_604879999_001466,dropped,True,fifo_cached_frame,1467,146,0,1319,146,0,1,0.0,51.11739400308579,frame_fifo_full,,,,,,,,,,,,,,,,,,,,,,,,,,,,,,,,,,,,,,,,,,,,,,,,,,,,,,,,,,,,,,
rsg_object_detection,dropped_oldest,1467,rsg_20260806_94_654880000_001467,dropped,True,fifo_cached_frame,1468,146,0,1320,146,0,1,0.0,49.36113399162423,frame_fifo_full,,,,,,,,,,,,,,,,,,,,,,,,,,,,,,,,,,,,,,,,,,,,,,,,,,,,,,,,,,,,,,
rsg_object_detection,dropped_oldest,1468,rsg_20260806_94_704880000_001468,dropped,True,fifo_cached_frame,1469,146,0,1321,146,0,1,0.0,66.48719300574157,frame_fifo_full,,,,,,,,,,,,,,,,,,,,,,,,,,,,,,,,,,,,,,,,,,,,,,,,,,,,,,,,,,,,,,
rsg_object_detection,dropped_oldest,1469,rsg_20260806_94_754880000_001469,dropped,True,fifo_cached_frame,1470,146,0,1322,146,0,1,0.0,33.720059000188485,frame_fifo_full,,,,,,,,,,,,,,,,,,,,,,,,,,,,,,,,,,,,,,,,,,,,,,,,,,,,,,,,,,,,,,
rsg_object_detection,dropped_oldest,1470,rsg_20260806_94_804879999_001470,dropped,True,fifo_cached_frame,1471,146,0,1323,146,0,1,0.0,52.42482200264931,frame_fifo_full,,,,,,,,,,,,,,,,,,,,,,,,,,,,,,,,,,,,,,,,,,,,,,,,,,,,,,,,,,,,,,
rsg_object_detection,frame_trace,1460,rsg_20260806_94_254880000_001460,sent_to_hydra,,,,,,,,,,,576.5076469979249,ok,14.095903999987058,514.4687819993123,45.60648598999251,0.1332709944108501,45.47321499558166,0.0033279939088970423,5.1519249973353,0.2196970017394051,335.81278000201564,17.062447004718706,0.00799899862613529,353.1029230070999,42.31151897693053,22.964014002354816,3.8350299873854965,5.631219988572411,9.318768963566981,61.57915299991146,51.642733000335284,3.4602039959281683,4.289457996492274,2.1405529987532645,649.0,203.0,3.638078982476145,5.184213034226559,0.360293997800909,1.3201629917602986,0.6372990028467029,0.029885995900258422,115.07750100281555,3.8053319876780733,0.17553899670019746,37.112460006028414,0.04310200165491551,9.678422997239977,9.067777995369397,0.09416999819222838,0.5164750036783516,3.6615339922718704,0.7508910057367757,0.005056004738435149,2.3331470147240907,7,0,7,0,0,,,,,,,,,,,,,,
rsg_object_detection,dropped_oldest,1472,rsg_20260806_94_954880000_001472,dropped,True,fifo_cached_frame,1473,147,0,1324,147,0,1,0.0,57.162985001923516,frame_fifo_full,,,,,,,,,,,,,,,,,,,,,,,,,,,,,,,,,,,,,,,,,,,,,,,,,,,,,,,,,,,,,,
rsg_object_detection,dropped_oldest,1473,rsg_20260806_95_004879999_001473,dropped,True,fifo_cached_frame,1474,147,0,1325,147,0,1,0.0,93.98205699108075,frame_fifo_full,,,,,,,,,,,,,,,,,,,,,,,,,,,,,,,,,,,,,,,,,,,,,,,,,,,,,,,,,,,,,,
rsg_object_detection,dropped_oldest,1474,rsg_20260806_95_104879999_001474,dropped,True,fifo_cached_frame,1475,147,0,1326,147,0,1,0.0,55.7566829957068,frame_fifo_full,,,,,,,,,,,,,,,,,,,,,,,,,,,,,,,,,,,,,,,,,,,,,,,,,,,,,,,,,,,,,,
rsg_object_detection,dropped_oldest,1475,rsg_20260806_95_154880000_001475,dropped,True,fifo_cached_frame,1476,147,0,1327,147,0,1,0.0,54.98355400050059,frame_fifo_full,,,,,,,,,,,,,,,,,,,,,,,,,,,,,,,,,,,,,,,,,,,,,,,,,,,,,,,,,,,,,,
rsg_object_detection,dropped_oldest,1476,rsg_20260806_95_204880000_001476,dropped,True,fifo_cached_frame,1477,147,0,1328,147,0,1,0.0,47.60912999336142,frame_fifo_full,,,,,,,,,,,,,,,,,,,,,,,,,,,,,,,,,,,,,,,,,,,,,,,,,,,,,,,,,,,,,,
rsg_object_detection,dropped_oldest,1477,rsg_20260806_95_254880000_001477,dropped,True,fifo_cached_frame,1478,147,0,1329,147,0,1,0.0,143.01881300343666,frame_fifo_full,,,,,,,,,,,,,,,,,,,,,,,,,,,,,,,,,,,,,,,,,,,,,,,,,,,,,,,,,,,,,,
rsg_object_detection,dropped_oldest,1478,rsg_20260806_95_404880000_001478,dropped,True,fifo_cached_frame,1479,147,0,1330,147,0,1,0.0,65.22069600760005,frame_fifo_full,,,,,,,,,,,,,,,,,,,,,,,,,,,,,,,,,,,,,,,,,,,,,,,,,,,,,,,,,,,,,,
rsg_object_detection,dropped_oldest,1479,rsg_20260806_95_454880000_001479,dropped,True,fifo_cached_frame,1480,147,0,1331,148,0,1,0.0,45.65163899678737,frame_fifo_full,,,,,,,,,,,,,,,,,,,,,,,,,,,,,,,,,,,,,,,,,,,,,,,,,,,,,,,,,,,,,,
rsg_object_detection,frame_trace,1471,rsg_20260806_94_854879999_001471,sent_to_hydra,,,,,,,,,,,622.5242719956441,ok,14.542657998390496,569.191383998259,35.434785997495055,0.1347740035271272,35.30001199396793,0.003583001671358943,2.824376992066391,0.19323400920256972,393.7505299982149,14.23842400254216,0.007454989827238023,408.1896429997869,28.507051974884234,14.814191003097221,2.9996290104463696,3.946861033909954,6.250122009078041,66.7373580072308,53.956784002366476,3.4164000098826364,6.363039996358566,2.953329007141292,984.0,203.0,3.2947430154308677,4.8360449727624655,0.3746630245586857,1.3264979934319854,0.3397840046091005,0.004735993570648134,105.43918200710323,4.803086005267687,0.14894999912939966,47.743684001034126,0.04246199387125671,9.85761100309901,9.20476100873202,0.107257001218386,0.5455929931486025,3.9582179888384417,0.7204930006992072,0.006336005753837526,3.3518609998282045,8,0,8,0,0,,,,,,,,,,,,,,
rsg_object_detection,dropped_oldest,1481,rsg_20260806_95_554879999_001481,dropped,True,fifo_cached_frame,1482,148,0,1332,148,0,1,0.0,87.08994300104678,frame_fifo_full,,,,,,,,,,,,,,,,,,,,,,,,,,,,,,,,,,,,,,,,,,,,,,,,,,,,,,,,,,,,,,
rsg_object_detection,dropped_oldest,1482,rsg_20260806_95_654880000_001482,dropped,True,fifo_cached_frame,1483,148,0,1333,148,0,1,0.0,51.2029609963065,frame_fifo_full,,,,,,,,,,,,,,,,,,,,,,,,,,,,,,,,,,,,,,,,,,,,,,,,,,,,,,,,,,,,,,
rsg_object_detection,dropped_oldest,1483,rsg_20260806_95_704880000_001483,dropped,True,fifo_cached_frame,1484,148,0,1334,148,0,1,0.0,61.282156995730475,frame_fifo_full,,,,,,,,,,,,,,,,,,,,,,,,,,,,,,,,,,,,,,,,,,,,,,,,,,,,,,,,,,,,,,
rsg_object_detection,dropped_oldest,1484,rsg_20260806_95_754880000_001484,dropped,True,fifo_cached_frame,1485,148,0,1335,148,0,1,0.0,89.6290610107826,frame_fifo_full,,,,,,,,,,,,,,,,,,,,,,,,,,,,,,,,,,,,,,,,,,,,,,,,,,,,,,,,,,,,,,
rsg_object_detection,dropped_oldest,1485,rsg_20260806_95_854879999_001485,dropped,True,fifo_cached_frame,1486,148,0,1336,148,0,1,0.0,103.3302099967841,frame_fifo_full,,,,,,,,,,,,,,,,,,,,,,,,,,,,,,,,,,,,,,,,,,,,,,,,,,,,,,,,,,,,,,
rsg_object_detection,dropped_oldest,1486,rsg_20260806_95_954880000_001486,dropped,True,fifo_cached_frame,1487,148,0,1337,148,0,1,0.0,82.7689029974863,frame_fifo_full,,,,,,,,,,,,,,,,,,,,,,,,,,,,,,,,,,,,,,,,,,,,,,,,,,,,,,,,,,,,,,
rsg_object_detection,dropped_oldest,1487,rsg_20260806_96_004879999_001487,dropped,True,fifo_cached_frame,1488,148,0,1338,148,0,1,0.0,11.629935004748404,frame_fifo_full,,,,,,,,,,,,,,,,,,,,,,,,,,,,,,,,,,,,,,,,,,,,,,,,,,,,,,,,,,,,,,
rsg_object_detection,frame_trace,1480,rsg_20260806_95_504880000_001480,sent_to_hydra,,,,,,,,,,,548.0879440001445,ok,15.603894993546419,523.8674709980842,5.597270006546751,0.15624500520061702,5.441025001346134,0.005312002031132579,2.0926209981553257,0.19013100245501846,356.36906600848306,16.09192500473,0.007167996955104172,372.6582900126232,38.840054025058635,16.34915400063619,3.2574999786447734,11.19134201144334,7.481779990484938,56.46943899046164,47.54056299861986,3.2272610114887357,3.120613007922657,2.528302007704042,775.0,204.0,4.333616001531482,3.210142007446848,0.451744970632717,1.4072930061956868,0.2355030010221526,0.00553599966224283,104.97175899217837,3.1290929910028353,0.16146099369507283,40.80397999496199,0.05026701546739787,10.087098999065347,9.451303994865157,0.10088800627272576,0.5349069979274645,4.896967991953716,0.6157000025268644,0.004128000000491738,3.0139959999360144,8,0,8,0,0,,,,,,,,,,,,,,
rsg_object_detection,dropped_oldest,1489,rsg_20260806_96_154880000_001489,dropped,True,fifo_cached_frame,1490,149,0,1339,149,0,1,0.0,108.26951100898441,frame_fifo_full,,,,,,,,,,,,,,,,,,,,,,,,,,,,,,,,,,,,,,,,,,,,,,,,,,,,,,,,,,,,,,
rsg_object_detection,dropped_oldest,1490,rsg_20260806_96_254880000_001490,dropped,True,fifo_cached_frame,1491,149,0,1340,149,0,1,0.0,40.677017997950315,frame_fifo_full,,,,,,,,,,,,,,,,,,,,,,,,,,,,,,,,,,,,,,,,,,,,,,,,,,,,,,,,,,,,,,
rsg_object_detection,dropped_oldest,1491,rsg_20260806_96_304879999_001491,dropped,True,fifo_cached_frame,1492,149,0,1341,149,0,1,0.0,51.28459300613031,frame_fifo_full,,,,,,,,,,,,,,,,,,,,,,,,,,,,,,,,,,,,,,,,,,,,,,,,,,,,,,,,,,,,,,
rsg_object_detection,dropped_oldest,1492,rsg_20260806_96_354879999_001492,dropped,True,fifo_cached_frame,1493,149,0,1342,149,0,1,0.0,59.826873999554664,frame_fifo_full,,,,,,,,,,,,,,,,,,,,,,,,,,,,,,,,,,,,,,,,,,,,,,,,,,,,,,,,,,,,,,
rsg_object_detection,dropped_oldest,1493,rsg_20260806_96_404880000_001493,dropped,True,fifo_cached_frame,1494,149,0,1343,149,0,1,0.0,111.51063900615554,frame_fifo_full,,,,,,,,,,,,,,,,,,,,,,,,,,,,,,,,,,,,,,,,,,,,,,,,,,,,,,,,,,,,,,
rsg_object_detection,dropped_oldest,1494,rsg_20260806_96_504880000_001494,dropped,True,fifo_cached_frame,1495,149,0,1344,149,0,1,0.0,107.31461300747469,frame_fifo_full,,,,,,,,,,,,,,,,,,,,,,,,,,,,,,,,,,,,,,,,,,,,,,,,,,,,,,,,,,,,,,
rsg_object_detection,frame_trace,1488,rsg_20260806_96_054879999_001488,sent_to_hydra,,,,,,,,,,,590.0659949984401,ok,11.600306010222994,535.2203429938527,33.06110099947546,0.14955799269955605,32.9115430067759,3.840435005258769,1.0666449961718172,0.24145501083694398,333.2591240032343,11.781893990701064,0.007677997928112745,345.29015100270044,85.64448700053617,19.00749799096957,14.813167988904752,32.56216298905201,17.90792800602503,63.92476199835073,58.41004500689451,1.8283509998582304,1.7666920030023903,1.878716007922776,542.0,208.0,2.495568012818694,1.2107300135539845,0.307082969811745,1.219947007484734,0.5063639982836321,0.004415996954776347,155.3306040004827,3.928299993276596,0.17176399705931544,29.389809002168477,0.04307000199332833,5.934495013207197,5.290924003929831,0.1109040022129193,0.5326670070644468,5.068700003903359,0.5922790005570278,0.00483199255540967,6.343809989630245,6,0,6,0,0,,,,,,,,,,,,,,
rsg_object_detection,dropped_oldest,1496,rsg_20260806_96_704880000_001496,dropped,True,fifo_cached_frame,1497,150,0,1345,150,0,1,0.0,51.150267012417316,frame_fifo_full,,,,,,,,,,,,,,,,,,,,,,,,,,,,,,,,,,,,,,,,,,,,,,,,,,,,,,,,,,,,,,
rsg_object_detection,dropped_oldest,1497,rsg_20260806_96_754880000_001497,dropped,True,fifo_cached_frame,1498,150,0,1346,150,0,1,0.0,51.437478003208525,frame_fifo_full,,,,,,,,,,,,,,,,,,,,,,,,,,,,,,,,,,,,,,,,,,,,,,,,,,,,,,,,,,,,,,
rsg_object_detection,dropped_oldest,1498,rsg_20260806_96_804879999_001498,dropped,True,fifo_cached_frame,1499,150,0,1347,150,0,1,0.0,49.34789700200781,frame_fifo_full,,,,,,,,,,,,,,,,,,,,,,,,,,,,,,,,,,,,,,,,,,,,,,,,,,,,,,,,,,,,,,
rsg_object_detection,dropped_oldest,1499,rsg_20260806_96_854879999_001499,dropped,True,fifo_cached_frame,1500,150,0,1348,150,0,1,0.0,45.399790004012175,frame_fifo_full,,,,,,,,,,,,,,,,,,,,,,,,,,,,,,,,,,,,,,,,,,,,,,,,,,,,,,,,,,,,,,
rsg_object_detection,dropped_oldest,1500,rsg_20260806_96_904880000_001500,dropped,True,fifo_cached_frame,1501,150,0,1349,150,0,1,0.0,54.682753994711675,frame_fifo_full,,,,,,,,,,,,,,,,,,,,,,,,,,,,,,,,,,,,,,,,,,,,,,,,,,,,,,,,,,,,,,
rsg_object_detection,dropped_oldest,1501,rsg_20260806_96_954880000_001501,dropped,True,fifo_cached_frame,1502,150,0,1350,150,0,1,0.0,146.2875260040164,frame_fifo_full,,,,,,,,,,,,,,,,,,,,,,,,,,,,,,,,,,,,,,,,,,,,,,,,,,,,,,,,,,,,,,
rsg_object_detection,dropped_oldest,1502,rsg_20260806_97_104879999_001502,dropped,True,fifo_cached_frame,1503,150,0,1351,150,0,1,0.0,70.14061399968341,frame_fifo_full,,,,,,,,,,,,,,,,,,,,,,,,,,,,,,,,,,,,,,,,,,,,,,,,,,,,,,,,,,,,,,
rsg_object_detection,dropped_oldest,1503,rsg_20260806_97_154880000_001503,dropped,True,fifo_cached_frame,1504,150,0,1352,150,0,1,0.0,48.77811300684698,frame_fifo_full,,,,,,,,,,,,,,,,,,,,,,,,,,,,,,,,,,,,,,,,,,,,,,,,,,,,,,,,,,,,,,
rsg_object_detection,frame_trace,1495,rsg_20260806_96_604879999_001495,sent_to_hydra,,,,,,,,,,,602.4321559962118,ok,10.786730999825522,555.3782740025781,34.581220999825746,0.14731800183653831,34.43390299798921,0.003392007783986628,4.299666004953906,0.20168199262116104,337.12095000373665,14.968229996156879,0.008575007086619735,352.2994369996013,107.95316001167521,30.385612000827678,16.430624018539675,38.101679005194455,22.17137100524269,49.686305996146984,37.39833600411657,7.536752003943548,2.7539830043679103,1.6610669990768656,425.0,69.0,3.4135860187234357,1.3555210025515407,0.3837779659079388,1.439066996681504,0.4880620108451694,0.004959001671522856,164.74546199606266,9.16332499764394,0.17048399604391307,24.655486005940475,0.04441400233190507,5.763467008364387,5.15727000311017,0.10360899614170194,0.5025880091125146,4.425385996000841,0.5939110124018043,0.003966983058489859,1.6825379861984402,7,0,6,0,0,,,,,,,,,,,,,,
rsg_object_detection,dropped_oldest,1505,rsg_20260806_97_254880000_001505,dropped,True,fifo_cached_frame,1506,151,0,1353,151,0,1,0.0,93.31378201022744,frame_fifo_full,,,,,,,,,,,,,,,,,,,,,,,,,,,,,,,,,,,,,,,,,,,,,,,,,,,,,,,,,,,,,,
rsg_object_detection,dropped_oldest,1506,rsg_20260806_97_354879999_001506,dropped,True,fifo_cached_frame,1507,151,0,1354,151,0,1,0.0,43.28067900496535,frame_fifo_full,,,,,,,,,,,,,,,,,,,,,,,,,,,,,,,,,,,,,,,,,,,,,,,,,,,,,,,,,,,,,,
rsg_object_detection,dropped_oldest,1507,rsg_20260806_97_404880000_001507,dropped,True,fifo_cached_frame,1508,151,0,1355,151,0,1,0.0,51.950567998574115,frame_fifo_full,,,,,,,,,,,,,,,,,,,,,,,,,,,,,,,,,,,,,,,,,,,,,,,,,,,,,,,,,,,,,,
rsg_object_detection,dropped_oldest,1508,rsg_20260806_97_454880000_001508,dropped,True,fifo_cached_frame,1509,151,0,1356,151,0,1,0.0,50.541003001853824,frame_fifo_full,,,,,,,,,,,,,,,,,,,,,,,,,,,,,,,,,,,,,,,,,,,,,,,,,,,,,,,,,,,,,,
rsg_object_detection,dropped_oldest,1509,rsg_20260806_97_504880000_001509,dropped,True,fifo_cached_frame,1510,151,0,1357,151,0,1,0.0,49.90194299898576,frame_fifo_full,,,,,,,,,,,,,,,,,,,,,,,,,,,,,,,,,,,,,,,,,,,,,,,,,,,,,,,,,,,,,,
rsg_object_detection,dropped_oldest,1510,rsg_20260806_97_554879999_001510,dropped,True,fifo_cached_frame,1511,151,0,1358,151,0,1,0.0,49.30342499574181,frame_fifo_full,,,,,,,,,,,,,,,,,,,,,,,,,,,,,,,,,,,,,,,,,,,,,,,,,,,,,,,,,,,,,,
rsg_object_detection,dropped_oldest,1511,rsg_20260806_97_604879999_001511,dropped,True,fifo_cached_frame,1512,151,0,1359,151,0,1,0.0,179.5398989925161,frame_fifo_full,,,,,,,,,,,,,,,,,,,,,,,,,,,,,,,,,,,,,,,,,,,,,,,,,,,,,,,,,,,,,,
rsg_object_detection,dropped_oldest,1512,rsg_20260806_97_654880000_001512,dropped,True,fifo_cached_frame,1513,151,0,1360,151,0,1,0.0,34.22985700308345,frame_fifo_full,,,,,,,,,,,,,,,,,,,,,,,,,,,,,,,,,,,,,,,,,,,,,,,,,,,,,,,,,,,,,,
rsg_object_detection,dropped_oldest,1513,rsg_20260806_97_754880000_001513,dropped,True,fifo_cached_frame,1514,151,0,1361,151,0,1,0.0,3.65945600788109,frame_fifo_full,,,,,,,,,,,,,,,,,,,,,,,,,,,,,,,,,,,,,,,,,,,,,,,,,,,,,,,,,,,,,,
rsg_object_detection,dropped_oldest,1514,rsg_20260806_97_804879999_001514,dropped,True,fifo_cached_frame,1515,151,0,1362,151,0,1,0.0,65.0464189966442,frame_fifo_full,,,,,,,,,,,,,,,,,,,,,,,,,,,,,,,,,,,,,,,,,,,,,,,,,,,,,,,,,,,,,,
rsg_object_detection,frame_trace,1504,rsg_20260806_97_204880000_001504,sent_to_hydra,,,,,,,,,,,676.8936519947601,ok,16.48633199511096,627.8768659976777,30.145947996061295,0.16277200484182686,29.98317599121947,0.005278998287394643,1.3486730022123083,1.542707992484793,362.95549500209745,16.899712005397305,0.009822004358284175,381.40773700433783,105.56636301043909,25.36730900465045,23.753119006869383,27.052567020291463,28.69456600456033,90.34896499360912,73.97481700172648,10.744590996182524,2.950064998003654,2.625927998451516,578.0,209.0,4.831405021832325,1.2053240207023919,0.3974759456468746,1.3934699964011088,0.24990300880745053,0.00486300268676132,204.01303200924303,2.7916770050069317,0.15605300723109394,38.054486009059474,0.10520796058699489,9.442858005058952,8.722587997908704,0.09471300290897489,0.6255570042412728,4.173114997684024,2.8622640093090013,0.008094983058981597,2.3792270076228306,7,0,7,0,0,,,,,,,,,,,,,,
rsg_object_detection,dropped_oldest,1516,rsg_20260806_97_954880000_001516,dropped,True,fifo_cached_frame,1517,152,0,1363,152,0,1,0.0,90.53989600215573,frame_fifo_full,,,,,,,,,,,,,,,,,,,,,,,,,,,,,,,,,,,,,,,,,,,,,,,,,,,,,,,,,,,,,,
rsg_object_detection,dropped_oldest,1517,rsg_20260806_98_054879999_001517,dropped,True,fifo_cached_frame,1518,152,0,1364,152,0,1,0.0,49.93512500368524,frame_fifo_full,,,,,,,,,,,,,,,,,,,,,,,,,,,,,,,,,,,,,,,,,,,,,,,,,,,,,,,,,,,,,,
rsg_object_detection,dropped_oldest,1518,rsg_20260806_98_104879999_001518,dropped,True,fifo_cached_frame,1519,152,0,1365,152,0,1,0.0,108.60823000257369,frame_fifo_full,,,,,,,,,,,,,,,,,,,,,,,,,,,,,,,,,,,,,,,,,,,,,,,,,,,,,,,,,,,,,,
rsg_object_detection,dropped_oldest,1519,rsg_20260806_98_204880000_001519,dropped,True,fifo_cached_frame,1520,152,0,1366,152,0,1,0.0,40.62963300384581,frame_fifo_full,,,,,,,,,,,,,,,,,,,,,,,,,,,,,,,,,,,,,,,,,,,,,,,,,,,,,,,,,,,,,,
rsg_object_detection,,426,rsg_20260806_33_654879999_000426,vlm_done,,,,,,,,,,,,ok,,,,,,,,,,,,,,,,,,,,,,,,,,,,,,,,,,,,,,,,,,,,,,,,,rsg_obj_000036,rsg_unknown_rsg_20260806_33_654879999_000426_007_nanosam_008,,,3,0.656923250619141,floor,0.98,static,0.99,6263.853035998181,59732.55433799932,qwen_http,Qwen3-VL-8B-Instruct-GGUF
rsg_object_detection,completed,426,rsg_20260806_33_654879999_000426,,,,,,,,,,,53468.698902011965,,vlm_done,,,,,,,,,,,,,,,,,,,,,,,,,,,,,,,,,,,,,,,,,,,,,,,,,rsg_obj_000036,rsg_unknown_rsg_20260806_33_654879999_000426_007_nanosam_008,46,300,3,0.656923250619141,,,,,,,,
rsg_object_detection,dropped_oldest,1520,rsg_20260806_98_254880000_001520,dropped,True,fifo_cached_frame,1521,152,0,1367,152,0,1,0.0,49.587122004595585,frame_fifo_full,,,,,,,,,,,,,,,,,,,,,,,,,,,,,,,,,,,,,,,,,,,,,,,,,,,,,,,,,,,,,,
rsg_object_detection,dequeued,452,rsg_20260806_35_254880000_000452,,,,,,,,,,,59143.92320800107,,fifo_order,,,,,,,,,,,,,,,,,,,,,,,,,,,,,,,,,,,,,,,,,,,,,,,,,rsg_obj_000037,rsg_unknown_rsg_20260806_35_254880000_000452_002_nanosam_002,45,300,5,0.4743668023786466,,,,,,,,
rsg_object_detection,dropped_oldest,1521,rsg_20260806_98_304879999_001521,dropped,True,fifo_cached_frame,1522,152,0,1368,152,0,1,0.0,129.01346900616772,frame_fifo_full,,,,,,,,,,,,,,,,,,,,,,,,,,,,,,,,,,,,,,,,,,,,,,,,,,,,,,,,,,,,,,
rsg_object_detection,dropped_oldest,1522,rsg_20260806_98_404880000_001522,dropped,True,fifo_cached_frame,1523,152,0,1369,152,0,1,0.0,33.33114000270143,frame_fifo_full,,,,,,,,,,,,,,,,,,,,,,,,,,,,,,,,,,,,,,,,,,,,,,,,,,,,,,,,,,,,,,
rsg_object_detection,dropped_oldest,1523,rsg_20260806_98_454880000_001523,dropped,True,fifo_cached_frame,1524,152,0,1370,152,0,1,0.0,100.70249000273179,frame_fifo_full,,,,,,,,,,,,,,,,,,,,,,,,,,,,,,,,,,,,,,,,,,,,,,,,,,,,,,,,,,,,,,
rsg_object_detection,dropped_oldest,1524,rsg_20260806_98_554879999_001524,dropped,True,fifo_cached_frame,1525,152,0,1371,152,0,1,0.0,62.75093799922615,frame_fifo_full,,,,,,,,,,,,,,,,,,,,,,,,,,,,,,,,,,,,,,,,,,,,,,,,,,,,,,,,,,,,,,
rsg_object_detection,frame_trace,1515,rsg_20260806_97_854879999_001515,sent_to_hydra,,,,,,,,,,,756.5085020032711,ok,9.613791000447236,710.3366639930755,34.23628900782205,0.15864500892348588,34.077643998898566,0.005374997272156179,1.0771079978439957,0.19604999397415668,389.4954650022555,19.74802601034753,0.006943984772078693,409.4464849913493,139.01318500575144,28.90405699145049,9.222780005075037,66.60254101734608,33.21374200459104,103.81683199375402,88.55562801181804,4.647738009225577,8.526667006663047,2.0365300006233156,643.0,211.0,5.148375013959594,0.9591650014044717,0.4069159913342446,1.7880669911392033,0.2526220050640404,0.00627199187874794,251.41191300645005,3.829077002592385,0.22430499666370451,44.30454800603911,0.04322799213696271,5.214674994931556,4.614364996086806,0.09349700121674687,0.5068129976280034,3.601219999836758,0.7909529958851635,0.006943009793758392,2.316383004654199,8,0,8,0,0,,,,,,,,,,,,,,
rsg_object_detection,dropped_oldest,1526,rsg_20260806_98_654880000_001526,dropped,True,fifo_cached_frame,1527,153,0,1372,153,0,1,0.0,35.53117701085284,frame_fifo_full,,,,,,,,,,,,,,,,,,,,,,,,,,,,,,,,,,,,,,,,,,,,,,,,,,,,,,,,,,,,,,
rsg_object_detection,dropped_oldest,1527,rsg_20260806_98_704880000_001527,dropped,True,fifo_cached_frame,1528,153,0,1373,153,0,1,0.0,49.44402900582645,frame_fifo_full,,,,,,,,,,,,,,,,,,,,,,,,,,,,,,,,,,,,,,,,,,,,,,,,,,,,,,,,,,,,,,
rsg_object_detection,dropped_oldest,1528,rsg_20260806_98_754880000_001528,dropped,True,fifo_cached_frame,1529,153,0,1374,153,0,1,0.0,98.48923698882572,frame_fifo_full,,,,,,,,,,,,,,,,,,,,,,,,,,,,,,,,,,,,,,,,,,,,,,,,,,,,,,,,,,,,,,
rsg_object_detection,dropped_oldest,1529,rsg_20260806_98_854879999_001529,dropped,True,fifo_cached_frame,1530,153,0,1375,153,0,1,0.0,52.68975399667397,frame_fifo_full,,,,,,,,,,,,,,,,,,,,,,,,,,,,,,,,,,,,,,,,,,,,,,,,,,,,,,,,,,,,,,
rsg_object_detection,dropped_oldest,1530,rsg_20260806_98_904880000_001530,dropped,True,fifo_cached_frame,1531,153,0,1376,153,0,1,0.0,113.65435201150831,frame_fifo_full,,,,,,,,,,,,,,,,,,,,,,,,,,,,,,,,,,,,,,,,,,,,,,,,,,,,,,,,,,,,,,
rsg_object_detection,dropped_oldest,1531,rsg_20260806_99_004879999_001531,dropped,True,fifo_cached_frame,1532,153,0,1377,153,0,1,0.0,35.93332599848509,frame_fifo_full,,,,,,,,,,,,,,,,,,,,,,,,,,,,,,,,,,,,,,,,,,,,,,,,,,,,,,,,,,,,,,
rsg_object_detection,dropped_oldest,1532,rsg_20260806_99_054879999_001532,dropped,True,fifo_cached_frame,1533,153,0,1378,153,0,1,0.0,67.9615490080323,frame_fifo_full,,,,,,,,,,,,,,,,,,,,,,,,,,,,,,,,,,,,,,,,,,,,,,,,,,,,,,,,,,,,,,
rsg_object_detection,dropped_oldest,1533,rsg_20260806_99_104879999_001533,dropped,True,fifo_cached_frame,1534,153,0,1379,153,0,1,0.0,38.572662000660785,frame_fifo_full,,,,,,,,,,,,,,,,,,,,,,,,,,,,,,,,,,,,,,,,,,,,,,,,,,,,,,,,,,,,,,
rsg_object_detection,dropped_oldest,1534,rsg_20260806_99_154880000_001534,dropped,True,fifo_cached_frame,1535,153,0,1380,153,0,1,0.0,69.57250800041948,frame_fifo_full,,,,,,,,,,,,,,,,,,,,,,,,,,,,,,,,,,,,,,,,,,,,,,,,,,,,,,,,,,,,,,
rsg_object_detection,dropped_oldest,1535,rsg_20260806_99_204880000_001535,dropped,True,fifo_cached_frame,1536,153,0,1381,154,0,1,0.0,36.442251002881676,frame_fifo_full,,,,,,,,,,,,,,,,,,,,,,,,,,,,,,,,,,,,,,,,,,,,,,,,,,,,,,,,,,,,,,
rsg_object_detection,frame_trace,1525,rsg_20260806_98_604879999_001525,sent_to_hydra,,,,,,,,,,,613.9312840095954,ok,16.635093008517288,556.329041995923,38.166256999829784,0.1354460109723732,38.03081098885741,0.006590998964384198,5.010592998587526,0.21156900038477033,290.4244480014313,16.36413499363698,0.00940701283980161,307.00955900829285,123.59362402639817,17.94523802527692,16.887361998669803,62.09488702006638,25.794801011215895,70.14008500846103,54.389922006521374,9.99475599383004,3.579908996471204,2.1247159893391654,635.0,212.0,4.281267989426851,0.49420498544350266,0.4175709909759462,1.5197020111372694,0.898753001820296,0.005759007763117552,201.36808599636424,6.5800199954537675,0.13304600724950433,36.176157009322196,0.051580980652943254,11.754058010410517,10.92976299696602,0.10802499309647828,0.7162700203480199,4.0576360042905435,0.8173829992301762,0.00601599458605051,2.794301006360911,8,0,8,0,0,,,,,,,,,,,,,,
rsg_object_detection,dropped_oldest,1537,rsg_20260806_99_304879999_001537,dropped,True,fifo_cached_frame,1538,154,0,1382,154,0,1,0.0,31.320820009568706,frame_fifo_full,,,,,,,,,,,,,,,,,,,,,,,,,,,,,,,,,,,,,,,,,,,,,,,,,,,,,,,,,,,,,,
rsg_object_detection,dropped_oldest,1538,rsg_20260806_99_354879999_001538,dropped,True,fifo_cached_frame,1539,154,0,1383,154,0,1,0.0,46.27104000246618,frame_fifo_full,,,,,,,,,,,,,,,,,,,,,,,,,,,,,,,,,,,,,,,,,,,,,,,,,,,,,,,,,,,,,,
rsg_object_detection,dropped_oldest,1539,rsg_20260806_99_404880000_001539,dropped,True,fifo_cached_frame,1540,154,0,1384,154,0,1,0.0,61.24359299428761,frame_fifo_full,,,,,,,,,,,,,,,,,,,,,,,,,,,,,,,,,,,,,,,,,,,,,,,,,,,,,,,,,,,,,,
rsg_object_detection,dropped_oldest,1540,rsg_20260806_99_454880000_001540,dropped,True,fifo_cached_frame,1541,154,0,1385,154,0,1,0.0,41.566471991245635,frame_fifo_full,,,,,,,,,,,,,,,,,,,,,,,,,,,,,,,,,,,,,,,,,,,,,,,,,,,,,,,,,,,,,,
rsg_object_detection,dropped_oldest,1541,rsg_20260806_99_504880000_001541,dropped,True,fifo_cached_frame,1542,154,0,1386,154,0,1,0.0,49.998331000097096,frame_fifo_full,,,,,,,,,,,,,,,,,,,,,,,,,,,,,,,,,,,,,,,,,,,,,,,,,,,,,,,,,,,,,,
rsg_object_detection,dropped_oldest,1542,rsg_20260806_99_554879999_001542,dropped,True,fifo_cached_frame,1543,154,0,1387,154,0,1,0.0,58.94679299672134,frame_fifo_full,,,,,,,,,,,,,,,,,,,,,,,,,,,,,,,,,,,,,,,,,,,,,,,,,,,,,,,,,,,,,,
rsg_object_detection,dropped_oldest,1543,rsg_20260806_99_604879999_001543,dropped,True,fifo_cached_frame,1544,154,0,1388,154,0,1,0.0,52.69347000285052,frame_fifo_full,,,,,,,,,,,,,,,,,,,,,,,,,,,,,,,,,,,,,,,,,,,,,,,,,,,,,,,,,,,,,,
rsg_object_detection,dropped_oldest,1544,rsg_20260806_99_654880000_001544,dropped,True,fifo_cached_frame,1545,154,0,1389,154,0,1,0.0,110.62734300503507,frame_fifo_full,,,,,,,,,,,,,,,,,,,,,,,,,,,,,,,,,,,,,,,,,,,,,,,,,,,,,,,,,,,,,,
rsg_object_detection,dropped_oldest,1545,rsg_20260806_99_754880000_001545,dropped,True,fifo_cached_frame,1546,154,0,1390,154,0,1,0.0,39.12779399252031,frame_fifo_full,,,,,,,,,,,,,,,,,,,,,,,,,,,,,,,,,,,,,,,,,,,,,,,,,,,,,,,,,,,,,,
rsg_object_detection,dropped_oldest,1546,rsg_20260806_99_804879999_001546,dropped,True,fifo_cached_frame,1547,154,0,1391,154,0,1,0.0,122.47825899976306,frame_fifo_full,,,,,,,,,,,,,,,,,,,,,,,,,,,,,,,,,,,,,,,,,,,,,,,,,,,,,,,,,,,,,,
rsg_object_detection,dropped_oldest,1547,rsg_20260806_99_904880000_001547,dropped,True,fifo_cached_frame,1548,154,0,1392,154,0,1,0.0,21.133786998689175,frame_fifo_full,,,,,,,,,,,,,,,,,,,,,,,,,,,,,,,,,,,,,,,,,,,,,,,,,,,,,,,,,,,,,,
rsg_object_detection,dropped_oldest,1548,rsg_20260806_99_954880000_001548,dropped,True,fifo_cached_frame,1549,154,0,1393,154,0,1,0.0,48.48141300317366,frame_fifo_full,,,,,,,,,,,,,,,,,,,,,,,,,,,,,,,,,,,,,,,,,,,,,,,,,,,,,,,,,,,,,,
rsg_object_detection,frame_trace,1536,rsg_20260806_99_254880000_001536,sent_to_hydra,,,,,,,,,,,750.8137520053424,ok,15.818446991033852,727.6453869999386,4.644220010959543,0.17253200348932296,4.47168800747022,0.007040012860670686,3.478957005427219,0.3627270052675158,387.0944270020118,34.045013002469204,0.007871989510022104,421.51003899925854,161.70870199857745,42.670747003285214,9.46724099048879,62.118283996824175,46.373846984351985,91.68572300404776,76.29150200227741,9.326291998149827,3.499052007100545,2.2052220010664314,639.0,212.0,4.481064999708906,4.629757007933222,0.48914598301053047,1.53576499724295,0.2948589972220361,0.006398986442945898,264.8681819991907,3.5691910015884787,0.15019701095297933,34.008728005574085,0.06009297794662416,10.982273000990972,10.151834998396225,0.13746198965236545,0.6929760129423812,4.099808997125365,0.730380997993052,0.005983994924463332,2.698657990549691,8,0,7,0,0,,,,,,,,,,,,,,
rsg_object_detection,dropped_oldest,1550,rsg_20260806_100_054900000_001550,dropped,True,fifo_cached_frame,1551,155,0,1394,155,0,1,0.0,44.69348599377554,frame_fifo_full,,,,,,,,,,,,,,,,,,,,,,,,,,,,,,,,,,,,,,,,,,,,,,,,,,,,,,,,,,,,,,
rsg_object_detection,dropped_oldest,1551,rsg_20260806_100_104900000_001551,dropped,True,fifo_cached_frame,1552,155,0,1395,155,0,1,0.0,158.44262699829414,frame_fifo_full,,,,,,,,,,,,,,,,,,,,,,,,,,,,,,,,,,,,,,,,,,,,,,,,,,,,,,,,,,,,,,
rsg_object_detection,dropped_oldest,1552,rsg_20260806_100_254900000_001552,dropped,True,fifo_cached_frame,1553,155,0,1396,155,0,1,0.0,40.72247099247761,frame_fifo_full,,,,,,,,,,,,,,,,,,,,,,,,,,,,,,,,,,,,,,,,,,,,,,,,,,,,,,,,,,,,,,
rsg_object_detection,dropped_oldest,1553,rsg_20260806_100_304900000_001553,dropped,True,fifo_cached_frame,1554,155,0,1397,155,0,1,0.0,50.24075099208858,frame_fifo_full,,,,,,,,,,,,,,,,,,,,,,,,,,,,,,,,,,,,,,,,,,,,,,,,,,,,,,,,,,,,,,
rsg_object_detection,dropped_oldest,1554,rsg_20260806_100_354900000_001554,dropped,True,fifo_cached_frame,1555,155,0,1398,155,0,1,0.0,52.29497600521427,frame_fifo_full,,,,,,,,,,,,,,,,,,,,,,,,,,,,,,,,,,,,,,,,,,,,,,,,,,,,,,,,,,,,,,
rsg_object_detection,dropped_oldest,1555,rsg_20260806_100_404899999_001555,dropped,True,fifo_cached_frame,1556,155,0,1399,155,0,1,0.0,59.28703199606389,frame_fifo_full,,,,,,,,,,,,,,,,,,,,,,,,,,,,,,,,,,,,,,,,,,,,,,,,,,,,,,,,,,,,,,
rsg_object_detection,dropped_oldest,1556,rsg_20260806_100_454899999_001556,dropped,True,fifo_cached_frame,1557,155,0,1400,155,0,1,0.0,57.277444007922895,frame_fifo_full,,,,,,,,,,,,,,,,,,,,,,,,,,,,,,,,,,,,,,,,,,,,,,,,,,,,,,,,,,,,,,
rsg_object_detection,dropped_oldest,1557,rsg_20260806_100_504900000_001557,dropped,True,fifo_cached_frame,1558,155,0,1401,155,0,1,0.0,44.31287699844688,frame_fifo_full,,,,,,,,,,,,,,,,,,,,,,,,,,,,,,,,,,,,,,,,,,,,,,,,,,,,,,,,,,,,,,
rsg_object_detection,frame_trace,1549,rsg_20260806_100_004900000_001549,sent_to_hydra,,,,,,,,,,,626.7561540007591,ok,10.756976989796385,581.6090350126615,32.2720499971183,0.16578100621700287,32.1062689909013,0.0027509959181770682,1.209580004797317,0.2375510084675625,335.318120996817,23.68049199867528,0.008735005394555628,359.2448990093544,98.12233998673037,31.245915000909008,6.146130996057764,39.28967496904079,20.640863993321545,78.47734099777881,66.14658499893267,7.165739996707998,3.1853770051384345,1.9329849892528728,604.0,213.0,3.8659059937344864,1.479130980442278,0.3714590420713648,1.5924640028970316,0.4486410034587607,0.004415996954776347,184.37773000914603,4.067492001922801,0.1534289913251996,32.50995599955786,0.045948996557854116,6.188943996676244,5.559900004300289,0.09919400326907635,0.5298499891068786,3.8524990086443722,0.7112460007192567,0.0042879837565124035,2.1153410052647814,8,0,8,0,0,,,,,,,,,,,,,,
rsg_object_detection,dropped_oldest,1559,rsg_20260806_100_654899999_001559,dropped,True,fifo_cached_frame,1560,156,0,1402,156,0,1,0.0,56.188400005339645,frame_fifo_full,,,,,,,,,,,,,,,,,,,,,,,,,,,,,,,,,,,,,,,,,,,,,,,,,,,,,,,,,,,,,,
rsg_object_detection,dropped_oldest,1560,rsg_20260806_100_704899999_001560,dropped,True,fifo_cached_frame,1561,156,0,1403,156,0,1,0.0,59.59837000409607,frame_fifo_full,,,,,,,,,,,,,,,,,,,,,,,,,,,,,,,,,,,,,,,,,,,,,,,,,,,,,,,,,,,,,,
rsg_object_detection,dropped_oldest,1561,rsg_20260806_100_754900000_001561,dropped,True,fifo_cached_frame,1562,156,0,1404,156,0,1,0.0,25.98452400707174,frame_fifo_full,,,,,,,,,,,,,,,,,,,,,,,,,,,,,,,,,,,,,,,,,,,,,,,,,,,,,,,,,,,,,,
rsg_object_detection,dropped_oldest,1562,rsg_20260806_100_804900000_001562,dropped,True,fifo_cached_frame,1563,156,0,1405,156,0,1,0.0,55.29543799639214,frame_fifo_full,,,,,,,,,,,,,,,,,,,,,,,,,,,,,,,,,,,,,,,,,,,,,,,,,,,,,,,,,,,,,,
rsg_object_detection,dropped_oldest,1563,rsg_20260806_100_854900000_001563,dropped,True,fifo_cached_frame,1564,156,0,1406,156,0,1,0.0,46.754595008678734,frame_fifo_full,,,,,,,,,,,,,,,,,,,,,,,,,,,,,,,,,,,,,,,,,,,,,,,,,,,,,,,,,,,,,,
rsg_object_detection,dropped_oldest,1564,rsg_20260806_100_904899999_001564,dropped,True,fifo_cached_frame,1565,156,0,1407,156,0,1,0.0,50.02834899642039,frame_fifo_full,,,,,,,,,,,,,,,,,,,,,,,,,,,,,,,,,,,,,,,,,,,,,,,,,,,,,,,,,,,,,,
rsg_object_detection,dropped_oldest,1565,rsg_20260806_100_954899999_001565,dropped,True,fifo_cached_frame,1566,156,0,1408,156,0,1,0.0,100.99141899263486,frame_fifo_full,,,,,,,,,,,,,,,,,,,,,,,,,,,,,,,,,,,,,,,,,,,,,,,,,,,,,,,,,,,,,,
rsg_object_detection,dropped_oldest,1566,rsg_20260806_101_054900000_001566,dropped,True,fifo_cached_frame,1567,156,0,1409,156,0,1,0.0,70.2336279937299,frame_fifo_full,,,,,,,,,,,,,,,,,,,,,,,,,,,,,,,,,,,,,,,,,,,,,,,,,,,,,,,,,,,,,,
rsg_object_detection,dropped_oldest,1567,rsg_20260806_101_104900000_001567,dropped,True,fifo_cached_frame,1568,156,0,1410,156,0,1,0.0,46.00571900664363,frame_fifo_full,,,,,,,,,,,,,,,,,,,,,,,,,,,,,,,,,,,,,,,,,,,,,,,,,,,,,,,,,,,,,,
rsg_object_detection,dropped_oldest,1568,rsg_20260806_101_154899999_001568,dropped,True,fifo_cached_frame,1569,156,0,1411,156,0,1,0.0,87.70226599881425,frame_fifo_full,,,,,,,,,,,,,,,,,,,,,,,,,,,,,,,,,,,,,,,,,,,,,,,,,,,,,,,,,,,,,,
rsg_object_detection,frame_trace,1558,rsg_20260806_100_554900000_001558,sent_to_hydra,,,,,,,,,,,704.8372619901784,ok,15.419181989273056,597.056907005026,89.20254500117153,0.1324379991274327,89.0701070020441,0.004224013537168503,8.454385999357328,0.21771200408693403,361.76877800608054,31.54890300356783,0.006815986125729978,393.54220899986103,71.94240798708051,19.910386996343732,4.903113993350416,33.75418999348767,12.649037002120167,64.52698599605355,52.974384001572616,3.8886250113137066,4.9532229895703495,2.488658996298909,806.0,215.0,3.936908964533359,1.0680200211936608,0.35904602555092424,1.2923260073876008,0.6049499934306368,0.0039669976104050875,143.75125100195874,10.57347099413164,0.1552219910081476,40.52578000118956,0.054588017519563437,10.61593199847266,9.940971009200439,0.09513000259175897,0.579830986680463,4.158399009611458,0.6405640015145764,0.004286979674361646,3.154403981170617,8,0,8,0,0,,,,,,,,,,,,,,
rsg_object_detection,dropped_oldest,1570,rsg_20260806_101_354900000_001570,dropped,True,fifo_cached_frame,1571,157,0,1412,157,0,1,0.0,38.30485200160183,frame_fifo_full,,,,,,,,,,,,,,,,,,,,,,,,,,,,,,,,,,,,,,,,,,,,,,,,,,,,,,,,,,,,,,
rsg_object_detection,dropped_oldest,1571,rsg_20260806_101_404899999_001571,dropped,True,fifo_cached_frame,1572,157,0,1413,157,0,1,0.0,49.13830499572214,frame_fifo_full,,,,,,,,,,,,,,,,,,,,,,,,,,,,,,,,,,,,,,,,,,,,,,,,,,,,,,,,,,,,,,
rsg_object_detection,dropped_oldest,1572,rsg_20260806_101_454899999_001572,dropped,True,fifo_cached_frame,1573,157,0,1414,157,0,1,0.0,109.54801698972005,frame_fifo_full,,,,,,,,,,,,,,,,,,,,,,,,,,,,,,,,,,,,,,,,,,,,,,,,,,,,,,,,,,,,,,
rsg_object_detection,dropped_oldest,1573,rsg_20260806_101_554900000_001573,dropped,True,fifo_cached_frame,1574,157,0,1415,157,0,1,0.0,92.22845599288121,frame_fifo_full,,,,,,,,,,,,,,,,,,,,,,,,,,,,,,,,,,,,,,,,,,,,,,,,,,,,,,,,,,,,,,
rsg_object_detection,dropped_oldest,1574,rsg_20260806_101_654899999_001574,dropped,True,fifo_cached_frame,1575,157,0,1416,157,0,1,0.0,53.07630299648736,frame_fifo_full,,,,,,,,,,,,,,,,,,,,,,,,,,,,,,,,,,,,,,,,,,,,,,,,,,,,,,,,,,,,,,
rsg_object_detection,dropped_oldest,1575,rsg_20260806_101_704899999_001575,dropped,True,fifo_cached_frame,1576,157,0,1417,157,0,1,0.0,69.36409600893967,frame_fifo_full,,,,,,,,,,,,,,,,,,,,,,,,,,,,,,,,,,,,,,,,,,,,,,,,,,,,,,,,,,,,,,
rsg_object_detection,dropped_oldest,1576,rsg_20260806_101_754900000_001576,dropped,True,fifo_cached_frame,1577,157,0,1418,157,0,1,0.0,78.4595910081407,frame_fifo_full,,,,,,,,,,,,,,,,,,,,,,,,,,,,,,,,,,,,,,,,,,,,,,,,,,,,,,,,,,,,,,
rsg_object_detection,dropped_oldest,1577,rsg_20260806_101_854900000_001577,dropped,True,fifo_cached_frame,1578,157,0,1419,157,0,1,0.0,52.20090798684396,frame_fifo_full,,,,,,,,,,,,,,,,,,,,,,,,,,,,,,,,,,,,,,,,,,,,,,,,,,,,,,,,,,,,,,
rsg_object_detection,frame_trace,1569,rsg_20260806_101_254900000_001569,sent_to_hydra,,,,,,,,,,,713.8666880055098,ok,9.77253500605002,660.6945189996623,40.81210101139732,0.170612009242177,40.64148900215514,0.002943008439615369,4.6135989978211,0.1941619993885979,381.6798760090023,33.462309002061374,0.008703995263203979,415.3450510057155,136.75703201442957,38.697241034242325,7.874618982896209,66.21321200509556,23.28893801313825,57.786503006354906,44.356781989336014,7.375582004897296,3.4884610067820176,2.5145130057353526,682.0,217.0,3.863698002533056,1.2772240006597713,0.373446979210712,1.970933997654356,0.23063999833539128,0.005599998985417187,202.28216500254348,3.224991000024602,0.1461020001443103,35.035542998230085,0.04706799518316984,5.230738999671303,4.600448010023683,0.09423399751540273,0.5360569921322167,3.8219739944906905,0.7145419949665666,0.0052800169214606285,2.584589979960583,8,0,8,0,0,,,,,,,,,,,,,,
rsg_object_detection,dropped_oldest,1579,rsg_20260806_102_004900000_001579,dropped,True,fifo_cached_frame,1580,158,0,1420,158,0,1,0.0,97.76230898569338,frame_fifo_full,,,,,,,,,,,,,,,,,,,,,,,,,,,,,,,,,,,,,,,,,,,,,,,,,,,,,,,,,,,,,,
rsg_object_detection,dropped_oldest,1580,rsg_20260806_102_104900000_001580,dropped,True,fifo_cached_frame,1581,158,0,1421,158,0,1,0.0,46.94216999632772,frame_fifo_full,,,,,,,,,,,,,,,,,,,,,,,,,,,,,,,,,,,,,,,,,,,,,,,,,,,,,,,,,,,,,,
rsg_object_detection,dropped_oldest,1581,rsg_20260806_102_154899999_001581,dropped,True,fifo_cached_frame,1582,158,0,1422,158,0,1,0.0,104.57223599951249,frame_fifo_full,,,,,,,,,,,,,,,,,,,,,,,,,,,,,,,,,,,,,,,,,,,,,,,,,,,,,,,,,,,,,,
rsg_object_detection,dropped_oldest,1582,rsg_20260806_102_254900000_001582,dropped,True,fifo_cached_frame,1583,158,0,1423,158,0,1,0.0,45.624570993823,frame_fifo_full,,,,,,,,,,,,,,,,,,,,,,,,,,,,,,,,,,,,,,,,,,,,,,,,,,,,,,,,,,,,,,
rsg_object_detection,dropped_oldest,1583,rsg_20260806_102_304900000_001583,dropped,True,fifo_cached_frame,1584,158,0,1424,158,0,1,0.0,115.26030299137346,frame_fifo_full,,,,,,,,,,,,,,,,,,,,,,,,,,,,,,,,,,,,,,,,,,,,,,,,,,,,,,,,,,,,,,
rsg_object_detection,dropped_oldest,1584,rsg_20260806_102_404899999_001584,dropped,True,fifo_cached_frame,1585,158,0,1425,158,0,1,0.0,53.03627900138963,frame_fifo_full,,,,,,,,,,,,,,,,,,,,,,,,,,,,,,,,,,,,,,,,,,,,,,,,,,,,,,,,,,,,,,
rsg_object_detection,frame_trace,1578,rsg_20260806_101_904899999_001578,sent_to_hydra,,,,,,,,,,,689.5017310016556,ok,10.894378006923944,583.1627389998175,92.64487400650978,0.12658300693146884,92.51829099957831,0.0050240050768479705,2.830171011737548,0.1835389994084835,303.2952929934254,25.102893996518105,0.008032002369873226,328.58975799172185,119.16537601791788,25.18323999538552,7.824512998922728,60.30953199660871,25.040689986781217,82.3270740074804,71.80578999395948,4.939527992974035,3.260412995587103,2.274818005389534,674.0,219.0,3.7489229725906625,1.3654730137204751,0.37280499236658216,1.353858009679243,0.39066100725904107,0.004415996954776347,208.74429598916322,8.32236499991268,0.14818098861724138,34.47798600245733,0.049982016207650304,5.419911001808941,4.702360994997434,0.09919299918692559,0.6183570076245815,4.702777005149983,0.7656749949092045,0.0060150050558149815,2.794715983327478,8,0,8,0,0,,,,,,,,,,,,,,
rsg_object_detection,dropped_oldest,1586,rsg_20260806_102_504900000_001586,dropped,True,fifo_cached_frame,1587,159,0,1426,159,0,1,0.0,5.406855998444371,frame_fifo_full,,,,,,,,,,,,,,,,,,,,,,,,,,,,,,,,,,,,,,,,,,,,,,,,,,,,,,,,,,,,,,
rsg_object_detection,dropped_oldest,1587,rsg_20260806_102_604900000_001587,dropped,True,fifo_cached_frame,1588,159,0,1427,159,0,1,0.0,28.04940899659414,frame_fifo_full,,,,,,,,,,,,,,,,,,,,,,,,,,,,,,,,,,,,,,,,,,,,,,,,,,,,,,,,,,,,,,
rsg_object_detection,dropped_oldest,1588,rsg_20260806_102_654899999_001588,dropped,True,fifo_cached_frame,1589,159,0,1428,159,0,1,0.0,42.03323599358555,frame_fifo_full,,,,,,,,,,,,,,,,,,,,,,,,,,,,,,,,,,,,,,,,,,,,,,,,,,,,,,,,,,,,,,
rsg_object_detection,dropped_oldest,1589,rsg_20260806_102_704899999_001589,dropped,True,fifo_cached_frame,1590,159,0,1429,159,0,1,0.0,98.88733000843786,frame_fifo_full,,,,,,,,,,,,,,,,,,,,,,,,,,,,,,,,,,,,,,,,,,,,,,,,,,,,,,,,,,,,,,
rsg_object_detection,dropped_oldest,1590,rsg_20260806_102_804900000_001590,dropped,True,fifo_cached_frame,1591,159,0,1430,159,0,1,0.0,54.5286869892152,frame_fifo_full,,,,,,,,,,,,,,,,,,,,,,,,,,,,,,,,,,,,,,,,,,,,,,,,,,,,,,,,,,,,,,
rsg_object_detection,dropped_oldest,1591,rsg_20260806_102_854900000_001591,dropped,True,fifo_cached_frame,1592,159,0,1431,159,0,1,0.0,98.93699000531342,frame_fifo_full,,,,,,,,,,,,,,,,,,,,,,,,,,,,,,,,,,,,,,,,,,,,,,,,,,,,,,,,,,,,,,
rsg_object_detection,dropped_oldest,1592,rsg_20260806_102_954899999_001592,dropped,True,fifo_cached_frame,1593,159,0,1432,159,0,1,0.0,61.26985000446439,frame_fifo_full,,,,,,,,,,,,,,,,,,,,,,,,,,,,,,,,,,,,,,,,,,,,,,,,,,,,,,,,,,,,,,
rsg_object_detection,dropped_oldest,1593,rsg_20260806_103_004900000_001593,dropped,True,fifo_cached_frame,1594,159,0,1433,159,0,1,0.0,100.04942498926539,frame_fifo_full,,,,,,,,,,,,,,,,,,,,,,,,,,,,,,,,,,,,,,,,,,,,,,,,,,,,,,,,,,,,,,
rsg_object_detection,dropped_oldest,1594,rsg_20260806_103_104900000_001594,dropped,True,fifo_cached_frame,1595,159,0,1434,159,0,1,0.0,35.232940994319506,frame_fifo_full,,,,,,,,,,,,,,,,,,,,,,,,,,,,,,,,,,,,,,,,,,,,,,,,,,,,,,,,,,,,,,
rsg_object_detection,frame_trace,1585,rsg_20260806_102_454899999_001585,sent_to_hydra,,,,,,,,,,,748.3082060061861,ok,10.25339899933897,581.161431997316,154.45082500809804,0.13973499881103635,154.311090009287,0.0033279939088970423,9.489292002399452,0.7561390084447339,285.61319000436924,16.50090100883972,0.017628990462981164,302.8878590121167,137.43511099892203,26.559078993159346,11.285743981716223,77.88530299148988,19.644969986984506,84.07024799089413,68.70709299982991,5.092222010716796,7.839262994821183,2.3804419906809926,678.0,220.0,3.8654579839203507,0.5870309978490695,0.3530350368237123,1.4140450075501576,0.5208919901633635,0.0044800108298659325,228.26613900542725,5.594810005277395,0.13682300050277263,34.73815899633337,0.048349975259043276,5.65256699337624,5.028547006077133,0.09426500764675438,0.5297549796523526,3.926926990970969,0.6692010065307841,0.004704008460976183,2.439222007524222,8,0,8,0,0,,,,,,,,,,,,,,
rsg_object_detection,dropped_oldest,1596,rsg_20260806_103_254900000_001596,dropped,True,fifo_cached_frame,1597,160,0,1435,160,0,1,0.0,97.43089700350538,frame_fifo_full,,,,,,,,,,,,,,,,,,,,,,,,,,,,,,,,,,,,,,,,,,,,,,,,,,,,,,,,,,,,,,
rsg_object_detection,dropped_oldest,1597,rsg_20260806_103_354900000_001597,dropped,True,fifo_cached_frame,1598,160,0,1436,160,0,1,0.0,50.1313019922236,frame_fifo_full,,,,,,,,,,,,,,,,,,,,,,,,,,,,,,,,,,,,,,,,,,,,,,,,,,,,,,,,,,,,,,
rsg_object_detection,dropped_oldest,1598,rsg_20260806_103_404899999_001598,dropped,True,fifo_cached_frame,1599,160,0,1437,160,0,1,0.0,48.894427993218414,frame_fifo_full,,,,,,,,,,,,,,,,,,,,,,,,,,,,,,,,,,,,,,,,,,,,,,,,,,,,,,,,,,,,,,
rsg_object_detection,dropped_oldest,1599,rsg_20260806_103_454899999_001599,dropped,True,fifo_cached_frame,1600,160,0,1438,160,0,1,0.0,51.73327100055758,frame_fifo_full,,,,,,,,,,,,,,,,,,,,,,,,,,,,,,,,,,,,,,,,,,,,,,,,,,,,,,,,,,,,,,
rsg_object_detection,dropped_oldest,1600,rsg_20260806_103_504900000_001600,dropped,True,fifo_cached_frame,1601,160,0,1439,160,0,1,0.0,49.75200101034716,frame_fifo_full,,,,,,,,,,,,,,,,,,,,,,,,,,,,,,,,,,,,,,,,,,,,,,,,,,,,,,,,,,,,,,
rsg_object_detection,,452,rsg_20260806_35_254880000_000452,vlm_done,,,,,,,,,,,,ok,,,,,,,,,,,,,,,,,,,,,,,,,,,,,,,,,,,,,,,,,,,,,,,,,rsg_obj_000037,rsg_unknown_rsg_20260806_35_254880000_000452_002_nanosam_002,,,5,0.4743668023786466,ceiling_light,0.95,static,0.99,5240.452376994654,64384.37708899437,qwen_http,Qwen3-VL-8B-Instruct-GGUF
rsg_object_detection,completed,452,rsg_20260806_35_254880000_000452,,,,,,,,,,,59143.92320800107,,vlm_done,,,,,,,,,,,,,,,,,,,,,,,,,,,,,,,,,,,,,,,,,,,,,,,,,rsg_obj_000037,rsg_unknown_rsg_20260806_35_254880000_000452_002_nanosam_002,55,300,5,0.4743668023786466,,,,,,,,
rsg_object_detection,dropped_oldest,1601,rsg_20260806_103_554900000_001601,dropped,True,fifo_cached_frame,1602,160,0,1440,160,0,1,0.0,243.48395300330594,frame_fifo_full,,,,,,,,,,,,,,,,,,,,,,,,,,,,,,,,,,,,,,,,,,,,,,,,,,,,,,,,,,,,,,
rsg_object_detection,dropped_oldest,1602,rsg_20260806_103_654899999_001602,dropped,True,fifo_cached_frame,1603,160,0,1441,160,0,1,0.0,8.064047986408696,frame_fifo_full,,,,,,,,,,,,,,,,,,,,,,,,,,,,,,,,,,,,,,,,,,,,,,,,,,,,,,,,,,,,,,
rsg_object_detection,dropped_oldest,1603,rsg_20260806_103_754900000_001603,dropped,True,fifo_cached_frame,1604,160,0,1442,160,0,1,0.0,3.2073290058178827,frame_fifo_full,,,,,,,,,,,,,,,,,,,,,,,,,,,,,,,,,,,,,,,,,,,,,,,,,,,,,,,,,,,,,,
rsg_object_detection,dequeued,570,rsg_20260806_42_354880000_000570,,,,,,,,,,,64043.970320999506,,fifo_order,,,,,,,,,,,,,,,,,,,,,,,,,,,,,,,,,,,,,,,,,,,,,,,,,rsg_obj_000039,rsg_unknown_rsg_20260806_42_354880000_000570_007_nanosam_003,54,300,6,0.6318374305142719,,,,,,,,
rsg_object_detection,frame_trace,1595,rsg_20260806_103_154899999_001595,sent_to_hydra,,,,,,,,,,,666.8266659980873,ok,17.60101699619554,557.1817160089267,89.5315960078733,0.14184600149746984,89.38975000637583,0.003072011168114841,4.401550002512522,0.2354079915676266,330.7584029971622,23.828297009458765,0.007198003004305065,354.8293060011929,70.83037900156341,16.95587797439657,6.912990982527845,31.913687998894602,14.470097012235783,76.27563099958934,65.15688200306613,3.6293159937486053,5.421991998446174,2.023731009103358,656.0,222.0,3.8676030235365033,1.0575259802863002,0.3351740015204996,1.406078998115845,0.41686699842102826,0.004350993549451232,154.2101530067157,6.8282620050013065,0.14814900350756943,36.71357799612451,0.050717993872240186,11.73499300784897,11.055745009798557,0.16616401262581348,0.5130839854246005,5.217461002757773,0.6447229970945045,0.0038399884942919016,2.509264973923564,8,0,8,0,0,,,,,,,,,,,,,,
rsg_object_detection,dropped_oldest,1605,rsg_20260806_103_904899999_001605,dropped,True,fifo_cached_frame,1606,161,0,1443,161,0,1,0.0,41.678192996187136,frame_fifo_full,,,,,,,,,,,,,,,,,,,,,,,,,,,,,,,,,,,,,,,,,,,,,,,,,,,,,,,,,,,,,,
rsg_object_detection,dropped_oldest,1606,rsg_20260806_103_954899999_001606,dropped,True,fifo_cached_frame,1607,161,0,1444,161,0,1,0.0,102.74956800276414,frame_fifo_full,,,,,,,,,,,,,,,,,,,,,,,,,,,,,,,,,,,,,,,,,,,,,,,,,,,,,,,,,,,,,,
rsg_object_detection,dropped_oldest,1607,rsg_20260806_104_054900000_001607,dropped,True,fifo_cached_frame,1608,161,0,1445,161,0,1,0.0,62.59795599908102,frame_fifo_full,,,,,,,,,,,,,,,,,,,,,,,,,,,,,,,,,,,,,,,,,,,,,,,,,,,,,,,,,,,,,,
rsg_object_detection,dropped_oldest,1608,rsg_20260806_104_104900000_001608,dropped,True,fifo_cached_frame,1609,161,0,1446,161,0,1,0.0,35.502526006894186,frame_fifo_full,,,,,,,,,,,,,,,,,,,,,,,,,,,,,,,,,,,,,,,,,,,,,,,,,,,,,,,,,,,,,,
rsg_object_detection,dropped_oldest,1609,rsg_20260806_104_154899999_001609,dropped,True,fifo_cached_frame,1610,161,0,1447,161,0,1,0.0,111.40951099514496,frame_fifo_full,,,,,,,,,,,,,,,,,,,,,,,,,,,,,,,,,,,,,,,,,,,,,,,,,,,,,,,,,,,,,,
rsg_object_detection,dropped_oldest,1610,rsg_20260806_104_254900000_001610,dropped,True,fifo_cached_frame,1611,161,0,1448,161,0,1,0.0,40.469545012456365,frame_fifo_full,,,,,,,,,,,,,,,,,,,,,,,,,,,,,,,,,,,,,,,,,,,,,,,,,,,,,,,,,,,,,,
rsg_object_detection,dropped_oldest,1611,rsg_20260806_104_304900000_001611,dropped,True,fifo_cached_frame,1612,161,0,1449,161,0,1,0.0,52.89738700957969,frame_fifo_full,,,,,,,,,,,,,,,,,,,,,,,,,,,,,,,,,,,,,,,,,,,,,,,,,,,,,,,,,,,,,,
rsg_object_detection,dropped_oldest,1612,rsg_20260806_104_354900000_001612,dropped,True,fifo_cached_frame,1613,161,0,1450,161,0,1,0.0,108.56530199816916,frame_fifo_full,,,,,,,,,,,,,,,,,,,,,,,,,,,,,,,,,,,,,,,,,,,,,,,,,,,,,,,,,,,,,,
rsg_object_detection,dropped_oldest,1613,rsg_20260806_104_404899999_001613,dropped,True,fifo_cached_frame,1614,161,0,1451,161,0,1,0.0,3.540554011124186,frame_fifo_full,,,,,,,,,,,,,,,,,,,,,,,,,,,,,,,,,,,,,,,,,,,,,,,,,,,,,,,,,,,,,,
rsg_object_detection,frame_trace,1604,rsg_20260806_103_804900000_001604,sent_to_hydra,,,,,,,,,,,670.9164000058081,ok,17.415624010027386,615.4785209946567,35.63086899521295,0.1266149920411408,35.50425400317181,0.0063350016716867685,2.1368430025177076,1.3481310015777126,285.45140600181185,27.01073199568782,0.008158996934071183,313.81842799601145,178.330407012254,43.0841459747171,8.173577007255517,99.26082199672237,26.997101012966596,76.68972099781968,66.14046900358517,5.300143995555118,3.020878997631371,2.1778009977424517,672.0,222.0,3.952047001803294,0.9622989746276289,0.40000501030590385,1.6358220018446445,0.23915100609883666,0.005599998985417187,262.23940300405957,3.3170499955303967,0.162485011969693,33.75817100459244,0.04614097997546196,13.070804998278618,12.44377699913457,0.09481000597588718,0.5322179931681603,3.6384039995027706,0.7014550064923242,0.004960005753673613,2.385051004239358,8,0,8,0,0,,,,,,,,,,,,,,
rsg_object_detection,dropped_oldest,1615,rsg_20260806_104_504900000_001615,dropped,True,fifo_cached_frame,1616,162,0,1452,162,0,1,0.0,44.66282299836166,frame_fifo_full,,,,,,,,,,,,,,,,,,,,,,,,,,,,,,,,,,,,,,,,,,,,,,,,,,,,,,,,,,,,,,
rsg_object_detection,dropped_oldest,1616,rsg_20260806_104_554900000_001616,dropped,True,fifo_cached_frame,1617,162,0,1453,162,0,1,0.0,51.60902900388464,frame_fifo_full,,,,,,,,,,,,,,,,,,,,,,,,,,,,,,,,,,,,,,,,,,,,,,,,,,,,,,,,,,,,,,
rsg_object_detection,dropped_oldest,1617,rsg_20260806_104_604900000_001617,dropped,True,fifo_cached_frame,1618,162,0,1454,162,0,1,0.0,51.99649000132922,frame_fifo_full,,,,,,,,,,,,,,,,,,,,,,,,,,,,,,,,,,,,,,,,,,,,,,,,,,,,,,,,,,,,,,
rsg_object_detection,dropped_oldest,1618,rsg_20260806_104_654899999_001618,dropped,True,fifo_cached_frame,1619,162,0,1455,162,0,1,0.0,50.17303199565504,frame_fifo_full,,,,,,,,,,,,,,,,,,,,,,,,,,,,,,,,,,,,,,,,,,,,,,,,,,,,,,,,,,,,,,
rsg_object_detection,dropped_oldest,1619,rsg_20260806_104_704899999_001619,dropped,True,fifo_cached_frame,1620,162,0,1456,162,0,1,0.0,50.00296399521176,frame_fifo_full,,,,,,,,,,,,,,,,,,,,,,,,,,,,,,,,,,,,,,,,,,,,,,,,,,,,,,,,,,,,,,
rsg_object_detection,dropped_oldest,1620,rsg_20260806_104_754900000_001620,dropped,True,fifo_cached_frame,1621,162,0,1457,162,0,1,0.0,61.565554002299905,frame_fifo_full,,,,,,,,,,,,,,,,,,,,,,,,,,,,,,,,,,,,,,,,,,,,,,,,,,,,,,,,,,,,,,
rsg_object_detection,dropped_oldest,1621,rsg_20260806_104_804900000_001621,dropped,True,fifo_cached_frame,1622,162,0,1458,162,0,1,0.0,50.58846001338679,frame_fifo_full,,,,,,,,,,,,,,,,,,,,,,,,,,,,,,,,,,,,,,,,,,,,,,,,,,,,,,,,,,,,,,
rsg_object_detection,dropped_oldest,1622,rsg_20260806_104_854900000_001622,dropped,True,fifo_cached_frame,1623,162,0,1459,162,0,1,0.0,59.69169999298174,frame_fifo_full,,,,,,,,,,,,,,,,,,,,,,,,,,,,,,,,,,,,,,,,,,,,,,,,,,,,,,,,,,,,,,
rsg_object_detection,dropped_oldest,1623,rsg_20260806_104_904899999_001623,dropped,True,fifo_cached_frame,1624,162,0,1460,162,0,1,0.0,44.768127001589164,frame_fifo_full,,,,,,,,,,,,,,,,,,,,,,,,,,,,,,,,,,,,,,,,,,,,,,,,,,,,,,,,,,,,,,
rsg_object_detection,dropped_oldest,1624,rsg_20260806_104_954899999_001624,dropped,True,fifo_cached_frame,1625,162,0,1461,162,0,1,0.0,44.98292799689807,frame_fifo_full,,,,,,,,,,,,,,,,,,,,,,,,,,,,,,,,,,,,,,,,,,,,,,,,,,,,,,,,,,,,,,
rsg_object_detection,dropped_oldest,1625,rsg_20260806_105_004900000_001625,dropped,True,fifo_cached_frame,1626,162,0,1462,162,0,1,0.0,56.1399150028592,frame_fifo_full,,,,,,,,,,,,,,,,,,,,,,,,,,,,,,,,,,,,,,,,,,,,,,,,,,,,,,,,,,,,,,
rsg_object_detection,frame_trace,1614,rsg_20260806_104_454899999_001614,sent_to_hydra,,,,,,,,,,,612.6122009882238,ok,12.627731994143687,562.9056330071762,34.826831993996166,0.10847199882846326,34.7183599951677,0.003807988832704723,5.250098998658359,0.22772800002712756,338.4413919993676,15.794456994626671,0.008064002031460404,354.4716409960529,110.54775699449237,26.475250982912257,7.304101003683172,58.752371987793595,17.223221002495848,51.4092020021053,38.56999699200969,7.449434997397475,2.9544190037995577,2.388442007941194,658.0,222.0,3.5420890199020505,0.743852011510171,0.33985097252298146,1.2969979870831594,0.23288000375032425,0.004479996277950704,168.13249999540858,2.7994859992759302,0.17938000382855535,32.023794992710464,0.04873202124144882,8.416088006924838,7.7682929986622185,0.10639299580361694,0.5414020124590024,3.533099006745033,0.6739689997630194,0.004575980710797012,2.248196004074998,8,0,8,0,0,,,,,,,,,,,,,,
rsg_object_detection,dropped_oldest,1627,rsg_20260806_105_104900000_001627,dropped,True,fifo_cached_frame,1628,163,0,1463,163,0,1,0.0,43.58651299844496,frame_fifo_full,,,,,,,,,,,,,,,,,,,,,,,,,,,,,,,,,,,,,,,,,,,,,,,,,,,,,,,,,,,,,,
rsg_object_detection,dropped_oldest,1628,rsg_20260806_105_154899999_001628,dropped,True,fifo_cached_frame,1629,163,0,1464,163,0,1,0.0,51.63542700756807,frame_fifo_full,,,,,,,,,,,,,,,,,,,,,,,,,,,,,,,,,,,,,,,,,,,,,,,,,,,,,,,,,,,,,,
rsg_object_detection,dropped_oldest,1629,rsg_20260806_105_204899999_001629,dropped,True,fifo_cached_frame,1630,163,0,1465,163,0,1,0.0,100.67849399638362,frame_fifo_full,,,,,,,,,,,,,,,,,,,,,,,,,,,,,,,,,,,,,,,,,,,,,,,,,,,,,,,,,,,,,,
rsg_object_detection,dropped_oldest,1630,rsg_20260806_105_304900000_001630,dropped,True,fifo_cached_frame,1631,163,0,1466,163,0,1,0.0,50.13265600427985,frame_fifo_full,,,,,,,,,,,,,,,,,,,,,,,,,,,,,,,,,,,,,,,,,,,,,,,,,,,,,,,,,,,,,,
rsg_object_detection,dropped_oldest,1631,rsg_20260806_105_354900000_001631,dropped,True,fifo_cached_frame,1632,163,0,1467,163,0,1,0.0,58.432082005310804,frame_fifo_full,,,,,,,,,,,,,,,,,,,,,,,,,,,,,,,,,,,,,,,,,,,,,,,,,,,,,,,,,,,,,,
rsg_object_detection,dropped_oldest,1632,rsg_20260806_105_404899999_001632,dropped,True,fifo_cached_frame,1633,163,0,1468,163,0,1,0.0,68.4163499972783,frame_fifo_full,,,,,,,,,,,,,,,,,,,,,,,,,,,,,,,,,,,,,,,,,,,,,,,,,,,,,,,,,,,,,,
rsg_object_detection,dropped_oldest,1633,rsg_20260806_105_454899999_001633,dropped,True,fifo_cached_frame,1634,163,0,1469,163,0,1,0.0,37.75197800132446,frame_fifo_full,,,,,,,,,,,,,,,,,,,,,,,,,,,,,,,,,,,,,,,,,,,,,,,,,,,,,,,,,,,,,,
rsg_object_detection,dropped_oldest,1634,rsg_20260806_105_504900000_001634,dropped,True,fifo_cached_frame,1635,163,0,1470,163,0,1,0.0,43.7960720009869,frame_fifo_full,,,,,,,,,,,,,,,,,,,,,,,,,,,,,,,,,,,,,,,,,,,,,,,,,,,,,,,,,,,,,,
rsg_object_detection,dropped_oldest,1635,rsg_20260806_105_554900000_001635,dropped,True,fifo_cached_frame,1636,163,0,1471,163,0,1,0.0,55.6136530067306,frame_fifo_full,,,,,,,,,,,,,,,,,,,,,,,,,,,,,,,,,,,,,,,,,,,,,,,,,,,,,,,,,,,,,,
rsg_object_detection,frame_trace,1626,rsg_20260806_105_054900000_001626,sent_to_hydra,,,,,,,,,,,621.5306999947643,ok,11.452167003881186,574.3604009912815,32.408471990493126,0.1772679970599711,32.231203993433155,0.005152003723196685,5.0127079884987324,0.18997100414708257,282.2289199975785,31.408577007823624,0.009695999324321747,313.8371640088735,124.23507498169784,21.5870800166158,25.6723979691742,58.89659399690572,17.25445299234707,78.70143000036478,63.716290998854674,8.614795995526947,3.748028990230523,2.5619990046834573,664.0,222.0,5.551678012125194,0.8287759847007692,0.5049910250818357,2.1288759890012443,0.6213010055944324,0.005312002031132579,212.60041400091723,8.68432701099664,0.19844999769702554,33.96884798712563,0.05848999717272818,5.374059997848235,4.667549001169391,0.09688899444881827,0.6096220022300258,5.254517003777437,0.819143999251537,0.004446003003977239,3.304508005385287,8,0,8,0,0,,,,,,,,,,,,,,
rsg_object_detection,dropped_oldest,1637,rsg_20260806_105_754900000_001637,dropped,True,fifo_cached_frame,1638,164,0,1472,164,0,1,0.0,43.07023300498258,frame_fifo_full,,,,,,,,,,,,,,,,,,,,,,,,,,,,,,,,,,,,,,,,,,,,,,,,,,,,,,,,,,,,,,
rsg_object_detection,dropped_oldest,1638,rsg_20260806_105_804900000_001638,dropped,True,fifo_cached_frame,1639,164,0,1473,164,0,1,0.0,53.05933400813956,frame_fifo_full,,,,,,,,,,,,,,,,,,,,,,,,,,,,,,,,,,,,,,,,,,,,,,,,,,,,,,,,,,,,,,
rsg_object_detection,dropped_oldest,1639,rsg_20260806_105_854900000_001639,dropped,True,fifo_cached_frame,1640,164,0,1474,164,0,1,0.0,42.375464996439405,frame_fifo_full,,,,,,,,,,,,,,,,,,,,,,,,,,,,,,,,,,,,,,,,,,,,,,,,,,,,,,,,,,,,,,
rsg_object_detection,dropped_oldest,1640,rsg_20260806_105_904899999_001640,dropped,True,fifo_cached_frame,1641,164,0,1475,164,0,1,0.0,51.33132501214277,frame_fifo_full,,,,,,,,,,,,,,,,,,,,,,,,,,,,,,,,,,,,,,,,,,,,,,,,,,,,,,,,,,,,,,
rsg_object_detection,dropped_oldest,1641,rsg_20260806_105_954899999_001641,dropped,True,fifo_cached_frame,1642,164,0,1476,164,0,1,0.0,50.98350899061188,frame_fifo_full,,,,,,,,,,,,,,,,,,,,,,,,,,,,,,,,,,,,,,,,,,,,,,,,,,,,,,,,,,,,,,
rsg_object_detection,dropped_oldest,1642,rsg_20260806_106_004900000_001642,dropped,True,fifo_cached_frame,1643,164,0,1477,164,0,1,0.0,48.401160005596466,frame_fifo_full,,,,,,,,,,,,,,,,,,,,,,,,,,,,,,,,,,,,,,,,,,,,,,,,,,,,,,,,,,,,,,
rsg_object_detection,dropped_oldest,1643,rsg_20260806_106_054900000_001643,dropped,True,fifo_cached_frame,1644,164,0,1478,164,0,1,0.0,51.781725996988826,frame_fifo_full,,,,,,,,,,,,,,,,,,,,,,,,,,,,,,,,,,,,,,,,,,,,,,,,,,,,,,,,,,,,,,
rsg_object_detection,dropped_oldest,1644,rsg_20260806_106_104900000_001644,dropped,True,fifo_cached_frame,1645,164,0,1479,164,0,1,0.0,54.40596000698861,frame_fifo_full,,,,,,,,,,,,,,,,,,,,,,,,,,,,,,,,,,,,,,,,,,,,,,,,,,,,,,,,,,,,,,
rsg_object_detection,dropped_oldest,1645,rsg_20260806_106_154899999_001645,dropped,True,fifo_cached_frame,1646,164,0,1480,164,0,1,0.0,53.942344995448366,frame_fifo_full,,,,,,,,,,,,,,,,,,,,,,,,,,,,,,,,,,,,,,,,,,,,,,,,,,,,,,,,,,,,,,
rsg_object_detection,dropped_oldest,1646,rsg_20260806_106_204899999_001646,dropped,True,fifo_cached_frame,1647,164,0,1481,164,0,1,0.0,80.99721100006718,frame_fifo_full,,,,,,,,,,,,,,,,,,,,,,,,,,,,,,,,,,,,,,,,,,,,,,,,,,,,,,,,,,,,,,
rsg_object_detection,dropped_oldest,1647,rsg_20260806_106_254900000_001647,dropped,True,fifo_cached_frame,1648,164,0,1482,164,0,1,0.0,5.6574329937575385,frame_fifo_full,,,,,,,,,,,,,,,,,,,,,,,,,,,,,,,,,,,,,,,,,,,,,,,,,,,,,,,,,,,,,,
rsg_object_detection,dropped_oldest,1648,rsg_20260806_106_304900000_001648,dropped,True,fifo_cached_frame,1649,164,0,1483,164,0,1,0.0,63.51298400841188,frame_fifo_full,,,,,,,,,,,,,,,,,,,,,,,,,,,,,,,,,,,,,,,,,,,,,,,,,,,,,,,,,,,,,,
rsg_object_detection,frame_trace,1636,rsg_20260806_105_604900000_001636,sent_to_hydra,,,,,,,,,,,758.5823919944232,ok,13.28647400077898,637.2504080063663,105.16631699283607,0.12565500219352543,105.04066199064255,0.0038080033846199512,0.9916749986587092,0.2644299966050312,415.65172700211406,26.682023992179893,0.00864001049194485,442.6068210013909,72.89379900612403,34.83253103331663,4.48919199698139,16.087495008832775,15.400501986732706,71.5854159934679,54.43962599383667,11.865196007420309,3.034349996596575,2.1999760065227747,651.0,222.0,3.945774005842395,0.5316749738994986,0.33105102193076164,1.5066149935591966,0.42073900112882257,0.0043199979700148106,151.23625299020205,4.010569988167845,0.13509500422514975,38.22551701159682,0.044477012124843895,8.629579999251291,8.010485995328054,0.09263399988412857,0.5264600040391088,3.8395419978769496,0.812711994512938,0.004640009137801826,2.875384991057217,8,0,8,0,0,,,,,,,,,,,,,,
rsg_object_detection,dropped_oldest,1650,rsg_20260806_106_404899999_001650,dropped,True,fifo_cached_frame,1651,165,0,1484,165,0,1,0.0,53.72633300430607,frame_fifo_full,,,,,,,,,,,,,,,,,,,,,,,,,,,,,,,,,,,,,,,,,,,,,,,,,,,,,,,,,,,,,,
rsg_object_detection,dropped_oldest,1651,rsg_20260806_106_454899999_001651,dropped,True,fifo_cached_frame,1652,165,0,1485,165,0,1,0.0,35.411695993389,frame_fifo_full,,,,,,,,,,,,,,,,,,,,,,,,,,,,,,,,,,,,,,,,,,,,,,,,,,,,,,,,,,,,,,
rsg_object_detection,dropped_oldest,1652,rsg_20260806_106_504900000_001652,dropped,True,fifo_cached_frame,1653,165,0,1486,165,0,1,0.0,60.672477004118264,frame_fifo_full,,,,,,,,,,,,,,,,,,,,,,,,,,,,,,,,,,,,,,,,,,,,,,,,,,,,,,,,,,,,,,
rsg_object_detection,dropped_oldest,1653,rsg_20260806_106_554900000_001653,dropped,True,fifo_cached_frame,1654,165,0,1487,165,0,1,0.0,41.27212199091446,frame_fifo_full,,,,,,,,,,,,,,,,,,,,,,,,,,,,,,,,,,,,,,,,,,,,,,,,,,,,,,,,,,,,,,
rsg_object_detection,dropped_oldest,1654,rsg_20260806_106_604900000_001654,dropped,True,fifo_cached_frame,1655,165,0,1488,165,0,1,0.0,55.19007200200576,frame_fifo_full,,,,,,,,,,,,,,,,,,,,,,,,,,,,,,,,,,,,,,,,,,,,,,,,,,,,,,,,,,,,,,
rsg_object_detection,dropped_oldest,1655,rsg_20260806_106_654899999_001655,dropped,True,fifo_cached_frame,1656,165,0,1489,165,0,1,0.0,44.11771699960809,frame_fifo_full,,,,,,,,,,,,,,,,,,,,,,,,,,,,,,,,,,,,,,,,,,,,,,,,,,,,,,,,,,,,,,
rsg_object_detection,dropped_oldest,1656,rsg_20260806_106_704899999_001656,dropped,True,fifo_cached_frame,1657,165,0,1490,165,0,1,0.0,50.758602999849245,frame_fifo_full,,,,,,,,,,,,,,,,,,,,,,,,,,,,,,,,,,,,,,,,,,,,,,,,,,,,,,,,,,,,,,
rsg_object_detection,dropped_oldest,1657,rsg_20260806_106_754900000_001657,dropped,True,fifo_cached_frame,1658,165,0,1491,165,0,1,0.0,52.885078999679536,frame_fifo_full,,,,,,,,,,,,,,,,,,,,,,,,,,,,,,,,,,,,,,,,,,,,,,,,,,,,,,,,,,,,,,
rsg_object_detection,frame_trace,1649,rsg_20260806_106_354900000_001649,sent_to_hydra,,,,,,,,,,,603.0337249976583,ok,11.086464990512468,553.1430630071554,36.480805996689014,0.13336700794752687,36.34743898874149,0.003488006768748164,12.352905992884189,0.2114730014000088,361.893566994695,15.853688004426658,0.008030998287722468,377.9667589988094,55.9874240134377,21.558701017056592,4.3430910154711455,16.776341988588683,12.685427005635574,63.870494996081106,52.243042999180034,6.147287000203505,3.3008919999701902,2.131308996467851,645.0,223.0,3.9825109852245077,0.9255359909730032,0.33939901913981885,1.4413089957088232,0.46764701255597174,0.0044800108298659325,127.03547200362664,3.649667007266544,0.2095219970215112,31.885859003523365,0.04287800402380526,6.5107809932669625,5.812269999296404,0.13010299880988896,0.5684079951606691,3.8536219944944605,0.7176460057962686,0.004415996954776347,2.319902996532619,8,0,8,0,0,,,,,,,,,,,,,,
rsg_object_detection,dropped_oldest,1659,rsg_20260806_106_854900000_001659,dropped,True,fifo_cached_frame,1660,166,0,1492,166,0,1,0.0,9.200227999826893,frame_fifo_full,,,,,,,,,,,,,,,,,,,,,,,,,,,,,,,,,,,,,,,,,,,,,,,,,,,,,,,,,,,,,,
rsg_object_detection,dropped_oldest,1660,rsg_20260806_106_904899999_001660,dropped,True,fifo_cached_frame,1661,166,0,1493,166,0,1,0.0,10.135427990462631,frame_fifo_full,,,,,,,,,,,,,,,,,,,,,,,,,,,,,,,,,,,,,,,,,,,,,,,,,,,,,,,,,,,,,,
rsg_object_detection,dropped_oldest,1661,rsg_20260806_107_004900000_001661,dropped,True,fifo_cached_frame,1662,166,0,1494,166,0,1,0.0,16.15501100604888,frame_fifo_full,,,,,,,,,,,,,,,,,,,,,,,,,,,,,,,,,,,,,,,,,,,,,,,,,,,,,,,,,,,,,,
rsg_object_detection,dropped_oldest,1662,rsg_20260806_107_054900000_001662,dropped,True,fifo_cached_frame,1663,166,0,1495,166,0,1,0.0,51.51070999272633,frame_fifo_full,,,,,,,,,,,,,,,,,,,,,,,,,,,,,,,,,,,,,,,,,,,,,,,,,,,,,,,,,,,,,,
rsg_object_detection,dropped_oldest,1663,rsg_20260806_107_104900000_001663,dropped,True,fifo_cached_frame,1664,166,0,1496,166,0,1,0.0,47.918893993482925,frame_fifo_full,,,,,,,,,,,,,,,,,,,,,,,,,,,,,,,,,,,,,,,,,,,,,,,,,,,,,,,,,,,,,,
rsg_object_detection,dropped_oldest,1664,rsg_20260806_107_154899999_001664,dropped,True,fifo_cached_frame,1665,166,0,1497,166,0,1,0.0,53.85470800683834,frame_fifo_full,,,,,,,,,,,,,,,,,,,,,,,,,,,,,,,,,,,,,,,,,,,,,,,,,,,,,,,,,,,,,,
rsg_object_detection,dropped_oldest,1665,rsg_20260806_107_204899999_001665,dropped,True,fifo_cached_frame,1666,166,0,1498,166,0,1,0.0,52.18314299418125,frame_fifo_full,,,,,,,,,,,,,,,,,,,,,,,,,,,,,,,,,,,,,,,,,,,,,,,,,,,,,,,,,,,,,,
rsg_object_detection,dropped_oldest,1666,rsg_20260806_107_254900000_001666,dropped,True,fifo_cached_frame,1667,166,0,1499,166,0,1,0.0,46.246245998190716,frame_fifo_full,,,,,,,,,,,,,,,,,,,,,,,,,,,,,,,,,,,,,,,,,,,,,,,,,,,,,,,,,,,,,,
rsg_object_detection,dropped_oldest,1667,rsg_20260806_107_304900000_001667,dropped,True,fifo_cached_frame,1668,166,0,1500,166,0,1,0.0,125.94112800434232,frame_fifo_full,,,,,,,,,,,,,,,,,,,,,,,,,,,,,,,,,,,,,,,,,,,,,,,,,,,,,,,,,,,,,,
rsg_object_detection,dropped_oldest,1668,rsg_20260806_107_404899999_001668,dropped,True,fifo_cached_frame,1669,166,0,1501,166,0,1,0.0,104.78399699786678,frame_fifo_full,,,,,,,,,,,,,,,,,,,,,,,,,,,,,,,,,,,,,,,,,,,,,,,,,,,,,,,,,,,,,,
rsg_object_detection,dropped_oldest,1669,rsg_20260806_107_504900000_001669,dropped,True,fifo_cached_frame,1670,166,0,1502,166,0,1,0.0,23.422126992954873,frame_fifo_full,,,,,,,,,,,,,,,,,,,,,,,,,,,,,,,,,,,,,,,,,,,,,,,,,,,,,,,,,,,,,,
rsg_object_detection,dropped_oldest,1670,rsg_20260806_107_554900000_001670,dropped,True,fifo_cached_frame,1671,166,0,1503,166,0,1,0.0,70.61566899938043,frame_fifo_full,,,,,,,,,,,,,,,,,,,,,,,,,,,,,,,,,,,,,,,,,,,,,,,,,,,,,,,,,,,,,,
rsg_object_detection,frame_trace,1658,rsg_20260806_106_804900000_001658,sent_to_hydra,,,,,,,,,,,830.214342000545,ok,13.261964995763265,631.8871270050295,182.43311300466303,0.15058100689202547,182.282531997771,0.008030998287722468,1.6458699974464253,0.24161601322703063,356.44070600392297,21.35142199404072,0.007709997589699924,378.0414540087804,143.86389302671887,24.917704984545708,5.448263997095637,96.52587898017373,16.14624600915704,65.03150900243782,56.13084399374202,3.4547370014479384,3.1313040090026334,2.2554610040970147,660.0,224.0,4.2578820284688845,0.7960390066727996,0.3794939402723685,1.471771000069566,0.26298899319954216,0.004768007784150541,216.08549599477556,2.9926889983471483,0.15477299166377634,32.91823899780866,0.04860601620748639,8.592559010139666,7.906366008683108,0.0934979907469824,0.5926950107095763,3.9070899947546422,0.7577080104965717,0.0046079803723841906,2.624105996801518,8,0,8,0,0,,,,,,,,,,,,,,
rsg_object_detection,dropped_oldest,1672,rsg_20260806_107_654899999_001672,dropped,True,fifo_cached_frame,1673,167,0,1504,167,0,1,0.0,95.56213699397631,frame_fifo_full,,,,,,,,,,,,,,,,,,,,,,,,,,,,,,,,,,,,,,,,,,,,,,,,,,,,,,,,,,,,,,
rsg_object_detection,dropped_oldest,1673,rsg_20260806_107_754900000_001673,dropped,True,fifo_cached_frame,1674,167,0,1505,167,0,1,0.0,38.79229701124132,frame_fifo_full,,,,,,,,,,,,,,,,,,,,,,,,,,,,,,,,,,,,,,,,,,,,,,,,,,,,,,,,,,,,,,
rsg_object_detection,dropped_oldest,1674,rsg_20260806_107_804900000_001674,dropped,True,fifo_cached_frame,1675,167,0,1506,167,0,1,0.0,53.19920601323247,frame_fifo_full,,,,,,,,,,,,,,,,,,,,,,,,,,,,,,,,,,,,,,,,,,,,,,,,,,,,,,,,,,,,,,
rsg_object_detection,dropped_oldest,1675,rsg_20260806_107_854900000_001675,dropped,True,fifo_cached_frame,1676,167,0,1507,167,0,1,0.0,50.219091994222254,frame_fifo_full,,,,,,,,,,,,,,,,,,,,,,,,,,,,,,,,,,,,,,,,,,,,,,,,,,,,,,,,,,,,,,
rsg_object_detection,dropped_oldest,1676,rsg_20260806_107_904899999_001676,dropped,True,fifo_cached_frame,1677,167,0,1508,167,0,1,0.0,51.016221012105234,frame_fifo_full,,,,,,,,,,,,,,,,,,,,,,,,,,,,,,,,,,,,,,,,,,,,,,,,,,,,,,,,,,,,,,
rsg_object_detection,dropped_oldest,1677,rsg_20260806_107_954899999_001677,dropped,True,fifo_cached_frame,1678,167,0,1509,167,0,1,0.0,47.885780993965454,frame_fifo_full,,,,,,,,,,,,,,,,,,,,,,,,,,,,,,,,,,,,,,,,,,,,,,,,,,,,,,,,,,,,,,
rsg_object_detection,dropped_oldest,1678,rsg_20260806_108_004900000_001678,dropped,True,fifo_cached_frame,1679,167,0,1510,167,0,1,0.0,70.7223490026081,frame_fifo_full,,,,,,,,,,,,,,,,,,,,,,,,,,,,,,,,,,,,,,,,,,,,,,,,,,,,,,,,,,,,,,
rsg_object_detection,dropped_oldest,1679,rsg_20260806_108_054900000_001679,dropped,True,fifo_cached_frame,1680,167,0,1511,167,0,1,0.0,47.93269099900499,frame_fifo_full,,,,,,,,,,,,,,,,,,,,,,,,,,,,,,,,,,,,,,,,,,,,,,,,,,,,,,,,,,,,,,
rsg_object_detection,dropped_oldest,1680,rsg_20260806_108_104900000_001680,dropped,True,fifo_cached_frame,1681,167,0,1512,167,0,1,0.0,45.76045699650422,frame_fifo_full,,,,,,,,,,,,,,,,,,,,,,,,,,,,,,,,,,,,,,,,,,,,,,,,,,,,,,,,,,,,,,
rsg_object_detection,dropped_oldest,1681,rsg_20260806_108_154899999_001681,dropped,True,fifo_cached_frame,1682,167,0,1513,167,0,1,0.0,59.64285699883476,frame_fifo_full,,,,,,,,,,,,,,,,,,,,,,,,,,,,,,,,,,,,,,,,,,,,,,,,,,,,,,,,,,,,,,
rsg_object_detection,frame_trace,1671,rsg_20260806_107_604900000_001671,sent_to_hydra,,,,,,,,,,,609.7799760027556,ok,13.652882000315003,557.5335670000641,36.35460900841281,0.13947799743618816,36.21513101097662,0.005919995601288974,4.974727999069728,0.20536199735943228,329.3064460012829,21.553967002546415,0.008511997293680906,351.0742869984824,78.97121699352283,20.895485009532422,8.123726001940668,29.409006994683295,19.84455101774074,78.18244201189373,64.76272799773142,8.006006988580339,3.2974680070765316,2.0701929897768423,640.0,225.0,3.7540449702646583,1.429181982530281,0.3597840550355613,1.9180759991286322,0.42668999230954796,0.0048000074457377195,165.06335500162095,4.973351999069564,0.15461299335584044,31.25496199936606,0.03827000909950584,9.324733007815666,8.699623998836614,0.10156098869629204,0.5235480202827603,3.4965259983437136,0.827270996524021,0.004351997631601989,2.232997998362407,8,0,8,0,0,,,,,,,,,,,,,,
rsg_object_detection,dropped_oldest,1683,rsg_20260806_108_254900000_001683,dropped,True,fifo_cached_frame,1684,168,0,1514,168,0,1,0.0,89.47072700539138,frame_fifo_full,,,,,,,,,,,,,,,,,,,,,,,,,,,,,,,,,,,,,,,,,,,,,,,,,,,,,,,,,,,,,,
rsg_object_detection,dropped_oldest,1684,rsg_20260806_108_354900000_001684,dropped,True,fifo_cached_frame,1685,168,0,1515,168,0,1,0.0,49.0776399965398,frame_fifo_full,,,,,,,,,,,,,,,,,,,,,,,,,,,,,,,,,,,,,,,,,,,,,,,,,,,,,,,,,,,,,,
rsg_object_detection,dropped_oldest,1685,rsg_20260806_108_404899999_001685,dropped,True,fifo_cached_frame,1686,168,0,1516,168,0,1,0.0,104.01343699777499,frame_fifo_full,,,,,,,,,,,,,,,,,,,,,,,,,,,,,,,,,,,,,,,,,,,,,,,,,,,,,,,,,,,,,,
rsg_object_detection,dropped_oldest,1686,rsg_20260806_108_504900000_001686,dropped,True,fifo_cached_frame,1687,168,0,1517,168,0,1,0.0,49.42071999539621,frame_fifo_full,,,,,,,,,,,,,,,,,,,,,,,,,,,,,,,,,,,,,,,,,,,,,,,,,,,,,,,,,,,,,,
rsg_object_detection,dropped_oldest,1687,rsg_20260806_108_554900000_001687,dropped,True,fifo_cached_frame,1688,168,0,1518,168,0,1,0.0,86.07688199845143,frame_fifo_full,,,,,,,,,,,,,,,,,,,,,,,,,,,,,,,,,,,,,,,,,,,,,,,,,,,,,,,,,,,,,,
rsg_object_detection,dropped_oldest,1688,rsg_20260806_108_604900000_001688,dropped,True,fifo_cached_frame,1689,168,0,1519,168,0,1,0.0,25.215253001078963,frame_fifo_full,,,,,,,,,,,,,,,,,,,,,,,,,,,,,,,,,,,,,,,,,,,,,,,,,,,,,,,,,,,,,,
rsg_object_detection,dropped_oldest,1689,rsg_20260806_108_654899999_001689,dropped,True,fifo_cached_frame,1690,168,0,1520,168,0,1,0.0,40.25956000259612,frame_fifo_full,,,,,,,,,,,,,,,,,,,,,,,,,,,,,,,,,,,,,,,,,,,,,,,,,,,,,,,,,,,,,,
rsg_object_detection,dropped_oldest,1690,rsg_20260806_108_704899999_001690,dropped,True,fifo_cached_frame,1691,168,0,1521,168,0,1,0.0,71.89305900828913,frame_fifo_full,,,,,,,,,,,,,,,,,,,,,,,,,,,,,,,,,,,,,,,,,,,,,,,,,,,,,,,,,,,,,,
rsg_object_detection,dropped_oldest,1691,rsg_20260806_108_754900000_001691,dropped,True,fifo_cached_frame,1692,168,0,1522,168,0,1,0.0,84.76209199579898,frame_fifo_full,,,,,,,,,,,,,,,,,,,,,,,,,,,,,,,,,,,,,,,,,,,,,,,,,,,,,,,,,,,,,,
rsg_object_detection,frame_trace,1682,rsg_20260806_108_204899999_001682,sent_to_hydra,,,,,,,,,,,646.4993919944391,ok,12.705267989076674,597.9202799935592,33.32896399660967,0.1425829977961257,33.18638099881355,0.003998997271992266,8.858236993546598,0.2118580014212057,300.69168499903753,12.605019001057371,0.007261987775564194,313.5158239892917,170.28653001761995,17.938474993570708,6.483010016381741,129.92985801247414,15.293410018784925,62.26396300189663,55.14352599857375,3.500589999021031,1.709257994662039,1.8703030073083937,701.0,227.0,2.6441039954079315,0.6587389943888411,0.2618729922687635,1.0873810097109526,0.2212330000475049,0.0048309884732589126,237.44494099810254,3.0383510020328686,0.1409819960827008,34.882267005741596,0.03967800876125693,8.448344990029,7.8407069959212095,0.10088899580296129,0.506748998304829,3.70281700452324,0.5493060016306117,0.004799992893822491,2.5408810179214925,6,0,6,0,0,,,,,,,,,,,,,,
rsg_object_detection,dropped_oldest,1693,rsg_20260806_108_904899999_001693,dropped,True,fifo_cached_frame,1694,169,0,1523,169,0,1,0.0,51.28273699665442,frame_fifo_full,,,,,,,,,,,,,,,,,,,,,,,,,,,,,,,,,,,,,,,,,,,,,,,,,,,,,,,,,,,,,,
rsg_object_detection,dropped_oldest,1694,rsg_20260806_108_954899999_001694,dropped,True,fifo_cached_frame,1695,169,0,1524,169,0,1,0.0,55.965196996112354,frame_fifo_full,,,,,,,,,,,,,,,,,,,,,,,,,,,,,,,,,,,,,,,,,,,,,,,,,,,,,,,,,,,,,,
rsg_object_detection,dropped_oldest,1695,rsg_20260806_109_004900000_001695,dropped,True,fifo_cached_frame,1696,169,0,1525,169,0,1,0.0,94.32188000937458,frame_fifo_full,,,,,,,,,,,,,,,,,,,,,,,,,,,,,,,,,,,,,,,,,,,,,,,,,,,,,,,,,,,,,,
rsg_object_detection,dropped_oldest,1696,rsg_20260806_109_104900000_001696,dropped,True,fifo_cached_frame,1697,169,0,1526,169,0,1,0.0,51.10706800769549,frame_fifo_full,,,,,,,,,,,,,,,,,,,,,,,,,,,,,,,,,,,,,,,,,,,,,,,,,,,,,,,,,,,,,,
rsg_object_detection,dropped_oldest,1697,rsg_20260806_109_154899999_001697,dropped,True,fifo_cached_frame,1698,169,0,1527,169,0,1,0.0,95.05171899218112,frame_fifo_full,,,,,,,,,,,,,,,,,,,,,,,,,,,,,,,,,,,,,,,,,,,,,,,,,,,,,,,,,,,,,,
rsg_object_detection,dropped_oldest,1698,rsg_20260806_109_254900000_001698,dropped,True,fifo_cached_frame,1699,169,0,1528,169,0,1,0.0,130.78289999975823,frame_fifo_full,,,,,,,,,,,,,,,,,,,,,,,,,,,,,,,,,,,,,,,,,,,,,,,,,,,,,,,,,,,,,,
rsg_object_detection,dropped_oldest,1699,rsg_20260806_109_354900000_001699,dropped,True,fifo_cached_frame,1700,169,0,1529,169,0,1,0.0,83.35890099988319,frame_fifo_full,,,,,,,,,,,,,,,,,,,,,,,,,,,,,,,,,,,,,,,,,,,,,,,,,,,,,,,,,,,,,,
rsg_object_detection,frame_trace,1692,rsg_20260806_108_854900000_001692,sent_to_hydra,,,,,,,,,,,611.7582930019125,ok,12.518531002569944,562.7732830034802,33.995545003563166,0.14875800115987659,33.84678700240329,0.0033600081223994493,2.8500120097305626,0.2920120023190975,296.85732499638107,18.104928007232957,0.009533992852084339,315.2637989987852,141.35516100213863,27.489307030919008,11.100643998361193,73.11061304062605,29.052368001430295,57.70773900439963,49.960335993091576,3.085420001298189,1.9389709923416376,2.6727120130090043,700.0,228.0,3.7233930052025244,0.8394920005230233,0.37386297481134534,1.2847119942307472,0.2642049948917702,0.00553599966224283,205.57089999783784,2.4332079919986427,0.14296600420493633,36.47003399964888,0.04236400127410889,8.352032993570901,7.720811991021037,0.09561001206748188,0.5356109904823825,3.5439800121821463,0.617814002907835,0.004703993909060955,2.467573984176852,6,0,6,0,0,,,,,,,,,,,,,,
rsg_object_detection,dropped_oldest,1701,rsg_20260806_109_504900000_001701,dropped,True,fifo_cached_frame,1702,170,0,1530,170,0,1,0.0,45.49069299537223,frame_fifo_full,,,,,,,,,,,,,,,,,,,,,,,,,,,,,,,,,,,,,,,,,,,,,,,,,,,,,,,,,,,,,,
rsg_object_detection,dropped_oldest,1702,rsg_20260806_109_554900000_001702,dropped,True,fifo_cached_frame,1703,170,0,1531,170,0,1,0.0,100.88041500421241,frame_fifo_full,,,,,,,,,,,,,,,,,,,,,,,,,,,,,,,,,,,,,,,,,,,,,,,,,,,,,,,,,,,,,,
rsg_object_detection,dropped_oldest,1703,rsg_20260806_109_654899999_001703,dropped,True,fifo_cached_frame,1704,170,0,1532,170,0,1,0.0,50.80466199433431,frame_fifo_full,,,,,,,,,,,,,,,,,,,,,,,,,,,,,,,,,,,,,,,,,,,,,,,,,,,,,,,,,,,,,,
rsg_object_detection,dropped_oldest,1704,rsg_20260806_109_704899999_001704,dropped,True,fifo_cached_frame,1705,170,0,1533,170,0,1,0.0,53.44172900367994,frame_fifo_full,,,,,,,,,,,,,,,,,,,,,,,,,,,,,,,,,,,,,,,,,,,,,,,,,,,,,,,,,,,,,,
rsg_object_detection,dropped_oldest,1705,rsg_20260806_109_754900000_001705,dropped,True,fifo_cached_frame,1706,170,0,1534,170,0,1,0.0,48.5422589990776,frame_fifo_full,,,,,,,,,,,,,,,,,,,,,,,,,,,,,,,,,,,,,,,,,,,,,,,,,,,,,,,,,,,,,,
rsg_object_detection,dropped_oldest,1706,rsg_20260806_109_804900000_001706,dropped,True,fifo_cached_frame,1707,170,0,1535,170,0,1,0.0,61.19873000716325,frame_fifo_full,,,,,,,,,,,,,,,,,,,,,,,,,,,,,,,,,,,,,,,,,,,,,,,,,,,,,,,,,,,,,,
rsg_object_detection,,570,rsg_20260806_42_354880000_000570,vlm_failed,,,,,,,,,,,,"{""label"":""unknown_object"",""label_confidence"":0.0,""mobility_class"":""unknown"",""mobility_confidence"":0.0}",,,,,,,,,,,,,,,,,,,,,,,,,,,,,,,,,,,,,,,,,,,,,,,,,rsg_obj_000039,rsg_unknown_rsg_20260806_42_354880000_000570_007_nanosam_003,,,6,0.6318374305142719,unknown_object,0.0,unknown,0.0,6066.373686000588,70110.34602299333,qwen_http,Qwen3-VL-8B-Instruct-GGUF
rsg_object_detection,completed,570,rsg_20260806_42_354880000_000570,,,,,,,,,,,64043.970320999506,,vlm_failed,,,,,,,,,,,,,,,,,,,,,,,,,,,,,,,,,,,,,,,,,,,,,,,,,rsg_obj_000039,rsg_unknown_rsg_20260806_42_354880000_000570_007_nanosam_003,57,300,6,0.6318374305142719,,,,,,,,
rsg_object_detection,dropped_oldest,1707,rsg_20260806_109_854900000_001707,dropped,True,fifo_cached_frame,1708,170,0,1536,170,0,1,0.0,101.72326900647022,frame_fifo_full,,,,,,,,,,,,,,,,,,,,,,,,,,,,,,,,,,,,,,,,,,,,,,,,,,,,,,,,,,,,,,
rsg_object_detection,dropped_oldest,1708,rsg_20260806_109_954899999_001708,dropped,True,fifo_cached_frame,1709,170,0,1537,170,0,1,0.0,70.67577500129119,frame_fifo_full,,,,,,,,,,,,,,,,,,,,,,,,,,,,,,,,,,,,,,,,,,,,,,,,,,,,,,,,,,,,,,
rsg_object_detection,dropped_oldest,1709,rsg_20260806_110_004900000_001709,dropped,True,fifo_cached_frame,1710,170,0,1538,171,0,1,0.0,17.787575998227112,frame_fifo_full,,,,,,,,,,,,,,,,,,,,,,,,,,,,,,,,,,,,,,,,,,,,,,,,,,,,,,,,,,,,,,
rsg_object_detection,frame_trace,1700,rsg_20260806_109_454899999_001700,sent_to_hydra,,,,,,,,,,,586.5477470069891,ok,10.748060012701899,537.3871960036922,36.02539100393187,0.137877999804914,35.88751300412696,0.0034240074455738068,1.6500309866387397,3.5802340134978294,312.58913601050153,11.547332993359305,0.010046991519629955,327.7267500088783,107.9204740235582,16.212515998631716,5.3170739993220195,71.23048801440746,14.622002010582946,54.13864000001922,40.1220369967632,5.10742400365416,3.0332629976328462,5.825775006087497,700.0,228.0,3.8753180124331266,2.797342007397674,0.300300947856158,0.9847320034168661,0.2187369973398745,0.0038080033846199512,170.25464700418524,2.2209989983821288,0.135094000142999,35.355902000446804,0.043773005018010736,6.540572998346761,5.944071002886631,0.09093798871617764,0.5055640067439526,3.63178200495895,0.5710650002583861,0.004640009137801826,2.3836759792175144,6,0,6,0,0,,,,,,,,,,,,,,
rsg_object_detection,dequeued,426,rsg_20260806_33_654879999_000426,,,,,,,,,,,70147.73195100133,,fifo_order,,,,,,,,,,,,,,,,,,,,,,,,,,,,,,,,,,,,,,,,,,,,,,,,,rsg_obj_000041,rsg_unknown_rsg_20260806_33_654879999_000426_006_nanosam_000,57,300,1,0.5588342257573273,,,,,,,,
rsg_object_detection,dropped_oldest,1711,rsg_20260806_110_104900000_001711,dropped,True,fifo_cached_frame,1712,171,0,1539,171,0,1,0.0,51.19026800093707,frame_fifo_full,,,,,,,,,,,,,,,,,,,,,,,,,,,,,,,,,,,,,,,,,,,,,,,,,,,,,,,,,,,,,,
rsg_object_detection,dropped_oldest,1712,rsg_20260806_110_154899999_001712,dropped,True,fifo_cached_frame,1713,171,0,1540,171,0,1,0.0,104.776115011191,frame_fifo_full,,,,,,,,,,,,,,,,,,,,,,,,,,,,,,,,,,,,,,,,,,,,,,,,,,,,,,,,,,,,,,
rsg_object_detection,dropped_oldest,1713,rsg_20260806_110_254900000_001713,dropped,True,fifo_cached_frame,1714,171,0,1541,171,0,1,0.0,47.965981997549534,frame_fifo_full,,,,,,,,,,,,,,,,,,,,,,,,,,,,,,,,,,,,,,,,,,,,,,,,,,,,,,,,,,,,,,
rsg_object_detection,dropped_oldest,1714,rsg_20260806_110_304900000_001714,dropped,True,fifo_cached_frame,1715,171,0,1542,171,0,1,0.0,52.032422987394966,frame_fifo_full,,,,,,,,,,,,,,,,,,,,,,,,,,,,,,,,,,,,,,,,,,,,,,,,,,,,,,,,,,,,,,
rsg_object_detection,dropped_oldest,1715,rsg_20260806_110_354900000_001715,dropped,True,fifo_cached_frame,1716,171,0,1543,171,0,1,0.0,45.934858004329726,frame_fifo_full,,,,,,,,,,,,,,,,,,,,,,,,,,,,,,,,,,,,,,,,,,,,,,,,,,,,,,,,,,,,,,
rsg_object_detection,dropped_oldest,1716,rsg_20260806_110_404899999_001716,dropped,True,fifo_cached_frame,1717,171,0,1544,171,0,1,0.0,74.70724900485948,frame_fifo_full,,,,,,,,,,,,,,,,,,,,,,,,,,,,,,,,,,,,,,,,,,,,,,,,,,,,,,,,,,,,,,
rsg_object_detection,dropped_oldest,1717,rsg_20260806_110_454899999_001717,dropped,True,fifo_cached_frame,1718,171,0,1545,172,0,1,0.0,97.94155499548651,frame_fifo_full,,,,,,,,,,,,,,,,,,,,,,,,,,,,,,,,,,,,,,,,,,,,,,,,,,,,,,,,,,,,,,
rsg_object_detection,frame_trace,1710,rsg_20260806_110_054900000_001710,sent_to_hydra,,,,,,,,,,,495.7824739976786,ok,10.498381991055794,459.1089660098078,23.54513099999167,0.14101399574428797,23.404117004247382,0.007391005055978894,1.317189002293162,0.22641700343228877,288.708455991582,13.151799998013303,0.006527014193125069,302.09320000722073,55.19380503392313,19.686773986904882,3.9209139795275405,20.25598300679121,10.761724988697097,58.46103699877858,47.66299499897286,2.4529520014766604,6.079390004742891,2.2226949949981645,751.0,229.0,3.335515022627078,0.8384380053030327,0.2856129431165755,1.1839509970741346,0.2287520037498325,0.005246998625807464,119.5477809960721,2.57793499622494,0.14238999574445188,33.38487300788984,0.04559800436254591,6.036032995325513,5.399019995820709,0.09586499072611332,0.5411480087786913,3.818904995569028,0.6380999984685332,0.0053440016927197576,2.6226039917673916,7,0,7,0,0,,,,,,,,,,,,,,
rsg_object_detection,dropped_oldest,1719,rsg_20260806_110_604900000_001719,dropped,True,fifo_cached_frame,1720,172,0,1546,172,0,1,0.0,48.73380200297106,frame_fifo_full,,,,,,,,,,,,,,,,,,,,,,,,,,,,,,,,,,,,,,,,,,,,,,,,,,,,,,,,,,,,,,
rsg_object_detection,dropped_oldest,1720,rsg_20260806_110_654899999_001720,dropped,True,fifo_cached_frame,1721,172,0,1547,172,0,1,0.0,99.61491198919248,frame_fifo_full,,,,,,,,,,,,,,,,,,,,,,,,,,,,,,,,,,,,,,,,,,,,,,,,,,,,,,,,,,,,,,
rsg_object_detection,dropped_oldest,1721,rsg_20260806_110_754900000_001721,dropped,True,fifo_cached_frame,1722,172,0,1548,172,0,1,0.0,57.220994000090286,frame_fifo_full,,,,,,,,,,,,,,,,,,,,,,,,,,,,,,,,,,,,,,,,,,,,,,,,,,,,,,,,,,,,,,
rsg_object_detection,dropped_oldest,1722,rsg_20260806_110_804900000_001722,dropped,True,fifo_cached_frame,1723,172,0,1549,172,0,1,0.0,48.12725201190915,frame_fifo_full,,,,,,,,,,,,,,,,,,,,,,,,,,,,,,,,,,,,,,,,,,,,,,,,,,,,,,,,,,,,,,
rsg_object_detection,dropped_oldest,1723,rsg_20260806_110_854900000_001723,dropped,True,fifo_cached_frame,1724,172,0,1550,172,0,1,0.0,65.77621500764508,frame_fifo_full,,,,,,,,,,,,,,,,,,,,,,,,,,,,,,,,,,,,,,,,,,,,,,,,,,,,,,,,,,,,,,
rsg_object_detection,dropped_oldest,1724,rsg_20260806_110_904899999_001724,dropped,True,fifo_cached_frame,1725,172,0,1551,172,0,1,0.0,31.102181994356215,frame_fifo_full,,,,,,,,,,,,,,,,,,,,,,,,,,,,,,,,,,,,,,,,,,,,,,,,,,,,,,,,,,,,,,
rsg_object_detection,dropped_oldest,1725,rsg_20260806_110_954899999_001725,dropped,True,fifo_cached_frame,1726,172,0,1552,172,0,1,0.0,61.51701899943873,frame_fifo_full,,,,,,,,,,,,,,,,,,,,,,,,,,,,,,,,,,,,,,,,,,,,,,,,,,,,,,,,,,,,,,
rsg_object_detection,dropped_oldest,1726,rsg_20260806_111_004900000_001726,dropped,True,fifo_cached_frame,1727,172,0,1553,172,0,1,0.0,56.04773100640159,frame_fifo_full,,,,,,,,,,,,,,,,,,,,,,,,,,,,,,,,,,,,,,,,,,,,,,,,,,,,,,,,,,,,,,
rsg_object_detection,frame_trace,1718,rsg_20260806_110_554900000_001718,sent_to_hydra,,,,,,,,,,,504.77230800606776,ok,12.282516006962396,485.81927400664426,4.369875008706003,0.15138099843170494,4.2184940102742985,0.0031039962777867913,1.8983329937327653,0.17592399672139436,291.55774899118114,11.768087002565153,0.006207003025338054,303.507966993493,78.45210999948904,18.455786994309165,7.410275997244753,35.78806799487211,16.20333400205709,59.10809700435493,48.69527599657886,6.477410002844408,1.7813499871408567,2.111854002578184,705.0,231.0,2.8312290087342262,0.598391008679755,0.28689298778772354,1.125458991737105,0.23848000273574144,0.004479996277950704,142.66136099467985,2.201000999775715,0.18363499839324504,35.32553999684751,0.04143702972214669,8.098098987829871,7.525081993662752,0.10018500324804336,0.4728319909190759,3.5938329965574667,0.5850799934705719,0.005504029104486108,2.29753898747731,6,0,6,0,0,,,,,,,,,,,,,,
rsg_object_detection,dropped_oldest,1728,rsg_20260806_111_104900000_001728,dropped,True,fifo_cached_frame,1729,173,0,1554,173,0,1,0.0,42.10392199456692,frame_fifo_full,,,,,,,,,,,,,,,,,,,,,,,,,,,,,,,,,,,,,,,,,,,,,,,,,,,,,,,,,,,,,,
rsg_object_detection,dropped_oldest,1729,rsg_20260806_111_154899999_001729,dropped,True,fifo_cached_frame,1730,173,0,1555,173,0,1,0.0,47.764780989382416,frame_fifo_full,,,,,,,,,,,,,,,,,,,,,,,,,,,,,,,,,,,,,,,,,,,,,,,,,,,,,,,,,,,,,,
rsg_object_detection,dropped_oldest,1730,rsg_20260806_111_204899999_001730,dropped,True,fifo_cached_frame,1731,173,0,1556,173,0,1,0.0,51.336055010324344,frame_fifo_full,,,,,,,,,,,,,,,,,,,,,,,,,,,,,,,,,,,,,,,,,,,,,,,,,,,,,,,,,,,,,,
rsg_object_detection,dropped_oldest,1731,rsg_20260806_111_254900000_001731,dropped,True,fifo_cached_frame,1732,173,0,1557,173,0,1,0.0,51.80310001014732,frame_fifo_full,,,,,,,,,,,,,,,,,,,,,,,,,,,,,,,,,,,,,,,,,,,,,,,,,,,,,,,,,,,,,,
rsg_object_detection,dropped_oldest,1732,rsg_20260806_111_304900000_001732,dropped,True,fifo_cached_frame,1733,173,0,1558,173,0,1,0.0,50.7206460024463,frame_fifo_full,,,,,,,,,,,,,,,,,,,,,,,,,,,,,,,,,,,,,,,,,,,,,,,,,,,,,,,,,,,,,,
rsg_object_detection,dropped_oldest,1733,rsg_20260806_111_354900000_001733,dropped,True,fifo_cached_frame,1734,173,0,1559,173,0,1,0.0,49.89075199409854,frame_fifo_full,,,,,,,,,,,,,,,,,,,,,,,,,,,,,,,,,,,,,,,,,,,,,,,,,,,,,,,,,,,,,,
rsg_object_detection,dropped_oldest,1734,rsg_20260806_111_404899999_001734,dropped,True,fifo_cached_frame,1735,173,0,1560,173,0,1,0.0,51.15245700289961,frame_fifo_full,,,,,,,,,,,,,,,,,,,,,,,,,,,,,,,,,,,,,,,,,,,,,,,,,,,,,,,,,,,,,,
rsg_object_detection,dropped_oldest,1735,rsg_20260806_111_454899999_001735,dropped,True,fifo_cached_frame,1736,173,0,1561,173,0,1,0.0,64.45199200243223,frame_fifo_full,,,,,,,,,,,,,,,,,,,,,,,,,,,,,,,,,,,,,,,,,,,,,,,,,,,,,,,,,,,,,,
rsg_object_detection,frame_trace,1727,rsg_20260806_111_054900000_001727,sent_to_hydra,,,,,,,,,,,530.3281859960407,ok,13.540637999540195,478.1709709932329,36.9911529996898,0.14267800725065172,36.84847499243915,0.0033280084608122706,5.489767005201429,0.6887519994052127,307.7548610017402,18.49060200038366,0.008511997293680906,326.94272699882276,75.34826801565941,19.680855999467894,5.092484003398567,31.29657098907046,18.522665006457828,35.13889999885578,26.593246002448723,4.2804099939530715,2.5214269990101457,1.7032430041581392,415.0,66.0,3.9933920197654516,1.1016199860023335,0.321863975841552,1.386176998494193,0.3856370021821931,0.0035519915400072932,117.69441700016614,5.67033099650871,0.18321900279261172,22.136624000268057,0.053885989473201334,6.139898003311828,5.452522003906779,0.13752699305769056,0.5498490063473582,6.2082459917292,1.1860949889523908,0.006399015546776354,1.6220959951169789,7,0,7,0,0,,,,,,,,,,,,,,
rsg_object_detection,dropped_oldest,1737,rsg_20260806_111_604900000_001737,dropped,True,fifo_cached_frame,1738,174,0,1562,174,0,1,0.0,43.041268989327364,frame_fifo_full,,,,,,,,,,,,,,,,,,,,,,,,,,,,,,,,,,,,,,,,,,,,,,,,,,,,,,,,,,,,,,
rsg_object_detection,dropped_oldest,1738,rsg_20260806_111_654899999_001738,dropped,True,fifo_cached_frame,1739,174,0,1563,174,0,1,0.0,45.471949997590855,frame_fifo_full,,,,,,,,,,,,,,,,,,,,,,,,,,,,,,,,,,,,,,,,,,,,,,,,,,,,,,,,,,,,,,
rsg_object_detection,dropped_oldest,1739,rsg_20260806_111_704899999_001739,dropped,True,fifo_cached_frame,1740,174,0,1564,174,0,1,0.0,43.48789399955422,frame_fifo_full,,,,,,,,,,,,,,,,,,,,,,,,,,,,,,,,,,,,,,,,,,,,,,,,,,,,,,,,,,,,,,
rsg_object_detection,dropped_oldest,1740,rsg_20260806_111_754900000_001740,dropped,True,fifo_cached_frame,1741,174,0,1565,174,0,1,0.0,51.10500400769524,frame_fifo_full,,,,,,,,,,,,,,,,,,,,,,,,,,,,,,,,,,,,,,,,,,,,,,,,,,,,,,,,,,,,,,
rsg_object_detection,dropped_oldest,1741,rsg_20260806_111_804900000_001741,dropped,True,fifo_cached_frame,1742,174,0,1566,174,0,1,0.0,103.09740299999248,frame_fifo_full,,,,,,,,,,,,,,,,,,,,,,,,,,,,,,,,,,,,,,,,,,,,,,,,,,,,,,,,,,,,,,
rsg_object_detection,dropped_oldest,1742,rsg_20260806_111_904899999_001742,dropped,True,fifo_cached_frame,1743,174,0,1567,174,0,1,0.0,99.42584700183943,frame_fifo_full,,,,,,,,,,,,,,,,,,,,,,,,,,,,,,,,,,,,,,,,,,,,,,,,,,,,,,,,,,,,,,
rsg_object_detection,dropped_oldest,1743,rsg_20260806_112_004900000_001743,dropped,True,fifo_cached_frame,1744,174,0,1568,174,0,1,0.0,75.46621099754702,frame_fifo_full,,,,,,,,,,,,,,,,,,,,,,,,,,,,,,,,,,,,,,,,,,,,,,,,,,,,,,,,,,,,,,
rsg_object_detection,dropped_oldest,1744,rsg_20260806_112_054900000_001744,dropped,True,fifo_cached_frame,1745,174,0,1569,174,0,1,0.0,74.38807799189817,frame_fifo_full,,,,,,,,,,,,,,,,,,,,,,,,,,,,,,,,,,,,,,,,,,,,,,,,,,,,,,,,,,,,,,
rsg_object_detection,dropped_oldest,1745,rsg_20260806_112_154899999_001745,dropped,True,fifo_cached_frame,1746,174,0,1570,174,0,1,0.0,103.98367900052108,frame_fifo_full,,,,,,,,,,,,,,,,,,,,,,,,,,,,,,,,,,,,,,,,,,,,,,,,,,,,,,,,,,,,,,
rsg_object_detection,frame_trace,1736,rsg_20260806_111_504900000_001736,sent_to_hydra,,,,,,,,,,,750.6703289982397,ok,16.111311997519806,635.7576709997375,96.60264900594484,0.12939900625497103,96.47324999968987,0.0047679932322353125,5.534339987207204,0.205489996005781,365.31057200045325,21.10245499352459,0.008512011845596135,386.6270290018292,149.2554830183508,37.1729670005152,7.5354509899625555,74.74146097956691,29.068402014672756,53.68917901068926,44.91832399799023,4.576581995934248,2.301954009453766,1.8493129900889471,594.0,234.0,3.4315079828957096,0.8576369873480871,0.3239450015826151,1.301734009757638,0.39501299033872783,0.0036800047382712364,209.27341099013574,4.801174000022002,0.1504219981143251,29.32429099746514,0.04700402496382594,11.537226004293188,10.81234699813649,0.1177829981315881,0.6070960080251098,3.9188349910546094,0.6503550102934241,0.004895991878584027,2.1939290018053725,7,0,7,0,0,,,,,,,,,,,,,,
rsg_object_detection,dropped_oldest,1747,rsg_20260806_112_354900000_001747,dropped,True,fifo_cached_frame,1748,175,0,1571,175,0,1,0.0,95.83160799229518,frame_fifo_full,,,,,,,,,,,,,,,,,,,,,,,,,,,,,,,,,,,,,,,,,,,,,,,,,,,,,,,,,,,,,,
rsg_object_detection,dropped_oldest,1748,rsg_20260806_112_454899999_001748,dropped,True,fifo_cached_frame,1749,175,0,1572,175,0,1,0.0,52.68659700232092,frame_fifo_full,,,,,,,,,,,,,,,,,,,,,,,,,,,,,,,,,,,,,,,,,,,,,,,,,,,,,,,,,,,,,,
rsg_object_detection,dropped_oldest,1749,rsg_20260806_112_504900000_001749,dropped,True,fifo_cached_frame,1750,175,0,1573,175,0,1,0.0,48.15183499886189,frame_fifo_full,,,,,,,,,,,,,,,,,,,,,,,,,,,,,,,,,,,,,,,,,,,,,,,,,,,,,,,,,,,,,,
rsg_object_detection,dropped_oldest,1750,rsg_20260806_112_554900000_001750,dropped,True,fifo_cached_frame,1751,175,0,1574,175,0,1,0.0,249.69043700548355,frame_fifo_full,,,,,,,,,,,,,,,,,,,,,,,,,,,,,,,,,,,,,,,,,,,,,,,,,,,,,,,,,,,,,,
rsg_object_detection,dropped_oldest,1751,rsg_20260806_112_654899999_001751,dropped,True,fifo_cached_frame,1752,175,0,1575,175,0,1,0.0,3.457042999798432,frame_fifo_full,,,,,,,,,,,,,,,,,,,,,,,,,,,,,,,,,,,,,,,,,,,,,,,,,,,,,,,,,,,,,,
rsg_object_detection,dropped_oldest,1752,rsg_20260806_112_704899999_001752,dropped,True,fifo_cached_frame,1753,175,0,1576,175,0,1,0.0,5.462026005261578,frame_fifo_full,,,,,,,,,,,,,,,,,,,,,,,,,,,,,,,,,,,,,,,,,,,,,,,,,,,,,,,,,,,,,,
rsg_object_detection,dropped_oldest,1753,rsg_20260806_112_754900000_001753,dropped,True,fifo_cached_frame,1754,175,0,1577,175,0,1,0.0,11.909295993973501,frame_fifo_full,,,,,,,,,,,,,,,,,,,,,,,,,,,,,,,,,,,,,,,,,,,,,,,,,,,,,,,,,,,,,,
rsg_object_detection,dropped_oldest,1754,rsg_20260806_112_804900000_001754,dropped,True,fifo_cached_frame,1755,175,0,1578,175,0,1,0.0,40.61907199502457,frame_fifo_full,,,,,,,,,,,,,,,,,,,,,,,,,,,,,,,,,,,,,,,,,,,,,,,,,,,,,,,,,,,,,,
rsg_object_detection,frame_trace,1746,rsg_20260806_112_254900000_001746,sent_to_hydra,,,,,,,,,,,616.7434230010258,ok,13.213622994953766,570.845352995093,31.166216009296477,0.14696600555907935,31.019250003737397,0.0031039962777867913,3.335994988447055,0.20600200514309108,303.68708800233435,13.957186994957738,0.0073599949246272445,317.8576369973598,168.00730001705233,15.72973899601493,5.365970006096177,113.1684360007057,33.10384496580809,40.971463997266255,22.390785001334734,14.838150993455201,2.2398459987016395,1.4559639967046678,414.0,63.0,3.5157910169800743,5.74392601265572,0.36179996095597744,1.3594909978564829,0.4158119991188869,0.004318993887864053,220.397661003517,6.4322639955207705,0.18382800044491887,22.588434992940165,0.049533016863279045,8.662574997288175,7.990076002897695,0.1035129971569404,0.5689859972335398,3.8522800023201853,0.6937769940122962,0.0049910013331100345,1.5151270054047927,7,0,7,0,0,,,,,,,,,,,,,,
rsg_object_detection,dropped_oldest,1756,rsg_20260806_112_904899999_001756,dropped,True,fifo_cached_frame,1757,176,0,1579,176,0,1,0.0,42.82180100562982,frame_fifo_full,,,,,,,,,,,,,,,,,,,,,,,,,,,,,,,,,,,,,,,,,,,,,,,,,,,,,,,,,,,,,,
rsg_object_detection,dropped_oldest,1757,rsg_20260806_112_954899999_001757,dropped,True,fifo_cached_frame,1758,176,0,1580,176,0,1,0.0,49.60319199017249,frame_fifo_full,,,,,,,,,,,,,,,,,,,,,,,,,,,,,,,,,,,,,,,,,,,,,,,,,,,,,,,,,,,,,,
rsg_object_detection,dropped_oldest,1758,rsg_20260806_113_004900000_001758,dropped,True,fifo_cached_frame,1759,176,0,1581,176,0,1,0.0,103.16028899978846,frame_fifo_full,,,,,,,,,,,,,,,,,,,,,,,,,,,,,,,,,,,,,,,,,,,,,,,,,,,,,,,,,,,,,,
rsg_object_detection,dropped_oldest,1759,rsg_20260806_113_104900000_001759,dropped,True,fifo_cached_frame,1760,176,0,1582,176,0,1,0.0,48.91869499988388,frame_fifo_full,,,,,,,,,,,,,,,,,,,,,,,,,,,,,,,,,,,,,,,,,,,,,,,,,,,,,,,,,,,,,,
rsg_object_detection,dropped_oldest,1760,rsg_20260806_113_154899999_001760,dropped,True,fifo_cached_frame,1761,176,0,1583,176,0,1,0.0,121.10046998714097,frame_fifo_full,,,,,,,,,,,,,,,,,,,,,,,,,,,,,,,,,,,,,,,,,,,,,,,,,,,,,,,,,,,,,,
rsg_object_detection,dropped_oldest,1761,rsg_20260806_113_254900000_001761,dropped,True,fifo_cached_frame,1762,176,0,1584,176,0,1,0.0,29.765547005808912,frame_fifo_full,,,,,,,,,,,,,,,,,,,,,,,,,,,,,,,,,,,,,,,,,,,,,,,,,,,,,,,,,,,,,,
rsg_object_detection,dropped_oldest,1762,rsg_20260806_113_304900000_001762,dropped,True,fifo_cached_frame,1763,176,0,1585,176,0,1,0.0,62.82168500183616,frame_fifo_full,,,,,,,,,,,,,,,,,,,,,,,,,,,,,,,,,,,,,,,,,,,,,,,,,,,,,,,,,,,,,,
rsg_object_detection,dropped_oldest,1763,rsg_20260806_113_354900000_001763,dropped,True,fifo_cached_frame,1764,176,0,1586,176,0,1,0.0,57.096477001323365,frame_fifo_full,,,,,,,,,,,,,,,,,,,,,,,,,,,,,,,,,,,,,,,,,,,,,,,,,,,,,,,,,,,,,,
rsg_object_detection,frame_trace,1755,rsg_20260806_112_854900000_001755,sent_to_hydra,,,,,,,,,,,570.1778649963671,ok,15.230189994326793,530.2769179979805,22.631280007772148,0.13506200048141181,22.496218007290736,0.00454401015304029,1.3807049981551245,0.24833499628584832,308.95728699397296,16.118895000545308,0.006752001354470849,325.3312689921586,95.9432880190434,24.746719980612397,12.593028004630469,37.20772401720751,20.653244006098248,65.93520000751596,53.52827200840693,7.502749998820946,2.782401003059931,2.0661629969254136,598.0,236.0,3.6888359900331125,0.9462070011068135,0.33190997783094645,1.409279997460544,0.3289699961896986,0.00630300201009959,168.6089680006262,2.7698589983629063,0.17867599672172219,31.96305999881588,0.04438101314008236,9.256006000214256,8.569558005547151,0.11106400052085519,0.5753839941462502,3.872534987749532,2.093937000609003,0.007712005754001439,2.0349329861346632,7,0,7,0,0,,,,,,,,,,,,,,
rsg_object_detection,dropped_oldest,1765,rsg_20260806_113_454899999_001765,dropped,True,fifo_cached_frame,1766,177,0,1587,177,0,1,0.0,61.68214700301178,frame_fifo_full,,,,,,,,,,,,,,,,,,,,,,,,,,,,,,,,,,,,,,,,,,,,,,,,,,,,,,,,,,,,,,
rsg_object_detection,dropped_oldest,1766,rsg_20260806_113_504900000_001766,dropped,True,fifo_cached_frame,1767,177,0,1588,177,0,1,0.0,78.32206299644895,frame_fifo_full,,,,,,,,,,,,,,,,,,,,,,,,,,,,,,,,,,,,,,,,,,,,,,,,,,,,,,,,,,,,,,
rsg_object_detection,dropped_oldest,1767,rsg_20260806_113_604900000_001767,dropped,True,fifo_cached_frame,1768,177,0,1589,177,0,1,0.0,100.37492199626286,frame_fifo_full,,,,,,,,,,,,,,,,,,,,,,,,,,,,,,,,,,,,,,,,,,,,,,,,,,,,,,,,,,,,,,
rsg_object_detection,dropped_oldest,1768,rsg_20260806_113_704899999_001768,dropped,True,fifo_cached_frame,1769,177,0,1590,177,0,1,0.0,51.088150998111814,frame_fifo_full,,,,,,,,,,,,,,,,,,,,,,,,,,,,,,,,,,,,,,,,,,,,,,,,,,,,,,,,,,,,,,
rsg_object_detection,dropped_oldest,1769,rsg_20260806_113_754900000_001769,dropped,True,fifo_cached_frame,1770,177,0,1591,177,0,1,0.0,117.33619299775455,frame_fifo_full,,,,,,,,,,,,,,,,,,,,,,,,,,,,,,,,,,,,,,,,,,,,,,,,,,,,,,,,,,,,,,
rsg_object_detection,dropped_oldest,1770,rsg_20260806_113_854900000_001770,dropped,True,fifo_cached_frame,1771,177,0,1592,177,0,1,0.0,109.03797698847484,frame_fifo_full,,,,,,,,,,,,,,,,,,,,,,,,,,,,,,,,,,,,,,,,,,,,,,,,,,,,,,,,,,,,,,
rsg_object_detection,dropped_oldest,1771,rsg_20260806_113_954899999_001771,dropped,True,fifo_cached_frame,1772,177,0,1593,177,0,1,0.0,381.64061099814717,frame_fifo_full,,,,,,,,,,,,,,,,,,,,,,,,,,,,,,,,,,,,,,,,,,,,,,,,,,,,,,,,,,,,,,
rsg_object_detection,dropped_oldest,1772,rsg_20260806_114_004900000_001772,dropped,True,fifo_cached_frame,1773,177,0,1594,177,0,1,0.0,3.5198550031054765,frame_fifo_full,,,,,,,,,,,,,,,,,,,,,,,,,,,,,,,,,,,,,,,,,,,,,,,,,,,,,,,,,,,,,,
rsg_object_detection,dropped_oldest,1773,rsg_20260806_114_104900000_001773,dropped,True,fifo_cached_frame,1774,177,0,1595,177,0,1,0.0,4.275996005162597,frame_fifo_full,,,,,,,,,,,,,,,,,,,,,,,,,,,,,,,,,,,,,,,,,,,,,,,,,,,,,,,,,,,,,,
rsg_object_detection,dropped_oldest,1774,rsg_20260806_114_154899999_001774,dropped,True,fifo_cached_frame,1775,177,0,1596,177,0,1,0.0,3.771005998714827,frame_fifo_full,,,,,,,,,,,,,,,,,,,,,,,,,,,,,,,,,,,,,,,,,,,,,,,,,,,,,,,,,,,,,,
rsg_object_detection,dropped_oldest,1775,rsg_20260806_114_254900000_001775,dropped,True,fifo_cached_frame,1776,177,0,1597,177,0,1,0.0,3.8328259979607537,frame_fifo_full,,,,,,,,,,,,,,,,,,,,,,,,,,,,,,,,,,,,,,,,,,,,,,,,,,,,,,,,,,,,,,
rsg_object_detection,dropped_oldest,1776,rsg_20260806_114_304900000_001776,dropped,True,fifo_cached_frame,1777,177,0,1598,177,0,1,0.0,57.23829599446617,frame_fifo_full,,,,,,,,,,,,,,,,,,,,,,,,,,,,,,,,,,,,,,,,,,,,,,,,,,,,,,,,,,,,,,
rsg_object_detection,dropped_oldest,1777,rsg_20260806_114_404899999_001777,dropped,True,fifo_cached_frame,1778,177,0,1599,178,0,1,0.0,37.64379498898052,frame_fifo_full,,,,,,,,,,,,,,,,,,,,,,,,,,,,,,,,,,,,,,,,,,,,,,,,,,,,,,,,,,,,,,
rsg_object_detection,frame_trace,1764,rsg_20260806_113_404899999_001764,sent_to_hydra,,,,,,,,,,,1026.0935359983705,ok,13.32184199418407,975.8781229902525,34.40065399627201,0.14466200082097203,34.25599199545104,0.0033279939088970423,5.520742008229718,0.3029229992534965,335.9983789996477,14.000034003402106,0.007423994247801602,350.3087599965511,133.29727601376362,24.3747490021633,5.977574997814372,66.91557999874931,35.32391900080256,436.3401970040286,408.8518680073321,22.792745992774144,2.479925999068655,2.1675000025425106,618.0,239.0,3.791676994296722,0.9725079871714115,0.3285240090917796,1.287623992539011,0.45283400686457753,0.004383997293189168,576.4929409924662,7.677203000639565,0.14229399675969034,35.68962498684414,0.0465580087620765,6.4341520046582446,5.848528991919011,0.10376899444963783,0.48185401828959584,6.273876002524048,0.610005998169072,0.003807988832704723,2.4895890237530693,7,0,7,0,0,,,,,,,,,,,,,,
rsg_object_detection,dropped_oldest,1779,rsg_20260806_114_504900000_001779,dropped,True,fifo_cached_frame,1780,178,0,1600,178,0,1,0.0,6.260403999476694,frame_fifo_full,,,,,,,,,,,,,,,,,,,,,,,,,,,,,,,,,,,,,,,,,,,,,,,,,,,,,,,,,,,,,,
rsg_object_detection,dropped_oldest,1780,rsg_20260806_114_604900000_001780,dropped,True,fifo_cached_frame,1781,178,0,1601,178,0,1,0.0,86.85908799816389,frame_fifo_full,,,,,,,,,,,,,,,,,,,,,,,,,,,,,,,,,,,,,,,,,,,,,,,,,,,,,,,,,,,,,,
rsg_object_detection,dropped_oldest,1781,rsg_20260806_114_704899999_001781,dropped,True,fifo_cached_frame,1782,178,0,1602,178,0,1,0.0,50.94880600518081,frame_fifo_full,,,,,,,,,,,,,,,,,,,,,,,,,,,,,,,,,,,,,,,,,,,,,,,,,,,,,,,,,,,,,,
rsg_object_detection,dropped_oldest,1782,rsg_20260806_114_754900000_001782,dropped,True,fifo_cached_frame,1783,178,0,1603,178,0,1,0.0,60.168879994307645,frame_fifo_full,,,,,,,,,,,,,,,,,,,,,,,,,,,,,,,,,,,,,,,,,,,,,,,,,,,,,,,,,,,,,,
rsg_object_detection,dropped_oldest,1783,rsg_20260806_114_804900000_001783,dropped,True,fifo_cached_frame,1784,178,0,1604,178,0,1,0.0,92.89841899590101,frame_fifo_full,,,,,,,,,,,,,,,,,,,,,,,,,,,,,,,,,,,,,,,,,,,,,,,,,,,,,,,,,,,,,,
rsg_object_detection,dropped_oldest,1784,rsg_20260806_114_854900000_001784,dropped,True,fifo_cached_frame,1785,178,0,1605,178,0,1,0.0,6.367629001033492,frame_fifo_full,,,,,,,,,,,,,,,,,,,,,,,,,,,,,,,,,,,,,,,,,,,,,,,,,,,,,,,,,,,,,,
rsg_object_detection,dropped_oldest,1785,rsg_20260806_114_904899999_001785,dropped,True,fifo_cached_frame,1786,178,0,1606,178,0,1,0.0,48.665153997717425,frame_fifo_full,,,,,,,,,,,,,,,,,,,,,,,,,,,,,,,,,,,,,,,,,,,,,,,,,,,,,,,,,,,,,,
rsg_object_detection,frame_trace,1778,rsg_20260806_114_454899999_001778,sent_to_hydra,,,,,,,,,,,499.8118899966357,ok,14.069279000977986,480.078581997077,4.029165007523261,0.19339499704074115,3.83577001048252,0.002720000338740647,1.6323040035786107,0.16949200653471053,322.6227829873096,26.99770699837245,0.008000017260201275,349.797982009477,44.87648399663158,18.2684149913257,4.876113991485909,8.801252974080853,12.199324992252514,47.89099900517613,31.61028798785992,11.169252000399865,3.2089329906739295,1.8548499938333407,490.0,65.0,3.957170993089676,1.7288429953623563,0.3641010116552934,1.4318709872895852,0.24779200612101704,0.00457599526271224,100.51770599966403,2.9736849974142388,0.155029003508389,24.96283801156096,0.039037971873767674,9.723112001665868,9.125040000071749,0.10223299614153802,0.49583900545258075,3.6090650100959465,0.7316939882002771,0.005408001015894115,1.6321439907187596,8,0,8,0,0,,,,,,,,,,,,,,
rsg_object_detection,dropped_oldest,1787,rsg_20260806_115_004900000_001787,dropped,True,fifo_cached_frame,1788,179,0,1607,179,0,1,0.0,33.211137997568585,frame_fifo_full,,,,,,,,,,,,,,,,,,,,,,,,,,,,,,,,,,,,,,,,,,,,,,,,,,,,,,,,,,,,,,
rsg_object_detection,dropped_oldest,1788,rsg_20260806_115_054900000_001788,dropped,True,fifo_cached_frame,1789,179,0,1608,179,0,1,0.0,52.81501398712862,frame_fifo_full,,,,,,,,,,,,,,,,,,,,,,,,,,,,,,,,,,,,,,,,,,,,,,,,,,,,,,,,,,,,,,
rsg_object_detection,dropped_oldest,1789,rsg_20260806_115_104900000_001789,dropped,True,fifo_cached_frame,1790,179,0,1609,179,0,1,0.0,97.44521298853215,frame_fifo_full,,,,,,,,,,,,,,,,,,,,,,,,,,,,,,,,,,,,,,,,,,,,,,,,,,,,,,,,,,,,,,
rsg_object_detection,dropped_oldest,1790,rsg_20260806_115_204899999_001790,dropped,True,fifo_cached_frame,1791,179,0,1610,179,0,1,0.0,53.63483099790756,frame_fifo_full,,,,,,,,,,,,,,,,,,,,,,,,,,,,,,,,,,,,,,,,,,,,,,,,,,,,,,,,,,,,,,
rsg_object_detection,dropped_oldest,1791,rsg_20260806_115_254900000_001791,dropped,True,fifo_cached_frame,1792,179,0,1611,179,0,1,0.0,121.88918598985765,frame_fifo_full,,,,,,,,,,,,,,,,,,,,,,,,,,,,,,,,,,,,,,,,,,,,,,,,,,,,,,,,,,,,,,
rsg_object_detection,dropped_oldest,1792,rsg_20260806_115_354900000_001792,dropped,True,fifo_cached_frame,1793,179,0,1612,179,0,1,0.0,52.52851099066902,frame_fifo_full,,,,,,,,,,,,,,,,,,,,,,,,,,,,,,,,,,,,,,,,,,,,,,,,,,,,,,,,,,,,,,
rsg_object_detection,dropped_oldest,1793,rsg_20260806_115_404899999_001793,dropped,True,fifo_cached_frame,1794,179,0,1613,179,0,1,0.0,75.93085098778829,frame_fifo_full,,,,,,,,,,,,,,,,,,,,,,,,,,,,,,,,,,,,,,,,,,,,,,,,,,,,,,,,,,,,,,
rsg_object_detection,frame_trace,1786,rsg_20260806_114_954899999_001786,sent_to_hydra,,,,,,,,,,,553.2672709960025,ok,13.666300001204945,510.9043400007067,24.987155993585475,0.13979799405205995,24.847357999533415,0.009951007086783648,1.0600880050333217,0.19342699670232832,281.78407199447975,24.38016000087373,0.007264010491780937,306.3649230025476,90.79389898397494,19.97041299182456,6.158747972222045,39.167887007351965,24.603859026683494,60.42413201066665,48.40085700561758,4.126853993511759,5.050918989581987,2.795232998323627,875.0,246.0,3.5463180247461423,1.2418670085025951,0.368999972124584,1.402529000188224,0.26842899387702346,0.004703993909060955,158.0672609998146,3.2771840051282197,0.16190900350920856,41.92808301013429,0.044891974539496005,9.44041198818013,8.743787999264896,0.1041209907270968,0.592502998188138,3.5341589973540977,0.6870250072097406,0.004704008460976183,3.699523993418552,8,0,8,0,0,,,,,,,,,,,,,,
rsg_object_detection,dropped_oldest,1795,rsg_20260806_115_554900000_001795,dropped,True,fifo_cached_frame,1796,180,0,1614,180,0,1,0.0,47.83193599723745,frame_fifo_full,,,,,,,,,,,,,,,,,,,,,,,,,,,,,,,,,,,,,,,,,,,,,,,,,,,,,,,,,,,,,,
rsg_object_detection,dropped_oldest,1796,rsg_20260806_115_604900000_001796,dropped,True,fifo_cached_frame,1797,180,0,1615,180,0,1,0.0,98.82055201160256,frame_fifo_full,,,,,,,,,,,,,,,,,,,,,,,,,,,,,,,,,,,,,,,,,,,,,,,,,,,,,,,,,,,,,,
rsg_object_detection,dropped_oldest,1797,rsg_20260806_115_704899999_001797,dropped,True,fifo_cached_frame,1798,180,0,1616,180,0,1,0.0,51.93197600601707,frame_fifo_full,,,,,,,,,,,,,,,,,,,,,,,,,,,,,,,,,,,,,,,,,,,,,,,,,,,,,,,,,,,,,,
rsg_object_detection,dropped_oldest,1798,rsg_20260806_115_754900000_001798,dropped,True,fifo_cached_frame,1799,180,0,1617,180,0,1,0.0,55.332000003545545,frame_fifo_full,,,,,,,,,,,,,,,,,,,,,,,,,,,,,,,,,,,,,,,,,,,,,,,,,,,,,,,,,,,,,,
rsg_object_detection,,426,rsg_20260806_33_654879999_000426,vlm_done,,,,,,,,,,,,ok,,,,,,,,,,,,,,,,,,,,,,,,,,,,,,,,,,,,,,,,,,,,,,,,,rsg_obj_000041,rsg_unknown_rsg_20260806_33_654879999_000426_006_nanosam_000,,,1,0.5588342257573273,ceiling_light,0.95,static,0.99,5746.587103989441,75894.32206300262,qwen_http,Qwen3-VL-8B-Instruct-GGUF
rsg_object_detection,completed,426,rsg_20260806_33_654879999_000426,,,,,,,,,,,70147.73195100133,,vlm_done,,,,,,,,,,,,,,,,,,,,,,,,,,,,,,,,,,,,,,,,,,,,,,,,,rsg_obj_000041,rsg_unknown_rsg_20260806_33_654879999_000426_006_nanosam_000,58,300,1,0.5588342257573273,,,,,,,,
rsg_object_detection,dropped_oldest,1799,rsg_20260806_115_804900000_001799,dropped,True,fifo_cached_frame,1800,180,0,1618,180,0,1,0.0,108.39289099385496,frame_fifo_full,,,,,,,,,,,,,,,,,,,,,,,,,,,,,,,,,,,,,,,,,,,,,,,,,,,,,,,,,,,,,,
rsg_object_detection,dropped_oldest,1800,rsg_20260806_115_904899999_001800,dropped,True,fifo_cached_frame,1801,180,0,1619,180,0,1,0.0,89.15778700611554,frame_fifo_full,,,,,,,,,,,,,,,,,,,,,,,,,,,,,,,,,,,,,,,,,,,,,,,,,,,,,,,,,,,,,,
rsg_object_detection,dropped_oldest,1801,rsg_20260806_116_004900000_001801,dropped,True,fifo_cached_frame,1802,180,0,1620,180,0,1,0.0,47.67956200521439,frame_fifo_full,,,,,,,,,,,,,,,,,,,,,,,,,,,,,,,,,,,,,,,,,,,,,,,,,,,,,,,,,,,,,,
rsg_object_detection,frame_trace,1794,rsg_20260806_115_504900000_001794,sent_to_hydra,,,,,,,,,,,558.415588006028,ok,13.32757000636775,504.1661060095066,38.51868299534544,0.18101099703926593,38.33767199830618,0.006910995580255985,3.271424997365102,0.2233769919257611,308.14581899903715,15.708079998148605,0.007360009476542473,324.08463599858806,73.94215400563553,24.653548971400596,7.21038700430654,19.793081999523565,21.60111597913783,51.809327997034416,40.891450000344776,3.497330006211996,4.992139991372824,2.3835820029489696,686.0,248.0,6.358574028126895,5.061382020357996,0.4561299429042265,1.5000570128904656,0.26247800269629806,0.004991990863345563,139.41183099814225,3.119626999250613,0.14290200488176197,34.08612200291827,0.04956300836056471,8.806694997474551,8.216175003326498,0.08642600732855499,0.5040939868194982,3.854744994896464,0.6614910089410841,0.004639005055651069,2.396317999227904,8,0,8,0,0,,,,,,,,,,,,,,
rsg_object_detection,dequeued,570,rsg_20260806_42_354880000_000570,,,,,,,,,,,74120.11548200098,,fifo_order,,,,,,,,,,,,,,,,,,,,,,,,,,,,,,,,,,,,,,,,,,,,,,,,,rsg_obj_000049,rsg_unknown_rsg_20260806_42_354880000_000570_003_nanosam_007,57,300,12,0.7000994206018638,,,,,,,,
rsg_object_detection,dropped_oldest,1803,rsg_20260806_116_104900000_001803,dropped,True,fifo_cached_frame,1804,181,0,1621,181,0,1,0.0,97.10198099492118,frame_fifo_full,,,,,,,,,,,,,,,,,,,,,,,,,,,,,,,,,,,,,,,,,,,,,,,,,,,,,,,,,,,,,,
rsg_object_detection,dropped_oldest,1804,rsg_20260806_116_204899999_001804,dropped,True,fifo_cached_frame,1805,181,0,1622,181,0,1,0.0,51.67506598809268,frame_fifo_full,,,,,,,,,,,,,,,,,,,,,,,,,,,,,,,,,,,,,,,,,,,,,,,,,,,,,,,,,,,,,,
rsg_object_detection,dropped_oldest,1805,rsg_20260806_116_254900000_001805,dropped,True,fifo_cached_frame,1806,181,0,1623,181,0,1,0.0,104.18176400708035,frame_fifo_full,,,,,,,,,,,,,,,,,,,,,,,,,,,,,,,,,,,,,,,,,,,,,,,,,,,,,,,,,,,,,,
rsg_object_detection,dropped_oldest,1806,rsg_20260806_116_354900000_001806,dropped,True,fifo_cached_frame,1807,181,0,1624,181,0,1,0.0,74.3104560096981,frame_fifo_full,,,,,,,,,,,,,,,,,,,,,,,,,,,,,,,,,,,,,,,,,,,,,,,,,,,,,,,,,,,,,,
rsg_object_detection,dropped_oldest,1807,rsg_20260806_116_404899999_001807,dropped,True,fifo_cached_frame,1808,181,0,1625,181,0,1,0.0,98.14153600018471,frame_fifo_full,,,,,,,,,,,,,,,,,,,,,,,,,,,,,,,,,,,,,,,,,,,,,,,,,,,,,,,,,,,,,,
rsg_object_detection,dropped_oldest,1808,rsg_20260806_116_454899999_001808,dropped,True,fifo_cached_frame,1809,181,0,1626,181,0,1,0.0,2.8581090009538457,frame_fifo_full,,,,,,,,,,,,,,,,,,,,,,,,,,,,,,,,,,,,,,,,,,,,,,,,,,,,,,,,,,,,,,
rsg_object_detection,dropped_oldest,1809,rsg_20260806_116_504900000_001809,dropped,True,fifo_cached_frame,1810,181,0,1627,182,0,1,0.0,39.49567599920556,frame_fifo_full,,,,,,,,,,,,,,,,,,,,,,,,,,,,,,,,,,,,,,,,,,,,,,,,,,,,,,,,,,,,,,
rsg_object_detection,frame_trace,1802,rsg_20260806_116_054900000_001802,sent_to_hydra,,,,,,,,,,,490.00534300284926,ok,17.612783994991332,431.31923300097696,37.57375599525403,0.13205500727053732,37.441700987983495,0.00729499151930213,2.750083993305452,0.1820030011003837,240.0259010028094,27.01950300252065,0.006846996257081628,267.2342540026875,46.08377302065492,18.26464199984912,4.679457968450151,9.46726102847606,13.052071022684686,63.99339999188669,53.64869699405972,3.8076120108598843,3.8911910087335855,2.6018070057034492,871.0,249.0,3.107659998931922,0.5438349908217788,0.3044569893972948,1.3771550002275035,0.5973990046186373,0.0039669976104050875,116.02838100225199,4.591111995978281,0.1459420018363744,40.52351100835949,0.045948996557854116,11.895413001184352,11.244162000366487,0.09893800597637892,0.5523129948414862,3.697092004586011,2.014070996665396,0.006207992555573583,3.492275020107627,8,0,8,0,0,,,,,,,,,,,,,,
rsg_object_detection,dropped_oldest,1811,rsg_20260806_116_604900000_001811,dropped,True,fifo_cached_frame,1812,182,0,1628,182,0,1,0.0,94.99103100097273,frame_fifo_full,,,,,,,,,,,,,,,,,,,,,,,,,,,,,,,,,,,,,,,,,,,,,,,,,,,,,,,,,,,,,,
rsg_object_detection,dropped_oldest,1812,rsg_20260806_116_704899999_001812,dropped,True,fifo_cached_frame,1813,182,0,1629,182,0,1,0.0,57.67808499513194,frame_fifo_full,,,,,,,,,,,,,,,,,,,,,,,,,,,,,,,,,,,,,,,,,,,,,,,,,,,,,,,,,,,,,,
rsg_object_detection,dropped_oldest,1813,rsg_20260806_116_754900000_001813,dropped,True,fifo_cached_frame,1814,182,0,1630,182,0,1,0.0,46.737807992030866,frame_fifo_full,,,,,,,,,,,,,,,,,,,,,,,,,,,,,,,,,,,,,,,,,,,,,,,,,,,,,,,,,,,,,,
rsg_object_detection,dropped_oldest,1814,rsg_20260806_116_804900000_001814,dropped,True,fifo_cached_frame,1815,182,0,1631,182,0,1,0.0,48.97003900259733,frame_fifo_full,,,,,,,,,,,,,,,,,,,,,,,,,,,,,,,,,,,,,,,,,,,,,,,,,,,,,,,,,,,,,,
rsg_object_detection,dropped_oldest,1815,rsg_20260806_116_854900000_001815,dropped,True,fifo_cached_frame,1816,182,0,1632,182,0,1,0.0,48.5423559875926,frame_fifo_full,,,,,,,,,,,,,,,,,,,,,,,,,,,,,,,,,,,,,,,,,,,,,,,,,,,,,,,,,,,,,,
rsg_object_detection,dropped_oldest,1816,rsg_20260806_116_904899999_001816,dropped,True,fifo_cached_frame,1817,182,0,1633,182,0,1,0.0,49.16442600369919,frame_fifo_full,,,,,,,,,,,,,,,,,,,,,,,,,,,,,,,,,,,,,,,,,,,,,,,,,,,,,,,,,,,,,,
rsg_object_detection,dropped_oldest,1817,rsg_20260806_116_954899999_001817,dropped,True,fifo_cached_frame,1818,182,0,1634,182,0,1,0.0,65.01656099862885,frame_fifo_full,,,,,,,,,,,,,,,,,,,,,,,,,,,,,,,,,,,,,,,,,,,,,,,,,,,,,,,,,,,,,,
rsg_object_detection,dropped_oldest,1818,rsg_20260806_117_004900000_001818,dropped,True,fifo_cached_frame,1819,182,0,1635,182,0,1,0.0,88.71510600147303,frame_fifo_full,,,,,,,,,,,,,,,,,,,,,,,,,,,,,,,,,,,,,,,,,,,,,,,,,,,,,,,,,,,,,,
rsg_object_detection,dropped_oldest,1819,rsg_20260806_117_104900000_001819,dropped,True,fifo_cached_frame,1820,182,0,1636,182,0,1,0.0,55.264586000703275,frame_fifo_full,,,,,,,,,,,,,,,,,,,,,,,,,,,,,,,,,,,,,,,,,,,,,,,,,,,,,,,,,,,,,,
rsg_object_detection,frame_trace,1810,rsg_20260806_116_554900000_001810,sent_to_hydra,,,,,,,,,,,591.34559200902,ok,13.700634008273482,569.7041230014293,5.683741008397192,0.15835701196920127,5.5253839964279905,0.004159010131843388,1.4048329903744161,0.2198250003857538,356.83821300335694,26.95233999111224,0.00780599657446146,384.0181839914294,85.18859498144593,21.62335797038395,4.868786985753104,42.44552398449741,15.519809006946161,48.03605499910191,36.860336011159234,3.4381659934297204,4.126439001993276,3.5474379983497784,683.0,249.0,5.9873669961234555,5.048010003520176,0.4606400179909542,1.3660510012414306,0.4913259908789769,0.005472000339068472,146.5985550021287,4.161667995504104,0.14197400014381856,33.33248100534547,0.046428016503341496,4.8234790010610595,4.244254989316687,0.0960260076681152,0.48319800407625735,3.765375993680209,5.106308002723381,0.0054710108088329434,2.252934980788268,8,0,8,0,0,,,,,,,,,,,,,,
rsg_object_detection,dropped_oldest,1821,rsg_20260806_117_254900000_001821,dropped,True,fifo_cached_frame,1822,183,0,1637,183,0,1,0.0,99.41486800380517,frame_fifo_full,,,,,,,,,,,,,,,,,,,,,,,,,,,,,,,,,,,,,,,,,,,,,,,,,,,,,,,,,,,,,,
rsg_object_detection,dropped_oldest,1822,rsg_20260806_117_354900000_001822,dropped,True,fifo_cached_frame,1823,183,0,1638,183,0,1,0.0,50.19968800479546,frame_fifo_full,,,,,,,,,,,,,,,,,,,,,,,,,,,,,,,,,,,,,,,,,,,,,,,,,,,,,,,,,,,,,,
rsg_object_detection,dropped_oldest,1823,rsg_20260806_117_404899999_001823,dropped,True,fifo_cached_frame,1824,183,0,1639,183,0,1,0.0,99.31602601136547,frame_fifo_full,,,,,,,,,,,,,,,,,,,,,,,,,,,,,,,,,,,,,,,,,,,,,,,,,,,,,,,,,,,,,,
rsg_object_detection,dropped_oldest,1824,rsg_20260806_117_504900000_001824,dropped,True,fifo_cached_frame,1825,183,0,1640,183,0,1,0.0,66.60647499666084,frame_fifo_full,,,,,,,,,,,,,,,,,,,,,,,,,,,,,,,,,,,,,,,,,,,,,,,,,,,,,,,,,,,,,,
rsg_object_detection,dropped_oldest,1825,rsg_20260806_117_554900000_001825,dropped,True,fifo_cached_frame,1826,183,0,1641,183,0,1,0.0,42.18244200455956,frame_fifo_full,,,,,,,,,,,,,,,,,,,,,,,,,,,,,,,,,,,,,,,,,,,,,,,,,,,,,,,,,,,,,,
rsg_object_detection,frame_trace,1820,rsg_20260806_117_154899999_001820,sent_to_hydra,,,,,,,,,,,533.1440339941764,ok,10.473686998011544,491.79488299705554,28.59616400382947,0.14261399337556213,28.45355001045391,0.007712005754001439,3.0859660037094727,0.1774600095814094,308.2287819997873,19.449621002422646,0.006206988473422825,327.8620700002648,85.12172701011878,17.91532499191817,5.476524995174259,38.73662698606495,22.142365996842273,41.108787001576275,30.102143995463848,5.617761999019422,3.3939769928110763,1.9446670048637316,498.0,66.0,3.6586639907909557,1.714250014629215,0.3406819887459278,1.5439269918715581,0.2635979908518493,0.004064000677317381,133.7722099997336,2.914041993790306,0.1356389984721318,23.96624100219924,0.05871499888598919,5.417199005023576,4.646788001991808,0.10594500054139644,0.6644660024903715,4.225184995448217,0.8263759955298156,0.004927002009935677,2.2715879895258695,8,0,8,0,0,,,,,,,,,,,,,,
rsg_object_detection,dropped_oldest,1827,rsg_20260806_117_704899999_001827,dropped,True,fifo_cached_frame,1828,184,0,1642,184,0,1,0.0,38.7723379972158,frame_fifo_full,,,,,,,,,,,,,,,,,,,,,,,,,,,,,,,,,,,,,,,,,,,,,,,,,,,,,,,,,,,,,,
rsg_object_detection,dropped_oldest,1828,rsg_20260806_117_754900000_001828,dropped,True,fifo_cached_frame,1829,184,0,1643,184,0,1,0.0,49.32934799580835,frame_fifo_full,,,,,,,,,,,,,,,,,,,,,,,,,,,,,,,,,,,,,,,,,,,,,,,,,,,,,,,,,,,,,,
rsg_object_detection,dropped_oldest,1829,rsg_20260806_117_804900000_001829,dropped,True,fifo_cached_frame,1830,184,0,1644,184,0,1,0.0,99.20304200204555,frame_fifo_full,,,,,,,,,,,,,,,,,,,,,,,,,,,,,,,,,,,,,,,,,,,,,,,,,,,,,,,,,,,,,,
rsg_object_detection,dropped_oldest,1830,rsg_20260806_117_904899999_001830,dropped,True,fifo_cached_frame,1831,184,0,1645,184,0,1,0.0,103.49663799570408,frame_fifo_full,,,,,,,,,,,,,,,,,,,,,,,,,,,,,,,,,,,,,,,,,,,,,,,,,,,,,,,,,,,,,,
rsg_object_detection,dropped_oldest,1831,rsg_20260806_118_004900000_001831,dropped,True,fifo_cached_frame,1832,184,0,1646,184,0,1,0.0,63.697202000184916,frame_fifo_full,,,,,,,,,,,,,,,,,,,,,,,,,,,,,,,,,,,,,,,,,,,,,,,,,,,,,,,,,,,,,,
rsg_object_detection,dropped_oldest,1832,rsg_20260806_118_054900000_001832,dropped,True,fifo_cached_frame,1833,184,0,1647,184,0,1,0.0,59.56900300225243,frame_fifo_full,,,,,,,,,,,,,,,,,,,,,,,,,,,,,,,,,,,,,,,,,,,,,,,,,,,,,,,,,,,,,,
rsg_object_detection,dropped_oldest,1833,rsg_20260806_118_104900000_001833,dropped,True,fifo_cached_frame,1834,184,0,1648,184,0,1,0.0,26.00872599577997,frame_fifo_full,,,,,,,,,,,,,,,,,,,,,,,,,,,,,,,,,,,,,,,,,,,,,,,,,,,,,,,,,,,,,,
rsg_object_detection,dropped_oldest,1834,rsg_20260806_118_154899999_001834,dropped,True,fifo_cached_frame,1835,184,0,1649,184,0,1,0.0,58.57422300323378,frame_fifo_full,,,,,,,,,,,,,,,,,,,,,,,,,,,,,,,,,,,,,,,,,,,,,,,,,,,,,,,,,,,,,,
rsg_object_detection,frame_trace,1826,rsg_20260806_117_604900000_001826,sent_to_hydra,,,,,,,,,,,608.7599550082814,ok,13.067783002043143,495.9745410014875,97.19713100639638,0.134423011331819,97.06270799506456,0.005759007763117552,4.99662000220269,0.20200200378894806,295.3632630087668,19.11693900183309,0.00556798477191478,314.68777199916076,59.7743959951913,16.43372898979578,3.686533003929071,29.492713016225025,9.597457989002578,73.37782300601248,59.29753300733864,8.735373005038127,3.141770008369349,2.1523009927477688,693.0,253.0,3.4979710617335513,0.649332971079275,0.3360079717822373,1.4989380142651498,0.30129200604278594,0.004864006768912077,139.45841499662492,2.7190149994567037,0.15007000183686614,33.9213719998952,0.04127700231038034,8.476222996250726,7.830154994735494,0.10047400428447872,0.5455939972307533,3.8809840043541044,0.7038559997454286,0.00672000169288367,2.5147409905912355,8,0,8,0,0,,,,,,,,,,,,,,
rsg_object_detection,dropped_oldest,1836,rsg_20260806_118_254900000_001836,dropped,True,fifo_cached_frame,1837,185,0,1650,185,0,1,0.0,39.05539399420377,frame_fifo_full,,,,,,,,,,,,,,,,,,,,,,,,,,,,,,,,,,,,,,,,,,,,,,,,,,,,,,,,,,,,,,
rsg_object_detection,dropped_oldest,1837,rsg_20260806_118_304900000_001837,dropped,True,fifo_cached_frame,1838,185,0,1651,185,0,1,0.0,49.32797599758487,frame_fifo_full,,,,,,,,,,,,,,,,,,,,,,,,,,,,,,,,,,,,,,,,,,,,,,,,,,,,,,,,,,,,,,
rsg_object_detection,dropped_oldest,1838,rsg_20260806_118_354900000_001838,dropped,True,fifo_cached_frame,1839,185,0,1652,185,0,1,0.0,52.896854002028704,frame_fifo_full,,,,,,,,,,,,,,,,,,,,,,,,,,,,,,,,,,,,,,,,,,,,,,,,,,,,,,,,,,,,,,
rsg_object_detection,dropped_oldest,1839,rsg_20260806_118_404899999_001839,dropped,True,fifo_cached_frame,1840,185,0,1653,185,0,1,0.0,100.63252299732994,frame_fifo_full,,,,,,,,,,,,,,,,,,,,,,,,,,,,,,,,,,,,,,,,,,,,,,,,,,,,,,,,,,,,,,
rsg_object_detection,dropped_oldest,1840,rsg_20260806_118_504900000_001840,dropped,True,fifo_cached_frame,1841,185,0,1654,185,0,1,0.0,47.85604499920737,frame_fifo_full,,,,,,,,,,,,,,,,,,,,,,,,,,,,,,,,,,,,,,,,,,,,,,,,,,,,,,,,,,,,,,
rsg_object_detection,dropped_oldest,1841,rsg_20260806_118_554900000_001841,dropped,True,fifo_cached_frame,1842,185,0,1655,185,0,1,0.0,128.14482901012525,frame_fifo_full,,,,,,,,,,,,,,,,,,,,,,,,,,,,,,,,,,,,,,,,,,,,,,,,,,,,,,,,,,,,,,
rsg_object_detection,dropped_oldest,1842,rsg_20260806_118_654899999_001842,dropped,True,fifo_cached_frame,1843,185,0,1656,185,0,1,0.0,84.50245000130963,frame_fifo_full,,,,,,,,,,,,,,,,,,,,,,,,,,,,,,,,,,,,,,,,,,,,,,,,,,,,,,,,,,,,,,
rsg_object_detection,frame_trace,1835,rsg_20260806_118_204899999_001835,sent_to_hydra,,,,,,,,,,,567.1633500023745,ok,10.169133995077573,519.9335060024168,34.548914001788944,0.1329829974565655,34.41593100433238,0.004255998646840453,2.72394300554879,0.18917099805548787,297.68332600360736,28.5274699999718,0.007679002010263503,326.4076460036449,77.20246800454333,19.801886010100134,4.856726038269699,32.20673999749124,19.700261982507072,62.33422899094876,52.88229500001762,4.122151993215084,3.1354029924841598,2.150029002223164,704.0,255.0,3.239172976464033,0.8052260236581787,0.3671400045277551,1.3716510002268478,0.4416980082169175,0.004094996256753802,145.7811349973781,6.0613159876083955,0.17544400179758668,38.733592999051325,0.05042900738772005,5.777943995781243,5.146338007762097,0.09845699241850525,0.5331489956006408,3.5422869987087324,0.8431750029558316,0.005727997631765902,2.5075400044443086,8,0,8,0,0,,,,,,,,,,,,,,
rsg_object_detection,dropped_oldest,1844,rsg_20260806_118_804900000_001844,dropped,True,fifo_cached_frame,1845,186,0,1657,186,0,1,0.0,93.15706200140994,frame_fifo_full,,,,,,,,,,,,,,,,,,,,,,,,,,,,,,,,,,,,,,,,,,,,,,,,,,,,,,,,,,,,,,
rsg_object_detection,dropped_oldest,1845,rsg_20260806_118_904899999_001845,dropped,True,fifo_cached_frame,1846,186,0,1658,186,0,1,0.0,51.467926998157054,frame_fifo_full,,,,,,,,,,,,,,,,,,,,,,,,,,,,,,,,,,,,,,,,,,,,,,,,,,,,,,,,,,,,,,
rsg_object_detection,dropped_oldest,1846,rsg_20260806_118_954899999_001846,dropped,True,fifo_cached_frame,1847,186,0,1659,186,0,1,0.0,56.41328699130099,frame_fifo_full,,,,,,,,,,,,,,,,,,,,,,,,,,,,,,,,,,,,,,,,,,,,,,,,,,,,,,,,,,,,,,
rsg_object_detection,dropped_oldest,1847,rsg_20260806_119_004900000_001847,dropped,True,fifo_cached_frame,1848,186,0,1660,186,0,1,0.0,96.1869370075874,frame_fifo_full,,,,,,,,,,,,,,,,,,,,,,,,,,,,,,,,,,,,,,,,,,,,,,,,,,,,,,,,,,,,,,
rsg_object_detection,dropped_oldest,1848,rsg_20260806_119_104900000_001848,dropped,True,fifo_cached_frame,1849,186,0,1661,186,0,1,0.0,81.27892599441111,frame_fifo_full,,,,,,,,,,,,,,,,,,,,,,,,,,,,,,,,,,,,,,,,,,,,,,,,,,,,,,,,,,,,,,
rsg_object_detection,dropped_oldest,1849,rsg_20260806_119_154899999_001849,dropped,True,fifo_cached_frame,1850,186,0,1662,186,0,1,0.0,67.94424800318666,frame_fifo_full,,,,,,,,,,,,,,,,,,,,,,,,,,,,,,,,,,,,,,,,,,,,,,,,,,,,,,,,,,,,,,
rsg_object_detection,dropped_oldest,1850,rsg_20260806_119_254900000_001850,dropped,True,fifo_cached_frame,1851,186,0,1663,186,0,1,0.0,48.473447997821495,frame_fifo_full,,,,,,,,,,,,,,,,,,,,,,,,,,,,,,,,,,,,,,,,,,,,,,,,,,,,,,,,,,,,,,
rsg_object_detection,frame_trace,1843,rsg_20260806_118_754900000_001843,sent_to_hydra,,,,,,,,,,,543.5752019984648,ok,13.529578995076008,489.24705100944266,38.18790199875366,0.13807100185658783,38.04983099689707,0.0038080033846199512,5.266074993414804,0.22024099598638713,302.447291003773,14.23445699037984,0.006080008461140096,316.90806899860036,67.21789599396288,29.587526980321854,4.322521010180935,20.350618011434563,12.313756000366993,45.720030000666156,36.81721100292634,3.4217509964946657,3.16839299921412,2.2673659987049177,718.0,257.0,3.9671550184721127,0.6819049885962158,0.3945339994970709,1.5231929864967242,0.518875996931456,0.004448011168278754,120.04643600084819,11.545968009158969,0.1442139910068363,35.29536600399297,0.04092301242053509,8.959169004810974,8.297869004309177,0.11317600728943944,0.5481239932123572,3.8312600081553683,0.7328789943130687,0.006270987796597183,2.6068619918078184,8,0,8,0,0,,,,,,,,,,,,,,
rsg_object_detection,dropped_oldest,1852,rsg_20260806_119_354900000_001852,dropped,True,fifo_cached_frame,1853,187,0,1664,187,0,1,0.0,47.803349007153884,frame_fifo_full,,,,,,,,,,,,,,,,,,,,,,,,,,,,,,,,,,,,,,,,,,,,,,,,,,,,,,,,,,,,,,
rsg_object_detection,dropped_oldest,1853,rsg_20260806_119_404899999_001853,dropped,True,fifo_cached_frame,1854,187,0,1665,187,0,1,0.0,99.937475999468,frame_fifo_full,,,,,,,,,,,,,,,,,,,,,,,,,,,,,,,,,,,,,,,,,,,,,,,,,,,,,,,,,,,,,,
rsg_object_detection,dropped_oldest,1854,rsg_20260806_119_504900000_001854,dropped,True,fifo_cached_frame,1855,187,0,1666,187,0,1,0.0,54.246144005446695,frame_fifo_full,,,,,,,,,,,,,,,,,,,,,,,,,,,,,,,,,,,,,,,,,,,,,,,,,,,,,,,,,,,,,,
rsg_object_detection,dropped_oldest,1855,rsg_20260806_119_554900000_001855,dropped,True,fifo_cached_frame,1856,187,0,1667,187,0,1,0.0,97.31982999073807,frame_fifo_full,,,,,,,,,,,,,,,,,,,,,,,,,,,,,,,,,,,,,,,,,,,,,,,,,,,,,,,,,,,,,,
rsg_object_detection,dropped_oldest,1856,rsg_20260806_119_654899999_001856,dropped,True,fifo_cached_frame,1857,187,0,1668,187,0,1,0.0,115.46714199357666,frame_fifo_full,,,,,,,,,,,,,,,,,,,,,,,,,,,,,,,,,,,,,,,,,,,,,,,,,,,,,,,,,,,,,,
rsg_object_detection,dropped_oldest,1857,rsg_20260806_119_754900000_001857,dropped,True,fifo_cached_frame,1858,187,0,1669,187,0,1,0.0,61.12532500992529,frame_fifo_full,,,,,,,,,,,,,,,,,,,,,,,,,,,,,,,,,,,,,,,,,,,,,,,,,,,,,,,,,,,,,,
rsg_object_detection,frame_trace,1851,rsg_20260806_119_304900000_001851,sent_to_hydra,,,,,,,,,,,537.9500630078837,ok,13.353333997656591,491.21214599290397,30.825940004433505,0.14181400183588266,30.684126002597623,0.003231994924135506,1.6911169950617477,1.59966699720826,334.7263150062645,23.10345599835273,0.009216004400514066,359.438654006226,38.11501496238634,16.646167990984395,3.676293999888003,6.506183024612255,10.693033982533962,46.502124998369254,33.12248799193185,7.853290997445583,3.292737004812807,2.183403994422406,706.0,257.0,3.4680870012380183,1.0767910134745762,0.33255002927035093,1.5483110037166625,0.3060590097447857,0.0042560131987556815,91.37133699550759,2.7898590051336214,0.1673480001045391,35.704170004464686,0.0496609864057973,9.15992198861204,8.45814700005576,0.13493499136529863,0.5668399971909821,3.4483740018913522,0.7402379997074604,0.0048000074457377195,2.5554110179655254,8,0,8,0,0,,,,,,,,,,,,,,
rsg_object_detection,dropped_oldest,1859,rsg_20260806_119_854900000_001859,dropped,True,fifo_cached_frame,1860,188,0,1670,188,0,1,0.0,35.916218999773264,frame_fifo_full,,,,,,,,,,,,,,,,,,,,,,,,,,,,,,,,,,,,,,,,,,,,,,,,,,,,,,,,,,,,,,
rsg_object_detection,dropped_oldest,1860,rsg_20260806_119_904899999_001860,dropped,True,fifo_cached_frame,1861,188,0,1671,188,0,1,0.0,100.1793799950974,frame_fifo_full,,,,,,,,,,,,,,,,,,,,,,,,,,,,,,,,,,,,,,,,,,,,,,,,,,,,,,,,,,,,,,
rsg_object_detection,dropped_oldest,1861,rsg_20260806_120_004900000_001861,dropped,True,fifo_cached_frame,1862,188,0,1672,188,0,1,0.0,49.45274100464303,frame_fifo_full,,,,,,,,,,,,,,,,,,,,,,,,,,,,,,,,,,,,,,,,,,,,,,,,,,,,,,,,,,,,,,
rsg_object_detection,dropped_oldest,1862,rsg_20260806_120_054900000_001862,dropped,True,fifo_cached_frame,1863,188,0,1673,188,0,1,0.0,105.4281760007143,frame_fifo_full,,,,,,,,,,,,,,,,,,,,,,,,,,,,,,,,,,,,,,,,,,,,,,,,,,,,,,,,,,,,,,
rsg_object_detection,dropped_oldest,1863,rsg_20260806_120_154899999_001863,dropped,True,fifo_cached_frame,1864,188,0,1674,188,0,1,0.0,92.78423299838323,frame_fifo_full,,,,,,,,,,,,,,,,,,,,,,,,,,,,,,,,,,,,,,,,,,,,,,,,,,,,,,,,,,,,,,
rsg_object_detection,dropped_oldest,1864,rsg_20260806_120_254900000_001864,dropped,True,fifo_cached_frame,1865,188,0,1675,188,0,1,0.0,111.99263700109441,frame_fifo_full,,,,,,,,,,,,,,,,,,,,,,,,,,,,,,,,,,,,,,,,,,,,,,,,,,,,,,,,,,,,,,
rsg_object_detection,frame_trace,1858,rsg_20260806_119_804900000_001858,sent_to_hydra,,,,,,,,,,,545.5559600086417,ok,15.258615007041954,491.8475370068336,35.50978300336283,0.13941500219516456,35.37036800116766,0.005312002031132579,5.092902007163502,0.25735799863468856,330.3134629968554,15.331215996411629,0.0064950145315378904,345.90853200643323,42.46160002367105,20.271073008188978,3.408633012440987,7.447431009495631,10.566130993538536,45.89157900772989,34.24152098887134,5.589509994024411,3.6913980002282187,2.319747000001371,711.0,258.0,4.232993014738895,0.46560101327486336,0.41792294359765947,1.5890439972281456,0.8889949967851862,0.0050240050768479705,96.00107700680383,7.969443991896696,0.13710999337490648,36.68916299648117,0.049309004680253565,10.542902004090138,9.84669299214147,0.08847400022204965,0.6077350117266178,3.7218600045889616,0.9870690118987113,0.006783986464142799,2.9347129893722013,8,0,8,0,0,,,,,,,,,,,,,,
rsg_object_detection,dropped_oldest,1866,rsg_20260806_120_454899999_001866,dropped,True,fifo_cached_frame,1867,189,0,1676,189,0,1,0.0,50.01574799825903,frame_fifo_full,,,,,,,,,,,,,,,,,,,,,,,,,,,,,,,,,,,,,,,,,,,,,,,,,,,,,,,,,,,,,,
rsg_object_detection,dropped_oldest,1867,rsg_20260806_120_504900000_001867,dropped,True,fifo_cached_frame,1868,189,0,1677,189,0,1,0.0,51.97164700075518,frame_fifo_full,,,,,,,,,,,,,,,,,,,,,,,,,,,,,,,,,,,,,,,,,,,,,,,,,,,,,,,,,,,,,,
rsg_object_detection,dropped_oldest,1868,rsg_20260806_120_554900000_001868,dropped,True,fifo_cached_frame,1869,189,0,1678,189,0,1,0.0,48.65622399665881,frame_fifo_full,,,,,,,,,,,,,,,,,,,,,,,,,,,,,,,,,,,,,,,,,,,,,,,,,,,,,,,,,,,,,,
rsg_object_detection,dropped_oldest,1869,rsg_20260806_120_604900000_001869,dropped,True,fifo_cached_frame,1870,189,0,1679,189,0,1,0.0,54.10766300337855,frame_fifo_full,,,,,,,,,,,,,,,,,,,,,,,,,,,,,,,,,,,,,,,,,,,,,,,,,,,,,,,,,,,,,,
rsg_object_detection,dropped_oldest,1870,rsg_20260806_120_654899999_001870,dropped,True,fifo_cached_frame,1871,189,0,1680,189,0,1,0.0,111.38179799309,frame_fifo_full,,,,,,,,,,,,,,,,,,,,,,,,,,,,,,,,,,,,,,,,,,,,,,,,,,,,,,,,,,,,,,
rsg_object_detection,dropped_oldest,1871,rsg_20260806_120_754900000_001871,dropped,True,fifo_cached_frame,1872,189,0,1681,189,0,1,0.0,80.96936299989466,frame_fifo_full,,,,,,,,,,,,,,,,,,,,,,,,,,,,,,,,,,,,,,,,,,,,,,,,,,,,,,,,,,,,,,
rsg_object_detection,dropped_oldest,1872,rsg_20260806_120_804900000_001872,dropped,True,fifo_cached_frame,1873,189,0,1682,189,0,1,0.0,83.20921099220868,frame_fifo_full,,,,,,,,,,,,,,,,,,,,,,,,,,,,,,,,,,,,,,,,,,,,,,,,,,,,,,,,,,,,,,
rsg_object_detection,frame_trace,1865,rsg_20260806_120_354900000_001865,sent_to_hydra,,,,,,,,,,,583.0205989914248,ok,12.092972989194095,532.7888340107165,35.55999099626206,0.19022700143978,35.36976399482228,0.00384000304620713,1.8661459907889366,0.16878799942787737,359.71697499917354,23.09533099469263,0.0063680054154247046,382.9874619987095,46.49118700763211,15.954692993545905,3.516400989610702,16.07078300730791,10.206283986917697,51.047134009422734,42.10716400120873,3.2895689946599305,3.275809998740442,2.3305619979510084,713.0,258.0,4.006929026218131,0.7783799956087023,0.35152595955878496,1.4572770014638081,0.5191649979678914,0.004576009814627469,104.67415700259153,5.955788001301698,0.14731800183653831,37.11060600471683,0.047357010771520436,7.481861000997014,6.916332000400871,0.10517699411138892,0.4603520064847544,3.896567999618128,0.7097120105754584,0.0048319780034944415,2.574960992205888,8,0,8,0,0,,,,,,,,,,,,,,
rsg_object_detection,dropped_oldest,1874,rsg_20260806_121_004900000_001874,dropped,True,fifo_cached_frame,1875,190,0,1683,190,0,1,0.0,51.23886500950903,frame_fifo_full,,,,,,,,,,,,,,,,,,,,,,,,,,,,,,,,,,,,,,,,,,,,,,,,,,,,,,,,,,,,,,
rsg_object_detection,dropped_oldest,1875,rsg_20260806_121_054900000_001875,dropped,True,fifo_cached_frame,1876,190,0,1684,190,0,1,0.0,108.67503700137604,frame_fifo_full,,,,,,,,,,,,,,,,,,,,,,,,,,,,,,,,,,,,,,,,,,,,,,,,,,,,,,,,,,,,,,
rsg_object_detection,dropped_oldest,1876,rsg_20260806_121_154899999_001876,dropped,True,fifo_cached_frame,1877,190,0,1685,190,0,1,0.0,37.72915599984117,frame_fifo_full,,,,,,,,,,,,,,,,,,,,,,,,,,,,,,,,,,,,,,,,,,,,,,,,,,,,,,,,,,,,,,
rsg_object_detection,dropped_oldest,1877,rsg_20260806_121_204899999_001877,dropped,True,fifo_cached_frame,1878,190,0,1686,190,0,1,0.0,108.68966700218152,frame_fifo_full,,,,,,,,,,,,,,,,,,,,,,,,,,,,,,,,,,,,,,,,,,,,,,,,,,,,,,,,,,,,,,
rsg_object_detection,dropped_oldest,1878,rsg_20260806_121_304900000_001878,dropped,True,fifo_cached_frame,1879,190,0,1687,190,0,1,0.0,91.92101399821695,frame_fifo_full,,,,,,,,,,,,,,,,,,,,,,,,,,,,,,,,,,,,,,,,,,,,,,,,,,,,,,,,,,,,,,
rsg_object_detection,dropped_oldest,1879,rsg_20260806_121_404899999_001879,dropped,True,fifo_cached_frame,1880,190,0,1688,190,0,1,0.0,53.970428998582065,frame_fifo_full,,,,,,,,,,,,,,,,,,,,,,,,,,,,,,,,,,,,,,,,,,,,,,,,,,,,,,,,,,,,,,
rsg_object_detection,dropped_oldest,1880,rsg_20260806_121_454899999_001880,dropped,True,fifo_cached_frame,1881,190,0,1689,191,0,1,0.0,102.14256199833471,frame_fifo_full,,,,,,,,,,,,,,,,,,,,,,,,,,,,,,,,,,,,,,,,,,,,,,,,,,,,,,,,,,,,,,
rsg_object_detection,frame_trace,1873,rsg_20260806_120_904899999_001873,sent_to_hydra,,,,,,,,,,,604.8632439924404,ok,12.490770997828804,549.2175719991792,40.54314098902978,0.16661299741826952,40.37652799161151,0.0035520060919225216,1.3376690039876848,0.21278599160723388,382.84565799403936,18.41353801137302,0.006560003384947777,401.47854200040456,42.86404402228072,20.10686199355405,3.485523004201241,6.549477024236694,12.05617398954928,53.08847200649325,37.233609007671475,10.360579006373882,3.1214519985951483,2.323555003385991,722.0,260.0,3.828058994258754,1.6592489992035553,0.37239197990857065,1.4106879971222952,0.46019301225896925,0.004703004378825426,103.70511199289467,7.0181819901335984,0.1610449980944395,35.468223999487236,0.04879801417700946,7.935494999401271,7.281971993506886,0.09804101136978716,0.5554819945245981,3.718851992744021,0.8319759945152327,0.004448011168278754,2.6082080003106967,8,0,8,0,0,,,,,,,,,,,,,,
rsg_object_detection,,570,rsg_20260806_42_354880000_000570,vlm_failed,,,,,,,,,,,,"{""label"":""unknown_object"",""label_confidence"":0.0,""mobility_class"":""unknown"",""mobility_confidence"":0.0}",,,,,,,,,,,,,,,,,,,,,,,,,,,,,,,,,,,,,,,,,,,,,,,,,rsg_obj_000049,rsg_unknown_rsg_20260806_42_354880000_000570_003_nanosam_007,,,12,0.7000994206018638,unknown_object,0.0,unknown,0.0,5453.453943002387,79573.57169700845,qwen_http,Qwen3-VL-8B-Instruct-GGUF
rsg_object_detection,completed,570,rsg_20260806_42_354880000_000570,,,,,,,,,,,74120.11548200098,,vlm_failed,,,,,,,,,,,,,,,,,,,,,,,,,,,,,,,,,,,,,,,,,,,,,,,,,rsg_obj_000049,rsg_unknown_rsg_20260806_42_354880000_000570_003_nanosam_007,65,300,12,0.7000994206018638,,,,,,,,
rsg_object_detection,dequeued,489,rsg_20260806_37_254880000_000489,,,,,,,,,,,79558.01151000196,,fifo_order,,,,,,,,,,,,,,,,,,,,,,,,,,,,,,,,,,,,,,,,,,,,,,,,,rsg_obj_000050,rsg_unknown_rsg_20260806_37_254880000_000489_004_nanosam_001,64,300,3,0.43944889424900263,,,,,,,,
rsg_object_detection,dropped_oldest,1882,rsg_20260806_121_604900000_001882,dropped,True,fifo_cached_frame,1883,191,0,1690,191,0,1,0.0,35.80017000786029,frame_fifo_full,,,,,,,,,,,,,,,,,,,,,,,,,,,,,,,,,,,,,,,,,,,,,,,,,,,,,,,,,,,,,,
rsg_object_detection,dropped_oldest,1883,rsg_20260806_121_654899999_001883,dropped,True,fifo_cached_frame,1884,191,0,1691,191,0,1,0.0,50.59609799354803,frame_fifo_full,,,,,,,,,,,,,,,,,,,,,,,,,,,,,,,,,,,,,,,,,,,,,,,,,,,,,,,,,,,,,,
rsg_object_detection,dropped_oldest,1884,rsg_20260806_121_704899999_001884,dropped,True,fifo_cached_frame,1885,191,0,1692,191,0,1,0.0,103.28360600396991,frame_fifo_full,,,,,,,,,,,,,,,,,,,,,,,,,,,,,,,,,,,,,,,,,,,,,,,,,,,,,,,,,,,,,,
rsg_object_detection,dropped_oldest,1885,rsg_20260806_121_804900000_001885,dropped,True,fifo_cached_frame,1886,191,0,1693,191,0,1,0.0,57.87509299989324,frame_fifo_full,,,,,,,,,,,,,,,,,,,,,,,,,,,,,,,,,,,,,,,,,,,,,,,,,,,,,,,,,,,,,,
rsg_object_detection,dropped_oldest,1886,rsg_20260806_121_854900000_001886,dropped,True,fifo_cached_frame,1887,191,0,1694,191,0,1,0.0,59.28498199500609,frame_fifo_full,,,,,,,,,,,,,,,,,,,,,,,,,,,,,,,,,,,,,,,,,,,,,,,,,,,,,,,,,,,,,,
rsg_object_detection,dropped_oldest,1887,rsg_20260806_121_904899999_001887,dropped,True,fifo_cached_frame,1888,191,0,1695,191,0,1,0.0,64.10174400662072,frame_fifo_full,,,,,,,,,,,,,,,,,,,,,,,,,,,,,,,,,,,,,,,,,,,,,,,,,,,,,,,,,,,,,,
rsg_object_detection,frame_trace,1881,rsg_20260806_121_554900000_001881,sent_to_hydra,,,,,,,,,,,439.7799779981142,ok,11.496182007249445,421.5010869957041,4.317819999414496,0.1326630008406937,4.185156998573802,0.00553599966224283,6.185470003401861,0.29911599995102733,218.2082469953457,25.886567993438803,0.006592017598450184,244.40052300633397,65.83394702465739,15.724055003374815,3.8798330060672015,35.4462120012613,10.18843101337552,50.50218400720041,36.145171005045995,8.33527599752415,3.6564250040100887,2.3184669989859685,716.0,262.0,3.8514190237037838,0.9588789835106581,0.37267895822878927,1.39264200697653,0.7073760061757639,0.004670990165323019,123.6389640107518,10.093108998262323,0.14971799100749195,36.98834599344991,0.04495699249673635,7.07187398802489,6.479210001998581,0.09215400496032089,0.5005099810659885,3.61796299694106,0.8020889945328236,0.00425602775067091,2.459352996083908,8,0,8,0,0,,,,,,,,,,,,,,
rsg_object_detection,dropped_oldest,1889,rsg_20260806_122_054900000_001889,dropped,True,fifo_cached_frame,1890,192,0,1696,192,0,1,0.0,97.11336699547246,frame_fifo_full,,,,,,,,,,,,,,,,,,,,,,,,,,,,,,,,,,,,,,,,,,,,,,,,,,,,,,,,,,,,,,
rsg_object_detection,dropped_oldest,1890,rsg_20260806_122_154899999_001890,dropped,True,fifo_cached_frame,1891,192,0,1697,192,0,1,0.0,102.58003699709661,frame_fifo_full,,,,,,,,,,,,,,,,,,,,,,,,,,,,,,,,,,,,,,,,,,,,,,,,,,,,,,,,,,,,,,
rsg_object_detection,dropped_oldest,1891,rsg_20260806_122_254900000_001891,dropped,True,fifo_cached_frame,1892,192,0,1698,192,0,1,0.0,49.71280199242756,frame_fifo_full,,,,,,,,,,,,,,,,,,,,,,,,,,,,,,,,,,,,,,,,,,,,,,,,,,,,,,,,,,,,,,
rsg_object_detection,dropped_oldest,1892,rsg_20260806_122_304900000_001892,dropped,True,fifo_cached_frame,1893,192,0,1699,192,0,1,0.0,50.63366799731739,frame_fifo_full,,,,,,,,,,,,,,,,,,,,,,,,,,,,,,,,,,,,,,,,,,,,,,,,,,,,,,,,,,,,,,
rsg_object_detection,dropped_oldest,1893,rsg_20260806_122_354900000_001893,dropped,True,fifo_cached_frame,1894,192,0,1700,192,0,1,0.0,49.58602700207848,frame_fifo_full,,,,,,,,,,,,,,,,,,,,,,,,,,,,,,,,,,,,,,,,,,,,,,,,,,,,,,,,,,,,,,
rsg_object_detection,dropped_oldest,1894,rsg_20260806_122_404899999_001894,dropped,True,fifo_cached_frame,1895,192,0,1701,192,0,1,0.0,71.45910900726449,frame_fifo_full,,,,,,,,,,,,,,,,,,,,,,,,,,,,,,,,,,,,,,,,,,,,,,,,,,,,,,,,,,,,,,
rsg_object_detection,dropped_oldest,1895,rsg_20260806_122_454899999_001895,dropped,True,fifo_cached_frame,1896,192,0,1702,193,0,1,0.0,101.84105699590873,frame_fifo_full,,,,,,,,,,,,,,,,,,,,,,,,,,,,,,,,,,,,,,,,,,,,,,,,,,,,,,,,,,,,,,
rsg_object_detection,frame_trace,1888,rsg_20260806_121_954899999_001888,sent_to_hydra,,,,,,,,,,,569.012482999824,ok,12.181193000287749,515.8037600049283,36.80634299234953,0.12818399409297854,36.67815899825655,0.005952009814791381,1.1068370076827705,0.25758298579603434,342.4752449936932,15.90260601369664,0.0073260016506537795,358.6427599948365,59.52842498663813,21.4057240227703,5.334297035005875,16.97408799373079,14.838358998531476,52.1523170027649,41.967373006627895,3.214886994101107,4.688002998591401,2.236776999779977,723.0,265.0,3.601133998017758,0.940799989621155,0.3410980280023068,1.3996179914101958,0.2971960057038814,0.004574991180561483,118.28113000956364,2.939929996500723,0.18475599063094705,34.58911999769043,0.05922700802329928,7.7668029989581555,6.997383999987505,0.12581600458361208,0.643602994387038,3.718692998518236,0.6908329960424453,0.004864006768912077,4.215234992443584,8,0,8,0,0,,,,,,,,,,,,,,
rsg_object_detection,dropped_oldest,1897,rsg_20260806_122_604900000_001897,dropped,True,fifo_cached_frame,1898,193,0,1703,193,0,1,0.0,96.95549900061451,frame_fifo_full,,,,,,,,,,,,,,,,,,,,,,,,,,,,,,,,,,,,,,,,,,,,,,,,,,,,,,,,,,,,,,
rsg_object_detection,dropped_oldest,1898,rsg_20260806_122_704899999_001898,dropped,True,fifo_cached_frame,1899,193,0,1704,193,0,1,0.0,40.017008999711834,frame_fifo_full,,,,,,,,,,,,,,,,,,,,,,,,,,,,,,,,,,,,,,,,,,,,,,,,,,,,,,,,,,,,,,
rsg_object_detection,dropped_oldest,1899,rsg_20260806_122_754900000_001899,dropped,True,fifo_cached_frame,1900,193,0,1705,193,0,1,0.0,101.82649799389765,frame_fifo_full,,,,,,,,,,,,,,,,,,,,,,,,,,,,,,,,,,,,,,,,,,,,,,,,,,,,,,,,,,,,,,
rsg_object_detection,dropped_oldest,1900,rsg_20260806_122_854900000_001900,dropped,True,fifo_cached_frame,1901,193,0,1706,193,0,1,0.0,73.09688700479455,frame_fifo_full,,,,,,,,,,,,,,,,,,,,,,,,,,,,,,,,,,,,,,,,,,,,,,,,,,,,,,,,,,,,,,
rsg_object_detection,dropped_oldest,1901,rsg_20260806_122_904899999_001901,dropped,True,fifo_cached_frame,1902,193,0,1707,193,0,1,0.0,65.21505099954084,frame_fifo_full,,,,,,,,,,,,,,,,,,,,,,,,,,,,,,,,,,,,,,,,,,,,,,,,,,,,,,,,,,,,,,
rsg_object_detection,dropped_oldest,1902,rsg_20260806_122_954899999_001902,dropped,True,fifo_cached_frame,1903,193,0,1708,193,0,1,0.0,24.139521992765367,frame_fifo_full,,,,,,,,,,,,,,,,,,,,,,,,,,,,,,,,,,,,,,,,,,,,,,,,,,,,,,,,,,,,,,
rsg_object_detection,frame_trace,1896,rsg_20260806_122_554900000_001896,sent_to_hydra,,,,,,,,,,,502.05463101156056,ok,10.395298013463616,484.98218500753865,4.138247997616418,0.14373401063494384,3.994513986981474,0.003455992555245757,2.0575569942593575,0.18133199773728848,277.868621997186,19.233133003581315,0.006144007784314454,297.2892310062889,56.055764987831935,15.89908696769271,4.137477997574024,25.420714999199845,10.043032016255893,85.24771399970632,74.64430198888294,6.123425991972908,2.2628230071859434,2.175116998841986,664.0,267.0,2.7848039899254218,0.7711160142207518,0.3138669999316335,1.3131910091033205,0.5074219952803105,0.00435100810136646,147.01384499494452,4.7671659995103255,0.16702900757081807,33.64121499180328,0.046142013161443174,5.879762989934534,5.235997989075258,0.10041000496130437,0.5433549958979711,3.8620429986622185,0.6486920028692111,0.004800021997652948,2.535444000386633,7,0,7,0,0,,,,,,,,,,,,,,
rsg_object_detection,dropped_oldest,1904,rsg_20260806_123_104900000_001904,dropped,True,fifo_cached_frame,1905,194,0,1709,194,0,1,0.0,45.55087500193622,frame_fifo_full,,,,,,,,,,,,,,,,,,,,,,,,,,,,,,,,,,,,,,,,,,,,,,,,,,,,,,,,,,,,,,
rsg_object_detection,dropped_oldest,1905,rsg_20260806_123_154899999_001905,dropped,True,fifo_cached_frame,1906,194,0,1710,194,0,1,0.0,52.12825500348117,frame_fifo_full,,,,,,,,,,,,,,,,,,,,,,,,,,,,,,,,,,,,,,,,,,,,,,,,,,,,,,,,,,,,,,
rsg_object_detection,dropped_oldest,1906,rsg_20260806_123_204899999_001906,dropped,True,fifo_cached_frame,1907,194,0,1711,194,0,1,0.0,95.4016239993507,frame_fifo_full,,,,,,,,,,,,,,,,,,,,,,,,,,,,,,,,,,,,,,,,,,,,,,,,,,,,,,,,,,,,,,
rsg_object_detection,dropped_oldest,1907,rsg_20260806_123_304900000_001907,dropped,True,fifo_cached_frame,1908,194,0,1712,194,0,1,0.0,111.40138200426009,frame_fifo_full,,,,,,,,,,,,,,,,,,,,,,,,,,,,,,,,,,,,,,,,,,,,,,,,,,,,,,,,,,,,,,
rsg_object_detection,dropped_oldest,1908,rsg_20260806_123_404899999_001908,dropped,True,fifo_cached_frame,1909,194,0,1713,194,0,1,0.0,195.48598199617118,frame_fifo_full,,,,,,,,,,,,,,,,,,,,,,,,,,,,,,,,,,,,,,,,,,,,,,,,,,,,,,,,,,,,,,
rsg_object_detection,dropped_oldest,1909,rsg_20260806_123_504900000_001909,dropped,True,fifo_cached_frame,1910,194,0,1714,194,0,1,0.0,5.736253006034531,frame_fifo_full,,,,,,,,,,,,,,,,,,,,,,,,,,,,,,,,,,,,,,,,,,,,,,,,,,,,,,,,,,,,,,
rsg_object_detection,dropped_oldest,1910,rsg_20260806_123_554900000_001910,dropped,True,fifo_cached_frame,1911,194,0,1715,194,0,1,0.0,10.505851998459548,frame_fifo_full,,,,,,,,,,,,,,,,,,,,,,,,,,,,,,,,,,,,,,,,,,,,,,,,,,,,,,,,,,,,,,
rsg_object_detection,frame_trace,1903,rsg_20260806_123_004900000_001903,sent_to_hydra,,,,,,,,,,,610.6032399984542,ok,23.57828099047765,494.5882899919525,89.58306899876334,0.1318949944106862,89.45117400435265,0.0042869942262768745,7.268628993188031,0.35824699443764985,313.4765069989953,18.281359007232822,0.007807000656612217,332.1239200013224,54.25755598116666,14.85762199445162,4.627782982424833,24.189439980546013,10.073400000692345,44.80561800301075,32.37631199590396,2.9667760099982843,7.236215999000706,2.1772610052721575,663.0,268.0,3.6422510020202026,9.790314972633496,0.41062904347199947,1.4389749994734302,0.8011940080905333,0.005087000317871571,115.16771999595221,6.659935010247864,0.14338199980556965,33.182113998918794,0.042589992517605424,16.077027001301758,15.410287989652716,0.09679399954620749,0.5699450121028349,3.3502699952805415,4.145257000345737,0.005726993549615145,2.849313023034483,7,0,7,0,0,,,,,,,,,,,,,,
rsg_object_detection,dropped_oldest,1912,rsg_20260806_123_654899999_001912,dropped,True,fifo_cached_frame,1913,195,0,1716,195,0,1,0.0,96.49115600041114,frame_fifo_full,,,,,,,,,,,,,,,,,,,,,,,,,,,,,,,,,,,,,,,,,,,,,,,,,,,,,,,,,,,,,,
rsg_object_detection,dropped_oldest,1913,rsg_20260806_123_754900000_001913,dropped,True,fifo_cached_frame,1914,195,0,1717,195,0,1,0.0,102.04479700769298,frame_fifo_full,,,,,,,,,,,,,,,,,,,,,,,,,,,,,,,,,,,,,,,,,,,,,,,,,,,,,,,,,,,,,,
rsg_object_detection,dropped_oldest,1914,rsg_20260806_123_854900000_001914,dropped,True,fifo_cached_frame,1915,195,0,1718,195,0,1,0.0,49.500117005663924,frame_fifo_full,,,,,,,,,,,,,,,,,,,,,,,,,,,,,,,,,,,,,,,,,,,,,,,,,,,,,,,,,,,,,,
rsg_object_detection,dropped_oldest,1915,rsg_20260806_123_904899999_001915,dropped,True,fifo_cached_frame,1916,195,0,1719,195,0,1,0.0,112.25934000685811,frame_fifo_full,,,,,,,,,,,,,,,,,,,,,,,,,,,,,,,,,,,,,,,,,,,,,,,,,,,,,,,,,,,,,,
rsg_object_detection,dropped_oldest,1916,rsg_20260806_124_004900000_001916,dropped,True,fifo_cached_frame,1917,195,0,1720,195,0,1,0.0,36.85223500360735,frame_fifo_full,,,,,,,,,,,,,,,,,,,,,,,,,,,,,,,,,,,,,,,,,,,,,,,,,,,,,,,,,,,,,,
rsg_object_detection,dropped_oldest,1917,rsg_20260806_124_054900000_001917,dropped,True,fifo_cached_frame,1918,195,0,1721,195,0,1,0.0,69.93733100534882,frame_fifo_full,,,,,,,,,,,,,,,,,,,,,,,,,,,,,,,,,,,,,,,,,,,,,,,,,,,,,,,,,,,,,,
rsg_object_detection,dropped_oldest,1918,rsg_20260806_124_104900000_001918,dropped,True,fifo_cached_frame,1919,195,0,1722,195,0,1,0.0,57.97177000204101,frame_fifo_full,,,,,,,,,,,,,,,,,,,,,,,,,,,,,,,,,,,,,,,,,,,,,,,,,,,,,,,,,,,,,,
rsg_object_detection,dropped_oldest,1919,rsg_20260806_124_154899999_001919,dropped,True,fifo_cached_frame,1920,195,0,1723,196,0,1,0.0,38.22420600045007,frame_fifo_full,,,,,,,,,,,,,,,,,,,,,,,,,,,,,,,,,,,,,,,,,,,,,,,,,,,,,,,,,,,,,,
rsg_object_detection,frame_trace,1911,rsg_20260806_123_604900000_001911,sent_to_hydra,,,,,,,,,,,571.8054000026314,ok,11.898589000338688,528.9679379930021,28.371910011628643,0.1299110008403659,28.241999010788277,0.0030719966161996126,5.168226998648606,0.22270499903243035,346.9891400018241,21.97858100407757,0.007327995263040066,369.19775400019716,59.59351600904483,17.296144986175932,4.510640006628819,19.769514023209922,17.37978901655879,46.36749600467738,31.191719986964017,10.693613992771134,2.3193959932541475,2.1145130012882873,654.0,268.0,3.391386999282986,0.8782450022408739,0.3062199830310419,1.4109129988355562,0.8417359931627288,0.006783011485822499,112.81232700275723,7.709272002102807,0.15064599574543536,33.88625799561851,0.04345399793237448,5.222272011451423,4.661221988499165,0.10312900121789426,0.45792102173436433,3.7846729974262416,2.8868130029877648,0.0048309884732589126,2.563891001045704,7,0,7,0,0,,,,,,,,,,,,,,
rsg_object_detection,dropped_oldest,1921,rsg_20260806_124_304900000_001921,dropped,True,fifo_cached_frame,1922,196,0,1724,196,0,1,0.0,57.539643996278755,frame_fifo_full,,,,,,,,,,,,,,,,,,,,,,,,,,,,,,,,,,,,,,,,,,,,,,,,,,,,,,,,,,,,,,
rsg_object_detection,dropped_oldest,1922,rsg_20260806_124_354900000_001922,dropped,True,fifo_cached_frame,1923,196,0,1725,196,0,1,0.0,145.0934909953503,frame_fifo_full,,,,,,,,,,,,,,,,,,,,,,,,,,,,,,,,,,,,,,,,,,,,,,,,,,,,,,,,,,,,,,
rsg_object_detection,dropped_oldest,1923,rsg_20260806_124_504900000_001923,dropped,True,fifo_cached_frame,1924,196,0,1726,196,0,1,0.0,51.29894499259535,frame_fifo_full,,,,,,,,,,,,,,,,,,,,,,,,,,,,,,,,,,,,,,,,,,,,,,,,,,,,,,,,,,,,,,
rsg_object_detection,dropped_oldest,1924,rsg_20260806_124_554900000_001924,dropped,True,fifo_cached_frame,1925,196,0,1727,196,0,1,0.0,109.55745400860906,frame_fifo_full,,,,,,,,,,,,,,,,,,,,,,,,,,,,,,,,,,,,,,,,,,,,,,,,,,,,,,,,,,,,,,
rsg_object_detection,dropped_oldest,1925,rsg_20260806_124_654899999_001925,dropped,True,fifo_cached_frame,1926,196,0,1728,196,0,1,0.0,53.039243997773156,frame_fifo_full,,,,,,,,,,,,,,,,,,,,,,,,,,,,,,,,,,,,,,,,,,,,,,,,,,,,,,,,,,,,,,
rsg_object_detection,dropped_oldest,1926,rsg_20260806_124_704899999_001926,dropped,True,fifo_cached_frame,1927,196,0,1729,196,0,1,0.0,36.59462300129235,frame_fifo_full,,,,,,,,,,,,,,,,,,,,,,,,,,,,,,,,,,,,,,,,,,,,,,,,,,,,,,,,,,,,,,
rsg_object_detection,dropped_oldest,1927,rsg_20260806_124_754900000_001927,dropped,True,fifo_cached_frame,1928,196,0,1730,196,0,1,0.0,45.75819800083991,frame_fifo_full,,,,,,,,,,,,,,,,,,,,,,,,,,,,,,,,,,,,,,,,,,,,,,,,,,,,,,,,,,,,,,
rsg_object_detection,frame_trace,1920,rsg_20260806_124_204899999_001920,sent_to_hydra,,,,,,,,,,,595.2965430042241,ok,9.39216800907161,578.8228369929129,4.6817639959044755,0.1922109950101003,4.489553000894375,0.0029759976314380765,1.0879909968934953,0.19109099230263382,311.8130439979723,36.12742299446836,0.008319009793922305,348.1398769945372,103.17849302373361,31.786338993697427,3.7849950313102454,48.66219601535704,18.223733000922948,75.227797991829,64.4023820059374,5.186306007090025,3.178537997882813,2.4135970015777275,686.0,269.0,4.1525850392645225,4.8708399990573525,0.42931194184347987,1.7084290011553094,0.33802600228227675,0.0063350016716867685,189.93123999098316,3.626923993579112,0.1626450102776289,35.833458008710295,0.04070199793204665,5.047212995123118,4.46293200366199,0.10303300223313272,0.4812479892279953,3.6327799898572266,0.7066399994073436,0.005535024683922529,2.3967980087036267,8,0,8,0,0,,,,,,,,,,,,,,
rsg_object_detection,dropped_oldest,1929,rsg_20260806_124_904899999_001929,dropped,True,fifo_cached_frame,1930,197,0,1731,197,0,1,0.0,104.30606298905332,frame_fifo_full,,,,,,,,,,,,,,,,,,,,,,,,,,,,,,,,,,,,,,,,,,,,,,,,,,,,,,,,,,,,,,
rsg_object_detection,dropped_oldest,1930,rsg_20260806_125_004900000_001930,dropped,True,fifo_cached_frame,1931,197,0,1732,197,0,1,0.0,50.27328598953318,frame_fifo_full,,,,,,,,,,,,,,,,,,,,,,,,,,,,,,,,,,,,,,,,,,,,,,,,,,,,,,,,,,,,,,
rsg_object_detection,dropped_oldest,1931,rsg_20260806_125_054900000_001931,dropped,True,fifo_cached_frame,1932,197,0,1733,197,0,1,0.0,97.24420199927408,frame_fifo_full,,,,,,,,,,,,,,,,,,,,,,,,,,,,,,,,,,,,,,,,,,,,,,,,,,,,,,,,,,,,,,
rsg_object_detection,dropped_oldest,1932,rsg_20260806_125_154899999_001932,dropped,True,fifo_cached_frame,1933,197,0,1734,197,0,1,0.0,77.19966399599798,frame_fifo_full,,,,,,,,,,,,,,,,,,,,,,,,,,,,,,,,,,,,,,,,,,,,,,,,,,,,,,,,,,,,,,
rsg_object_detection,dropped_oldest,1933,rsg_20260806_125_204899999_001933,dropped,True,fifo_cached_frame,1934,197,0,1735,197,0,1,0.0,86.48278999316972,frame_fifo_full,,,,,,,,,,,,,,,,,,,,,,,,,,,,,,,,,,,,,,,,,,,,,,,,,,,,,,,,,,,,,,
rsg_object_detection,frame_trace,1928,rsg_20260806_124_804900000_001928,sent_to_hydra,,,,,,,,,,,526.3334229966858,ok,14.250849999370985,474.2436170054134,33.393431003787555,0.132535002194345,33.26089600159321,0.007134993211366236,1.0411450057290494,0.18936299602501094,297.2122710052645,22.503347994643264,0.006432004738599062,319.91141400067136,69.40041501366068,17.13481399929151,4.156680995947681,31.484917984926142,15.837783008464612,41.32268999819644,32.75616199243814,3.369629994267598,3.029908999451436,2.126160994521342,678.0,271.0,3.877723982441239,1.0531120205996558,0.4498249909374863,1.4340799971250817,0.4179880052106455,0.005023000994697213,117.97656799899414,2.714729998842813,0.1279279968002811,32.42649100138806,0.04534100298769772,9.438916997169144,8.696695003891364,0.11000900121871382,0.6322129920590669,4.032753000501543,0.7737400010228157,0.005440000677481294,4.438389994902536,8,0,8,0,0,,,,,,,,,,,,,,
rsg_object_detection,dropped_oldest,1935,rsg_20260806_125_354900000_001935,dropped,True,fifo_cached_frame,1936,198,0,1736,198,0,1,0.0,95.09488400362898,frame_fifo_full,,,,,,,,,,,,,,,,,,,,,,,,,,,,,,,,,,,,,,,,,,,,,,,,,,,,,,,,,,,,,,
rsg_object_detection,dropped_oldest,1936,rsg_20260806_125_454899999_001936,dropped,True,fifo_cached_frame,1937,198,0,1737,198,0,1,0.0,99.66468998754863,frame_fifo_full,,,,,,,,,,,,,,,,,,,,,,,,,,,,,,,,,,,,,,,,,,,,,,,,,,,,,,,,,,,,,,
rsg_object_detection,dropped_oldest,1937,rsg_20260806_125_554900000_001937,dropped,True,fifo_cached_frame,1938,198,0,1738,198,0,1,0.0,102.88524099451024,frame_fifo_full,,,,,,,,,,,,,,,,,,,,,,,,,,,,,,,,,,,,,,,,,,,,,,,,,,,,,,,,,,,,,,
rsg_object_detection,dropped_oldest,1938,rsg_20260806_125_654899999_001938,dropped,True,fifo_cached_frame,1939,198,0,1739,198,0,1,0.0,48.01801899156999,frame_fifo_full,,,,,,,,,,,,,,,,,,,,,,,,,,,,,,,,,,,,,,,,,,,,,,,,,,,,,,,,,,,,,,
rsg_object_detection,dropped_oldest,1939,rsg_20260806_125_704899999_001939,dropped,True,fifo_cached_frame,1940,198,0,1740,198,0,1,0.0,64.0757549990667,frame_fifo_full,,,,,,,,,,,,,,,,,,,,,,,,,,,,,,,,,,,,,,,,,,,,,,,,,,,,,,,,,,,,,,
rsg_object_detection,dropped_oldest,1940,rsg_20260806_125_754900000_001940,dropped,True,fifo_cached_frame,1941,198,0,1741,199,0,1,0.0,95.6043540063547,frame_fifo_full,,,,,,,,,,,,,,,,,,,,,,,,,,,,,,,,,,,,,,,,,,,,,,,,,,,,,,,,,,,,,,
rsg_object_detection,frame_trace,1934,rsg_20260806_125_304900000_001934,sent_to_hydra,,,,,,,,,,,521.1855250090593,ok,10.46422400395386,471.4617970021209,36.89143901283387,0.14757399912923574,36.743865013704635,0.0020800071069970727,5.280315992422402,0.2543190057622269,307.5350610015448,22.75968600588385,0.006782982381992042,330.5558489955729,46.44174102577381,22.52930098620709,3.8516760105267167,8.987425957457162,10.35955801489763,48.65583199716639,27.108672002214007,15.57626499561593,3.321121010230854,2.5908660027198493,687.0,273.0,3.3811149623943493,0.42963602754753083,0.36029599141329527,1.3581170060206205,0.26436599728185683,0.006144007784314454,100.91394900518935,4.064334993017837,0.14053500490263104,30.457152010058053,0.04966100095771253,5.043885001214221,4.371386006823741,0.1018170005409047,0.5706819938495755,4.676644995925017,0.738957998692058,0.004736008122563362,2.365984983043745,8,0,8,0,0,,,,,,,,,,,,,,
rsg_object_detection,dropped_oldest,1942,rsg_20260806_125_954899999_001942,dropped,True,fifo_cached_frame,1943,199,0,1742,199,0,1,0.0,53.08695799612906,frame_fifo_full,,,,,,,,,,,,,,,,,,,,,,,,,,,,,,,,,,,,,,,,,,,,,,,,,,,,,,,,,,,,,,
rsg_object_detection,dropped_oldest,1943,rsg_20260806_126_004900000_001943,dropped,True,fifo_cached_frame,1944,199,0,1743,199,0,1,0.0,59.920451007201336,frame_fifo_full,,,,,,,,,,,,,,,,,,,,,,,,,,,,,,,,,,,,,,,,,,,,,,,,,,,,,,,,,,,,,,
rsg_object_detection,dropped_oldest,1944,rsg_20260806_126_054900000_001944,dropped,True,fifo_cached_frame,1945,199,0,1744,199,0,1,0.0,42.40441300498787,frame_fifo_full,,,,,,,,,,,,,,,,,,,,,,,,,,,,,,,,,,,,,,,,,,,,,,,,,,,,,,,,,,,,,,
rsg_object_detection,dropped_oldest,1945,rsg_20260806_126_104900000_001945,dropped,True,fifo_cached_frame,1946,199,0,1745,199,0,1,0.0,153.71974199661054,frame_fifo_full,,,,,,,,,,,,,,,,,,,,,,,,,,,,,,,,,,,,,,,,,,,,,,,,,,,,,,,,,,,,,,
rsg_object_detection,dropped_oldest,1946,rsg_20260806_126_254900000_001946,dropped,True,fifo_cached_frame,1947,199,0,1746,199,0,1,0.0,55.073998009902425,frame_fifo_full,,,,,,,,,,,,,,,,,,,,,,,,,,,,,,,,,,,,,,,,,,,,,,,,,,,,,,,,,,,,,,
rsg_object_detection,frame_trace,1941,rsg_20260806_125_854900000_001941,sent_to_hydra,,,,,,,,,,,462.1291199873667,ok,13.535602993215434,439.21741099620704,6.992457987507805,0.12965498899575323,6.862802998512052,0.003200009814463556,1.1208200012333691,0.1755720004439354,263.0609650077531,16.17459200497251,0.006463989848271012,279.4175930030178,61.575794010423124,14.394936995813623,3.7750419724034145,32.47173500130884,10.375268990173936,55.87249998643529,48.748369998065755,2.8165780095150694,2.349250004044734,1.913184009026736,630.0,273.0,2.9250190127640963,1.3245839945739135,0.3140920016448945,1.3922579964855686,0.5973359948256984,0.004512010491453111,124.02388600457925,3.8118719967314973,0.1442789944121614,30.654901012894697,0.04405998333822936,8.784338002442382,8.124318002955988,0.12648699339479208,0.5335330060916021,3.738341009011492,1.0078689956571907,0.0050549861043691635,2.380448000621982,7,0,7,0,0,,,,,,,,,,,,,,
rsg_object_detection,dropped_oldest,1948,rsg_20260806_126_404899999_001948,dropped,True,fifo_cached_frame,1949,200,0,1747,200,0,1,0.0,45.19139700278174,frame_fifo_full,,,,,,,,,,,,,,,,,,,,,,,,,,,,,,,,,,,,,,,,,,,,,,,,,,,,,,,,,,,,,,
rsg_object_detection,dropped_oldest,1949,rsg_20260806_126_454899999_001949,dropped,True,fifo_cached_frame,1950,200,0,1748,200,0,1,0.0,99.99821199744474,frame_fifo_full,,,,,,,,,,,,,,,,,,,,,,,,,,,,,,,,,,,,,,,,,,,,,,,,,,,,,,,,,,,,,,
rsg_object_detection,dropped_oldest,1950,rsg_20260806_126_554900000_001950,dropped,True,fifo_cached_frame,1951,200,0,1749,200,0,1,0.0,49.9081370071508,frame_fifo_full,,,,,,,,,,,,,,,,,,,,,,,,,,,,,,,,,,,,,,,,,,,,,,,,,,,,,,,,,,,,,,
rsg_object_detection,dropped_oldest,1951,rsg_20260806_126_604900000_001951,dropped,True,fifo_cached_frame,1952,200,0,1750,200,0,1,0.0,49.868010988575406,frame_fifo_full,,,,,,,,,,,,,,,,,,,,,,,,,,,,,,,,,,,,,,,,,,,,,,,,,,,,,,,,,,,,,,
rsg_object_detection,dropped_oldest,1952,rsg_20260806_126_654899999_001952,dropped,True,fifo_cached_frame,1953,200,0,1751,200,0,1,0.0,123.07704599516,frame_fifo_full,,,,,,,,,,,,,,,,,,,,,,,,,,,,,,,,,,,,,,,,,,,,,,,,,,,,,,,,,,,,,,
rsg_object_detection,dropped_oldest,1953,rsg_20260806_126_754900000_001953,dropped,True,fifo_cached_frame,1954,200,0,1752,200,0,1,0.0,108.42075101390947,frame_fifo_full,,,,,,,,,,,,,,,,,,,,,,,,,,,,,,,,,,,,,,,,,,,,,,,,,,,,,,,,,,,,,,
rsg_object_detection,frame_trace,1947,rsg_20260806_126_304900000_001947,sent_to_hydra,,,,,,,,,,,584.4103540002834,ok,11.037497999495827,539.4694679998793,31.79025001008995,0.39757401100359857,31.39267599908635,0.0028479989850893617,4.793405998498201,0.20705799397546798,371.71014200430363,11.70622200879734,0.007070993888191879,383.63049300096463,52.70954902516678,13.490517972968519,3.70135300909169,24.456406026729383,10.498718009330332,59.59545400401112,37.20559799694456,16.986507005640306,3.4549359988886863,1.9028809911105782,578.0,275.0,2.546579999034293,0.7228329923236743,0.3061539900954813,1.1422599927755073,0.338697005645372,0.005566995241679251,117.3836689995369,2.3358749895123765,0.13250300253275782,31.15656400041189,0.036958008422516286,5.486927009769715,4.9353490030625835,0.09634600428398699,0.4552320024231449,3.6011660122312605,1.9426850049057975,0.006719972589053214,2.1102899918332696,6,0,6,0,0,,,,,,,,,,,,,,
rsg_object_detection,dropped_oldest,1955,rsg_20260806_126_904899999_001955,dropped,True,fifo_cached_frame,1956,201,0,1753,201,0,1,0.0,79.62028498877771,frame_fifo_full,,,,,,,,,,,,,,,,,,,,,,,,,,,,,,,,,,,,,,,,,,,,,,,,,,,,,,,,,,,,,,
rsg_object_detection,dropped_oldest,1956,rsg_20260806_127_004900000_001956,dropped,True,fifo_cached_frame,1957,201,0,1754,201,0,1,0.0,49.2608200001996,frame_fifo_full,,,,,,,,,,,,,,,,,,,,,,,,,,,,,,,,,,,,,,,,,,,,,,,,,,,,,,,,,,,,,,
rsg_object_detection,dropped_oldest,1957,rsg_20260806_127_054900000_001957,dropped,True,fifo_cached_frame,1958,201,0,1755,201,0,1,0.0,54.71543000021484,frame_fifo_full,,,,,,,,,,,,,,,,,,,,,,,,,,,,,,,,,,,,,,,,,,,,,,,,,,,,,,,,,,,,,,
rsg_object_detection,dropped_oldest,1958,rsg_20260806_127_104900000_001958,dropped,True,fifo_cached_frame,1959,201,0,1756,201,0,1,0.0,99.4239790015854,frame_fifo_full,,,,,,,,,,,,,,,,,,,,,,,,,,,,,,,,,,,,,,,,,,,,,,,,,,,,,,,,,,,,,,
rsg_object_detection,dropped_oldest,1959,rsg_20260806_127_204899999_001959,dropped,True,fifo_cached_frame,1960,201,0,1757,201,0,1,0.0,46.702527994057164,frame_fifo_full,,,,,,,,,,,,,,,,,,,,,,,,,,,,,,,,,,,,,,,,,,,,,,,,,,,,,,,,,,,,,,
rsg_object_detection,dropped_oldest,1960,rsg_20260806_127_254900000_001960,dropped,True,fifo_cached_frame,1961,201,0,1758,201,0,1,0.0,99.65530098997988,frame_fifo_full,,,,,,,,,,,,,,,,,,,,,,,,,,,,,,,,,,,,,,,,,,,,,,,,,,,,,,,,,,,,,,
rsg_object_detection,dropped_oldest,1961,rsg_20260806_127_354900000_001961,dropped,True,fifo_cached_frame,1962,201,0,1759,201,0,1,0.0,61.89562499639578,frame_fifo_full,,,,,,,,,,,,,,,,,,,,,,,,,,,,,,,,,,,,,,,,,,,,,,,,,,,,,,,,,,,,,,
rsg_object_detection,,489,rsg_20260806_37_254880000_000489,vlm_done,,,,,,,,,,,,ok,,,,,,,,,,,,,,,,,,,,,,,,,,,,,,,,,,,,,,,,,,,,,,,,,rsg_obj_000050,rsg_unknown_rsg_20260806_37_254880000_000489_004_nanosam_001,,,3,0.43944889424900263,ceiling_light,0.95,static,0.99,5787.166538997553,85345.17939299985,qwen_http,Qwen3-VL-8B-Instruct-GGUF
rsg_object_detection,completed,489,rsg_20260806_37_254880000_000489,,,,,,,,,,,79558.01151000196,,vlm_done,,,,,,,,,,,,,,,,,,,,,,,,,,,,,,,,,,,,,,,,,,,,,,,,,rsg_obj_000050,rsg_unknown_rsg_20260806_37_254880000_000489_004_nanosam_001,69,300,3,0.43944889424900263,,,,,,,,
rsg_object_detection,frame_trace,1954,rsg_20260806_126_854900000_001954,sent_to_hydra,,,,,,,,,,,594.2036389897112,ok,10.471873989445157,547.5332680071006,34.112844994524494,0.14287099475041032,33.96997399977408,0.004542991518974304,5.239040998276323,0.1989310112548992,339.318878002814,15.283551008906215,0.008735980372875929,354.810096003348,88.51668699935544,14.533779001794755,3.799522964982316,43.48345199832693,26.15133397921454,53.95762999251019,41.80542100220919,7.830578993889503,2.354274009121582,1.8980489985551685,633.0,275.0,4.79353497212287,2.103282997268252,0.3219630307285115,1.8391720077488571,0.8049700118135661,0.006752001354470849,152.36501400067937,5.818425997858867,0.13272700016386807,29.129374990588985,0.0385890161851421,5.996398002025671,5.407189994002692,0.08962600259110332,0.4995820054318756,3.6996879935031757,0.7714370003668591,0.004350993549451232,2.081109007121995,7,0,7,0,0,,,,,,,,,,,,,,
rsg_object_detection,dropped_oldest,1963,rsg_20260806_127_504900000_001963,dropped,True,fifo_cached_frame,1964,202,0,1760,202,0,1,0.0,45.868891989812255,frame_fifo_full,,,,,,,,,,,,,,,,,,,,,,,,,,,,,,,,,,,,,,,,,,,,,,,,,,,,,,,,,,,,,,
rsg_object_detection,dequeued,496,rsg_20260806_37_754880000_000496,,,,,,,,,,,83825.44231999782,,fifo_order,,,,,,,,,,,,,,,,,,,,,,,,,,,,,,,,,,,,,,,,,,,,,,,,,rsg_obj_000056,rsg_unknown_rsg_20260806_37_754880000_000496_002_nanosam_003,68,300,1,0.4891164919396738,,,,,,,,
rsg_object_detection,dropped_oldest,1964,rsg_20260806_127_554900000_001964,dropped,True,fifo_cached_frame,1965,202,0,1761,202,0,1,0.0,112.41508599778172,frame_fifo_full,,,,,,,,,,,,,,,,,,,,,,,,,,,,,,,,,,,,,,,,,,,,,,,,,,,,,,,,,,,,,,
rsg_object_detection,dropped_oldest,1965,rsg_20260806_127_654899999_001965,dropped,True,fifo_cached_frame,1966,202,0,1762,202,0,1,0.0,116.81891900661867,frame_fifo_full,,,,,,,,,,,,,,,,,,,,,,,,,,,,,,,,,,,,,,,,,,,,,,,,,,,,,,,,,,,,,,
rsg_object_detection,dropped_oldest,1966,rsg_20260806_127_754900000_001966,dropped,True,fifo_cached_frame,1967,202,0,1763,202,0,1,0.0,65.31114099198021,frame_fifo_full,,,,,,,,,,,,,,,,,,,,,,,,,,,,,,,,,,,,,,,,,,,,,,,,,,,,,,,,,,,,,,
rsg_object_detection,dropped_oldest,1967,rsg_20260806_127_804900000_001967,dropped,True,fifo_cached_frame,1968,202,0,1764,202,0,1,0.0,84.76737199816853,frame_fifo_full,,,,,,,,,,,,,,,,,,,,,,,,,,,,,,,,,,,,,,,,,,,,,,,,,,,,,,,,,,,,,,
rsg_object_detection,frame_trace,1962,rsg_20260806_127_404899999_001962,sent_to_hydra,,,,,,,,,,,533.201332000317,ok,12.42518199433107,430.11202198977116,88.09767600905616,0.1232229988090694,87.97445301024709,0.005376001354306936,5.736895007430576,0.1945469994097948,207.34888000879437,19.274354999652132,0.008095987141132355,226.82587799499743,84.29546598927118,19.632507013739087,13.975190013297834,33.64472000976093,15.543852947303094,67.08366199745797,57.71539401030168,3.0833130003884435,3.9759570063324645,2.2565529943676665,690.0,276.0,3.061523035285063,0.7674679945921525,0.33658598840702325,1.406562005286105,0.5933359934715554,0.004287998308427632,157.56626600341406,5.270558001939207,0.14187900524120778,34.52667601231951,0.043869964429177344,6.108966001193039,5.551467998884618,0.09884100290946662,0.4586569993989542,3.586543010897003,2.7231779968133196,0.006494985427707434,2.5610760058043525,8,0,8,0,0,,,,,,,,,,,,,,
rsg_object_detection,dropped_oldest,1969,rsg_20260806_128_004899999_001969,dropped,True,fifo_cached_frame,1970,203,0,1765,203,0,1,0.0,93.80487800808623,frame_fifo_full,,,,,,,,,,,,,,,,,,,,,,,,,,,,,,,,,,,,,,,,,,,,,,,,,,,,,,,,,,,,,,
rsg_object_detection,dropped_oldest,1970,rsg_20260806_128_104899999_001970,dropped,True,fifo_cached_frame,1971,203,0,1766,203,0,1,0.0,105.1192230079323,frame_fifo_full,,,,,,,,,,,,,,,,,,,,,,,,,,,,,,,,,,,,,,,,,,,,,,,,,,,,,,,,,,,,,,
rsg_object_detection,dropped_oldest,1971,rsg_20260806_128_204900000_001971,dropped,True,fifo_cached_frame,1972,203,0,1767,203,0,1,0.0,45.06113799288869,frame_fifo_full,,,,,,,,,,,,,,,,,,,,,,,,,,,,,,,,,,,,,,,,,,,,,,,,,,,,,,,,,,,,,,
rsg_object_detection,dropped_oldest,1972,rsg_20260806_128_254899999_001972,dropped,True,fifo_cached_frame,1973,203,0,1768,203,0,1,0.0,121.70673099171836,frame_fifo_full,,,,,,,,,,,,,,,,,,,,,,,,,,,,,,,,,,,,,,,,,,,,,,,,,,,,,,,,,,,,,,
rsg_object_detection,dropped_oldest,1973,rsg_20260806_128_354899999_001973,dropped,True,fifo_cached_frame,1974,203,0,1769,203,0,1,0.0,50.03380199195817,frame_fifo_full,,,,,,,,,,,,,,,,,,,,,,,,,,,,,,,,,,,,,,,,,,,,,,,,,,,,,,,,,,,,,,
rsg_object_detection,dropped_oldest,1974,rsg_20260806_128_404899999_001974,dropped,True,fifo_cached_frame,1975,203,0,1770,203,0,1,0.0,85.9193350042915,frame_fifo_full,,,,,,,,,,,,,,,,,,,,,,,,,,,,,,,,,,,,,,,,,,,,,,,,,,,,,,,,,,,,,,
rsg_object_detection,frame_trace,1968,rsg_20260806_127_904899999_001968,sent_to_hydra,,,,,,,,,,,589.9833110015607,ok,13.663532998180017,531.780652992893,41.95344200707041,0.1320870069321245,41.82135500013828,0.0030710070859640837,1.099861998227425,0.18894700042437762,348.42109099554364,16.33413899980951,0.006911010132171214,364.9510880059097,62.43178798467852,23.14801800821442,8.295410996652208,10.220564014161937,20.039267008542083,56.01234499772545,45.14235300302971,4.81903699983377,3.3224009966943413,2.672973001608625,703.0,277.0,3.7023779877927154,1.0443779756315053,0.36346205160953104,1.5395450027426705,0.5149420030647889,0.0049910013331100345,125.63034000049811,4.1371310071554035,0.14978200488258153,35.7676849962445,0.04476497997529805,8.96548001037445,8.335569000337273,0.09615400631446391,0.5337570037227124,3.6567160132108256,1.0355150006944314,0.005821973900310695,2.582611996331252,8,0,8,0,0,,,,,,,,,,,,,,
rsg_object_detection,dropped_oldest,1976,rsg_20260806_128_604899999_001976,dropped,True,fifo_cached_frame,1977,204,0,1771,204,0,1,0.0,103.13344599853735,frame_fifo_full,,,,,,,,,,,,,,,,,,,,,,,,,,,,,,,,,,,,,,,,,,,,,,,,,,,,,,,,,,,,,,
rsg_object_detection,dropped_oldest,1977,rsg_20260806_128_704900000_001977,dropped,True,fifo_cached_frame,1978,204,0,1772,204,0,1,0.0,50.85899400000926,frame_fifo_full,,,,,,,,,,,,,,,,,,,,,,,,,,,,,,,,,,,,,,,,,,,,,,,,,,,,,,,,,,,,,,
rsg_object_detection,dropped_oldest,1978,rsg_20260806_128_754899999_001978,dropped,True,fifo_cached_frame,1979,204,0,1773,204,0,1,0.0,58.675558990216814,frame_fifo_full,,,,,,,,,,,,,,,,,,,,,,,,,,,,,,,,,,,,,,,,,,,,,,,,,,,,,,,,,,,,,,
rsg_object_detection,dropped_oldest,1979,rsg_20260806_128_804900000_001979,dropped,True,fifo_cached_frame,1980,204,0,1774,204,0,1,0.0,148.15903900307603,frame_fifo_full,,,,,,,,,,,,,,,,,,,,,,,,,,,,,,,,,,,,,,,,,,,,,,,,,,,,,,,,,,,,,,
rsg_object_detection,dropped_oldest,1980,rsg_20260806_128_954900000_001980,dropped,True,fifo_cached_frame,1981,204,0,1775,204,0,1,0.0,46.659883999382146,frame_fifo_full,,,,,,,,,,,,,,,,,,,,,,,,,,,,,,,,,,,,,,,,,,,,,,,,,,,,,,,,,,,,,,
rsg_object_detection,frame_trace,1975,rsg_20260806_128_504899999_001975,sent_to_hydra,,,,,,,,,,,563.9217279967852,ok,10.10649099771399,517.9092889884487,32.927234991802834,0.15250199066940695,32.77473300113343,0.005727997631765902,4.73619501281064,0.3942460025427863,285.8369890018366,18.799092998960987,0.008574992534704506,305.0389029958751,111.48459899413865,21.911270028795116,12.495611008489504,46.083187000476755,30.34443099750206,55.062393003026955,47.84898800426163,2.8771510114893317,2.353985997615382,1.938141998834908,644.0,279.0,3.163244982715696,0.7516610057791695,0.3265060076955706,1.4494070055661723,0.3535770083544776,0.0053119874792173505,172.61618599877693,2.448412007652223,0.15208600962068886,32.86416700575501,0.053339957958087325,5.849271998158656,5.074635992059484,0.11682399781420827,0.6578120082849637,3.595982998376712,0.6563079950865358,0.004928006092086434,2.972985021187924,7,0,7,0,0,,,,,,,,,,,,,,
rsg_object_detection,dropped_oldest,1982,rsg_20260806_129_104899999_001982,dropped,True,fifo_cached_frame,1983,205,0,1776,205,0,1,0.0,97.77831699466333,frame_fifo_full,,,,,,,,,,,,,,,,,,,,,,,,,,,,,,,,,,,,,,,,,,,,,,,,,,,,,,,,,,,,,,
rsg_object_detection,dropped_oldest,1983,rsg_20260806_129_204900000_001983,dropped,True,fifo_cached_frame,1984,205,0,1777,205,0,1,0.0,53.75064199324697,frame_fifo_full,,,,,,,,,,,,,,,,,,,,,,,,,,,,,,,,,,,,,,,,,,,,,,,,,,,,,,,,,,,,,,
rsg_object_detection,dropped_oldest,1984,rsg_20260806_129_254899999_001984,dropped,True,fifo_cached_frame,1985,205,0,1778,205,0,1,0.0,106.6325819992926,frame_fifo_full,,,,,,,,,,,,,,,,,,,,,,,,,,,,,,,,,,,,,,,,,,,,,,,,,,,,,,,,,,,,,,
rsg_object_detection,dropped_oldest,1985,rsg_20260806_129_354899999_001985,dropped,True,fifo_cached_frame,1986,205,0,1779,205,0,1,0.0,45.367462997091934,frame_fifo_full,,,,,,,,,,,,,,,,,,,,,,,,,,,,,,,,,,,,,,,,,,,,,,,,,,,,,,,,,,,,,,
rsg_object_detection,dropped_oldest,1986,rsg_20260806_129_404899999_001986,dropped,True,fifo_cached_frame,1987,205,0,1780,205,0,1,0.0,57.78474399994593,frame_fifo_full,,,,,,,,,,,,,,,,,,,,,,,,,,,,,,,,,,,,,,,,,,,,,,,,,,,,,,,,,,,,,,
rsg_object_detection,dropped_oldest,1987,rsg_20260806_129_454900000_001987,dropped,True,fifo_cached_frame,1988,205,0,1781,205,0,1,0.0,162.7295030048117,frame_fifo_full,,,,,,,,,,,,,,,,,,,,,,,,,,,,,,,,,,,,,,,,,,,,,,,,,,,,,,,,,,,,,,
rsg_object_detection,frame_trace,1981,rsg_20260806_129_004899999_001981,sent_to_hydra,,,,,,,,,,,634.0006249956787,ok,12.648913994780742,533.1935819995124,85.66447100020014,0.13240700354799628,85.53206399665214,0.00390299828723073,3.3240019984077662,0.21572900004684925,274.877126008505,22.11074499064125,0.009408002370037138,297.21300800156314,149.02437198907137,18.460140025126748,13.692716005607508,100.72270697855856,15.366396008175798,37.61121399293188,28.87214900692925,3.316129994345829,3.1914669962134212,2.0136579987592995,697.0,279.0,2.688843000214547,0.5361880175769329,0.3013239911524579,1.242508995346725,0.4387869994388893,0.004030996933579445,191.86435498704668,3.5137489903718233,0.18136399739887565,37.04984299838543,0.04726102633867413,6.833751001977362,6.221824005478993,0.10232899512629956,0.5095980013720691,3.546259002177976,2.2631449974142015,0.0057589932112023234,2.489755002898164,8,0,7,0,0,,,,,,,,,,,,,,
rsg_object_detection,dropped_oldest,1989,rsg_20260806_129_704900000_001989,dropped,True,fifo_cached_frame,1990,206,0,1782,206,0,1,0.0,57.74554700474255,frame_fifo_full,,,,,,,,,,,,,,,,,,,,,,,,,,,,,,,,,,,,,,,,,,,,,,,,,,,,,,,,,,,,,,
rsg_object_detection,dropped_oldest,1990,rsg_20260806_129_754899999_001990,dropped,True,fifo_cached_frame,1991,206,0,1783,206,0,1,0.0,93.78217800986022,frame_fifo_full,,,,,,,,,,,,,,,,,,,,,,,,,,,,,,,,,,,,,,,,,,,,,,,,,,,,,,,,,,,,,,
rsg_object_detection,dropped_oldest,1991,rsg_20260806_129_854899999_001991,dropped,True,fifo_cached_frame,1992,206,0,1784,206,0,1,0.0,50.19747599726543,frame_fifo_full,,,,,,,,,,,,,,,,,,,,,,,,,,,,,,,,,,,,,,,,,,,,,,,,,,,,,,,,,,,,,,
rsg_object_detection,dropped_oldest,1992,rsg_20260806_129_904899999_001992,dropped,True,fifo_cached_frame,1993,206,0,1785,206,0,1,0.0,121.88884201168548,frame_fifo_full,,,,,,,,,,,,,,,,,,,,,,,,,,,,,,,,,,,,,,,,,,,,,,,,,,,,,,,,,,,,,,
rsg_object_detection,dropped_oldest,1993,rsg_20260806_130_004899999_001993,dropped,True,fifo_cached_frame,1994,206,0,1786,206,0,1,0.0,92.46700101357419,frame_fifo_full,,,,,,,,,,,,,,,,,,,,,,,,,,,,,,,,,,,,,,,,,,,,,,,,,,,,,,,,,,,,,,
rsg_object_detection,frame_trace,1988,rsg_20260806_129_604899999_001988,sent_to_hydra,,,,,,,,,,,557.9670129955048,ok,10.424966996652074,505.4558030096814,39.70841699629091,0.1641810085857287,39.54423598770518,0.0026240013539791107,3.562865997082554,0.20708999363705516,301.94419500185177,20.778962993063033,0.007711001671850681,322.9379589902237,96.94462199695408,32.18914399622008,3.20874601311516,51.7320280050626,9.300336998421699,38.973969989456236,28.002671999274753,6.182530996738933,2.640782986418344,2.0972680067643523,649.0,280.0,3.498358011711389,0.3997809981228784,0.3517849982017651,1.5343939885497093,0.3057389985769987,0.005504000000655651,142.03143201302737,2.9575619992101565,0.14277400623541325,33.77902200736571,0.0441879965364933,5.782236999948509,5.11597799777519,0.12536800932139158,0.5408909928519279,3.9251459966180846,0.7129760051611811,0.004607994924299419,2.37520199152641,7,0,7,0,0,,,,,,,,,,,,,,
rsg_object_detection,dropped_oldest,1995,rsg_20260806_130_204900000_001995,dropped,True,fifo_cached_frame,1996,207,0,1787,207,0,1,0.0,90.03379300702363,frame_fifo_full,,,,,,,,,,,,,,,,,,,,,,,,,,,,,,,,,,,,,,,,,,,,,,,,,,,,,,,,,,,,,,
rsg_object_detection,dropped_oldest,1996,rsg_20260806_130_304900000_001996,dropped,True,fifo_cached_frame,1997,207,0,1788,207,0,1,0.0,152.86723399185576,frame_fifo_full,,,,,,,,,,,,,,,,,,,,,,,,,,,,,,,,,,,,,,,,,,,,,,,,,,,,,,,,,,,,,,
rsg_object_detection,dropped_oldest,1997,rsg_20260806_130_454900000_001997,dropped,True,fifo_cached_frame,1998,207,0,1789,207,0,1,0.0,52.634758001659065,frame_fifo_full,,,,,,,,,,,,,,,,,,,,,,,,,,,,,,,,,,,,,,,,,,,,,,,,,,,,,,,,,,,,,,
rsg_object_detection,dropped_oldest,1998,rsg_20260806_130_504899999_001998,dropped,True,fifo_cached_frame,1999,207,0,1790,207,0,1,0.0,106.8275229918072,frame_fifo_full,,,,,,,,,,,,,,,,,,,,,,,,,,,,,,,,,,,,,,,,,,,,,,,,,,,,,,,,,,,,,,
rsg_object_detection,dropped_oldest,1999,rsg_20260806_130_604899999_001999,dropped,True,fifo_cached_frame,2000,207,0,1791,207,0,1,0.0,39.34354899683967,frame_fifo_full,,,,,,,,,,,,,,,,,,,,,,,,,,,,,,,,,,,,,,,,,,,,,,,,,,,,,,,,,,,,,,
rsg_object_detection,frame_trace,1994,rsg_20260806_130_104899999_001994,sent_to_hydra,,,,,,,,,,,582.6821079972433,ok,12.867940997239202,478.816155999084,88.4767079987796,0.12258299102541059,88.35412500775419,0.007071997970342636,4.808286001207307,0.21518599533010274,299.5808260020567,15.128718005144037,0.007199996616691351,314.93192999914754,66.02701600058936,14.803972007939592,3.41465299425181,35.81229595874902,11.458275985205546,40.6329670076957,31.191613001283258,4.008852003607899,3.2110500033013523,2.175727000576444,699.0,280.0,3.6403320264071226,1.0587779979687184,0.3553359711077064,1.4978520048316568,0.48784000682644546,0.005216003046371043,113.722679001512,12.587639997946098,0.15103000623639673,32.55776299920399,0.056827993830665946,8.393166994210333,7.742267000139691,0.08940200495999306,0.5614979891106486,3.7387269985629246,0.730831001419574,0.005216003046371043,2.514231004170142,8,0,8,0,0,,,,,,,,,,,,,,
rsg_object_detection,dropped_oldest,2001,rsg_20260806_130_754899999_002001,dropped,True,fifo_cached_frame,2002,208,0,1792,208,0,1,0.0,98.30364500521682,frame_fifo_full,,,,,,,,,,,,,,,,,,,,,,,,,,,,,,,,,,,,,,,,,,,,,,,,,,,,,,,,,,,,,,
rsg_object_detection,dropped_oldest,2002,rsg_20260806_130_854899999_002002,dropped,True,fifo_cached_frame,2003,208,0,1793,208,0,1,0.0,101.32347499893513,frame_fifo_full,,,,,,,,,,,,,,,,,,,,,,,,,,,,,,,,,,,,,,,,,,,,,,,,,,,,,,,,,,,,,,
rsg_object_detection,dropped_oldest,2003,rsg_20260806_130_954900000_002003,dropped,True,fifo_cached_frame,2004,208,0,1794,208,0,1,0.0,58.55865000921767,frame_fifo_full,,,,,,,,,,,,,,,,,,,,,,,,,,,,,,,,,,,,,,,,,,,,,,,,,,,,,,,,,,,,,,
rsg_object_detection,dropped_oldest,2004,rsg_20260806_131_004899999_002004,dropped,True,fifo_cached_frame,2005,208,0,1795,208,0,1,0.0,96.854365998297,frame_fifo_full,,,,,,,,,,,,,,,,,,,,,,,,,,,,,,,,,,,,,,,,,,,,,,,,,,,,,,,,,,,,,,
rsg_object_detection,dropped_oldest,2005,rsg_20260806_131_104899999_002005,dropped,True,fifo_cached_frame,2006,208,0,1796,208,0,1,0.0,59.284777991706505,frame_fifo_full,,,,,,,,,,,,,,,,,,,,,,,,,,,,,,,,,,,,,,,,,,,,,,,,,,,,,,,,,,,,,,
rsg_object_detection,dropped_oldest,2006,rsg_20260806_131_154899999_002006,dropped,True,fifo_cached_frame,2007,208,0,1797,208,0,1,0.0,83.88262399239466,frame_fifo_full,,,,,,,,,,,,,,,,,,,,,,,,,,,,,,,,,,,,,,,,,,,,,,,,,,,,,,,,,,,,,,
rsg_object_detection,frame_trace,2000,rsg_20260806_130_654899999_002000,sent_to_hydra,,,,,,,,,,,610.9773209900595,ok,13.44774299650453,519.5757740002591,73.6611299944343,0.1455899910070002,73.5155400034273,0.003775989171117544,4.468277998967096,0.18949199875351042,298.4400099958293,19.06381499429699,0.008512011845596135,317.7018290007254,78.56345901382156,22.01856100873556,6.328504983684979,33.44864600512665,16.009364000638016,74.15476100868545,63.67994099855423,4.939095000736415,3.1026409997139126,2.3872009915066883,728.0,284.0,3.6187670048093423,0.67924901668448,0.34231394238304347,1.3744680036325008,0.26945400168187916,0.00460700539406389,159.02259800350294,2.8133169980719686,0.1431909913662821,35.37674200197216,0.04981900565326214,8.942315995227545,8.320948996697553,0.10236100933980197,0.519005989190191,3.779717008001171,0.7205600122688338,0.005149981006979942,4.288898009690456,8,0,8,0,0,,,,,,,,,,,,,,
rsg_object_detection,dropped_oldest,2008,rsg_20260806_131_304900000_002008,dropped,True,fifo_cached_frame,2009,209,0,1798,209,0,1,0.0,151.32552800059784,frame_fifo_full,,,,,,,,,,,,,,,,,,,,,,,,,,,,,,,,,,,,,,,,,,,,,,,,,,,,,,,,,,,,,,
rsg_object_detection,dropped_oldest,2009,rsg_20260806_131_454900000_002009,dropped,True,fifo_cached_frame,2010,209,0,1799,209,0,1,0.0,98.42710201337468,frame_fifo_full,,,,,,,,,,,,,,,,,,,,,,,,,,,,,,,,,,,,,,,,,,,,,,,,,,,,,,,,,,,,,,
rsg_object_detection,dropped_oldest,2010,rsg_20260806_131_554900000_002010,dropped,True,fifo_cached_frame,2011,209,0,1800,209,0,1,0.0,103.68188800930511,frame_fifo_full,,,,,,,,,,,,,,,,,,,,,,,,,,,,,,,,,,,,,,,,,,,,,,,,,,,,,,,,,,,,,,
rsg_object_detection,dropped_oldest,2011,rsg_20260806_131_654899999_002011,dropped,True,fifo_cached_frame,2012,209,0,1801,209,0,1,0.0,107.35261900117621,frame_fifo_full,,,,,,,,,,,,,,,,,,,,,,,,,,,,,,,,,,,,,,,,,,,,,,,,,,,,,,,,,,,,,,
rsg_object_detection,frame_trace,2007,rsg_20260806_131_254899999_002007,sent_to_hydra,,,,,,,,,,,560.259608013439,ok,10.37262000318151,512.1028499997919,35.34893901087344,0.14539800758939236,35.203541003284045,0.0024320033844560385,1.3152089959476143,0.27265299286227673,343.3216240082402,28.16477899614256,0.008158007403835654,371.76721400464885,40.83865300344769,16.448538008262403,6.734718990628608,9.228024980984628,7.912913002655841,52.29872099880595,43.563304003328085,3.924730990547687,2.6323680067434907,2.131569999619387,662.0,286.0,3.4507459931774065,0.6830589845776558,0.31476301955990493,1.3297030091052875,0.5441240064101294,0.004416011506691575,99.48587999679148,6.9347690005088225,0.15739801165182143,32.40139099943917,0.0409889908041805,5.911829997785389,5.2490899979602545,0.10348099749535322,0.5592590023297817,3.542610997101292,0.9131870028795674,0.004992005415260792,2.432766996207647,7,0,7,0,0,,,,,,,,,,,,,,
rsg_object_detection,dropped_oldest,2013,rsg_20260806_131_854899999_002013,dropped,True,fifo_cached_frame,2014,210,0,1802,210,0,1,0.0,50.9055340080522,frame_fifo_full,,,,,,,,,,,,,,,,,,,,,,,,,,,,,,,,,,,,,,,,,,,,,,,,,,,,,,,,,,,,,,
rsg_object_detection,dropped_oldest,2014,rsg_20260806_131_904899999_002014,dropped,True,fifo_cached_frame,2015,210,0,1803,210,0,1,0.0,100.23456500493921,frame_fifo_full,,,,,,,,,,,,,,,,,,,,,,,,,,,,,,,,,,,,,,,,,,,,,,,,,,,,,,,,,,,,,,
rsg_object_detection,dropped_oldest,2015,rsg_20260806_132_004899999_002015,dropped,True,fifo_cached_frame,2016,210,0,1804,210,0,1,0.0,50.0504229858052,frame_fifo_full,,,,,,,,,,,,,,,,,,,,,,,,,,,,,,,,,,,,,,,,,,,,,,,,,,,,,,,,,,,,,,
rsg_object_detection,dropped_oldest,2016,rsg_20260806_132_054900000_002016,dropped,True,fifo_cached_frame,2017,210,0,1805,210,0,1,0.0,58.268210996175185,frame_fifo_full,,,,,,,,,,,,,,,,,,,,,,,,,,,,,,,,,,,,,,,,,,,,,,,,,,,,,,,,,,,,,,
rsg_object_detection,dropped_oldest,2017,rsg_20260806_132_104899999_002017,dropped,True,fifo_cached_frame,2018,210,0,1806,210,0,1,0.0,140.0952359981602,frame_fifo_full,,,,,,,,,,,,,,,,,,,,,,,,,,,,,,,,,,,,,,,,,,,,,,,,,,,,,,,,,,,,,,
rsg_object_detection,dropped_oldest,2018,rsg_20260806_132_254899999_002018,dropped,True,fifo_cached_frame,2019,210,0,1807,210,0,1,0.0,70.08813400170766,frame_fifo_full,,,,,,,,,,,,,,,,,,,,,,,,,,,,,,,,,,,,,,,,,,,,,,,,,,,,,,,,,,,,,,
rsg_object_detection,dropped_oldest,2019,rsg_20260806_132_304900000_002019,dropped,True,fifo_cached_frame,2020,210,0,1808,210,0,1,0.0,92.26867399411276,frame_fifo_full,,,,,,,,,,,,,,,,,,,,,,,,,,,,,,,,,,,,,,,,,,,,,,,,,,,,,,,,,,,,,,
rsg_object_detection,dropped_oldest,2020,rsg_20260806_132_404899999_002020,dropped,True,fifo_cached_frame,2021,210,0,1809,210,0,1,0.0,46.74303201318253,frame_fifo_full,,,,,,,,,,,,,,,,,,,,,,,,,,,,,,,,,,,,,,,,,,,,,,,,,,,,,,,,,,,,,,
rsg_object_detection,frame_trace,2012,rsg_20260806_131_754899999_002012,sent_to_hydra,,,,,,,,,,,706.0253669915255,ok,12.85133599594701,619.2395680118352,71.09717999992426,0.14459798694588244,70.95258201297838,0.0043199979700148106,4.3599019991233945,0.24433599901385605,380.2740079991054,19.115493996650912,0.008479008101858199,399.642317002872,101.58529900945723,31.313052008044906,11.27748801081907,41.38770898862276,13.884484011214226,62.48515199695248,51.663311998709105,5.003123005735688,3.267015010351315,2.4283509992528707,737.0,287.0,4.344159984611906,1.196273005916737,0.4117799981031567,1.5023000014480203,0.3179949999321252,0.006143993232399225,171.86970899638254,7.102534989826381,0.14088599709793925,36.07667100732215,0.04754801921080798,8.12758700340055,7.528811009251513,0.0931129907257855,0.5056630034232512,3.9445690053980798,0.7748930074740201,0.004286979674361646,2.832962985849008,8,0,8,0,0,,,,,,,,,,,,,,
rsg_object_detection,,496,rsg_20260806_37_754880000_000496,vlm_failed,,,,,,,,,,,,"{""label"":""unknown_object"",""label_confidence"":0.0,""mobility_class"":""unknown"",""mobility_confidence"":0.0}",,,,,,,,,,,,,,,,,,,,,,,,,,,,,,,,,,,,,,,,,,,,,,,,,rsg_obj_000056,rsg_unknown_rsg_20260806_37_754880000_000496_002_nanosam_003,,,1,0.4891164919396738,unknown_object,0.0,unknown,0.0,5102.545508008916,88927.99000300874,qwen_http,Qwen3-VL-8B-Instruct-GGUF
rsg_object_detection,completed,496,rsg_20260806_37_754880000_000496,,,,,,,,,,,83825.44231999782,,vlm_failed,,,,,,,,,,,,,,,,,,,,,,,,,,,,,,,,,,,,,,,,,,,,,,,,,rsg_obj_000056,rsg_unknown_rsg_20260806_37_754880000_000496_002_nanosam_003,74,300,1,0.4891164919396738,,,,,,,,
rsg_object_detection,dropped_oldest,2022,rsg_20260806_132_604899999_002022,dropped,True,fifo_cached_frame,2023,211,0,1810,211,0,1,0.0,106.53876300784759,frame_fifo_full,,,,,,,,,,,,,,,,,,,,,,,,,,,,,,,,,,,,,,,,,,,,,,,,,,,,,,,,,,,,,,
rsg_object_detection,dequeued,518,rsg_20260806_39_054879999_000518,,,,,,,,,,,87855.89326400077,,fifo_order,,,,,,,,,,,,,,,,,,,,,,,,,,,,,,,,,,,,,,,,,,,,,,,,,rsg_obj_000057,rsg_unknown_rsg_20260806_39_054879999_000518_006_nanosam_001,73,300,1,0.8504348333240663,,,,,,,,
rsg_object_detection,dropped_oldest,2023,rsg_20260806_132_704900000_002023,dropped,True,fifo_cached_frame,2024,211,0,1811,211,0,1,0.0,54.49163699813653,frame_fifo_full,,,,,,,,,,,,,,,,,,,,,,,,,,,,,,,,,,,,,,,,,,,,,,,,,,,,,,,,,,,,,,
rsg_object_detection,dropped_oldest,2024,rsg_20260806_132_754899999_002024,dropped,True,fifo_cached_frame,2025,211,0,1812,211,0,1,0.0,133.87489500746597,frame_fifo_full,,,,,,,,,,,,,,,,,,,,,,,,,,,,,,,,,,,,,,,,,,,,,,,,,,,,,,,,,,,,,,
rsg_object_detection,dropped_oldest,2025,rsg_20260806_132_854899999_002025,dropped,True,fifo_cached_frame,2026,211,0,1813,211,0,1,0.0,8.411312999669462,frame_fifo_full,,,,,,,,,,,,,,,,,,,,,,,,,,,,,,,,,,,,,,,,,,,,,,,,,,,,,,,,,,,,,,
rsg_object_detection,dropped_oldest,2026,rsg_20260806_132_904899999_002026,dropped,True,fifo_cached_frame,2027,211,0,1814,212,0,1,0.0,362.69236900261603,frame_fifo_full,,,,,,,,,,,,,,,,,,,,,,,,,,,,,,,,,,,,,,,,,,,,,,,,,,,,,,,,,,,,,,
rsg_object_detection,frame_trace,2021,rsg_20260806_132_454900000_002021,sent_to_hydra,,,,,,,,,,,454.97479900950566,ok,15.343393999501131,402.930327996728,33.65398300229572,0.12629500997718424,33.52768799231853,0.006208007107488811,2.590227988548577,0.19637100922409445,235.33297301037237,17.938453995157033,0.005887995939701796,253.4736860106932,37.44028999062721,17.04737701220438,3.240520993131213,9.198268002364784,7.446062969393097,46.738296005059965,37.84852000535466,3.2497999927727506,3.001848002895713,2.59438699868042,966.0,291.0,3.3499190030852333,1.3802930188830942,0.3405569732422009,1.4448000001721084,0.712592009222135,0.0053440016927197576,91.43116199993528,8.09446899802424,0.14942999405320734,47.14297299506143,0.048380010412074625,10.284564006724395,9.636254995712079,0.0913539988687262,0.5569550121435896,4.423161008162424,0.6303260015556589,0.005342983058653772,3.040886003873311,8,0,8,0,0,,,,,,,,,,,,,,
rsg_object_detection,dropped_oldest,2028,rsg_20260806_133_004899999_002028,dropped,True,fifo_cached_frame,2029,212,0,1815,212,0,1,0.0,3.529173001879826,frame_fifo_full,,,,,,,,,,,,,,,,,,,,,,,,,,,,,,,,,,,,,,,,,,,,,,,,,,,,,,,,,,,,,,
rsg_object_detection,dropped_oldest,2029,rsg_20260806_133_054900000_002029,dropped,True,fifo_cached_frame,2030,212,0,1816,212,0,1,0.0,3.405469993595034,frame_fifo_full,,,,,,,,,,,,,,,,,,,,,,,,,,,,,,,,,,,,,,,,,,,,,,,,,,,,,,,,,,,,,,
rsg_object_detection,dropped_oldest,2030,rsg_20260806_133_154899999_002030,dropped,True,fifo_cached_frame,2031,212,0,1817,212,0,1,0.0,3.8905569963390008,frame_fifo_full,,,,,,,,,,,,,,,,,,,,,,,,,,,,,,,,,,,,,,,,,,,,,,,,,,,,,,,,,,,,,,
rsg_object_detection,dropped_oldest,2031,rsg_20260806_133_254899999_002031,dropped,True,fifo_cached_frame,2032,212,0,1818,212,0,1,0.0,69.57307099946775,frame_fifo_full,,,,,,,,,,,,,,,,,,,,,,,,,,,,,,,,,,,,,,,,,,,,,,,,,,,,,,,,,,,,,,
rsg_object_detection,dropped_oldest,2032,rsg_20260806_133_354899999_002032,dropped,True,fifo_cached_frame,2033,212,0,1819,212,0,1,0.0,98.00638099841308,frame_fifo_full,,,,,,,,,,,,,,,,,,,,,,,,,,,,,,,,,,,,,,,,,,,,,,,,,,,,,,,,,,,,,,
rsg_object_detection,dropped_oldest,2033,rsg_20260806_133_454900000_002033,dropped,True,fifo_cached_frame,2034,212,0,1820,212,0,1,0.0,102.78395100613125,frame_fifo_full,,,,,,,,,,,,,,,,,,,,,,,,,,,,,,,,,,,,,,,,,,,,,,,,,,,,,,,,,,,,,,
rsg_object_detection,dropped_oldest,2034,rsg_20260806_133_554900000_002034,dropped,True,fifo_cached_frame,2035,212,0,1821,212,0,1,0.0,103.97484900022391,frame_fifo_full,,,,,,,,,,,,,,,,,,,,,,,,,,,,,,,,,,,,,,,,,,,,,,,,,,,,,,,,,,,,,,
rsg_object_detection,dropped_oldest,2035,rsg_20260806_133_654899999_002035,dropped,True,fifo_cached_frame,2036,212,0,1822,212,0,1,0.0,101.3830520096235,frame_fifo_full,,,,,,,,,,,,,,,,,,,,,,,,,,,,,,,,,,,,,,,,,,,,,,,,,,,,,,,,,,,,,,
rsg_object_detection,frame_trace,2027,rsg_20260806_132_954900000_002027,sent_to_hydra,,,,,,,,,,,563.2983629911905,ok,11.284177991910838,545.1267059979727,4.583246991387568,0.15051799709908664,4.432728994288482,0.00390299828723073,7.8181999997468665,3.6771310115000233,323.46368199796416,23.932776995934546,0.008703995263203979,351.08229400066193,79.03164099843707,23.440488046617247,4.684232975705527,24.44084001763258,25.764012985746376,60.890767999808304,49.0778570092516,6.686243999865837,2.9302699986146763,2.155665002646856,739.0,293.0,3.129040982457809,1.3077519979560748,0.3229890135116875,1.3468860124703497,0.3865979961119592,0.00409600033890456,146.43583400174975,4.240773996571079,0.14213399845175445,35.36158599308692,0.04588400770444423,6.355737001285888,5.721634996007197,0.09161001071333885,0.5424919945653528,3.5447249974822626,1.3787249918095767,0.0049910013331100345,2.3003290116321295,8,0,8,0,0,,,,,,,,,,,,,,
rsg_object_detection,dropped_oldest,2037,rsg_20260806_133_854899999_002037,dropped,True,fifo_cached_frame,2038,213,0,1823,213,0,1,0.0,42.319330997997895,frame_fifo_full,,,,,,,,,,,,,,,,,,,,,,,,,,,,,,,,,,,,,,,,,,,,,,,,,,,,,,,,,,,,,,
rsg_object_detection,dropped_oldest,2038,rsg_20260806_133_904899999_002038,dropped,True,fifo_cached_frame,2039,213,0,1824,213,0,1,0.0,51.45488301059231,frame_fifo_full,,,,,,,,,,,,,,,,,,,,,,,,,,,,,,,,,,,,,,,,,,,,,,,,,,,,,,,,,,,,,,
rsg_object_detection,dropped_oldest,2039,rsg_20260806_133_954900000_002039,dropped,True,fifo_cached_frame,2040,213,0,1825,213,0,1,0.0,104.05932301364373,frame_fifo_full,,,,,,,,,,,,,,,,,,,,,,,,,,,,,,,,,,,,,,,,,,,,,,,,,,,,,,,,,,,,,,
rsg_object_detection,dropped_oldest,2040,rsg_20260806_134_054900000_002040,dropped,True,fifo_cached_frame,2041,213,0,1826,213,0,1,0.0,45.12071299541276,frame_fifo_full,,,,,,,,,,,,,,,,,,,,,,,,,,,,,,,,,,,,,,,,,,,,,,,,,,,,,,,,,,,,,,
rsg_object_detection,dropped_oldest,2041,rsg_20260806_134_104899999_002041,dropped,True,fifo_cached_frame,2042,213,0,1827,213,0,1,0.0,49.91242600954138,frame_fifo_full,,,,,,,,,,,,,,,,,,,,,,,,,,,,,,,,,,,,,,,,,,,,,,,,,,,,,,,,,,,,,,
rsg_object_detection,dropped_oldest,2042,rsg_20260806_134_154899999_002042,dropped,True,fifo_cached_frame,2043,213,0,1828,213,0,1,0.0,100.33678599575069,frame_fifo_full,,,,,,,,,,,,,,,,,,,,,,,,,,,,,,,,,,,,,,,,,,,,,,,,,,,,,,,,,,,,,,
rsg_object_detection,dropped_oldest,2043,rsg_20260806_134_254899999_002043,dropped,True,fifo_cached_frame,2044,213,0,1829,213,0,1,0.0,50.753527000779286,frame_fifo_full,,,,,,,,,,,,,,,,,,,,,,,,,,,,,,,,,,,,,,,,,,,,,,,,,,,,,,,,,,,,,,
rsg_object_detection,dropped_oldest,2044,rsg_20260806_134_304900000_002044,dropped,True,fifo_cached_frame,2045,213,0,1830,213,0,1,0.0,56.84176299837418,frame_fifo_full,,,,,,,,,,,,,,,,,,,,,,,,,,,,,,,,,,,,,,,,,,,,,,,,,,,,,,,,,,,,,,
rsg_object_detection,frame_trace,2036,rsg_20260806_133_754899999_002036,sent_to_hydra,,,,,,,,,,,609.1323829896282,ok,13.132375999703072,497.3757459956687,96.2786239979323,0.1277029950870201,96.15092100284528,0.0047670037019997835,4.979541001375765,0.39043799915816635,310.4892160044983,18.500817997846752,0.008256000000983477,329.3887280015042,79.14498099125922,24.64815496932715,4.627786984201521,38.41181597090326,10.766643987153657,40.831018006429076,29.573141000582837,6.68752400088124,2.4597089941380545,2.0624870085157454,676.0,295.0,3.072499981499277,0.9051240049302578,0.32394600566476583,1.3727089972235262,0.33802600228227675,0.005152003723196685,126.01198199263308,2.5533980078762397,0.1479579950682819,34.24502300913446,0.04911598807666451,8.807127000181936,8.121924998704344,0.11416898632887751,0.5710330151487142,3.6780600057682022,0.6413330120267347,0.0058559817261993885,2.3408699926221743,7,0,7,0,0,,,,,,,,,,,,,,
rsg_object_detection,dropped_oldest,2046,rsg_20260806_134_404899999_002046,dropped,True,fifo_cached_frame,2047,214,0,1831,214,0,1,0.0,59.131529997102916,frame_fifo_full,,,,,,,,,,,,,,,,,,,,,,,,,,,,,,,,,,,,,,,,,,,,,,,,,,,,,,,,,,,,,,
rsg_object_detection,dropped_oldest,2047,rsg_20260806_134_454900000_002047,dropped,True,fifo_cached_frame,2048,214,0,1832,214,0,1,0.0,92.86753198830411,frame_fifo_full,,,,,,,,,,,,,,,,,,,,,,,,,,,,,,,,,,,,,,,,,,,,,,,,,,,,,,,,,,,,,,
rsg_object_detection,dropped_oldest,2048,rsg_20260806_134_554900000_002048,dropped,True,fifo_cached_frame,2049,214,0,1833,214,0,1,0.0,98.49256600136869,frame_fifo_full,,,,,,,,,,,,,,,,,,,,,,,,,,,,,,,,,,,,,,,,,,,,,,,,,,,,,,,,,,,,,,
rsg_object_detection,dropped_oldest,2049,rsg_20260806_134_654899999_002049,dropped,True,fifo_cached_frame,2050,214,0,1834,214,0,1,0.0,51.025764987571165,frame_fifo_full,,,,,,,,,,,,,,,,,,,,,,,,,,,,,,,,,,,,,,,,,,,,,,,,,,,,,,,,,,,,,,
rsg_object_detection,dropped_oldest,2050,rsg_20260806_134_704900000_002050,dropped,True,fifo_cached_frame,2051,214,0,1835,214,0,1,0.0,157.22069899493363,frame_fifo_full,,,,,,,,,,,,,,,,,,,,,,,,,,,,,,,,,,,,,,,,,,,,,,,,,,,,,,,,,,,,,,
rsg_object_detection,frame_trace,2045,rsg_20260806_134_354899999_002045,sent_to_hydra,,,,,,,,,,,580.8729630080052,ok,9.746649011503905,537.4274299974786,31.028277007862926,0.13333599781617522,30.89494101004675,0.0032320094760507345,3.581426994060166,0.21646599634550512,314.5136509992881,17.686377992504276,0.006208007107488811,332.42270299524534,73.01300899416674,17.140686002676375,5.84601002628915,36.376913005369715,12.923782007419504,78.49421400169376,70.02674399700481,3.224394007702358,3.0125360062811524,2.1891340002184734,760.0,297.0,3.374559004441835,1.044153978000395,0.32670101791154593,1.423041001544334,0.48595199768897146,0.004959991201758385,158.18214100727346,7.784507994074374,0.11020000965800136,35.29960900777951,0.046841989387758076,5.19264698959887,4.518003988778219,0.09596100426279008,0.5786819965578616,3.6903790023643523,0.8585350005887449,0.005088018951937556,2.667374981683679,8,0,8,0,0,,,,,,,,,,,,,,
rsg_object_detection,dropped_oldest,2052,rsg_20260806_134_954900000_002052,dropped,True,fifo_cached_frame,2053,215,0,1836,215,0,1,0.0,37.08009800175205,frame_fifo_full,,,,,,,,,,,,,,,,,,,,,,,,,,,,,,,,,,,,,,,,,,,,,,,,,,,,,,,,,,,,,,
rsg_object_detection,dropped_oldest,2053,rsg_20260806_135_004899999_002053,dropped,True,fifo_cached_frame,2054,215,0,1837,215,0,1,0.0,90.26690400787629,frame_fifo_full,,,,,,,,,,,,,,,,,,,,,,,,,,,,,,,,,,,,,,,,,,,,,,,,,,,,,,,,,,,,,,
rsg_object_detection,dropped_oldest,2054,rsg_20260806_135_104899999_002054,dropped,True,fifo_cached_frame,2055,215,0,1838,215,0,1,0.0,54.1698770102812,frame_fifo_full,,,,,,,,,,,,,,,,,,,,,,,,,,,,,,,,,,,,,,,,,,,,,,,,,,,,,,,,,,,,,,
rsg_object_detection,dropped_oldest,2055,rsg_20260806_135_154899999_002055,dropped,True,fifo_cached_frame,2056,215,0,1839,215,0,1,0.0,107.82570799347013,frame_fifo_full,,,,,,,,,,,,,,,,,,,,,,,,,,,,,,,,,,,,,,,,,,,,,,,,,,,,,,,,,,,,,,
rsg_object_detection,dropped_oldest,2056,rsg_20260806_135_254899999_002056,dropped,True,fifo_cached_frame,2057,215,0,1840,215,0,1,0.0,111.81293999834452,frame_fifo_full,,,,,,,,,,,,,,,,,,,,,,,,,,,,,,,,,,,,,,,,,,,,,,,,,,,,,,,,,,,,,,
rsg_object_detection,dropped_oldest,2057,rsg_20260806_135_354899999_002057,dropped,True,fifo_cached_frame,2058,215,0,1841,215,0,1,0.0,39.297586990869604,frame_fifo_full,,,,,,,,,,,,,,,,,,,,,,,,,,,,,,,,,,,,,,,,,,,,,,,,,,,,,,,,,,,,,,
rsg_object_detection,dropped_oldest,2058,rsg_20260806_135_404899999_002058,dropped,True,fifo_cached_frame,2059,215,0,1842,215,0,1,0.0,66.21381899458356,frame_fifo_full,,,,,,,,,,,,,,,,,,,,,,,,,,,,,,,,,,,,,,,,,,,,,,,,,,,,,,,,,,,,,,
rsg_object_detection,frame_trace,2051,rsg_20260806_134_854899999_002051,sent_to_hydra,,,,,,,,,,,699.362918996485,ok,9.888175991363823,576.1588079913054,110.52514400216751,0.12376799713820219,110.4013760050293,0.0044470070861279964,5.150441997102462,0.19089899433311075,336.57270499679726,22.435217004385777,0.02415799826849252,359.22297899378464,90.26246397115756,27.34561002580449,5.744131005485542,28.130488994065672,27.932740980759263,72.81853299355134,61.84610900527332,5.375164008000866,3.1011699902592227,2.4468460032949224,793.0,301.0,3.7469200033228844,1.2986669753445312,0.37219905061647296,1.4573119988199323,0.32045900297816843,0.0050240050768479705,170.30378399067558,2.9677389975404367,0.1560849923407659,38.31045299011748,0.04732602974399924,5.664295997121371,4.986100990208797,0.0997059978544712,0.578489009058103,3.4915450087282807,0.726191996363923,0.006142989150248468,2.7863440045621246,8,0,8,0,0,,,,,,,,,,,,,,
rsg_object_detection,dropped_oldest,2060,rsg_20260806_135_604899999_002060,dropped,True,fifo_cached_frame,2061,216,0,1843,216,0,1,0.0,44.53835899767,frame_fifo_full,,,,,,,,,,,,,,,,,,,,,,,,,,,,,,,,,,,,,,,,,,,,,,,,,,,,,,,,,,,,,,
rsg_object_detection,dropped_oldest,2061,rsg_20260806_135_654899999_002061,dropped,True,fifo_cached_frame,2062,216,0,1844,216,0,1,0.0,49.5320449990686,frame_fifo_full,,,,,,,,,,,,,,,,,,,,,,,,,,,,,,,,,,,,,,,,,,,,,,,,,,,,,,,,,,,,,,
rsg_object_detection,dropped_oldest,2062,rsg_20260806_135_704900000_002062,dropped,True,fifo_cached_frame,2063,216,0,1845,216,0,1,0.0,101.47269899607636,frame_fifo_full,,,,,,,,,,,,,,,,,,,,,,,,,,,,,,,,,,,,,,,,,,,,,,,,,,,,,,,,,,,,,,
rsg_object_detection,dropped_oldest,2063,rsg_20260806_135_804900000_002063,dropped,True,fifo_cached_frame,2064,216,0,1846,216,0,1,0.0,49.425715988036245,frame_fifo_full,,,,,,,,,,,,,,,,,,,,,,,,,,,,,,,,,,,,,,,,,,,,,,,,,,,,,,,,,,,,,,
rsg_object_detection,dropped_oldest,2064,rsg_20260806_135_854899999_002064,dropped,True,fifo_cached_frame,2065,216,0,1847,216,0,1,0.0,51.9074400071986,frame_fifo_full,,,,,,,,,,,,,,,,,,,,,,,,,,,,,,,,,,,,,,,,,,,,,,,,,,,,,,,,,,,,,,
rsg_object_detection,dropped_oldest,2065,rsg_20260806_135_904899999_002065,dropped,True,fifo_cached_frame,2066,216,0,1848,216,0,1,0.0,119.08148300426546,frame_fifo_full,,,,,,,,,,,,,,,,,,,,,,,,,,,,,,,,,,,,,,,,,,,,,,,,,,,,,,,,,,,,,,
rsg_object_detection,dropped_oldest,2066,rsg_20260806_135_954900000_002066,dropped,True,fifo_cached_frame,2067,216,0,1849,216,0,1,0.0,11.324016988510266,frame_fifo_full,,,,,,,,,,,,,,,,,,,,,,,,,,,,,,,,,,,,,,,,,,,,,,,,,,,,,,,,,,,,,,
rsg_object_detection,dropped_oldest,2067,rsg_20260806_136_004899999_002067,dropped,True,fifo_cached_frame,2068,216,0,1850,216,0,1,0.0,77.20169899403118,frame_fifo_full,,,,,,,,,,,,,,,,,,,,,,,,,,,,,,,,,,,,,,,,,,,,,,,,,,,,,,,,,,,,,,
rsg_object_detection,dropped_oldest,2068,rsg_20260806_136_104899999_002068,dropped,True,fifo_cached_frame,2069,216,0,1851,216,0,1,0.0,64.14195700199343,frame_fifo_full,,,,,,,,,,,,,,,,,,,,,,,,,,,,,,,,,,,,,,,,,,,,,,,,,,,,,,,,,,,,,,
rsg_object_detection,frame_trace,2059,rsg_20260806_135_454900000_002059,sent_to_hydra,,,,,,,,,,,706.5205299877562,ok,14.957056991988793,584.0796859993134,104.20000499289017,0.165844990988262,104.03416000190191,0.004960005753673613,1.1476999934529886,0.2605900081107393,329.956530011259,13.81348400900606,0.00681597157381475,344.03741999994963,127.30714499775786,41.14060100982897,5.372508967411704,66.74450500577223,13.39866298076231,62.81596400367562,51.86011400655843,6.332763994578272,2.2991120058577508,2.266569994390011,728.0,303.0,3.354243017383851,1.5536559949396178,0.37162397347856313,1.446112000849098,0.5801850056741387,0.004927991540171206,197.4520960066002,5.123660012031905,0.13675900117959827,36.11398999055382,0.06806099554523826,10.663132998161018,10.012168000685051,0.10223301069345325,0.5487319867825136,3.6029929906362668,0.6852029910078272,0.00572801218368113,3.278821997810155,7,0,7,0,0,,,,,,,,,,,,,,
rsg_object_detection,dropped_oldest,2070,rsg_20260806_136_254899999_002070,dropped,True,fifo_cached_frame,2071,217,0,1852,217,0,1,0.0,99.5495069946628,frame_fifo_full,,,,,,,,,,,,,,,,,,,,,,,,,,,,,,,,,,,,,,,,,,,,,,,,,,,,,,,,,,,,,,
rsg_object_detection,dropped_oldest,2071,rsg_20260806_136_354899999_002071,dropped,True,fifo_cached_frame,2072,217,0,1853,217,0,1,0.0,59.388772991951555,frame_fifo_full,,,,,,,,,,,,,,,,,,,,,,,,,,,,,,,,,,,,,,,,,,,,,,,,,,,,,,,,,,,,,,
rsg_object_detection,dropped_oldest,2072,rsg_20260806_136_404899999_002072,dropped,True,fifo_cached_frame,2073,217,0,1854,217,0,1,0.0,41.03469199617393,frame_fifo_full,,,,,,,,,,,,,,,,,,,,,,,,,,,,,,,,,,,,,,,,,,,,,,,,,,,,,,,,,,,,,,
rsg_object_detection,dropped_oldest,2073,rsg_20260806_136_454900000_002073,dropped,True,fifo_cached_frame,2074,217,0,1855,217,0,1,0.0,152.2547220083652,frame_fifo_full,,,,,,,,,,,,,,,,,,,,,,,,,,,,,,,,,,,,,,,,,,,,,,,,,,,,,,,,,,,,,,
rsg_object_detection,dropped_oldest,2074,rsg_20260806_136_604899999_002074,dropped,True,fifo_cached_frame,2075,217,0,1856,217,0,1,0.0,60.40909000148531,frame_fifo_full,,,,,,,,,,,,,,,,,,,,,,,,,,,,,,,,,,,,,,,,,,,,,,,,,,,,,,,,,,,,,,
rsg_object_detection,dropped_oldest,2075,rsg_20260806_136_654899999_002075,dropped,True,fifo_cached_frame,2076,217,0,1857,217,0,1,0.0,39.879599993582815,frame_fifo_full,,,,,,,,,,,,,,,,,,,,,,,,,,,,,,,,,,,,,,,,,,,,,,,,,,,,,,,,,,,,,,
rsg_object_detection,dropped_oldest,2076,rsg_20260806_136_704900000_002076,dropped,True,fifo_cached_frame,2077,217,0,1858,217,0,1,0.0,70.46743200044148,frame_fifo_full,,,,,,,,,,,,,,,,,,,,,,,,,,,,,,,,,,,,,,,,,,,,,,,,,,,,,,,,,,,,,,
rsg_object_detection,dropped_oldest,2077,rsg_20260806_136_754899999_002077,dropped,True,fifo_cached_frame,2078,217,0,1859,218,0,1,0.0,98.13091398973484,frame_fifo_full,,,,,,,,,,,,,,,,,,,,,,,,,,,,,,,,,,,,,,,,,,,,,,,,,,,,,,,,,,,,,,
rsg_object_detection,frame_trace,2069,rsg_20260806_136_154899999_002069,sent_to_hydra,,,,,,,,,,,672.1277950127842,ok,13.030722009716555,617.5495859934017,38.493609012220986,0.134423011331819,38.35918600088917,0.004639994585886598,1.4957729872548953,0.20369800040498376,375.3028369974345,22.778843995183706,0.007071997970342636,398.29245099099353,103.21604802447837,22.1807699999772,6.314396989182569,56.751443989924155,17.16177599155344,66.92414700228255,55.47239299630746,6.736865994753316,2.3556199885206297,2.310406998731196,727.0,304.0,3.0691750143887475,3.0724369862582535,0.4060499632032588,1.3072419969830662,0.5034539935877547,0.0042239989852532744,178.52156001026742,3.6759490030817688,0.13410400424618274,35.36418700241484,0.06556199514307082,7.9283720115199685,7.16464601282496,0.11695201101247221,0.6467739876825362,4.065203000209294,1.031003994285129,0.006143003702163696,3.049238002859056,7,0,7,0,0,,,,,,,,,,,,,,
rsg_object_detection,dropped_oldest,2079,rsg_20260806_136_904899999_002079,dropped,True,fifo_cached_frame,2080,218,0,1860,218,0,1,0.0,92.52769999147858,frame_fifo_full,,,,,,,,,,,,,,,,,,,,,,,,,,,,,,,,,,,,,,,,,,,,,,,,,,,,,,,,,,,,,,
rsg_object_detection,dropped_oldest,2080,rsg_20260806_136_954900000_002080,dropped,True,fifo_cached_frame,2081,218,0,1861,218,0,1,0.0,5.770817995653488,frame_fifo_full,,,,,,,,,,,,,,,,,,,,,,,,,,,,,,,,,,,,,,,,,,,,,,,,,,,,,,,,,,,,,,
rsg_object_detection,dropped_oldest,2081,rsg_20260806_137_004899999_002081,dropped,True,fifo_cached_frame,2082,218,0,1862,218,0,1,0.0,37.332441002945416,frame_fifo_full,,,,,,,,,,,,,,,,,,,,,,,,,,,,,,,,,,,,,,,,,,,,,,,,,,,,,,,,,,,,,,
rsg_object_detection,dropped_oldest,2082,rsg_20260806_137_054900000_002082,dropped,True,fifo_cached_frame,2083,218,0,1863,218,0,1,0.0,104.73930698935874,frame_fifo_full,,,,,,,,,,,,,,,,,,,,,,,,,,,,,,,,,,,,,,,,,,,,,,,,,,,,,,,,,,,,,,
rsg_object_detection,dropped_oldest,2083,rsg_20260806_137_154899999_002083,dropped,True,fifo_cached_frame,2084,218,0,1864,218,0,1,0.0,55.72344799293205,frame_fifo_full,,,,,,,,,,,,,,,,,,,,,,,,,,,,,,,,,,,,,,,,,,,,,,,,,,,,,,,,,,,,,,
rsg_object_detection,dropped_oldest,2084,rsg_20260806_137_204900000_002084,dropped,True,fifo_cached_frame,2085,218,0,1865,218,0,1,0.0,41.45002498989925,frame_fifo_full,,,,,,,,,,,,,,,,,,,,,,,,,,,,,,,,,,,,,,,,,,,,,,,,,,,,,,,,,,,,,,
rsg_object_detection,dropped_oldest,2085,rsg_20260806_137_254899999_002085,dropped,True,fifo_cached_frame,2086,218,0,1866,218,0,1,0.0,51.45061499206349,frame_fifo_full,,,,,,,,,,,,,,,,,,,,,,,,,,,,,,,,,,,,,,,,,,,,,,,,,,,,,,,,,,,,,,
rsg_object_detection,dropped_oldest,2086,rsg_20260806_137_304900000_002086,dropped,True,fifo_cached_frame,2087,218,0,1867,218,0,1,0.0,46.37786299281288,frame_fifo_full,,,,,,,,,,,,,,,,,,,,,,,,,,,,,,,,,,,,,,,,,,,,,,,,,,,,,,,,,,,,,,
rsg_object_detection,dropped_oldest,2087,rsg_20260806_137_354899999_002087,dropped,True,fifo_cached_frame,2088,218,0,1868,218,0,1,0.0,59.284849994583055,frame_fifo_full,,,,,,,,,,,,,,,,,,,,,,,,,,,,,,,,,,,,,,,,,,,,,,,,,,,,,,,,,,,,,,
rsg_object_detection,dropped_oldest,2088,rsg_20260806_137_404899999_002088,dropped,True,fifo_cached_frame,2089,218,0,1869,218,0,1,0.0,50.17735599540174,frame_fifo_full,,,,,,,,,,,,,,,,,,,,,,,,,,,,,,,,,,,,,,,,,,,,,,,,,,,,,,,,,,,,,,
rsg_object_detection,dropped_oldest,2089,rsg_20260806_137_454900000_002089,dropped,True,fifo_cached_frame,2090,218,0,1870,218,0,1,0.0,100.44219400151633,frame_fifo_full,,,,,,,,,,,,,,,,,,,,,,,,,,,,,,,,,,,,,,,,,,,,,,,,,,,,,,,,,,,,,,
rsg_object_detection,dropped_oldest,2090,rsg_20260806_137_504899999_002090,dropped,True,fifo_cached_frame,2091,218,0,1871,219,0,1,0.0,109.74669898860157,frame_fifo_full,,,,,,,,,,,,,,,,,,,,,,,,,,,,,,,,,,,,,,,,,,,,,,,,,,,,,,,,,,,,,,
rsg_object_detection,frame_trace,2078,rsg_20260806_136_854899999_002078,sent_to_hydra,,,,,,,,,,,768.979924992891,ok,10.629889002302662,743.7055320042418,12.09977499092929,0.13419899914879352,11.965575991780497,0.005118999979458749,1.2747639993904158,0.20293000852689147,443.99900500138756,16.56588100013323,0.007871989510022104,460.7756879995577,163.377936987672,40.425549988867715,10.389746021246538,76.00627101783175,35.39567698317114,69.74815799912903,59.13762698764913,4.681898994022049,3.337988004204817,2.2833049879409373,811.0,305.0,3.251435002312064,1.3907230022596195,0.35597701207734644,1.3445829972624779,0.636981989373453,0.004479006747715175,240.12707300425973,6.826909011579119,0.15250199066940695,34.50143200461753,0.04716399416793138,5.871484012459405,5.230085997027345,0.09999299072660506,0.5414050247054547,4.096496995771304,0.6564359937328845,0.005472000339068472,2.539609995437786,8,0,7,0,0,,,,,,,,,,,,,,
rsg_object_detection,dropped_oldest,2092,rsg_20260806_137_654899999_002092,dropped,True,fifo_cached_frame,2093,219,0,1872,219,0,1,0.0,21.962133003398776,frame_fifo_full,,,,,,,,,,,,,,,,,,,,,,,,,,,,,,,,,,,,,,,,,,,,,,,,,,,,,,,,,,,,,,
rsg_object_detection,dropped_oldest,2093,rsg_20260806_137_704900000_002093,dropped,True,fifo_cached_frame,2094,219,0,1873,219,0,1,0.0,160.7387209951412,frame_fifo_full,,,,,,,,,,,,,,,,,,,,,,,,,,,,,,,,,,,,,,,,,,,,,,,,,,,,,,,,,,,,,,
rsg_object_detection,dropped_oldest,2094,rsg_20260806_137_854899999_002094,dropped,True,fifo_cached_frame,2095,219,0,1874,219,0,1,0.0,46.62632600229699,frame_fifo_full,,,,,,,,,,,,,,,,,,,,,,,,,,,,,,,,,,,,,,,,,,,,,,,,,,,,,,,,,,,,,,
rsg_object_detection,dropped_oldest,2095,rsg_20260806_137_904899999_002095,dropped,True,fifo_cached_frame,2096,219,0,1875,219,0,1,0.0,93.71649500099011,frame_fifo_full,,,,,,,,,,,,,,,,,,,,,,,,,,,,,,,,,,,,,,,,,,,,,,,,,,,,,,,,,,,,,,
rsg_object_detection,dropped_oldest,2096,rsg_20260806_138_004899999_002096,dropped,True,fifo_cached_frame,2097,219,0,1876,219,0,1,0.0,86.17379299539607,frame_fifo_full,,,,,,,,,,,,,,,,,,,,,,,,,,,,,,,,,,,,,,,,,,,,,,,,,,,,,,,,,,,,,,
rsg_object_detection,dropped_oldest,2097,rsg_20260806_138_054900000_002097,dropped,True,fifo_cached_frame,2098,219,0,1877,219,0,1,0.0,143.12334099668078,frame_fifo_full,,,,,,,,,,,,,,,,,,,,,,,,,,,,,,,,,,,,,,,,,,,,,,,,,,,,,,,,,,,,,,
rsg_object_detection,dropped_oldest,2098,rsg_20260806_138_204900000_002098,dropped,True,fifo_cached_frame,2099,219,0,1878,219,0,1,0.0,24.321880991919897,frame_fifo_full,,,,,,,,,,,,,,,,,,,,,,,,,,,,,,,,,,,,,,,,,,,,,,,,,,,,,,,,,,,,,,
rsg_object_detection,frame_trace,2091,rsg_20260806_137_604899999_002091,sent_to_hydra,,,,,,,,,,,590.2505589911016,ok,24.715966996154748,557.8811130108079,5.372028987039812,0.1356069988105446,5.236421988229267,0.0037749996408820152,6.669094989774749,0.22859300952404737,334.57468799315393,17.781417001970112,0.008382005034945905,352.59308000968304,91.33306797593832,27.42045900959056,7.637416987563483,32.38620999036357,22.995824983809143,60.3700580104487,51.16919400461484,3.537366006639786,3.3935359970200807,1.9330249924678355,590.0,80.0,6.3312949787359685,2.3752029956085607,0.47497503692284226,1.4112670032773167,0.5096300010336563,0.004576009814627469,162.82616699754726,4.888892988674343,0.17941200349014252,30.681587988510728,0.04287803312763572,15.272878008545376,14.565820994903333,0.12351199984550476,0.5835450137965381,8.754782000323758,0.682738987961784,0.0055679993238300085,2.2776749974582344,8,0,7,0,0,,,,,,,,,,,,,,
rsg_object_detection,dropped_oldest,2100,rsg_20260806_138_354899999_002100,dropped,True,fifo_cached_frame,2101,220,0,1879,220,0,1,0.0,48.886277989367954,frame_fifo_full,,,,,,,,,,,,,,,,,,,,,,,,,,,,,,,,,,,,,,,,,,,,,,,,,,,,,,,,,,,,,,
rsg_object_detection,dropped_oldest,2101,rsg_20260806_138_404899999_002101,dropped,True,fifo_cached_frame,2102,220,0,1880,220,0,1,0.0,49.67908999242354,frame_fifo_full,,,,,,,,,,,,,,,,,,,,,,,,,,,,,,,,,,,,,,,,,,,,,,,,,,,,,,,,,,,,,,
rsg_object_detection,dropped_oldest,2102,rsg_20260806_138_454900000_002102,dropped,True,fifo_cached_frame,2103,220,0,1881,220,0,1,0.0,101.71274399908725,frame_fifo_full,,,,,,,,,,,,,,,,,,,,,,,,,,,,,,,,,,,,,,,,,,,,,,,,,,,,,,,,,,,,,,
rsg_object_detection,dropped_oldest,2103,rsg_20260806_138_554900000_002103,dropped,True,fifo_cached_frame,2104,220,0,1882,220,0,1,0.0,119.24812999495771,frame_fifo_full,,,,,,,,,,,,,,,,,,,,,,,,,,,,,,,,,,,,,,,,,,,,,,,,,,,,,,,,,,,,,,
rsg_object_detection,dropped_oldest,2104,rsg_20260806_138_654899999_002104,dropped,True,fifo_cached_frame,2105,220,0,1883,220,0,1,0.0,88.38053500221577,frame_fifo_full,,,,,,,,,,,,,,,,,,,,,,,,,,,,,,,,,,,,,,,,,,,,,,,,,,,,,,,,,,,,,,
rsg_object_detection,frame_trace,2099,rsg_20260806_138_254899999_002099,sent_to_hydra,,,,,,,,,,,575.0899190024938,ok,13.534403013181873,537.1291589981411,22.09310200123582,0.15694899775553495,21.936153003480285,0.00460700539406389,5.090448001283221,0.22337799600791186,297.4535219982499,21.31286499206908,0.007263006409630179,318.99702799273655,112.83956200350076,18.337573026656173,7.351097985520028,61.25800497829914,25.086760986596346,56.2777260056464,42.52464999444783,9.001901998999529,2.7231159911025316,1.9754850072786212,526.0,81.0,4.034965008031577,1.442655993741937,0.3488729853415862,1.6399559972342104,0.5699460016330704,0.004128000000491738,177.1785469900351,6.199654992087744,0.1409190008416772,29.455976007739082,0.06658601341769099,8.310555000207387,7.487410010071471,0.12600798800121993,0.6971370021346956,4.450075008207932,0.7675340020796284,0.006239002686925232,2.3286479845410213,7,0,7,0,0,,,,,,,,,,,,,,
rsg_object_detection,dropped_oldest,2106,rsg_20260806_138_854899999_002106,dropped,True,fifo_cached_frame,2107,221,0,1884,221,0,1,0.0,61.50752500980161,frame_fifo_full,,,,,,,,,,,,,,,,,,,,,,,,,,,,,,,,,,,,,,,,,,,,,,,,,,,,,,,,,,,,,,
rsg_object_detection,,518,rsg_20260806_39_054879999_000518,vlm_done,,,,,,,,,,,,ok,,,,,,,,,,,,,,,,,,,,,,,,,,,,,,,,,,,,,,,,,,,,,,,,,rsg_obj_000057,rsg_unknown_rsg_20260806_39_054879999_000518_006_nanosam_001,,,1,0.8504348333240663,ceiling_light,0.97,static,0.99,6243.904281000141,94099.7999770043,qwen_http,Qwen3-VL-8B-Instruct-GGUF
rsg_object_detection,completed,518,rsg_20260806_39_054879999_000518,,,,,,,,,,,87855.89326400077,,vlm_done,,,,,,,,,,,,,,,,,,,,,,,,,,,,,,,,,,,,,,,,,,,,,,,,,rsg_obj_000057,rsg_unknown_rsg_20260806_39_054879999_000518_006_nanosam_001,81,300,1,0.8504348333240663,,,,,,,,
rsg_object_detection,dropped_oldest,2107,rsg_20260806_138_904899999_002107,dropped,True,fifo_cached_frame,2108,221,0,1885,221,0,1,0.0,82.46054200571962,frame_fifo_full,,,,,,,,,,,,,,,,,,,,,,,,,,,,,,,,,,,,,,,,,,,,,,,,,,,,,,,,,,,,,,
rsg_object_detection,dropped_oldest,2108,rsg_20260806_139_004899999_002108,dropped,True,fifo_cached_frame,2109,221,0,1886,221,0,1,0.0,47.33332400792278,frame_fifo_full,,,,,,,,,,,,,,,,,,,,,,,,,,,,,,,,,,,,,,,,,,,,,,,,,,,,,,,,,,,,,,
rsg_object_detection,dequeued,614,rsg_20260806_45_304879999_000614,,,,,,,,,,,93275.53186099976,,fifo_order,,,,,,,,,,,,,,,,,,,,,,,,,,,,,,,,,,,,,,,,,,,,,,,,,rsg_obj_000055,rsg_unknown_rsg_20260806_45_304879999_000614_004_nanosam_003,80,300,3,0.4795387492615739,,,,,,,,
rsg_object_detection,dropped_oldest,2109,rsg_20260806_139_054900000_002109,dropped,True,fifo_cached_frame,2110,221,0,1887,221,0,1,0.0,151.65053600503597,frame_fifo_full,,,,,,,,,,,,,,,,,,,,,,,,,,,,,,,,,,,,,,,,,,,,,,,,,,,,,,,,,,,,,,
rsg_object_detection,dropped_oldest,2110,rsg_20260806_139_204900000_002110,dropped,True,fifo_cached_frame,2111,221,0,1888,221,0,1,0.0,68.36176199431065,frame_fifo_full,,,,,,,,,,,,,,,,,,,,,,,,,,,,,,,,,,,,,,,,,,,,,,,,,,,,,,,,,,,,,,
rsg_object_detection,frame_trace,2105,rsg_20260806_138_754899999_002105,sent_to_hydra,,,,,,,,,,,568.9613379945513,ok,13.184219002141617,458.49861099850386,94.8493559990311,0.126294995425269,94.72306100360584,0.009151000995188951,15.064893988892436,0.30554700060747564,213.5843050054973,16.251086999545805,0.007327995263040066,230.14826700091362,104.39634299837053,23.392151997541077,5.849885012139566,51.814209975418635,21.776164008770138,58.20012801268604,49.220975997741334,3.977338012191467,3.1397929997183383,1.8063129973597825,513.0,83.0,3.961243011872284,4.878302017459646,0.3642319643404335,1.3845810026396066,0.6538119923789054,0.004352012183517218,173.86030399939045,7.799678001902066,0.18536399875301868,31.38554800534621,0.05455600330606103,7.638056995347142,6.919191990164109,0.11781699140556157,0.6010480137774721,4.895100995781831,0.6459419964812696,0.005119014531373978,2.420000993879512,7,0,7,0,0,,,,,,,,,,,,,,
rsg_object_detection,dropped_oldest,2112,rsg_20260806_139_354899999_002112,dropped,True,fifo_cached_frame,2113,222,0,1889,222,0,1,0.0,25.28034998977091,frame_fifo_full,,,,,,,,,,,,,,,,,,,,,,,,,,,,,,,,,,,,,,,,,,,,,,,,,,,,,,,,,,,,,,
rsg_object_detection,dropped_oldest,2113,rsg_20260806_139_404899999_002113,dropped,True,fifo_cached_frame,2114,222,0,1890,222,0,1,0.0,38.45385000749957,frame_fifo_full,,,,,,,,,,,,,,,,,,,,,,,,,,,,,,,,,,,,,,,,,,,,,,,,,,,,,,,,,,,,,,
rsg_object_detection,dropped_oldest,2114,rsg_20260806_139_454900000_002114,dropped,True,fifo_cached_frame,2115,222,0,1891,222,0,1,0.0,50.248751998879015,frame_fifo_full,,,,,,,,,,,,,,,,,,,,,,,,,,,,,,,,,,,,,,,,,,,,,,,,,,,,,,,,,,,,,,
rsg_object_detection,dropped_oldest,2115,rsg_20260806_139_504899999_002115,dropped,True,fifo_cached_frame,2116,222,0,1892,222,0,1,0.0,51.10101599711925,frame_fifo_full,,,,,,,,,,,,,,,,,,,,,,,,,,,,,,,,,,,,,,,,,,,,,,,,,,,,,,,,,,,,,,
rsg_object_detection,dropped_oldest,2116,rsg_20260806_139_554900000_002116,dropped,True,fifo_cached_frame,2117,222,0,1893,222,0,1,0.0,167.3302529961802,frame_fifo_full,,,,,,,,,,,,,,,,,,,,,,,,,,,,,,,,,,,,,,,,,,,,,,,,,,,,,,,,,,,,,,
rsg_object_detection,dropped_oldest,2117,rsg_20260806_139_704900000_002117,dropped,True,fifo_cached_frame,2118,222,0,1894,222,0,1,0.0,75.52449499780778,frame_fifo_full,,,,,,,,,,,,,,,,,,,,,,,,,,,,,,,,,,,,,,,,,,,,,,,,,,,,,,,,,,,,,,
rsg_object_detection,dropped_oldest,2118,rsg_20260806_139_754899999_002118,dropped,True,fifo_cached_frame,2119,222,0,1895,223,0,1,0.0,75.03415900282562,frame_fifo_full,,,,,,,,,,,,,,,,,,,,,,,,,,,,,,,,,,,,,,,,,,,,,,,,,,,,,,,,,,,,,,
rsg_object_detection,frame_trace,2111,rsg_20260806_139_254899999_002111,sent_to_hydra,,,,,,,,,,,582.0379320066422,ok,11.178624001331627,487.4494770047022,81.37502100726124,0.14776599709875882,81.22725501016248,0.006943999323993921,3.3042940049199387,0.2007870061788708,292.3302400013199,17.960448007215746,0.00777498644310981,310.49925000115763,83.92006999929436,17.3513679910684,5.1996890106238425,42.08503398695029,18.53413798380643,53.60949099122081,41.591850997065194,7.121962000383064,2.768777994788252,1.7459649970987812,544.0,83.0,3.8433939625974745,1.1213680118089542,0.3878770367009565,1.5886629989836365,0.4159399977652356,0.006272006430663168,144.91320199158508,2.459677998558618,0.196690991288051,26.015501003712416,0.060861013480462134,6.465077996836044,5.7463099947199225,0.13611899339593947,0.5826490087201819,4.039125997223891,0.6685959961032495,0.0058240111684426665,2.027865994023159,7,0,6,0,0,,,,,,,,,,,,,,
rsg_object_detection,dropped_oldest,2120,rsg_20260806_139_904899999_002120,dropped,True,fifo_cached_frame,2121,223,0,1896,223,0,1,0.0,49.79572600859683,frame_fifo_full,,,,,,,,,,,,,,,,,,,,,,,,,,,,,,,,,,,,,,,,,,,,,,,,,,,,,,,,,,,,,,
rsg_object_detection,dropped_oldest,2121,rsg_20260806_139_954900000_002121,dropped,True,fifo_cached_frame,2122,223,0,1897,223,0,1,0.0,95.97306800424121,frame_fifo_full,,,,,,,,,,,,,,,,,,,,,,,,,,,,,,,,,,,,,,,,,,,,,,,,,,,,,,,,,,,,,,
rsg_object_detection,dropped_oldest,2122,rsg_20260806_140_054900000_002122,dropped,True,fifo_cached_frame,2123,223,0,1898,223,0,1,0.0,49.83332401025109,frame_fifo_full,,,,,,,,,,,,,,,,,,,,,,,,,,,,,,,,,,,,,,,,,,,,,,,,,,,,,,,,,,,,,,
rsg_object_detection,dropped_oldest,2123,rsg_20260806_140_104899999_002123,dropped,True,fifo_cached_frame,2124,223,0,1899,223,0,1,0.0,49.724466996849515,frame_fifo_full,,,,,,,,,,,,,,,,,,,,,,,,,,,,,,,,,,,,,,,,,,,,,,,,,,,,,,,,,,,,,,
rsg_object_detection,dropped_oldest,2124,rsg_20260806_140_154899999_002124,dropped,True,fifo_cached_frame,2125,223,0,1900,223,0,1,0.0,50.9891519905068,frame_fifo_full,,,,,,,,,,,,,,,,,,,,,,,,,,,,,,,,,,,,,,,,,,,,,,,,,,,,,,,,,,,,,,
rsg_object_detection,dropped_oldest,2125,rsg_20260806_140_204900000_002125,dropped,True,fifo_cached_frame,2126,223,0,1901,223,0,1,0.0,67.28884800395463,frame_fifo_full,,,,,,,,,,,,,,,,,,,,,,,,,,,,,,,,,,,,,,,,,,,,,,,,,,,,,,,,,,,,,,
rsg_object_detection,dropped_oldest,2126,rsg_20260806_140_254899999_002126,dropped,True,fifo_cached_frame,2127,223,0,1902,223,0,1,0.0,124.50009598978795,frame_fifo_full,,,,,,,,,,,,,,,,,,,,,,,,,,,,,,,,,,,,,,,,,,,,,,,,,,,,,,,,,,,,,,
rsg_object_detection,dropped_oldest,2127,rsg_20260806_140_354899999_002127,dropped,True,fifo_cached_frame,2128,223,0,1903,223,0,1,0.0,10.004941999795847,frame_fifo_full,,,,,,,,,,,,,,,,,,,,,,,,,,,,,,,,,,,,,,,,,,,,,,,,,,,,,,,,,,,,,,
rsg_object_detection,frame_trace,2119,rsg_20260806_139_854899999_002119,sent_to_hydra,,,,,,,,,,,544.3002739921212,ok,24.580878001870587,512.3571930016624,3.672749997349456,0.15378199168480933,3.5189680056646466,0.007295006071217358,2.2046550002414733,0.2289449912495911,294.81362699880265,17.734736000420526,0.006975009455345571,312.7842829999281,59.36572002246976,24.337214010301977,5.4489859903696924,14.050113008124754,14.654042999609374,80.7280000008177,69.54604700149503,5.068465994554572,3.293159999884665,2.7326199924573302,851.0,312.0,3.847685002256185,0.9317769581684843,0.3554630238795653,1.5670960128773004,1.45603199780453,0.004864006768912077,148.27577299729455,4.896382000879385,0.20462600514292717,43.94667599990498,0.04479799827095121,19.678192998981103,18.576344999019057,0.29242799791973084,0.8094200020423159,4.005144000984728,0.8911100012483075,0.006431000656448305,3.682157985167578,8,0,8,0,0,,,,,,,,,,,,,,
rsg_object_detection,dropped_oldest,2129,rsg_20260806_140_454900000_002129,dropped,True,fifo_cached_frame,2130,224,0,1904,224,0,1,0.0,51.67192799854092,frame_fifo_full,,,,,,,,,,,,,,,,,,,,,,,,,,,,,,,,,,,,,,,,,,,,,,,,,,,,,,,,,,,,,,
rsg_object_detection,dropped_oldest,2130,rsg_20260806_140_504899999_002130,dropped,True,fifo_cached_frame,2131,224,0,1905,224,0,1,0.0,52.34631599159911,frame_fifo_full,,,,,,,,,,,,,,,,,,,,,,,,,,,,,,,,,,,,,,,,,,,,,,,,,,,,,,,,,,,,,,
rsg_object_detection,dropped_oldest,2131,rsg_20260806_140_554900000_002131,dropped,True,fifo_cached_frame,2132,224,0,1906,224,0,1,0.0,46.80741600168403,frame_fifo_full,,,,,,,,,,,,,,,,,,,,,,,,,,,,,,,,,,,,,,,,,,,,,,,,,,,,,,,,,,,,,,
rsg_object_detection,dropped_oldest,2132,rsg_20260806_140_604899999_002132,dropped,True,fifo_cached_frame,2133,224,0,1907,224,0,1,0.0,48.88779099564999,frame_fifo_full,,,,,,,,,,,,,,,,,,,,,,,,,,,,,,,,,,,,,,,,,,,,,,,,,,,,,,,,,,,,,,
rsg_object_detection,dropped_oldest,2133,rsg_20260806_140_654899999_002133,dropped,True,fifo_cached_frame,2134,224,0,1908,224,0,1,0.0,50.94378400826827,frame_fifo_full,,,,,,,,,,,,,,,,,,,,,,,,,,,,,,,,,,,,,,,,,,,,,,,,,,,,,,,,,,,,,,
rsg_object_detection,dropped_oldest,2134,rsg_20260806_140_704900000_002134,dropped,True,fifo_cached_frame,2135,224,0,1909,224,0,1,0.0,53.251503995852545,frame_fifo_full,,,,,,,,,,,,,,,,,,,,,,,,,,,,,,,,,,,,,,,,,,,,,,,,,,,,,,,,,,,,,,
rsg_object_detection,dropped_oldest,2135,rsg_20260806_140_754899999_002135,dropped,True,fifo_cached_frame,2136,224,0,1910,224,0,1,0.0,48.70060400571674,frame_fifo_full,,,,,,,,,,,,,,,,,,,,,,,,,,,,,,,,,,,,,,,,,,,,,,,,,,,,,,,,,,,,,,
rsg_object_detection,dropped_oldest,2136,rsg_20260806_140_804900000_002136,dropped,True,fifo_cached_frame,2137,224,0,1911,224,0,1,0.0,116.25407800602261,frame_fifo_full,,,,,,,,,,,,,,,,,,,,,,,,,,,,,,,,,,,,,,,,,,,,,,,,,,,,,,,,,,,,,,
rsg_object_detection,dropped_oldest,2137,rsg_20260806_140_854899999_002137,dropped,True,fifo_cached_frame,2138,224,0,1912,224,0,1,0.0,6.71066201175563,frame_fifo_full,,,,,,,,,,,,,,,,,,,,,,,,,,,,,,,,,,,,,,,,,,,,,,,,,,,,,,,,,,,,,,
rsg_object_detection,dropped_oldest,2138,rsg_20260806_140_904899999_002138,dropped,True,fifo_cached_frame,2139,224,0,1913,224,0,1,0.0,47.84149199258536,frame_fifo_full,,,,,,,,,,,,,,,,,,,,,,,,,,,,,,,,,,,,,,,,,,,,,,,,,,,,,,,,,,,,,,
rsg_object_detection,dropped_oldest,2139,rsg_20260806_140_954900000_002139,dropped,True,fifo_cached_frame,2140,224,0,1914,224,0,1,0.0,26.764573995023966,frame_fifo_full,,,,,,,,,,,,,,,,,,,,,,,,,,,,,,,,,,,,,,,,,,,,,,,,,,,,,,,,,,,,,,
rsg_object_detection,dropped_oldest,2140,rsg_20260806_141_004899999_002140,dropped,True,fifo_cached_frame,2141,224,0,1915,224,0,1,0.0,74.68750099360477,frame_fifo_full,,,,,,,,,,,,,,,,,,,,,,,,,,,,,,,,,,,,,,,,,,,,,,,,,,,,,,,,,,,,,,
rsg_object_detection,frame_trace,2128,rsg_20260806_140_404899999_002128,sent_to_hydra,,,,,,,,,,,683.9085640094709,ok,14.013510008226149,625.5924010038143,41.08651200658642,0.2600470033939928,40.826465003192425,0.007199007086455822,9.268702007830143,0.7042740035103634,328.70982500026,26.05738899728749,0.007327995263040066,355.4788159963209,128.31933102279436,27.914034988498315,25.365786990732886,34.489379002479836,39.64622203784529,76.99000599677674,59.83708699932322,11.204287002328783,3.307814011350274,2.5848220102488995,856.0,313.0,5.227496003499255,1.9035529985558242,0.35370697150938213,1.4255700079957023,0.3857340052491054,0.007551992894150317,214.63272400433198,4.2453200003365055,0.15839000116102397,41.75754000607412,0.0509089877596125,9.173252008622512,8.483154000714421,0.10620200191624463,0.5838960059918463,4.0790280036162585,0.7569430017611012,0.0042869942262768745,3.2089419837575406,8,0,8,0,0,,,,,,,,,,,,,,
rsg_object_detection,dropped_oldest,2142,rsg_20260806_141_154899999_002142,dropped,True,fifo_cached_frame,2143,225,0,1916,225,0,1,0.0,31.42951600602828,frame_fifo_full,,,,,,,,,,,,,,,,,,,,,,,,,,,,,,,,,,,,,,,,,,,,,,,,,,,,,,,,,,,,,,
rsg_object_detection,dropped_oldest,2143,rsg_20260806_141_204900000_002143,dropped,True,fifo_cached_frame,2144,225,0,1917,225,0,1,0.0,49.452969993581064,frame_fifo_full,,,,,,,,,,,,,,,,,,,,,,,,,,,,,,,,,,,,,,,,,,,,,,,,,,,,,,,,,,,,,,
rsg_object_detection,dropped_oldest,2144,rsg_20260806_141_254899999_002144,dropped,True,fifo_cached_frame,2145,225,0,1918,225,0,1,0.0,53.43005699978676,frame_fifo_full,,,,,,,,,,,,,,,,,,,,,,,,,,,,,,,,,,,,,,,,,,,,,,,,,,,,,,,,,,,,,,
rsg_object_detection,dropped_oldest,2145,rsg_20260806_141_304900000_002145,dropped,True,fifo_cached_frame,2146,225,0,1919,225,0,1,0.0,49.33643799449783,frame_fifo_full,,,,,,,,,,,,,,,,,,,,,,,,,,,,,,,,,,,,,,,,,,,,,,,,,,,,,,,,,,,,,,
rsg_object_detection,dropped_oldest,2146,rsg_20260806_141_354899999_002146,dropped,True,fifo_cached_frame,2147,225,0,1920,225,0,1,0.0,50.58608399122022,frame_fifo_full,,,,,,,,,,,,,,,,,,,,,,,,,,,,,,,,,,,,,,,,,,,,,,,,,,,,,,,,,,,,,,
rsg_object_detection,dropped_oldest,2147,rsg_20260806_141_404899999_002147,dropped,True,fifo_cached_frame,2148,225,0,1921,225,0,1,0.0,72.06364900048357,frame_fifo_full,,,,,,,,,,,,,,,,,,,,,,,,,,,,,,,,,,,,,,,,,,,,,,,,,,,,,,,,,,,,,,
rsg_object_detection,dropped_oldest,2148,rsg_20260806_141_454900000_002148,dropped,True,fifo_cached_frame,2149,225,0,1922,225,0,1,0.0,32.19538899429608,frame_fifo_full,,,,,,,,,,,,,,,,,,,,,,,,,,,,,,,,,,,,,,,,,,,,,,,,,,,,,,,,,,,,,,
rsg_object_detection,dropped_oldest,2149,rsg_20260806_141_504899999_002149,dropped,True,fifo_cached_frame,2150,225,0,1923,225,0,1,0.0,48.149795999052,frame_fifo_full,,,,,,,,,,,,,,,,,,,,,,,,,,,,,,,,,,,,,,,,,,,,,,,,,,,,,,,,,,,,,,
rsg_object_detection,dropped_oldest,2150,rsg_20260806_141_554900000_002150,dropped,True,fifo_cached_frame,2151,225,0,1924,225,0,1,0.0,61.742438992951065,frame_fifo_full,,,,,,,,,,,,,,,,,,,,,,,,,,,,,,,,,,,,,,,,,,,,,,,,,,,,,,,,,,,,,,
rsg_object_detection,dropped_oldest,2151,rsg_20260806_141_604899999_002151,dropped,True,fifo_cached_frame,2152,225,0,1925,225,0,1,0.0,66.16534800559748,frame_fifo_full,,,,,,,,,,,,,,,,,,,,,,,,,,,,,,,,,,,,,,,,,,,,,,,,,,,,,,,,,,,,,,
rsg_object_detection,dropped_oldest,2152,rsg_20260806_141_654899999_002152,dropped,True,fifo_cached_frame,2153,225,0,1926,225,0,1,0.0,34.51238799607381,frame_fifo_full,,,,,,,,,,,,,,,,,,,,,,,,,,,,,,,,,,,,,,,,,,,,,,,,,,,,,,,,,,,,,,
rsg_object_detection,dropped_oldest,2153,rsg_20260806_141_704900000_002153,dropped,True,fifo_cached_frame,2154,225,0,1927,225,0,1,0.0,71.25384599203244,frame_fifo_full,,,,,,,,,,,,,,,,,,,,,,,,,,,,,,,,,,,,,,,,,,,,,,,,,,,,,,,,,,,,,,
rsg_object_detection,dropped_oldest,2154,rsg_20260806_141_754899999_002154,dropped,True,fifo_cached_frame,2155,225,0,1928,226,0,1,0.0,47.14115800743457,frame_fifo_full,,,,,,,,,,,,,,,,,,,,,,,,,,,,,,,,,,,,,,,,,,,,,,,,,,,,,,,,,,,,,,
rsg_object_detection,frame_trace,2141,rsg_20260806_141_054900000_002141,sent_to_hydra,,,,,,,,,,,725.0065200059908,ok,16.762867002398707,664.4083610008238,40.402109996648505,0.1455910096410662,40.25651898700744,0.0040000013541430235,2.7555310080060735,0.2763340016826987,296.58190700865816,15.079360993695445,0.006431990186683834,311.944033994223,211.3755190221127,19.039482984226197,5.855389012140222,155.1115350157488,30.609059991547838,84.24991999345366,70.27387800917495,7.970612001372501,3.09486901096534,2.8631070017581806,869.0,315.0,3.6273779842304066,1.4657590072602034,0.33824998536147177,1.4113950019236654,0.35847199615091085,0.005631998647004366,302.84883599961177,2.9809880070388317,0.20699399465229362,43.619534000754356,0.05244399653747678,11.954927002079785,11.282075007329695,0.11071299377363175,0.5621390009764582,4.015832004370168,0.7865090010454878,0.00559899490326643,3.4291820047656074,8,0,8,0,0,,,,,,,,,,,,,,
rsg_object_detection,dropped_oldest,2156,rsg_20260806_141_854899999_002156,dropped,True,fifo_cached_frame,2157,226,0,1929,226,0,1,0.0,46.95614600495901,frame_fifo_full,,,,,,,,,,,,,,,,,,,,,,,,,,,,,,,,,,,,,,,,,,,,,,,,,,,,,,,,,,,,,,
rsg_object_detection,dropped_oldest,2157,rsg_20260806_141_904899999_002157,dropped,True,fifo_cached_frame,2158,226,0,1930,226,0,1,0.0,50.93562901311088,frame_fifo_full,,,,,,,,,,,,,,,,,,,,,,,,,,,,,,,,,,,,,,,,,,,,,,,,,,,,,,,,,,,,,,
rsg_object_detection,dropped_oldest,2158,rsg_20260806_141_954900000_002158,dropped,True,fifo_cached_frame,2159,226,0,1931,226,0,1,0.0,51.76831099379342,frame_fifo_full,,,,,,,,,,,,,,,,,,,,,,,,,,,,,,,,,,,,,,,,,,,,,,,,,,,,,,,,,,,,,,
rsg_object_detection,dropped_oldest,2159,rsg_20260806_142_004899999_002159,dropped,True,fifo_cached_frame,2160,226,0,1932,226,0,1,0.0,50.79023000143934,frame_fifo_full,,,,,,,,,,,,,,,,,,,,,,,,,,,,,,,,,,,,,,,,,,,,,,,,,,,,,,,,,,,,,,
rsg_object_detection,dropped_oldest,2160,rsg_20260806_142_054900000_002160,dropped,True,fifo_cached_frame,2161,226,0,1933,226,0,1,0.0,45.45582899299916,frame_fifo_full,,,,,,,,,,,,,,,,,,,,,,,,,,,,,,,,,,,,,,,,,,,,,,,,,,,,,,,,,,,,,,
rsg_object_detection,dropped_oldest,2161,rsg_20260806_142_104899999_002161,dropped,True,fifo_cached_frame,2162,226,0,1934,226,0,1,0.0,94.02550201048143,frame_fifo_full,,,,,,,,,,,,,,,,,,,,,,,,,,,,,,,,,,,,,,,,,,,,,,,,,,,,,,,,,,,,,,
rsg_object_detection,dropped_oldest,2162,rsg_20260806_142_154899999_002162,dropped,True,fifo_cached_frame,2163,226,0,1935,226,0,1,0.0,23.791685001924634,frame_fifo_full,,,,,,,,,,,,,,,,,,,,,,,,,,,,,,,,,,,,,,,,,,,,,,,,,,,,,,,,,,,,,,
rsg_object_detection,dropped_oldest,2163,rsg_20260806_142_204900000_002163,dropped,True,fifo_cached_frame,2164,226,0,1936,226,0,1,0.0,46.262817006208934,frame_fifo_full,,,,,,,,,,,,,,,,,,,,,,,,,,,,,,,,,,,,,,,,,,,,,,,,,,,,,,,,,,,,,,
rsg_object_detection,dropped_oldest,2164,rsg_20260806_142_254899999_002164,dropped,True,fifo_cached_frame,2165,226,0,1937,226,0,1,0.0,69.90667698846664,frame_fifo_full,,,,,,,,,,,,,,,,,,,,,,,,,,,,,,,,,,,,,,,,,,,,,,,,,,,,,,,,,,,,,,
rsg_object_detection,dropped_oldest,2165,rsg_20260806_142_304900000_002165,dropped,True,fifo_cached_frame,2166,226,0,1938,226,0,1,0.0,73.83550799568184,frame_fifo_full,,,,,,,,,,,,,,,,,,,,,,,,,,,,,,,,,,,,,,,,,,,,,,,,,,,,,,,,,,,,,,
rsg_object_detection,frame_trace,2155,rsg_20260806_141_804900000_002155,sent_to_hydra,,,,,,,,,,,575.3865589940688,ok,17.2600509977201,547.192569996696,8.243618998676538,0.19035598961636424,8.053263009060174,0.003998997271992266,5.281957011902705,0.25015900610014796,264.4682539976202,20.484926004428416,0.008318995242007077,285.21165800339077,124.91064000641927,29.666083020856604,4.19393097399734,66.4196029829327,23.744424994220026,86.25942800426856,72.32818299962673,8.445750005193986,3.0999879963928834,2.335622993996367,656.0,92.0,4.113010989385657,0.63349399715662,0.3689689910970628,2.3857630003476515,0.6294630002230406,0.005502995918504894,219.32777400070336,3.9860749966464937,0.18232400179840624,33.15190499415621,0.05087698809802532,7.677319998038001,6.949624003027566,0.10892099817283452,0.6187749968376011,8.843388000968844,0.7350880041485652,0.004254994564689696,2.686320003704168,8,0,8,0,0,,,,,,,,,,,,,,
rsg_object_detection,dropped_oldest,2167,rsg_20260806_142_454900000_002167,dropped,True,fifo_cached_frame,2168,227,0,1939,227,0,1,0.0,30.282236999482848,frame_fifo_full,,,,,,,,,,,,,,,,,,,,,,,,,,,,,,,,,,,,,,,,,,,,,,,,,,,,,,,,,,,,,,
rsg_object_detection,dropped_oldest,2168,rsg_20260806_142_504899999_002168,dropped,True,fifo_cached_frame,2169,227,0,1940,227,0,1,0.0,47.63831400487106,frame_fifo_full,,,,,,,,,,,,,,,,,,,,,,,,,,,,,,,,,,,,,,,,,,,,,,,,,,,,,,,,,,,,,,
rsg_object_detection,dropped_oldest,2169,rsg_20260806_142_554900000_002169,dropped,True,fifo_cached_frame,2170,227,0,1941,227,0,1,0.0,103.1960129912477,frame_fifo_full,,,,,,,,,,,,,,,,,,,,,,,,,,,,,,,,,,,,,,,,,,,,,,,,,,,,,,,,,,,,,,
rsg_object_detection,dropped_oldest,2170,rsg_20260806_142_654899999_002170,dropped,True,fifo_cached_frame,2171,227,0,1942,227,0,1,0.0,48.45230899809394,frame_fifo_full,,,,,,,,,,,,,,,,,,,,,,,,,,,,,,,,,,,,,,,,,,,,,,,,,,,,,,,,,,,,,,
rsg_object_detection,dropped_oldest,2171,rsg_20260806_142_704900000_002171,dropped,True,fifo_cached_frame,2172,227,0,1943,227,0,1,0.0,48.96200299845077,frame_fifo_full,,,,,,,,,,,,,,,,,,,,,,,,,,,,,,,,,,,,,,,,,,,,,,,,,,,,,,,,,,,,,,
rsg_object_detection,dropped_oldest,2172,rsg_20260806_142_754899999_002172,dropped,True,fifo_cached_frame,2173,227,0,1944,227,0,1,0.0,65.55931399634574,frame_fifo_full,,,,,,,,,,,,,,,,,,,,,,,,,,,,,,,,,,,,,,,,,,,,,,,,,,,,,,,,,,,,,,
rsg_object_detection,dropped_oldest,2173,rsg_20260806_142_804900000_002173,dropped,True,fifo_cached_frame,2174,227,0,1945,227,0,1,0.0,85.76333300152328,frame_fifo_full,,,,,,,,,,,,,,,,,,,,,,,,,,,,,,,,,,,,,,,,,,,,,,,,,,,,,,,,,,,,,,
rsg_object_detection,dropped_oldest,2174,rsg_20260806_142_854899999_002174,dropped,True,fifo_cached_frame,2175,227,0,1946,227,0,1,0.0,9.22598699980881,frame_fifo_full,,,,,,,,,,,,,,,,,,,,,,,,,,,,,,,,,,,,,,,,,,,,,,,,,,,,,,,,,,,,,,
rsg_object_detection,frame_trace,2166,rsg_20260806_142_404899999_002166,sent_to_hydra,,,,,,,,,,,581.7656040017027,ok,11.21375999355223,541.9719579949742,25.3238750010496,0.1592860062373802,25.16458899481222,0.005695997970178723,2.8925780061399564,0.22321799769997597,320.7855749933515,21.217551999143325,0.008672010153532028,342.2350170003483,58.80455802252982,16.850127023644745,6.225222998182289,14.816244001849554,20.09464798902627,87.17383199837059,77.75310700526461,3.3499569981358945,3.1205319974105805,2.902626001741737,878.0,318.0,3.837538984953426,0.9212520089931786,0.38403898361139,1.4360659988597035,0.3093229897785932,0.004895991878584027,152.88891199452337,2.5390970113221556,0.14936599473003298,41.21575999306515,0.05122799484524876,6.484277997515164,5.829952991916798,0.09487400529906154,0.5594510002993047,3.917278998414986,0.8052909979596734,0.006911999662406743,3.250315014156513,8,0,8,0,0,,,,,,,,,,,,,,
rsg_object_detection,dropped_oldest,2176,rsg_20260806_143_004899999_002176,dropped,True,fifo_cached_frame,2177,228,0,1947,228,0,1,0.0,81.33261499460787,frame_fifo_full,,,,,,,,,,,,,,,,,,,,,,,,,,,,,,,,,,,,,,,,,,,,,,,,,,,,,,,,,,,,,,
rsg_object_detection,dropped_oldest,2177,rsg_20260806_143_104899999_002177,dropped,True,fifo_cached_frame,2178,228,0,1948,228,0,1,0.0,41.08200799964834,frame_fifo_full,,,,,,,,,,,,,,,,,,,,,,,,,,,,,,,,,,,,,,,,,,,,,,,,,,,,,,,,,,,,,,
rsg_object_detection,dropped_oldest,2178,rsg_20260806_143_154899999_002178,dropped,True,fifo_cached_frame,2179,228,0,1949,228,0,1,0.0,53.84961901290808,frame_fifo_full,,,,,,,,,,,,,,,,,,,,,,,,,,,,,,,,,,,,,,,,,,,,,,,,,,,,,,,,,,,,,,
rsg_object_detection,dropped_oldest,2179,rsg_20260806_143_204900000_002179,dropped,True,fifo_cached_frame,2180,228,0,1950,228,0,1,0.0,51.48260699934326,frame_fifo_full,,,,,,,,,,,,,,,,,,,,,,,,,,,,,,,,,,,,,,,,,,,,,,,,,,,,,,,,,,,,,,
rsg_object_detection,dropped_oldest,2180,rsg_20260806_143_254899999_002180,dropped,True,fifo_cached_frame,2181,228,0,1951,228,0,1,0.0,49.46015198947862,frame_fifo_full,,,,,,,,,,,,,,,,,,,,,,,,,,,,,,,,,,,,,,,,,,,,,,,,,,,,,,,,,,,,,,
rsg_object_detection,dropped_oldest,2181,rsg_20260806_143_304900000_002181,dropped,True,fifo_cached_frame,2182,228,0,1952,228,0,1,0.0,50.20275799324736,frame_fifo_full,,,,,,,,,,,,,,,,,,,,,,,,,,,,,,,,,,,,,,,,,,,,,,,,,,,,,,,,,,,,,,
rsg_object_detection,dropped_oldest,2182,rsg_20260806_143_354899999_002182,dropped,True,fifo_cached_frame,2183,228,0,1953,228,0,1,0.0,53.974894995917566,frame_fifo_full,,,,,,,,,,,,,,,,,,,,,,,,,,,,,,,,,,,,,,,,,,,,,,,,,,,,,,,,,,,,,,
rsg_object_detection,dropped_oldest,2183,rsg_20260806_143_404899999_002183,dropped,True,fifo_cached_frame,2184,228,0,1954,228,0,1,0.0,94.745504000457,frame_fifo_full,,,,,,,,,,,,,,,,,,,,,,,,,,,,,,,,,,,,,,,,,,,,,,,,,,,,,,,,,,,,,,
rsg_object_detection,dropped_oldest,2184,rsg_20260806_143_504899999_002184,dropped,True,fifo_cached_frame,2185,228,0,1955,228,0,1,0.0,53.34843999298755,frame_fifo_full,,,,,,,,,,,,,,,,,,,,,,,,,,,,,,,,,,,,,,,,,,,,,,,,,,,,,,,,,,,,,,
rsg_object_detection,frame_trace,2175,rsg_20260806_142_904899999_002175,sent_to_hydra,,,,,,,,,,,654.5889190019807,ok,14.049767007236369,524.4974219967844,112.73138699471019,0.12620000052265823,112.60518699418753,0.004960005753673613,4.799076996278018,0.19768299534916878,304.746827998315,27.194089998374693,0.008000002708286047,332.14660099474713,57.09715398552362,29.672742981347255,3.0031640344532207,15.103876969078556,8.658378006657586,70.87100399076007,59.92989699007012,4.316165010095574,3.4910990070784464,3.062710995436646,892.0,321.0,4.6349290205398574,3.2790489931358024,0.3804560110438615,1.5727610007161275,0.3872700035572052,0.005887995939701796,138.2508780079661,6.934040997293778,0.1839239994296804,42.13583099772222,0.047070003347471356,9.105579010793008,8.455285991658457,0.09084200428333133,0.55945101485122,4.181262003839947,0.7581259997095913,0.004799992893822491,3.3053829974960536,8,0,8,0,0,,,,,,,,,,,,,,
rsg_object_detection,dropped_oldest,2186,rsg_20260806_143_604899999_002186,dropped,True,fifo_cached_frame,2187,229,0,1956,229,0,1,0.0,38.92493799503427,frame_fifo_full,,,,,,,,,,,,,,,,,,,,,,,,,,,,,,,,,,,,,,,,,,,,,,,,,,,,,,,,,,,,,,
rsg_object_detection,dropped_oldest,2187,rsg_20260806_143_654899999_002187,dropped,True,fifo_cached_frame,2188,229,0,1957,229,0,1,0.0,50.59937199985143,frame_fifo_full,,,,,,,,,,,,,,,,,,,,,,,,,,,,,,,,,,,,,,,,,,,,,,,,,,,,,,,,,,,,,,
rsg_object_detection,dropped_oldest,2188,rsg_20260806_143_704900000_002188,dropped,True,fifo_cached_frame,2189,229,0,1958,229,0,1,0.0,155.62349899846595,frame_fifo_full,,,,,,,,,,,,,,,,,,,,,,,,,,,,,,,,,,,,,,,,,,,,,,,,,,,,,,,,,,,,,,
rsg_object_detection,dropped_oldest,2189,rsg_20260806_143_854899999_002189,dropped,True,fifo_cached_frame,2190,229,0,1959,229,0,1,0.0,59.08118499792181,frame_fifo_full,,,,,,,,,,,,,,,,,,,,,,,,,,,,,,,,,,,,,,,,,,,,,,,,,,,,,,,,,,,,,,
rsg_object_detection,dropped_oldest,2190,rsg_20260806_143_904899999_002190,dropped,True,fifo_cached_frame,2191,229,0,1960,229,0,1,0.0,63.56409098953009,frame_fifo_full,,,,,,,,,,,,,,,,,,,,,,,,,,,,,,,,,,,,,,,,,,,,,,,,,,,,,,,,,,,,,,
rsg_object_detection,dropped_oldest,2191,rsg_20260806_143_954900000_002191,dropped,True,fifo_cached_frame,2192,229,0,1961,229,0,1,0.0,38.855086007970385,frame_fifo_full,,,,,,,,,,,,,,,,,,,,,,,,,,,,,,,,,,,,,,,,,,,,,,,,,,,,,,,,,,,,,,
rsg_object_detection,dropped_oldest,2192,rsg_20260806_144_004899999_002192,dropped,True,fifo_cached_frame,2193,229,0,1962,229,0,1,0.0,70.28563499625307,frame_fifo_full,,,,,,,,,,,,,,,,,,,,,,,,,,,,,,,,,,,,,,,,,,,,,,,,,,,,,,,,,,,,,,
rsg_object_detection,,614,rsg_20260806_45_304879999_000614,vlm_done,,,,,,,,,,,,ok,,,,,,,,,,,,,,,,,,,,,,,,,,,,,,,,,,,,,,,,,,,,,,,,,rsg_obj_000055,rsg_unknown_rsg_20260806_45_304879999_000614_004_nanosam_003,,,3,0.4795387492615739,wall,0.95,static,0.99,5008.957694997662,98284.49163500045,qwen_http,Qwen3-VL-8B-Instruct-GGUF
rsg_object_detection,completed,614,rsg_20260806_45_304879999_000614,,,,,,,,,,,93275.53186099976,,vlm_done,,,,,,,,,,,,,,,,,,,,,,,,,,,,,,,,,,,,,,,,,,,,,,,,,rsg_obj_000055,rsg_unknown_rsg_20260806_45_304879999_000614_004_nanosam_003,86,300,3,0.4795387492615739,,,,,,,,
rsg_object_detection,frame_trace,2185,rsg_20260806_143_554900000_002185,sent_to_hydra,,,,,,,,,,,546.4242620073492,ok,19.156793001457117,484.606744008488,39.559744007419795,0.15723700926173478,39.40250699815806,0.0043199979700148106,3.1089480035007,0.22027301019988954,274.6838589955587,20.263215992599726,0.006752001354470849,295.1740999997128,52.76425599004142,16.47303298523184,3.581811979529448,20.674709958257154,11.373334971722215,81.75787499931175,68.52395900932606,7.221445994218811,3.059991999180056,2.9065299895592034,932.0,323.0,3.5469990252749994,0.3876240079989657,0.3048419748665765,1.7785399977583438,0.35844100057147443,0.005919995601288974,140.92257399170194,2.6023899990832433,0.13301499711815268,42.61720800423063,0.0485090131405741,14.695004996610805,14.082661000429653,0.09285799751523882,0.5194859986659139,3.625042998464778,0.831081997603178,0.005663008778356016,3.096660992014222,8,0,8,0,0,,,,,,,,,,,,,,
rsg_object_detection,dequeued,668,rsg_20260806_48_554879999_000668,,,,,,,,,,,95081.69202599674,,fifo_order,,,,,,,,,,,,,,,,,,,,,,,,,,,,,,,,,,,,,,,,,,,,,,,,,rsg_obj_000069,rsg_unknown_rsg_20260806_48_554879999_000668_007_nanosam_008,85,300,7,0.38315929191321507,,,,,,,,
rsg_object_detection,dropped_oldest,2194,rsg_20260806_144_154899999_002194,dropped,True,fifo_cached_frame,2195,230,0,1963,230,0,1,0.0,51.37221800396219,frame_fifo_full,,,,,,,,,,,,,,,,,,,,,,,,,,,,,,,,,,,,,,,,,,,,,,,,,,,,,,,,,,,,,,
rsg_object_detection,dropped_oldest,2195,rsg_20260806_144_204900000_002195,dropped,True,fifo_cached_frame,2196,230,0,1964,230,0,1,0.0,47.8543050121516,frame_fifo_full,,,,,,,,,,,,,,,,,,,,,,,,,,,,,,,,,,,,,,,,,,,,,,,,,,,,,,,,,,,,,,
rsg_object_detection,dropped_oldest,2196,rsg_20260806_144_254899999_002196,dropped,True,fifo_cached_frame,2197,230,0,1965,230,0,1,0.0,54.23562000214588,frame_fifo_full,,,,,,,,,,,,,,,,,,,,,,,,,,,,,,,,,,,,,,,,,,,,,,,,,,,,,,,,,,,,,,
rsg_object_detection,dropped_oldest,2197,rsg_20260806_144_304900000_002197,dropped,True,fifo_cached_frame,2198,230,0,1966,230,0,1,0.0,51.88601299596485,frame_fifo_full,,,,,,,,,,,,,,,,,,,,,,,,,,,,,,,,,,,,,,,,,,,,,,,,,,,,,,,,,,,,,,
rsg_object_detection,dropped_oldest,2198,rsg_20260806_144_354899999_002198,dropped,True,fifo_cached_frame,2199,230,0,1967,230,0,1,0.0,56.18854799831752,frame_fifo_full,,,,,,,,,,,,,,,,,,,,,,,,,,,,,,,,,,,,,,,,,,,,,,,,,,,,,,,,,,,,,,
rsg_object_detection,dropped_oldest,2199,rsg_20260806_144_404899999_002199,dropped,True,fifo_cached_frame,2200,230,0,1968,230,0,1,0.0,54.05838399019558,frame_fifo_full,,,,,,,,,,,,,,,,,,,,,,,,,,,,,,,,,,,,,,,,,,,,,,,,,,,,,,,,,,,,,,
rsg_object_detection,dropped_oldest,2200,rsg_20260806_144_454900000_002200,dropped,True,fifo_cached_frame,2201,230,0,1969,230,0,1,0.0,94.55400599108543,frame_fifo_full,,,,,,,,,,,,,,,,,,,,,,,,,,,,,,,,,,,,,,,,,,,,,,,,,,,,,,,,,,,,,,
rsg_object_detection,dropped_oldest,2201,rsg_20260806_144_554900000_002201,dropped,True,fifo_cached_frame,2202,230,0,1970,230,0,1,0.0,44.20520400162786,frame_fifo_full,,,,,,,,,,,,,,,,,,,,,,,,,,,,,,,,,,,,,,,,,,,,,,,,,,,,,,,,,,,,,,
rsg_object_detection,frame_trace,2193,rsg_20260806_144_054900000_002193,sent_to_hydra,,,,,,,,,,,584.7008019918576,ok,10.217091999948025,528.1246040103724,43.7315659946762,0.12811899068765342,43.60344700398855,0.007360009476542473,1.0642179986461997,0.20363499061204493,268.2747889921302,22.975936997681856,0.006911010132171214,291.46127199055627,98.25722001551185,32.248642964987084,7.65719500486739,40.07245201501064,17.476744003943168,91.0222039965447,77.68877300259192,7.820095997885801,3.178671991918236,2.2839140001451597,699.0,98.0,3.7278840027283877,0.39607196231372654,0.3377040266059339,1.5056289994390681,0.4080700018675998,0.006143003702163696,195.6793249992188,3.2456439948873594,0.17435700283385813,36.445999998250045,0.05378802597988397,5.652845997246914,4.9609229899942875,0.11701599578373134,0.5749070114688948,3.8300860032904893,0.7288799970410764,0.0052800023695454,2.620179977384396,8,0,8,0,0,,,,,,,,,,,,,,
rsg_object_detection,dropped_oldest,2203,rsg_20260806_144_704900000_002203,dropped,True,fifo_cached_frame,2204,231,0,1971,231,0,1,0.0,97.73203798977192,frame_fifo_full,,,,,,,,,,,,,,,,,,,,,,,,,,,,,,,,,,,,,,,,,,,,,,,,,,,,,,,,,,,,,,
rsg_object_detection,dropped_oldest,2204,rsg_20260806_144_804900000_002204,dropped,True,fifo_cached_frame,2205,231,0,1972,231,0,1,0.0,52.430266005103476,frame_fifo_full,,,,,,,,,,,,,,,,,,,,,,,,,,,,,,,,,,,,,,,,,,,,,,,,,,,,,,,,,,,,,,
rsg_object_detection,dropped_oldest,2205,rsg_20260806_144_854899999_002205,dropped,True,fifo_cached_frame,2206,231,0,1973,231,0,1,0.0,102.5809679995291,frame_fifo_full,,,,,,,,,,,,,,,,,,,,,,,,,,,,,,,,,,,,,,,,,,,,,,,,,,,,,,,,,,,,,,
rsg_object_detection,dropped_oldest,2206,rsg_20260806_144_954900000_002206,dropped,True,fifo_cached_frame,2207,231,0,1974,231,0,1,0.0,50.116944999899715,frame_fifo_full,,,,,,,,,,,,,,,,,,,,,,,,,,,,,,,,,,,,,,,,,,,,,,,,,,,,,,,,,,,,,,
rsg_object_detection,dropped_oldest,2207,rsg_20260806_145_004899999_002207,dropped,True,fifo_cached_frame,2208,231,0,1975,231,0,1,0.0,108.7972660025116,frame_fifo_full,,,,,,,,,,,,,,,,,,,,,,,,,,,,,,,,,,,,,,,,,,,,,,,,,,,,,,,,,,,,,,
rsg_object_detection,dropped_oldest,2208,rsg_20260806_145_104899999_002208,dropped,True,fifo_cached_frame,2209,231,0,1976,231,0,1,0.0,59.72514899622183,frame_fifo_full,,,,,,,,,,,,,,,,,,,,,,,,,,,,,,,,,,,,,,,,,,,,,,,,,,,,,,,,,,,,,,
rsg_object_detection,dropped_oldest,2209,rsg_20260806_145_154899999_002209,dropped,True,fifo_cached_frame,2210,231,0,1977,232,0,1,0.0,35.08170499117114,frame_fifo_full,,,,,,,,,,,,,,,,,,,,,,,,,,,,,,,,,,,,,,,,,,,,,,,,,,,,,,,,,,,,,,
rsg_object_detection,frame_trace,2202,rsg_20260806_144_604899999_002202,sent_to_hydra,,,,,,,,,,,580.7805619988358,ok,14.777752992813475,467.5277469941648,96.07659399625845,0.14510999608319253,95.93148400017526,0.003487002686597407,4.1747020004549995,0.17682100587990135,296.4570519980043,18.455849000019953,0.009982992196455598,315.0997049961006,49.114067005575635,14.427984962821938,2.9401900246739388,22.99225499155,8.22803696792107,55.04555099469144,41.882252000505105,7.852351001929492,3.071735001867637,2.189392995205708,644.0,87.0,3.7193059833953157,0.8467609877698123,0.3294840280432254,1.4525449951179326,0.6517329893540591,0.004191999323666096,111.18178100150544,5.022135999752209,0.13333499373402447,31.871418992523104,0.04466901009436697,9.919606993207708,9.28547298826743,0.09356199007015675,0.5405720148701221,3.950749000068754,0.9010610083350912,0.0063359912019222975,2.394981012912467,8,0,8,0,0,,,,,,,,,,,,,,
rsg_object_detection,dropped_oldest,2211,rsg_20260806_145_254899999_002211,dropped,True,fifo_cached_frame,2212,232,0,1978,232,0,1,0.0,48.95024199504405,frame_fifo_full,,,,,,,,,,,,,,,,,,,,,,,,,,,,,,,,,,,,,,,,,,,,,,,,,,,,,,,,,,,,,,
rsg_object_detection,dropped_oldest,2212,rsg_20260806_145_304900000_002212,dropped,True,fifo_cached_frame,2213,232,0,1979,232,0,1,0.0,101.6391840094002,frame_fifo_full,,,,,,,,,,,,,,,,,,,,,,,,,,,,,,,,,,,,,,,,,,,,,,,,,,,,,,,,,,,,,,
rsg_object_detection,dropped_oldest,2213,rsg_20260806_145_404899999_002213,dropped,True,fifo_cached_frame,2214,232,0,1980,232,0,1,0.0,49.16184399917256,frame_fifo_full,,,,,,,,,,,,,,,,,,,,,,,,,,,,,,,,,,,,,,,,,,,,,,,,,,,,,,,,,,,,,,
rsg_object_detection,dropped_oldest,2214,rsg_20260806_145_454900000_002214,dropped,True,fifo_cached_frame,2215,232,0,1981,232,0,1,0.0,51.15301099431235,frame_fifo_full,,,,,,,,,,,,,,,,,,,,,,,,,,,,,,,,,,,,,,,,,,,,,,,,,,,,,,,,,,,,,,
rsg_object_detection,dropped_oldest,2215,rsg_20260806_145_504899999_002215,dropped,True,fifo_cached_frame,2216,232,0,1982,232,0,1,0.0,49.88912399858236,frame_fifo_full,,,,,,,,,,,,,,,,,,,,,,,,,,,,,,,,,,,,,,,,,,,,,,,,,,,,,,,,,,,,,,
rsg_object_detection,dropped_oldest,2216,rsg_20260806_145_554900000_002216,dropped,True,fifo_cached_frame,2217,232,0,1983,232,0,1,0.0,49.87616500875447,frame_fifo_full,,,,,,,,,,,,,,,,,,,,,,,,,,,,,,,,,,,,,,,,,,,,,,,,,,,,,,,,,,,,,,
rsg_object_detection,dropped_oldest,2217,rsg_20260806_145_604899999_002217,dropped,True,fifo_cached_frame,2218,232,0,1984,232,0,1,0.0,51.44150400883518,frame_fifo_full,,,,,,,,,,,,,,,,,,,,,,,,,,,,,,,,,,,,,,,,,,,,,,,,,,,,,,,,,,,,,,
rsg_object_detection,dropped_oldest,2218,rsg_20260806_145_654899999_002218,dropped,True,fifo_cached_frame,2219,232,0,1985,232,0,1,0.0,44.55334600061178,frame_fifo_full,,,,,,,,,,,,,,,,,,,,,,,,,,,,,,,,,,,,,,,,,,,,,,,,,,,,,,,,,,,,,,
rsg_object_detection,dropped_oldest,2219,rsg_20260806_145_704900000_002219,dropped,True,fifo_cached_frame,2220,232,0,1986,232,0,1,0.0,68.7746430048719,frame_fifo_full,,,,,,,,,,,,,,,,,,,,,,,,,,,,,,,,,,,,,,,,,,,,,,,,,,,,,,,,,,,,,,
rsg_object_detection,dropped_oldest,2220,rsg_20260806_145_754899999_002220,dropped,True,fifo_cached_frame,2221,232,0,1987,232,0,1,0.0,94.8437240003841,frame_fifo_full,,,,,,,,,,,,,,,,,,,,,,,,,,,,,,,,,,,,,,,,,,,,,,,,,,,,,,,,,,,,,,
rsg_object_detection,frame_trace,2210,rsg_20260806_145_204900000_002210,sent_to_hydra,,,,,,,,,,,663.7213380017783,ok,13.195457999245264,642.5312989886152,4.746249003801495,0.1421979977749288,4.604051006026566,0.0034239928936585784,2.10446999699343,0.2291370037710294,349.80693500256166,18.343602001550607,0.007455004379153252,368.38712901226245,130.12234801135492,40.70889498689212,20.084352989215404,49.66766701545566,18.580416988697834,84.78098899649922,73.42717100982554,5.583634992945008,2.9798049945384264,2.7422529965406284,915.0,324.0,3.5562139964895323,0.8323620277224109,0.350857968442142,1.445121000870131,0.46640199434477836,0.005118999979458749,221.57656399940606,6.039669999154285,0.13899900659453124,44.23832600878086,0.04614096542354673,8.920792999560945,8.2641320041148,0.10392900730948895,0.5527319881366566,3.4563819936010987,0.8131950016831979,0.005088004400022328,3.2449080172227696,8,0,8,0,0,,,,,,,,,,,,,,
rsg_object_detection,dropped_oldest,2222,rsg_20260806_145_904899999_002222,dropped,True,fifo_cached_frame,2223,233,0,1988,233,0,1,0.0,90.92465200228617,frame_fifo_full,,,,,,,,,,,,,,,,,,,,,,,,,,,,,,,,,,,,,,,,,,,,,,,,,,,,,,,,,,,,,,
rsg_object_detection,dropped_oldest,2223,rsg_20260806_146_004899999_002223,dropped,True,fifo_cached_frame,2224,233,0,1989,233,0,1,0.0,101.30311000102665,frame_fifo_full,,,,,,,,,,,,,,,,,,,,,,,,,,,,,,,,,,,,,,,,,,,,,,,,,,,,,,,,,,,,,,
rsg_object_detection,dropped_oldest,2224,rsg_20260806_146_104899999_002224,dropped,True,fifo_cached_frame,2225,233,0,1990,233,0,1,0.0,49.34618400875479,frame_fifo_full,,,,,,,,,,,,,,,,,,,,,,,,,,,,,,,,,,,,,,,,,,,,,,,,,,,,,,,,,,,,,,
rsg_object_detection,dropped_oldest,2225,rsg_20260806_146_154899999_002225,dropped,True,fifo_cached_frame,2226,233,0,1991,233,0,1,0.0,126.60721900465433,frame_fifo_full,,,,,,,,,,,,,,,,,,,,,,,,,,,,,,,,,,,,,,,,,,,,,,,,,,,,,,,,,,,,,,
rsg_object_detection,dropped_oldest,2226,rsg_20260806_146_254899999_002226,dropped,True,fifo_cached_frame,2227,233,0,1992,233,0,1,0.0,50.085691997082904,frame_fifo_full,,,,,,,,,,,,,,,,,,,,,,,,,,,,,,,,,,,,,,,,,,,,,,,,,,,,,,,,,,,,,,
rsg_object_detection,dropped_oldest,2227,rsg_20260806_146_304900000_002227,dropped,True,fifo_cached_frame,2228,233,0,1993,233,0,1,0.0,122.05203699704725,frame_fifo_full,,,,,,,,,,,,,,,,,,,,,,,,,,,,,,,,,,,,,,,,,,,,,,,,,,,,,,,,,,,,,,
rsg_object_detection,dropped_oldest,2228,rsg_20260806_146_404899999_002228,dropped,True,fifo_cached_frame,2229,233,0,1994,233,0,1,0.0,4.863619004026987,frame_fifo_full,,,,,,,,,,,,,,,,,,,,,,,,,,,,,,,,,,,,,,,,,,,,,,,,,,,,,,,,,,,,,,
rsg_object_detection,frame_trace,2221,rsg_20260806_145_854899999_002221,sent_to_hydra,,,,,,,,,,,602.7127080014907,ok,20.425067996256985,534.8966239980655,44.078463994082995,0.13509500422514975,43.943368989857845,0.004991990863345563,4.96850699710194,0.28212500910740346,299.55719799909275,14.039211004273966,0.008030998287722468,313.88656501076184,77.74148698081262,27.766958010033704,5.043255994678475,29.927902985946275,14.124995999736711,80.0936869927682,69.73167500109412,4.222157003823668,3.120629000477493,2.9720620077569038,910.0,324.0,3.783494990784675,1.0471329878782853,0.3767750458791852,1.8162339983973652,0.7357919967034832,0.006336005753837526,165.6285850040149,6.247975994483568,0.1532059977762401,43.96330799499992,0.04847699892707169,16.19840000057593,15.570600007777102,0.08863401308190078,0.5391659797169268,3.5285689955344424,0.6937150028534234,0.004383997293189168,3.307560022221878,8,0,8,0,0,,,,,,,,,,,,,,
rsg_object_detection,dropped_oldest,2230,rsg_20260806_146_504899999_002230,dropped,True,fifo_cached_frame,2231,234,0,1995,234,0,1,0.0,93.43870400334708,frame_fifo_full,,,,,,,,,,,,,,,,,,,,,,,,,,,,,,,,,,,,,,,,,,,,,,,,,,,,,,,,,,,,,,
rsg_object_detection,dropped_oldest,2231,rsg_20260806_146_604899999_002231,dropped,True,fifo_cached_frame,2232,234,0,1996,234,0,1,0.0,51.89091899956111,frame_fifo_full,,,,,,,,,,,,,,,,,,,,,,,,,,,,,,,,,,,,,,,,,,,,,,,,,,,,,,,,,,,,,,
rsg_object_detection,dropped_oldest,2232,rsg_20260806_146_654899999_002232,dropped,True,fifo_cached_frame,2233,234,0,1997,234,0,1,0.0,51.676083996426314,frame_fifo_full,,,,,,,,,,,,,,,,,,,,,,,,,,,,,,,,,,,,,,,,,,,,,,,,,,,,,,,,,,,,,,
rsg_object_detection,dropped_oldest,2233,rsg_20260806_146_704900000_002233,dropped,True,fifo_cached_frame,2234,234,0,1998,234,0,1,0.0,49.390217987820506,frame_fifo_full,,,,,,,,,,,,,,,,,,,,,,,,,,,,,,,,,,,,,,,,,,,,,,,,,,,,,,,,,,,,,,
rsg_object_detection,dropped_oldest,2234,rsg_20260806_146_754899999_002234,dropped,True,fifo_cached_frame,2235,234,0,1999,234,0,1,0.0,104.33216999808792,frame_fifo_full,,,,,,,,,,,,,,,,,,,,,,,,,,,,,,,,,,,,,,,,,,,,,,,,,,,,,,,,,,,,,,
rsg_object_detection,dropped_oldest,2235,rsg_20260806_146_854899999_002235,dropped,True,fifo_cached_frame,2236,234,0,2000,234,0,1,0.0,55.21124599908944,frame_fifo_full,,,,,,,,,,,,,,,,,,,,,,,,,,,,,,,,,,,,,,,,,,,,,,,,,,,,,,,,,,,,,,
rsg_object_detection,dropped_oldest,2236,rsg_20260806_146_904899999_002236,dropped,True,fifo_cached_frame,2237,234,0,2001,234,0,1,0.0,85.7093530066777,frame_fifo_full,,,,,,,,,,,,,,,,,,,,,,,,,,,,,,,,,,,,,,,,,,,,,,,,,,,,,,,,,,,,,,
rsg_object_detection,dropped_oldest,2237,rsg_20260806_146_954900000_002237,dropped,True,fifo_cached_frame,2238,234,0,2002,234,0,1,0.0,34.06801800883841,frame_fifo_full,,,,,,,,,,,,,,,,,,,,,,,,,,,,,,,,,,,,,,,,,,,,,,,,,,,,,,,,,,,,,,
rsg_object_detection,dropped_oldest,2238,rsg_20260806_147_004899999_002238,dropped,True,fifo_cached_frame,2239,234,0,2003,234,0,1,0.0,21.07680100016296,frame_fifo_full,,,,,,,,,,,,,,,,,,,,,,,,,,,,,,,,,,,,,,,,,,,,,,,,,,,,,,,,,,,,,,
rsg_object_detection,dropped_oldest,2239,rsg_20260806_147_054900000_002239,dropped,True,fifo_cached_frame,2240,234,0,2004,234,0,1,0.0,62.42901599034667,frame_fifo_full,,,,,,,,,,,,,,,,,,,,,,,,,,,,,,,,,,,,,,,,,,,,,,,,,,,,,,,,,,,,,,
rsg_object_detection,dropped_oldest,2240,rsg_20260806_147_104899999_002240,dropped,True,fifo_cached_frame,2241,234,0,2005,235,0,1,0.0,45.68022000603378,frame_fifo_full,,,,,,,,,,,,,,,,,,,,,,,,,,,,,,,,,,,,,,,,,,,,,,,,,,,,,,,,,,,,,,
rsg_object_detection,frame_trace,2229,rsg_20260806_146_454900000_002229,sent_to_hydra,,,,,,,,,,,672.0017610059585,ok,15.01918000576552,604.177544999402,48.491781009943224,0.19941100617870688,48.29237000376452,0.004639994585886598,5.822435996378772,0.18878800619859248,307.3346390010556,21.484677999978885,0.009022987796925008,329.01712799503,109.45750198152382,30.463613002211787,12.973456003237516,37.33660299621988,27.86506197298877,94.30968800734263,75.52006599144079,12.464466999517754,3.295304995845072,2.9799649928463623,951.0,326.0,5.7608410133980215,5.222571999183856,0.3856020048260689,1.4249629894038662,0.5024319980293512,0.004318993887864053,217.0889410044765,5.623153003398329,0.13400700117927045,46.44241099595092,0.04946900298818946,10.217093993560411,9.570864000124857,0.09340199176222086,0.5528280016733333,4.052408010466024,0.7447200041497126,0.0049579975893720984,4.308614996261895,8,0,8,0,0,,,,,,,,,,,,,,
rsg_object_detection,dropped_oldest,2242,rsg_20260806_147_204900000_002242,dropped,True,fifo_cached_frame,2243,235,0,2006,235,0,1,0.0,44.60729799757246,frame_fifo_full,,,,,,,,,,,,,,,,,,,,,,,,,,,,,,,,,,,,,,,,,,,,,,,,,,,,,,,,,,,,,,
rsg_object_detection,dropped_oldest,2243,rsg_20260806_147_254899999_002243,dropped,True,fifo_cached_frame,2244,235,0,2007,235,0,1,0.0,51.575680001406,frame_fifo_full,,,,,,,,,,,,,,,,,,,,,,,,,,,,,,,,,,,,,,,,,,,,,,,,,,,,,,,,,,,,,,
rsg_object_detection,dropped_oldest,2244,rsg_20260806_147_304900000_002244,dropped,True,fifo_cached_frame,2245,235,0,2008,235,0,1,0.0,150.57758300099522,frame_fifo_full,,,,,,,,,,,,,,,,,,,,,,,,,,,,,,,,,,,,,,,,,,,,,,,,,,,,,,,,,,,,,,
rsg_object_detection,dropped_oldest,2245,rsg_20260806_147_454900000_002245,dropped,True,fifo_cached_frame,2246,235,0,2009,235,0,1,0.0,62.865920990589075,frame_fifo_full,,,,,,,,,,,,,,,,,,,,,,,,,,,,,,,,,,,,,,,,,,,,,,,,,,,,,,,,,,,,,,
rsg_object_detection,dropped_oldest,2246,rsg_20260806_147_504899999_002246,dropped,True,fifo_cached_frame,2247,235,0,2010,235,0,1,0.0,69.16250199719798,frame_fifo_full,,,,,,,,,,,,,,,,,,,,,,,,,,,,,,,,,,,,,,,,,,,,,,,,,,,,,,,,,,,,,,
rsg_object_detection,dropped_oldest,2247,rsg_20260806_147_554900000_002247,dropped,True,fifo_cached_frame,2248,235,0,2011,235,0,1,0.0,26.687670004321262,frame_fifo_full,,,,,,,,,,,,,,,,,,,,,,,,,,,,,,,,,,,,,,,,,,,,,,,,,,,,,,,,,,,,,,
rsg_object_detection,dropped_oldest,2248,rsg_20260806_147_604899999_002248,dropped,True,fifo_cached_frame,2249,235,0,2012,236,0,1,0.0,115.68619099853095,frame_fifo_full,,,,,,,,,,,,,,,,,,,,,,,,,,,,,,,,,,,,,,,,,,,,,,,,,,,,,,,,,,,,,,
rsg_object_detection,frame_trace,2241,rsg_20260806_147_154899999_002241,sent_to_hydra,,,,,,,,,,,537.9982560116332,ok,13.666757004102692,515.2486349979881,5.757320002885535,0.15023000014480203,5.607090002740733,0.0042869942262768745,1.9284180016256869,0.47100899973884225,291.4711490011541,14.421587999095209,0.009088005754165351,306.37283400574233,80.41943298303522,16.02205997915007,4.5630609965883195,25.691702991025522,33.368706979672424,67.18314399768133,52.95491800643504,7.703626004513353,3.253036004025489,3.185392008163035,911.0,326.0,3.9063709700712934,1.413092017173767,0.3782770218094811,1.5067499916767702,0.5492119962582365,0.004896006430499256,155.37947800476104,7.074867011397146,0.16571699234191328,44.27810700144619,0.04921398067381233,7.0136870053829625,6.281095003942028,0.11173701204825193,0.6208549893926829,5.815429001813754,0.8312410063808784,0.006399990525096655,3.3212570124305785,8,0,8,0,0,,,,,,,,,,,,,,
rsg_object_detection,dropped_oldest,2250,rsg_20260806_147_754899999_002250,dropped,True,fifo_cached_frame,2251,236,0,2013,236,0,1,0.0,45.002732003922574,frame_fifo_full,,,,,,,,,,,,,,,,,,,,,,,,,,,,,,,,,,,,,,,,,,,,,,,,,,,,,,,,,,,,,,
rsg_object_detection,dropped_oldest,2251,rsg_20260806_147_804900000_002251,dropped,True,fifo_cached_frame,2252,236,0,2014,236,0,1,0.0,50.44720901059918,frame_fifo_full,,,,,,,,,,,,,,,,,,,,,,,,,,,,,,,,,,,,,,,,,,,,,,,,,,,,,,,,,,,,,,
rsg_object_detection,dropped_oldest,2252,rsg_20260806_147_854899999_002252,dropped,True,fifo_cached_frame,2253,236,0,2015,236,0,1,0.0,104.55728499800898,frame_fifo_full,,,,,,,,,,,,,,,,,,,,,,,,,,,,,,,,,,,,,,,,,,,,,,,,,,,,,,,,,,,,,,
rsg_object_detection,dropped_oldest,2253,rsg_20260806_147_954900000_002253,dropped,True,fifo_cached_frame,2254,236,0,2016,236,0,1,0.0,99.63597399473656,frame_fifo_full,,,,,,,,,,,,,,,,,,,,,,,,,,,,,,,,,,,,,,,,,,,,,,,,,,,,,,,,,,,,,,
rsg_object_detection,dropped_oldest,2254,rsg_20260806_148_054900000_002254,dropped,True,fifo_cached_frame,2255,236,0,2017,236,0,1,0.0,95.69866200035904,frame_fifo_full,,,,,,,,,,,,,,,,,,,,,,,,,,,,,,,,,,,,,,,,,,,,,,,,,,,,,,,,,,,,,,
rsg_object_detection,dropped_oldest,2255,rsg_20260806_148_104899999_002255,dropped,True,fifo_cached_frame,2256,236,0,2018,236,0,1,0.0,109.54073700122535,frame_fifo_full,,,,,,,,,,,,,,,,,,,,,,,,,,,,,,,,,,,,,,,,,,,,,,,,,,,,,,,,,,,,,,
rsg_object_detection,dropped_oldest,2256,rsg_20260806_148_154899999_002256,dropped,True,fifo_cached_frame,2257,236,0,2019,236,0,1,0.0,4.748683000798337,frame_fifo_full,,,,,,,,,,,,,,,,,,,,,,,,,,,,,,,,,,,,,,,,,,,,,,,,,,,,,,,,,,,,,,
rsg_object_detection,dropped_oldest,2257,rsg_20260806_148_204900000_002257,dropped,True,fifo_cached_frame,2258,236,0,2020,236,0,1,0.0,6.894303995068185,frame_fifo_full,,,,,,,,,,,,,,,,,,,,,,,,,,,,,,,,,,,,,,,,,,,,,,,,,,,,,,,,,,,,,,
rsg_object_detection,dropped_oldest,2258,rsg_20260806_148_254899999_002258,dropped,True,fifo_cached_frame,2259,236,0,2021,236,0,1,0.0,57.0180830109166,frame_fifo_full,,,,,,,,,,,,,,,,,,,,,,,,,,,,,,,,,,,,,,,,,,,,,,,,,,,,,,,,,,,,,,
rsg_object_detection,frame_trace,2249,rsg_20260806_147_704900000_002249,sent_to_hydra,,,,,,,,,,,610.4920460056746,ok,14.438099999097176,583.2633870013524,9.530611001537181,0.17134900554083288,9.359261995996349,0.004863992216996849,1.4659199950983748,0.28868501249235123,328.3344830124406,14.553707995219156,0.009279989171773195,343.1861560093239,103.53773599490523,15.101702010724694,3.454976002103649,62.827651971019804,21.430028005852364,63.30387700290885,50.690424992353655,3.582838995498605,5.8015740069095045,3.1711210031062365,928.0,328.0,3.4730550250969827,1.0135349875781685,0.36032398929819465,1.4910710015101358,0.5273260030662641,0.004287998308427632,173.7291950121289,18.814039998687804,0.1681809953879565,45.848793000914156,0.05110198981128633,9.800193991395645,9.162539994576946,0.10680999548640102,0.5308440013322979,3.8369020039681345,0.7955000037327409,0.005504000000655651,3.255084011470899,8,0,8,0,0,,,,,,,,,,,,,,
rsg_object_detection,dropped_oldest,2260,rsg_20260806_148_354899999_002260,dropped,True,fifo_cached_frame,2261,237,0,2022,237,0,1,0.0,38.878879000549205,frame_fifo_full,,,,,,,,,,,,,,,,,,,,,,,,,,,,,,,,,,,,,,,,,,,,,,,,,,,,,,,,,,,,,,
rsg_object_detection,dropped_oldest,2261,rsg_20260806_148_404899999_002261,dropped,True,fifo_cached_frame,2262,237,0,2023,237,0,1,0.0,36.797957989620045,frame_fifo_full,,,,,,,,,,,,,,,,,,,,,,,,,,,,,,,,,,,,,,,,,,,,,,,,,,,,,,,,,,,,,,
rsg_object_detection,dropped_oldest,2262,rsg_20260806_148_454900000_002262,dropped,True,fifo_cached_frame,2263,237,0,2024,237,0,1,0.0,152.9030459932983,frame_fifo_full,,,,,,,,,,,,,,,,,,,,,,,,,,,,,,,,,,,,,,,,,,,,,,,,,,,,,,,,,,,,,,
rsg_object_detection,dropped_oldest,2263,rsg_20260806_148_604899999_002263,dropped,True,fifo_cached_frame,2264,237,0,2025,237,0,1,0.0,57.99433900392614,frame_fifo_full,,,,,,,,,,,,,,,,,,,,,,,,,,,,,,,,,,,,,,,,,,,,,,,,,,,,,,,,,,,,,,
rsg_object_detection,dropped_oldest,2264,rsg_20260806_148_654899999_002264,dropped,True,fifo_cached_frame,2265,237,0,2026,237,0,1,0.0,42.603053007042035,frame_fifo_full,,,,,,,,,,,,,,,,,,,,,,,,,,,,,,,,,,,,,,,,,,,,,,,,,,,,,,,,,,,,,,
rsg_object_detection,dropped_oldest,2265,rsg_20260806_148_704900000_002265,dropped,True,fifo_cached_frame,2266,237,0,2027,237,0,1,0.0,77.25084701087326,frame_fifo_full,,,,,,,,,,,,,,,,,,,,,,,,,,,,,,,,,,,,,,,,,,,,,,,,,,,,,,,,,,,,,,
rsg_object_detection,dropped_oldest,2266,rsg_20260806_148_754899999_002266,dropped,True,fifo_cached_frame,2267,237,0,2028,237,0,1,0.0,66.5033859986579,frame_fifo_full,,,,,,,,,,,,,,,,,,,,,,,,,,,,,,,,,,,,,,,,,,,,,,,,,,,,,,,,,,,,,,
rsg_object_detection,dropped_oldest,2267,rsg_20260806_148_804900000_002267,dropped,True,fifo_cached_frame,2268,237,0,2029,237,0,1,0.0,3.846694002277218,frame_fifo_full,,,,,,,,,,,,,,,,,,,,,,,,,,,,,,,,,,,,,,,,,,,,,,,,,,,,,,,,,,,,,,
rsg_object_detection,dropped_oldest,2268,rsg_20260806_148_854899999_002268,dropped,True,fifo_cached_frame,2269,237,0,2030,237,0,1,0.0,81.20466899708845,frame_fifo_full,,,,,,,,,,,,,,,,,,,,,,,,,,,,,,,,,,,,,,,,,,,,,,,,,,,,,,,,,,,,,,
rsg_object_detection,frame_trace,2259,rsg_20260806_148_304900000_002259,sent_to_hydra,,,,,,,,,,,620.2034640009515,ok,18.487341003492475,553.7022860080469,44.14132100646384,0.15915799303911626,43.982163013424724,0.004191999323666096,6.725449988152832,0.19793900719378144,331.7868979938794,12.644457005080767,0.007199996616691351,344.63649400277063,40.249574012705125,13.391160988248885,3.4300170082133263,14.834266999969259,8.105104992864653,98.6455520032905,81.05751099355984,11.556368001038209,2.4335049965884537,3.543065002304502,1116.0,329.0,3.834632967482321,0.533372032805346,0.34333499206695706,1.209905996802263,0.7181289984146133,0.005023000994697213,145.5561309994664,3.804136998951435,0.1581329997861758,52.7781349956058,0.0438060233136639,10.364062007283792,9.692617997643538,0.11493598867673427,0.5565080209635198,7.4850490054814145,0.6327910086838529,0.005438982043415308,3.8683239836245775,7,0,7,0,0,,,,,,,,,,,,,,
rsg_object_detection,,668,rsg_20260806_48_554879999_000668,vlm_done,,,,,,,,,,,,ok,,,,,,,,,,,,,,,,,,,,,,,,,,,,,,,,,,,,,,,,,,,,,,,,,rsg_obj_000069,rsg_unknown_rsg_20260806_48_554879999_000668_007_nanosam_008,,,7,0.38315929191321507,drawer,0.97,static,0.99,5153.490702999989,100235.18480898929,qwen_http,Qwen3-VL-8B-Instruct-GGUF
rsg_object_detection,completed,668,rsg_20260806_48_554879999_000668,,,,,,,,,,,95081.69202599674,,vlm_done,,,,,,,,,,,,,,,,,,,,,,,,,,,,,,,,,,,,,,,,,,,,,,,,,rsg_obj_000069,rsg_unknown_rsg_20260806_48_554879999_000668_007_nanosam_008,90,300,7,0.38315929191321507,,,,,,,,
rsg_object_detection,dropped_oldest,2270,rsg_20260806_148_954900000_002270,dropped,True,fifo_cached_frame,2271,238,0,2031,238,0,1,0.0,5.9382390027167276,frame_fifo_full,,,,,,,,,,,,,,,,,,,,,,,,,,,,,,,,,,,,,,,,,,,,,,,,,,,,,,,,,,,,,,
rsg_object_detection,dropped_oldest,2271,rsg_20260806_149_004899999_002271,dropped,True,fifo_cached_frame,2272,238,0,2032,238,0,1,0.0,3.044922006665729,frame_fifo_full,,,,,,,,,,,,,,,,,,,,,,,,,,,,,,,,,,,,,,,,,,,,,,,,,,,,,,,,,,,,,,
rsg_object_detection,dropped_oldest,2272,rsg_20260806_149_054900000_002272,dropped,True,fifo_cached_frame,2273,238,0,2033,238,0,1,0.0,3.176753001753241,frame_fifo_full,,,,,,,,,,,,,,,,,,,,,,,,,,,,,,,,,,,,,,,,,,,,,,,,,,,,,,,,,,,,,,
rsg_object_detection,dropped_oldest,2273,rsg_20260806_149_154899999_002273,dropped,True,fifo_cached_frame,2274,238,0,2034,238,0,1,0.0,2.8168090066174045,frame_fifo_full,,,,,,,,,,,,,,,,,,,,,,,,,,,,,,,,,,,,,,,,,,,,,,,,,,,,,,,,,,,,,,
rsg_object_detection,dropped_oldest,2274,rsg_20260806_149_204900000_002274,dropped,True,fifo_cached_frame,2275,238,0,2035,238,0,1,0.0,3.925408993382007,frame_fifo_full,,,,,,,,,,,,,,,,,,,,,,,,,,,,,,,,,,,,,,,,,,,,,,,,,,,,,,,,,,,,,,
rsg_object_detection,dropped_oldest,2275,rsg_20260806_149_254899999_002275,dropped,True,fifo_cached_frame,2276,238,0,2036,238,0,1,0.0,3.0202839989215136,frame_fifo_full,,,,,,,,,,,,,,,,,,,,,,,,,,,,,,,,,,,,,,,,,,,,,,,,,,,,,,,,,,,,,,
rsg_object_detection,dropped_oldest,2276,rsg_20260806_149_304900000_002276,dropped,True,fifo_cached_frame,2277,238,0,2037,238,0,1,0.0,18.268414001795463,frame_fifo_full,,,,,,,,,,,,,,,,,,,,,,,,,,,,,,,,,,,,,,,,,,,,,,,,,,,,,,,,,,,,,,
rsg_object_detection,dequeued,614,rsg_20260806_45_304879999_000614,,,,,,,,,,,100010.47371800814,,fifo_order,,,,,,,,,,,,,,,,,,,,,,,,,,,,,,,,,,,,,,,,,,,,,,,,,rsg_obj_000072,rsg_unknown_rsg_20260806_45_304879999_000614_007_nanosam_000,90,300,4,0.5319622244772182,,,,,,,,
rsg_object_detection,dropped_oldest,2277,rsg_20260806_149_354899999_002277,dropped,True,fifo_cached_frame,2278,238,0,2038,238,0,1,0.0,100.30989999359008,frame_fifo_full,,,,,,,,,,,,,,,,,,,,,,,,,,,,,,,,,,,,,,,,,,,,,,,,,,,,,,,,,,,,,,
rsg_object_detection,dropped_oldest,2278,rsg_20260806_149_454900000_002278,dropped,True,fifo_cached_frame,2279,238,0,2039,238,0,1,0.0,50.42808399593923,frame_fifo_full,,,,,,,,,,,,,,,,,,,,,,,,,,,,,,,,,,,,,,,,,,,,,,,,,,,,,,,,,,,,,,
rsg_object_detection,dropped_oldest,2279,rsg_20260806_149_504899999_002279,dropped,True,fifo_cached_frame,2280,238,0,2040,238,0,1,0.0,100.2966209925944,frame_fifo_full,,,,,,,,,,,,,,,,,,,,,,,,,,,,,,,,,,,,,,,,,,,,,,,,,,,,,,,,,,,,,,
rsg_object_detection,dropped_oldest,2280,rsg_20260806_149_604899999_002280,dropped,True,fifo_cached_frame,2281,238,0,2041,238,0,1,0.0,51.1693480075337,frame_fifo_full,,,,,,,,,,,,,,,,,,,,,,,,,,,,,,,,,,,,,,,,,,,,,,,,,,,,,,,,,,,,,,
rsg_object_detection,dropped_oldest,2281,rsg_20260806_149_654899999_002281,dropped,True,fifo_cached_frame,2282,238,0,2042,238,0,1,0.0,69.70180899952538,frame_fifo_full,,,,,,,,,,,,,,,,,,,,,,,,,,,,,,,,,,,,,,,,,,,,,,,,,,,,,,,,,,,,,,
rsg_object_detection,dropped_oldest,2282,rsg_20260806_149_704900000_002282,dropped,True,fifo_cached_frame,2283,238,0,2043,238,0,1,0.0,62.56547199154738,frame_fifo_full,,,,,,,,,,,,,,,,,,,,,,,,,,,,,,,,,,,,,,,,,,,,,,,,,,,,,,,,,,,,,,
rsg_object_detection,dropped_oldest,2283,rsg_20260806_149_754899999_002283,dropped,True,fifo_cached_frame,2284,238,0,2044,238,0,1,0.0,20.35918900219258,frame_fifo_full,,,,,,,,,,,,,,,,,,,,,,,,,,,,,,,,,,,,,,,,,,,,,,,,,,,,,,,,,,,,,,
rsg_object_detection,dropped_oldest,2284,rsg_20260806_149_804900000_002284,dropped,True,fifo_cached_frame,2285,238,0,2045,238,0,1,0.0,79.85423700301908,frame_fifo_full,,,,,,,,,,,,,,,,,,,,,,,,,,,,,,,,,,,,,,,,,,,,,,,,,,,,,,,,,,,,,,
rsg_object_detection,dropped_oldest,2285,rsg_20260806_149_854899999_002285,dropped,True,fifo_cached_frame,2286,238,0,2046,239,0,1,0.0,47.03620899817906,frame_fifo_full,,,,,,,,,,,,,,,,,,,,,,,,,,,,,,,,,,,,,,,,,,,,,,,,,,,,,,,,,,,,,,
rsg_object_detection,frame_trace,2269,rsg_20260806_148_904899999_002269,sent_to_hydra,,,,,,,,,,,963.1261769973207,ok,12.757571006659418,571.9121949950932,374.94335899828,0.129078995087184,374.81428000319283,0.004383997293189168,11.477398002170958,2.988414009450935,323.25593000859953,21.951085989712738,0.006559988833032548,348.20198999659624,43.351965985493734,16.953299011220224,3.8907870039111003,12.381692984490655,9.507159003987908,106.19060600583907,92.2758619999513,7.311396999284625,3.1707059970358387,3.1758580007590353,1217.0,330.0,2.703634003410116,0.7722999871475622,0.29691102099604905,1.1383899982320145,0.3006839979207143,0.004351997631601989,154.77356300107203,2.3082339903339744,0.12584800424519926,54.98631700174883,0.0388449989259243,8.48674398730509,7.783717999700457,0.12072800018358976,0.5822979874210432,3.602773998863995,0.6635409954469651,0.0045120250433683395,3.508667999994941,8,0,7,0,0,,,,,,,,,,,,,,
rsg_object_detection,dropped_oldest,2287,rsg_20260806_149_954900000_002287,dropped,True,fifo_cached_frame,2288,239,0,2047,239,0,1,0.0,49.529327006894164,frame_fifo_full,,,,,,,,,,,,,,,,,,,,,,,,,,,,,,,,,,,,,,,,,,,,,,,,,,,,,,,,,,,,,,
rsg_object_detection,dropped_oldest,2288,rsg_20260806_150_004899999_002288,dropped,True,fifo_cached_frame,2289,239,0,2048,239,0,1,0.0,106.25194599560928,frame_fifo_full,,,,,,,,,,,,,,,,,,,,,,,,,,,,,,,,,,,,,,,,,,,,,,,,,,,,,,,,,,,,,,
rsg_object_detection,dropped_oldest,2289,rsg_20260806_150_104899999_002289,dropped,True,fifo_cached_frame,2290,239,0,2049,239,0,1,0.0,43.466009010444395,frame_fifo_full,,,,,,,,,,,,,,,,,,,,,,,,,,,,,,,,,,,,,,,,,,,,,,,,,,,,,,,,,,,,,,
rsg_object_detection,dropped_oldest,2290,rsg_20260806_150_154899999_002290,dropped,True,fifo_cached_frame,2291,239,0,2050,239,0,1,0.0,48.92309500428382,frame_fifo_full,,,,,,,,,,,,,,,,,,,,,,,,,,,,,,,,,,,,,,,,,,,,,,,,,,,,,,,,,,,,,,
rsg_object_detection,dropped_oldest,2291,rsg_20260806_150_204900000_002291,dropped,True,fifo_cached_frame,2292,239,0,2051,239,0,1,0.0,50.71712100470904,frame_fifo_full,,,,,,,,,,,,,,,,,,,,,,,,,,,,,,,,,,,,,,,,,,,,,,,,,,,,,,,,,,,,,,
rsg_object_detection,dropped_oldest,2292,rsg_20260806_150_254899999_002292,dropped,True,fifo_cached_frame,2293,239,0,2052,239,0,1,0.0,75.05074799701106,frame_fifo_full,,,,,,,,,,,,,,,,,,,,,,,,,,,,,,,,,,,,,,,,,,,,,,,,,,,,,,,,,,,,,,
rsg_object_detection,dropped_oldest,2293,rsg_20260806_150_304900000_002293,dropped,True,fifo_cached_frame,2294,239,0,2053,239,0,1,0.0,39.56719300185796,frame_fifo_full,,,,,,,,,,,,,,,,,,,,,,,,,,,,,,,,,,,,,,,,,,,,,,,,,,,,,,,,,,,,,,
rsg_object_detection,dropped_oldest,2294,rsg_20260806_150_354899999_002294,dropped,True,fifo_cached_frame,2295,239,0,2054,239,0,1,0.0,75.0320289953379,frame_fifo_full,,,,,,,,,,,,,,,,,,,,,,,,,,,,,,,,,,,,,,,,,,,,,,,,,,,,,,,,,,,,,,
rsg_object_detection,dropped_oldest,2295,rsg_20260806_150_404899999_002295,dropped,True,fifo_cached_frame,2296,239,0,2055,239,0,1,0.0,23.098694000509568,frame_fifo_full,,,,,,,,,,,,,,,,,,,,,,,,,,,,,,,,,,,,,,,,,,,,,,,,,,,,,,,,,,,,,,
rsg_object_detection,dropped_oldest,2296,rsg_20260806_150_454900000_002296,dropped,True,fifo_cached_frame,2297,239,0,2056,239,0,1,0.0,37.91104500123765,frame_fifo_full,,,,,,,,,,,,,,,,,,,,,,,,,,,,,,,,,,,,,,,,,,,,,,,,,,,,,,,,,,,,,,
rsg_object_detection,dropped_oldest,2297,rsg_20260806_150_504899999_002297,dropped,True,fifo_cached_frame,2298,239,0,2057,239,0,1,0.0,71.33473300200421,frame_fifo_full,,,,,,,,,,,,,,,,,,,,,,,,,,,,,,,,,,,,,,,,,,,,,,,,,,,,,,,,,,,,,,
rsg_object_detection,frame_trace,2286,rsg_20260806_149_904899999_002286,sent_to_hydra,,,,,,,,,,,650.7424340088619,ok,13.940279997768812,627.9026349948253,5.307207000441849,0.1527900021756068,5.1544169982662424,0.004639005055651069,3.8262479938566685,1.000030999421142,329.5705630007433,17.180420996737666,0.010527000995352864,347.76154199789744,90.27395198063459,20.653667001170106,13.90601102320943,36.53330898669083,18.5117259825347,112.87984599766787,103.54106000158936,2.632022005855106,2.5430679961573333,4.106645996216685,1154.0,331.0,3.571894994820468,6.538871020893566,0.4027290124213323,1.2869239872088656,0.5729230033466592,0.00553599966224283,215.5518430081429,4.57256700610742,0.1421350025339052,56.00471899379045,0.043580992496572435,9.7501190030016,9.087411002838053,0.09698599751573056,0.5657220026478171,3.512476003379561,0.6725970015395433,0.0050879898481070995,3.5876730107702315,7,0,7,0,0,,,,,,,,,,,,,,
rsg_object_detection,dropped_oldest,2299,rsg_20260806_150_604899999_002299,dropped,True,fifo_cached_frame,2300,240,0,2058,240,0,1,0.0,35.003425989998505,frame_fifo_full,,,,,,,,,,,,,,,,,,,,,,,,,,,,,,,,,,,,,,,,,,,,,,,,,,,,,,,,,,,,,,
rsg_object_detection,dropped_oldest,2300,rsg_20260806_150_654899999_002300,dropped,True,fifo_cached_frame,2301,240,0,2059,240,0,1,0.0,39.458849001675844,frame_fifo_full,,,,,,,,,,,,,,,,,,,,,,,,,,,,,,,,,,,,,,,,,,,,,,,,,,,,,,,,,,,,,,
rsg_object_detection,dropped_oldest,2301,rsg_20260806_150_704900000_002301,dropped,True,fifo_cached_frame,2302,240,0,2060,240,0,1,0.0,50.18884100718424,frame_fifo_full,,,,,,,,,,,,,,,,,,,,,,,,,,,,,,,,,,,,,,,,,,,,,,,,,,,,,,,,,,,,,,
rsg_object_detection,dropped_oldest,2302,rsg_20260806_150_754899999_002302,dropped,True,fifo_cached_frame,2303,240,0,2061,240,0,1,0.0,60.686911005177535,frame_fifo_full,,,,,,,,,,,,,,,,,,,,,,,,,,,,,,,,,,,,,,,,,,,,,,,,,,,,,,,,,,,,,,
rsg_object_detection,dropped_oldest,2303,rsg_20260806_150_804900000_002303,dropped,True,fifo_cached_frame,2304,240,0,2062,240,0,1,0.0,143.7240220111562,frame_fifo_full,,,,,,,,,,,,,,,,,,,,,,,,,,,,,,,,,,,,,,,,,,,,,,,,,,,,,,,,,,,,,,
rsg_object_detection,dropped_oldest,2304,rsg_20260806_150_954900000_002304,dropped,True,fifo_cached_frame,2305,240,0,2063,240,0,1,0.0,87.84940600162372,frame_fifo_full,,,,,,,,,,,,,,,,,,,,,,,,,,,,,,,,,,,,,,,,,,,,,,,,,,,,,,,,,,,,,,
rsg_object_detection,dropped_oldest,2305,rsg_20260806_151_004899999_002305,dropped,True,fifo_cached_frame,2306,240,0,2064,240,0,1,0.0,6.657168007222936,frame_fifo_full,,,,,,,,,,,,,,,,,,,,,,,,,,,,,,,,,,,,,,,,,,,,,,,,,,,,,,,,,,,,,,
rsg_object_detection,dropped_oldest,2306,rsg_20260806_151_054900000_002306,dropped,True,fifo_cached_frame,2307,240,0,2065,240,0,1,0.0,87.99426000041422,frame_fifo_full,,,,,,,,,,,,,,,,,,,,,,,,,,,,,,,,,,,,,,,,,,,,,,,,,,,,,,,,,,,,,,
rsg_object_detection,dropped_oldest,2307,rsg_20260806_151_104899999_002307,dropped,True,fifo_cached_frame,2308,240,0,2066,241,0,1,0.0,49.576207995414734,frame_fifo_full,,,,,,,,,,,,,,,,,,,,,,,,,,,,,,,,,,,,,,,,,,,,,,,,,,,,,,,,,,,,,,
rsg_object_detection,frame_trace,2298,rsg_20260806_150_554900000_002298,sent_to_hydra,,,,,,,,,,,577.1014149941038,ok,16.9514120061649,505.3411109984154,50.78160199627746,0.13400698662735522,50.647595009650104,0.007934999302960932,5.887425999389961,0.20926700381096452,281.8044410087168,14.431863994104788,0.008350994903594255,296.45392300153617,43.6701270082267,20.918611975503154,6.867743009934202,5.823685001814738,9.294917006627657,89.84834799775854,70.57452699518763,11.873533003381453,3.214288008166477,4.124052997212857,1211.0,331.0,4.375846008770168,1.1588670167839155,0.4134139744564891,1.6409820091212168,0.3530020039761439,0.004959001671522856,141.48509500955697,2.805513999192044,0.15880601131357253,58.50455700419843,0.04578997322823852,12.52293199650012,11.80054600990843,0.09432999650016427,0.628055990091525,3.7619959912262857,0.6618769984925166,0.004607019945979118,4.019354993943125,8,0,8,0,0,,,,,,,,,,,,,,
rsg_object_detection,dropped_oldest,2309,rsg_20260806_151_204900000_002309,dropped,True,fifo_cached_frame,2310,241,0,2067,241,0,1,0.0,38.979744000243954,frame_fifo_full,,,,,,,,,,,,,,,,,,,,,,,,,,,,,,,,,,,,,,,,,,,,,,,,,,,,,,,,,,,,,,
rsg_object_detection,dropped_oldest,2310,rsg_20260806_151_254899999_002310,dropped,True,fifo_cached_frame,2311,241,0,2068,241,0,1,0.0,53.54043599800207,frame_fifo_full,,,,,,,,,,,,,,,,,,,,,,,,,,,,,,,,,,,,,,,,,,,,,,,,,,,,,,,,,,,,,,
rsg_object_detection,dropped_oldest,2311,rsg_20260806_151_304900000_002311,dropped,True,fifo_cached_frame,2312,241,0,2069,241,0,1,0.0,48.67675100103952,frame_fifo_full,,,,,,,,,,,,,,,,,,,,,,,,,,,,,,,,,,,,,,,,,,,,,,,,,,,,,,,,,,,,,,
rsg_object_detection,dropped_oldest,2312,rsg_20260806_151_354899999_002312,dropped,True,fifo_cached_frame,2313,241,0,2070,241,0,1,0.0,100.28140799840912,frame_fifo_full,,,,,,,,,,,,,,,,,,,,,,,,,,,,,,,,,,,,,,,,,,,,,,,,,,,,,,,,,,,,,,
rsg_object_detection,dropped_oldest,2313,rsg_20260806_151_454900000_002313,dropped,True,fifo_cached_frame,2314,241,0,2071,241,0,1,0.0,50.79677399771754,frame_fifo_full,,,,,,,,,,,,,,,,,,,,,,,,,,,,,,,,,,,,,,,,,,,,,,,,,,,,,,,,,,,,,,
rsg_object_detection,dropped_oldest,2314,rsg_20260806_151_504899999_002314,dropped,True,fifo_cached_frame,2315,241,0,2072,241,0,1,0.0,67.79554499371443,frame_fifo_full,,,,,,,,,,,,,,,,,,,,,,,,,,,,,,,,,,,,,,,,,,,,,,,,,,,,,,,,,,,,,,
rsg_object_detection,dropped_oldest,2315,rsg_20260806_151_554900000_002315,dropped,True,fifo_cached_frame,2316,241,0,2073,241,0,1,0.0,43.49097500380594,frame_fifo_full,,,,,,,,,,,,,,,,,,,,,,,,,,,,,,,,,,,,,,,,,,,,,,,,,,,,,,,,,,,,,,
rsg_object_detection,dropped_oldest,2316,rsg_20260806_151_604899999_002316,dropped,True,fifo_cached_frame,2317,241,0,2074,241,0,1,0.0,92.26189699256793,frame_fifo_full,,,,,,,,,,,,,,,,,,,,,,,,,,,,,,,,,,,,,,,,,,,,,,,,,,,,,,,,,,,,,,
rsg_object_detection,dropped_oldest,2317,rsg_20260806_151_654899999_002317,dropped,True,fifo_cached_frame,2318,241,0,2075,241,0,1,0.0,19.6538949967362,frame_fifo_full,,,,,,,,,,,,,,,,,,,,,,,,,,,,,,,,,,,,,,,,,,,,,,,,,,,,,,,,,,,,,,
rsg_object_detection,dropped_oldest,2318,rsg_20260806_151_704900000_002318,dropped,True,fifo_cached_frame,2319,241,0,2076,241,0,1,0.0,26.921680007944815,frame_fifo_full,,,,,,,,,,,,,,,,,,,,,,,,,,,,,,,,,,,,,,,,,,,,,,,,,,,,,,,,,,,,,,
rsg_object_detection,frame_trace,2308,rsg_20260806_151_154899999_002308,sent_to_hydra,,,,,,,,,,,632.6198840106372,ok,9.736266001709737,611.3288149936125,8.274535008240491,0.1621330011403188,8.112402007100172,0.003936002030968666,3.392356011318043,0.22526600514538586,289.939295995282,29.84721898974385,0.009119015885517001,320.02090000605676,132.9766659910092,34.43354502087459,7.489468000130728,49.71104903961532,40.46905899303965,85.53270000265911,70.45534100325312,7.995097999810241,3.517564997309819,3.5027169942623004,990.0,333.0,7.538806996308267,1.1824830144178122,0.4580839886330068,1.6815230046631768,0.7004989893175662,0.005183988832868636,230.09600899240468,9.16807800240349,0.17893299809657037,48.42006399121601,0.0524749921169132,5.452415003674105,4.8300869966624305,0.09289001172874123,0.5294379952829331,3.5266839986434206,0.7529120048275217,0.004254994564689696,3.276332005043514,8,0,8,0,0,,,,,,,,,,,,,,
rsg_object_detection,dropped_oldest,2320,rsg_20260806_151_854899999_002320,dropped,True,fifo_cached_frame,2321,242,0,2077,242,0,1,0.0,41.697490989463404,frame_fifo_full,,,,,,,,,,,,,,,,,,,,,,,,,,,,,,,,,,,,,,,,,,,,,,,,,,,,,,,,,,,,,,
rsg_object_detection,dropped_oldest,2321,rsg_20260806_151_904899999_002321,dropped,True,fifo_cached_frame,2322,242,0,2078,242,0,1,0.0,51.30189299234189,frame_fifo_full,,,,,,,,,,,,,,,,,,,,,,,,,,,,,,,,,,,,,,,,,,,,,,,,,,,,,,,,,,,,,,
rsg_object_detection,dropped_oldest,2322,rsg_20260806_151_954900000_002322,dropped,True,fifo_cached_frame,2323,242,0,2079,242,0,1,0.0,103.00020899740048,frame_fifo_full,,,,,,,,,,,,,,,,,,,,,,,,,,,,,,,,,,,,,,,,,,,,,,,,,,,,,,,,,,,,,,
rsg_object_detection,dropped_oldest,2323,rsg_20260806_152_054900000_002323,dropped,True,fifo_cached_frame,2324,242,0,2080,242,0,1,0.0,50.666062990785576,frame_fifo_full,,,,,,,,,,,,,,,,,,,,,,,,,,,,,,,,,,,,,,,,,,,,,,,,,,,,,,,,,,,,,,
rsg_object_detection,dropped_oldest,2324,rsg_20260806_152_104899999_002324,dropped,True,fifo_cached_frame,2325,242,0,2081,242,0,1,0.0,47.506554998108186,frame_fifo_full,,,,,,,,,,,,,,,,,,,,,,,,,,,,,,,,,,,,,,,,,,,,,,,,,,,,,,,,,,,,,,
rsg_object_detection,dropped_oldest,2325,rsg_20260806_152_154899999_002325,dropped,True,fifo_cached_frame,2326,242,0,2082,242,0,1,0.0,81.60245900216978,frame_fifo_full,,,,,,,,,,,,,,,,,,,,,,,,,,,,,,,,,,,,,,,,,,,,,,,,,,,,,,,,,,,,,,
rsg_object_detection,dropped_oldest,2326,rsg_20260806_152_204900000_002326,dropped,True,fifo_cached_frame,2327,242,0,2083,242,0,1,0.0,35.91185201366898,frame_fifo_full,,,,,,,,,,,,,,,,,,,,,,,,,,,,,,,,,,,,,,,,,,,,,,,,,,,,,,,,,,,,,,
rsg_object_detection,dropped_oldest,2327,rsg_20260806_152_254899999_002327,dropped,True,fifo_cached_frame,2328,242,0,2084,242,0,1,0.0,41.42448901257012,frame_fifo_full,,,,,,,,,,,,,,,,,,,,,,,,,,,,,,,,,,,,,,,,,,,,,,,,,,,,,,,,,,,,,,
rsg_object_detection,dropped_oldest,2328,rsg_20260806_152_304900000_002328,dropped,True,fifo_cached_frame,2329,242,0,2085,242,0,1,0.0,84.04397199046798,frame_fifo_full,,,,,,,,,,,,,,,,,,,,,,,,,,,,,,,,,,,,,,,,,,,,,,,,,,,,,,,,,,,,,,
rsg_object_detection,dropped_oldest,2329,rsg_20260806_152_354899999_002329,dropped,True,fifo_cached_frame,2330,242,0,2086,242,0,1,0.0,16.290529994876124,frame_fifo_full,,,,,,,,,,,,,,,,,,,,,,,,,,,,,,,,,,,,,,,,,,,,,,,,,,,,,,,,,,,,,,
rsg_object_detection,dropped_oldest,2330,rsg_20260806_152_404899999_002330,dropped,True,fifo_cached_frame,2331,242,0,2087,242,0,1,0.0,72.64035800471902,frame_fifo_full,,,,,,,,,,,,,,,,,,,,,,,,,,,,,,,,,,,,,,,,,,,,,,,,,,,,,,,,,,,,,,
rsg_object_detection,frame_trace,2319,rsg_20260806_151_754899999_002319,sent_to_hydra,,,,,,,,,,,743.9330229972256,ok,16.09751899377443,621.6353740019258,103.00580800685566,0.16283699369523674,102.84297101316042,0.004671004717238247,8.717163000255823,0.38208698970265687,301.53275800694246,18.153800003346987,0.00841599830891937,320.077060998301,140.78426602645777,45.62303204147611,7.540919963503256,69.06797603005543,17.69319298909977,83.8043720141286,66.76358600088861,9.99308199970983,3.4926700027426705,3.490559000056237,1004.0,334.0,8.59336399298627,1.4523870195262134,0.3956199361709878,1.5946810017339885,0.4181809927104041,0.005472000339068472,237.06808499991894,3.9582720055477694,0.16642099944874644,51.60270999476779,0.045662003685720265,9.861345999524929,9.10817900148686,0.11970500054303557,0.6334619974950328,5.033369990997016,1.1966590100200847,0.006143993232399225,3.189650989952497,8,0,8,0,0,,,,,,,,,,,,,,
rsg_object_detection,dropped_oldest,2332,rsg_20260806_152_554900000_002332,dropped,True,fifo_cached_frame,2333,243,0,2088,243,0,1,0.0,57.12072200549301,frame_fifo_full,,,,,,,,,,,,,,,,,,,,,,,,,,,,,,,,,,,,,,,,,,,,,,,,,,,,,,,,,,,,,,
rsg_object_detection,dropped_oldest,2333,rsg_20260806_152_604899999_002333,dropped,True,fifo_cached_frame,2334,243,0,2089,243,0,1,0.0,94.94707599515095,frame_fifo_full,,,,,,,,,,,,,,,,,,,,,,,,,,,,,,,,,,,,,,,,,,,,,,,,,,,,,,,,,,,,,,
rsg_object_detection,dropped_oldest,2334,rsg_20260806_152_704900000_002334,dropped,True,fifo_cached_frame,2335,243,0,2090,243,0,1,0.0,46.1270640080329,frame_fifo_full,,,,,,,,,,,,,,,,,,,,,,,,,,,,,,,,,,,,,,,,,,,,,,,,,,,,,,,,,,,,,,
rsg_object_detection,dropped_oldest,2335,rsg_20260806_152_754899999_002335,dropped,True,fifo_cached_frame,2336,243,0,2091,243,0,1,0.0,49.06767400098033,frame_fifo_full,,,,,,,,,,,,,,,,,,,,,,,,,,,,,,,,,,,,,,,,,,,,,,,,,,,,,,,,,,,,,,
rsg_object_detection,dropped_oldest,2336,rsg_20260806_152_804900000_002336,dropped,True,fifo_cached_frame,2337,243,0,2092,243,0,1,0.0,90.14012299303431,frame_fifo_full,,,,,,,,,,,,,,,,,,,,,,,,,,,,,,,,,,,,,,,,,,,,,,,,,,,,,,,,,,,,,,
rsg_object_detection,dropped_oldest,2337,rsg_20260806_152_854899999_002337,dropped,True,fifo_cached_frame,2338,243,0,2093,243,0,1,0.0,50.43353799555916,frame_fifo_full,,,,,,,,,,,,,,,,,,,,,,,,,,,,,,,,,,,,,,,,,,,,,,,,,,,,,,,,,,,,,,
rsg_object_detection,dropped_oldest,2338,rsg_20260806_152_904899999_002338,dropped,True,fifo_cached_frame,2339,243,0,2094,243,0,1,0.0,14.95372099452652,frame_fifo_full,,,,,,,,,,,,,,,,,,,,,,,,,,,,,,,,,,,,,,,,,,,,,,,,,,,,,,,,,,,,,,
rsg_object_detection,dropped_oldest,2339,rsg_20260806_152_954900000_002339,dropped,True,fifo_cached_frame,2340,243,0,2095,243,0,1,0.0,60.69233099697158,frame_fifo_full,,,,,,,,,,,,,,,,,,,,,,,,,,,,,,,,,,,,,,,,,,,,,,,,,,,,,,,,,,,,,,
rsg_object_detection,dropped_oldest,2340,rsg_20260806_153_004899999_002340,dropped,True,fifo_cached_frame,2341,243,0,2096,244,0,1,0.0,47.3169710021466,frame_fifo_full,,,,,,,,,,,,,,,,,,,,,,,,,,,,,,,,,,,,,,,,,,,,,,,,,,,,,,,,,,,,,,
rsg_object_detection,frame_trace,2331,rsg_20260806_152_454900000_002331,sent_to_hydra,,,,,,,,,,,548.3882450062083,ok,20.67139900464099,474.2086259939242,50.2738690120168,0.13672800560016185,50.13714100641664,0.006847010808996856,1.6587729915045202,0.22692899801768363,272.7620709920302,16.818207994219847,0.007520007784478366,289.8147279920522,49.540957013959996,15.293058007955551,3.076666995184496,19.949845009250566,10.58897899929434,75.76223601063248,61.71578400244471,8.403327999985777,2.6570759946480393,2.6568520115688443,918.0,337.0,7.066999998642132,0.9036210103658959,0.3226339613320306,1.1965309968218207,0.5691149999620393,0.004063011147081852,135.38378800149076,3.387717006262392,0.11711299885064363,43.80164798931219,0.044859014451503754,14.742245999514125,13.817347004078329,0.12520799646154046,0.7996909989742562,5.170738004380837,0.7524000102421269,0.006014990503899753,3.2275039848173037,7,0,6,0,0,,,,,,,,,,,,,,
rsg_object_detection,dropped_oldest,2342,rsg_20260806_153_104899999_002342,dropped,True,fifo_cached_frame,2343,244,0,2097,244,0,1,0.0,43.72603600495495,frame_fifo_full,,,,,,,,,,,,,,,,,,,,,,,,,,,,,,,,,,,,,,,,,,,,,,,,,,,,,,,,,,,,,,
rsg_object_detection,dropped_oldest,2343,rsg_20260806_153_154899999_002343,dropped,True,fifo_cached_frame,2344,244,0,2098,244,0,1,0.0,47.24500799784437,frame_fifo_full,,,,,,,,,,,,,,,,,,,,,,,,,,,,,,,,,,,,,,,,,,,,,,,,,,,,,,,,,,,,,,
rsg_object_detection,dropped_oldest,2344,rsg_20260806_153_204900000_002344,dropped,True,fifo_cached_frame,2345,244,0,2099,244,0,1,0.0,60.099633992649615,frame_fifo_full,,,,,,,,,,,,,,,,,,,,,,,,,,,,,,,,,,,,,,,,,,,,,,,,,,,,,,,,,,,,,,
rsg_object_detection,dropped_oldest,2345,rsg_20260806_153_254899999_002345,dropped,True,fifo_cached_frame,2346,244,0,2100,244,0,1,0.0,89.13936300086789,frame_fifo_full,,,,,,,,,,,,,,,,,,,,,,,,,,,,,,,,,,,,,,,,,,,,,,,,,,,,,,,,,,,,,,
rsg_object_detection,dropped_oldest,2346,rsg_20260806_153_354899999_002346,dropped,True,fifo_cached_frame,2347,244,0,2101,244,0,1,0.0,52.94790799962357,frame_fifo_full,,,,,,,,,,,,,,,,,,,,,,,,,,,,,,,,,,,,,,,,,,,,,,,,,,,,,,,,,,,,,,
rsg_object_detection,dropped_oldest,2347,rsg_20260806_153_404899999_002347,dropped,True,fifo_cached_frame,2348,244,0,2102,244,0,1,0.0,48.0032680061413,frame_fifo_full,,,,,,,,,,,,,,,,,,,,,,,,,,,,,,,,,,,,,,,,,,,,,,,,,,,,,,,,,,,,,,
rsg_object_detection,dropped_oldest,2348,rsg_20260806_153_454900000_002348,dropped,True,fifo_cached_frame,2349,244,0,2103,244,0,1,0.0,50.02035399957094,frame_fifo_full,,,,,,,,,,,,,,,,,,,,,,,,,,,,,,,,,,,,,,,,,,,,,,,,,,,,,,,,,,,,,,
rsg_object_detection,dropped_oldest,2349,rsg_20260806_153_504899999_002349,dropped,True,fifo_cached_frame,2350,244,0,2104,244,0,1,0.0,61.378500002319925,frame_fifo_full,,,,,,,,,,,,,,,,,,,,,,,,,,,,,,,,,,,,,,,,,,,,,,,,,,,,,,,,,,,,,,
rsg_object_detection,dropped_oldest,2350,rsg_20260806_153_554900000_002350,dropped,True,fifo_cached_frame,2351,244,0,2105,244,0,1,0.0,47.22338200372178,frame_fifo_full,,,,,,,,,,,,,,,,,,,,,,,,,,,,,,,,,,,,,,,,,,,,,,,,,,,,,,,,,,,,,,
rsg_object_detection,dropped_oldest,2351,rsg_20260806_153_604899999_002351,dropped,True,fifo_cached_frame,2352,244,0,2106,244,0,1,0.0,75.11370899737813,frame_fifo_full,,,,,,,,,,,,,,,,,,,,,,,,,,,,,,,,,,,,,,,,,,,,,,,,,,,,,,,,,,,,,,
rsg_object_detection,frame_trace,2341,rsg_20260806_153_054900000_002341,sent_to_hydra,,,,,,,,,,,635.9348480036715,ok,18.230887013487518,604.6463419916108,9.553333991789259,0.154933994053863,9.398399997735396,0.005695997970178723,1.1805319954873994,0.20757000311277807,410.46707399073057,23.53835200483445,0.0071359972935169935,434.2201319959713,40.502153991837986,18.523826001910493,3.383302013389766,6.553400031407364,11.378816998330876,71.88582100206986,56.020350006292574,10.016985004767776,3.0151659884722903,2.7900280110770836,944.0,337.0,4.474209010368213,0.8711760310688987,0.31767095788381994,1.4487059961538762,0.5405730044003576,0.0065589993027970195,120.06533298699651,3.441345994360745,0.1706769980955869,45.519075996708125,0.049246023991145194,13.3381789928535,12.650863005546853,0.08933900971896946,0.5979769775876775,4.108821987756528,0.7791180105414242,0.004768022336065769,3.498589008813724,8,0,8,0,0,,,,,,,,,,,,,,
rsg_object_detection,dropped_oldest,2353,rsg_20260806_153_754899999_002353,dropped,True,fifo_cached_frame,2354,245,0,2107,245,0,1,0.0,107.76974400505424,frame_fifo_full,,,,,,,,,,,,,,,,,,,,,,,,,,,,,,,,,,,,,,,,,,,,,,,,,,,,,,,,,,,,,,
rsg_object_detection,dropped_oldest,2354,rsg_20260806_153_854899999_002354,dropped,True,fifo_cached_frame,2355,245,0,2108,245,0,1,0.0,40.83317100594286,frame_fifo_full,,,,,,,,,,,,,,,,,,,,,,,,,,,,,,,,,,,,,,,,,,,,,,,,,,,,,,,,,,,,,,
rsg_object_detection,dropped_oldest,2355,rsg_20260806_153_904899999_002355,dropped,True,fifo_cached_frame,2356,245,0,2109,245,0,1,0.0,59.5103969972115,frame_fifo_full,,,,,,,,,,,,,,,,,,,,,,,,,,,,,,,,,,,,,,,,,,,,,,,,,,,,,,,,,,,,,,
rsg_object_detection,dropped_oldest,2356,rsg_20260806_153_954900000_002356,dropped,True,fifo_cached_frame,2357,245,0,2110,245,0,1,0.0,39.545541992993094,frame_fifo_full,,,,,,,,,,,,,,,,,,,,,,,,,,,,,,,,,,,,,,,,,,,,,,,,,,,,,,,,,,,,,,
rsg_object_detection,dropped_oldest,2357,rsg_20260806_154_004899999_002357,dropped,True,fifo_cached_frame,2358,245,0,2111,245,0,1,0.0,103.69781499321107,frame_fifo_full,,,,,,,,,,,,,,,,,,,,,,,,,,,,,,,,,,,,,,,,,,,,,,,,,,,,,,,,,,,,,,
rsg_object_detection,dropped_oldest,2358,rsg_20260806_154_104899999_002358,dropped,True,fifo_cached_frame,2359,245,0,2112,245,0,1,0.0,48.05632100033108,frame_fifo_full,,,,,,,,,,,,,,,,,,,,,,,,,,,,,,,,,,,,,,,,,,,,,,,,,,,,,,,,,,,,,,
rsg_object_detection,dropped_oldest,2359,rsg_20260806_154_154899999_002359,dropped,True,fifo_cached_frame,2360,245,0,2113,245,0,1,0.0,106.35073199227918,frame_fifo_full,,,,,,,,,,,,,,,,,,,,,,,,,,,,,,,,,,,,,,,,,,,,,,,,,,,,,,,,,,,,,,
rsg_object_detection,dropped_oldest,2360,rsg_20260806_154_204900000_002360,dropped,True,fifo_cached_frame,2361,245,0,2114,245,0,1,0.0,16.8392029881943,frame_fifo_full,,,,,,,,,,,,,,,,,,,,,,,,,,,,,,,,,,,,,,,,,,,,,,,,,,,,,,,,,,,,,,
rsg_object_detection,dropped_oldest,2361,rsg_20260806_154_254899999_002361,dropped,True,fifo_cached_frame,2362,245,0,2115,245,0,1,0.0,58.17138499696739,frame_fifo_full,,,,,,,,,,,,,,,,,,,,,,,,,,,,,,,,,,,,,,,,,,,,,,,,,,,,,,,,,,,,,,
rsg_object_detection,dropped_oldest,2362,rsg_20260806_154_304900000_002362,dropped,True,fifo_cached_frame,2363,245,0,2116,246,0,1,0.0,38.59472699696198,frame_fifo_full,,,,,,,,,,,,,,,,,,,,,,,,,,,,,,,,,,,,,,,,,,,,,,,,,,,,,,,,,,,,,,
rsg_object_detection,frame_trace,2352,rsg_20260806_153_654899999_002352,sent_to_hydra,,,,,,,,,,,664.1855620109709,ok,12.686989997746423,599.281399991014,49.681815013173036,0.1759570004651323,49.505858012707904,0.0023679895093664527,1.2703180109383538,0.21544199262280017,390.67009699647315,27.060107997385785,0.00742400879971683,417.95307099528145,54.65893598739058,17.748323967680335,4.179569034022279,20.44626302085817,11.617555996053852,62.64833899331279,46.89370800042525,9.659408999141306,3.5521870013326406,2.492606989108026,707.0,107.0,4.017498999019153,4.784555028891191,0.3334200009703636,1.451265998184681,0.5119349953019992,0.0050240050768479705,128.4287000016775,6.114518007962033,0.18616400484461337,45.282392005901784,0.04623696440830827,7.266154992976226,6.6934249916812405,0.11477700900286436,0.45795299229212105,4.695985000580549,0.720370007911697,0.004479996277950704,2.5329890195280313,8,0,8,0,0,,,,,,,,,,,,,,
rsg_object_detection,dropped_oldest,2364,rsg_20260806_154_404899999_002364,dropped,True,fifo_cached_frame,2365,246,0,2117,246,0,1,0.0,49.97105000074953,frame_fifo_full,,,,,,,,,,,,,,,,,,,,,,,,,,,,,,,,,,,,,,,,,,,,,,,,,,,,,,,,,,,,,,
rsg_object_detection,dropped_oldest,2365,rsg_20260806_154_454900000_002365,dropped,True,fifo_cached_frame,2366,246,0,2118,246,0,1,0.0,39.86722099944018,frame_fifo_full,,,,,,,,,,,,,,,,,,,,,,,,,,,,,,,,,,,,,,,,,,,,,,,,,,,,,,,,,,,,,,
rsg_object_detection,dropped_oldest,2366,rsg_20260806_154_504899999_002366,dropped,True,fifo_cached_frame,2367,246,0,2119,246,0,1,0.0,50.98189700220246,frame_fifo_full,,,,,,,,,,,,,,,,,,,,,,,,,,,,,,,,,,,,,,,,,,,,,,,,,,,,,,,,,,,,,,
rsg_object_detection,dropped_oldest,2367,rsg_20260806_154_554900000_002367,dropped,True,fifo_cached_frame,2368,246,0,2120,246,0,1,0.0,49.303092004265636,frame_fifo_full,,,,,,,,,,,,,,,,,,,,,,,,,,,,,,,,,,,,,,,,,,,,,,,,,,,,,,,,,,,,,,
rsg_object_detection,dropped_oldest,2368,rsg_20260806_154_604899999_002368,dropped,True,fifo_cached_frame,2369,246,0,2121,246,0,1,0.0,49.93073199875653,frame_fifo_full,,,,,,,,,,,,,,,,,,,,,,,,,,,,,,,,,,,,,,,,,,,,,,,,,,,,,,,,,,,,,,
rsg_object_detection,dropped_oldest,2369,rsg_20260806_154_654899999_002369,dropped,True,fifo_cached_frame,2370,246,0,2122,246,0,1,0.0,104.82927200791892,frame_fifo_full,,,,,,,,,,,,,,,,,,,,,,,,,,,,,,,,,,,,,,,,,,,,,,,,,,,,,,,,,,,,,,
rsg_object_detection,dropped_oldest,2370,rsg_20260806_154_754899999_002370,dropped,True,fifo_cached_frame,2371,246,0,2123,246,0,1,0.0,74.28461700328626,frame_fifo_full,,,,,,,,,,,,,,,,,,,,,,,,,,,,,,,,,,,,,,,,,,,,,,,,,,,,,,,,,,,,,,
rsg_object_detection,dropped_oldest,2371,rsg_20260806_154_804900000_002371,dropped,True,fifo_cached_frame,2372,246,0,2124,246,0,1,0.0,27.340956003172323,frame_fifo_full,,,,,,,,,,,,,,,,,,,,,,,,,,,,,,,,,,,,,,,,,,,,,,,,,,,,,,,,,,,,,,
rsg_object_detection,dropped_oldest,2372,rsg_20260806_154_854899999_002372,dropped,True,fifo_cached_frame,2373,246,0,2125,246,0,1,0.0,75.46441300655715,frame_fifo_full,,,,,,,,,,,,,,,,,,,,,,,,,,,,,,,,,,,,,,,,,,,,,,,,,,,,,,,,,,,,,,
rsg_object_detection,frame_trace,2363,rsg_20260806_154_354899999_002363,sent_to_hydra,,,,,,,,,,,577.2227109991945,ok,12.390337011311203,557.1930260048248,4.243629999109544,0.1410469994880259,4.102582999621518,0.007263006409630179,5.035802998463623,0.36292101140134037,337.2329390113009,18.60196799680125,0.007551992894150317,356.20538001239765,48.04656602209434,21.0746099910466,3.853607995552011,9.291816008044407,12.996378995012492,82.124720007414,67.36839099903591,8.400001999689266,3.2111199980136007,3.0942009907448664,984.0,342.0,4.210705999867059,1.5951619861880317,0.35661399306263775,1.4450910093728453,0.4896010068478063,0.004574991180561483,138.29060099669732,5.935202003456652,0.13259999104775488,51.53945999336429,0.05398000939749181,6.971358001464978,6.299946006038226,0.09721000969875604,0.5742019857279956,3.51068600139115,1.9021179905394092,0.006175017915666103,3.388454977539368,8,0,8,0,0,,,,,,,,,,,,,,
rsg_object_detection,dropped_oldest,2374,rsg_20260806_154_954900000_002374,dropped,True,fifo_cached_frame,2375,247,0,2126,247,0,1,0.0,21.708104002755135,frame_fifo_full,,,,,,,,,,,,,,,,,,,,,,,,,,,,,,,,,,,,,,,,,,,,,,,,,,,,,,,,,,,,,,
rsg_object_detection,dropped_oldest,2375,rsg_20260806_155_004899999_002375,dropped,True,fifo_cached_frame,2376,247,0,2127,247,0,1,0.0,42.89630599669181,frame_fifo_full,,,,,,,,,,,,,,,,,,,,,,,,,,,,,,,,,,,,,,,,,,,,,,,,,,,,,,,,,,,,,,
rsg_object_detection,dropped_oldest,2376,rsg_20260806_155_054900000_002376,dropped,True,fifo_cached_frame,2377,247,0,2128,247,0,1,0.0,48.66530900471844,frame_fifo_full,,,,,,,,,,,,,,,,,,,,,,,,,,,,,,,,,,,,,,,,,,,,,,,,,,,,,,,,,,,,,,
rsg_object_detection,dropped_oldest,2377,rsg_20260806_155_104899999_002377,dropped,True,fifo_cached_frame,2378,247,0,2129,247,0,1,0.0,54.49818100896664,frame_fifo_full,,,,,,,,,,,,,,,,,,,,,,,,,,,,,,,,,,,,,,,,,,,,,,,,,,,,,,,,,,,,,,
rsg_object_detection,dropped_oldest,2378,rsg_20260806_155_154899999_002378,dropped,True,fifo_cached_frame,2379,247,0,2130,247,0,1,0.0,48.803828001837246,frame_fifo_full,,,,,,,,,,,,,,,,,,,,,,,,,,,,,,,,,,,,,,,,,,,,,,,,,,,,,,,,,,,,,,
rsg_object_detection,dropped_oldest,2379,rsg_20260806_155_204900000_002379,dropped,True,fifo_cached_frame,2380,247,0,2131,247,0,1,0.0,47.9003670043312,frame_fifo_full,,,,,,,,,,,,,,,,,,,,,,,,,,,,,,,,,,,,,,,,,,,,,,,,,,,,,,,,,,,,,,
rsg_object_detection,dropped_oldest,2380,rsg_20260806_155_254899999_002380,dropped,True,fifo_cached_frame,2381,247,0,2132,247,0,1,0.0,50.256763002835214,frame_fifo_full,,,,,,,,,,,,,,,,,,,,,,,,,,,,,,,,,,,,,,,,,,,,,,,,,,,,,,,,,,,,,,
rsg_object_detection,dropped_oldest,2381,rsg_20260806_155_304900000_002381,dropped,True,fifo_cached_frame,2382,247,0,2133,247,0,1,0.0,129.88977899658494,frame_fifo_full,,,,,,,,,,,,,,,,,,,,,,,,,,,,,,,,,,,,,,,,,,,,,,,,,,,,,,,,,,,,,,
rsg_object_detection,dropped_oldest,2382,rsg_20260806_155_404899999_002382,dropped,True,fifo_cached_frame,2383,247,0,2134,247,0,1,0.0,31.519378011580557,frame_fifo_full,,,,,,,,,,,,,,,,,,,,,,,,,,,,,,,,,,,,,,,,,,,,,,,,,,,,,,,,,,,,,,
rsg_object_detection,dropped_oldest,2383,rsg_20260806_155_454900000_002383,dropped,True,fifo_cached_frame,2384,247,0,2135,247,0,1,0.0,72.79761599784251,frame_fifo_full,,,,,,,,,,,,,,,,,,,,,,,,,,,,,,,,,,,,,,,,,,,,,,,,,,,,,,,,,,,,,,
rsg_object_detection,frame_trace,2373,rsg_20260806_154_904899999_002373,sent_to_hydra,,,,,,,,,,,613.1929300026968,ok,14.463101004366763,544.1369649925036,51.001478990656324,0.1483739906689152,50.85310499998741,0.004416011506691575,6.290570003329776,0.5271339905448258,359.6297120093368,10.119604005012661,0.006911985110491514,370.2833619900048,54.92958200920839,11.424030977650546,4.5580750302178785,27.351262004231103,11.164305018610321,62.25768700824119,57.164607002050616,1.3679120020242408,1.303212993661873,2.3812550061848015,705.0,347.0,3.1921479967422783,0.5982329894322902,0.2903800050262362,1.2912450038129464,0.4949120047967881,0.004128000000491738,123.07585000235122,2.5869050004985183,0.13605500862468034,41.54324499540962,0.220977992285043,9.621588003938086,8.843686999171041,0.14392699813470244,0.6339740066323429,4.3129709956701845,0.5236790020717308,0.00486300268676132,3.5869690036633983,5,0,5,0,0,,,,,,,,,,,,,,
rsg_object_detection,dropped_oldest,2385,rsg_20260806_155_554900000_002385,dropped,True,fifo_cached_frame,2386,248,0,2136,248,0,1,0.0,34.94415000022855,frame_fifo_full,,,,,,,,,,,,,,,,,,,,,,,,,,,,,,,,,,,,,,,,,,,,,,,,,,,,,,,,,,,,,,
rsg_object_detection,dropped_oldest,2386,rsg_20260806_155_604899999_002386,dropped,True,fifo_cached_frame,2387,248,0,2137,248,0,1,0.0,38.73238600499462,frame_fifo_full,,,,,,,,,,,,,,,,,,,,,,,,,,,,,,,,,,,,,,,,,,,,,,,,,,,,,,,,,,,,,,
rsg_object_detection,dropped_oldest,2387,rsg_20260806_155_654899999_002387,dropped,True,fifo_cached_frame,2388,248,0,2138,248,0,1,0.0,49.72671800351236,frame_fifo_full,,,,,,,,,,,,,,,,,,,,,,,,,,,,,,,,,,,,,,,,,,,,,,,,,,,,,,,,,,,,,,
rsg_object_detection,dropped_oldest,2388,rsg_20260806_155_704900000_002388,dropped,True,fifo_cached_frame,2389,248,0,2139,248,0,1,0.0,51.528009003959596,frame_fifo_full,,,,,,,,,,,,,,,,,,,,,,,,,,,,,,,,,,,,,,,,,,,,,,,,,,,,,,,,,,,,,,
rsg_object_detection,,614,rsg_20260806_45_304879999_000614,vlm_done,,,,,,,,,,,,ok,,,,,,,,,,,,,,,,,,,,,,,,,,,,,,,,,,,,,,,,,,,,,,,,,rsg_obj_000072,rsg_unknown_rsg_20260806_45_304879999_000614_007_nanosam_000,,,4,0.5319622244772182,ceiling_light,0.97,static,0.99,6339.157463997253,106349.63370900368,qwen_http,Qwen3-VL-8B-Instruct-GGUF
rsg_object_detection,completed,614,rsg_20260806_45_304879999_000614,,,,,,,,,,,100010.47371800814,,vlm_done,,,,,,,,,,,,,,,,,,,,,,,,,,,,,,,,,,,,,,,,,,,,,,,,,rsg_obj_000072,rsg_unknown_rsg_20260806_45_304879999_000614_007_nanosam_000,91,300,4,0.5319622244772182,,,,,,,,
rsg_object_detection,dropped_oldest,2389,rsg_20260806_155_754899999_002389,dropped,True,fifo_cached_frame,2390,248,0,2140,248,0,1,0.0,50.455118995159864,frame_fifo_full,,,,,,,,,,,,,,,,,,,,,,,,,,,,,,,,,,,,,,,,,,,,,,,,,,,,,,,,,,,,,,
rsg_object_detection,dropped_oldest,2390,rsg_20260806_155_804900000_002390,dropped,True,fifo_cached_frame,2391,248,0,2141,248,0,1,0.0,47.93537700606976,frame_fifo_full,,,,,,,,,,,,,,,,,,,,,,,,,,,,,,,,,,,,,,,,,,,,,,,,,,,,,,,,,,,,,,
rsg_object_detection,dropped_oldest,2391,rsg_20260806_155_854899999_002391,dropped,True,fifo_cached_frame,2392,248,0,2142,248,0,1,0.0,52.32798999350052,frame_fifo_full,,,,,,,,,,,,,,,,,,,,,,,,,,,,,,,,,,,,,,,,,,,,,,,,,,,,,,,,,,,,,,
rsg_object_detection,dequeued,599,rsg_20260806_44_204880000_000599,,,,,,,,,,,105483.75320401101,,fifo_order,,,,,,,,,,,,,,,,,,,,,,,,,,,,,,,,,,,,,,,,,,,,,,,,,rsg_obj_000073,rsg_unknown_rsg_20260806_44_204880000_000599_006_nanosam_003,90,300,1,0.6815144423222662,,,,,,,,
rsg_object_detection,dropped_oldest,2392,rsg_20260806_155_904899999_002392,dropped,True,fifo_cached_frame,2393,248,0,2143,248,0,1,0.0,72.05827100551687,frame_fifo_full,,,,,,,,,,,,,,,,,,,,,,,,,,,,,,,,,,,,,,,,,,,,,,,,,,,,,,,,,,,,,,
rsg_object_detection,dropped_oldest,2393,rsg_20260806_155_954900000_002393,dropped,True,fifo_cached_frame,2394,248,0,2144,248,0,1,0.0,132.6546249911189,frame_fifo_full,,,,,,,,,,,,,,,,,,,,,,,,,,,,,,,,,,,,,,,,,,,,,,,,,,,,,,,,,,,,,,
rsg_object_detection,frame_trace,2384,rsg_20260806_155_504899999_002384,sent_to_hydra,,,,,,,,,,,574.8624669940909,ok,14.819748990703374,516.3323489978211,39.79980500298552,0.14178200217429549,39.65802300081123,0.006718997610732913,5.531162998522632,0.233776998356916,285.1081679982599,17.66763100749813,0.006814996595494449,303.0163910007104,43.33385002973955,18.335971981287003,7.598293988849036,7.7214240009197965,9.029433989780955,100.40937399026006,92.4086410086602,2.471904008416459,2.3440410004695877,3.14072601031512,1186.0,347.0,3.501661980408244,1.1519569816300645,0.35697002022061497,1.2109619856346399,0.4848649987252429,0.0039669976104050875,150.47066200349946,2.7203690115129575,0.14031099271960557,54.41246400005184,0.0409889908041805,6.410499001503922,5.753229008405469,0.09365800360683352,0.5636119894916192,3.3681670029181987,5.035738999140449,0.005343987140804529,3.903845004970208,7,0,7,0,0,,,,,,,,,,,,,,
rsg_object_detection,dropped_oldest,2395,rsg_20260806_156_154899999_002395,dropped,True,fifo_cached_frame,2396,249,0,2145,249,0,1,0.0,48.801880999235436,frame_fifo_full,,,,,,,,,,,,,,,,,,,,,,,,,,,,,,,,,,,,,,,,,,,,,,,,,,,,,,,,,,,,,,
rsg_object_detection,dropped_oldest,2396,rsg_20260806_156_204900000_002396,dropped,True,fifo_cached_frame,2397,249,0,2146,249,0,1,0.0,40.09761000634171,frame_fifo_full,,,,,,,,,,,,,,,,,,,,,,,,,,,,,,,,,,,,,,,,,,,,,,,,,,,,,,,,,,,,,,
rsg_object_detection,dropped_oldest,2397,rsg_20260806_156_254899999_002397,dropped,True,fifo_cached_frame,2398,249,0,2147,249,0,1,0.0,53.031438001198694,frame_fifo_full,,,,,,,,,,,,,,,,,,,,,,,,,,,,,,,,,,,,,,,,,,,,,,,,,,,,,,,,,,,,,,
rsg_object_detection,dropped_oldest,2398,rsg_20260806_156_304900000_002398,dropped,True,fifo_cached_frame,2399,249,0,2148,249,0,1,0.0,52.78527698828839,frame_fifo_full,,,,,,,,,,,,,,,,,,,,,,,,,,,,,,,,,,,,,,,,,,,,,,,,,,,,,,,,,,,,,,
rsg_object_detection,dropped_oldest,2399,rsg_20260806_156_354899999_002399,dropped,True,fifo_cached_frame,2400,249,0,2149,249,0,1,0.0,45.147145006922074,frame_fifo_full,,,,,,,,,,,,,,,,,,,,,,,,,,,,,,,,,,,,,,,,,,,,,,,,,,,,,,,,,,,,,,
rsg_object_detection,dropped_oldest,2400,rsg_20260806_156_404899999_002400,dropped,True,fifo_cached_frame,2401,249,0,2150,249,0,1,0.0,49.824091998743825,frame_fifo_full,,,,,,,,,,,,,,,,,,,,,,,,,,,,,,,,,,,,,,,,,,,,,,,,,,,,,,,,,,,,,,
rsg_object_detection,dropped_oldest,2401,rsg_20260806_156_454900000_002401,dropped,True,fifo_cached_frame,2402,249,0,2151,249,0,1,0.0,52.772191003896296,frame_fifo_full,,,,,,,,,,,,,,,,,,,,,,,,,,,,,,,,,,,,,,,,,,,,,,,,,,,,,,,,,,,,,,
rsg_object_detection,dropped_oldest,2402,rsg_20260806_156_504899999_002402,dropped,True,fifo_cached_frame,2403,249,0,2152,249,0,1,0.0,87.43540100113023,frame_fifo_full,,,,,,,,,,,,,,,,,,,,,,,,,,,,,,,,,,,,,,,,,,,,,,,,,,,,,,,,,,,,,,
rsg_object_detection,dropped_oldest,2403,rsg_20260806_156_554900000_002403,dropped,True,fifo_cached_frame,2404,249,0,2153,249,0,1,0.0,53.73388800944667,frame_fifo_full,,,,,,,,,,,,,,,,,,,,,,,,,,,,,,,,,,,,,,,,,,,,,,,,,,,,,,,,,,,,,,
rsg_object_detection,dropped_oldest,2404,rsg_20260806_156_604899999_002404,dropped,True,fifo_cached_frame,2405,249,0,2154,249,0,1,0.0,15.668688007281162,frame_fifo_full,,,,,,,,,,,,,,,,,,,,,,,,,,,,,,,,,,,,,,,,,,,,,,,,,,,,,,,,,,,,,,
rsg_object_detection,dropped_oldest,2405,rsg_20260806_156_654899999_002405,dropped,True,fifo_cached_frame,2406,249,0,2155,249,0,1,0.0,60.87336600467097,frame_fifo_full,,,,,,,,,,,,,,,,,,,,,,,,,,,,,,,,,,,,,,,,,,,,,,,,,,,,,,,,,,,,,,
rsg_object_detection,frame_trace,2394,rsg_20260806_156_104899999_002394,sent_to_hydra,,,,,,,,,,,623.5002750036074,ok,15.153137006564066,566.3059729995439,39.59549800492823,0.13816700084134936,39.45733100408688,0.004062996595166624,4.2595010017976165,0.18875599198509008,363.5790099942824,17.051126997102983,0.006656016921624541,380.8255490002921,40.72413202084135,16.651730984449387,3.729103016667068,10.492735003936104,9.279019010136835,82.08275301149115,66.5921019972302,9.649747997173108,3.097049004281871,2.6966589939547703,757.0,110.0,5.051546992035583,5.257516982965171,0.3588279942050576,1.4416030026040971,0.5185269983485341,0.004927002009935677,135.45567300752737,3.689682998810895,0.12427999172359705,41.90556099638343,0.04572600300889462,10.695727993152104,10.029946992290206,0.11173701204825193,0.5540439888136461,3.715313010616228,0.7362720061792061,0.005823996616527438,2.4416039959760383,8,0,8,0,0,,,,,,,,,,,,,,
rsg_object_detection,dropped_oldest,2407,rsg_20260806_156_804900000_002407,dropped,True,fifo_cached_frame,2408,250,0,2156,250,0,1,0.0,58.30117900040932,frame_fifo_full,,,,,,,,,,,,,,,,,,,,,,,,,,,,,,,,,,,,,,,,,,,,,,,,,,,,,,,,,,,,,,
rsg_object_detection,dropped_oldest,2408,rsg_20260806_156_854899999_002408,dropped,True,fifo_cached_frame,2409,250,0,2157,250,0,1,0.0,40.565231000073254,frame_fifo_full,,,,,,,,,,,,,,,,,,,,,,,,,,,,,,,,,,,,,,,,,,,,,,,,,,,,,,,,,,,,,,
rsg_object_detection,dropped_oldest,2409,rsg_20260806_156_904899999_002409,dropped,True,fifo_cached_frame,2410,250,0,2158,250,0,1,0.0,51.51742300949991,frame_fifo_full,,,,,,,,,,,,,,,,,,,,,,,,,,,,,,,,,,,,,,,,,,,,,,,,,,,,,,,,,,,,,,
rsg_object_detection,dropped_oldest,2410,rsg_20260806_156_954900000_002410,dropped,True,fifo_cached_frame,2411,250,0,2159,250,0,1,0.0,153.90939899953082,frame_fifo_full,,,,,,,,,,,,,,,,,,,,,,,,,,,,,,,,,,,,,,,,,,,,,,,,,,,,,,,,,,,,,,
rsg_object_detection,dropped_oldest,2411,rsg_20260806_157_104899999_002411,dropped,True,fifo_cached_frame,2412,250,0,2160,250,0,1,0.0,49.228674004552886,frame_fifo_full,,,,,,,,,,,,,,,,,,,,,,,,,,,,,,,,,,,,,,,,,,,,,,,,,,,,,,,,,,,,,,
rsg_object_detection,dropped_oldest,2412,rsg_20260806_157_154899999_002412,dropped,True,fifo_cached_frame,2413,250,0,2161,250,0,1,0.0,57.96670498966705,frame_fifo_full,,,,,,,,,,,,,,,,,,,,,,,,,,,,,,,,,,,,,,,,,,,,,,,,,,,,,,,,,,,,,,
rsg_object_detection,dropped_oldest,2413,rsg_20260806_157_204900000_002413,dropped,True,fifo_cached_frame,2414,250,0,2162,250,0,1,0.0,58.92056399898138,frame_fifo_full,,,,,,,,,,,,,,,,,,,,,,,,,,,,,,,,,,,,,,,,,,,,,,,,,,,,,,,,,,,,,,
rsg_object_detection,dropped_oldest,2414,rsg_20260806_157_254899999_002414,dropped,True,fifo_cached_frame,2415,250,0,2163,250,0,1,0.0,74.51809500344098,frame_fifo_full,,,,,,,,,,,,,,,,,,,,,,,,,,,,,,,,,,,,,,,,,,,,,,,,,,,,,,,,,,,,,,
rsg_object_detection,dropped_oldest,2415,rsg_20260806_157_304900000_002415,dropped,True,fifo_cached_frame,2416,250,0,2164,250,0,1,0.0,6.719280005199835,frame_fifo_full,,,,,,,,,,,,,,,,,,,,,,,,,,,,,,,,,,,,,,,,,,,,,,,,,,,,,,,,,,,,,,
rsg_object_detection,frame_trace,2406,rsg_20260806_156_704900000_002406,sent_to_hydra,,,,,,,,,,,638.859279002645,ok,17.912513998453505,579.650348998257,37.85650999634527,0.14639100118074566,37.71011899516452,0.00553599966224283,5.025373000535183,0.5671630060533062,381.49991499085445,25.097329998970963,0.010208008461631835,407.17461600434035,35.68554601224605,19.74119401711505,2.835880994098261,4.300140994018875,8.076441023149528,74.67315300891642,61.016685009235516,7.841960003133863,2.955458010546863,2.8169069992145523,1002.0,353.0,3.3807109866756946,1.4813129819231108,0.34119201882276684,1.4089660107856616,0.36557599378284067,0.004703993909060955,117.35741600568872,2.4624340003356338,0.18187600653618574,47.405596007592976,0.0430379732279107,13.72971099044662,12.939809006638825,0.17880499945022166,0.6110969843575731,3.465472997049801,0.7124020048649982,0.004928006092086434,3.434370009927079,8,0,8,0,0,,,,,,,,,,,,,,
rsg_object_detection,dropped_oldest,2417,rsg_20260806_157_404899999_002417,dropped,True,fifo_cached_frame,2418,251,0,2165,251,0,1,0.0,49.09870300616603,frame_fifo_full,,,,,,,,,,,,,,,,,,,,,,,,,,,,,,,,,,,,,,,,,,,,,,,,,,,,,,,,,,,,,,
rsg_object_detection,dropped_oldest,2418,rsg_20260806_157_454900000_002418,dropped,True,fifo_cached_frame,2419,251,0,2166,251,0,1,0.0,51.54993799806107,frame_fifo_full,,,,,,,,,,,,,,,,,,,,,,,,,,,,,,,,,,,,,,,,,,,,,,,,,,,,,,,,,,,,,,
rsg_object_detection,dropped_oldest,2419,rsg_20260806_157_504899999_002419,dropped,True,fifo_cached_frame,2420,251,0,2167,251,0,1,0.0,49.645036007859744,frame_fifo_full,,,,,,,,,,,,,,,,,,,,,,,,,,,,,,,,,,,,,,,,,,,,,,,,,,,,,,,,,,,,,,
rsg_object_detection,dropped_oldest,2420,rsg_20260806_157_554900000_002420,dropped,True,fifo_cached_frame,2421,251,0,2168,251,0,1,0.0,53.79388900473714,frame_fifo_full,,,,,,,,,,,,,,,,,,,,,,,,,,,,,,,,,,,,,,,,,,,,,,,,,,,,,,,,,,,,,,
rsg_object_detection,dropped_oldest,2421,rsg_20260806_157_604899999_002421,dropped,True,fifo_cached_frame,2422,251,0,2169,251,0,1,0.0,48.954520010738634,frame_fifo_full,,,,,,,,,,,,,,,,,,,,,,,,,,,,,,,,,,,,,,,,,,,,,,,,,,,,,,,,,,,,,,
rsg_object_detection,dropped_oldest,2422,rsg_20260806_157_654899999_002422,dropped,True,fifo_cached_frame,2423,251,0,2170,251,0,1,0.0,54.35583800135646,frame_fifo_full,,,,,,,,,,,,,,,,,,,,,,,,,,,,,,,,,,,,,,,,,,,,,,,,,,,,,,,,,,,,,,
rsg_object_detection,dropped_oldest,2423,rsg_20260806_157_704900000_002423,dropped,True,fifo_cached_frame,2424,251,0,2171,251,0,1,0.0,63.29747100244276,frame_fifo_full,,,,,,,,,,,,,,,,,,,,,,,,,,,,,,,,,,,,,,,,,,,,,,,,,,,,,,,,,,,,,,
rsg_object_detection,dropped_oldest,2424,rsg_20260806_157_754899999_002424,dropped,True,fifo_cached_frame,2425,251,0,2172,251,0,1,0.0,30.700588002218865,frame_fifo_full,,,,,,,,,,,,,,,,,,,,,,,,,,,,,,,,,,,,,,,,,,,,,,,,,,,,,,,,,,,,,,
rsg_object_detection,dropped_oldest,2425,rsg_20260806_157_804900000_002425,dropped,True,fifo_cached_frame,2426,251,0,2173,251,0,1,0.0,89.4354089978151,frame_fifo_full,,,,,,,,,,,,,,,,,,,,,,,,,,,,,,,,,,,,,,,,,,,,,,,,,,,,,,,,,,,,,,
rsg_object_detection,dropped_oldest,2426,rsg_20260806_157_854899999_002426,dropped,True,fifo_cached_frame,2427,251,0,2174,251,0,1,0.0,19.95516700844746,frame_fifo_full,,,,,,,,,,,,,,,,,,,,,,,,,,,,,,,,,,,,,,,,,,,,,,,,,,,,,,,,,,,,,,
rsg_object_detection,dropped_oldest,2427,rsg_20260806_157_904899999_002427,dropped,True,fifo_cached_frame,2428,251,0,2175,251,0,1,0.0,82.60519099712837,frame_fifo_full,,,,,,,,,,,,,,,,,,,,,,,,,,,,,,,,,,,,,,,,,,,,,,,,,,,,,,,,,,,,,,
rsg_object_detection,dropped_oldest,2428,rsg_20260806_157_954900000_002428,dropped,True,fifo_cached_frame,2429,251,0,2176,251,0,1,0.0,13.463327006320469,frame_fifo_full,,,,,,,,,,,,,,,,,,,,,,,,,,,,,,,,,,,,,,,,,,,,,,,,,,,,,,,,,,,,,,
rsg_object_detection,frame_trace,2416,rsg_20260806_157_354899999_002416,sent_to_hydra,,,,,,,,,,,655.9987720102072,ok,18.078935012454167,590.9888020105427,42.66734000702854,0.1407590025337413,42.5265810044948,0.011008000001311302,2.811466998537071,0.21976199059281498,324.5121859945357,14.494941002340056,0.007104012183845043,339.2339929996524,102.24966099485755,34.276230027899146,5.736559993238188,22.289192987955175,39.201707011670806,82.7073289983673,69.06183699902613,7.479744002921507,3.0743629904463887,3.04418800806161,1028.0,357.0,3.7743500142823905,1.0384929919382557,0.34602300729602575,1.4039090019650757,0.6200239877216518,0.00409600033890456,192.16036501165945,5.236911994870752,0.1502619998063892,51.34652699052822,0.04927601548843086,10.110325994901359,9.325288992840797,0.10543299140408635,0.679604010656476,3.6769800062756985,4.286508992663585,0.005120018613524735,4.252686980180442,8,0,8,0,0,,,,,,,,,,,,,,
rsg_object_detection,dropped_oldest,2430,rsg_20260806_158_054900000_002430,dropped,True,fifo_cached_frame,2431,252,0,2177,252,0,1,0.0,39.687019991106354,frame_fifo_full,,,,,,,,,,,,,,,,,,,,,,,,,,,,,,,,,,,,,,,,,,,,,,,,,,,,,,,,,,,,,,
rsg_object_detection,dropped_oldest,2431,rsg_20260806_158_104899999_002431,dropped,True,fifo_cached_frame,2432,252,0,2178,252,0,1,0.0,52.34153498895466,frame_fifo_full,,,,,,,,,,,,,,,,,,,,,,,,,,,,,,,,,,,,,,,,,,,,,,,,,,,,,,,,,,,,,,
rsg_object_detection,dropped_oldest,2432,rsg_20260806_158_154899999_002432,dropped,True,fifo_cached_frame,2433,252,0,2179,252,0,1,0.0,47.6579319947632,frame_fifo_full,,,,,,,,,,,,,,,,,,,,,,,,,,,,,,,,,,,,,,,,,,,,,,,,,,,,,,,,,,,,,,
rsg_object_detection,dropped_oldest,2433,rsg_20260806_158_204900000_002433,dropped,True,fifo_cached_frame,2434,252,0,2180,252,0,1,0.0,61.03301000257488,frame_fifo_full,,,,,,,,,,,,,,,,,,,,,,,,,,,,,,,,,,,,,,,,,,,,,,,,,,,,,,,,,,,,,,
rsg_object_detection,dropped_oldest,2434,rsg_20260806_158_254899999_002434,dropped,True,fifo_cached_frame,2435,252,0,2181,252,0,1,0.0,39.10408400406595,frame_fifo_full,,,,,,,,,,,,,,,,,,,,,,,,,,,,,,,,,,,,,,,,,,,,,,,,,,,,,,,,,,,,,,
rsg_object_detection,dropped_oldest,2435,rsg_20260806_158_304900000_002435,dropped,True,fifo_cached_frame,2436,252,0,2182,252,0,1,0.0,52.06856499717105,frame_fifo_full,,,,,,,,,,,,,,,,,,,,,,,,,,,,,,,,,,,,,,,,,,,,,,,,,,,,,,,,,,,,,,
rsg_object_detection,dropped_oldest,2436,rsg_20260806_158_354899999_002436,dropped,True,fifo_cached_frame,2437,252,0,2183,252,0,1,0.0,49.75287399429362,frame_fifo_full,,,,,,,,,,,,,,,,,,,,,,,,,,,,,,,,,,,,,,,,,,,,,,,,,,,,,,,,,,,,,,
rsg_object_detection,dropped_oldest,2437,rsg_20260806_158_404899999_002437,dropped,True,fifo_cached_frame,2438,252,0,2184,252,0,1,0.0,235.2560510043986,frame_fifo_full,,,,,,,,,,,,,,,,,,,,,,,,,,,,,,,,,,,,,,,,,,,,,,,,,,,,,,,,,,,,,,
rsg_object_detection,dropped_oldest,2438,rsg_20260806_158_504899999_002438,dropped,True,fifo_cached_frame,2439,252,0,2185,252,0,1,0.0,12.567418001708575,frame_fifo_full,,,,,,,,,,,,,,,,,,,,,,,,,,,,,,,,,,,,,,,,,,,,,,,,,,,,,,,,,,,,,,
rsg_object_detection,dropped_oldest,2439,rsg_20260806_158_554900000_002439,dropped,True,fifo_cached_frame,2440,252,0,2186,252,0,1,0.0,6.131895002909005,frame_fifo_full,,,,,,,,,,,,,,,,,,,,,,,,,,,,,,,,,,,,,,,,,,,,,,,,,,,,,,,,,,,,,,
rsg_object_detection,dropped_oldest,2440,rsg_20260806_158_604899999_002440,dropped,True,fifo_cached_frame,2441,252,0,2187,252,0,1,0.0,4.797708010300994,frame_fifo_full,,,,,,,,,,,,,,,,,,,,,,,,,,,,,,,,,,,,,,,,,,,,,,,,,,,,,,,,,,,,,,
rsg_object_detection,dropped_oldest,2441,rsg_20260806_158_654899999_002441,dropped,True,fifo_cached_frame,2442,252,0,2188,252,0,1,0.0,94.67620099894702,frame_fifo_full,,,,,,,,,,,,,,,,,,,,,,,,,,,,,,,,,,,,,,,,,,,,,,,,,,,,,,,,,,,,,,
rsg_object_detection,frame_trace,2429,rsg_20260806_158_004899999_002429,sent_to_hydra,,,,,,,,,,,757.4731030035764,ok,12.482272009947337,699.1934840043541,41.462426001089625,0.16715699166525155,41.29526900942437,0.0034239928936585784,1.8691599980229512,0.21166600345168263,393.53993099939544,15.491678001126274,0.006880000000819564,409.2501550039742,103.28684801061172,17.232942991540767,5.209967013797723,64.69389999983832,15.415046000271104,110.68205500487238,89.08167999470606,14.33482400898356,3.26708699867595,3.940579990739934,1366.0,360.0,3.580989010515623,0.9886409970931709,0.34541598870418966,1.3581210077973083,0.4277800035197288,0.004927991540171206,220.69317700515967,3.5725070047192276,0.15410299238283187,63.604880997445434,0.04950100264977664,8.079482009634376,7.475200996850617,0.09058599243871868,0.5136950203450397,3.6740040086442605,0.7240819977596402,0.004703993909060955,4.331496995291673,8,0,8,0,0,,,,,,,,,,,,,,
rsg_object_detection,dropped_oldest,2443,rsg_20260806_158_854899999_002443,dropped,True,fifo_cached_frame,2444,253,0,2189,253,0,1,0.0,51.15742400812451,frame_fifo_full,,,,,,,,,,,,,,,,,,,,,,,,,,,,,,,,,,,,,,,,,,,,,,,,,,,,,,,,,,,,,,
rsg_object_detection,dropped_oldest,2444,rsg_20260806_158_904899999_002444,dropped,True,fifo_cached_frame,2445,253,0,2190,253,0,1,0.0,57.318851992022246,frame_fifo_full,,,,,,,,,,,,,,,,,,,,,,,,,,,,,,,,,,,,,,,,,,,,,,,,,,,,,,,,,,,,,,
rsg_object_detection,dropped_oldest,2445,rsg_20260806_158_954900000_002445,dropped,True,fifo_cached_frame,2446,253,0,2191,253,0,1,0.0,40.20622199459467,frame_fifo_full,,,,,,,,,,,,,,,,,,,,,,,,,,,,,,,,,,,,,,,,,,,,,,,,,,,,,,,,,,,,,,
rsg_object_detection,dropped_oldest,2446,rsg_20260806_159_004899999_002446,dropped,True,fifo_cached_frame,2447,253,0,2192,253,0,1,0.0,50.192494003567845,frame_fifo_full,,,,,,,,,,,,,,,,,,,,,,,,,,,,,,,,,,,,,,,,,,,,,,,,,,,,,,,,,,,,,,
rsg_object_detection,dropped_oldest,2447,rsg_20260806_159_054900000_002447,dropped,True,fifo_cached_frame,2448,253,0,2193,253,0,1,0.0,50.37955299485475,frame_fifo_full,,,,,,,,,,,,,,,,,,,,,,,,,,,,,,,,,,,,,,,,,,,,,,,,,,,,,,,,,,,,,,
rsg_object_detection,dropped_oldest,2448,rsg_20260806_159_104899999_002448,dropped,True,fifo_cached_frame,2449,253,0,2194,253,0,1,0.0,57.35581100452691,frame_fifo_full,,,,,,,,,,,,,,,,,,,,,,,,,,,,,,,,,,,,,,,,,,,,,,,,,,,,,,,,,,,,,,
rsg_object_detection,dropped_oldest,2449,rsg_20260806_159_154899999_002449,dropped,True,fifo_cached_frame,2450,253,0,2195,253,0,1,0.0,54.584723999141715,frame_fifo_full,,,,,,,,,,,,,,,,,,,,,,,,,,,,,,,,,,,,,,,,,,,,,,,,,,,,,,,,,,,,,,
rsg_object_detection,dropped_oldest,2450,rsg_20260806_159_204900000_002450,dropped,True,fifo_cached_frame,2451,253,0,2196,253,0,1,0.0,70.81149399164133,frame_fifo_full,,,,,,,,,,,,,,,,,,,,,,,,,,,,,,,,,,,,,,,,,,,,,,,,,,,,,,,,,,,,,,
rsg_object_detection,dropped_oldest,2451,rsg_20260806_159_254899999_002451,dropped,True,fifo_cached_frame,2452,253,0,2197,253,0,1,0.0,30.377447008504532,frame_fifo_full,,,,,,,,,,,,,,,,,,,,,,,,,,,,,,,,,,,,,,,,,,,,,,,,,,,,,,,,,,,,,,
rsg_object_detection,dropped_oldest,2452,rsg_20260806_159_304900000_002452,dropped,True,fifo_cached_frame,2453,253,0,2198,253,0,1,0.0,39.523133003967814,frame_fifo_full,,,,,,,,,,,,,,,,,,,,,,,,,,,,,,,,,,,,,,,,,,,,,,,,,,,,,,,,,,,,,,
rsg_object_detection,dropped_oldest,2453,rsg_20260806_159_354899999_002453,dropped,True,fifo_cached_frame,2454,253,0,2199,253,0,1,0.0,73.2937390130246,frame_fifo_full,,,,,,,,,,,,,,,,,,,,,,,,,,,,,,,,,,,,,,,,,,,,,,,,,,,,,,,,,,,,,,
rsg_object_detection,frame_trace,2442,rsg_20260806_158_704900000_002442,sent_to_hydra,,,,,,,,,,,682.6237970090006,ok,15.50940700690262,605.3477259993088,57.44626800878905,0.14101499982643872,57.30525300896261,0.004128000000491738,1.3328749919310212,0.21038600243628025,312.5770129990997,15.1332370005548,0.009791998309083283,327.93042800039984,84.72784698824398,17.73950201459229,21.94255900394637,28.487485004006885,15.796074017998762,106.15992000384722,96.02024899504613,3.3831109903985634,3.073882995522581,3.6332069867057726,1335.0,362.0,3.491935975034721,0.5191639938857406,0.32228603959083557,1.3811270036967471,5.484064997290261,0.010431002010591328,202.1149840002181,11.672565000480972,0.139000010676682,62.10635900788475,0.05151498771738261,11.082171011366881,10.47168200602755,0.09087400394491851,0.5196150013944134,3.8257069973042235,0.5973060033284128,0.004222994903102517,4.316267993999645,8,0,8,0,0,,,,,,,,,,,,,,
rsg_object_detection,dropped_oldest,2454,rsg_20260806_159_404899999_002454,dropped,True,fifo_cached_frame,2455,254,0,2200,254,0,1,0.0,61.95001699961722,frame_fifo_full,,,,,,,,,,,,,,,,,,,,,,,,,,,,,,,,,,,,,,,,,,,,,,,,,,,,,,,,,,,,,,
rsg_object_detection,dropped_oldest,2456,rsg_20260806_159_504899999_002456,dropped,True,fifo_cached_frame,2457,254,0,2201,254,0,1,0.0,48.07170599815436,frame_fifo_full,,,,,,,,,,,,,,,,,,,,,,,,,,,,,,,,,,,,,,,,,,,,,,,,,,,,,,,,,,,,,,
rsg_object_detection,dropped_oldest,2457,rsg_20260806_159_554900000_002457,dropped,True,fifo_cached_frame,2458,254,0,2202,254,0,1,0.0,49.1458140022587,frame_fifo_full,,,,,,,,,,,,,,,,,,,,,,,,,,,,,,,,,,,,,,,,,,,,,,,,,,,,,,,,,,,,,,
rsg_object_detection,dropped_oldest,2458,rsg_20260806_159_604899999_002458,dropped,True,fifo_cached_frame,2459,254,0,2203,254,0,1,0.0,101.70366399688646,frame_fifo_full,,,,,,,,,,,,,,,,,,,,,,,,,,,,,,,,,,,,,,,,,,,,,,,,,,,,,,,,,,,,,,
rsg_object_detection,dropped_oldest,2459,rsg_20260806_159_704900000_002459,dropped,True,fifo_cached_frame,2460,254,0,2204,254,0,1,0.0,50.91261200141162,frame_fifo_full,,,,,,,,,,,,,,,,,,,,,,,,,,,,,,,,,,,,,,,,,,,,,,,,,,,,,,,,,,,,,,
rsg_object_detection,dropped_oldest,2460,rsg_20260806_159_754899999_002460,dropped,True,fifo_cached_frame,2461,254,0,2205,254,0,1,0.0,51.83792900061235,frame_fifo_full,,,,,,,,,,,,,,,,,,,,,,,,,,,,,,,,,,,,,,,,,,,,,,,,,,,,,,,,,,,,,,
rsg_object_detection,dropped_oldest,2461,rsg_20260806_159_804900000_002461,dropped,True,fifo_cached_frame,2462,254,0,2206,254,0,1,0.0,49.113304005004466,frame_fifo_full,,,,,,,,,,,,,,,,,,,,,,,,,,,,,,,,,,,,,,,,,,,,,,,,,,,,,,,,,,,,,,
rsg_object_detection,dropped_oldest,2462,rsg_20260806_159_854899999_002462,dropped,True,fifo_cached_frame,2463,254,0,2207,254,0,1,0.0,51.91680399002507,frame_fifo_full,,,,,,,,,,,,,,,,,,,,,,,,,,,,,,,,,,,,,,,,,,,,,,,,,,,,,,,,,,,,,,
rsg_object_detection,dropped_oldest,2463,rsg_20260806_159_904899999_002463,dropped,True,fifo_cached_frame,2464,254,0,2208,254,0,1,0.0,147.19124700059183,frame_fifo_full,,,,,,,,,,,,,,,,,,,,,,,,,,,,,,,,,,,,,,,,,,,,,,,,,,,,,,,,,,,,,,
rsg_object_detection,dropped_oldest,2464,rsg_20260806_160_004899999_002464,dropped,True,fifo_cached_frame,2465,254,0,2209,254,0,1,0.0,354.9983720004093,frame_fifo_full,,,,,,,,,,,,,,,,,,,,,,,,,,,,,,,,,,,,,,,,,,,,,,,,,,,,,,,,,,,,,,
rsg_object_detection,dropped_oldest,2465,rsg_20260806_160_104899999_002465,dropped,True,fifo_cached_frame,2466,254,0,2210,254,0,1,0.0,10.177236996241845,frame_fifo_full,,,,,,,,,,,,,,,,,,,,,,,,,,,,,,,,,,,,,,,,,,,,,,,,,,,,,,,,,,,,,,
rsg_object_detection,dropped_oldest,2466,rsg_20260806_160_154899999_002466,dropped,True,fifo_cached_frame,2467,254,0,2211,254,0,1,0.0,5.962626004475169,frame_fifo_full,,,,,,,,,,,,,,,,,,,,,,,,,,,,,,,,,,,,,,,,,,,,,,,,,,,,,,,,,,,,,,
rsg_object_detection,dropped_oldest,2467,rsg_20260806_160_204900000_002467,dropped,True,fifo_cached_frame,2468,254,0,2212,254,0,1,0.0,4.26203099777922,frame_fifo_full,,,,,,,,,,,,,,,,,,,,,,,,,,,,,,,,,,,,,,,,,,,,,,,,,,,,,,,,,,,,,,
rsg_object_detection,dropped_oldest,2468,rsg_20260806_160_304900000_002468,dropped,True,fifo_cached_frame,2469,254,0,2213,254,0,1,0.0,4.25035301304888,frame_fifo_full,,,,,,,,,,,,,,,,,,,,,,,,,,,,,,,,,,,,,,,,,,,,,,,,,,,,,,,,,,,,,,
rsg_object_detection,dropped_oldest,2469,rsg_20260806_160_404899999_002469,dropped,True,fifo_cached_frame,2470,254,0,2214,254,0,1,0.0,24.09132399770897,frame_fifo_full,,,,,,,,,,,,,,,,,,,,,,,,,,,,,,,,,,,,,,,,,,,,,,,,,,,,,,,,,,,,,,
rsg_object_detection,dropped_oldest,2470,rsg_20260806_160_454900000_002470,dropped,True,fifo_cached_frame,2471,254,0,2215,254,0,1,0.0,78.80452999961562,frame_fifo_full,,,,,,,,,,,,,,,,,,,,,,,,,,,,,,,,,,,,,,,,,,,,,,,,,,,,,,,,,,,,,,
rsg_object_detection,dropped_oldest,2471,rsg_20260806_160_504899999_002471,dropped,True,fifo_cached_frame,2472,254,0,2216,255,0,1,0.0,55.12108400580473,frame_fifo_full,,,,,,,,,,,,,,,,,,,,,,,,,,,,,,,,,,,,,,,,,,,,,,,,,,,,,,,,,,,,,,
rsg_object_detection,frame_trace,2455,rsg_20260806_159_454900000_002455,sent_to_hydra,,,,,,,,,,,1062.869186993339,ok,19.410886001423933,1037.0400870015146,1.824778999434784,0.15170199912972748,1.6730770003050566,0.016862002667039633,5.447716001071967,0.2315379970241338,406.76041900587734,18.58949800953269,0.008798990165814757,425.5902540026,95.25726102583576,17.09387898154091,4.6013389801373705,44.243053009267896,28.662902986980043,428.73874100041576,404.1894950059941,17.090844004997052,3.357066001626663,3.626584992161952,1335.0,364.0,5.115641004522331,1.6476070013595745,0.3204579697921872,1.1793479934567586,0.5677720037056133,0.004191009793430567,532.8479469899321,9.254320990294218,0.14088700118009,63.55542500386946,0.20353701256681234,13.766127012786455,7.961473995237611,0.0970819965004921,5.707571021048352,4.882344001089223,0.7572960021207109,0.005118985427543521,4.576572988298722,8,0,7,0,0,,,,,,,,,,,,,,
rsg_object_detection,dropped_oldest,2473,rsg_20260806_160_604899999_002473,dropped,True,fifo_cached_frame,2474,255,0,2217,255,0,1,0.0,54.201174003537744,frame_fifo_full,,,,,,,,,,,,,,,,,,,,,,,,,,,,,,,,,,,,,,,,,,,,,,,,,,,,,,,,,,,,,,
rsg_object_detection,dropped_oldest,2474,rsg_20260806_160_654899999_002474,dropped,True,fifo_cached_frame,2475,255,0,2218,255,0,1,0.0,44.23637098807376,frame_fifo_full,,,,,,,,,,,,,,,,,,,,,,,,,,,,,,,,,,,,,,,,,,,,,,,,,,,,,,,,,,,,,,
rsg_object_detection,dropped_oldest,2475,rsg_20260806_160_704900000_002475,dropped,True,fifo_cached_frame,2476,255,0,2219,255,0,1,0.0,47.58470099477563,frame_fifo_full,,,,,,,,,,,,,,,,,,,,,,,,,,,,,,,,,,,,,,,,,,,,,,,,,,,,,,,,,,,,,,
rsg_object_detection,dropped_oldest,2476,rsg_20260806_160_754899999_002476,dropped,True,fifo_cached_frame,2477,255,0,2220,255,0,1,0.0,51.8768110050587,frame_fifo_full,,,,,,,,,,,,,,,,,,,,,,,,,,,,,,,,,,,,,,,,,,,,,,,,,,,,,,,,,,,,,,
rsg_object_detection,dropped_oldest,2477,rsg_20260806_160_804900000_002477,dropped,True,fifo_cached_frame,2478,255,0,2221,255,0,1,0.0,50.75886599661317,frame_fifo_full,,,,,,,,,,,,,,,,,,,,,,,,,,,,,,,,,,,,,,,,,,,,,,,,,,,,,,,,,,,,,,
rsg_object_detection,dropped_oldest,2478,rsg_20260806_160_854899999_002478,dropped,True,fifo_cached_frame,2479,255,0,2222,255,0,1,0.0,59.946631008642726,frame_fifo_full,,,,,,,,,,,,,,,,,,,,,,,,,,,,,,,,,,,,,,,,,,,,,,,,,,,,,,,,,,,,,,
rsg_object_detection,dropped_oldest,2479,rsg_20260806_160_904899999_002479,dropped,True,fifo_cached_frame,2480,255,0,2223,255,0,1,0.0,90.78949100512546,frame_fifo_full,,,,,,,,,,,,,,,,,,,,,,,,,,,,,,,,,,,,,,,,,,,,,,,,,,,,,,,,,,,,,,
rsg_object_detection,dropped_oldest,2480,rsg_20260806_161_004899999_002480,dropped,True,fifo_cached_frame,2481,255,0,2224,255,0,1,0.0,81.76645200001076,frame_fifo_full,,,,,,,,,,,,,,,,,,,,,,,,,,,,,,,,,,,,,,,,,,,,,,,,,,,,,,,,,,,,,,
rsg_object_detection,dropped_oldest,2481,rsg_20260806_161_054900000_002481,dropped,True,fifo_cached_frame,2482,255,0,2225,255,0,1,0.0,104.99155899742618,frame_fifo_full,,,,,,,,,,,,,,,,,,,,,,,,,,,,,,,,,,,,,,,,,,,,,,,,,,,,,,,,,,,,,,
rsg_object_detection,dropped_oldest,2482,rsg_20260806_161_154899999_002482,dropped,True,fifo_cached_frame,2483,255,0,2226,255,0,1,0.0,18.605753997690044,frame_fifo_full,,,,,,,,,,,,,,,,,,,,,,,,,,,,,,,,,,,,,,,,,,,,,,,,,,,,,,,,,,,,,,
rsg_object_detection,frame_trace,2472,rsg_20260806_160_554900000_002472,sent_to_hydra,,,,,,,,,,,625.7118010107661,ok,20.39117600361351,590.7582910003839,10.55135700153187,0.17650100926402956,10.37485599226784,0.0038399884942919016,6.02758300374262,0.2260329929413274,362.0765939995181,18.95542800775729,0.00748700404074043,381.26554200425744,33.41741501935758,14.683029992738739,1.907782003399916,4.77044700528495,11.426661993027665,86.28997100458946,69.30593699507881,7.5681879970943555,4.323371002101339,5.030494008678943,1041.0,365.0,4.685428983066231,0.8340580097865313,0.38048798160161823,1.5469729987671599,0.8359140047105029,0.0065920030465349555,128.01719100389164,17.079035998904146,0.18018099945038557,58.13551500614267,0.05324298399500549,15.047837005113252,14.394375990377739,0.10354600090067834,0.5499150138348341,4.5553249947261065,0.782766001066193,0.0052480027079582214,4.00713701674249,8,0,8,0,0,,,,,,,,,,,,,,
rsg_object_detection,dropped_oldest,2484,rsg_20260806_161_254899999_002484,dropped,True,fifo_cached_frame,2485,256,0,2227,256,0,1,0.0,88.34923901304137,frame_fifo_full,,,,,,,,,,,,,,,,,,,,,,,,,,,,,,,,,,,,,,,,,,,,,,,,,,,,,,,,,,,,,,
rsg_object_detection,dropped_oldest,2485,rsg_20260806_161_354899999_002485,dropped,True,fifo_cached_frame,2486,256,0,2228,256,0,1,0.0,49.01735100429505,frame_fifo_full,,,,,,,,,,,,,,,,,,,,,,,,,,,,,,,,,,,,,,,,,,,,,,,,,,,,,,,,,,,,,,
rsg_object_detection,dropped_oldest,2486,rsg_20260806_161_404899999_002486,dropped,True,fifo_cached_frame,2487,256,0,2229,256,0,1,0.0,55.96497099031694,frame_fifo_full,,,,,,,,,,,,,,,,,,,,,,,,,,,,,,,,,,,,,,,,,,,,,,,,,,,,,,,,,,,,,,
rsg_object_detection,dropped_oldest,2487,rsg_20260806_161_454900000_002487,dropped,True,fifo_cached_frame,2488,256,0,2230,256,0,1,0.0,97.1099279995542,frame_fifo_full,,,,,,,,,,,,,,,,,,,,,,,,,,,,,,,,,,,,,,,,,,,,,,,,,,,,,,,,,,,,,,
rsg_object_detection,dropped_oldest,2488,rsg_20260806_161_554900000_002488,dropped,True,fifo_cached_frame,2489,256,0,2231,256,0,1,0.0,137.99810099590104,frame_fifo_full,,,,,,,,,,,,,,,,,,,,,,,,,,,,,,,,,,,,,,,,,,,,,,,,,,,,,,,,,,,,,,
rsg_object_detection,dropped_oldest,2489,rsg_20260806_161_654899999_002489,dropped,True,fifo_cached_frame,2490,256,0,2232,256,0,1,0.0,15.853803008212708,frame_fifo_full,,,,,,,,,,,,,,,,,,,,,,,,,,,,,,,,,,,,,,,,,,,,,,,,,,,,,,,,,,,,,,
rsg_object_detection,dropped_oldest,2490,rsg_20260806_161_704900000_002490,dropped,True,fifo_cached_frame,2491,256,0,2233,256,0,1,0.0,53.878767997957766,frame_fifo_full,,,,,,,,,,,,,,,,,,,,,,,,,,,,,,,,,,,,,,,,,,,,,,,,,,,,,,,,,,,,,,
rsg_object_detection,dropped_oldest,2491,rsg_20260806_161_754899999_002491,dropped,True,fifo_cached_frame,2492,256,0,2234,256,0,1,0.0,83.6720340012107,frame_fifo_full,,,,,,,,,,,,,,,,,,,,,,,,,,,,,,,,,,,,,,,,,,,,,,,,,,,,,,,,,,,,,,
rsg_object_detection,dropped_oldest,2492,rsg_20260806_161_804900000_002492,dropped,True,fifo_cached_frame,2493,256,0,2235,256,0,1,0.0,8.502561002387665,frame_fifo_full,,,,,,,,,,,,,,,,,,,,,,,,,,,,,,,,,,,,,,,,,,,,,,,,,,,,,,,,,,,,,,
rsg_object_detection,frame_trace,2483,rsg_20260806_161_204900000_002483,sent_to_hydra,,,,,,,,,,,655.6491740047932,ok,23.671800998272374,574.7499599965522,51.827886010869406,0.1320870069321245,51.69579900393728,0.007519003702327609,5.520895996596664,0.268431002041325,326.00513800571207,16.293870998197235,0.007870985427871346,342.5753109913785,33.17125697503798,15.015489014331251,3.1618110078852624,5.5296639911830425,8.822797986795194,111.40021499886643,94.60826400027145,7.776015001581982,4.264271992724389,4.681685008108616,1116.0,368.0,9.828491994994693,1.8232760194223374,0.5127690092194825,1.6693020006641746,1.0007039963966236,0.0055679993238300085,159.44057199521922,4.630647992598824,0.15429400082211941,62.3740980081493,0.054141011787578464,16.293776003294624,15.331532995332964,0.11679300223477185,0.8454500057268888,6.4977610018104315,0.8736400050111115,0.006623988156206906,5.3920079953968525,8,0,8,0,0,,,,,,,,,,,,,,
rsg_object_detection,dropped_oldest,2494,rsg_20260806_161_904899999_002494,dropped,True,fifo_cached_frame,2495,257,0,2236,257,0,1,0.0,42.504134005866945,frame_fifo_full,,,,,,,,,,,,,,,,,,,,,,,,,,,,,,,,,,,,,,,,,,,,,,,,,,,,,,,,,,,,,,
rsg_object_detection,dropped_oldest,2495,rsg_20260806_161_954900000_002495,dropped,True,fifo_cached_frame,2496,257,0,2237,257,0,1,0.0,43.88577399367932,frame_fifo_full,,,,,,,,,,,,,,,,,,,,,,,,,,,,,,,,,,,,,,,,,,,,,,,,,,,,,,,,,,,,,,
rsg_object_detection,dropped_oldest,2496,rsg_20260806_162_004899999_002496,dropped,True,fifo_cached_frame,2497,257,0,2238,257,0,1,0.0,62.163391005015,frame_fifo_full,,,,,,,,,,,,,,,,,,,,,,,,,,,,,,,,,,,,,,,,,,,,,,,,,,,,,,,,,,,,,,
rsg_object_detection,dropped_oldest,2497,rsg_20260806_162_054900000_002497,dropped,True,fifo_cached_frame,2498,257,0,2239,257,0,1,0.0,40.151708002667874,frame_fifo_full,,,,,,,,,,,,,,,,,,,,,,,,,,,,,,,,,,,,,,,,,,,,,,,,,,,,,,,,,,,,,,
rsg_object_detection,dropped_oldest,2498,rsg_20260806_162_104899999_002498,dropped,True,fifo_cached_frame,2499,257,0,2240,257,0,1,0.0,53.15532599342987,frame_fifo_full,,,,,,,,,,,,,,,,,,,,,,,,,,,,,,,,,,,,,,,,,,,,,,,,,,,,,,,,,,,,,,
rsg_object_detection,dropped_oldest,2499,rsg_20260806_162_154899999_002499,dropped,True,fifo_cached_frame,2500,257,0,2241,257,0,1,0.0,43.902029006858356,frame_fifo_full,,,,,,,,,,,,,,,,,,,,,,,,,,,,,,,,,,,,,,,,,,,,,,,,,,,,,,,,,,,,,,
rsg_object_detection,dropped_oldest,2500,rsg_20260806_162_204900000_002500,dropped,True,fifo_cached_frame,2501,257,0,2242,257,0,1,0.0,111.72973600332625,frame_fifo_full,,,,,,,,,,,,,,,,,,,,,,,,,,,,,,,,,,,,,,,,,,,,,,,,,,,,,,,,,,,,,,
rsg_object_detection,dropped_oldest,2501,rsg_20260806_162_304900000_002501,dropped,True,fifo_cached_frame,2502,257,0,2243,257,0,1,0.0,40.538982997532,frame_fifo_full,,,,,,,,,,,,,,,,,,,,,,,,,,,,,,,,,,,,,,,,,,,,,,,,,,,,,,,,,,,,,,
rsg_object_detection,dropped_oldest,2502,rsg_20260806_162_354899999_002502,dropped,True,fifo_cached_frame,2503,257,0,2244,257,0,1,0.0,120.70875200151931,frame_fifo_full,,,,,,,,,,,,,,,,,,,,,,,,,,,,,,,,,,,,,,,,,,,,,,,,,,,,,,,,,,,,,,
rsg_object_detection,dropped_oldest,2503,rsg_20260806_162_454900000_002503,dropped,True,fifo_cached_frame,2504,257,0,2245,257,0,1,0.0,31.76200699817855,frame_fifo_full,,,,,,,,,,,,,,,,,,,,,,,,,,,,,,,,,,,,,,,,,,,,,,,,,,,,,,,,,,,,,,
rsg_object_detection,,599,rsg_20260806_44_204880000_000599,vlm_failed,,,,,,,,,,,,"{""label"":""unknown_object"",""label_confidence"":0.0,""mobility_class"":""unknown"",""mobility_confidence"":0.0}",,,,,,,,,,,,,,,,,,,,,,,,,,,,,,,,,,,,,,,,,,,,,,,,,rsg_obj_000073,rsg_unknown_rsg_20260806_44_204880000_000599_006_nanosam_003,,,1,0.6815144423222662,unknown_object,0.0,unknown,0.0,6661.5055299917,112145.26123000542,qwen_http,Qwen3-VL-8B-Instruct-GGUF
rsg_object_detection,completed,599,rsg_20260806_44_204880000_000599,,,,,,,,,,,105483.75320401101,,vlm_failed,,,,,,,,,,,,,,,,,,,,,,,,,,,,,,,,,,,,,,,,,,,,,,,,,rsg_obj_000073,rsg_unknown_rsg_20260806_44_204880000_000599_006_nanosam_003,97,300,1,0.6815144423222662,,,,,,,,
rsg_object_detection,frame_trace,2493,rsg_20260806_161_854899999_002493,sent_to_hydra,,,,,,,,,,,732.2855639940826,ok,17.77080299507361,655.0408300099662,56.06925299798604,0.13189599849283695,55.937356999493204,0.004384011845104396,6.519647999084555,0.24756899802014232,402.7583870047238,18.110812990926206,0.007551003363914788,421.12431999703404,54.85112596943509,21.57737700326834,3.761104992008768,17.83412699296605,10.984676016960293,93.64756500872318,76.48603600682691,8.588669006712735,3.8947279972489923,4.617144993972033,1133.0,370.0,6.2974880274850875,2.9926099814474583,0.46365000889636576,1.4569949998985976,0.5793229938717559,0.005214998964220285,160.31320299953222,10.647896997397766,0.3529700043145567,56.032236010651104,0.050556001951918006,13.308175999554805,12.672953002038412,0.09321000834461302,0.5420129891717806,3.610393003327772,0.8473060006508604,0.004927991540171206,3.4002939792117104,8,0,8,0,0,,,,,,,,,,,,,,
rsg_object_detection,dropped_oldest,2505,rsg_20260806_162_604899999_002505,dropped,True,fifo_cached_frame,2506,258,0,2246,258,0,1,0.0,19.315087993163615,frame_fifo_full,,,,,,,,,,,,,,,,,,,,,,,,,,,,,,,,,,,,,,,,,,,,,,,,,,,,,,,,,,,,,,
rsg_object_detection,dequeued,632,rsg_20260806_46_354880000_000632,,,,,,,,,,,110452.75633900019,,fifo_order,,,,,,,,,,,,,,,,,,,,,,,,,,,,,,,,,,,,,,,,,,,,,,,,,rsg_obj_000081,rsg_unknown_rsg_20260806_46_354880000_000632_001_nanosam_006,96,300,1,0.5993010765472685,,,,,,,,
rsg_object_detection,dropped_oldest,2506,rsg_20260806_162_654899999_002506,dropped,True,fifo_cached_frame,2507,258,0,2247,258,0,1,0.0,99.91708600136917,frame_fifo_full,,,,,,,,,,,,,,,,,,,,,,,,,,,,,,,,,,,,,,,,,,,,,,,,,,,,,,,,,,,,,,
rsg_object_detection,dropped_oldest,2507,rsg_20260806_162_754899999_002507,dropped,True,fifo_cached_frame,2508,258,0,2248,258,0,1,0.0,50.241501012351364,frame_fifo_full,,,,,,,,,,,,,,,,,,,,,,,,,,,,,,,,,,,,,,,,,,,,,,,,,,,,,,,,,,,,,,
rsg_object_detection,dropped_oldest,2508,rsg_20260806_162_804900000_002508,dropped,True,fifo_cached_frame,2509,258,0,2249,258,0,1,0.0,53.439537005033344,frame_fifo_full,,,,,,,,,,,,,,,,,,,,,,,,,,,,,,,,,,,,,,,,,,,,,,,,,,,,,,,,,,,,,,
rsg_object_detection,dropped_oldest,2509,rsg_20260806_162_854899999_002509,dropped,True,fifo_cached_frame,2510,258,0,2250,258,0,1,0.0,48.578599002212286,frame_fifo_full,,,,,,,,,,,,,,,,,,,,,,,,,,,,,,,,,,,,,,,,,,,,,,,,,,,,,,,,,,,,,,
rsg_object_detection,dropped_oldest,2510,rsg_20260806_162_904899999_002510,dropped,True,fifo_cached_frame,2511,258,0,2251,258,0,1,0.0,126.4491860056296,frame_fifo_full,,,,,,,,,,,,,,,,,,,,,,,,,,,,,,,,,,,,,,,,,,,,,,,,,,,,,,,,,,,,,,
rsg_object_detection,dropped_oldest,2511,rsg_20260806_162_954900000_002511,dropped,True,fifo_cached_frame,2512,258,0,2252,258,0,1,0.0,126.60309599596076,frame_fifo_full,,,,,,,,,,,,,,,,,,,,,,,,,,,,,,,,,,,,,,,,,,,,,,,,,,,,,,,,,,,,,,
rsg_object_detection,frame_trace,2504,rsg_20260806_162_504899999_002504,sent_to_hydra,,,,,,,,,,,667.9366469907109,ok,12.754130992107093,527.9325489973417,123.83850499463733,0.1342309988103807,123.70427399582695,0.006688002031296492,5.026846993132494,0.27310299628879875,252.16805099626072,26.57024200016167,0.007711001671850681,279.01910699438304,60.46638601401355,17.95639199553989,3.973825994762592,16.06271998025477,21.846736010047607,109.61310700804461,98.67236499849241,4.243344999849796,3.3514020033180714,3.2923979888437316,1098.0,372.0,4.0836450207279995,0.7387339865090325,0.3378989640623331,1.42278999555856,0.6199600029503927,0.004704008460976183,177.30610400030855,8.32046099822037,0.18117199942935258,58.02090899669565,0.057949015172198415,7.8670509974472225,7.238707010401413,0.111929010017775,0.5164149770280346,4.195091998553835,0.6869319913676009,0.005056004738435149,3.4047740045934916,8,0,8,0,0,,,,,,,,,,,,,,
rsg_object_detection,dropped_oldest,2513,rsg_20260806_163_104899999_002513,dropped,True,fifo_cached_frame,2513,259,0,2253,259,0,1,0.0,61.50836699816864,frame_fifo_full,,,,,,,,,,,,,,,,,,,,,,,,,,,,,,,,,,,,,,,,,,,,,,,,,,,,,,,,,,,,,,
rsg_object_detection,dropped_oldest,2515,rsg_20260806_163_254899999_002515,dropped,True,fifo_cached_frame,2515,259,0,2254,259,0,1,0.0,93.07711399742402,frame_fifo_full,,,,,,,,,,,,,,,,,,,,,,,,,,,,,,,,,,,,,,,,,,,,,,,,,,,,,,,,,,,,,,
rsg_object_detection,dropped_oldest,2516,rsg_20260806_163_354899999_002516,dropped,True,fifo_cached_frame,2516,259,0,2255,259,0,1,0.0,49.93342900706921,frame_fifo_full,,,,,,,,,,,,,,,,,,,,,,,,,,,,,,,,,,,,,,,,,,,,,,,,,,,,,,,,,,,,,,
rsg_object_detection,dropped_oldest,2517,rsg_20260806_163_404899999_002517,dropped,True,fifo_cached_frame,2517,259,0,2256,259,0,1,0.0,101.20635599014349,frame_fifo_full,,,,,,,,,,,,,,,,,,,,,,,,,,,,,,,,,,,,,,,,,,,,,,,,,,,,,,,,,,,,,,
rsg_object_detection,dropped_oldest,2518,rsg_20260806_163_504899999_002518,dropped,True,fifo_cached_frame,2518,259,0,2257,259,0,1,0.0,110.00201999559067,frame_fifo_full,,,,,,,,,,,,,,,,,,,,,,,,,,,,,,,,,,,,,,,,,,,,,,,,,,,,,,,,,,,,,,
rsg_object_detection,dropped_oldest,2519,rsg_20260806_163_604899999_002519,dropped,True,fifo_cached_frame,2519,259,0,2258,259,0,1,0.0,148.6812539951643,frame_fifo_full,,,,,,,,,,,,,,,,,,,,,,,,,,,,,,,,,,,,,,,,,,,,,,,,,,,,,,,,,,,,,,
rsg_object_detection,dropped_oldest,2520,rsg_20260806_163_654899999_002520,dropped,True,fifo_cached_frame,2520,259,0,2259,259,0,1,0.0,57.07380599051248,frame_fifo_full,,,,,,,,,,,,,,,,,,,,,,,,,,,,,,,,,,,,,,,,,,,,,,,,,,,,,,,,,,,,,,
rsg_object_detection,dropped_oldest,2521,rsg_20260806_163_754899999_002521,dropped,True,fifo_cached_frame,2521,259,0,2260,259,0,1,0.0,9.155513005680405,frame_fifo_full,,,,,,,,,,,,,,,,,,,,,,,,,,,,,,,,,,,,,,,,,,,,,,,,,,,,,,,,,,,,,,
rsg_object_detection,frame_trace,2514,rsg_20260806_163_204900000_002514,sent_to_hydra,,,,,,,,,,,622.0684239960974,ok,15.968487001373433,601.17231500044,1.9593949982663617,0.1748369977576658,1.7845580005086958,0.004064000677317381,1.2568479869514704,0.19377999706193805,298.34778599615674,15.215960011119023,0.007966998964548111,313.76549300330225,90.58171998185571,18.087969001499005,4.7157649823930115,53.40216799231712,13.543008011765778,124.64467198878992,111.41687398776412,3.988577998825349,5.5824599985498935,3.586908002034761,897.0,123.0,5.273518996546045,0.8594640239607543,0.48922101268544793,1.72949000261724,0.7242099964059889,0.004735004040412605,224.32779800146818,9.27022600080818,0.17829200078267604,52.32412500481587,0.049533002311363816,10.724053005105816,10.005955002270639,0.10546599514782429,0.6126320076873526,4.475170993828215,0.7636319933226332,0.005631009116768837,2.9641629953403026,8,0,8,0,0,,,,,,,,,,,,,,
rsg_object_detection,dropped_oldest,2523,rsg_20260806_163_954900000_002523,dropped,True,fifo_cached_frame,2523,260,0,2261,260,0,1,0.0,37.1726099983789,frame_fifo_full,,,,,,,,,,,,,,,,,,,,,,,,,,,,,,,,,,,,,,,,,,,,,,,,,,,,,,,,,,,,,,
rsg_object_detection,dropped_oldest,2524,rsg_20260806_164_004899999_002524,dropped,True,fifo_cached_frame,2524,260,0,2262,260,0,1,0.0,60.35302199597936,frame_fifo_full,,,,,,,,,,,,,,,,,,,,,,,,,,,,,,,,,,,,,,,,,,,,,,,,,,,,,,,,,,,,,,
rsg_object_detection,dropped_oldest,2525,rsg_20260806_164_054900000_002525,dropped,True,fifo_cached_frame,2525,260,0,2263,260,0,1,0.0,41.56394599704072,frame_fifo_full,,,,,,,,,,,,,,,,,,,,,,,,,,,,,,,,,,,,,,,,,,,,,,,,,,,,,,,,,,,,,,
rsg_object_detection,dropped_oldest,2526,rsg_20260806_164_104899999_002526,dropped,True,fifo_cached_frame,2526,260,0,2264,260,0,1,0.0,70.71441000152845,frame_fifo_full,,,,,,,,,,,,,,,,,,,,,,,,,,,,,,,,,,,,,,,,,,,,,,,,,,,,,,,,,,,,,,
rsg_object_detection,dropped_oldest,2527,rsg_20260806_164_154899999_002527,dropped,True,fifo_cached_frame,2527,260,0,2265,260,0,1,0.0,37.471343006473035,frame_fifo_full,,,,,,,,,,,,,,,,,,,,,,,,,,,,,,,,,,,,,,,,,,,,,,,,,,,,,,,,,,,,,,
rsg_object_detection,dropped_oldest,2528,rsg_20260806_164_204900000_002528,dropped,True,fifo_cached_frame,2528,260,0,2266,260,0,1,0.0,38.884917012182996,frame_fifo_full,,,,,,,,,,,,,,,,,,,,,,,,,,,,,,,,,,,,,,,,,,,,,,,,,,,,,,,,,,,,,,
rsg_object_detection,dropped_oldest,2529,rsg_20260806_164_254899999_002529,dropped,True,fifo_cached_frame,2529,260,0,2267,260,0,1,0.0,115.64983100106474,frame_fifo_full,,,,,,,,,,,,,,,,,,,,,,,,,,,,,,,,,,,,,,,,,,,,,,,,,,,,,,,,,,,,,,
rsg_object_detection,dropped_oldest,2530,rsg_20260806_164_354899999_002530,dropped,True,fifo_cached_frame,2530,260,0,2268,260,0,1,0.0,42.30015900975559,frame_fifo_full,,,,,,,,,,,,,,,,,,,,,,,,,,,,,,,,,,,,,,,,,,,,,,,,,,,,,,,,,,,,,,
rsg_object_detection,dropped_oldest,2531,rsg_20260806_164_404899999_002531,dropped,True,fifo_cached_frame,2531,260,0,2269,260,0,1,0.0,112.01489499944728,frame_fifo_full,,,,,,,,,,,,,,,,,,,,,,,,,,,,,,,,,,,,,,,,,,,,,,,,,,,,,,,,,,,,,,
rsg_object_detection,frame_trace,2522,rsg_20260806_163_804900000_002522,sent_to_hydra,,,,,,,,,,,704.7064560028957,ok,16.13286200154107,631.3399249920622,51.71385999710765,0.15480699948966503,51.55905299761798,0.0076160067692399025,1.7298740131082013,0.21819499670527875,344.58356599498075,17.233751001185738,0.006623013177886605,362.04213500604965,60.64401502953842,21.334898978238925,4.650264992960729,21.697437012335286,12.13266899867449,118.74925000302028,101.43681500630919,8.651705997181125,3.526432003127411,5.071773994131945,1414.0,375.0,6.301263987552375,1.738736013066955,0.4889949632342905,2.032733988016844,0.5779789935331792,0.007487993570975959,190.56497199926525,3.113465994829312,0.17800400382839143,73.65243800450116,0.05903597048018128,10.781523000332527,9.92672900611069,0.13410300016403198,0.7206909940578043,4.42877400200814,0.9163899958366528,0.006175003363750875,5.512193005415611,8,0,8,0,0,,,,,,,,,,,,,,
rsg_object_detection,dropped_oldest,2532,rsg_20260806_164_504899999_002532,dropped,True,fifo_cached_frame,2532,260,0,2270,261,0,1,0.0,82.32913400570396,frame_fifo_full,,,,,,,,,,,,,,,,,,,,,,,,,,,,,,,,,,,,,,,,,,,,,,,,,,,,,,,,,,,,,,
rsg_object_detection,dropped_oldest,2534,rsg_20260806_164_604899999_002534,dropped,True,fifo_cached_frame,2534,261,0,2271,261,0,1,0.0,92.72472899465356,frame_fifo_full,,,,,,,,,,,,,,,,,,,,,,,,,,,,,,,,,,,,,,,,,,,,,,,,,,,,,,,,,,,,,,
rsg_object_detection,dropped_oldest,2535,rsg_20260806_164_704900000_002535,dropped,True,fifo_cached_frame,2535,261,0,2272,261,0,1,0.0,104.25369199947454,frame_fifo_full,,,,,,,,,,,,,,,,,,,,,,,,,,,,,,,,,,,,,,,,,,,,,,,,,,,,,,,,,,,,,,
rsg_object_detection,dropped_oldest,2536,rsg_20260806_164_804900000_002536,dropped,True,fifo_cached_frame,2536,261,0,2273,261,0,1,0.0,48.17322599410545,frame_fifo_full,,,,,,,,,,,,,,,,,,,,,,,,,,,,,,,,,,,,,,,,,,,,,,,,,,,,,,,,,,,,,,
rsg_object_detection,dropped_oldest,2537,rsg_20260806_164_854899999_002537,dropped,True,fifo_cached_frame,2537,261,0,2274,261,0,1,0.0,141.71937499486376,frame_fifo_full,,,,,,,,,,,,,,,,,,,,,,,,,,,,,,,,,,,,,,,,,,,,,,,,,,,,,,,,,,,,,,
rsg_object_detection,dropped_oldest,2538,rsg_20260806_164_954900000_002538,dropped,True,fifo_cached_frame,2538,261,0,2275,261,0,1,0.0,15.219480992527679,frame_fifo_full,,,,,,,,,,,,,,,,,,,,,,,,,,,,,,,,,,,,,,,,,,,,,,,,,,,,,,,,,,,,,,
rsg_object_detection,dropped_oldest,2539,rsg_20260806_165_004899999_002539,dropped,True,fifo_cached_frame,2539,261,0,2276,261,0,1,0.0,41.75433798809536,frame_fifo_full,,,,,,,,,,,,,,,,,,,,,,,,,,,,,,,,,,,,,,,,,,,,,,,,,,,,,,,,,,,,,,
rsg_object_detection,dropped_oldest,2540,rsg_20260806_165_054900000_002540,dropped,True,fifo_cached_frame,2540,261,0,2277,261,0,1,0.0,82.55020799697377,frame_fifo_full,,,,,,,,,,,,,,,,,,,,,,,,,,,,,,,,,,,,,,,,,,,,,,,,,,,,,,,,,,,,,,
rsg_object_detection,dropped_oldest,2541,rsg_20260806_165_104899999_002541,dropped,True,fifo_cached_frame,2541,261,0,2278,262,0,1,0.0,68.16872199124191,frame_fifo_full,,,,,,,,,,,,,,,,,,,,,,,,,,,,,,,,,,,,,,,,,,,,,,,,,,,,,,,,,,,,,,
rsg_object_detection,frame_trace,2533,rsg_20260806_164_554900000_002533,sent_to_hydra,,,,,,,,,,,553.9450390060665,ok,14.663995010778308,530.8754020079505,1.963267000974156,0.1606940058991313,1.8025729950750247,0.009887997293844819,6.130713998572901,0.2475360088283196,253.54288899688981,15.000775005319156,0.008094997610896826,268.7992950086482,44.03364700556267,14.869388993247412,3.0440949922194704,17.04214898927603,8.51859399699606,133.32153999363072,115.21133199858014,6.670903007034212,7.34721300250385,4.031775999465026,1146.0,377.0,4.779312017490156,1.0057280014734715,0.4127759748371318,1.6486630047438666,0.500991998706013,0.006463989848271012,185.73158400249667,3.0936599941924214,0.17458100046496838,66.89597199147101,0.049596012104302645,8.813902997644618,7.791088995872997,0.14203900354914367,0.8807749982224777,5.072798012406565,0.7716949912719429,0.005599009455181658,6.43248698906973,8,0,8,0,0,,,,,,,,,,,,,,
rsg_object_detection,dropped_oldest,2543,rsg_20260806_165_254899999_002543,dropped,True,fifo_cached_frame,2543,262,0,2279,262,0,1,0.0,98.45282199967187,frame_fifo_full,,,,,,,,,,,,,,,,,,,,,,,,,,,,,,,,,,,,,,,,,,,,,,,,,,,,,,,,,,,,,,
rsg_object_detection,dropped_oldest,2544,rsg_20260806_165_354899999_002544,dropped,True,fifo_cached_frame,2544,262,0,2280,262,0,1,0.0,53.07707800238859,frame_fifo_full,,,,,,,,,,,,,,,,,,,,,,,,,,,,,,,,,,,,,,,,,,,,,,,,,,,,,,,,,,,,,,
rsg_object_detection,dropped_oldest,2545,rsg_20260806_165_404899999_002545,dropped,True,fifo_cached_frame,2545,262,0,2281,262,0,1,0.0,98.36444300890435,frame_fifo_full,,,,,,,,,,,,,,,,,,,,,,,,,,,,,,,,,,,,,,,,,,,,,,,,,,,,,,,,,,,,,,
rsg_object_detection,dropped_oldest,2546,rsg_20260806_165_504899999_002546,dropped,True,fifo_cached_frame,2546,262,0,2282,262,0,1,0.0,59.39862898958381,frame_fifo_full,,,,,,,,,,,,,,,,,,,,,,,,,,,,,,,,,,,,,,,,,,,,,,,,,,,,,,,,,,,,,,
rsg_object_detection,dropped_oldest,2547,rsg_20260806_165_554900000_002547,dropped,True,fifo_cached_frame,2547,262,0,2283,262,0,1,0.0,51.86675500590354,frame_fifo_full,,,,,,,,,,,,,,,,,,,,,,,,,,,,,,,,,,,,,,,,,,,,,,,,,,,,,,,,,,,,,,
rsg_object_detection,dropped_oldest,2548,rsg_20260806_165_604899999_002548,dropped,True,fifo_cached_frame,2548,262,0,2284,262,0,1,0.0,101.161034006509,frame_fifo_full,,,,,,,,,,,,,,,,,,,,,,,,,,,,,,,,,,,,,,,,,,,,,,,,,,,,,,,,,,,,,,
rsg_object_detection,dropped_oldest,2549,rsg_20260806_165_704900000_002549,dropped,True,fifo_cached_frame,2549,262,0,2285,262,0,1,0.0,94.1263760032598,frame_fifo_full,,,,,,,,,,,,,,,,,,,,,,,,,,,,,,,,,,,,,,,,,,,,,,,,,,,,,,,,,,,,,,
rsg_object_detection,dropped_oldest,2550,rsg_20260806_165_754899999_002550,dropped,True,fifo_cached_frame,2550,262,0,2286,262,0,1,0.0,3.005313003086485,frame_fifo_full,,,,,,,,,,,,,,,,,,,,,,,,,,,,,,,,,,,,,,,,,,,,,,,,,,,,,,,,,,,,,,
rsg_object_detection,frame_trace,2542,rsg_20260806_165_154899999_002542,sent_to_hydra,,,,,,,,,,,620.085590009694,ok,16.488330002175644,592.4195389961824,7.0698860072297975,0.1485660031903535,6.921320004039444,0.004254994564689696,1.4759379992028698,0.19512300787027925,278.40148999530356,24.96471899212338,0.009440002031624317,303.57077199732885,103.20547998708207,24.488397015375085,4.450021020602435,61.12763700366486,12.402091990225017,110.43014099413995,99.16493599303067,4.043071996420622,3.3164939959533513,3.8460920040961355,1177.0,378.0,4.069631002494134,1.9744660094147548,0.38794301508460194,1.5403819998027757,0.410213993745856,0.005246998625807464,222.04395099834073,3.3426680020056665,0.1717650011414662,61.76305499684531,0.05139000131748617,11.968424994847737,11.239222003496252,0.11740099580492824,0.611801995546557,3.817260992946103,0.6975560099817812,0.005088004400022328,4.103580009541474,8,0,8,0,0,,,,,,,,,,,,,,
rsg_object_detection,dropped_oldest,2552,rsg_20260806_165_904899999_002552,dropped,True,fifo_cached_frame,2552,263,0,2287,263,0,1,0.0,57.51404400507454,frame_fifo_full,,,,,,,,,,,,,,,,,,,,,,,,,,,,,,,,,,,,,,,,,,,,,,,,,,,,,,,,,,,,,,
rsg_object_detection,dropped_oldest,2553,rsg_20260806_165_954900000_002553,dropped,True,fifo_cached_frame,2553,263,0,2288,263,0,1,0.0,41.09467100352049,frame_fifo_full,,,,,,,,,,,,,,,,,,,,,,,,,,,,,,,,,,,,,,,,,,,,,,,,,,,,,,,,,,,,,,
rsg_object_detection,dropped_oldest,2554,rsg_20260806_166_004899999_002554,dropped,True,fifo_cached_frame,2554,263,0,2289,263,0,1,0.0,49.50460200780071,frame_fifo_full,,,,,,,,,,,,,,,,,,,,,,,,,,,,,,,,,,,,,,,,,,,,,,,,,,,,,,,,,,,,,,
rsg_object_detection,dropped_oldest,2555,rsg_20260806_166_054900000_002555,dropped,True,fifo_cached_frame,2555,263,0,2290,263,0,1,0.0,102.65239598811604,frame_fifo_full,,,,,,,,,,,,,,,,,,,,,,,,,,,,,,,,,,,,,,,,,,,,,,,,,,,,,,,,,,,,,,
rsg_object_detection,dropped_oldest,2556,rsg_20260806_166_154899999_002556,dropped,True,fifo_cached_frame,2556,263,0,2291,263,0,1,0.0,101.41541800112464,frame_fifo_full,,,,,,,,,,,,,,,,,,,,,,,,,,,,,,,,,,,,,,,,,,,,,,,,,,,,,,,,,,,,,,
rsg_object_detection,dropped_oldest,2557,rsg_20260806_166_254899999_002557,dropped,True,fifo_cached_frame,2557,263,0,2292,263,0,1,0.0,53.014944001915865,frame_fifo_full,,,,,,,,,,,,,,,,,,,,,,,,,,,,,,,,,,,,,,,,,,,,,,,,,,,,,,,,,,,,,,
rsg_object_detection,dropped_oldest,2558,rsg_20260806_166_304900000_002558,dropped,True,fifo_cached_frame,2558,263,0,2293,263,0,1,0.0,96.48882701003458,frame_fifo_full,,,,,,,,,,,,,,,,,,,,,,,,,,,,,,,,,,,,,,,,,,,,,,,,,,,,,,,,,,,,,,
rsg_object_detection,dropped_oldest,2559,rsg_20260806_166_354899999_002559,dropped,True,fifo_cached_frame,2559,263,0,2294,263,0,1,0.0,81.13975200103596,frame_fifo_full,,,,,,,,,,,,,,,,,,,,,,,,,,,,,,,,,,,,,,,,,,,,,,,,,,,,,,,,,,,,,,
rsg_object_detection,frame_trace,2551,rsg_20260806_165_804900000_002551,sent_to_hydra,,,,,,,,,,,687.7997510018758,ok,17.74297199153807,609.5732899993891,57.08453700935934,0.10837800800800323,56.976159001351334,0.007934999302960932,1.1448549921624362,0.22507300309371203,270.2221420040587,27.455376999569125,0.008446993888355792,297.9110390006099,144.28127599239815,19.727740000234917,5.6465219968231395,98.41944996151142,19.65097599895671,105.1022650062805,89.60087999003008,8.827120997011662,3.7247880100039765,2.898473001550883,907.0,130.0,4.24849902628921,1.223570987349376,0.35773898707702756,1.468034999561496,0.6465189944719896,0.00457599526271224,257.3509420035407,6.715477997204289,0.17307698726654053,46.22986899630632,0.048030022298917174,12.496551993535832,11.755126004572958,0.11413700121920556,0.6272889877436683,4.384425992611796,0.8560099959140643,0.00598400947637856,3.3910170022863895,8,0,8,0,0,,,,,,,,,,,,,,
rsg_object_detection,dropped_oldest,2561,rsg_20260806_166_554900000_002561,dropped,True,fifo_cached_frame,2561,264,0,2295,264,0,1,0.0,37.979769011144526,frame_fifo_full,,,,,,,,,,,,,,,,,,,,,,,,,,,,,,,,,,,,,,,,,,,,,,,,,,,,,,,,,,,,,,
rsg_object_detection,dropped_oldest,2562,rsg_20260806_166_604899999_002562,dropped,True,fifo_cached_frame,2562,264,0,2296,264,0,1,0.0,98.30976800003555,frame_fifo_full,,,,,,,,,,,,,,,,,,,,,,,,,,,,,,,,,,,,,,,,,,,,,,,,,,,,,,,,,,,,,,
rsg_object_detection,dropped_oldest,2563,rsg_20260806_166_704900000_002563,dropped,True,fifo_cached_frame,2563,264,0,2297,264,0,1,0.0,50.24219100596383,frame_fifo_full,,,,,,,,,,,,,,,,,,,,,,,,,,,,,,,,,,,,,,,,,,,,,,,,,,,,,,,,,,,,,,
rsg_object_detection,dropped_oldest,2564,rsg_20260806_166_754899999_002564,dropped,True,fifo_cached_frame,2564,264,0,2298,264,0,1,0.0,101.02943499805406,frame_fifo_full,,,,,,,,,,,,,,,,,,,,,,,,,,,,,,,,,,,,,,,,,,,,,,,,,,,,,,,,,,,,,,
rsg_object_detection,dropped_oldest,2565,rsg_20260806_166_854899999_002565,dropped,True,fifo_cached_frame,2565,264,0,2299,264,0,1,0.0,51.835882011801004,frame_fifo_full,,,,,,,,,,,,,,,,,,,,,,,,,,,,,,,,,,,,,,,,,,,,,,,,,,,,,,,,,,,,,,
rsg_object_detection,dropped_oldest,2566,rsg_20260806_166_904899999_002566,dropped,True,fifo_cached_frame,2566,264,0,2300,264,0,1,0.0,75.93617800739594,frame_fifo_full,,,,,,,,,,,,,,,,,,,,,,,,,,,,,,,,,,,,,,,,,,,,,,,,,,,,,,,,,,,,,,
rsg_object_detection,dropped_oldest,2567,rsg_20260806_166_954900000_002567,dropped,True,fifo_cached_frame,2567,264,0,2301,264,0,1,0.0,124.61523700039834,frame_fifo_full,,,,,,,,,,,,,,,,,,,,,,,,,,,,,,,,,,,,,,,,,,,,,,,,,,,,,,,,,,,,,,
rsg_object_detection,dropped_oldest,2568,rsg_20260806_167_104899999_002568,dropped,True,fifo_cached_frame,2568,264,0,2302,265,0,1,0.0,111.98739601240959,frame_fifo_full,,,,,,,,,,,,,,,,,,,,,,,,,,,,,,,,,,,,,,,,,,,,,,,,,,,,,,,,,,,,,,
rsg_object_detection,frame_trace,2560,rsg_20260806_166_454900000_002560,sent_to_hydra,,,,,,,,,,,692.3556940018898,ok,10.272660991176963,630.0495949981268,46.08882300090045,0.139896001201123,45.948926999699324,0.00454401015304029,1.151766991824843,0.3231150039937347,364.26948400912806,26.717154003563337,0.009343988494947553,391.3190970051801,74.2422690091189,23.386101980577223,4.932232972350903,31.882393013802357,13.213114987593144,88.35385499696713,78.04852499975823,3.5455039906082675,3.2993430068017915,3.4128400002373382,1151.0,379.0,4.443462981726043,2.433764995657839,0.40051902760751545,1.422629997250624,0.5710679979529232,0.0045430060708895326,171.88763100421056,9.620990007533692,0.12991200492251664,55.8980240020901,0.04217398236505687,5.740339998737909,5.097020999528468,0.10316200496163219,0.540156994247809,3.698902000905946,0.828874995931983,0.0045439956011250615,5.940071001532488,8,0,8,0,0,,,,,,,,,,,,,,
rsg_object_detection,,632,rsg_20260806_46_354880000_000632,vlm_failed,,,,,,,,,,,,"{""label"":""unknown_object"",""label_confidence"":0.0,""mobility_class"":""unknown"",""mobility_confidence"":0.0}",,,,,,,,,,,,,,,,,,,,,,,,,,,,,,,,,,,,,,,,,,,,,,,,,rsg_obj_000081,rsg_unknown_rsg_20260806_46_354880000_000632_001_nanosam_006,,,1,0.5993010765472685,unknown_object,0.0,unknown,0.0,4540.354527998716,114993.11317100364,qwen_http,Qwen3-VL-8B-Instruct-GGUF
rsg_object_detection,completed,632,rsg_20260806_46_354880000_000632,,,,,,,,,,,110452.75633900019,,vlm_failed,,,,,,,,,,,,,,,,,,,,,,,,,,,,,,,,,,,,,,,,,,,,,,,,,rsg_obj_000081,rsg_unknown_rsg_20260806_46_354880000_000632_001_nanosam_006,97,300,1,0.5993010765472685,,,,,,,,
rsg_object_detection,dequeued,648,rsg_20260806_47_454880000_000648,,,,,,,,,,,113913.16554299556,,fifo_order,,,,,,,,,,,,,,,,,,,,,,,,,,,,,,,,,,,,,,,,,,,,,,,,,rsg_obj_000085,rsg_unknown_rsg_20260806_47_454880000_000648_002_nanosam_007,96,300,1,0.6470701493951033,,,,,,,,
rsg_object_detection,dropped_oldest,2570,rsg_20260806_167_304900000_002570,dropped,True,fifo_cached_frame,2570,265,0,2303,265,0,1,0.0,48.62431398942135,frame_fifo_full,,,,,,,,,,,,,,,,,,,,,,,,,,,,,,,,,,,,,,,,,,,,,,,,,,,,,,,,,,,,,,
rsg_object_detection,dropped_oldest,2571,rsg_20260806_167_354899999_002571,dropped,True,fifo_cached_frame,2571,265,0,2304,265,0,1,0.0,55.17596298886929,frame_fifo_full,,,,,,,,,,,,,,,,,,,,,,,,,,,,,,,,,,,,,,,,,,,,,,,,,,,,,,,,,,,,,,
rsg_object_detection,dropped_oldest,2572,rsg_20260806_167_404899999_002572,dropped,True,fifo_cached_frame,2572,265,0,2305,265,0,1,0.0,56.994055994437076,frame_fifo_full,,,,,,,,,,,,,,,,,,,,,,,,,,,,,,,,,,,,,,,,,,,,,,,,,,,,,,,,,,,,,,
rsg_object_detection,dropped_oldest,2573,rsg_20260806_167_454900000_002573,dropped,True,fifo_cached_frame,2573,265,0,2306,265,0,1,0.0,118.35606000386178,frame_fifo_full,,,,,,,,,,,,,,,,,,,,,,,,,,,,,,,,,,,,,,,,,,,,,,,,,,,,,,,,,,,,,,
rsg_object_detection,dropped_oldest,2574,rsg_20260806_167_554900000_002574,dropped,True,fifo_cached_frame,2574,265,0,2307,265,0,1,0.0,24.820029007969424,frame_fifo_full,,,,,,,,,,,,,,,,,,,,,,,,,,,,,,,,,,,,,,,,,,,,,,,,,,,,,,,,,,,,,,
rsg_object_detection,dropped_oldest,2575,rsg_20260806_167_604899999_002575,dropped,True,fifo_cached_frame,2575,265,0,2308,265,0,1,0.0,71.11008999345358,frame_fifo_full,,,,,,,,,,,,,,,,,,,,,,,,,,,,,,,,,,,,,,,,,,,,,,,,,,,,,,,,,,,,,,
rsg_object_detection,frame_trace,2569,rsg_20260806_167_204900000_002569,sent_to_hydra,,,,,,,,,,,468.8372300006449,ok,12.931725999806076,444.8633569991216,7.265651001944207,0.13999099610373378,7.125660005840473,0.00601599458605051,2.0539179968181998,0.20699499873444438,181.23015700257383,15.418800001498312,0.006239002686925232,196.86219100549351,79.55870701698586,22.372183011611924,5.114971005241387,38.426561004598625,12.996904988540336,89.0225569892209,74.34207800542936,7.3372309998376295,2.997186005814001,4.2870250035775825,1175.0,381.0,5.09522799984552,2.6710949750849977,0.40352801443077624,1.3475620071403682,0.7643040007678792,0.0065589993027970195,178.8872680044733,9.671644002082758,0.13695099914912134,57.206234996556304,0.04514999454841018,8.667995993164368,8.026244002394378,0.09087400394491851,0.5508779868250713,3.484514993033372,0.774831001763232,0.004384011845104396,3.7704800051869825,8,0,8,0,0,,,,,,,,,,,,,,
rsg_object_detection,dropped_oldest,2576,rsg_20260806_167_654899999_002576,dropped,True,fifo_cached_frame,2576,266,0,2309,266,0,1,0.0,55.67737200181,frame_fifo_full,,,,,,,,,,,,,,,,,,,,,,,,,,,,,,,,,,,,,,,,,,,,,,,,,,,,,,,,,,,,,,
rsg_object_detection,dropped_oldest,2578,rsg_20260806_167_854899999_002578,dropped,True,fifo_cached_frame,2578,266,0,2310,266,0,1,0.0,51.7325980035821,frame_fifo_full,,,,,,,,,,,,,,,,,,,,,,,,,,,,,,,,,,,,,,,,,,,,,,,,,,,,,,,,,,,,,,
rsg_object_detection,dropped_oldest,2579,rsg_20260806_167_904899999_002579,dropped,True,fifo_cached_frame,2579,266,0,2311,266,0,1,0.0,51.59970899694599,frame_fifo_full,,,,,,,,,,,,,,,,,,,,,,,,,,,,,,,,,,,,,,,,,,,,,,,,,,,,,,,,,,,,,,
rsg_object_detection,dropped_oldest,2580,rsg_20260806_167_954900000_002580,dropped,True,fifo_cached_frame,2580,266,0,2312,266,0,1,0.0,48.568765007075854,frame_fifo_full,,,,,,,,,,,,,,,,,,,,,,,,,,,,,,,,,,,,,,,,,,,,,,,,,,,,,,,,,,,,,,
rsg_object_detection,dropped_oldest,2581,rsg_20260806_168_004899999_002581,dropped,True,fifo_cached_frame,2581,266,0,2313,266,0,1,0.0,49.156759996549226,frame_fifo_full,,,,,,,,,,,,,,,,,,,,,,,,,,,,,,,,,,,,,,,,,,,,,,,,,,,,,,,,,,,,,,
rsg_object_detection,dropped_oldest,2582,rsg_20260806_168_054900000_002582,dropped,True,fifo_cached_frame,2582,266,0,2314,266,0,1,0.0,51.832271012244746,frame_fifo_full,,,,,,,,,,,,,,,,,,,,,,,,,,,,,,,,,,,,,,,,,,,,,,,,,,,,,,,,,,,,,,
rsg_object_detection,dropped_oldest,2583,rsg_20260806_168_104899999_002583,dropped,True,fifo_cached_frame,2583,266,0,2315,266,0,1,0.0,188.7193529983051,frame_fifo_full,,,,,,,,,,,,,,,,,,,,,,,,,,,,,,,,,,,,,,,,,,,,,,,,,,,,,,,,,,,,,,
rsg_object_detection,dropped_oldest,2584,rsg_20260806_168_154899999_002584,dropped,True,fifo_cached_frame,2584,266,0,2316,266,0,1,0.0,3.431527002248913,frame_fifo_full,,,,,,,,,,,,,,,,,,,,,,,,,,,,,,,,,,,,,,,,,,,,,,,,,,,,,,,,,,,,,,
rsg_object_detection,dropped_oldest,2585,rsg_20260806_168_204900000_002585,dropped,True,fifo_cached_frame,2585,266,0,2317,266,0,1,0.0,3.4036889992421493,frame_fifo_full,,,,,,,,,,,,,,,,,,,,,,,,,,,,,,,,,,,,,,,,,,,,,,,,,,,,,,,,,,,,,,
rsg_object_detection,dropped_oldest,2586,rsg_20260806_168_254899999_002586,dropped,True,fifo_cached_frame,2586,266,0,2318,266,0,1,0.0,2.74398599867709,frame_fifo_full,,,,,,,,,,,,,,,,,,,,,,,,,,,,,,,,,,,,,,,,,,,,,,,,,,,,,,,,,,,,,,
rsg_object_detection,dropped_oldest,2587,rsg_20260806_168_304900000_002587,dropped,True,fifo_cached_frame,2587,266,0,2319,266,0,1,0.0,74.80707899958361,frame_fifo_full,,,,,,,,,,,,,,,,,,,,,,,,,,,,,,,,,,,,,,,,,,,,,,,,,,,,,,,,,,,,,,
rsg_object_detection,frame_trace,2577,rsg_20260806_167_704900000_002577,sent_to_hydra,,,,,,,,,,,654.2294779937947,ok,13.349875996937044,637.0681939879432,0.9416050015715882,0.13295200187712908,0.8086529996944591,0.00384000304620713,1.5213120059343055,0.1982910034712404,336.45415799401235,22.84236199920997,0.00870300573296845,359.5035140024265,100.0097659707535,18.046825978672132,6.261200993321836,53.046179018565454,21.966830987366848,117.23683899617754,95.10057499574032,16.348341989214532,3.030048988875933,2.70923700009007,875.0,130.0,3.880713993567042,0.6059760053176433,0.3267970314482227,1.3947269908385351,0.6104259955463931,0.004190995241515338,224.08597999310587,4.992132991901599,0.16894900181796402,46.75573200802319,0.04057398473378271,8.913676007068716,8.28897999599576,0.08876199717633426,0.5359340138966218,3.602747994591482,0.8293879945995286,0.004064000677317381,2.8659630042966455,8,0,8,0,0,,,,,,,,,,,,,,
rsg_object_detection,dropped_oldest,2589,rsg_20260806_168_404899999_002589,dropped,True,fifo_cached_frame,2589,267,0,2320,267,0,1,0.0,90.51517400075682,frame_fifo_full,,,,,,,,,,,,,,,,,,,,,,,,,,,,,,,,,,,,,,,,,,,,,,,,,,,,,,,,,,,,,,
rsg_object_detection,dropped_oldest,2590,rsg_20260806_168_504899999_002590,dropped,True,fifo_cached_frame,2590,267,0,2321,267,0,1,0.0,50.048324003000744,frame_fifo_full,,,,,,,,,,,,,,,,,,,,,,,,,,,,,,,,,,,,,,,,,,,,,,,,,,,,,,,,,,,,,,
rsg_object_detection,dropped_oldest,2591,rsg_20260806_168_554900000_002591,dropped,True,fifo_cached_frame,2591,267,0,2322,267,0,1,0.0,50.68575599580072,frame_fifo_full,,,,,,,,,,,,,,,,,,,,,,,,,,,,,,,,,,,,,,,,,,,,,,,,,,,,,,,,,,,,,,
rsg_object_detection,dropped_oldest,2592,rsg_20260806_168_604899999_002592,dropped,True,fifo_cached_frame,2592,267,0,2323,267,0,1,0.0,91.63382400583941,frame_fifo_full,,,,,,,,,,,,,,,,,,,,,,,,,,,,,,,,,,,,,,,,,,,,,,,,,,,,,,,,,,,,,,
rsg_object_detection,dropped_oldest,2593,rsg_20260806_168_704900000_002593,dropped,True,fifo_cached_frame,2593,267,0,2324,267,0,1,0.0,47.497062012553215,frame_fifo_full,,,,,,,,,,,,,,,,,,,,,,,,,,,,,,,,,,,,,,,,,,,,,,,,,,,,,,,,,,,,,,
rsg_object_detection,dropped_oldest,2594,rsg_20260806_168_754899999_002594,dropped,True,fifo_cached_frame,2594,267,0,2325,267,0,1,0.0,51.15142199792899,frame_fifo_full,,,,,,,,,,,,,,,,,,,,,,,,,,,,,,,,,,,,,,,,,,,,,,,,,,,,,,,,,,,,,,
rsg_object_detection,dropped_oldest,2595,rsg_20260806_168_804900000_002595,dropped,True,fifo_cached_frame,2595,267,0,2326,267,0,1,0.0,74.2146049888106,frame_fifo_full,,,,,,,,,,,,,,,,,,,,,,,,,,,,,,,,,,,,,,,,,,,,,,,,,,,,,,,,,,,,,,
rsg_object_detection,dropped_oldest,2596,rsg_20260806_168_854899999_002596,dropped,True,fifo_cached_frame,2596,267,0,2327,267,0,1,0.0,41.37911200814415,frame_fifo_full,,,,,,,,,,,,,,,,,,,,,,,,,,,,,,,,,,,,,,,,,,,,,,,,,,,,,,,,,,,,,,
rsg_object_detection,dropped_oldest,2597,rsg_20260806_168_904899999_002597,dropped,True,fifo_cached_frame,2597,267,0,2328,267,0,1,0.0,75.62737900298089,frame_fifo_full,,,,,,,,,,,,,,,,,,,,,,,,,,,,,,,,,,,,,,,,,,,,,,,,,,,,,,,,,,,,,,
rsg_object_detection,frame_trace,2588,rsg_20260806_168_354899999_002588,sent_to_hydra,,,,,,,,,,,626.7963779973798,ok,15.23772400105372,567.2323030012194,41.401734997634776,0.14088700118009,41.260847996454686,0.004190995241515338,5.14668200048618,0.2448169980198145,343.5001430043485,18.512780996388756,0.008831004379317164,362.2665720031364,51.02778199943714,19.120773999020457,10.68287702219095,7.4642949912231416,13.141250004991889,90.86500799458008,77.40829099202529,7.723544011241756,3.0498229898512363,2.6328250096412376,850.0,133.0,4.021315005957149,0.6054639961803332,0.3292920009698719,1.9194620108464733,0.6021379958838224,0.004704008460976183,149.39266900182702,6.33335899328813,0.20251500245649368,43.836684999405406,0.05382100061979145,10.482473007868975,9.81394000700675,0.10380199819337577,0.5647310026688501,3.974660998210311,0.776207001763396,0.004382993211038411,2.9204250022303313,8,0,8,0,0,,,,,,,,,,,,,,
rsg_object_detection,dropped_oldest,2599,rsg_20260806_169_054900000_002599,dropped,True,fifo_cached_frame,2599,268,0,2329,268,0,1,0.0,153.8025329937227,frame_fifo_full,,,,,,,,,,,,,,,,,,,,,,,,,,,,,,,,,,,,,,,,,,,,,,,,,,,,,,,,,,,,,,
rsg_object_detection,dropped_oldest,2600,rsg_20260806_169_104899999_002600,dropped,True,fifo_cached_frame,2600,268,0,2330,268,0,1,0.0,5.477893995703198,frame_fifo_full,,,,,,,,,,,,,,,,,,,,,,,,,,,,,,,,,,,,,,,,,,,,,,,,,,,,,,,,,,,,,,
rsg_object_detection,dropped_oldest,2601,rsg_20260806_169_204900000_002601,dropped,True,fifo_cached_frame,2601,268,0,2331,268,0,1,0.0,40.000542998313904,frame_fifo_full,,,,,,,,,,,,,,,,,,,,,,,,,,,,,,,,,,,,,,,,,,,,,,,,,,,,,,,,,,,,,,
rsg_object_detection,dropped_oldest,2602,rsg_20260806_169_254899999_002602,dropped,True,fifo_cached_frame,2602,268,0,2332,268,0,1,0.0,101.35046600771602,frame_fifo_full,,,,,,,,,,,,,,,,,,,,,,,,,,,,,,,,,,,,,,,,,,,,,,,,,,,,,,,,,,,,,,
rsg_object_detection,dropped_oldest,2603,rsg_20260806_169_354899999_002603,dropped,True,fifo_cached_frame,2603,268,0,2333,268,0,1,0.0,48.12393800239079,frame_fifo_full,,,,,,,,,,,,,,,,,,,,,,,,,,,,,,,,,,,,,,,,,,,,,,,,,,,,,,,,,,,,,,
rsg_object_detection,dropped_oldest,2604,rsg_20260806_169_404899999_002604,dropped,True,fifo_cached_frame,2604,268,0,2334,268,0,1,0.0,58.78892898908816,frame_fifo_full,,,,,,,,,,,,,,,,,,,,,,,,,,,,,,,,,,,,,,,,,,,,,,,,,,,,,,,,,,,,,,
rsg_object_detection,dropped_oldest,2605,rsg_20260806_169_454900000_002605,dropped,True,fifo_cached_frame,2605,268,0,2335,268,0,1,0.0,60.61156600480899,frame_fifo_full,,,,,,,,,,,,,,,,,,,,,,,,,,,,,,,,,,,,,,,,,,,,,,,,,,,,,,,,,,,,,,
rsg_object_detection,dropped_oldest,2606,rsg_20260806_169_504899999_002606,dropped,True,fifo_cached_frame,2606,268,0,2336,268,0,1,0.0,399.8714319895953,frame_fifo_full,,,,,,,,,,,,,,,,,,,,,,,,,,,,,,,,,,,,,,,,,,,,,,,,,,,,,,,,,,,,,,
rsg_object_detection,dropped_oldest,2607,rsg_20260806_169_554900000_002607,dropped,True,fifo_cached_frame,2607,268,0,2337,268,0,1,0.0,4.3048799998359755,frame_fifo_full,,,,,,,,,,,,,,,,,,,,,,,,,,,,,,,,,,,,,,,,,,,,,,,,,,,,,,,,,,,,,,
rsg_object_detection,dropped_oldest,2608,rsg_20260806_169_604899999_002608,dropped,True,fifo_cached_frame,2608,268,0,2338,268,0,1,0.0,4.505955992499366,frame_fifo_full,,,,,,,,,,,,,,,,,,,,,,,,,,,,,,,,,,,,,,,,,,,,,,,,,,,,,,,,,,,,,,
rsg_object_detection,dropped_oldest,2609,rsg_20260806_169_654899999_002609,dropped,True,fifo_cached_frame,2609,268,0,2339,268,0,1,0.0,3.861996010527946,frame_fifo_full,,,,,,,,,,,,,,,,,,,,,,,,,,,,,,,,,,,,,,,,,,,,,,,,,,,,,,,,,,,,,,
rsg_object_detection,dropped_oldest,2610,rsg_20260806_169_704900000_002610,dropped,True,fifo_cached_frame,2610,268,0,2340,268,0,1,0.0,3.6117080016992986,frame_fifo_full,,,,,,,,,,,,,,,,,,,,,,,,,,,,,,,,,,,,,,,,,,,,,,,,,,,,,,,,,,,,,,
rsg_object_detection,dropped_oldest,2611,rsg_20260806_169_754899999_002611,dropped,True,fifo_cached_frame,2611,268,0,2341,268,0,1,0.0,4.857100997469388,frame_fifo_full,,,,,,,,,,,,,,,,,,,,,,,,,,,,,,,,,,,,,,,,,,,,,,,,,,,,,,,,,,,,,,
rsg_object_detection,dropped_oldest,2612,rsg_20260806_169_804900000_002612,dropped,True,fifo_cached_frame,2612,268,0,2342,268,0,1,0.0,3.9080409915186465,frame_fifo_full,,,,,,,,,,,,,,,,,,,,,,,,,,,,,,,,,,,,,,,,,,,,,,,,,,,,,,,,,,,,,,
rsg_object_detection,dropped_oldest,2613,rsg_20260806_169_904899999_002613,dropped,True,fifo_cached_frame,2613,268,0,2343,268,0,1,0.0,10.008743993239477,frame_fifo_full,,,,,,,,,,,,,,,,,,,,,,,,,,,,,,,,,,,,,,,,,,,,,,,,,,,,,,,,,,,,,,
rsg_object_detection,dropped_oldest,2614,rsg_20260806_169_954900000_002614,dropped,True,fifo_cached_frame,2614,268,0,2344,268,0,1,0.0,74.78663900110405,frame_fifo_full,,,,,,,,,,,,,,,,,,,,,,,,,,,,,,,,,,,,,,,,,,,,,,,,,,,,,,,,,,,,,,
rsg_object_detection,frame_trace,2598,rsg_20260806_168_954900000_002598,sent_to_hydra,,,,,,,,,,,1047.5082229968393,ok,14.484972998616286,987.7889889903599,41.9060229905881,0.1421029883204028,41.763920002267696,0.003744004061445594,1.1891729955095798,0.3587929968489334,305.7072119991062,27.286181997624226,0.010175004717893898,333.3623619982973,118.31928401079495,21.191845007706434,7.730456985882483,55.61917800514493,32.74132500519045,475.5320629919879,429.2859270062763,35.073754013865255,8.096640987787396,3.0191690020728856,891.0,130.0,4.340428989962675,0.7185799622675404,0.3445220354478806,1.5675809991080314,0.36384900158736855,0.005376001354306936,601.2090910080587,3.069341997615993,0.1684689923422411,48.741915001301095,0.048636997235007584,9.812692005652934,9.108641010243446,0.0921869941521436,0.6118640012573451,3.967366006691009,0.7004030048847198,0.0045119813876226544,3.3244940132135525,8,0,8,0,0,,,,,,,,,,,,,,
rsg_object_detection,dropped_oldest,2616,rsg_20260806_170_104899999_002616,dropped,True,fifo_cached_frame,2616,269,0,2345,269,0,1,0.0,90.0369720038725,frame_fifo_full,,,,,,,,,,,,,,,,,,,,,,,,,,,,,,,,,,,,,,,,,,,,,,,,,,,,,,,,,,,,,,
rsg_object_detection,dropped_oldest,2617,rsg_20260806_170_204900000_002617,dropped,True,fifo_cached_frame,2617,269,0,2346,269,0,1,0.0,51.15421199297998,frame_fifo_full,,,,,,,,,,,,,,,,,,,,,,,,,,,,,,,,,,,,,,,,,,,,,,,,,,,,,,,,,,,,,,
rsg_object_detection,dropped_oldest,2618,rsg_20260806_170_254899999_002618,dropped,True,fifo_cached_frame,2618,269,0,2347,269,0,1,0.0,51.3911919988459,frame_fifo_full,,,,,,,,,,,,,,,,,,,,,,,,,,,,,,,,,,,,,,,,,,,,,,,,,,,,,,,,,,,,,,
rsg_object_detection,dropped_oldest,2619,rsg_20260806_170_304900000_002619,dropped,True,fifo_cached_frame,2619,269,0,2348,269,0,1,0.0,46.45534399605822,frame_fifo_full,,,,,,,,,,,,,,,,,,,,,,,,,,,,,,,,,,,,,,,,,,,,,,,,,,,,,,,,,,,,,,
rsg_object_detection,dropped_oldest,2620,rsg_20260806_170_354899999_002620,dropped,True,fifo_cached_frame,2620,269,0,2349,269,0,1,0.0,49.73142499511596,frame_fifo_full,,,,,,,,,,,,,,,,,,,,,,,,,,,,,,,,,,,,,,,,,,,,,,,,,,,,,,,,,,,,,,
rsg_object_detection,dropped_oldest,2621,rsg_20260806_170_404899999_002621,dropped,True,fifo_cached_frame,2621,269,0,2350,269,0,1,0.0,85.1016439992236,frame_fifo_full,,,,,,,,,,,,,,,,,,,,,,,,,,,,,,,,,,,,,,,,,,,,,,,,,,,,,,,,,,,,,,
rsg_object_detection,dropped_oldest,2622,rsg_20260806_170_454900000_002622,dropped,True,fifo_cached_frame,2622,269,0,2351,269,0,1,0.0,28.09714099566918,frame_fifo_full,,,,,,,,,,,,,,,,,,,,,,,,,,,,,,,,,,,,,,,,,,,,,,,,,,,,,,,,,,,,,,
rsg_object_detection,dropped_oldest,2623,rsg_20260806_170_504899999_002623,dropped,True,fifo_cached_frame,2623,269,0,2352,269,0,1,0.0,87.04657798807602,frame_fifo_full,,,,,,,,,,,,,,,,,,,,,,,,,,,,,,,,,,,,,,,,,,,,,,,,,,,,,,,,,,,,,,
rsg_object_detection,dropped_oldest,2624,rsg_20260806_170_554900000_002624,dropped,True,fifo_cached_frame,2624,269,0,2353,269,0,1,0.0,12.875252999947406,frame_fifo_full,,,,,,,,,,,,,,,,,,,,,,,,,,,,,,,,,,,,,,,,,,,,,,,,,,,,,,,,,,,,,,
rsg_object_detection,frame_trace,2615,rsg_20260806_170_004899999_002615,sent_to_hydra,,,,,,,,,,,585.9967069991399,ok,19.105388011666946,515.0631019932916,47.77218399976846,0.17925299471244216,47.592931005056016,0.004383997293189168,2.625689987326041,0.22187399736139923,285.052897001151,20.883356002741493,0.008414994226768613,306.16654199548066,47.28133903699927,24.393568019149825,2.9268560028867796,12.227933024405502,7.10543998866342,91.44543600268662,76.03642401227262,8.741625002585351,3.2284369954140857,3.384587005712092,1138.0,381.0,3.9429509779438376,1.0130250157089904,0.3388589684618637,1.4177980046952143,0.5048649909440428,0.004191999323666096,145.96436700958293,3.5695669939741492,0.16226200386881828,56.51416600449011,0.06050799856893718,10.799255993333645,10.120961989741772,0.13288800255395472,0.545406001037918,7.521029998315498,0.7812630065018311,0.003839013515971601,4.051648997119628,8,0,8,0,0,,,,,,,,,,,,,,
rsg_object_detection,dropped_oldest,2626,rsg_20260806_170_704900000_002626,dropped,True,fifo_cached_frame,2626,270,0,2354,270,0,1,0.0,55.271971999900416,frame_fifo_full,,,,,,,,,,,,,,,,,,,,,,,,,,,,,,,,,,,,,,,,,,,,,,,,,,,,,,,,,,,,,,
rsg_object_detection,dropped_oldest,2627,rsg_20260806_170_754899999_002627,dropped,True,fifo_cached_frame,2627,270,0,2355,270,0,1,0.0,98.39331801049411,frame_fifo_full,,,,,,,,,,,,,,,,,,,,,,,,,,,,,,,,,,,,,,,,,,,,,,,,,,,,,,,,,,,,,,
rsg_object_detection,dropped_oldest,2628,rsg_20260806_170_854899999_002628,dropped,True,fifo_cached_frame,2628,270,0,2356,270,0,1,0.0,98.91331699327566,frame_fifo_full,,,,,,,,,,,,,,,,,,,,,,,,,,,,,,,,,,,,,,,,,,,,,,,,,,,,,,,,,,,,,,
rsg_object_detection,dropped_oldest,2629,rsg_20260806_170_954900000_002629,dropped,True,fifo_cached_frame,2629,270,0,2357,270,0,1,0.0,62.99254200712312,frame_fifo_full,,,,,,,,,,,,,,,,,,,,,,,,,,,,,,,,,,,,,,,,,,,,,,,,,,,,,,,,,,,,,,
rsg_object_detection,dropped_oldest,2630,rsg_20260806_171_004899999_002630,dropped,True,fifo_cached_frame,2630,270,0,2358,270,0,1,0.0,52.806911000516266,frame_fifo_full,,,,,,,,,,,,,,,,,,,,,,,,,,,,,,,,,,,,,,,,,,,,,,,,,,,,,,,,,,,,,,
rsg_object_detection,dropped_oldest,2631,rsg_20260806_171_054900000_002631,dropped,True,fifo_cached_frame,2631,270,0,2359,270,0,1,0.0,132.34528999601025,frame_fifo_full,,,,,,,,,,,,,,,,,,,,,,,,,,,,,,,,,,,,,,,,,,,,,,,,,,,,,,,,,,,,,,
rsg_object_detection,dropped_oldest,2632,rsg_20260806_171_204900000_002632,dropped,True,fifo_cached_frame,2632,270,0,2360,270,0,1,0.0,67.37962699844502,frame_fifo_full,,,,,,,,,,,,,,,,,,,,,,,,,,,,,,,,,,,,,,,,,,,,,,,,,,,,,,,,,,,,,,
rsg_object_detection,frame_trace,2625,rsg_20260806_170_604899999_002625,sent_to_hydra,,,,,,,,,,,664.6897530008573,ok,12.273756001377478,603.6263050045818,46.08384700259194,0.16126899572554976,45.92257800686639,0.005472000339068472,2.099899997119792,0.20677100110333413,303.4596240031533,19.462165000732057,0.006559988833032548,323.1351199938217,135.36615496559534,45.417519999318756,5.009860033169389,44.48426701128483,39.76974899705965,78.56388000072911,65.73064099939074,4.498820999288,5.0634570070542395,3.211318005924113,853.0,136.0,8.57520401768852,1.5738540241727605,0.39789399306755513,1.6603109979769215,0.4049350100103766,0.004959991201758385,226.5660389966797,3.671737009426579,0.14866200217511505,47.960337993572466,0.044509011786431074,8.080644009169191,7.462474008207209,0.09989801037590951,0.5182719905860722,3.4672690089792013,0.720978991012089,0.004863992216996849,2.700372991967015,8,0,8,0,0,,,,,,,,,,,,,,
rsg_object_detection,dropped_oldest,2634,rsg_20260806_171_304900000_002634,dropped,True,fifo_cached_frame,2634,271,0,2361,271,0,1,0.0,87.62002100411337,frame_fifo_full,,,,,,,,,,,,,,,,,,,,,,,,,,,,,,,,,,,,,,,,,,,,,,,,,,,,,,,,,,,,,,
rsg_object_detection,dropped_oldest,2635,rsg_20260806_171_404899999_002635,dropped,True,fifo_cached_frame,2635,271,0,2362,271,0,1,0.0,50.96491999574937,frame_fifo_full,,,,,,,,,,,,,,,,,,,,,,,,,,,,,,,,,,,,,,,,,,,,,,,,,,,,,,,,,,,,,,
rsg_object_detection,dropped_oldest,2636,rsg_20260806_171_454900000_002636,dropped,True,fifo_cached_frame,2636,271,0,2363,271,0,1,0.0,102.27097100869287,frame_fifo_full,,,,,,,,,,,,,,,,,,,,,,,,,,,,,,,,,,,,,,,,,,,,,,,,,,,,,,,,,,,,,,
rsg_object_detection,dropped_oldest,2637,rsg_20260806_171_554900000_002637,dropped,True,fifo_cached_frame,2637,271,0,2364,271,0,1,0.0,167.4334290000843,frame_fifo_full,,,,,,,,,,,,,,,,,,,,,,,,,,,,,,,,,,,,,,,,,,,,,,,,,,,,,,,,,,,,,,
rsg_object_detection,dropped_oldest,2638,rsg_20260806_171_654899999_002638,dropped,True,fifo_cached_frame,2638,271,0,2365,271,0,1,0.0,2.885993992094882,frame_fifo_full,,,,,,,,,,,,,,,,,,,,,,,,,,,,,,,,,,,,,,,,,,,,,,,,,,,,,,,,,,,,,,
rsg_object_detection,dropped_oldest,2639,rsg_20260806_171_704900000_002639,dropped,True,fifo_cached_frame,2639,271,0,2366,271,0,1,0.0,52.012247004313394,frame_fifo_full,,,,,,,,,,,,,,,,,,,,,,,,,,,,,,,,,,,,,,,,,,,,,,,,,,,,,,,,,,,,,,
rsg_object_detection,dropped_oldest,2640,rsg_20260806_171_754899999_002640,dropped,True,fifo_cached_frame,2640,271,0,2367,271,0,1,0.0,25.351813004817814,frame_fifo_full,,,,,,,,,,,,,,,,,,,,,,,,,,,,,,,,,,,,,,,,,,,,,,,,,,,,,,,,,,,,,,
rsg_object_detection,dropped_oldest,2641,rsg_20260806_171_804900000_002641,dropped,True,fifo_cached_frame,2641,271,0,2368,271,0,1,0.0,56.58715800382197,frame_fifo_full,,,,,,,,,,,,,,,,,,,,,,,,,,,,,,,,,,,,,,,,,,,,,,,,,,,,,,,,,,,,,,
rsg_object_detection,frame_trace,2633,rsg_20260806_171_254899999_002633,sent_to_hydra,,,,,,,,,,,600.1580320007633,ok,13.458385001285933,541.1633129988331,42.56525699747726,0.1294639951083809,42.43579300236888,0.005055990186519921,5.076928006019443,0.2126909967046231,285.49166199809406,21.42581900989171,0.00790400372352451,307.1380760084139,80.0937409803737,18.669832992600277,7.065922996844165,34.457961010048166,19.17425004648976,83.91286199912429,70.05107900477014,7.661757990717888,3.2620669953757897,2.8879780002171174,837.0,123.0,5.19490496662911,3.0608639935962856,0.5395830667112023,1.8577720038592815,0.5194240075070411,0.008960007107816637,175.2986619976582,8.472906993119977,0.15432700456585735,44.97649699624162,0.04591599281411618,8.826485005556606,8.165246006683446,0.10364099580328912,0.5575980030698702,3.8142560078995302,0.8121730061247945,0.005470981705002487,2.966021012980491,8,0,8,0,0,,,,,,,,,,,,,,
rsg_object_detection,dropped_oldest,2643,rsg_20260806_171_904899999_002643,dropped,True,fifo_cached_frame,2643,272,0,2369,272,0,1,0.0,45.60586599109229,frame_fifo_full,,,,,,,,,,,,,,,,,,,,,,,,,,,,,,,,,,,,,,,,,,,,,,,,,,,,,,,,,,,,,,
rsg_object_detection,dropped_oldest,2644,rsg_20260806_171_954900000_002644,dropped,True,fifo_cached_frame,2644,272,0,2370,272,0,1,0.0,153.192213998409,frame_fifo_full,,,,,,,,,,,,,,,,,,,,,,,,,,,,,,,,,,,,,,,,,,,,,,,,,,,,,,,,,,,,,,
rsg_object_detection,dropped_oldest,2645,rsg_20260806_172_104899999_002645,dropped,True,fifo_cached_frame,2645,272,0,2371,272,0,1,0.0,98.78549400309566,frame_fifo_full,,,,,,,,,,,,,,,,,,,,,,,,,,,,,,,,,,,,,,,,,,,,,,,,,,,,,,,,,,,,,,
rsg_object_detection,dropped_oldest,2646,rsg_20260806_172_204900000_002646,dropped,True,fifo_cached_frame,2646,272,0,2372,272,0,1,0.0,59.38960699131712,frame_fifo_full,,,,,,,,,,,,,,,,,,,,,,,,,,,,,,,,,,,,,,,,,,,,,,,,,,,,,,,,,,,,,,
rsg_object_detection,dropped_oldest,2647,rsg_20260806_172_254899999_002647,dropped,True,fifo_cached_frame,2647,272,0,2373,272,0,1,0.0,39.42523400473874,frame_fifo_full,,,,,,,,,,,,,,,,,,,,,,,,,,,,,,,,,,,,,,,,,,,,,,,,,,,,,,,,,,,,,,
rsg_object_detection,dropped_oldest,2648,rsg_20260806_172_304900000_002648,dropped,True,fifo_cached_frame,2648,272,0,2374,272,0,1,0.0,122.14928299363237,frame_fifo_full,,,,,,,,,,,,,,,,,,,,,,,,,,,,,,,,,,,,,,,,,,,,,,,,,,,,,,,,,,,,,,
rsg_object_detection,frame_trace,2642,rsg_20260806_171_854899999_002642,sent_to_hydra,,,,,,,,,,,574.3133070063777,ok,15.296478013624437,512.9838220018428,42.13542799698189,0.1727250055409968,41.96270299144089,0.006687012501060963,5.053474000305869,0.6544539937749505,272.7192190068308,24.77517700754106,0.008158982382155955,298.157008990529,62.98045301809907,17.323710999335162,3.7634089967468753,30.83994801272638,10.488462008652277,81.30250600515865,69.01582200953271,4.990629997337237,3.156728998874314,4.079552003531717,1097.0,385.0,4.113534014322795,0.8179959986591712,0.35770496469922364,1.4061519905226305,0.5629080114886165,0.0037760037230327725,151.5630770009011,6.2882769998395815,0.16875700384844095,51.70254201220814,0.05068599421065301,10.862101000384428,10.178495998843573,0.09151401172857732,0.5920909898122773,3.589469997677952,0.8394030010094866,0.0055040145525708795,3.8908919814275578,8,0,8,0,0,,,,,,,,,,,,,,
rsg_object_detection,dropped_oldest,2649,rsg_20260806_172_404899999_002649,dropped,True,fifo_cached_frame,2649,273,0,2375,273,0,1,0.0,52.077301996177994,frame_fifo_full,,,,,,,,,,,,,,,,,,,,,,,,,,,,,,,,,,,,,,,,,,,,,,,,,,,,,,,,,,,,,,
rsg_object_detection,,648,rsg_20260806_47_454880000_000648,vlm_done,,,,,,,,,,,,ok,,,,,,,,,,,,,,,,,,,,,,,,,,,,,,,,,,,,,,,,,,,,,,,,,rsg_obj_000085,rsg_unknown_rsg_20260806_47_454880000_000648_002_nanosam_007,,,1,0.6470701493951033,office_chair,0.94,static,0.98,5178.6721980024595,119091.8400130031,qwen_http,Qwen3-VL-8B-Instruct-GGUF
rsg_object_detection,completed,648,rsg_20260806_47_454880000_000648,,,,,,,,,,,113913.16554299556,,vlm_done,,,,,,,,,,,,,,,,,,,,,,,,,,,,,,,,,,,,,,,,,,,,,,,,,rsg_obj_000085,rsg_unknown_rsg_20260806_47_454880000_000648_002_nanosam_007,99,300,1,0.6470701493951033,,,,,,,,
rsg_object_detection,dropped_oldest,2651,rsg_20260806_172_504899999_002651,dropped,True,fifo_cached_frame,2651,273,0,2376,273,0,1,0.0,41.074666994973086,frame_fifo_full,,,,,,,,,,,,,,,,,,,,,,,,,,,,,,,,,,,,,,,,,,,,,,,,,,,,,,,,,,,,,,
rsg_object_detection,dequeued,767,rsg_20260806_53_954880000_000767,,,,,,,,,,,118405.1252049976,,fifo_order,,,,,,,,,,,,,,,,,,,,,,,,,,,,,,,,,,,,,,,,,,,,,,,,,rsg_obj_000087,rsg_unknown_rsg_20260806_53_954880000_000767_007_nanosam_006,99,300,3,0.6049730390390391,,,,,,,,
rsg_object_detection,dropped_oldest,2652,rsg_20260806_172_554900000_002652,dropped,True,fifo_cached_frame,2652,273,0,2377,273,0,1,0.0,47.05876999651082,frame_fifo_full,,,,,,,,,,,,,,,,,,,,,,,,,,,,,,,,,,,,,,,,,,,,,,,,,,,,,,,,,,,,,,
rsg_object_detection,dropped_oldest,2653,rsg_20260806_172_604899999_002653,dropped,True,fifo_cached_frame,2653,273,0,2378,273,0,1,0.0,49.122447991976514,frame_fifo_full,,,,,,,,,,,,,,,,,,,,,,,,,,,,,,,,,,,,,,,,,,,,,,,,,,,,,,,,,,,,,,
rsg_object_detection,dropped_oldest,2654,rsg_20260806_172_654899999_002654,dropped,True,fifo_cached_frame,2654,273,0,2379,273,0,1,0.0,52.629427998908795,frame_fifo_full,,,,,,,,,,,,,,,,,,,,,,,,,,,,,,,,,,,,,,,,,,,,,,,,,,,,,,,,,,,,,,
rsg_object_detection,dropped_oldest,2655,rsg_20260806_172_704900000_002655,dropped,True,fifo_cached_frame,2655,273,0,2380,273,0,1,0.0,51.17111999425106,frame_fifo_full,,,,,,,,,,,,,,,,,,,,,,,,,,,,,,,,,,,,,,,,,,,,,,,,,,,,,,,,,,,,,,
rsg_object_detection,dropped_oldest,2656,rsg_20260806_172_754899999_002656,dropped,True,fifo_cached_frame,2656,273,0,2381,273,0,1,0.0,153.9664830052061,frame_fifo_full,,,,,,,,,,,,,,,,,,,,,,,,,,,,,,,,,,,,,,,,,,,,,,,,,,,,,,,,,,,,,,
rsg_object_detection,dropped_oldest,2657,rsg_20260806_172_804900000_002657,dropped,True,fifo_cached_frame,2657,273,0,2382,273,0,1,0.0,5.498471000464633,frame_fifo_full,,,,,,,,,,,,,,,,,,,,,,,,,,,,,,,,,,,,,,,,,,,,,,,,,,,,,,,,,,,,,,
rsg_object_detection,dropped_oldest,2658,rsg_20260806_172_904899999_002658,dropped,True,fifo_cached_frame,2658,273,0,2383,273,0,1,0.0,78.74967499810737,frame_fifo_full,,,,,,,,,,,,,,,,,,,,,,,,,,,,,,,,,,,,,,,,,,,,,,,,,,,,,,,,,,,,,,
rsg_object_detection,dropped_oldest,2659,rsg_20260806_172_954900000_002659,dropped,True,fifo_cached_frame,2659,273,0,2384,274,0,1,0.0,45.29228899627924,frame_fifo_full,,,,,,,,,,,,,,,,,,,,,,,,,,,,,,,,,,,,,,,,,,,,,,,,,,,,,,,,,,,,,,
rsg_object_detection,frame_trace,2650,rsg_20260806_172_454900000_002650,sent_to_hydra,,,,,,,,,,,526.6205319931032,ok,14.589194994186983,507.0941430021776,1.39808798849117,0.1876359892776236,1.2104519992135465,0.005887995939701796,2.320941988728009,0.29793300200253725,276.32797599653713,20.47954399313312,0.006528003723360598,297.11198099539615,54.07170599210076,18.515734001994133,4.034272002172656,18.993174002389424,11.80338699487038,91.04186200420372,71.33583599352278,13.231360004283488,3.1089559925021604,3.3171359973493963,1111.0,386.0,3.4729979961412027,0.39021699922159314,0.3217690100427717,1.7455229972256348,0.384583996492438,0.0052800023695454,151.45115299674217,3.3981860033236444,0.16091800353024155,52.60955699486658,0.04140601959079504,10.01799400546588,9.349300002213567,0.10293799277860671,0.5657560104737058,3.7914739950792864,0.774991000071168,0.004735993570648134,3.5332180123077706,8,0,8,0,0,,,,,,,,,,,,,,
rsg_object_detection,dropped_oldest,2661,rsg_20260806_173_054900000_002661,dropped,True,fifo_cached_frame,2661,274,0,2385,274,0,1,0.0,151.12762100761756,frame_fifo_full,,,,,,,,,,,,,,,,,,,,,,,,,,,,,,,,,,,,,,,,,,,,,,,,,,,,,,,,,,,,,,
rsg_object_detection,dropped_oldest,2662,rsg_20260806_173_204900000_002662,dropped,True,fifo_cached_frame,2662,274,0,2386,274,0,1,0.0,97.98773399961647,frame_fifo_full,,,,,,,,,,,,,,,,,,,,,,,,,,,,,,,,,,,,,,,,,,,,,,,,,,,,,,,,,,,,,,
rsg_object_detection,dropped_oldest,2663,rsg_20260806_173_304900000_002663,dropped,True,fifo_cached_frame,2663,274,0,2387,274,0,1,0.0,137.93012700625695,frame_fifo_full,,,,,,,,,,,,,,,,,,,,,,,,,,,,,,,,,,,,,,,,,,,,,,,,,,,,,,,,,,,,,,
rsg_object_detection,dropped_oldest,2664,rsg_20260806_173_404899999_002664,dropped,True,fifo_cached_frame,2664,274,0,2388,274,0,1,0.0,27.24971300631296,frame_fifo_full,,,,,,,,,,,,,,,,,,,,,,,,,,,,,,,,,,,,,,,,,,,,,,,,,,,,,,,,,,,,,,
rsg_object_detection,dropped_oldest,2665,rsg_20260806_173_454900000_002665,dropped,True,fifo_cached_frame,2665,274,0,2389,275,0,1,0.0,139.60723800119013,frame_fifo_full,,,,,,,,,,,,,,,,,,,,,,,,,,,,,,,,,,,,,,,,,,,,,,,,,,,,,,,,,,,,,,
rsg_object_detection,frame_trace,2660,rsg_20260806_173_004899999_002660,sent_to_hydra,,,,,,,,,,,531.9241950055584,ok,11.508973999298178,507.7065469959052,8.349458992597647,0.16875700384844095,8.180701988749206,0.005695008439943194,2.987140993354842,0.2322410000488162,278.9787600049749,21.019128005718812,0.007551992894150317,300.2376810036367,45.32064302475192,15.618668985553086,3.4949479741044343,17.14046001143288,8.551974024157971,92.19046898942906,80.03145699331071,4.2180080054095015,3.429032993153669,4.457383998669684,1103.0,386.0,4.142172998399474,0.4165499849477783,0.33857100061140954,1.4993939985288307,0.4540189984254539,0.00553599966224283,144.386714004213,4.792402993189171,0.15771800826769322,55.092830007197335,0.052059986046515405,6.75055300234817,5.973384992103092,0.11506500595714897,0.6621030042879283,4.036514001199976,0.7170750031946227,0.00483199255540967,4.353520009317435,8,0,8,0,0,,,,,,,,,,,,,,
rsg_object_detection,dropped_oldest,2667,rsg_20260806_173_704900000_002667,dropped,True,fifo_cached_frame,2667,275,0,2390,275,0,1,0.0,100.55829600605648,frame_fifo_full,,,,,,,,,,,,,,,,,,,,,,,,,,,,,,,,,,,,,,,,,,,,,,,,,,,,,,,,,,,,,,
rsg_object_detection,dropped_oldest,2668,rsg_20260806_173_804900000_002668,dropped,True,fifo_cached_frame,2668,275,0,2391,275,0,1,0.0,49.882853010785766,frame_fifo_full,,,,,,,,,,,,,,,,,,,,,,,,,,,,,,,,,,,,,,,,,,,,,,,,,,,,,,,,,,,,,,
rsg_object_detection,dropped_oldest,2669,rsg_20260806_173_854899999_002669,dropped,True,fifo_cached_frame,2669,275,0,2392,275,0,1,0.0,50.935651001054794,frame_fifo_full,,,,,,,,,,,,,,,,,,,,,,,,,,,,,,,,,,,,,,,,,,,,,,,,,,,,,,,,,,,,,,
rsg_object_detection,dropped_oldest,2670,rsg_20260806_173_904899999_002670,dropped,True,fifo_cached_frame,2670,275,0,2393,275,0,1,0.0,106.35629999160301,frame_fifo_full,,,,,,,,,,,,,,,,,,,,,,,,,,,,,,,,,,,,,,,,,,,,,,,,,,,,,,,,,,,,,,
rsg_object_detection,dropped_oldest,2671,rsg_20260806_174_004899999_002671,dropped,True,fifo_cached_frame,2671,275,0,2394,275,0,1,0.0,132.802352993167,frame_fifo_full,,,,,,,,,,,,,,,,,,,,,,,,,,,,,,,,,,,,,,,,,,,,,,,,,,,,,,,,,,,,,,
rsg_object_detection,dropped_oldest,2672,rsg_20260806_174_104899999_002672,dropped,True,fifo_cached_frame,2672,275,0,2395,275,0,1,0.0,90.55044499109499,frame_fifo_full,,,,,,,,,,,,,,,,,,,,,,,,,,,,,,,,,,,,,,,,,,,,,,,,,,,,,,,,,,,,,,
rsg_object_detection,dropped_oldest,2673,rsg_20260806_174_204900000_002673,dropped,True,fifo_cached_frame,2673,275,0,2396,276,0,1,0.0,47.23508600727655,frame_fifo_full,,,,,,,,,,,,,,,,,,,,,,,,,,,,,,,,,,,,,,,,,,,,,,,,,,,,,,,,,,,,,,
rsg_object_detection,frame_trace,2666,rsg_20260806_173_604899999_002666,sent_to_hydra,,,,,,,,,,,633.7052500020945,ok,13.702404001378454,607.9564980027499,7.803863001754507,0.16187800792977214,7.641984993824735,0.006463000318035483,1.146936003351584,0.21121899771969765,289.72575199441053,21.629362992825918,0.00863902096170932,311.57497300591785,124.35008399188519,28.965703007997945,7.203770990599878,59.577253021416254,27.696245000697672,104.10684200178366,92.4823870009277,4.606622998835519,3.2429639977635816,3.7213019968476146,1130.0,386.0,3.727511008037254,0.8197909774025902,0.3610930289141834,1.5216970059555024,0.43558800825849175,0.00652798917144537,235.34842900699005,3.467110000201501,0.1373349950881675,56.2309029919561,0.050811999244615436,9.313656002632342,8.5647749947384,0.09765800496097654,0.6512230029329658,3.63282801117748,0.750000006519258,0.005919981049373746,4.23602199589368,8,0,8,0,0,,,,,,,,,,,,,,
rsg_object_detection,dropped_oldest,2675,rsg_20260806_174_304900000_002675,dropped,True,fifo_cached_frame,2675,276,0,2397,276,0,1,0.0,59.13574899022933,frame_fifo_full,,,,,,,,,,,,,,,,,,,,,,,,,,,,,,,,,,,,,,,,,,,,,,,,,,,,,,,,,,,,,,
rsg_object_detection,dropped_oldest,2676,rsg_20260806_174_354899999_002676,dropped,True,fifo_cached_frame,2676,276,0,2398,276,0,1,0.0,50.51517000538297,frame_fifo_full,,,,,,,,,,,,,,,,,,,,,,,,,,,,,,,,,,,,,,,,,,,,,,,,,,,,,,,,,,,,,,
rsg_object_detection,dropped_oldest,2677,rsg_20260806_174_404899999_002677,dropped,True,fifo_cached_frame,2677,276,0,2399,276,0,1,0.0,41.11262298829388,frame_fifo_full,,,,,,,,,,,,,,,,,,,,,,,,,,,,,,,,,,,,,,,,,,,,,,,,,,,,,,,,,,,,,,
rsg_object_detection,dropped_oldest,2678,rsg_20260806_174_454900000_002678,dropped,True,fifo_cached_frame,2678,276,0,2400,276,0,1,0.0,50.69339899637271,frame_fifo_full,,,,,,,,,,,,,,,,,,,,,,,,,,,,,,,,,,,,,,,,,,,,,,,,,,,,,,,,,,,,,,
rsg_object_detection,dropped_oldest,2679,rsg_20260806_174_504899999_002679,dropped,True,fifo_cached_frame,2679,276,0,2401,276,0,1,0.0,50.20363800576888,frame_fifo_full,,,,,,,,,,,,,,,,,,,,,,,,,,,,,,,,,,,,,,,,,,,,,,,,,,,,,,,,,,,,,,
rsg_object_detection,dropped_oldest,2680,rsg_20260806_174_554900000_002680,dropped,True,fifo_cached_frame,2680,276,0,2402,276,0,1,0.0,66.74183299764991,frame_fifo_full,,,,,,,,,,,,,,,,,,,,,,,,,,,,,,,,,,,,,,,,,,,,,,,,,,,,,,,,,,,,,,
rsg_object_detection,dropped_oldest,2681,rsg_20260806_174_604899999_002681,dropped,True,fifo_cached_frame,2681,276,0,2403,276,0,1,0.0,102.38033600035124,frame_fifo_full,,,,,,,,,,,,,,,,,,,,,,,,,,,,,,,,,,,,,,,,,,,,,,,,,,,,,,,,,,,,,,
rsg_object_detection,dropped_oldest,2682,rsg_20260806_174_654899999_002682,dropped,True,fifo_cached_frame,2682,276,0,2404,276,0,1,0.0,3.250163994380273,frame_fifo_full,,,,,,,,,,,,,,,,,,,,,,,,,,,,,,,,,,,,,,,,,,,,,,,,,,,,,,,,,,,,,,
rsg_object_detection,dropped_oldest,2683,rsg_20260806_174_704900000_002683,dropped,True,fifo_cached_frame,2683,276,0,2405,276,0,1,0.0,65.50968700321391,frame_fifo_full,,,,,,,,,,,,,,,,,,,,,,,,,,,,,,,,,,,,,,,,,,,,,,,,,,,,,,,,,,,,,,
rsg_object_detection,dropped_oldest,2684,rsg_20260806_174_754899999_002684,dropped,True,fifo_cached_frame,2684,276,0,2406,276,0,1,0.0,17.540756991365924,frame_fifo_full,,,,,,,,,,,,,,,,,,,,,,,,,,,,,,,,,,,,,,,,,,,,,,,,,,,,,,,,,,,,,,
rsg_object_detection,frame_trace,2674,rsg_20260806_174_254899999_002674,sent_to_hydra,,,,,,,,,,,531.5098230057629,ok,15.583119005896151,505.6079589994624,7.472555007552728,0.17522100824862719,7.297333999304101,0.0042230094550177455,1.088314995286055,0.18171699775848538,280.65920900553465,21.666066008037888,0.008479997632093728,302.5154720089631,75.2359570178669,18.41846201568842,4.01693198364228,25.81578999524936,26.129465986741707,70.24625400663354,54.31538000993896,10.159106997889467,3.129916003672406,2.5911649863701314,817.0,116.0,3.9359120128210634,1.0967299749609083,0.35060298978351057,1.5407679893542081,0.3771920019062236,0.0048000074457377195,152.80645499296952,4.512485000304878,0.1733980025164783,44.46431700489484,0.0475169945275411,6.516423003631644,5.852913003764115,0.09945000056177378,0.5640599993057549,8.308695003506728,0.7536170014645904,0.004383997293189168,2.84196698339656,8,0,8,0,0,,,,,,,,,,,,,,
rsg_object_detection,dropped_oldest,2686,rsg_20260806_174_854899999_002686,dropped,True,fifo_cached_frame,2686,277,0,2407,277,0,1,0.0,37.98670800460968,frame_fifo_full,,,,,,,,,,,,,,,,,,,,,,,,,,,,,,,,,,,,,,,,,,,,,,,,,,,,,,,,,,,,,,
rsg_object_detection,dropped_oldest,2687,rsg_20260806_174_904899999_002687,dropped,True,fifo_cached_frame,2687,277,0,2408,277,0,1,0.0,59.27586799953133,frame_fifo_full,,,,,,,,,,,,,,,,,,,,,,,,,,,,,,,,,,,,,,,,,,,,,,,,,,,,,,,,,,,,,,
rsg_object_detection,dropped_oldest,2688,rsg_20260806_174_954900000_002688,dropped,True,fifo_cached_frame,2688,277,0,2409,277,0,1,0.0,42.55573300179094,frame_fifo_full,,,,,,,,,,,,,,,,,,,,,,,,,,,,,,,,,,,,,,,,,,,,,,,,,,,,,,,,,,,,,,
rsg_object_detection,dropped_oldest,2689,rsg_20260806_175_004899999_002689,dropped,True,fifo_cached_frame,2689,277,0,2410,277,0,1,0.0,48.39207099576015,frame_fifo_full,,,,,,,,,,,,,,,,,,,,,,,,,,,,,,,,,,,,,,,,,,,,,,,,,,,,,,,,,,,,,,
rsg_object_detection,dropped_oldest,2690,rsg_20260806_175_054900000_002690,dropped,True,fifo_cached_frame,2690,277,0,2411,277,0,1,0.0,51.01021099835634,frame_fifo_full,,,,,,,,,,,,,,,,,,,,,,,,,,,,,,,,,,,,,,,,,,,,,,,,,,,,,,,,,,,,,,
rsg_object_detection,dropped_oldest,2691,rsg_20260806_175_104899999_002691,dropped,True,fifo_cached_frame,2691,277,0,2412,277,0,1,0.0,48.742064987891354,frame_fifo_full,,,,,,,,,,,,,,,,,,,,,,,,,,,,,,,,,,,,,,,,,,,,,,,,,,,,,,,,,,,,,,
rsg_object_detection,dropped_oldest,2692,rsg_20260806_175_154899999_002692,dropped,True,fifo_cached_frame,2692,277,0,2413,277,0,1,0.0,62.247907000710256,frame_fifo_full,,,,,,,,,,,,,,,,,,,,,,,,,,,,,,,,,,,,,,,,,,,,,,,,,,,,,,,,,,,,,,
rsg_object_detection,dropped_oldest,2693,rsg_20260806_175_204900000_002693,dropped,True,fifo_cached_frame,2693,277,0,2414,277,0,1,0.0,36.03073400154244,frame_fifo_full,,,,,,,,,,,,,,,,,,,,,,,,,,,,,,,,,,,,,,,,,,,,,,,,,,,,,,,,,,,,,,
rsg_object_detection,dropped_oldest,2694,rsg_20260806_175_254899999_002694,dropped,True,fifo_cached_frame,2694,277,0,2415,277,0,1,0.0,105.75725299713667,frame_fifo_full,,,,,,,,,,,,,,,,,,,,,,,,,,,,,,,,,,,,,,,,,,,,,,,,,,,,,,,,,,,,,,
rsg_object_detection,dropped_oldest,2695,rsg_20260806_175_354899999_002695,dropped,True,fifo_cached_frame,2695,277,0,2416,277,0,1,0.0,96.25058399979025,frame_fifo_full,,,,,,,,,,,,,,,,,,,,,,,,,,,,,,,,,,,,,,,,,,,,,,,,,,,,,,,,,,,,,,
rsg_object_detection,dropped_oldest,2696,rsg_20260806_175_404899999_002696,dropped,True,fifo_cached_frame,2696,277,0,2417,278,0,1,0.0,57.87817000236828,frame_fifo_full,,,,,,,,,,,,,,,,,,,,,,,,,,,,,,,,,,,,,,,,,,,,,,,,,,,,,,,,,,,,,,
rsg_object_detection,frame_trace,2685,rsg_20260806_174_804900000_002685,sent_to_hydra,,,,,,,,,,,654.7397829999682,ok,13.785185990855098,604.4291739963228,31.825844998820685,0.18747600552160293,31.638368993299082,0.0050240050768479705,1.1620709992712364,1.6100749926408753,293.4643920016242,24.892551999073476,0.010014002327807248,319.9770329956664,98.24200301954988,38.30284797004424,4.988711007172242,41.35548799240496,12.833978980779648,108.29482199915219,92.4291919945972,8.534634005627595,3.1695299985585734,4.109759000129998,1419.0,387.0,3.660887014120817,1.455302000977099,0.35863697121385485,1.8221900099888444,0.4116219934076071,0.005439011147245765,214.27067699551117,2.980773992021568,0.16814899572636932,65.81959300092421,0.05087701720185578,9.511276992270723,5.107328994199634,0.12015299580525607,4.283795002265833,3.5984629939775914,0.6705819978378713,0.004864006768912077,4.694554008892737,8,0,8,0,0,,,,,,,,,,,,,,
rsg_object_detection,dropped_oldest,2697,rsg_20260806_175_454900000_002697,dropped,True,fifo_cached_frame,2697,277,0,2418,278,0,1,0.0,10.468784996191971,frame_fifo_full,,,,,,,,,,,,,,,,,,,,,,,,,,,,,,,,,,,,,,,,,,,,,,,,,,,,,,,,,,,,,,
rsg_object_detection,dropped_oldest,2699,rsg_20260806_175_554900000_002699,dropped,True,fifo_cached_frame,2699,278,0,2419,278,0,1,0.0,46.41063199960627,frame_fifo_full,,,,,,,,,,,,,,,,,,,,,,,,,,,,,,,,,,,,,,,,,,,,,,,,,,,,,,,,,,,,,,
rsg_object_detection,dropped_oldest,2700,rsg_20260806_175_604899999_002700,dropped,True,fifo_cached_frame,2700,278,0,2420,278,0,1,0.0,52.78664799698163,frame_fifo_full,,,,,,,,,,,,,,,,,,,,,,,,,,,,,,,,,,,,,,,,,,,,,,,,,,,,,,,,,,,,,,
rsg_object_detection,dropped_oldest,2701,rsg_20260806_175_654899999_002701,dropped,True,fifo_cached_frame,2701,278,0,2421,278,0,1,0.0,96.76434399443679,frame_fifo_full,,,,,,,,,,,,,,,,,,,,,,,,,,,,,,,,,,,,,,,,,,,,,,,,,,,,,,,,,,,,,,
rsg_object_detection,dropped_oldest,2702,rsg_20260806_175_754899999_002702,dropped,True,fifo_cached_frame,2702,278,0,2422,278,0,1,0.0,49.30894599237945,frame_fifo_full,,,,,,,,,,,,,,,,,,,,,,,,,,,,,,,,,,,,,,,,,,,,,,,,,,,,,,,,,,,,,,
rsg_object_detection,dropped_oldest,2703,rsg_20260806_175_804900000_002703,dropped,True,fifo_cached_frame,2703,278,0,2423,278,0,1,0.0,77.8657830087468,frame_fifo_full,,,,,,,,,,,,,,,,,,,,,,,,,,,,,,,,,,,,,,,,,,,,,,,,,,,,,,,,,,,,,,
rsg_object_detection,dropped_oldest,2704,rsg_20260806_175_854899999_002704,dropped,True,fifo_cached_frame,2704,278,0,2424,278,0,1,0.0,38.732647997676395,frame_fifo_full,,,,,,,,,,,,,,,,,,,,,,,,,,,,,,,,,,,,,,,,,,,,,,,,,,,,,,,,,,,,,,
rsg_object_detection,dropped_oldest,2705,rsg_20260806_175_904899999_002705,dropped,True,fifo_cached_frame,2705,278,0,2425,278,0,1,0.0,101.69606699491851,frame_fifo_full,,,,,,,,,,,,,,,,,,,,,,,,,,,,,,,,,,,,,,,,,,,,,,,,,,,,,,,,,,,,,,
rsg_object_detection,dropped_oldest,2706,rsg_20260806_175_954900000_002706,dropped,True,fifo_cached_frame,2706,278,0,2426,278,0,1,0.0,3.222358995117247,frame_fifo_full,,,,,,,,,,,,,,,,,,,,,,,,,,,,,,,,,,,,,,,,,,,,,,,,,,,,,,,,,,,,,,
rsg_object_detection,dropped_oldest,2707,rsg_20260806_176_004899999_002707,dropped,True,fifo_cached_frame,2707,278,0,2427,278,0,1,0.0,94.63974100071937,frame_fifo_full,,,,,,,,,,,,,,,,,,,,,,,,,,,,,,,,,,,,,,,,,,,,,,,,,,,,,,,,,,,,,,
rsg_object_detection,dropped_oldest,2708,rsg_20260806_176_104899999_002708,dropped,True,fifo_cached_frame,2708,278,0,2428,279,0,1,0.0,50.379150998196565,frame_fifo_full,,,,,,,,,,,,,,,,,,,,,,,,,,,,,,,,,,,,,,,,,,,,,,,,,,,,,,,,,,,,,,
rsg_object_detection,frame_trace,2698,rsg_20260806_175_504899999_002698,sent_to_hydra,,,,,,,,,,,605.8607369923266,ok,14.825152000412345,585.3247740014922,1.8396289960946888,0.1782289909897372,1.6614000051049516,0.004447996616363525,2.392681999481283,0.21809799363836646,292.39581199362874,21.425443002954125,0.007840004400350153,314.0471929946216,97.83986100228503,28.458795000915416,5.119102002936415,23.559933979413472,39.68039798201062,95.92228500696365,78.09085700137075,10.073258003103547,3.2998569949995726,4.3947969970759,1144.0,391.0,4.187736994936131,1.2290109880268574,0.40739899850450456,1.618523005163297,0.7393769919872284,0.005216003046371043,201.9677119969856,9.32863200432621,0.16997299098875374,57.366490000276826,0.05209201481193304,10.30268300382886,9.63635700463783,0.10159400699194521,0.5647319921990857,3.707320007379167,0.8105089946184307,0.004639994585886598,3.8667339977109805,8,0,8,0,0,,,,,,,,,,,,,,
rsg_object_detection,dropped_oldest,2710,rsg_20260806_176_204900000_002710,dropped,True,fifo_cached_frame,2710,279,0,2429,279,0,1,0.0,41.84464499121532,frame_fifo_full,,,,,,,,,,,,,,,,,,,,,,,,,,,,,,,,,,,,,,,,,,,,,,,,,,,,,,,,,,,,,,
rsg_object_detection,dropped_oldest,2711,rsg_20260806_176_254899999_002711,dropped,True,fifo_cached_frame,2711,279,0,2430,279,0,1,0.0,48.784279002575204,frame_fifo_full,,,,,,,,,,,,,,,,,,,,,,,,,,,,,,,,,,,,,,,,,,,,,,,,,,,,,,,,,,,,,,
rsg_object_detection,dropped_oldest,2712,rsg_20260806_176_304900000_002712,dropped,True,fifo_cached_frame,2712,279,0,2431,279,0,1,0.0,52.66090099758003,frame_fifo_full,,,,,,,,,,,,,,,,,,,,,,,,,,,,,,,,,,,,,,,,,,,,,,,,,,,,,,,,,,,,,,
rsg_object_detection,dropped_oldest,2713,rsg_20260806_176_354899999_002713,dropped,True,fifo_cached_frame,2713,279,0,2432,279,0,1,0.0,48.61353799060453,frame_fifo_full,,,,,,,,,,,,,,,,,,,,,,,,,,,,,,,,,,,,,,,,,,,,,,,,,,,,,,,,,,,,,,
rsg_object_detection,dropped_oldest,2714,rsg_20260806_176_404899999_002714,dropped,True,fifo_cached_frame,2714,279,0,2433,279,0,1,0.0,52.02580500917975,frame_fifo_full,,,,,,,,,,,,,,,,,,,,,,,,,,,,,,,,,,,,,,,,,,,,,,,,,,,,,,,,,,,,,,
rsg_object_detection,dropped_oldest,2715,rsg_20260806_176_454900000_002715,dropped,True,fifo_cached_frame,2715,279,0,2434,279,0,1,0.0,51.87714200292248,frame_fifo_full,,,,,,,,,,,,,,,,,,,,,,,,,,,,,,,,,,,,,,,,,,,,,,,,,,,,,,,,,,,,,,
rsg_object_detection,dropped_oldest,2716,rsg_20260806_176_504899999_002716,dropped,True,fifo_cached_frame,2716,279,0,2435,279,0,1,0.0,69.83701199351344,frame_fifo_full,,,,,,,,,,,,,,,,,,,,,,,,,,,,,,,,,,,,,,,,,,,,,,,,,,,,,,,,,,,,,,
rsg_object_detection,dropped_oldest,2717,rsg_20260806_176_554900000_002717,dropped,True,fifo_cached_frame,2717,279,0,2436,279,0,1,0.0,153.19804100727197,frame_fifo_full,,,,,,,,,,,,,,,,,,,,,,,,,,,,,,,,,,,,,,,,,,,,,,,,,,,,,,,,,,,,,,
rsg_object_detection,dropped_oldest,2718,rsg_20260806_176_704900000_002718,dropped,True,fifo_cached_frame,2718,279,0,2437,279,0,1,0.0,74.32098800200038,frame_fifo_full,,,,,,,,,,,,,,,,,,,,,,,,,,,,,,,,,,,,,,,,,,,,,,,,,,,,,,,,,,,,,,
rsg_object_detection,frame_trace,2709,rsg_20260806_176_154899999_002709,sent_to_hydra,,,,,,,,,,,648.5439079988282,ok,14.849215993308462,623.1974289985374,7.253274001413956,0.14117499813437462,7.112099003279582,0.004735993570648134,1.1147780023748055,0.2388649882050231,324.10159400023986,22.803950996603817,0.007679002010263503,347.15208898705896,143.79373502742965,18.49775500886608,5.119295004988089,105.31354800332338,14.104140966082923,74.90303000668064,60.67732800147496,7.636866997927427,3.6045750021003187,2.560064007411711,881.0,136.0,3.520643018418923,2.1277709893183783,0.3491299576126039,1.5426559984916821,0.6999889883445576,0.005599009455181658,226.96143100620247,5.036133006797172,0.18878799164667726,42.6925320061855,0.051677998271770775,9.617734991479665,8.937809005146846,0.10293800733052194,0.5769879790022969,4.489159997319803,0.7358259899774566,0.0064950145315378904,3.239253011997789,8,0,7,0,0,,,,,,,,,,,,,,
rsg_object_detection,dropped_oldest,2720,rsg_20260806_176_854899999_002720,dropped,True,fifo_cached_frame,2720,280,0,2438,280,0,1,0.0,45.937257003970444,frame_fifo_full,,,,,,,,,,,,,,,,,,,,,,,,,,,,,,,,,,,,,,,,,,,,,,,,,,,,,,,,,,,,,,
rsg_object_detection,,767,rsg_20260806_53_954880000_000767,vlm_failed,,,,,,,,,,,,"{""label"":""cabinet"",""label_confidence"":0.0,""mobility_class"":""unknown"",""mobility_confidence"":0.0}",,,,,,,,,,,,,,,,,,,,,,,,,,,,,,,,,,,,,,,,,,,,,,,,,rsg_obj_000087,rsg_unknown_rsg_20260806_53_954880000_000767_007_nanosam_006,,,3,0.6049730390390391,unknown_object,0.0,unknown,0.0,4384.568591005518,122789.69549199974,qwen_http,Qwen3-VL-8B-Instruct-GGUF
rsg_object_detection,completed,767,rsg_20260806_53_954880000_000767,,,,,,,,,,,118405.1252049976,,vlm_failed,,,,,,,,,,,,,,,,,,,,,,,,,,,,,,,,,,,,,,,,,,,,,,,,,rsg_obj_000087,rsg_unknown_rsg_20260806_53_954880000_000767_007_nanosam_006,101,300,3,0.6049730390390391,,,,,,,,
rsg_object_detection,dropped_oldest,2721,rsg_20260806_176_904899999_002721,dropped,True,fifo_cached_frame,2721,280,0,2439,280,0,1,0.0,102.17700600333046,frame_fifo_full,,,,,,,,,,,,,,,,,,,,,,,,,,,,,,,,,,,,,,,,,,,,,,,,,,,,,,,,,,,,,,
rsg_object_detection,dequeued,774,rsg_20260806_54_454880000_000774,,,,,,,,,,,121954.96415600064,,fifo_order,,,,,,,,,,,,,,,,,,,,,,,,,,,,,,,,,,,,,,,,,,,,,,,,,rsg_obj_000064,rsg_unknown_rsg_20260806_54_454880000_000774_003_nanosam_001,100,300,19,0.5823920515653931,,,,,,,,
rsg_object_detection,dropped_oldest,2722,rsg_20260806_177_004899999_002722,dropped,True,fifo_cached_frame,2722,280,0,2440,280,0,1,0.0,123.65937601134647,frame_fifo_full,,,,,,,,,,,,,,,,,,,,,,,,,,,,,,,,,,,,,,,,,,,,,,,,,,,,,,,,,,,,,,
rsg_object_detection,dropped_oldest,2723,rsg_20260806_177_104899999_002723,dropped,True,fifo_cached_frame,2723,280,0,2441,280,0,1,0.0,32.12931999587454,frame_fifo_full,,,,,,,,,,,,,,,,,,,,,,,,,,,,,,,,,,,,,,,,,,,,,,,,,,,,,,,,,,,,,,
rsg_object_detection,dropped_oldest,2724,rsg_20260806_177_154899999_002724,dropped,True,fifo_cached_frame,2724,280,0,2442,280,0,1,0.0,114.44747300993185,frame_fifo_full,,,,,,,,,,,,,,,,,,,,,,,,,,,,,,,,,,,,,,,,,,,,,,,,,,,,,,,,,,,,,,
rsg_object_detection,dropped_oldest,2725,rsg_20260806_177_254899999_002725,dropped,True,fifo_cached_frame,2725,280,0,2443,280,0,1,0.0,82.4789799953578,frame_fifo_full,,,,,,,,,,,,,,,,,,,,,,,,,,,,,,,,,,,,,,,,,,,,,,,,,,,,,,,,,,,,,,
rsg_object_detection,dropped_oldest,2726,rsg_20260806_177_354899999_002726,dropped,True,fifo_cached_frame,2726,280,0,2444,280,0,1,0.0,64.03373200737406,frame_fifo_full,,,,,,,,,,,,,,,,,,,,,,,,,,,,,,,,,,,,,,,,,,,,,,,,,,,,,,,,,,,,,,
rsg_object_detection,frame_trace,2719,rsg_20260806_176_804900000_002719,sent_to_hydra,,,,,,,,,,,624.4999939954141,ok,12.697190992184915,571.3498109980719,36.708618004922755,0.14840699441265315,36.5602110105101,0.005662994226440787,2.4935090041253716,1.0957720078295097,227.69418499956373,18.27025000238791,0.006943984772078693,247.06715099455323,133.5657320014434,29.61082298133988,12.717828969471157,42.071226009284146,48.191261987085454,125.60511799529195,110.42827399796806,4.914700999506749,5.78655100252945,3.8899649953236803,1148.0,392.0,7.254330979776569,0.9993610001401976,0.359852027031593,1.1981650022789836,0.42346199916210026,0.005055000656284392,269.4270109932404,2.5534729938954115,0.12239199713803828,49.638277996564284,0.04799701855517924,8.004556002561003,7.322454999666661,0.11560799612198025,0.5664930067723617,4.0017340070335194,0.6853009981568903,0.005599984433501959,3.7387110060080886,8,0,7,0,0,,,,,,,,,,,,,,
rsg_object_detection,dropped_oldest,2728,rsg_20260806_177_454900000_002728,dropped,True,fifo_cached_frame,2728,281,0,2445,281,0,1,0.0,83.45031199860387,frame_fifo_full,,,,,,,,,,,,,,,,,,,,,,,,,,,,,,,,,,,,,,,,,,,,,,,,,,,,,,,,,,,,,,
rsg_object_detection,dropped_oldest,2729,rsg_20260806_177_554900000_002729,dropped,True,fifo_cached_frame,2729,281,0,2446,281,0,1,0.0,48.675425990950316,frame_fifo_full,,,,,,,,,,,,,,,,,,,,,,,,,,,,,,,,,,,,,,,,,,,,,,,,,,,,,,,,,,,,,,
rsg_object_detection,dropped_oldest,2730,rsg_20260806_177_604899999_002730,dropped,True,fifo_cached_frame,2730,281,0,2447,281,0,1,0.0,52.989909003372304,frame_fifo_full,,,,,,,,,,,,,,,,,,,,,,,,,,,,,,,,,,,,,,,,,,,,,,,,,,,,,,,,,,,,,,
rsg_object_detection,dropped_oldest,2731,rsg_20260806_177_654899999_002731,dropped,True,fifo_cached_frame,2731,281,0,2448,281,0,1,0.0,52.58699000114575,frame_fifo_full,,,,,,,,,,,,,,,,,,,,,,,,,,,,,,,,,,,,,,,,,,,,,,,,,,,,,,,,,,,,,,
rsg_object_detection,dropped_oldest,2732,rsg_20260806_177_704900000_002732,dropped,True,fifo_cached_frame,2732,281,0,2449,281,0,1,0.0,49.563210995984264,frame_fifo_full,,,,,,,,,,,,,,,,,,,,,,,,,,,,,,,,,,,,,,,,,,,,,,,,,,,,,,,,,,,,,,
rsg_object_detection,dropped_oldest,2733,rsg_20260806_177_754899999_002733,dropped,True,fifo_cached_frame,2733,281,0,2450,281,0,1,0.0,116.16737399890553,frame_fifo_full,,,,,,,,,,,,,,,,,,,,,,,,,,,,,,,,,,,,,,,,,,,,,,,,,,,,,,,,,,,,,,
rsg_object_detection,dropped_oldest,2734,rsg_20260806_177_854899999_002734,dropped,True,fifo_cached_frame,2734,281,0,2451,281,0,1,0.0,45.41860499011818,frame_fifo_full,,,,,,,,,,,,,,,,,,,,,,,,,,,,,,,,,,,,,,,,,,,,,,,,,,,,,,,,,,,,,,
rsg_object_detection,dropped_oldest,2735,rsg_20260806_177_904899999_002735,dropped,True,fifo_cached_frame,2735,281,0,2452,281,0,1,0.0,80.86276201356668,frame_fifo_full,,,,,,,,,,,,,,,,,,,,,,,,,,,,,,,,,,,,,,,,,,,,,,,,,,,,,,,,,,,,,,
rsg_object_detection,dropped_oldest,2736,rsg_20260806_177_954900000_002736,dropped,True,fifo_cached_frame,2736,281,0,2453,281,0,1,0.0,7.481357009964995,frame_fifo_full,,,,,,,,,,,,,,,,,,,,,,,,,,,,,,,,,,,,,,,,,,,,,,,,,,,,,,,,,,,,,,
rsg_object_detection,frame_trace,2727,rsg_20260806_177_404899999_002727,sent_to_hydra,,,,,,,,,,,596.5481780003756,ok,16.6333939996548,524.1250820108689,46.52890400029719,0.1414949947502464,46.38740900554694,0.00457599526271224,5.245528998784721,0.19441999029368162,279.0905820002081,23.143450991483405,0.006464018952101469,302.4349170009373,56.47244300052989,16.785896033979952,4.455114001757465,24.33201599342283,10.387288028141484,98.440704998211,83.98666299763136,7.78805700247176,3.2900030055316165,3.088830999331549,1099.0,394.0,3.3186430227942765,0.8604269969509915,0.3141539782518521,1.37572200037539,0.5750679993070662,0.004959001671522856,161.3804559892742,4.723577992990613,0.17256601131521165,50.11245700006839,0.05557901749853045,12.270402003196068,11.657000999548472,0.0952260015765205,0.5181750020710751,3.6130869993939996,0.7448490068782121,0.005055990186519921,9.256221994291991,8,0,7,0,0,,,,,,,,,,,,,,
rsg_object_detection,dropped_oldest,2737,rsg_20260806_178_004899999_002737,dropped,True,fifo_cached_frame,2737,282,0,2454,282,0,1,0.0,406.77693199540954,frame_fifo_full,,,,,,,,,,,,,,,,,,,,,,,,,,,,,,,,,,,,,,,,,,,,,,,,,,,,,,,,,,,,,,
rsg_object_detection,dropped_oldest,2739,rsg_20260806_178_154899999_002739,dropped,True,fifo_cached_frame,2739,282,0,2455,282,0,1,0.0,3.4063790080836043,frame_fifo_full,,,,,,,,,,,,,,,,,,,,,,,,,,,,,,,,,,,,,,,,,,,,,,,,,,,,,,,,,,,,,,
rsg_object_detection,dropped_oldest,2740,rsg_20260806_178_204900000_002740,dropped,True,fifo_cached_frame,2740,282,0,2456,282,0,1,0.0,2.90845800191164,frame_fifo_full,,,,,,,,,,,,,,,,,,,,,,,,,,,,,,,,,,,,,,,,,,,,,,,,,,,,,,,,,,,,,,
rsg_object_detection,dropped_oldest,2741,rsg_20260806_178_254899999_002741,dropped,True,fifo_cached_frame,2741,282,0,2457,282,0,1,0.0,3.3914689993252978,frame_fifo_full,,,,,,,,,,,,,,,,,,,,,,,,,,,,,,,,,,,,,,,,,,,,,,,,,,,,,,,,,,,,,,
rsg_object_detection,dropped_oldest,2742,rsg_20260806_178_354899999_002742,dropped,True,fifo_cached_frame,2742,282,0,2458,282,0,1,0.0,2.9367770039243624,frame_fifo_full,,,,,,,,,,,,,,,,,,,,,,,,,,,,,,,,,,,,,,,,,,,,,,,,,,,,,,,,,,,,,,
rsg_object_detection,dropped_oldest,2743,rsg_20260806_178_404899999_002743,dropped,True,fifo_cached_frame,2743,282,0,2459,282,0,1,0.0,73.62584400107153,frame_fifo_full,,,,,,,,,,,,,,,,,,,,,,,,,,,,,,,,,,,,,,,,,,,,,,,,,,,,,,,,,,,,,,
rsg_object_detection,dropped_oldest,2744,rsg_20260806_178_504899999_002744,dropped,True,fifo_cached_frame,2744,282,0,2460,282,0,1,0.0,54.46057399967685,frame_fifo_full,,,,,,,,,,,,,,,,,,,,,,,,,,,,,,,,,,,,,,,,,,,,,,,,,,,,,,,,,,,,,,
rsg_object_detection,dropped_oldest,2745,rsg_20260806_178_554900000_002745,dropped,True,fifo_cached_frame,2745,282,0,2461,282,0,1,0.0,47.31116299808491,frame_fifo_full,,,,,,,,,,,,,,,,,,,,,,,,,,,,,,,,,,,,,,,,,,,,,,,,,,,,,,,,,,,,,,
rsg_object_detection,dropped_oldest,2746,rsg_20260806_178_604899999_002746,dropped,True,fifo_cached_frame,2746,282,0,2462,282,0,1,0.0,51.044306994299404,frame_fifo_full,,,,,,,,,,,,,,,,,,,,,,,,,,,,,,,,,,,,,,,,,,,,,,,,,,,,,,,,,,,,,,
rsg_object_detection,dropped_oldest,2747,rsg_20260806_178_654899999_002747,dropped,True,fifo_cached_frame,2747,282,0,2463,282,0,1,0.0,48.67053400084842,frame_fifo_full,,,,,,,,,,,,,,,,,,,,,,,,,,,,,,,,,,,,,,,,,,,,,,,,,,,,,,,,,,,,,,
rsg_object_detection,dropped_oldest,2748,rsg_20260806_178_704900000_002748,dropped,True,fifo_cached_frame,2748,282,0,2464,282,0,1,0.0,114.73189000389539,frame_fifo_full,,,,,,,,,,,,,,,,,,,,,,,,,,,,,,,,,,,,,,,,,,,,,,,,,,,,,,,,,,,,,,
rsg_object_detection,dropped_oldest,2749,rsg_20260806_178_804900000_002749,dropped,True,fifo_cached_frame,2749,282,0,2465,282,0,1,0.0,54.686447998392396,frame_fifo_full,,,,,,,,,,,,,,,,,,,,,,,,,,,,,,,,,,,,,,,,,,,,,,,,,,,,,,,,,,,,,,
rsg_object_detection,dropped_oldest,2750,rsg_20260806_178_854899999_002750,dropped,True,fifo_cached_frame,2750,282,0,2466,282,0,1,0.0,73.0541349912528,frame_fifo_full,,,,,,,,,,,,,,,,,,,,,,,,,,,,,,,,,,,,,,,,,,,,,,,,,,,,,,,,,,,,,,
rsg_object_detection,dropped_oldest,2751,rsg_20260806_178_904899999_002751,dropped,True,fifo_cached_frame,2751,282,0,2467,282,0,1,0.0,4.818931993213482,frame_fifo_full,,,,,,,,,,,,,,,,,,,,,,,,,,,,,,,,,,,,,,,,,,,,,,,,,,,,,,,,,,,,,,
rsg_object_detection,frame_trace,2738,rsg_20260806_178_104899999_002738,sent_to_hydra,,,,,,,,,,,612.3646210035076,ok,9.97205000021495,598.5599770065164,1.203988998895511,0.1326320052612573,1.0713569936342537,0.0034239928936585784,6.954382013645954,3.1443800107808784,325.7564349914901,22.920107003301382,0.006752001354470849,351.8276740069268,81.99277699168306,17.27697100432124,5.067652004072443,40.34638201119378,18.656343017937616,106.19475800194778,88.2933770044474,11.677032001898624,3.30046599265188,2.610876996186562,881.0,139.0,3.9628899830859154,0.7931669824756682,0.3283630503574386,1.3293890078784898,0.4202940035611391,0.005440000677481294,195.04413301183376,3.0076840048423037,0.13381600729189813,41.54745800769888,0.044829954276792705,5.485258006956428,4.808723999303766,0.10956100595649332,0.5669730016961694,3.7450790114235133,0.73499399877619,0.006718983058817685,2.6251810049870983,8,0,7,0,0,,,,,,,,,,,,,,
rsg_object_detection,dropped_oldest,2753,rsg_20260806_179_104899999_002753,dropped,True,fifo_cached_frame,2753,283,0,2468,283,0,1,0.0,61.27867700706702,frame_fifo_full,,,,,,,,,,,,,,,,,,,,,,,,,,,,,,,,,,,,,,,,,,,,,,,,,,,,,,,,,,,,,,
rsg_object_detection,dropped_oldest,2754,rsg_20260806_179_154899999_002754,dropped,True,fifo_cached_frame,2754,283,0,2469,283,0,1,0.0,40.190006999182515,frame_fifo_full,,,,,,,,,,,,,,,,,,,,,,,,,,,,,,,,,,,,,,,,,,,,,,,,,,,,,,,,,,,,,,
rsg_object_detection,dropped_oldest,2755,rsg_20260806_179_204900000_002755,dropped,True,fifo_cached_frame,2755,283,0,2470,283,0,1,0.0,49.99931600468699,frame_fifo_full,,,,,,,,,,,,,,,,,,,,,,,,,,,,,,,,,,,,,,,,,,,,,,,,,,,,,,,,,,,,,,
rsg_object_detection,dropped_oldest,2756,rsg_20260806_179_254899999_002756,dropped,True,fifo_cached_frame,2756,283,0,2471,283,0,1,0.0,49.711369996657595,frame_fifo_full,,,,,,,,,,,,,,,,,,,,,,,,,,,,,,,,,,,,,,,,,,,,,,,,,,,,,,,,,,,,,,
rsg_object_detection,dropped_oldest,2757,rsg_20260806_179_304900000_002757,dropped,True,fifo_cached_frame,2757,283,0,2472,283,0,1,0.0,52.698097002576105,frame_fifo_full,,,,,,,,,,,,,,,,,,,,,,,,,,,,,,,,,,,,,,,,,,,,,,,,,,,,,,,,,,,,,,
rsg_object_detection,dropped_oldest,2758,rsg_20260806_179_354899999_002758,dropped,True,fifo_cached_frame,2758,283,0,2473,283,0,1,0.0,46.4534610073315,frame_fifo_full,,,,,,,,,,,,,,,,,,,,,,,,,,,,,,,,,,,,,,,,,,,,,,,,,,,,,,,,,,,,,,
rsg_object_detection,dropped_oldest,2759,rsg_20260806_179_404899999_002759,dropped,True,fifo_cached_frame,2759,283,0,2474,283,0,1,0.0,49.036757001886144,frame_fifo_full,,,,,,,,,,,,,,,,,,,,,,,,,,,,,,,,,,,,,,,,,,,,,,,,,,,,,,,,,,,,,,
rsg_object_detection,dropped_oldest,2760,rsg_20260806_179_454900000_002760,dropped,True,fifo_cached_frame,2760,283,0,2475,283,0,1,0.0,99.48619300848804,frame_fifo_full,,,,,,,,,,,,,,,,,,,,,,,,,,,,,,,,,,,,,,,,,,,,,,,,,,,,,,,,,,,,,,
rsg_object_detection,dropped_oldest,2761,rsg_20260806_179_504899999_002761,dropped,True,fifo_cached_frame,2761,283,0,2476,283,0,1,0.0,11.260804007179104,frame_fifo_full,,,,,,,,,,,,,,,,,,,,,,,,,,,,,,,,,,,,,,,,,,,,,,,,,,,,,,,,,,,,,,
rsg_object_detection,dropped_oldest,2762,rsg_20260806_179_554900000_002762,dropped,True,fifo_cached_frame,2762,283,0,2477,284,0,1,0.0,102.4182979890611,frame_fifo_full,,,,,,,,,,,,,,,,,,,,,,,,,,,,,,,,,,,,,,,,,,,,,,,,,,,,,,,,,,,,,,
rsg_object_detection,frame_trace,2752,rsg_20260806_178_954900000_002752,sent_to_hydra,,,,,,,,,,,681.6207550000399,ok,10.962774002109654,562.963476011646,104.66125400853343,0.11196100967936218,104.54929299885407,0.005470996256917715,1.1546799942152575,0.2511200000299141,273.2019249961013,16.73665500129573,0.007231006748043001,290.196931004175,115.42804799682926,17.98102501197718,12.019795016385615,45.83993101550732,38.82318297110032,102.56382600346114,83.95935100270435,8.790813008090481,6.9064500130480155,2.587198992841877,894.0,144.0,3.882287011947483,0.9113350242841989,0.3287789586465806,1.3680429983651266,0.38794400461483747,0.004287998308427632,224.8927239998011,2.963591003208421,0.14933499915059656,43.56416899827309,0.042046012822538614,5.824116989970207,5.183486005989835,0.11720899783540517,0.5234219861449674,4.44615600281395,0.6879579887026921,0.004543020622804761,3.02777998149395,8,0,7,0,0,,,,,,,,,,,,,,
rsg_object_detection,dropped_oldest,2764,rsg_20260806_179_704900000_002764,dropped,True,fifo_cached_frame,2764,284,0,2478,284,0,1,0.0,46.77168099442497,frame_fifo_full,,,,,,,,,,,,,,,,,,,,,,,,,,,,,,,,,,,,,,,,,,,,,,,,,,,,,,,,,,,,,,
rsg_object_detection,dropped_oldest,2765,rsg_20260806_179_754899999_002765,dropped,True,fifo_cached_frame,2765,284,0,2479,284,0,1,0.0,51.843238004948944,frame_fifo_full,,,,,,,,,,,,,,,,,,,,,,,,,,,,,,,,,,,,,,,,,,,,,,,,,,,,,,,,,,,,,,
rsg_object_detection,dropped_oldest,2766,rsg_20260806_179_804900000_002766,dropped,True,fifo_cached_frame,2766,284,0,2480,284,0,1,0.0,158.11233699787408,frame_fifo_full,,,,,,,,,,,,,,,,,,,,,,,,,,,,,,,,,,,,,,,,,,,,,,,,,,,,,,,,,,,,,,
rsg_object_detection,dropped_oldest,2767,rsg_20260806_179_954900000_002767,dropped,True,fifo_cached_frame,2767,284,0,2481,284,0,1,0.0,70.63429200206883,frame_fifo_full,,,,,,,,,,,,,,,,,,,,,,,,,,,,,,,,,,,,,,,,,,,,,,,,,,,,,,,,,,,,,,
rsg_object_detection,dropped_oldest,2768,rsg_20260806_180_004899999_002768,dropped,True,fifo_cached_frame,2768,284,0,2482,284,0,1,0.0,69.84570100030396,frame_fifo_full,,,,,,,,,,,,,,,,,,,,,,,,,,,,,,,,,,,,,,,,,,,,,,,,,,,,,,,,,,,,,,
rsg_object_detection,dropped_oldest,2769,rsg_20260806_180_104899999_002769,dropped,True,fifo_cached_frame,2769,284,0,2483,284,0,1,0.0,59.47329099581111,frame_fifo_full,,,,,,,,,,,,,,,,,,,,,,,,,,,,,,,,,,,,,,,,,,,,,,,,,,,,,,,,,,,,,,
rsg_object_detection,dropped_oldest,2770,rsg_20260806_180_154899999_002770,dropped,True,fifo_cached_frame,2770,284,0,2484,284,0,1,0.0,42.208412996842526,frame_fifo_full,,,,,,,,,,,,,,,,,,,,,,,,,,,,,,,,,,,,,,,,,,,,,,,,,,,,,,,,,,,,,,
rsg_object_detection,frame_trace,2763,rsg_20260806_179_654899999_002763,sent_to_hydra,,,,,,,,,,,615.8470530062914,ok,10.06241500726901,596.7867980070878,5.308598003466614,0.16994200996123254,5.138655993505381,0.00384000304620713,1.714677011477761,0.20286699873395264,281.7014449974522,32.312709008692764,0.009312003385275602,314.2263330082642,119.95685395959299,39.96608899615239,8.466992992907763,43.81116302101873,26.81161196960602,90.3559129947098,78.25612199667376,3.9071809878805652,3.582656994694844,4.066210996825248,1183.0,398.0,4.121695004869252,5.693116007023491,0.40109803376253694,1.4181200094753876,0.6659749924438074,0.005504000000655651,222.64451200317126,6.502955002360977,0.15563800116069615,51.50018900167197,0.04249397898092866,5.6169309973483905,5.014791997382417,0.08969000191427767,0.5124489980516955,3.81195500085596,0.6285370036493987,0.004992005415260792,3.6854019854217768,8,0,7,0,0,,,,,,,,,,,,,,
rsg_object_detection,dropped_oldest,2772,rsg_20260806_180_354899999_002772,dropped,True,fifo_cached_frame,2772,285,0,2485,285,0,1,0.0,42.32972099271137,frame_fifo_full,,,,,,,,,,,,,,,,,,,,,,,,,,,,,,,,,,,,,,,,,,,,,,,,,,,,,,,,,,,,,,
rsg_object_detection,dropped_oldest,2773,rsg_20260806_180_404899999_002773,dropped,True,fifo_cached_frame,2773,285,0,2486,285,0,1,0.0,54.555490001803264,frame_fifo_full,,,,,,,,,,,,,,,,,,,,,,,,,,,,,,,,,,,,,,,,,,,,,,,,,,,,,,,,,,,,,,
rsg_object_detection,dropped_oldest,2774,rsg_20260806_180_454900000_002774,dropped,True,fifo_cached_frame,2774,285,0,2487,285,0,1,0.0,50.9256350051146,frame_fifo_full,,,,,,,,,,,,,,,,,,,,,,,,,,,,,,,,,,,,,,,,,,,,,,,,,,,,,,,,,,,,,,
rsg_object_detection,dropped_oldest,2775,rsg_20260806_180_504899999_002775,dropped,True,fifo_cached_frame,2775,285,0,2488,285,0,1,0.0,98.56085099454504,frame_fifo_full,,,,,,,,,,,,,,,,,,,,,,,,,,,,,,,,,,,,,,,,,,,,,,,,,,,,,,,,,,,,,,
rsg_object_detection,dropped_oldest,2776,rsg_20260806_180_604899999_002776,dropped,True,fifo_cached_frame,2776,285,0,2489,285,0,1,0.0,47.93532499752473,frame_fifo_full,,,,,,,,,,,,,,,,,,,,,,,,,,,,,,,,,,,,,,,,,,,,,,,,,,,,,,,,,,,,,,
rsg_object_detection,dropped_oldest,2777,rsg_20260806_180_654899999_002777,dropped,True,fifo_cached_frame,2777,285,0,2490,285,0,1,0.0,127.27081099001225,frame_fifo_full,,,,,,,,,,,,,,,,,,,,,,,,,,,,,,,,,,,,,,,,,,,,,,,,,,,,,,,,,,,,,,
rsg_object_detection,dropped_oldest,2778,rsg_20260806_180_754899999_002778,dropped,True,fifo_cached_frame,2778,285,0,2491,285,0,1,0.0,29.433210991555825,frame_fifo_full,,,,,,,,,,,,,,,,,,,,,,,,,,,,,,,,,,,,,,,,,,,,,,,,,,,,,,,,,,,,,,
rsg_object_detection,dropped_oldest,2779,rsg_20260806_180_804900000_002779,dropped,True,fifo_cached_frame,2779,285,0,2492,285,0,1,0.0,116.03768500208389,frame_fifo_full,,,,,,,,,,,,,,,,,,,,,,,,,,,,,,,,,,,,,,,,,,,,,,,,,,,,,,,,,,,,,,
rsg_object_detection,dropped_oldest,2780,rsg_20260806_180_904899999_002780,dropped,True,fifo_cached_frame,2780,285,0,2493,285,0,1,0.0,27.403896994655952,frame_fifo_full,,,,,,,,,,,,,,,,,,,,,,,,,,,,,,,,,,,,,,,,,,,,,,,,,,,,,,,,,,,,,,
rsg_object_detection,dropped_oldest,2781,rsg_20260806_180_954900000_002781,dropped,True,fifo_cached_frame,2781,285,0,2494,285,0,1,0.0,63.64929300616495,frame_fifo_full,,,,,,,,,,,,,,,,,,,,,,,,,,,,,,,,,,,,,,,,,,,,,,,,,,,,,,,,,,,,,,
rsg_object_detection,frame_trace,2771,rsg_20260806_180_204900000_002771,sent_to_hydra,,,,,,,,,,,825.0081180012785,ok,15.334151001297869,689.794541001902,116.03505701350514,0.12418400729075074,115.91087300621439,0.0071359972935169935,2.3153759975684807,0.21137899602763355,299.8501019901596,24.576424999395385,0.00774300133343786,324.64564898691606,169.78355999162886,42.244126991136,10.584685995127074,80.69824999256525,34.189586993306875,121.44278900814243,105.99549299513455,8.335897990036756,3.316080998047255,3.272148998803459,1228.0,398.0,3.0480029818136245,1.0211519984295592,0.32910001755226403,1.3186390133341774,0.9447740012547001,0.0045109918573871255,297.9126220016042,11.588303997996263,0.14360698696691543,53.14009000721853,0.04889302363153547,10.476757001015358,9.770208998816088,0.10693699005059898,0.5996110121486709,4.139230994042009,0.7121800008462742,0.005983005394227803,3.8372329872800037,8,0,7,0,0,,,,,,,,,,,,,,
rsg_object_detection,dropped_oldest,2783,rsg_20260806_181_104899999_002783,dropped,True,fifo_cached_frame,2783,286,0,2495,286,0,1,0.0,96.0617429955164,frame_fifo_full,,,,,,,,,,,,,,,,,,,,,,,,,,,,,,,,,,,,,,,,,,,,,,,,,,,,,,,,,,,,,,
rsg_object_detection,dropped_oldest,2784,rsg_20260806_181_204900000_002784,dropped,True,fifo_cached_frame,2784,286,0,2496,286,0,1,0.0,52.91715900239069,frame_fifo_full,,,,,,,,,,,,,,,,,,,,,,,,,,,,,,,,,,,,,,,,,,,,,,,,,,,,,,,,,,,,,,
rsg_object_detection,dropped_oldest,2785,rsg_20260806_181_254899999_002785,dropped,True,fifo_cached_frame,2785,286,0,2497,286,0,1,0.0,49.010750008164905,frame_fifo_full,,,,,,,,,,,,,,,,,,,,,,,,,,,,,,,,,,,,,,,,,,,,,,,,,,,,,,,,,,,,,,
rsg_object_detection,dropped_oldest,2786,rsg_20260806_181_304900000_002786,dropped,True,fifo_cached_frame,2786,286,0,2498,286,0,1,0.0,50.03951900289394,frame_fifo_full,,,,,,,,,,,,,,,,,,,,,,,,,,,,,,,,,,,,,,,,,,,,,,,,,,,,,,,,,,,,,,
rsg_object_detection,dropped_oldest,2787,rsg_20260806_181_354899999_002787,dropped,True,fifo_cached_frame,2787,286,0,2499,286,0,1,0.0,101.24590899795294,frame_fifo_full,,,,,,,,,,,,,,,,,,,,,,,,,,,,,,,,,,,,,,,,,,,,,,,,,,,,,,,,,,,,,,
rsg_object_detection,dropped_oldest,2788,rsg_20260806_181_454900000_002788,dropped,True,fifo_cached_frame,2788,286,0,2500,286,0,1,0.0,58.125320996623486,frame_fifo_full,,,,,,,,,,,,,,,,,,,,,,,,,,,,,,,,,,,,,,,,,,,,,,,,,,,,,,,,,,,,,,
rsg_object_detection,dropped_oldest,2789,rsg_20260806_181_504899999_002789,dropped,True,fifo_cached_frame,2789,286,0,2501,286,0,1,0.0,50.76436999661382,frame_fifo_full,,,,,,,,,,,,,,,,,,,,,,,,,,,,,,,,,,,,,,,,,,,,,,,,,,,,,,,,,,,,,,
rsg_object_detection,dropped_oldest,2790,rsg_20260806_181_554900000_002790,dropped,True,fifo_cached_frame,2790,286,0,2502,286,0,1,0.0,45.13822299486492,frame_fifo_full,,,,,,,,,,,,,,,,,,,,,,,,,,,,,,,,,,,,,,,,,,,,,,,,,,,,,,,,,,,,,,
rsg_object_detection,dropped_oldest,2791,rsg_20260806_181_604899999_002791,dropped,True,fifo_cached_frame,2791,286,0,2503,286,0,1,0.0,73.46664099895861,frame_fifo_full,,,,,,,,,,,,,,,,,,,,,,,,,,,,,,,,,,,,,,,,,,,,,,,,,,,,,,,,,,,,,,
rsg_object_detection,dropped_oldest,2792,rsg_20260806_181_654899999_002792,dropped,True,fifo_cached_frame,2792,286,0,2504,286,0,1,0.0,21.531655991566367,frame_fifo_full,,,,,,,,,,,,,,,,,,,,,,,,,,,,,,,,,,,,,,,,,,,,,,,,,,,,,,,,,,,,,,
rsg_object_detection,frame_trace,2782,rsg_20260806_181_004899999_002782,sent_to_hydra,,,,,,,,,,,745.1304120040732,ok,9.9629340111278,682.7703489980195,49.772522994317114,0.13132000458426774,49.64120298973285,0.0038709986256435513,1.8572599947219715,0.18322101095691323,372.71970200526994,25.76899300038349,0.007742986781522632,398.67965900339186,133.30414501251653,19.308530987473205,20.280533979530446,56.389685996691696,36.52205197431613,92.94431201124098,77.61108799604699,8.2746859989129,3.450442003668286,3.1737230019643903,875.0,142.0,3.3791190217016265,1.7162779840873554,0.35437598126009107,1.3450679980451241,0.46358699910342693,0.004832007107324898,233.53347599913832,6.5556249901419505,0.14994300727266818,41.95144400000572,0.04294200334697962,5.513097989023663,4.810196987818927,0.1054010062944144,0.5974999949103221,3.785332999541424,0.6597350002266467,0.004768022336065769,2.620735001983121,8,0,7,0,0,,,,,,,,,,,,,,
rsg_object_detection,dropped_oldest,2794,rsg_20260806_181_804900000_002794,dropped,True,fifo_cached_frame,2794,287,0,2505,287,0,1,0.0,98.87981601059437,frame_fifo_full,,,,,,,,,,,,,,,,,,,,,,,,,,,,,,,,,,,,,,,,,,,,,,,,,,,,,,,,,,,,,,
rsg_object_detection,dropped_oldest,2795,rsg_20260806_181_904899999_002795,dropped,True,fifo_cached_frame,2795,287,0,2506,287,0,1,0.0,53.85745799867436,frame_fifo_full,,,,,,,,,,,,,,,,,,,,,,,,,,,,,,,,,,,,,,,,,,,,,,,,,,,,,,,,,,,,,,
rsg_object_detection,dropped_oldest,2796,rsg_20260806_181_954900000_002796,dropped,True,fifo_cached_frame,2796,287,0,2507,287,0,1,0.0,47.25815499841701,frame_fifo_full,,,,,,,,,,,,,,,,,,,,,,,,,,,,,,,,,,,,,,,,,,,,,,,,,,,,,,,,,,,,,,
rsg_object_detection,dropped_oldest,2797,rsg_20260806_182_004899999_002797,dropped,True,fifo_cached_frame,2797,287,0,2508,287,0,1,0.0,101.35067100054584,frame_fifo_full,,,,,,,,,,,,,,,,,,,,,,,,,,,,,,,,,,,,,,,,,,,,,,,,,,,,,,,,,,,,,,
rsg_object_detection,dropped_oldest,2798,rsg_20260806_182_104899999_002798,dropped,True,fifo_cached_frame,2798,287,0,2509,287,0,1,0.0,58.99259498983156,frame_fifo_full,,,,,,,,,,,,,,,,,,,,,,,,,,,,,,,,,,,,,,,,,,,,,,,,,,,,,,,,,,,,,,
rsg_object_detection,dropped_oldest,2799,rsg_20260806_182_154899999_002799,dropped,True,fifo_cached_frame,2799,287,0,2510,287,0,1,0.0,94.6966519986745,frame_fifo_full,,,,,,,,,,,,,,,,,,,,,,,,,,,,,,,,,,,,,,,,,,,,,,,,,,,,,,,,,,,,,,
rsg_object_detection,dropped_oldest,2800,rsg_20260806_182_204900000_002800,dropped,True,fifo_cached_frame,2800,287,0,2511,287,0,1,0.0,26.542578998487443,frame_fifo_full,,,,,,,,,,,,,,,,,,,,,,,,,,,,,,,,,,,,,,,,,,,,,,,,,,,,,,,,,,,,,,
rsg_object_detection,,774,rsg_20260806_54_454880000_000774,vlm_done,,,,,,,,,,,,ok,,,,,,,,,,,,,,,,,,,,,,,,,,,,,,,,,,,,,,,,,,,,,,,,,rsg_obj_000064,rsg_unknown_rsg_20260806_54_454880000_000774_003_nanosam_001,,,19,0.5823920515653931,ceiling_light,0.98,static,0.99,5208.036344003631,127163.00232299545,qwen_http,Qwen3-VL-8B-Instruct-GGUF
rsg_object_detection,completed,774,rsg_20260806_54_454880000_000774,,,,,,,,,,,121954.96415600064,,vlm_done,,,,,,,,,,,,,,,,,,,,,,,,,,,,,,,,,,,,,,,,,,,,,,,,,rsg_obj_000064,rsg_unknown_rsg_20260806_54_454880000_000774_003_nanosam_001,102,300,19,0.5823920515653931,,,,,,,,
rsg_object_detection,dropped_oldest,2801,rsg_20260806_182_254899999_002801,dropped,True,fifo_cached_frame,2801,287,0,2512,287,0,1,0.0,83.23260200268123,frame_fifo_full,,,,,,,,,,,,,,,,,,,,,,,,,,,,,,,,,,,,,,,,,,,,,,,,,,,,,,,,,,,,,,
rsg_object_detection,frame_trace,2793,rsg_20260806_181_704900000_002793,sent_to_hydra,,,,,,,,,,,673.8301959994715,ok,14.55679400532972,570.3505679994123,86.01587900193408,0.14111200289335102,85.87476699904073,0.0035199918784201145,1.3477239990606904,0.20619499264284968,289.16890399705153,32.14303001004737,0.009277995559386909,321.52740699530113,74.3017569911899,17.642968014115468,5.21612299780827,37.39224100718275,13.381506971199997,109.16810900380369,94.33994100254495,7.398517991532572,4.62544200127013,2.7442770078778267,902.0,147.0,4.355537021183409,5.263641010969877,0.35697197017725557,1.368490993627347,0.5167680064914748,0.003934997948817909,195.35024999640882,6.07891999243293,0.14770300185773522,45.848039007978514,0.050525006372481585,9.999860005336814,9.336254006484523,0.09321099787484854,0.5703950009774417,3.8930390001041815,0.6597669998882338,0.004128000000491738,2.903435000916943,8,0,8,0,0,,,,,,,,,,,,,,
rsg_object_detection,dropped_oldest,2803,rsg_20260806_182_404899999_002803,dropped,True,fifo_cached_frame,2803,288,0,2513,288,0,1,0.0,40.17712599306833,frame_fifo_full,,,,,,,,,,,,,,,,,,,,,,,,,,,,,,,,,,,,,,,,,,,,,,,,,,,,,,,,,,,,,,
rsg_object_detection,dequeued,743,rsg_20260806_52_754880000_000743,,,,,,,,,,,124867.04565498803,,fifo_order,,,,,,,,,,,,,,,,,,,,,,,,,,,,,,,,,,,,,,,,,,,,,,,,,rsg_obj_000099,rsg_unknown_rsg_20260806_52_754880000_000743_002_nanosam_005,101,300,3,0.5428868634480158,,,,,,,,
rsg_object_detection,dropped_oldest,2804,rsg_20260806_182_454900000_002804,dropped,True,fifo_cached_frame,2804,288,0,2514,288,0,1,0.0,149.73830500093754,frame_fifo_full,,,,,,,,,,,,,,,,,,,,,,,,,,,,,,,,,,,,,,,,,,,,,,,,,,,,,,,,,,,,,,
rsg_object_detection,dropped_oldest,2805,rsg_20260806_182_604899999_002805,dropped,True,fifo_cached_frame,2805,288,0,2515,288,0,1,0.0,100.79906600003596,frame_fifo_full,,,,,,,,,,,,,,,,,,,,,,,,,,,,,,,,,,,,,,,,,,,,,,,,,,,,,,,,,,,,,,
rsg_object_detection,dropped_oldest,2806,rsg_20260806_182_704900000_002806,dropped,True,fifo_cached_frame,2806,288,0,2516,288,0,1,0.0,69.2206710082246,frame_fifo_full,,,,,,,,,,,,,,,,,,,,,,,,,,,,,,,,,,,,,,,,,,,,,,,,,,,,,,,,,,,,,,
rsg_object_detection,dropped_oldest,2807,rsg_20260806_182_754899999_002807,dropped,True,fifo_cached_frame,2807,288,0,2517,288,0,1,0.0,57.90764400444459,frame_fifo_full,,,,,,,,,,,,,,,,,,,,,,,,,,,,,,,,,,,,,,,,,,,,,,,,,,,,,,,,,,,,,,
rsg_object_detection,dropped_oldest,2808,rsg_20260806_182_804900000_002808,dropped,True,fifo_cached_frame,2808,288,0,2518,289,0,1,0.0,137.81149200804066,frame_fifo_full,,,,,,,,,,,,,,,,,,,,,,,,,,,,,,,,,,,,,,,,,,,,,,,,,,,,,,,,,,,,,,
rsg_object_detection,frame_trace,2802,rsg_20260806_182_354899999_002802,sent_to_hydra,,,,,,,,,,,571.6915810044156,ok,11.40418900467921,515.0043419998838,42.38431800331455,0.12920799781568348,42.255110005498864,0.006079993909224868,5.239643011009321,0.1827409869292751,271.1780749959871,23.067211004672572,0.007455004379153252,294.4354819919681,69.87922301050276,16.514369985088706,4.151678993366659,34.76926902658306,13.852870019036345,93.59301600488834,84.58675799192861,4.223546013236046,2.3373910080408677,2.4001069978112355,776.0,146.0,3.1046730000525713,0.5632929678540677,0.31261800904758275,1.3392130058491603,0.6316729995887727,0.0039040023693814874,169.44553201028612,4.68665300286375,0.15259900828823447,40.987764004967175,0.05666897050105035,6.732447000104003,6.101765000494197,0.095673996838741,0.5350080027710646,4.027589995530434,0.6394810043275356,0.004671004717238247,2.8926520026288927,7,0,7,0,0,,,,,,,,,,,,,,
rsg_object_detection,dropped_oldest,2810,rsg_20260806_183_004899999_002810,dropped,True,fifo_cached_frame,2810,289,0,2519,289,0,1,0.0,39.00158299074974,frame_fifo_full,,,,,,,,,,,,,,,,,,,,,,,,,,,,,,,,,,,,,,,,,,,,,,,,,,,,,,,,,,,,,,
rsg_object_detection,dropped_oldest,2811,rsg_20260806_183_054900000_002811,dropped,True,fifo_cached_frame,2811,289,0,2520,289,0,1,0.0,50.47920800279826,frame_fifo_full,,,,,,,,,,,,,,,,,,,,,,,,,,,,,,,,,,,,,,,,,,,,,,,,,,,,,,,,,,,,,,
rsg_object_detection,dropped_oldest,2812,rsg_20260806_183_104899999_002812,dropped,True,fifo_cached_frame,2812,289,0,2521,289,0,1,0.0,99.41214400168974,frame_fifo_full,,,,,,,,,,,,,,,,,,,,,,,,,,,,,,,,,,,,,,,,,,,,,,,,,,,,,,,,,,,,,,
rsg_object_detection,dropped_oldest,2813,rsg_20260806_183_204900000_002813,dropped,True,fifo_cached_frame,2813,289,0,2522,289,0,1,0.0,51.606274995720014,frame_fifo_full,,,,,,,,,,,,,,,,,,,,,,,,,,,,,,,,,,,,,,,,,,,,,,,,,,,,,,,,,,,,,,
rsg_object_detection,dropped_oldest,2814,rsg_20260806_183_254899999_002814,dropped,True,fifo_cached_frame,2814,289,0,2523,289,0,1,0.0,51.67056299978867,frame_fifo_full,,,,,,,,,,,,,,,,,,,,,,,,,,,,,,,,,,,,,,,,,,,,,,,,,,,,,,,,,,,,,,
rsg_object_detection,dropped_oldest,2815,rsg_20260806_183_304900000_002815,dropped,True,fifo_cached_frame,2815,289,0,2524,289,0,1,0.0,69.27894499676768,frame_fifo_full,,,,,,,,,,,,,,,,,,,,,,,,,,,,,,,,,,,,,,,,,,,,,,,,,,,,,,,,,,,,,,
rsg_object_detection,dropped_oldest,2816,rsg_20260806_183_354899999_002816,dropped,True,fifo_cached_frame,2816,289,0,2525,289,0,1,0.0,34.979148011188954,frame_fifo_full,,,,,,,,,,,,,,,,,,,,,,,,,,,,,,,,,,,,,,,,,,,,,,,,,,,,,,,,,,,,,,
rsg_object_detection,dropped_oldest,2817,rsg_20260806_183_404899999_002817,dropped,True,fifo_cached_frame,2817,289,0,2526,289,0,1,0.0,116.74515999038704,frame_fifo_full,,,,,,,,,,,,,,,,,,,,,,,,,,,,,,,,,,,,,,,,,,,,,,,,,,,,,,,,,,,,,,
rsg_object_detection,frame_trace,2809,rsg_20260806_182_954900000_002809,sent_to_hydra,,,,,,,,,,,568.3647080004448,ok,12.601203998201527,547.4709929985693,5.7661699975142255,0.15957400319166481,5.606595994322561,0.003168010152876377,2.0044839911861345,0.20632399537134916,324.7343760012882,19.275926999398507,0.00816000101622194,344.22478699707426,94.8331399995368,14.822507000644691,4.454603040358052,63.32257701433264,11.638768031843938,57.574710008339025,48.590816993964836,4.176797010586597,2.4321370001416653,2.3316639999393374,735.0,146.0,3.2352859852835536,0.6772370252292603,0.337068981025368,1.3675630034413189,0.4252860089763999,0.005696012522093952,158.472017996246,2.643195999553427,0.15342999540735036,39.923257994814776,0.049820024287328124,8.25347300269641,7.623209006851539,0.0960260076681152,0.5342379881767556,3.679419998661615,0.6631269934587181,0.005184003384783864,2.523172996006906,7,0,7,0,0,,,,,,,,,,,,,,
rsg_object_detection,dropped_oldest,2819,rsg_20260806_183_554900000_002819,dropped,True,fifo_cached_frame,2819,290,0,2527,290,0,1,0.0,137.6295950030908,frame_fifo_full,,,,,,,,,,,,,,,,,,,,,,,,,,,,,,,,,,,,,,,,,,,,,,,,,,,,,,,,,,,,,,
rsg_object_detection,dropped_oldest,2820,rsg_20260806_183_704900000_002820,dropped,True,fifo_cached_frame,2820,290,0,2528,290,0,1,0.0,102.45894000399858,frame_fifo_full,,,,,,,,,,,,,,,,,,,,,,,,,,,,,,,,,,,,,,,,,,,,,,,,,,,,,,,,,,,,,,
rsg_object_detection,dropped_oldest,2821,rsg_20260806_183_804900000_002821,dropped,True,fifo_cached_frame,2821,290,0,2529,290,0,1,0.0,48.79931600589771,frame_fifo_full,,,,,,,,,,,,,,,,,,,,,,,,,,,,,,,,,,,,,,,,,,,,,,,,,,,,,,,,,,,,,,
rsg_object_detection,dropped_oldest,2822,rsg_20260806_183_854899999_002822,dropped,True,fifo_cached_frame,2822,290,0,2530,290,0,1,0.0,81.96440000028815,frame_fifo_full,,,,,,,,,,,,,,,,,,,,,,,,,,,,,,,,,,,,,,,,,,,,,,,,,,,,,,,,,,,,,,
rsg_object_detection,dropped_oldest,2823,rsg_20260806_183_904899999_002823,dropped,True,fifo_cached_frame,2823,290,0,2531,290,0,1,0.0,69.48110900702886,frame_fifo_full,,,,,,,,,,,,,,,,,,,,,,,,,,,,,,,,,,,,,,,,,,,,,,,,,,,,,,,,,,,,,,
rsg_object_detection,dropped_oldest,2824,rsg_20260806_184_004899999_002824,dropped,True,fifo_cached_frame,2824,290,0,2532,290,0,1,0.0,106.26331200182904,frame_fifo_full,,,,,,,,,,,,,,,,,,,,,,,,,,,,,,,,,,,,,,,,,,,,,,,,,,,,,,,,,,,,,,
rsg_object_detection,frame_trace,2818,rsg_20260806_183_504899999_002818,sent_to_hydra,,,,,,,,,,,595.6930899992585,ok,14.16709199838806,541.2976079969667,36.92849900107831,0.14690299576614052,36.78159600531217,0.0030080118449404836,4.889136995188892,0.2132989902747795,289.5275560003938,23.203525008284487,0.007358001312240958,312.9517380002653,76.1106190038845,20.584199010045268,5.1186300261178985,28.569399000843987,21.04941899597179,84.11069899739232,73.5130510001909,3.336082008900121,3.3471530041424558,3.490856004646048,1155.0,400.0,3.348431986523792,2.2298139956546947,0.33802702091634274,1.2572660052683204,0.6294329941738397,0.00415899557992816,168.04528099601157,4.787031997693703,0.1633180072531104,50.41784000059124,0.043261999962851405,9.700167996925302,8.997266995720565,0.11071300832554698,0.5921879928791896,3.831603011349216,0.6304889975581318,0.00483199255540967,3.296882990980521,8,0,7,0,0,,,,,,,,,,,,,,
rsg_object_detection,dropped_oldest,2826,rsg_20260806_184_154899999_002826,dropped,True,fifo_cached_frame,2826,291,0,2533,291,0,1,0.0,53.53425499924924,frame_fifo_full,,,,,,,,,,,,,,,,,,,,,,,,,,,,,,,,,,,,,,,,,,,,,,,,,,,,,,,,,,,,,,
rsg_object_detection,dropped_oldest,2827,rsg_20260806_184_204900000_002827,dropped,True,fifo_cached_frame,2827,291,0,2534,291,0,1,0.0,134.23003899515606,frame_fifo_full,,,,,,,,,,,,,,,,,,,,,,,,,,,,,,,,,,,,,,,,,,,,,,,,,,,,,,,,,,,,,,
rsg_object_detection,dropped_oldest,2828,rsg_20260806_184_354899999_002828,dropped,True,fifo_cached_frame,2828,291,0,2535,291,0,1,0.0,49.47934200754389,frame_fifo_full,,,,,,,,,,,,,,,,,,,,,,,,,,,,,,,,,,,,,,,,,,,,,,,,,,,,,,,,,,,,,,
rsg_object_detection,dropped_oldest,2829,rsg_20260806_184_404899999_002829,dropped,True,fifo_cached_frame,2829,291,0,2536,291,0,1,0.0,58.2101629988756,frame_fifo_full,,,,,,,,,,,,,,,,,,,,,,,,,,,,,,,,,,,,,,,,,,,,,,,,,,,,,,,,,,,,,,
rsg_object_detection,dropped_oldest,2830,rsg_20260806_184_454900000_002830,dropped,True,fifo_cached_frame,2830,291,0,2537,291,0,1,0.0,39.52904501056764,frame_fifo_full,,,,,,,,,,,,,,,,,,,,,,,,,,,,,,,,,,,,,,,,,,,,,,,,,,,,,,,,,,,,,,
rsg_object_detection,dropped_oldest,2831,rsg_20260806_184_504899999_002831,dropped,True,fifo_cached_frame,2831,291,0,2538,291,0,1,0.0,66.04878199868836,frame_fifo_full,,,,,,,,,,,,,,,,,,,,,,,,,,,,,,,,,,,,,,,,,,,,,,,,,,,,,,,,,,,,,,
rsg_object_detection,dropped_oldest,2832,rsg_20260806_184_554900000_002832,dropped,True,fifo_cached_frame,2832,291,0,2539,291,0,1,0.0,31.98487201007083,frame_fifo_full,,,,,,,,,,,,,,,,,,,,,,,,,,,,,,,,,,,,,,,,,,,,,,,,,,,,,,,,,,,,,,
rsg_object_detection,dropped_oldest,2833,rsg_20260806_184_604899999_002833,dropped,True,fifo_cached_frame,2833,291,0,2540,291,0,1,0.0,103.87658899708185,frame_fifo_full,,,,,,,,,,,,,,,,,,,,,,,,,,,,,,,,,,,,,,,,,,,,,,,,,,,,,,,,,,,,,,
rsg_object_detection,frame_trace,2825,rsg_20260806_184_104899999_002825,sent_to_hydra,,,,,,,,,,,677.1023390028859,ok,9.778020001249388,610.5303609947441,53.438645001733676,0.1507740089436993,53.287870992789976,0.003007997293025255,5.09325199527666,0.22753799566999078,335.6627390021458,18.628705001901835,0.007743990863673389,354.5267259905813,89.76143000472803,28.94707400992047,6.484624012955464,35.69856098329183,17.909806003444828,99.19659000297543,86.18798600218724,7.378871989203617,2.4419289984507486,3.141116991173476,1047.0,401.0,2.9872420273022726,0.3518489975249395,0.3097389708273113,1.266930004931055,0.7088849961291999,0.004991990863345563,194.60557401180267,5.045992002123967,0.1639260008232668,51.050669004325755,0.044221989810466766,5.534954005270265,4.890833995887078,0.09973801206797361,0.5443819973152131,3.4778009867295623,0.7604330021422356,0.004832007107324898,3.3523050078656524,7,0,7,0,0,,,,,,,,,,,,,,
rsg_object_detection,dropped_oldest,2835,rsg_20260806_184_804900000_002835,dropped,True,fifo_cached_frame,2835,292,0,2541,292,0,1,0.0,23.364667998976074,frame_fifo_full,,,,,,,,,,,,,,,,,,,,,,,,,,,,,,,,,,,,,,,,,,,,,,,,,,,,,,,,,,,,,,
rsg_object_detection,dropped_oldest,2836,rsg_20260806_184_854899999_002836,dropped,True,fifo_cached_frame,2836,292,0,2542,292,0,1,0.0,43.733874001191,frame_fifo_full,,,,,,,,,,,,,,,,,,,,,,,,,,,,,,,,,,,,,,,,,,,,,,,,,,,,,,,,,,,,,,
rsg_object_detection,dropped_oldest,2837,rsg_20260806_184_904899999_002837,dropped,True,fifo_cached_frame,2837,292,0,2543,292,0,1,0.0,105.51120800664648,frame_fifo_full,,,,,,,,,,,,,,,,,,,,,,,,,,,,,,,,,,,,,,,,,,,,,,,,,,,,,,,,,,,,,,
rsg_object_detection,dropped_oldest,2838,rsg_20260806_185_004899999_002838,dropped,True,fifo_cached_frame,2838,292,0,2544,292,0,1,0.0,55.35529900225811,frame_fifo_full,,,,,,,,,,,,,,,,,,,,,,,,,,,,,,,,,,,,,,,,,,,,,,,,,,,,,,,,,,,,,,
rsg_object_detection,dropped_oldest,2839,rsg_20260806_185_054900000_002839,dropped,True,fifo_cached_frame,2839,292,0,2545,292,0,1,0.0,43.588539003394544,frame_fifo_full,,,,,,,,,,,,,,,,,,,,,,,,,,,,,,,,,,,,,,,,,,,,,,,,,,,,,,,,,,,,,,
rsg_object_detection,dropped_oldest,2840,rsg_20260806_185_104899999_002840,dropped,True,fifo_cached_frame,2840,292,0,2546,292,0,1,0.0,50.27276500186417,frame_fifo_full,,,,,,,,,,,,,,,,,,,,,,,,,,,,,,,,,,,,,,,,,,,,,,,,,,,,,,,,,,,,,,
rsg_object_detection,dropped_oldest,2841,rsg_20260806_185_154899999_002841,dropped,True,fifo_cached_frame,2841,292,0,2547,292,0,1,0.0,68.43561099958606,frame_fifo_full,,,,,,,,,,,,,,,,,,,,,,,,,,,,,,,,,,,,,,,,,,,,,,,,,,,,,,,,,,,,,,
rsg_object_detection,dropped_oldest,2842,rsg_20260806_185_204900000_002842,dropped,True,fifo_cached_frame,2842,292,0,2548,292,0,1,0.0,149.36706800654065,frame_fifo_full,,,,,,,,,,,,,,,,,,,,,,,,,,,,,,,,,,,,,,,,,,,,,,,,,,,,,,,,,,,,,,
rsg_object_detection,dropped_oldest,2843,rsg_20260806_185_354899999_002843,dropped,True,fifo_cached_frame,2843,292,0,2549,292,0,1,0.0,37.999318999936804,frame_fifo_full,,,,,,,,,,,,,,,,,,,,,,,,,,,,,,,,,,,,,,,,,,,,,,,,,,,,,,,,,,,,,,
rsg_object_detection,dropped_oldest,2844,rsg_20260806_185_404899999_002844,dropped,True,fifo_cached_frame,2844,292,0,2550,292,0,1,0.0,91.64621600939427,frame_fifo_full,,,,,,,,,,,,,,,,,,,,,,,,,,,,,,,,,,,,,,,,,,,,,,,,,,,,,,,,,,,,,,
rsg_object_detection,dropped_oldest,2845,rsg_20260806_185_454900000_002845,dropped,True,fifo_cached_frame,2845,292,0,2551,292,0,1,0.0,3.5861150099663064,frame_fifo_full,,,,,,,,,,,,,,,,,,,,,,,,,,,,,,,,,,,,,,,,,,,,,,,,,,,,,,,,,,,,,,
rsg_object_detection,frame_trace,2834,rsg_20260806_184_704900000_002834,sent_to_hydra,,,,,,,,,,,812.5054630072555,ok,18.6317460029386,663.1243250012631,126.01893300598022,0.1259440032299608,125.89298900275026,0.005216003046371043,6.986673004576005,0.20104399300180376,310.09482199442573,21.838649990968406,0.008000017260201275,332.14251599565614,138.33286499720998,27.65784198709298,28.97270601533819,66.39942298352253,14.603737989091314,114.56454699509777,97.98403299646452,9.653932007495314,3.1105599919101223,3.765558998566121,1216.0,401.0,3.697563981404528,0.8840410300763324,0.3517540026223287,1.4294160064309835,0.4162940022069961,0.004768007784150541,259.6984959964175,3.193147000274621,0.1447910035494715,60.904305006260984,0.054396994528360665,13.626615007524379,12.86298299964983,0.11394500324968249,0.649687004624866,4.237851011566818,0.7612009940203279,0.0060789898270741105,4.725242994027212,8,0,8,0,0,,,,,,,,,,,,,,
rsg_object_detection,dropped_oldest,2846,rsg_20260806_185_504899999_002846,dropped,True,fifo_cached_frame,2846,293,0,2552,293,0,1,0.0,58.25211699993815,frame_fifo_full,,,,,,,,,,,,,,,,,,,,,,,,,,,,,,,,,,,,,,,,,,,,,,,,,,,,,,,,,,,,,,
rsg_object_detection,dropped_oldest,2848,rsg_20260806_185_654899999_002848,dropped,True,fifo_cached_frame,2848,293,0,2553,293,0,1,0.0,49.73852999683004,frame_fifo_full,,,,,,,,,,,,,,,,,,,,,,,,,,,,,,,,,,,,,,,,,,,,,,,,,,,,,,,,,,,,,,
rsg_object_detection,dropped_oldest,2849,rsg_20260806_185_704900000_002849,dropped,True,fifo_cached_frame,2849,293,0,2554,293,0,1,0.0,53.8914909993764,frame_fifo_full,,,,,,,,,,,,,,,,,,,,,,,,,,,,,,,,,,,,,,,,,,,,,,,,,,,,,,,,,,,,,,
rsg_object_detection,dropped_oldest,2850,rsg_20260806_185_754899999_002850,dropped,True,fifo_cached_frame,2850,293,0,2555,293,0,1,0.0,99.21147799468599,frame_fifo_full,,,,,,,,,,,,,,,,,,,,,,,,,,,,,,,,,,,,,,,,,,,,,,,,,,,,,,,,,,,,,,
rsg_object_detection,dropped_oldest,2851,rsg_20260806_185_854899999_002851,dropped,True,fifo_cached_frame,2851,293,0,2556,293,0,1,0.0,156.05635399697348,frame_fifo_full,,,,,,,,,,,,,,,,,,,,,,,,,,,,,,,,,,,,,,,,,,,,,,,,,,,,,,,,,,,,,,
rsg_object_detection,dropped_oldest,2852,rsg_20260806_185_954900000_002852,dropped,True,fifo_cached_frame,2852,293,0,2557,293,0,1,0.0,3.307188002509065,frame_fifo_full,,,,,,,,,,,,,,,,,,,,,,,,,,,,,,,,,,,,,,,,,,,,,,,,,,,,,,,,,,,,,,
rsg_object_detection,dropped_oldest,2853,rsg_20260806_186_004899999_002853,dropped,True,fifo_cached_frame,2853,293,0,2558,293,0,1,0.0,66.46460300544277,frame_fifo_full,,,,,,,,,,,,,,,,,,,,,,,,,,,,,,,,,,,,,,,,,,,,,,,,,,,,,,,,,,,,,,
rsg_object_detection,frame_trace,2847,rsg_20260806_185_554900000_002847,sent_to_hydra,,,,,,,,,,,524.5912129903445,ok,13.772589998552576,505.5386930034729,1.5188499965006486,0.1648219913477078,1.3540280051529408,0.0029759976314380765,1.5556159924017265,0.19234100182075053,282.3229950008681,23.656844001379795,0.00799899862613529,306.1801790026948,56.103162016370334,15.779540000949055,4.381202001241036,25.62209899770096,9.709480000310577,69.44320299953688,59.1444779856829,4.685919004259631,2.4729669967200607,3.092737009865232,1064.0,402.0,3.6710380081785843,1.3096809852868319,0.3859579883283004,1.4092889905441552,0.5394870095187798,0.00672000169288367,132.89179999264888,10.205642000073567,0.17781300994101912,54.48111800069455,0.04652500501833856,9.537684003589675,8.8644130009925,0.0945859937928617,0.5786850088043138,3.5044230025960132,0.7246910099638626,0.005791982403025031,3.7581039941869676,7,0,7,0,0,,,,,,,,,,,,,,
rsg_object_detection,dropped_oldest,2854,rsg_20260806_186_054900000_002854,dropped,True,fifo_cached_frame,2854,294,0,2559,294,0,1,0.0,50.18080701120198,frame_fifo_full,,,,,,,,,,,,,,,,,,,,,,,,,,,,,,,,,,,,,,,,,,,,,,,,,,,,,,,,,,,,,,
rsg_object_detection,dropped_oldest,2856,rsg_20260806_186_154899999_002856,dropped,True,fifo_cached_frame,2856,294,0,2560,294,0,1,0.0,47.92699399695266,frame_fifo_full,,,,,,,,,,,,,,,,,,,,,,,,,,,,,,,,,,,,,,,,,,,,,,,,,,,,,,,,,,,,,,
rsg_object_detection,dropped_oldest,2857,rsg_20260806_186_204900000_002857,dropped,True,fifo_cached_frame,2857,294,0,2561,294,0,1,0.0,52.16062199906446,frame_fifo_full,,,,,,,,,,,,,,,,,,,,,,,,,,,,,,,,,,,,,,,,,,,,,,,,,,,,,,,,,,,,,,
rsg_object_detection,dropped_oldest,2858,rsg_20260806_186_254899999_002858,dropped,True,fifo_cached_frame,2858,294,0,2562,294,0,1,0.0,51.29373499948997,frame_fifo_full,,,,,,,,,,,,,,,,,,,,,,,,,,,,,,,,,,,,,,,,,,,,,,,,,,,,,,,,,,,,,,
rsg_object_detection,dropped_oldest,2859,rsg_20260806_186_304900000_002859,dropped,True,fifo_cached_frame,2859,294,0,2563,294,0,1,0.0,51.65732899331488,frame_fifo_full,,,,,,,,,,,,,,,,,,,,,,,,,,,,,,,,,,,,,,,,,,,,,,,,,,,,,,,,,,,,,,
rsg_object_detection,dropped_oldest,2860,rsg_20260806_186_354899999_002860,dropped,True,fifo_cached_frame,2860,294,0,2564,294,0,1,0.0,50.01173399796244,frame_fifo_full,,,,,,,,,,,,,,,,,,,,,,,,,,,,,,,,,,,,,,,,,,,,,,,,,,,,,,,,,,,,,,
rsg_object_detection,dropped_oldest,2861,rsg_20260806_186_404899999_002861,dropped,True,fifo_cached_frame,2861,294,0,2565,294,0,1,0.0,172.74887500389013,frame_fifo_full,,,,,,,,,,,,,,,,,,,,,,,,,,,,,,,,,,,,,,,,,,,,,,,,,,,,,,,,,,,,,,
rsg_object_detection,dropped_oldest,2862,rsg_20260806_186_504899999_002862,dropped,True,fifo_cached_frame,2862,294,0,2566,294,0,1,0.0,9.365727004478686,frame_fifo_full,,,,,,,,,,,,,,,,,,,,,,,,,,,,,,,,,,,,,,,,,,,,,,,,,,,,,,,,,,,,,,
rsg_object_detection,dropped_oldest,2863,rsg_20260806_186_554900000_002863,dropped,True,fifo_cached_frame,2863,294,0,2567,294,0,1,0.0,63.256485998863354,frame_fifo_full,,,,,,,,,,,,,,,,,,,,,,,,,,,,,,,,,,,,,,,,,,,,,,,,,,,,,,,,,,,,,,
rsg_object_detection,dropped_oldest,2864,rsg_20260806_186_604899999_002864,dropped,True,fifo_cached_frame,2864,294,0,2568,294,0,1,0.0,17.78418400499504,frame_fifo_full,,,,,,,,,,,,,,,,,,,,,,,,,,,,,,,,,,,,,,,,,,,,,,,,,,,,,,,,,,,,,,
rsg_object_detection,dropped_oldest,2865,rsg_20260806_186_654899999_002865,dropped,True,fifo_cached_frame,2865,294,0,2569,294,0,1,0.0,65.86330200661905,frame_fifo_full,,,,,,,,,,,,,,,,,,,,,,,,,,,,,,,,,,,,,,,,,,,,,,,,,,,,,,,,,,,,,,
rsg_object_detection,frame_trace,2855,rsg_20260806_186_104899999_002855,sent_to_hydra,,,,,,,,,,,613.9388949959539,ok,12.62107799993828,596.6783589974511,1.031968989991583,0.16229398897849023,0.8696750010130927,0.0037749996408820152,1.4855719928164035,0.1950919977389276,293.298076998326,21.83769400289748,0.008287999662570655,315.339150998625,93.72491300746333,27.797521004686132,7.3304280085721985,38.98914899036754,18.919567999546416,121.0012800002005,105.28781599714421,8.332255005370826,3.452715012826957,3.3540650038048625,1210.0,402.0,3.330963008920662,4.5955239911563694,0.34026699722744524,1.3179990055505186,0.40615099715068936,0.0042239989852532744,224.74032700120006,2.4495130055584013,0.1410469994880259,52.47708699607756,0.045662003685720265,8.180103992344812,7.537102996138856,0.09660200157668442,0.5463989946292713,3.775350996875204,0.6605670059798285,0.005056004738435149,3.603714008932002,8,0,7,0,0,,,,,,,,,,,,,,
rsg_object_detection,dropped_oldest,2867,rsg_20260806_186_804900000_002867,dropped,True,fifo_cached_frame,2867,295,0,2570,295,0,1,0.0,45.34738100483082,frame_fifo_full,,,,,,,,,,,,,,,,,,,,,,,,,,,,,,,,,,,,,,,,,,,,,,,,,,,,,,,,,,,,,,
rsg_object_detection,dropped_oldest,2868,rsg_20260806_186_854899999_002868,dropped,True,fifo_cached_frame,2868,295,0,2571,295,0,1,0.0,53.21652800193988,frame_fifo_full,,,,,,,,,,,,,,,,,,,,,,,,,,,,,,,,,,,,,,,,,,,,,,,,,,,,,,,,,,,,,,
rsg_object_detection,dropped_oldest,2869,rsg_20260806_186_904899999_002869,dropped,True,fifo_cached_frame,2869,295,0,2572,295,0,1,0.0,101.10180199262686,frame_fifo_full,,,,,,,,,,,,,,,,,,,,,,,,,,,,,,,,,,,,,,,,,,,,,,,,,,,,,,,,,,,,,,
rsg_object_detection,,743,rsg_20260806_52_754880000_000743,vlm_failed,,,,,,,,,,,,"{""label"":""unknown_object"",""label_confidence"":0.0,""mobility_class"":""unknown"",""mobility_confidence"":0.0}",,,,,,,,,,,,,,,,,,,,,,,,,,,,,,,,,,,,,,,,,,,,,,,,,rsg_obj_000099,rsg_unknown_rsg_20260806_52_754880000_000743_002_nanosam_005,,,3,0.5428868634480158,unknown_object,0.0,unknown,0.0,4577.206017012941,129444.25400799082,qwen_http,Qwen3-VL-8B-Instruct-GGUF
rsg_object_detection,completed,743,rsg_20260806_52_754880000_000743,,,,,,,,,,,124867.04565498803,,vlm_failed,,,,,,,,,,,,,,,,,,,,,,,,,,,,,,,,,,,,,,,,,,,,,,,,,rsg_obj_000099,rsg_unknown_rsg_20260806_52_754880000_000743_002_nanosam_005,103,300,3,0.5428868634480158,,,,,,,,
rsg_object_detection,dequeued,815,rsg_20260806_56_804879999_000815,,,,,,,,,,,128502.8867660003,,fifo_order,,,,,,,,,,,,,,,,,,,,,,,,,,,,,,,,,,,,,,,,,,,,,,,,,rsg_obj_000101,rsg_unknown_rsg_20260806_56_804879999_000815_003_nanosam_004,102,300,5,0.3868254423664589,,,,,,,,
rsg_object_detection,dropped_oldest,2870,rsg_20260806_187_004899999_002870,dropped,True,fifo_cached_frame,2870,295,0,2573,295,0,1,0.0,114.9605319951661,frame_fifo_full,,,,,,,,,,,,,,,,,,,,,,,,,,,,,,,,,,,,,,,,,,,,,,,,,,,,,,,,,,,,,,
rsg_object_detection,dropped_oldest,2871,rsg_20260806_187_104899999_002871,dropped,True,fifo_cached_frame,2871,295,0,2574,295,0,1,0.0,272.0066439942457,frame_fifo_full,,,,,,,,,,,,,,,,,,,,,,,,,,,,,,,,,,,,,,,,,,,,,,,,,,,,,,,,,,,,,,
rsg_object_detection,dropped_oldest,2872,rsg_20260806_187_154899999_002872,dropped,True,fifo_cached_frame,2872,295,0,2575,295,0,1,0.0,5.9165959974052384,frame_fifo_full,,,,,,,,,,,,,,,,,,,,,,,,,,,,,,,,,,,,,,,,,,,,,,,,,,,,,,,,,,,,,,
rsg_object_detection,dropped_oldest,2873,rsg_20260806_187_204900000_002873,dropped,True,fifo_cached_frame,2873,295,0,2576,295,0,1,0.0,3.551941001205705,frame_fifo_full,,,,,,,,,,,,,,,,,,,,,,,,,,,,,,,,,,,,,,,,,,,,,,,,,,,,,,,,,,,,,,
rsg_object_detection,dropped_oldest,2874,rsg_20260806_187_254899999_002874,dropped,True,fifo_cached_frame,2874,295,0,2577,295,0,1,0.0,3.758072998607531,frame_fifo_full,,,,,,,,,,,,,,,,,,,,,,,,,,,,,,,,,,,,,,,,,,,,,,,,,,,,,,,,,,,,,,
rsg_object_detection,dropped_oldest,2875,rsg_20260806_187_354899999_002875,dropped,True,fifo_cached_frame,2875,295,0,2578,295,0,1,0.0,3.5348870005691424,frame_fifo_full,,,,,,,,,,,,,,,,,,,,,,,,,,,,,,,,,,,,,,,,,,,,,,,,,,,,,,,,,,,,,,
rsg_object_detection,frame_trace,2866,rsg_20260806_186_704900000_002866,sent_to_hydra,,,,,,,,,,,685.6562290049624,ok,29.858674999559298,602.0074289990589,49.14426800678484,0.13896801101509482,49.00529999576975,0.005502995918504894,1.8542220059316605,0.18520400044508278,276.0394390061265,20.52164700580761,0.007775990525260568,296.75406600290444,109.53536197484937,39.950050035258755,10.78317298379261,33.941236019018106,24.000856006750837,104.45948700362351,91.5099160047248,3.5740199964493513,4.749692001496442,4.5742459915345535,1554.0,402.0,3.6585580091923475,1.2847199832322076,0.35406003007665277,1.3283029984449968,0.619384998572059,0.005440000677481294,221.26515400304925,6.531214006827213,0.16591000894550234,75.39420900866389,0.042653962736949325,25.339017010992393,20.393338010762818,0.10658500832505524,4.8390939919045195,3.707932002726011,0.8072139899013564,0.004511995939537883,4.640354003640823,8,0,8,0,0,,,,,,,,,,,,,,
rsg_object_detection,dropped_oldest,2877,rsg_20260806_187_454900000_002877,dropped,True,fifo_cached_frame,2877,296,0,2579,296,0,1,0.0,23.85565200529527,frame_fifo_full,,,,,,,,,,,,,,,,,,,,,,,,,,,,,,,,,,,,,,,,,,,,,,,,,,,,,,,,,,,,,,
rsg_object_detection,dropped_oldest,2878,rsg_20260806_187_504899999_002878,dropped,True,fifo_cached_frame,2878,296,0,2580,296,0,1,0.0,56.31291899771895,frame_fifo_full,,,,,,,,,,,,,,,,,,,,,,,,,,,,,,,,,,,,,,,,,,,,,,,,,,,,,,,,,,,,,,
rsg_object_detection,dropped_oldest,2879,rsg_20260806_187_554900000_002879,dropped,True,fifo_cached_frame,2879,296,0,2581,296,0,1,0.0,43.40270500688348,frame_fifo_full,,,,,,,,,,,,,,,,,,,,,,,,,,,,,,,,,,,,,,,,,,,,,,,,,,,,,,,,,,,,,,
rsg_object_detection,dropped_oldest,2880,rsg_20260806_187_604899999_002880,dropped,True,fifo_cached_frame,2880,296,0,2582,296,0,1,0.0,51.83812198811211,frame_fifo_full,,,,,,,,,,,,,,,,,,,,,,,,,,,,,,,,,,,,,,,,,,,,,,,,,,,,,,,,,,,,,,
rsg_object_detection,dropped_oldest,2881,rsg_20260806_187_654899999_002881,dropped,True,fifo_cached_frame,2881,296,0,2583,296,0,1,0.0,49.28675900737289,frame_fifo_full,,,,,,,,,,,,,,,,,,,,,,,,,,,,,,,,,,,,,,,,,,,,,,,,,,,,,,,,,,,,,,
rsg_object_detection,dropped_oldest,2882,rsg_20260806_187_704900000_002882,dropped,True,fifo_cached_frame,2882,296,0,2584,296,0,1,0.0,99.26099599397276,frame_fifo_full,,,,,,,,,,,,,,,,,,,,,,,,,,,,,,,,,,,,,,,,,,,,,,,,,,,,,,,,,,,,,,
rsg_object_detection,dropped_oldest,2883,rsg_20260806_187_804900000_002883,dropped,True,fifo_cached_frame,2883,296,0,2585,296,0,1,0.0,68.63913600682281,frame_fifo_full,,,,,,,,,,,,,,,,,,,,,,,,,,,,,,,,,,,,,,,,,,,,,,,,,,,,,,,,,,,,,,
rsg_object_detection,dropped_oldest,2884,rsg_20260806_187_854899999_002884,dropped,True,fifo_cached_frame,2884,296,0,2586,296,0,1,0.0,82.5957820052281,frame_fifo_full,,,,,,,,,,,,,,,,,,,,,,,,,,,,,,,,,,,,,,,,,,,,,,,,,,,,,,,,,,,,,,
rsg_object_detection,dropped_oldest,2885,rsg_20260806_187_904899999_002885,dropped,True,fifo_cached_frame,2885,296,0,2587,296,0,1,0.0,31.438066012924537,frame_fifo_full,,,,,,,,,,,,,,,,,,,,,,,,,,,,,,,,,,,,,,,,,,,,,,,,,,,,,,,,,,,,,,
rsg_object_detection,dropped_oldest,2886,rsg_20260806_187_954900000_002886,dropped,True,fifo_cached_frame,2886,296,0,2588,296,0,1,0.0,23.975964009878226,frame_fifo_full,,,,,,,,,,,,,,,,,,,,,,,,,,,,,,,,,,,,,,,,,,,,,,,,,,,,,,,,,,,,,,
rsg_object_detection,dropped_oldest,2887,rsg_20260806_188_004899999_002887,dropped,True,fifo_cached_frame,2887,296,0,2589,296,0,1,0.0,99.17572200356517,frame_fifo_full,,,,,,,,,,,,,,,,,,,,,,,,,,,,,,,,,,,,,,,,,,,,,,,,,,,,,,,,,,,,,,
rsg_object_detection,frame_trace,2876,rsg_20260806_187_404899999_002876,sent_to_hydra,,,,,,,,,,,707.4486920027994,ok,13.857611003913917,623.1793179904344,65.6686310103396,0.12165600492153317,65.54697500541806,0.004927991540171206,5.838905010023154,0.20782799401786178,328.33739698980935,16.624641008093022,0.00774300133343786,345.17760899325367,71.08362499275245,25.321193999843672,4.793081971001811,29.105698005878367,11.119634975329973,122.37330200150609,106.61411200999282,8.42124200426042,3.052837011637166,4.204830009257421,1511.0,404.0,3.674590989248827,0.7776479906169698,0.34333903749939054,1.2577779998537153,0.4236220120219514,0.004960005753673613,199.95505599945318,3.170204989146441,0.29054199694655836,68.69849300710484,0.04850799450650811,9.441467002034187,8.76464499742724,0.0952260015765205,0.5815960030304268,3.7506170046981424,0.6610149866901338,0.004512010491453111,4.738204006571323,8,0,8,0,0,,,,,,,,,,,,,,
rsg_object_detection,dropped_oldest,2888,rsg_20260806_188_054900000_002888,dropped,True,fifo_cached_frame,2888,296,0,2590,297,0,1,0.0,64.33249000110663,frame_fifo_full,,,,,,,,,,,,,,,,,,,,,,,,,,,,,,,,,,,,,,,,,,,,,,,,,,,,,,,,,,,,,,
rsg_object_detection,dropped_oldest,2890,rsg_20260806_188_204900000_002890,dropped,True,fifo_cached_frame,2890,297,0,2591,297,0,1,0.0,49.44994900142774,frame_fifo_full,,,,,,,,,,,,,,,,,,,,,,,,,,,,,,,,,,,,,,,,,,,,,,,,,,,,,,,,,,,,,,
rsg_object_detection,dropped_oldest,2891,rsg_20260806_188_254899999_002891,dropped,True,fifo_cached_frame,2891,297,0,2592,297,0,1,0.0,51.44775098597165,frame_fifo_full,,,,,,,,,,,,,,,,,,,,,,,,,,,,,,,,,,,,,,,,,,,,,,,,,,,,,,,,,,,,,,
rsg_object_detection,dropped_oldest,2892,rsg_20260806_188_304900000_002892,dropped,True,fifo_cached_frame,2892,297,0,2593,297,0,1,0.0,48.29024900391232,frame_fifo_full,,,,,,,,,,,,,,,,,,,,,,,,,,,,,,,,,,,,,,,,,,,,,,,,,,,,,,,,,,,,,,
rsg_object_detection,dropped_oldest,2893,rsg_20260806_188_354899999_002893,dropped,True,fifo_cached_frame,2893,297,0,2594,297,0,1,0.0,98.78295399539638,frame_fifo_full,,,,,,,,,,,,,,,,,,,,,,,,,,,,,,,,,,,,,,,,,,,,,,,,,,,,,,,,,,,,,,
rsg_object_detection,dropped_oldest,2894,rsg_20260806_188_454900000_002894,dropped,True,fifo_cached_frame,2894,297,0,2595,297,0,1,0.0,149.71294399583712,frame_fifo_full,,,,,,,,,,,,,,,,,,,,,,,,,,,,,,,,,,,,,,,,,,,,,,,,,,,,,,,,,,,,,,
rsg_object_detection,dropped_oldest,2895,rsg_20260806_188_554900000_002895,dropped,True,fifo_cached_frame,2895,297,0,2596,297,0,1,0.0,21.89804700901732,frame_fifo_full,,,,,,,,,,,,,,,,,,,,,,,,,,,,,,,,,,,,,,,,,,,,,,,,,,,,,,,,,,,,,,
rsg_object_detection,dropped_oldest,2896,rsg_20260806_188_604899999_002896,dropped,True,fifo_cached_frame,2896,297,0,2597,297,0,1,0.0,352.37108399451245,frame_fifo_full,,,,,,,,,,,,,,,,,,,,,,,,,,,,,,,,,,,,,,,,,,,,,,,,,,,,,,,,,,,,,,
rsg_object_detection,dropped_oldest,2897,rsg_20260806_188_704900000_002897,dropped,True,fifo_cached_frame,2897,297,0,2598,297,0,1,0.0,9.092113003134727,frame_fifo_full,,,,,,,,,,,,,,,,,,,,,,,,,,,,,,,,,,,,,,,,,,,,,,,,,,,,,,,,,,,,,,
rsg_object_detection,dropped_oldest,2898,rsg_20260806_188_754899999_002898,dropped,True,fifo_cached_frame,2898,297,0,2599,297,0,1,0.0,8.6980899941409,frame_fifo_full,,,,,,,,,,,,,,,,,,,,,,,,,,,,,,,,,,,,,,,,,,,,,,,,,,,,,,,,,,,,,,
rsg_object_detection,dropped_oldest,2899,rsg_20260806_188_804900000_002899,dropped,True,fifo_cached_frame,2899,297,0,2600,297,0,1,0.0,8.73421500728,frame_fifo_full,,,,,,,,,,,,,,,,,,,,,,,,,,,,,,,,,,,,,,,,,,,,,,,,,,,,,,,,,,,,,,
rsg_object_detection,dropped_oldest,2900,rsg_20260806_188_854899999_002900,dropped,True,fifo_cached_frame,2900,297,0,2601,297,0,1,0.0,7.851934002246708,frame_fifo_full,,,,,,,,,,,,,,,,,,,,,,,,,,,,,,,,,,,,,,,,,,,,,,,,,,,,,,,,,,,,,,
rsg_object_detection,dropped_oldest,2901,rsg_20260806_188_954900000_002901,dropped,True,fifo_cached_frame,2901,297,0,2602,297,0,1,0.0,3.3633130078669637,frame_fifo_full,,,,,,,,,,,,,,,,,,,,,,,,,,,,,,,,,,,,,,,,,,,,,,,,,,,,,,,,,,,,,,
rsg_object_detection,dropped_oldest,2902,rsg_20260806_189_004899999_002902,dropped,True,fifo_cached_frame,2902,297,0,2603,297,0,1,0.0,116.11081700539216,frame_fifo_full,,,,,,,,,,,,,,,,,,,,,,,,,,,,,,,,,,,,,,,,,,,,,,,,,,,,,,,,,,,,,,
rsg_object_detection,dropped_oldest,2903,rsg_20260806_189_054900000_002903,dropped,True,fifo_cached_frame,2903,297,0,2604,297,0,1,0.0,3.5208720073569566,frame_fifo_full,,,,,,,,,,,,,,,,,,,,,,,,,,,,,,,,,,,,,,,,,,,,,,,,,,,,,,,,,,,,,,
rsg_object_detection,frame_trace,2889,rsg_20260806_188_154899999_002889,sent_to_hydra,,,,,,,,,,,972.243324998999,ok,18.64266299526207,945.045956003014,1.6214999923249707,0.16434199642390013,1.4571579959010705,0.004191999323666096,1.507491004304029,0.22987299598753452,294.5296079997206,24.90026201121509,0.009343988494947553,319.6690869954182,61.93885001994204,16.218713004491292,4.633251985069364,31.123880995437503,9.444283990887925,467.8980330063496,450.49366299645044,9.793702003662474,3.0788510048296303,4.483789001824334,1801.0,407.0,3.587426006561145,0.8165269973687828,0.3221899678464979,1.6470029950141907,0.5878359952475876,0.004351997631601989,536.8181189987808,5.308409992721863,0.13631100591737777,81.55738899949938,0.04914900637231767,12.701651998213492,12.071866993210278,0.0994180009001866,0.5303670041030273,3.6477440007729456,2.287091003381647,0.006175992893986404,6.929014009074308,8,0,8,0,0,,,,,,,,,,,,,,
rsg_object_detection,dropped_oldest,2905,rsg_20260806_189_204900000_002905,dropped,True,fifo_cached_frame,2905,298,0,2605,298,0,1,0.0,42.87502900115214,frame_fifo_full,,,,,,,,,,,,,,,,,,,,,,,,,,,,,,,,,,,,,,,,,,,,,,,,,,,,,,,,,,,,,,
rsg_object_detection,dropped_oldest,2906,rsg_20260806_189_254899999_002906,dropped,True,fifo_cached_frame,2906,298,0,2606,298,0,1,0.0,104.63265200087335,frame_fifo_full,,,,,,,,,,,,,,,,,,,,,,,,,,,,,,,,,,,,,,,,,,,,,,,,,,,,,,,,,,,,,,
rsg_object_detection,dropped_oldest,2907,rsg_20260806_189_354899999_002907,dropped,True,fifo_cached_frame,2907,298,0,2607,298,0,1,0.0,50.41418698965572,frame_fifo_full,,,,,,,,,,,,,,,,,,,,,,,,,,,,,,,,,,,,,,,,,,,,,,,,,,,,,,,,,,,,,,
rsg_object_detection,dropped_oldest,2908,rsg_20260806_189_404899999_002908,dropped,True,fifo_cached_frame,2908,298,0,2608,298,0,1,0.0,49.89169100008439,frame_fifo_full,,,,,,,,,,,,,,,,,,,,,,,,,,,,,,,,,,,,,,,,,,,,,,,,,,,,,,,,,,,,,,
rsg_object_detection,dropped_oldest,2909,rsg_20260806_189_454900000_002909,dropped,True,fifo_cached_frame,2909,298,0,2609,298,0,1,0.0,61.2848789896816,frame_fifo_full,,,,,,,,,,,,,,,,,,,,,,,,,,,,,,,,,,,,,,,,,,,,,,,,,,,,,,,,,,,,,,
rsg_object_detection,dropped_oldest,2910,rsg_20260806_189_504899999_002910,dropped,True,fifo_cached_frame,2910,298,0,2610,298,0,1,0.0,36.970948000089265,frame_fifo_full,,,,,,,,,,,,,,,,,,,,,,,,,,,,,,,,,,,,,,,,,,,,,,,,,,,,,,,,,,,,,,
rsg_object_detection,dropped_oldest,2911,rsg_20260806_189_554900000_002911,dropped,True,fifo_cached_frame,2911,298,0,2611,298,0,1,0.0,48.78839899902232,frame_fifo_full,,,,,,,,,,,,,,,,,,,,,,,,,,,,,,,,,,,,,,,,,,,,,,,,,,,,,,,,,,,,,,
rsg_object_detection,dropped_oldest,2912,rsg_20260806_189_604899999_002912,dropped,True,fifo_cached_frame,2912,298,0,2612,298,0,1,0.0,60.18017900350969,frame_fifo_full,,,,,,,,,,,,,,,,,,,,,,,,,,,,,,,,,,,,,,,,,,,,,,,,,,,,,,,,,,,,,,
rsg_object_detection,dropped_oldest,2913,rsg_20260806_189_654899999_002913,dropped,True,fifo_cached_frame,2913,298,0,2613,298,0,1,0.0,113.97966201184317,frame_fifo_full,,,,,,,,,,,,,,,,,,,,,,,,,,,,,,,,,,,,,,,,,,,,,,,,,,,,,,,,,,,,,,
rsg_object_detection,dropped_oldest,2914,rsg_20260806_189_754899999_002914,dropped,True,fifo_cached_frame,2914,298,0,2614,298,0,1,0.0,24.995457992190495,frame_fifo_full,,,,,,,,,,,,,,,,,,,,,,,,,,,,,,,,,,,,,,,,,,,,,,,,,,,,,,,,,,,,,,
rsg_object_detection,frame_trace,2904,rsg_20260806_189_104899999_002904,sent_to_hydra,,,,,,,,,,,767.227472999366,ok,10.361445005401038,678.1103560060728,72.8975999954855,0.13954300084151328,72.758056994644,0.004671994247473776,5.864599996129982,0.3707290015881881,309.3229679943761,26.262676998157986,0.008287999662570655,335.96466199378483,127.66071000078227,17.08695199340582,22.011929002474062,75.60719999310095,12.285741002415307,116.54798500239849,104.56910300126765,3.8034149911254644,3.266008003265597,4.452110995771363,1832.0,409.0,3.679900983115658,2.167836995795369,0.3490990202408284,1.2943210022058338,0.426694008638151,0.005664012860506773,252.1516970009543,6.592843012185767,0.14101499982643872,77.35167001374066,0.04386898945085704,6.235426000785083,5.490831012139097,0.08901899855118245,0.6555759900948033,3.504520995193161,0.6161549972603098,0.005343012162484229,5.853399998159148,8,0,7,0,0,,,,,,,,,,,,,,
rsg_object_detection,dropped_oldest,2915,rsg_20260806_189_804900000_002915,dropped,True,fifo_cached_frame,2915,299,0,2615,299,0,1,0.0,158.2770729874028,frame_fifo_full,,,,,,,,,,,,,,,,,,,,,,,,,,,,,,,,,,,,,,,,,,,,,,,,,,,,,,,,,,,,,,
rsg_object_detection,dropped_oldest,2917,rsg_20260806_190_004899999_002917,dropped,True,fifo_cached_frame,2917,299,0,2616,299,0,1,0.0,49.196085004950874,frame_fifo_full,,,,,,,,,,,,,,,,,,,,,,,,,,,,,,,,,,,,,,,,,,,,,,,,,,,,,,,,,,,,,,
rsg_object_detection,dropped_oldest,2918,rsg_20260806_190_054900000_002918,dropped,True,fifo_cached_frame,2918,299,0,2617,299,0,1,0.0,51.04713900072966,frame_fifo_full,,,,,,,,,,,,,,,,,,,,,,,,,,,,,,,,,,,,,,,,,,,,,,,,,,,,,,,,,,,,,,
rsg_object_detection,dropped_oldest,2919,rsg_20260806_190_104899999_002919,dropped,True,fifo_cached_frame,2919,299,0,2618,299,0,1,0.0,101.08291800133884,frame_fifo_full,,,,,,,,,,,,,,,,,,,,,,,,,,,,,,,,,,,,,,,,,,,,,,,,,,,,,,,,,,,,,,
rsg_object_detection,dropped_oldest,2920,rsg_20260806_190_204900000_002920,dropped,True,fifo_cached_frame,2920,299,0,2619,299,0,1,0.0,51.84059600287583,frame_fifo_full,,,,,,,,,,,,,,,,,,,,,,,,,,,,,,,,,,,,,,,,,,,,,,,,,,,,,,,,,,,,,,
rsg_object_detection,dropped_oldest,2921,rsg_20260806_190_254899999_002921,dropped,True,fifo_cached_frame,2921,299,0,2620,299,0,1,0.0,203.08874000329524,frame_fifo_full,,,,,,,,,,,,,,,,,,,,,,,,,,,,,,,,,,,,,,,,,,,,,,,,,,,,,,,,,,,,,,
rsg_object_detection,dropped_oldest,2922,rsg_20260806_190_304900000_002922,dropped,True,fifo_cached_frame,2922,299,0,2621,299,0,1,0.0,4.859317996306345,frame_fifo_full,,,,,,,,,,,,,,,,,,,,,,,,,,,,,,,,,,,,,,,,,,,,,,,,,,,,,,,,,,,,,,
rsg_object_detection,dropped_oldest,2923,rsg_20260806_190_454900000_002923,dropped,True,fifo_cached_frame,2923,299,0,2622,299,0,1,0.0,86.50366000074428,frame_fifo_full,,,,,,,,,,,,,,,,,,,,,,,,,,,,,,,,,,,,,,,,,,,,,,,,,,,,,,,,,,,,,,
rsg_object_detection,dropped_oldest,2924,rsg_20260806_190_504899999_002924,dropped,True,fifo_cached_frame,2924,299,0,2623,299,0,1,0.0,3.575780996470712,frame_fifo_full,,,,,,,,,,,,,,,,,,,,,,,,,,,,,,,,,,,,,,,,,,,,,,,,,,,,,,,,,,,,,,
rsg_object_detection,frame_trace,2916,rsg_20260806_189_954900000_002916,sent_to_hydra,,,,,,,,,,,604.5138140034396,ok,20.942684001056477,577.6138939982047,1.353612999082543,0.17042200488504022,1.1831909941975027,0.008543007425032556,1.5302740066545084,0.17595800454728305,286.2095739983488,22.041592994355597,0.006016009137965739,308.43314100638963,65.8135670091724,18.02721399872098,5.112039987579919,16.63971498783212,25.331150987767614,116.62110999168362,103.29386300873011,5.299163007293828,3.559270000550896,3.9880440017441288,1494.0,410.0,4.341014995588921,8.480151009280235,0.45878899982199073,1.24273999244906,0.5892429908271879,0.00384000304620713,197.56779799354263,3.2301059982273728,0.13020000187680125,66.6766830108827,0.0456919806310907,16.456751007353887,14.359792010509409,0.09749799210112542,1.9994610047433525,3.8099750090623274,0.6705510022584349,0.005406982381828129,4.595079997670837,8,0,7,0,0,,,,,,,,,,,,,,
rsg_object_detection,dropped_oldest,2925,rsg_20260806_190_554900000_002925,dropped,True,fifo_cached_frame,2925,299,0,2624,300,0,1,0.0,60.80990599002689,frame_fifo_full,,,,,,,,,,,,,,,,,,,,,,,,,,,,,,,,,,,,,,,,,,,,,,,,,,,,,,,,,,,,,,
rsg_object_detection,frame_trace,2926,rsg_20260806_190_604899999_002926,sent_to_hydra,,,,,,,,,,,560.1091999997152,ok,10.031512996647507,543.8181670033373,1.6129569994518533,0.165174002177082,1.4477829972747713,0.005727997631765902,1.6049900004873052,0.19554000755306333,297.2365070017986,22.260875994106755,0.008287999662570655,319.701211003121,51.55360803473741,17.05066501745023,4.59712601150386,17.16458098962903,12.228563035023399,88.50856000208296,76.664038002491,3.63622501026839,3.4408130013616756,4.279033993952908,1800.0,410.0,3.0377030197996646,0.5458249797811732,0.3150199627270922,1.1505849979585037,0.4105669941054657,0.004895991878584027,145.54266699997243,2.665275998879224,0.1618779933778569,74.07914100622293,0.06300400127656758,5.30549899849575,4.52381900686305,0.11650499072857201,0.665175000904128,4.124867002246901,0.5958670080872253,0.005279987817630172,4.6408350026467815,8,0,7,0,0,,,,,,,,,,,,,,
rsg_object_detection,,815,rsg_20260806_56_804879999_000815,vlm_failed,,,,,,,,,,,,"{""label"":""unknown_object"",""label_confidence"":0.0,""mobility_class"":""unknown"",""mobility_confidence"":0.0}",,,,,,,,,,,,,,,,,,,,,,,,,,,,,,,,,,,,,,,,,,,,,,,,,rsg_obj_000101,rsg_unknown_rsg_20260806_56_804879999_000815_003_nanosam_004,,,5,0.3868254423664589,unknown_object,0.0,unknown,0.0,4334.366156996111,132837.2551950015,qwen_http,Qwen3-VL-8B-Instruct-GGUF
rsg_object_detection,completed,815,rsg_20260806_56_804879999_000815,,,,,,,,,,,128502.8867660003,,vlm_failed,,,,,,,,,,,,,,,,,,,,,,,,,,,,,,,,,,,,,,,,,,,,,,,,,rsg_obj_000101,rsg_unknown_rsg_20260806_56_804879999_000815_003_nanosam_004,103,300,5,0.3868254423664589,,,,,,,,
rsg_object_detection,dequeued,884,rsg_20260806_61_254880000_000884,,,,,,,,,,,129711.10416699958,,fifo_order,,,,,,,,,,,,,,,,,,,,,,,,,,,,,,,,,,,,,,,,,,,,,,,,,rsg_obj_000106,rsg_unknown_rsg_20260806_61_254880000_000884_002_nanosam_007,102,300,12,0.6131778922796817,,,,,,,,
rsg_object_detection,,884,rsg_20260806_61_254880000_000884,vlm_failed,,,,,,,,,,,,"{""label"":""unknown_object"",""label_confidence"":0.0,""mobility_class"":""unknown"",""mobility_confidence"":0.0}",,,,,,,,,,,,,,,,,,,,,,,,,,,,,,,,,,,,,,,,,,,,,,,,,rsg_obj_000106,rsg_unknown_rsg_20260806_61_254880000_000884_002_nanosam_007,,,12,0.6131778922796817,unknown_object,0.0,unknown,0.0,4088.044295000145,133799.15047799295,qwen_http,Qwen3-VL-8B-Instruct-GGUF
rsg_object_detection,completed,884,rsg_20260806_61_254880000_000884,,,,,,,,,,,129711.10416699958,,vlm_failed,,,,,,,,,,,,,,,,,,,,,,,,,,,,,,,,,,,,,,,,,,,,,,,,,rsg_obj_000106,rsg_unknown_rsg_20260806_61_254880000_000884_002_nanosam_007,102,300,12,0.6131778922796817,,,,,,,,
rsg_object_detection,dequeued,884,rsg_20260806_61_254880000_000884,,,,,,,,,,,133199.51492799737,,fifo_order,,,,,,,,,,,,,,,,,,,,,,,,,,,,,,,,,,,,,,,,,,,,,,,,,rsg_obj_000112,rsg_unknown_rsg_20260806_61_254880000_000884_006_nanosam_003,101,300,5,0.6788215231173604,,,,,,,,
